action,reason,source_path,kept_path,date,image_index,format,width,height
kept,,D:\FR\IGD\IPCC internship\output\bbc\bbc_images\bbc_images_dataviz\bbc_2013-09-23_c9w15nggj58o_img02.png,D:\FR\IGD\IPCC internship\output\bbc\bbc_images\bbc_images_dataviz\bbc_2013-09-23_c9w15nggj58o_img02.png,2013-09-23,2,PNG,1920,1920
kept,,D:\FR\IGD\IPCC internship\output\bbc\bbc_images\bbc_images_dataviz\bbc_2013-09-23_c9w15nggj58o_img03.png,D:\FR\IGD\IPCC internship\output\bbc\bbc_images\bbc_images_dataviz\bbc_2013-09-23_c9w15nggj58o_img03.png,2013-09-23,3,PNG,1920,1650
kept,,D:\FR\IGD\IPCC internship\output\bbc\bbc_images\bbc_images_dataviz\bbc_2013-09-23_c9w15nggj58o_img06.png,D:\FR\IGD\IPCC internship\output\bbc\bbc_images\bbc_images_dataviz\bbc_2013-09-23_c9w15nggj58o_img06.png,2013-09-23,6,PNG,1920,1800
kept,,D:\FR\IGD\IPCC internship\output\bbc\bbc_images\bbc_images_dataviz\bbc_2016-01-20_science-environment-35354579_img01.jpg,D:\FR\IGD\IPCC internship\output\bbc\bbc_images\bbc_images_dataviz\bbc_2016-01-20_science-environment-35354579_img01.jpg,2016-01-20,1,JPEG,976,549
kept,,D:\FR\IGD\IPCC internship\output\bbc\bbc_images\bbc_images_dataviz\bbc_2016-05-16_science-environment-36303046_img01.jpg,D:\FR\IGD\IPCC internship\output\bbc\bbc_images\bbc_images_dataviz\bbc_2016-05-16_science-environment-36303046_img01.jpg,2016-05-16,1,JPEG,640,410
kept,,D:\FR\IGD\IPCC internship\output\bbc\bbc_images\bbc_images_dataviz\bbc_2017-12-30_cz913gxlw3jo_img02.png,D:\FR\IGD\IPCC internship\output\bbc\bbc_images\bbc_images_dataviz\bbc_2017-12-30_cz913gxlw3jo_img02.png,2017-12-30,2,PNG,1280,990
kept,,D:\FR\IGD\IPCC internship\output\bbc\bbc_images\bbc_images_dataviz\bbc_2017-12-30_cz913gxlw3jo_img05.png,D:\FR\IGD\IPCC internship\output\bbc\bbc_images\bbc_images_dataviz\bbc_2017-12-30_cz913gxlw3jo_img05.png,2017-12-30,5,PNG,1280,1280
kept,,D:\FR\IGD\IPCC internship\output\bbc\bbc_images\bbc_images_dataviz\bbc_2018-10-01_science-environment-45653099_img06.png,D:\FR\IGD\IPCC internship\output\bbc\bbc_images\bbc_images_dataviz\bbc_2018-10-01_science-environment-45653099_img06.png,2018-10-01,6,PNG,1294,1072
kept,,D:\FR\IGD\IPCC internship\output\bbc\bbc_images\bbc_images_dataviz\bbc_2018-10-08_science-environment-45784892_img03.png,D:\FR\IGD\IPCC internship\output\bbc\bbc_images\bbc_images_dataviz\bbc_2018-10-08_science-environment-45784892_img03.png,2018-10-08,3,PNG,640,640
kept,,D:\FR\IGD\IPCC internship\output\bbc\bbc_images\bbc_images_dataviz\bbc_2019-10-30_science-environment-50236882_img02.png,D:\FR\IGD\IPCC internship\output\bbc\bbc_images\bbc_images_dataviz\bbc_2019-10-30_science-environment-50236882_img02.png,2019-10-30,2,PNG,640,561
kept,,D:\FR\IGD\IPCC internship\output\bbc\bbc_images\bbc_images_dataviz\bbc_2019-10-30_science-environment-50236882_img05.png,D:\FR\IGD\IPCC internship\output\bbc\bbc_images\bbc_images_dataviz\bbc_2019-10-30_science-environment-50236882_img05.png,2019-10-30,5,PNG,640,561
kept,,D:\FR\IGD\IPCC internship\output\bbc\bbc_images\bbc_images_dataviz\bbc_2019-11-15_science-environment-50438611_img03.png,D:\FR\IGD\IPCC internship\output\bbc\bbc_images\bbc_images_dataviz\bbc_2019-11-15_science-environment-50438611_img03.png,2019-11-15,3,PNG,640,534
kept,,D:\FR\IGD\IPCC internship\output\bbc\bbc_images\bbc_images_dataviz\bbc_2019-11-15_science-environment-50438611_img04.png,D:\FR\IGD\IPCC internship\output\bbc\bbc_images\bbc_images_dataviz\bbc_2019-11-15_science-environment-50438611_img04.png,2019-11-15,4,PNG,640,469
kept,,D:\FR\IGD\IPCC internship\output\bbc\bbc_images\bbc_images_dataviz\bbc_2020-02-14_science-environment-51283716_img02.png,D:\FR\IGD\IPCC internship\output\bbc\bbc_images\bbc_images_dataviz\bbc_2020-02-14_science-environment-51283716_img02.png,2020-02-14,2,PNG,976,799
kept,,D:\FR\IGD\IPCC internship\output\bbc\bbc_images\bbc_images_dataviz\bbc_2021-04-30_science-environment-56935097_img05.jpg,D:\FR\IGD\IPCC internship\output\bbc\bbc_images\bbc_images_dataviz\bbc_2021-04-30_science-environment-56935097_img05.jpg,2021-04-30,5,JPEG,976,611
kept,,D:\FR\IGD\IPCC internship\output\bbc\bbc_images\bbc_images_dataviz\bbc_2021-08-09_cy4dgp1p3p1o_img02.png,D:\FR\IGD\IPCC internship\output\bbc\bbc_images\bbc_images_dataviz\bbc_2021-08-09_cy4dgp1p3p1o_img02.png,2021-08-09,2,PNG,1280,794
kept,,D:\FR\IGD\IPCC internship\output\bbc\bbc_images\bbc_images_dataviz\bbc_2021-08-09_science-environment-58138714_img02.png,D:\FR\IGD\IPCC internship\output\bbc\bbc_images\bbc_images_dataviz\bbc_2021-08-09_science-environment-58138714_img02.png,2021-08-09,2,PNG,1280,1346
kept,,D:\FR\IGD\IPCC internship\output\bbc\bbc_images\bbc_images_dataviz\bbc_2021-08-09_world-58064485_img02.png,D:\FR\IGD\IPCC internship\output\bbc\bbc_images\bbc_images_dataviz\bbc_2021-08-09_world-58064485_img02.png,2021-08-09,2,PNG,2560,2000
kept,,D:\FR\IGD\IPCC internship\output\bbc\bbc_images\bbc_images_dataviz\bbc_2021-08-09_world-58064485_img03.png,D:\FR\IGD\IPCC internship\output\bbc\bbc_images\bbc_images_dataviz\bbc_2021-08-09_world-58064485_img03.png,2021-08-09,3,PNG,1280,1346
kept,,D:\FR\IGD\IPCC internship\output\bbc\bbc_images\bbc_images_dataviz\bbc_2021-08-09_science-environment-58141129_img04.png,D:\FR\IGD\IPCC internship\output\bbc\bbc_images\bbc_images_dataviz\bbc_2021-08-09_science-environment-58141129_img04.png,2021-08-09,4,PNG,1280,1262
kept,,D:\FR\IGD\IPCC internship\output\bbc\bbc_images\bbc_images_dataviz\bbc_2021-08-09_science-environment-58138714_img05.png,D:\FR\IGD\IPCC internship\output\bbc\bbc_images\bbc_images_dataviz\bbc_2021-08-09_science-environment-58138714_img05.png,2021-08-09,5,PNG,2560,1800
kept,,D:\FR\IGD\IPCC internship\output\bbc\bbc_images\bbc_images_dataviz\bbc_2021-08-09_science-environment-58130705_img06.png,D:\FR\IGD\IPCC internship\output\bbc\bbc_images\bbc_images_dataviz\bbc_2021-08-09_science-environment-58130705_img06.png,2021-08-09,6,PNG,1280,1346
removed_from_dedup,exact_visual_duplicate,D:\FR\IGD\IPCC internship\output\bbc\bbc_images\bbc_images_dataviz\bbc_2021-08-09_science-environment-58138714_img07.png,D:\FR\IGD\IPCC internship\output\bbc\bbc_images\bbc_images_dataviz\bbc_2021-08-09_world-58064485_img02.png,2021-08-09,7,PNG,2560,2000
kept,,D:\FR\IGD\IPCC internship\output\bbc\bbc_images\bbc_images_dataviz\bbc_2021-08-09_science-environment-58138714_img09.png,D:\FR\IGD\IPCC internship\output\bbc\bbc_images\bbc_images_dataviz\bbc_2021-08-09_science-environment-58138714_img09.png,2021-08-09,9,PNG,1280,1346
removed_from_dedup,exact_visual_duplicate,D:\FR\IGD\IPCC internship\output\bbc\bbc_images\bbc_images_dataviz\bbc_2021-08-09_science-environment-58138714_img10.png,D:\FR\IGD\IPCC internship\output\bbc\bbc_images\bbc_images_dataviz\bbc_2021-08-09_world-58064485_img03.png,2021-08-09,10,PNG,1280,1346
kept,,D:\FR\IGD\IPCC internship\output\bbc\bbc_images\bbc_images_dataviz\bbc_2021-10-27_world-asia-india-58922398_img02.png,D:\FR\IGD\IPCC internship\output\bbc\bbc_images\bbc_images_dataviz\bbc_2021-10-27_world-asia-india-58922398_img02.png,2021-10-27,2,PNG,2560,2079
kept,,D:\FR\IGD\IPCC internship\output\bbc\bbc_images\bbc_images_dataviz\bbc_2021-10-27_world-asia-india-58922398_img04.png,D:\FR\IGD\IPCC internship\output\bbc\bbc_images\bbc_images_dataviz\bbc_2021-10-27_world-asia-india-58922398_img04.png,2021-10-27,4,PNG,1280,1040
kept,,D:\FR\IGD\IPCC internship\output\bbc\bbc_images\bbc_images_dataviz\bbc_2021-10-31_uk-59110765_img05.png,D:\FR\IGD\IPCC internship\output\bbc\bbc_images\bbc_images_dataviz\bbc_2021-10-31_uk-59110765_img05.png,2021-10-31,5,PNG,2560,1800
kept,,D:\FR\IGD\IPCC internship\output\bbc\bbc_images\bbc_images_dataviz\bbc_2022-06-15_science-environment-61795783_img02.png,D:\FR\IGD\IPCC internship\output\bbc\bbc_images\bbc_images_dataviz\bbc_2022-06-15_science-environment-61795783_img02.png,2022-06-15,2,PNG,1280,1418
kept,,D:\FR\IGD\IPCC internship\output\bbc\bbc_images\bbc_images_dataviz\bbc_2022-07-28_science-environment-62322574_img02.png,D:\FR\IGD\IPCC internship\output\bbc\bbc_images\bbc_images_dataviz\bbc_2022-07-28_science-environment-62322574_img02.png,2022-07-28,2,PNG,1280,820
kept,,D:\FR\IGD\IPCC internship\output\bbc\bbc_images\bbc_images_dataviz\bbc_2022-11-11_science-environment-63591796_img02.png,D:\FR\IGD\IPCC internship\output\bbc\bbc_images\bbc_images_dataviz\bbc_2022-11-11_science-environment-63591796_img02.png,2022-11-11,2,PNG,2560,1800
kept,,D:\FR\IGD\IPCC internship\output\bbc\bbc_images\bbc_images_dataviz\bbc_2022-11-14_science-environment-63617400_img03.png,D:\FR\IGD\IPCC internship\output\bbc\bbc_images\bbc_images_dataviz\bbc_2022-11-14_science-environment-63617400_img03.png,2022-11-14,3,PNG,2560,1800
kept,,D:\FR\IGD\IPCC internship\output\bbc\bbc_images\bbc_images_dataviz\bbc_2023-01-31_uk-england-essex-64255567_img08.jpg,D:\FR\IGD\IPCC internship\output\bbc\bbc_images\bbc_images_dataviz\bbc_2023-01-31_uk-england-essex-64255567_img08.jpg,2023-01-31,8,JPEG,976,750
kept,,D:\FR\IGD\IPCC internship\output\bbc\bbc_images\bbc_images_dataviz\bbc_2023-01-31_uk-england-essex-64255567_img12.png,D:\FR\IGD\IPCC internship\output\bbc\bbc_images\bbc_images_dataviz\bbc_2023-01-31_uk-england-essex-64255567_img12.png,2023-01-31,12,PNG,976,549
kept,,D:\FR\IGD\IPCC internship\output\bbc\bbc_images\bbc_images_dataviz\bbc_2023-05-17_science-environment-65602293_img03.png,D:\FR\IGD\IPCC internship\output\bbc\bbc_images\bbc_images_dataviz\bbc_2023-05-17_science-environment-65602293_img03.png,2023-05-17,3,PNG,2560,2040
removed_from_dedup,exact_visual_duplicate,D:\FR\IGD\IPCC internship\output\bbc\bbc_images\bbc_images_dataviz\bbc_2023-07-20_science-environment-66256101_img02.png,D:\FR\IGD\IPCC internship\output\bbc\bbc_images\bbc_images_dataviz\bbc_2022-11-11_science-environment-63591796_img02.png,2023-07-20,2,PNG,2560,1800
kept,,D:\FR\IGD\IPCC internship\output\bbc\bbc_images\bbc_images_dataviz\bbc_2023-10-06_science-environment-66857354_img03.png,D:\FR\IGD\IPCC internship\output\bbc\bbc_images\bbc_images_dataviz\bbc_2023-10-06_science-environment-66857354_img03.png,2023-10-06,3,PNG,2560,2400
kept,,D:\FR\IGD\IPCC internship\output\bbc\bbc_images\bbc_images_dataviz\bbc_2023-10-06_science-environment-66857354_img04.png,D:\FR\IGD\IPCC internship\output\bbc\bbc_images\bbc_images_dataviz\bbc_2023-10-06_science-environment-66857354_img04.png,2023-10-06,4,PNG,1280,1120
kept,,D:\FR\IGD\IPCC internship\output\bbc\bbc_images\bbc_images_dataviz\bbc_2023-10-30_science-environment-67242386_img03.png,D:\FR\IGD\IPCC internship\output\bbc\bbc_images\bbc_images_dataviz\bbc_2023-10-30_science-environment-67242386_img03.png,2023-10-30,3,PNG,2560,2363
kept,,D:\FR\IGD\IPCC internship\output\bbc\bbc_images\bbc_images_dataviz\bbc_2023-12-06_science-environment-67544977_img03.png,D:\FR\IGD\IPCC internship\output\bbc\bbc_images\bbc_images_dataviz\bbc_2023-12-06_science-environment-67544977_img03.png,2023-12-06,3,PNG,1920,1772
kept,,D:\FR\IGD\IPCC internship\output\bbc\bbc_images\bbc_images_dataviz\bbc_2023-12-06_science-environment-67544977_img04.png,D:\FR\IGD\IPCC internship\output\bbc\bbc_images\bbc_images_dataviz\bbc_2023-12-06_science-environment-67544977_img04.png,2023-12-06,4,PNG,1920,1800
kept,,D:\FR\IGD\IPCC internship\output\bbc\bbc_images\bbc_images_dataviz\bbc_2023-12-06_science-environment-67544977_img05.png,D:\FR\IGD\IPCC internship\output\bbc\bbc_images\bbc_images_dataviz\bbc_2023-12-06_science-environment-67544977_img05.png,2023-12-06,5,PNG,1920,1800
kept,,D:\FR\IGD\IPCC internship\output\bbc\bbc_images\bbc_images_dataviz\bbc_2023-12-06_science-environment-67544977_img06.png,D:\FR\IGD\IPCC internship\output\bbc\bbc_images\bbc_images_dataviz\bbc_2023-12-06_science-environment-67544977_img06.png,2023-12-06,6,PNG,1920,1800
kept,,D:\FR\IGD\IPCC internship\output\bbc\bbc_images\bbc_images_dataviz\bbc_2024-02-08_science-environment-68110310_img02.png,D:\FR\IGD\IPCC internship\output\bbc\bbc_images\bbc_images_dataviz\bbc_2024-02-08_science-environment-68110310_img02.png,2024-02-08,2,PNG,1920,1920
kept,,D:\FR\IGD\IPCC internship\output\bbc\bbc_images\bbc_images_dataviz\bbc_2024-02-08_science-environment-68110310_img03.png,D:\FR\IGD\IPCC internship\output\bbc\bbc_images\bbc_images_dataviz\bbc_2024-02-08_science-environment-68110310_img03.png,2024-02-08,3,PNG,1920,1860
kept,,D:\FR\IGD\IPCC internship\output\bbc\bbc_images\bbc_images_dataviz\bbc_2024-02-08_science-environment-68110310_img04.png,D:\FR\IGD\IPCC internship\output\bbc\bbc_images\bbc_images_dataviz\bbc_2024-02-08_science-environment-68110310_img04.png,2024-02-08,4,PNG,1920,1800
kept,,D:\FR\IGD\IPCC internship\output\bbc\bbc_images\bbc_images_dataviz\bbc_2024-11-07_c1dpnxnvv2go_img02.png,D:\FR\IGD\IPCC internship\output\bbc\bbc_images\bbc_images_dataviz\bbc_2024-11-07_c1dpnxnvv2go_img02.png,2024-11-07,2,PNG,1920,1800
kept,,D:\FR\IGD\IPCC internship\output\bbc\bbc_images\bbc_images_dataviz\bbc_2024-11-07_c1dpnxnvv2go_img03.png,D:\FR\IGD\IPCC internship\output\bbc\bbc_images\bbc_images_dataviz\bbc_2024-11-07_c1dpnxnvv2go_img03.png,2024-11-07,3,PNG,1920,1800
kept,,D:\FR\IGD\IPCC internship\output\bbc\bbc_images\bbc_images_dataviz\bbc_2025-01-10_cd7575x8yq5o_img02.png,D:\FR\IGD\IPCC internship\output\bbc\bbc_images\bbc_images_dataviz\bbc_2025-01-10_cd7575x8yq5o_img02.png,2025-01-10,2,PNG,1920,1800
kept,,D:\FR\IGD\IPCC internship\output\bbc\bbc_images\bbc_images_dataviz\bbc_2025-01-10_cd7575x8yq5o_img03.jpg,D:\FR\IGD\IPCC internship\output\bbc\bbc_images\bbc_images_dataviz\bbc_2025-01-10_cd7575x8yq5o_img03.jpg,2025-01-10,3,JPEG,2560,3734
kept,,D:\FR\IGD\IPCC internship\output\bbc\bbc_images\bbc_images_dataviz\bbc_2025-01-10_cd7575x8yq5o_img04.jpg,D:\FR\IGD\IPCC internship\output\bbc\bbc_images\bbc_images_dataviz\bbc_2025-01-10_cd7575x8yq5o_img04.jpg,2025-01-10,4,JPEG,1280,2414
kept,,D:\FR\IGD\IPCC internship\output\bbc\bbc_images\bbc_images_dataviz\bbc_2025-01-17_c30dn5dn53jo_img02.png,D:\FR\IGD\IPCC internship\output\bbc\bbc_images\bbc_images_dataviz\bbc_2025-01-17_c30dn5dn53jo_img02.png,2025-01-17,2,PNG,1920,1350
kept,,D:\FR\IGD\IPCC internship\output\bbc\bbc_images\bbc_images_dataviz\bbc_2025-03-17_cly3pnjyzp4o_img02.png,D:\FR\IGD\IPCC internship\output\bbc\bbc_images\bbc_images_dataviz\bbc_2025-03-17_cly3pnjyzp4o_img02.png,2025-03-17,2,PNG,1920,1620
kept,,D:\FR\IGD\IPCC internship\output\bbc\bbc_images\bbc_images_dataviz\bbc_2025-05-20_cj93e40znl3o_img02.png,D:\FR\IGD\IPCC internship\output\bbc\bbc_images\bbc_images_dataviz\bbc_2025-05-20_cj93e40znl3o_img02.png,2025-05-20,2,PNG,1920,1920
kept,,D:\FR\IGD\IPCC internship\output\bbc\bbc_images\bbc_images_dataviz\bbc_2025-08-31_c5yl5v4elgno_img02.jpg,D:\FR\IGD\IPCC internship\output\bbc\bbc_images\bbc_images_dataviz\bbc_2025-08-31_c5yl5v4elgno_img02.jpg,2025-08-31,2,JPEG,976,915
kept,,D:\FR\IGD\IPCC internship\output\bbc\bbc_images\bbc_images_dataviz\bbc_2025-08-31_c5yl5v4elgno_img03.png,D:\FR\IGD\IPCC internship\output\bbc\bbc_images\bbc_images_dataviz\bbc_2025-08-31_c5yl5v4elgno_img03.png,2025-08-31,3,PNG,1920,1800
kept,,D:\FR\IGD\IPCC internship\output\bbc\bbc_images\bbc_images_dataviz\bbc_2025-10-05_ce32ezzq6zlo_img02.jpg,D:\FR\IGD\IPCC internship\output\bbc\bbc_images\bbc_images_dataviz\bbc_2025-10-05_ce32ezzq6zlo_img02.jpg,2025-10-05,2,JPEG,1280,1116
kept,,D:\FR\IGD\IPCC internship\output\bbc\bbc_images\bbc_images_dataviz\bbc_2025-10-30_c04gqez4lkyo_img04.png,D:\FR\IGD\IPCC internship\output\bbc\bbc_images\bbc_images_dataviz\bbc_2025-10-30_c04gqez4lkyo_img04.png,2025-10-30,4,PNG,1920,1800
kept,,D:\FR\IGD\IPCC internship\output\bbc\bbc_images\bbc_images_dataviz\bbc_2025-11-06_cwy1wjj0rxdt_img02.webp,D:\FR\IGD\IPCC internship\output\bbc\bbc_images\bbc_images_dataviz\bbc_2025-11-06_cwy1wjj0rxdt_img02.webp,2025-11-06,2,WEBP,640,640
kept,,D:\FR\IGD\IPCC internship\output\bbc\bbc_images\bbc_images_dataviz\bbc_2025-11-06_c30v97m59dyo_img03.png,D:\FR\IGD\IPCC internship\output\bbc\bbc_images\bbc_images_dataviz\bbc_2025-11-06_c30v97m59dyo_img03.png,2025-11-06,3,PNG,1600,1233
kept,,D:\FR\IGD\IPCC internship\output\bbc\bbc_images\bbc_images_dataviz\bbc_2025-11-06_cwy1wjj0rxdt_img03.webp,D:\FR\IGD\IPCC internship\output\bbc\bbc_images\bbc_images_dataviz\bbc_2025-11-06_cwy1wjj0rxdt_img03.webp,2025-11-06,3,WEBP,640,640
kept,,D:\FR\IGD\IPCC internship\output\bbc\bbc_images\bbc_images_dataviz\bbc_2025-11-06_cwy1wjj0rxdt_img09.webp,D:\FR\IGD\IPCC internship\output\bbc\bbc_images\bbc_images_dataviz\bbc_2025-11-06_cwy1wjj0rxdt_img09.webp,2025-11-06,9,WEBP,640,600
kept,,D:\FR\IGD\IPCC internship\output\bbc\bbc_images\bbc_images_dataviz\bbc_2025-11-06_cwy1wjj0rxdt_img10.webp,D:\FR\IGD\IPCC internship\output\bbc\bbc_images\bbc_images_dataviz\bbc_2025-11-06_cwy1wjj0rxdt_img10.webp,2025-11-06,10,WEBP,640,550
kept,,D:\FR\IGD\IPCC internship\output\bbc\bbc_images\bbc_images_dataviz\bbc_2025-11-25_cgr10jj8xg2o_img03.jpg,D:\FR\IGD\IPCC internship\output\bbc\bbc_images\bbc_images_dataviz\bbc_2025-11-25_cgr10jj8xg2o_img03.jpg,2025-11-25,3,JPEG,1920,1080
kept,,D:\FR\IGD\IPCC internship\output\guardian\guardian_images\guardian_images_dataviz\guardian_2013-01-08_guardian_8e43057087_img02.jpg,D:\FR\IGD\IPCC internship\output\guardian\guardian_images\guardian_images_dataviz\guardian_2013-01-08_guardian_8e43057087_img02.jpg,2013-01-08,2,JPEG,445,366
kept,,D:\FR\IGD\IPCC internship\output\guardian\guardian_images\guardian_images_dataviz\guardian_2013-01-10_guardian_b7866bb156_img01.jpg,D:\FR\IGD\IPCC internship\output\guardian\guardian_images\guardian_images_dataviz\guardian_2013-01-10_guardian_b7866bb156_img01.jpg,2013-01-10,1,JPEG,465,279
kept,,D:\FR\IGD\IPCC internship\output\guardian\guardian_images\guardian_images_dataviz\guardian_2013-01-16_guardian_a9bb4437ce_img01.jpg,D:\FR\IGD\IPCC internship\output\guardian\guardian_images\guardian_images_dataviz\guardian_2013-01-16_guardian_a9bb4437ce_img01.jpg,2013-01-16,1,JPEG,445,267
kept,,D:\FR\IGD\IPCC internship\output\guardian\guardian_images\guardian_images_dataviz\guardian_2013-01-22_guardian_8c4e336da4_img02.jpg,D:\FR\IGD\IPCC internship\output\guardian\guardian_images\guardian_images_dataviz\guardian_2013-01-22_guardian_8c4e336da4_img02.jpg,2013-01-22,2,JPEG,445,484
kept,,D:\FR\IGD\IPCC internship\output\guardian\guardian_images\guardian_images_dataviz\guardian_2013-03-27_guardian_55b032a9d8_img02.jpg,D:\FR\IGD\IPCC internship\output\guardian\guardian_images\guardian_images_dataviz\guardian_2013-03-27_guardian_55b032a9d8_img02.jpg,2013-03-27,2,JPEG,445,445
kept,,D:\FR\IGD\IPCC internship\output\guardian\guardian_images\guardian_images_dataviz\guardian_2013-04-17_guardian_cfc881c860_img03.jpg,D:\FR\IGD\IPCC internship\output\guardian\guardian_images\guardian_images_dataviz\guardian_2013-04-17_guardian_cfc881c860_img03.jpg,2013-04-17,3,JPEG,445,478
kept,,D:\FR\IGD\IPCC internship\output\guardian\guardian_images\guardian_images_dataviz\guardian_2013-04-22_guardian_5d0a9b953d_img02.jpg,D:\FR\IGD\IPCC internship\output\guardian\guardian_images\guardian_images_dataviz\guardian_2013-04-22_guardian_5d0a9b953d_img02.jpg,2013-04-22,2,JPEG,445,267
kept,,D:\FR\IGD\IPCC internship\output\guardian\guardian_images\guardian_images_dataviz\guardian_2013-05-16_guardian_8df57908c2_img02.jpg,D:\FR\IGD\IPCC internship\output\guardian\guardian_images\guardian_images_dataviz\guardian_2013-05-16_guardian_8df57908c2_img02.jpg,2013-05-16,2,JPEG,445,418
kept,,D:\FR\IGD\IPCC internship\output\guardian\guardian_images\guardian_images_dataviz\guardian_2013-05-16_guardian_8df57908c2_img03.jpg,D:\FR\IGD\IPCC internship\output\guardian\guardian_images\guardian_images_dataviz\guardian_2013-05-16_guardian_8df57908c2_img03.jpg,2013-05-16,3,JPEG,445,303
kept,,D:\FR\IGD\IPCC internship\output\guardian\guardian_images\guardian_images_dataviz\guardian_2013-05-17_guardian_b36f42dcaf_img02.jpg,D:\FR\IGD\IPCC internship\output\guardian\guardian_images\guardian_images_dataviz\guardian_2013-05-17_guardian_b36f42dcaf_img02.jpg,2013-05-17,2,JPEG,445,334
kept,,D:\FR\IGD\IPCC internship\output\guardian\guardian_images\guardian_images_dataviz\guardian_2013-05-24_guardian_c4c5b5e6b3_img02.jpg,D:\FR\IGD\IPCC internship\output\guardian\guardian_images\guardian_images_dataviz\guardian_2013-05-24_guardian_c4c5b5e6b3_img02.jpg,2013-05-24,2,JPEG,465,349
kept,,D:\FR\IGD\IPCC internship\output\guardian\guardian_images\guardian_images_dataviz\guardian_2013-06-11_guardian_5727e9f393_img01.jpg,D:\FR\IGD\IPCC internship\output\guardian\guardian_images\guardian_images_dataviz\guardian_2013-06-11_guardian_5727e9f393_img01.jpg,2013-06-11,1,JPEG,460,276
kept,,D:\FR\IGD\IPCC internship\output\guardian\guardian_images\guardian_images_dataviz\guardian_2013-06-11_guardian_4c11daf69f_img02.jpg,D:\FR\IGD\IPCC internship\output\guardian\guardian_images\guardian_images_dataviz\guardian_2013-06-11_guardian_4c11daf69f_img02.jpg,2013-06-11,2,JPEG,445,230
kept,,D:\FR\IGD\IPCC internship\output\guardian\guardian_images\guardian_images_dataviz\guardian_2013-06-11_guardian_4c11daf69f_img03.jpg,D:\FR\IGD\IPCC internship\output\guardian\guardian_images\guardian_images_dataviz\guardian_2013-06-11_guardian_4c11daf69f_img03.jpg,2013-06-11,3,JPEG,445,303
kept,,D:\FR\IGD\IPCC internship\output\guardian\guardian_images\guardian_images_dataviz\guardian_2013-06-14_guardian_bd0ed19675_img03.jpg,D:\FR\IGD\IPCC internship\output\guardian\guardian_images\guardian_images_dataviz\guardian_2013-06-14_guardian_bd0ed19675_img03.jpg,2013-06-14,3,JPEG,445,548
kept,,D:\FR\IGD\IPCC internship\output\guardian\guardian_images\guardian_images_dataviz\guardian_2013-06-26_guardian_610096c0b0_img01.jpg,D:\FR\IGD\IPCC internship\output\guardian\guardian_images\guardian_images_dataviz\guardian_2013-06-26_guardian_610096c0b0_img01.jpg,2013-06-26,1,JPEG,465,279
kept,,D:\FR\IGD\IPCC internship\output\guardian\guardian_images\guardian_images_dataviz\guardian_2013-07-17_guardian_1d9d5bad4c_img02.jpg,D:\FR\IGD\IPCC internship\output\guardian\guardian_images\guardian_images_dataviz\guardian_2013-07-17_guardian_1d9d5bad4c_img02.jpg,2013-07-17,2,JPEG,445,334
kept,,D:\FR\IGD\IPCC internship\output\guardian\guardian_images\guardian_images_dataviz\guardian_2013-07-17_guardian_1d9d5bad4c_img04.jpg,D:\FR\IGD\IPCC internship\output\guardian\guardian_images\guardian_images_dataviz\guardian_2013-07-17_guardian_1d9d5bad4c_img04.jpg,2013-07-17,4,JPEG,445,576
kept,,D:\FR\IGD\IPCC internship\output\guardian\guardian_images\guardian_images_dataviz\guardian_2013-07-22_guardian_56c78de709_img01.jpg,D:\FR\IGD\IPCC internship\output\guardian\guardian_images\guardian_images_dataviz\guardian_2013-07-22_guardian_56c78de709_img01.jpg,2013-07-22,1,JPEG,460,276
kept,,D:\FR\IGD\IPCC internship\output\guardian\guardian_images\guardian_images_dataviz\guardian_2013-07-23_guardian_d950a68ea3_img02.jpg,D:\FR\IGD\IPCC internship\output\guardian\guardian_images\guardian_images_dataviz\guardian_2013-07-23_guardian_d950a68ea3_img02.jpg,2013-07-23,2,JPEG,445,334
kept,,D:\FR\IGD\IPCC internship\output\guardian\guardian_images\guardian_images_dataviz\guardian_2013-07-23_guardian_d950a68ea3_img04.jpg,D:\FR\IGD\IPCC internship\output\guardian\guardian_images\guardian_images_dataviz\guardian_2013-07-23_guardian_d950a68ea3_img04.jpg,2013-07-23,4,JPEG,445,279
kept,,D:\FR\IGD\IPCC internship\output\guardian\guardian_images\guardian_images_dataviz\guardian_2013-07-23_guardian_d950a68ea3_img05.jpg,D:\FR\IGD\IPCC internship\output\guardian\guardian_images\guardian_images_dataviz\guardian_2013-07-23_guardian_d950a68ea3_img05.jpg,2013-07-23,5,JPEG,445,303
kept,,D:\FR\IGD\IPCC internship\output\guardian\guardian_images\guardian_images_dataviz\guardian_2013-08-21_guardian_b5d78debaf_img02.jpg,D:\FR\IGD\IPCC internship\output\guardian\guardian_images\guardian_images_dataviz\guardian_2013-08-21_guardian_b5d78debaf_img02.jpg,2013-08-21,2,JPEG,445,217
removed_from_dedup,exact_visual_duplicate,D:\FR\IGD\IPCC internship\output\guardian\guardian_images\guardian_images_dataviz\guardian_2013-08-23_guardian_55513e68b7_img02.jpg,D:\FR\IGD\IPCC internship\output\guardian\guardian_images\guardian_images_dataviz\guardian_2013-05-16_guardian_8df57908c2_img03.jpg,2013-08-23,2,JPEG,445,303
kept,,D:\FR\IGD\IPCC internship\output\guardian\guardian_images\guardian_images_dataviz\guardian_2013-08-28_guardian_57d34762e9_img02.jpg,D:\FR\IGD\IPCC internship\output\guardian\guardian_images\guardian_images_dataviz\guardian_2013-08-28_guardian_57d34762e9_img02.jpg,2013-08-28,2,JPEG,445,394
kept,,D:\FR\IGD\IPCC internship\output\guardian\guardian_images\guardian_images_dataviz\guardian_2013-09-03_guardian_3c4c1d71dc_img02.jpg,D:\FR\IGD\IPCC internship\output\guardian\guardian_images\guardian_images_dataviz\guardian_2013-09-03_guardian_3c4c1d71dc_img02.jpg,2013-09-03,2,JPEG,445,270
removed_from_dedup,exact_visual_duplicate,D:\FR\IGD\IPCC internship\output\guardian\guardian_images\guardian_images_dataviz\guardian_2013-09-09_guardian_ee43700bbc_img04.jpg,D:\FR\IGD\IPCC internship\output\guardian\guardian_images\guardian_images_dataviz\guardian_2013-07-23_guardian_d950a68ea3_img04.jpg,2013-09-09,4,JPEG,445,279
removed_from_dedup,exact_visual_duplicate,D:\FR\IGD\IPCC internship\output\guardian\guardian_images\guardian_images_dataviz\guardian_2013-09-16_guardian_631c4345d1_img02.jpg,D:\FR\IGD\IPCC internship\output\guardian\guardian_images\guardian_images_dataviz\guardian_2013-07-23_guardian_d950a68ea3_img04.jpg,2013-09-16,2,JPEG,445,279
removed_from_dedup,exact_visual_duplicate,D:\FR\IGD\IPCC internship\output\guardian\guardian_images\guardian_images_dataviz\guardian_2013-09-16_guardian_631c4345d1_img03.jpg,D:\FR\IGD\IPCC internship\output\guardian\guardian_images\guardian_images_dataviz\guardian_2013-07-23_guardian_d950a68ea3_img05.jpg,2013-09-16,3,JPEG,445,303
kept,,D:\FR\IGD\IPCC internship\output\guardian\guardian_images\guardian_images_dataviz\guardian_2013-09-18_guardian_4b14c5a16a_img02.jpg,D:\FR\IGD\IPCC internship\output\guardian\guardian_images\guardian_images_dataviz\guardian_2013-09-18_guardian_4b14c5a16a_img02.jpg,2013-09-18,2,JPEG,445,406
kept,,D:\FR\IGD\IPCC internship\output\guardian\guardian_images\guardian_images_dataviz\guardian_2013-09-18_guardian_476de0072e_img03.jpg,D:\FR\IGD\IPCC internship\output\guardian\guardian_images\guardian_images_dataviz\guardian_2013-09-18_guardian_476de0072e_img03.jpg,2013-09-18,3,JPEG,465,233
kept,,D:\FR\IGD\IPCC internship\output\guardian\guardian_images\guardian_images_dataviz\guardian_2013-09-18_guardian_4b14c5a16a_img03.jpg,D:\FR\IGD\IPCC internship\output\guardian\guardian_images\guardian_images_dataviz\guardian_2013-09-18_guardian_4b14c5a16a_img03.jpg,2013-09-18,3,JPEG,445,417
kept,,D:\FR\IGD\IPCC internship\output\guardian\guardian_images\guardian_images_dataviz\guardian_2013-09-18_guardian_476de0072e_img05.jpg,D:\FR\IGD\IPCC internship\output\guardian\guardian_images\guardian_images_dataviz\guardian_2013-09-18_guardian_476de0072e_img05.jpg,2013-09-18,5,JPEG,460,431
kept,,D:\FR\IGD\IPCC internship\output\guardian\guardian_images\guardian_images_dataviz\guardian_2013-09-18_guardian_476de0072e_img08.jpg,D:\FR\IGD\IPCC internship\output\guardian\guardian_images\guardian_images_dataviz\guardian_2013-09-18_guardian_476de0072e_img08.jpg,2013-09-18,8,JPEG,450,282
kept,,D:\FR\IGD\IPCC internship\output\guardian\guardian_images\guardian_images_dataviz\guardian_2013-09-18_guardian_476de0072e_img09.jpg,D:\FR\IGD\IPCC internship\output\guardian\guardian_images\guardian_images_dataviz\guardian_2013-09-18_guardian_476de0072e_img09.jpg,2013-09-18,9,JPEG,350,261
kept,,D:\FR\IGD\IPCC internship\output\guardian\guardian_images\guardian_images_dataviz\guardian_2013-09-18_guardian_476de0072e_img10.jpg,D:\FR\IGD\IPCC internship\output\guardian\guardian_images\guardian_images_dataviz\guardian_2013-09-18_guardian_476de0072e_img10.jpg,2013-09-18,10,JPEG,460,368
kept,,D:\FR\IGD\IPCC internship\output\guardian\guardian_images\guardian_images_dataviz\guardian_2013-09-19_guardian_62bbe842ff_img02.jpg,D:\FR\IGD\IPCC internship\output\guardian\guardian_images\guardian_images_dataviz\guardian_2013-09-19_guardian_62bbe842ff_img02.jpg,2013-09-19,2,JPEG,445,303
kept,,D:\FR\IGD\IPCC internship\output\guardian\guardian_images\guardian_images_dataviz\guardian_2013-09-23_guardian_e1c3c5994e_img02.jpg,D:\FR\IGD\IPCC internship\output\guardian\guardian_images\guardian_images_dataviz\guardian_2013-09-23_guardian_e1c3c5994e_img02.jpg,2013-09-23,2,JPEG,445,299
removed_from_dedup,exact_visual_duplicate,D:\FR\IGD\IPCC internship\output\guardian\guardian_images\guardian_images_dataviz\guardian_2013-09-23_guardian_e1c3c5994e_img03.jpg,D:\FR\IGD\IPCC internship\output\guardian\guardian_images\guardian_images_dataviz\guardian_2013-07-23_guardian_d950a68ea3_img04.jpg,2013-09-23,3,JPEG,445,279
kept,,D:\FR\IGD\IPCC internship\output\guardian\guardian_images\guardian_images_dataviz\guardian_2013-09-27_guardian_4779145467_img02.jpg,D:\FR\IGD\IPCC internship\output\guardian\guardian_images\guardian_images_dataviz\guardian_2013-09-27_guardian_4779145467_img02.jpg,2013-09-27,2,JPEG,445,351
kept,,D:\FR\IGD\IPCC internship\output\guardian\guardian_images\guardian_images_dataviz\guardian_2013-09-27_guardian_c9c0199a4c_img02.jpg,D:\FR\IGD\IPCC internship\output\guardian\guardian_images\guardian_images_dataviz\guardian_2013-09-27_guardian_c9c0199a4c_img02.jpg,2013-09-27,2,JPEG,445,334
kept,,D:\FR\IGD\IPCC internship\output\guardian\guardian_images\guardian_images_dataviz\guardian_2013-09-27_guardian_4779145467_img03.jpg,D:\FR\IGD\IPCC internship\output\guardian\guardian_images\guardian_images_dataviz\guardian_2013-09-27_guardian_4779145467_img03.jpg,2013-09-27,3,JPEG,445,345
removed_from_dedup,exact_visual_duplicate,D:\FR\IGD\IPCC internship\output\guardian\guardian_images\guardian_images_dataviz\guardian_2013-09-27_guardian_c9c0199a4c_img03.jpg,D:\FR\IGD\IPCC internship\output\guardian\guardian_images\guardian_images_dataviz\guardian_2013-05-16_guardian_8df57908c2_img03.jpg,2013-09-27,3,JPEG,445,303
kept,,D:\FR\IGD\IPCC internship\output\guardian\guardian_images\guardian_images_dataviz\guardian_2013-09-27_guardian_e30b3e09d4_img10.jpg,D:\FR\IGD\IPCC internship\output\guardian\guardian_images\guardian_images_dataviz\guardian_2013-09-27_guardian_e30b3e09d4_img10.jpg,2013-09-27,10,JPEG,465,279
kept,,D:\FR\IGD\IPCC internship\output\guardian\guardian_images\guardian_images_dataviz\guardian_2013-09-27_guardian_e30b3e09d4_img15.jpg,D:\FR\IGD\IPCC internship\output\guardian\guardian_images\guardian_images_dataviz\guardian_2013-09-27_guardian_e30b3e09d4_img15.jpg,2013-09-27,15,JPEG,460,276
kept,,D:\FR\IGD\IPCC internship\output\guardian\guardian_images\guardian_images_dataviz\guardian_2013-10-01_guardian_84abc54ecf_img02.jpg,D:\FR\IGD\IPCC internship\output\guardian\guardian_images\guardian_images_dataviz\guardian_2013-10-01_guardian_84abc54ecf_img02.jpg,2013-10-01,2,JPEG,445,358
kept,,D:\FR\IGD\IPCC internship\output\guardian\guardian_images\guardian_images_dataviz\guardian_2013-10-01_guardian_84abc54ecf_img03.jpg,D:\FR\IGD\IPCC internship\output\guardian\guardian_images\guardian_images_dataviz\guardian_2013-10-01_guardian_84abc54ecf_img03.jpg,2013-10-01,3,JPEG,445,241
kept,,D:\FR\IGD\IPCC internship\output\guardian\guardian_images\guardian_images_dataviz\guardian_2013-10-01_guardian_84abc54ecf_img04.jpg,D:\FR\IGD\IPCC internship\output\guardian\guardian_images\guardian_images_dataviz\guardian_2013-10-01_guardian_84abc54ecf_img04.jpg,2013-10-01,4,JPEG,445,243
kept,,D:\FR\IGD\IPCC internship\output\guardian\guardian_images\guardian_images_dataviz\guardian_2013-10-02_guardian_a00e38e760_img02.jpg,D:\FR\IGD\IPCC internship\output\guardian\guardian_images\guardian_images_dataviz\guardian_2013-10-02_guardian_a00e38e760_img02.jpg,2013-10-02,2,JPEG,445,236
kept,,D:\FR\IGD\IPCC internship\output\guardian\guardian_images\guardian_images_dataviz\guardian_2013-10-02_guardian_a00e38e760_img03.jpg,D:\FR\IGD\IPCC internship\output\guardian\guardian_images\guardian_images_dataviz\guardian_2013-10-02_guardian_a00e38e760_img03.jpg,2013-10-02,3,JPEG,445,227
kept,,D:\FR\IGD\IPCC internship\output\guardian\guardian_images\guardian_images_dataviz\guardian_2013-10-02_guardian_a00e38e760_img04.jpg,D:\FR\IGD\IPCC internship\output\guardian\guardian_images\guardian_images_dataviz\guardian_2013-10-02_guardian_a00e38e760_img04.jpg,2013-10-02,4,JPEG,445,241
kept,,D:\FR\IGD\IPCC internship\output\guardian\guardian_images\guardian_images_dataviz\guardian_2013-10-11_guardian_d76900f636_img02.jpg,D:\FR\IGD\IPCC internship\output\guardian\guardian_images\guardian_images_dataviz\guardian_2013-10-11_guardian_d76900f636_img02.jpg,2013-10-11,2,JPEG,445,264
kept,,D:\FR\IGD\IPCC internship\output\guardian\guardian_images\guardian_images_dataviz\guardian_2013-10-11_guardian_d76900f636_img03.jpg,D:\FR\IGD\IPCC internship\output\guardian\guardian_images\guardian_images_dataviz\guardian_2013-10-11_guardian_d76900f636_img03.jpg,2013-10-11,3,JPEG,445,322
kept,,D:\FR\IGD\IPCC internship\output\guardian\guardian_images\guardian_images_dataviz\guardian_2013-10-11_guardian_d76900f636_img04.jpg,D:\FR\IGD\IPCC internship\output\guardian\guardian_images\guardian_images_dataviz\guardian_2013-10-11_guardian_d76900f636_img04.jpg,2013-10-11,4,JPEG,445,334
kept,,D:\FR\IGD\IPCC internship\output\guardian\guardian_images\guardian_images_dataviz\guardian_2013-10-16_guardian_c4555280c5_img01.jpg,D:\FR\IGD\IPCC internship\output\guardian\guardian_images\guardian_images_dataviz\guardian_2013-10-16_guardian_c4555280c5_img01.jpg,2013-10-16,1,JPEG,465,279
kept,,D:\FR\IGD\IPCC internship\output\guardian\guardian_images\guardian_images_dataviz\guardian_2013-10-18_guardian_6fb1004998_img02.jpg,D:\FR\IGD\IPCC internship\output\guardian\guardian_images\guardian_images_dataviz\guardian_2013-10-18_guardian_6fb1004998_img02.jpg,2013-10-18,2,JPEG,445,591
kept,,D:\FR\IGD\IPCC internship\output\guardian\guardian_images\guardian_images_dataviz\guardian_2013-10-21_guardian_93c6ec1d4c_img07.jpg,D:\FR\IGD\IPCC internship\output\guardian\guardian_images\guardian_images_dataviz\guardian_2013-10-21_guardian_93c6ec1d4c_img07.jpg,2013-10-21,7,JPEG,465,279
removed_from_dedup,exact_visual_duplicate,D:\FR\IGD\IPCC internship\output\guardian\guardian_images\guardian_images_dataviz\guardian_2013-10-23_guardian_1b0f7ded44_img02.jpg,D:\FR\IGD\IPCC internship\output\guardian\guardian_images\guardian_images_dataviz\guardian_2013-10-11_guardian_d76900f636_img03.jpg,2013-10-23,2,JPEG,445,322
kept,,D:\FR\IGD\IPCC internship\output\guardian\guardian_images\guardian_images_dataviz\guardian_2013-10-24_guardian_00b6e52203_img01.jpg,D:\FR\IGD\IPCC internship\output\guardian\guardian_images\guardian_images_dataviz\guardian_2013-10-24_guardian_00b6e52203_img01.jpg,2013-10-24,1,JPEG,465,279
kept,,D:\FR\IGD\IPCC internship\output\guardian\guardian_images\guardian_images_dataviz\guardian_2013-11-08_guardian_acefabfa88_img03.jpg,D:\FR\IGD\IPCC internship\output\guardian\guardian_images\guardian_images_dataviz\guardian_2013-11-08_guardian_acefabfa88_img03.jpg,2013-11-08,3,JPEG,460,276
kept,,D:\FR\IGD\IPCC internship\output\guardian\guardian_images\guardian_images_dataviz\guardian_2013-11-20_guardian_48f2206ab4_img02.jpg,D:\FR\IGD\IPCC internship\output\guardian\guardian_images\guardian_images_dataviz\guardian_2013-11-20_guardian_48f2206ab4_img02.jpg,2013-11-20,2,JPEG,445,619
kept,,D:\FR\IGD\IPCC internship\output\guardian\guardian_images\guardian_images_dataviz\guardian_2013-11-20_guardian_8fa2de334c_img05.jpg,D:\FR\IGD\IPCC internship\output\guardian\guardian_images\guardian_images_dataviz\guardian_2013-11-20_guardian_8fa2de334c_img05.jpg,2013-11-20,5,JPEG,465,164
kept,,D:\FR\IGD\IPCC internship\output\guardian\guardian_images\guardian_images_dataviz\guardian_2013-11-21_guardian_adad640767_img02.jpg,D:\FR\IGD\IPCC internship\output\guardian\guardian_images\guardian_images_dataviz\guardian_2013-11-21_guardian_adad640767_img02.jpg,2013-11-21,2,JPEG,445,267
kept,,D:\FR\IGD\IPCC internship\output\guardian\guardian_images\guardian_images_dataviz\guardian_2013-11-21_guardian_adad640767_img03.jpg,D:\FR\IGD\IPCC internship\output\guardian\guardian_images\guardian_images_dataviz\guardian_2013-11-21_guardian_adad640767_img03.jpg,2013-11-21,3,JPEG,445,267
kept,,D:\FR\IGD\IPCC internship\output\guardian\guardian_images\guardian_images_dataviz\guardian_2013-12-04_guardian_5d00f40ace_img02.jpg,D:\FR\IGD\IPCC internship\output\guardian\guardian_images\guardian_images_dataviz\guardian_2013-12-04_guardian_5d00f40ace_img02.jpg,2013-12-04,2,JPEG,445,294
kept,,D:\FR\IGD\IPCC internship\output\guardian\guardian_images\guardian_images_dataviz\guardian_2013-12-17_guardian_7d8e49bb7e_img03.jpg,D:\FR\IGD\IPCC internship\output\guardian\guardian_images\guardian_images_dataviz\guardian_2013-12-17_guardian_7d8e49bb7e_img03.jpg,2013-12-17,3,JPEG,361,271
kept,,D:\FR\IGD\IPCC internship\output\guardian\guardian_images\guardian_images_dataviz\guardian_2013-12-17_guardian_7d8e49bb7e_img04.jpg,D:\FR\IGD\IPCC internship\output\guardian\guardian_images\guardian_images_dataviz\guardian_2013-12-17_guardian_7d8e49bb7e_img04.jpg,2013-12-17,4,JPEG,445,334
kept,,D:\FR\IGD\IPCC internship\output\guardian\guardian_images\guardian_images_dataviz\guardian_2013-12-17_guardian_7d8e49bb7e_img05.jpg,D:\FR\IGD\IPCC internship\output\guardian\guardian_images\guardian_images_dataviz\guardian_2013-12-17_guardian_7d8e49bb7e_img05.jpg,2013-12-17,5,JPEG,445,260
kept,,D:\FR\IGD\IPCC internship\output\guardian\guardian_images\guardian_images_dataviz\guardian_2013-12-17_guardian_7d8e49bb7e_img07.jpg,D:\FR\IGD\IPCC internship\output\guardian\guardian_images\guardian_images_dataviz\guardian_2013-12-17_guardian_7d8e49bb7e_img07.jpg,2013-12-17,7,JPEG,445,213
kept,,D:\FR\IGD\IPCC internship\output\guardian\guardian_images\guardian_images_dataviz\guardian_2013-12-17_guardian_7d8e49bb7e_img08.jpg,D:\FR\IGD\IPCC internship\output\guardian\guardian_images\guardian_images_dataviz\guardian_2013-12-17_guardian_7d8e49bb7e_img08.jpg,2013-12-17,8,JPEG,445,345
kept,,D:\FR\IGD\IPCC internship\output\guardian\guardian_images\guardian_images_dataviz\guardian_2013-12-17_guardian_7d8e49bb7e_img09.jpg,D:\FR\IGD\IPCC internship\output\guardian\guardian_images\guardian_images_dataviz\guardian_2013-12-17_guardian_7d8e49bb7e_img09.jpg,2013-12-17,9,JPEG,445,375
removed_from_dedup,exact_visual_duplicate,D:\FR\IGD\IPCC internship\output\guardian\guardian_images\guardian_images_dataviz\guardian_2013-12-26_guardian_4aa60a0deb_img02.jpg,D:\FR\IGD\IPCC internship\output\guardian\guardian_images\guardian_images_dataviz\guardian_2013-07-23_guardian_d950a68ea3_img04.jpg,2013-12-26,2,JPEG,445,279
kept,,D:\FR\IGD\IPCC internship\output\guardian\guardian_images\guardian_images_dataviz\guardian_2013-12-26_guardian_4aa60a0deb_img03.jpg,D:\FR\IGD\IPCC internship\output\guardian\guardian_images\guardian_images_dataviz\guardian_2013-12-26_guardian_4aa60a0deb_img03.jpg,2013-12-26,3,JPEG,445,239
kept,,D:\FR\IGD\IPCC internship\output\guardian\guardian_images\guardian_images_dataviz\guardian_2013-12-27_guardian_9be642396a_img02.jpg,D:\FR\IGD\IPCC internship\output\guardian\guardian_images\guardian_images_dataviz\guardian_2013-12-27_guardian_9be642396a_img02.jpg,2013-12-27,2,JPEG,445,268
removed_from_dedup,exact_visual_duplicate,D:\FR\IGD\IPCC internship\output\guardian\guardian_images\guardian_images_dataviz\guardian_2013-12-31_guardian_cba48fc157_img02.jpg,D:\FR\IGD\IPCC internship\output\guardian\guardian_images\guardian_images_dataviz\guardian_2013-10-01_guardian_84abc54ecf_img02.jpg,2013-12-31,2,JPEG,445,358
kept,,D:\FR\IGD\IPCC internship\output\guardian\guardian_images\guardian_images_dataviz\guardian_2013-12-31_guardian_cba48fc157_img03.jpg,D:\FR\IGD\IPCC internship\output\guardian\guardian_images\guardian_images_dataviz\guardian_2013-12-31_guardian_cba48fc157_img03.jpg,2013-12-31,3,JPEG,445,353
kept,,D:\FR\IGD\IPCC internship\output\guardian\guardian_images\guardian_images_dataviz\guardian_2013-12-31_guardian_1ce2dc07b0_img05.jpg,D:\FR\IGD\IPCC internship\output\guardian\guardian_images\guardian_images_dataviz\guardian_2013-12-31_guardian_1ce2dc07b0_img05.jpg,2013-12-31,5,JPEG,140,84
kept,,D:\FR\IGD\IPCC internship\output\guardian\guardian_images\guardian_images_dataviz\guardian_2014-01-06_guardian_f281d1c00e_img02.jpg,D:\FR\IGD\IPCC internship\output\guardian\guardian_images\guardian_images_dataviz\guardian_2014-01-06_guardian_f281d1c00e_img02.jpg,2014-01-06,2,JPEG,445,334
kept,,D:\FR\IGD\IPCC internship\output\guardian\guardian_images\guardian_images_dataviz\guardian_2014-01-09_guardian_ae2b932bd7_img02.jpg,D:\FR\IGD\IPCC internship\output\guardian\guardian_images\guardian_images_dataviz\guardian_2014-01-09_guardian_ae2b932bd7_img02.jpg,2014-01-09,2,JPEG,445,128
removed_from_dedup,exact_visual_duplicate,D:\FR\IGD\IPCC internship\output\guardian\guardian_images\guardian_images_dataviz\guardian_2014-01-20_guardian_4088cf8e0c_img02.jpg,D:\FR\IGD\IPCC internship\output\guardian\guardian_images\guardian_images_dataviz\guardian_2013-05-16_guardian_8df57908c2_img03.jpg,2014-01-20,2,JPEG,445,303
removed_from_dedup,exact_visual_duplicate,D:\FR\IGD\IPCC internship\output\guardian\guardian_images\guardian_images_dataviz\guardian_2014-01-20_guardian_4088cf8e0c_img03.jpg,D:\FR\IGD\IPCC internship\output\guardian\guardian_images\guardian_images_dataviz\guardian_2013-10-01_guardian_84abc54ecf_img02.jpg,2014-01-20,3,JPEG,445,358
kept,,D:\FR\IGD\IPCC internship\output\guardian\guardian_images\guardian_images_dataviz\guardian_2014-01-23_guardian_fbf3eaa997_img02.jpg,D:\FR\IGD\IPCC internship\output\guardian\guardian_images\guardian_images_dataviz\guardian_2014-01-23_guardian_fbf3eaa997_img02.jpg,2014-01-23,2,JPEG,445,162
kept,,D:\FR\IGD\IPCC internship\output\guardian\guardian_images\guardian_images_dataviz\guardian_2014-01-30_guardian_f82cf818f2_img02.jpg,D:\FR\IGD\IPCC internship\output\guardian\guardian_images\guardian_images_dataviz\guardian_2014-01-30_guardian_f82cf818f2_img02.jpg,2014-01-30,2,JPEG,445,581
kept,,D:\FR\IGD\IPCC internship\output\guardian\guardian_images\guardian_images_dataviz\guardian_2014-02-05_guardian_ccf1116696_img02.jpg,D:\FR\IGD\IPCC internship\output\guardian\guardian_images\guardian_images_dataviz\guardian_2014-02-05_guardian_ccf1116696_img02.jpg,2014-02-05,2,JPEG,445,267
kept,,D:\FR\IGD\IPCC internship\output\guardian\guardian_images\guardian_images_dataviz\guardian_2014-02-06_guardian_6a8f39403c_img03.jpg,D:\FR\IGD\IPCC internship\output\guardian\guardian_images\guardian_images_dataviz\guardian_2014-02-06_guardian_6a8f39403c_img03.jpg,2014-02-06,3,JPEG,445,312
kept,,D:\FR\IGD\IPCC internship\output\guardian\guardian_images\guardian_images_dataviz\guardian_2014-02-06_guardian_6a8f39403c_img04.jpg,D:\FR\IGD\IPCC internship\output\guardian\guardian_images\guardian_images_dataviz\guardian_2014-02-06_guardian_6a8f39403c_img04.jpg,2014-02-06,4,JPEG,445,303
kept,,D:\FR\IGD\IPCC internship\output\guardian\guardian_images\guardian_images_dataviz\guardian_2014-02-10_guardian_3fb325ad4b_img02.jpg,D:\FR\IGD\IPCC internship\output\guardian\guardian_images\guardian_images_dataviz\guardian_2014-02-10_guardian_3fb325ad4b_img02.jpg,2014-02-10,2,JPEG,445,486
kept,,D:\FR\IGD\IPCC internship\output\guardian\guardian_images\guardian_images_dataviz\guardian_2014-02-10_guardian_3fb325ad4b_img03.jpg,D:\FR\IGD\IPCC internship\output\guardian\guardian_images\guardian_images_dataviz\guardian_2014-02-10_guardian_3fb325ad4b_img03.jpg,2014-02-10,3,JPEG,445,267
kept,,D:\FR\IGD\IPCC internship\output\guardian\guardian_images\guardian_images_dataviz\guardian_2014-02-12_guardian_554c07c607_img02.jpg,D:\FR\IGD\IPCC internship\output\guardian\guardian_images\guardian_images_dataviz\guardian_2014-02-12_guardian_554c07c607_img02.jpg,2014-02-12,2,JPEG,445,347
kept,,D:\FR\IGD\IPCC internship\output\guardian\guardian_images\guardian_images_dataviz\guardian_2014-02-14_guardian_8e9a04b49a_img01.jpg,D:\FR\IGD\IPCC internship\output\guardian\guardian_images\guardian_images_dataviz\guardian_2014-02-14_guardian_8e9a04b49a_img01.jpg,2014-02-14,1,JPEG,460,276
kept,,D:\FR\IGD\IPCC internship\output\guardian\guardian_images\guardian_images_dataviz\guardian_2014-02-14_guardian_00aa68e80b_img04.jpg,D:\FR\IGD\IPCC internship\output\guardian\guardian_images\guardian_images_dataviz\guardian_2014-02-14_guardian_00aa68e80b_img04.jpg,2014-02-14,4,JPEG,465,248
kept,,D:\FR\IGD\IPCC internship\output\guardian\guardian_images\guardian_images_dataviz\guardian_2014-02-14_guardian_75c47757d8_img04.jpg,D:\FR\IGD\IPCC internship\output\guardian\guardian_images\guardian_images_dataviz\guardian_2014-02-14_guardian_75c47757d8_img04.jpg,2014-02-14,4,JPEG,445,267
kept,,D:\FR\IGD\IPCC internship\output\guardian\guardian_images\guardian_images_dataviz\guardian_2014-02-14_guardian_00aa68e80b_img05.jpg,D:\FR\IGD\IPCC internship\output\guardian\guardian_images\guardian_images_dataviz\guardian_2014-02-14_guardian_00aa68e80b_img05.jpg,2014-02-14,5,JPEG,465,434
kept,,D:\FR\IGD\IPCC internship\output\guardian\guardian_images\guardian_images_dataviz\guardian_2014-02-18_guardian_9299a9ad3d_img01.jpg,D:\FR\IGD\IPCC internship\output\guardian\guardian_images\guardian_images_dataviz\guardian_2014-02-18_guardian_9299a9ad3d_img01.jpg,2014-02-18,1,JPEG,460,276
kept,,D:\FR\IGD\IPCC internship\output\guardian\guardian_images\guardian_images_dataviz\guardian_2014-02-18_guardian_9299a9ad3d_img02.jpg,D:\FR\IGD\IPCC internship\output\guardian\guardian_images\guardian_images_dataviz\guardian_2014-02-18_guardian_9299a9ad3d_img02.jpg,2014-02-18,2,JPEG,445,323
kept,,D:\FR\IGD\IPCC internship\output\guardian\guardian_images\guardian_images_dataviz\guardian_2014-02-18_guardian_9299a9ad3d_img03.jpg,D:\FR\IGD\IPCC internship\output\guardian\guardian_images\guardian_images_dataviz\guardian_2014-02-18_guardian_9299a9ad3d_img03.jpg,2014-02-18,3,JPEG,445,323
kept,,D:\FR\IGD\IPCC internship\output\guardian\guardian_images\guardian_images_dataviz\guardian_2014-02-18_guardian_9299a9ad3d_img04.jpg,D:\FR\IGD\IPCC internship\output\guardian\guardian_images\guardian_images_dataviz\guardian_2014-02-18_guardian_9299a9ad3d_img04.jpg,2014-02-18,4,JPEG,445,475
kept,,D:\FR\IGD\IPCC internship\output\guardian\guardian_images\guardian_images_dataviz\guardian_2014-02-25_guardian_cd3aa28bc6_img03.jpg,D:\FR\IGD\IPCC internship\output\guardian\guardian_images\guardian_images_dataviz\guardian_2014-02-25_guardian_cd3aa28bc6_img03.jpg,2014-02-25,3,JPEG,445,356
kept,,D:\FR\IGD\IPCC internship\output\guardian\guardian_images\guardian_images_dataviz\guardian_2014-03-01_guardian_ea4af70f3b_img02.jpg,D:\FR\IGD\IPCC internship\output\guardian\guardian_images\guardian_images_dataviz\guardian_2014-03-01_guardian_ea4af70f3b_img02.jpg,2014-03-01,2,JPEG,445,445
kept,,D:\FR\IGD\IPCC internship\output\guardian\guardian_images\guardian_images_dataviz\guardian_2014-03-03_guardian_6cdc8b0330_img02.jpg,D:\FR\IGD\IPCC internship\output\guardian\guardian_images\guardian_images_dataviz\guardian_2014-03-03_guardian_6cdc8b0330_img02.jpg,2014-03-03,2,JPEG,435,261
kept,,D:\FR\IGD\IPCC internship\output\guardian\guardian_images\guardian_images_dataviz\guardian_2014-03-03_guardian_6cdc8b0330_img03.jpg,D:\FR\IGD\IPCC internship\output\guardian\guardian_images\guardian_images_dataviz\guardian_2014-03-03_guardian_6cdc8b0330_img03.jpg,2014-03-03,3,JPEG,435,261
kept,,D:\FR\IGD\IPCC internship\output\guardian\guardian_images\guardian_images_dataviz\guardian_2014-03-03_guardian_6cdc8b0330_img04.jpg,D:\FR\IGD\IPCC internship\output\guardian\guardian_images\guardian_images_dataviz\guardian_2014-03-03_guardian_6cdc8b0330_img04.jpg,2014-03-03,4,JPEG,435,261
removed_from_dedup,exact_visual_duplicate,D:\FR\IGD\IPCC internship\output\guardian\guardian_images\guardian_images_dataviz\guardian_2014-03-24_guardian_24abec159c_img02.jpg,D:\FR\IGD\IPCC internship\output\guardian\guardian_images\guardian_images_dataviz\guardian_2014-02-05_guardian_ccf1116696_img02.jpg,2014-03-24,2,JPEG,445,267
kept,,D:\FR\IGD\IPCC internship\output\guardian\guardian_images\guardian_images_dataviz\guardian_2014-03-25_guardian_5ce505ac96_img02.jpg,D:\FR\IGD\IPCC internship\output\guardian\guardian_images\guardian_images_dataviz\guardian_2014-03-25_guardian_5ce505ac96_img02.jpg,2014-03-25,2,JPEG,445,260
kept,,D:\FR\IGD\IPCC internship\output\guardian\guardian_images\guardian_images_dataviz\guardian_2014-03-25_guardian_692273320f_img02.jpg,D:\FR\IGD\IPCC internship\output\guardian\guardian_images\guardian_images_dataviz\guardian_2014-03-25_guardian_692273320f_img02.jpg,2014-03-25,2,JPEG,445,332
kept,,D:\FR\IGD\IPCC internship\output\guardian\guardian_images\guardian_images_dataviz\guardian_2014-03-31_guardian_5949682ecc_img02.jpg,D:\FR\IGD\IPCC internship\output\guardian\guardian_images\guardian_images_dataviz\guardian_2014-03-31_guardian_5949682ecc_img02.jpg,2014-03-31,2,JPEG,445,267
kept,,D:\FR\IGD\IPCC internship\output\guardian\guardian_images\guardian_images_dataviz\guardian_2014-03-31_guardian_5c5ed8615c_img02.jpg,D:\FR\IGD\IPCC internship\output\guardian\guardian_images\guardian_images_dataviz\guardian_2014-03-31_guardian_5c5ed8615c_img02.jpg,2014-03-31,2,JPEG,120,52
kept,,D:\FR\IGD\IPCC internship\output\guardian\guardian_images\guardian_images_dataviz\guardian_2014-03-31_guardian_5c5ed8615c_img03.jpg,D:\FR\IGD\IPCC internship\output\guardian\guardian_images\guardian_images_dataviz\guardian_2014-03-31_guardian_5c5ed8615c_img03.jpg,2014-03-31,3,JPEG,120,59
kept,,D:\FR\IGD\IPCC internship\output\guardian\guardian_images\guardian_images_dataviz\guardian_2014-04-04_guardian_53ce9e9cb4_img02.jpg,D:\FR\IGD\IPCC internship\output\guardian\guardian_images\guardian_images_dataviz\guardian_2014-04-04_guardian_53ce9e9cb4_img02.jpg,2014-04-04,2,JPEG,445,335
kept,,D:\FR\IGD\IPCC internship\output\guardian\guardian_images\guardian_images_dataviz\guardian_2014-04-08_guardian_ae6298bebb_img02.jpg,D:\FR\IGD\IPCC internship\output\guardian\guardian_images\guardian_images_dataviz\guardian_2014-04-08_guardian_ae6298bebb_img02.jpg,2014-04-08,2,JPEG,445,403
kept,,D:\FR\IGD\IPCC internship\output\guardian\guardian_images\guardian_images_dataviz\guardian_2014-04-11_guardian_4b66625d71_img02.jpg,D:\FR\IGD\IPCC internship\output\guardian\guardian_images\guardian_images_dataviz\guardian_2014-04-11_guardian_4b66625d71_img02.jpg,2014-04-11,2,JPEG,415,500
kept,,D:\FR\IGD\IPCC internship\output\guardian\guardian_images\guardian_images_dataviz\guardian_2014-04-11_guardian_4b66625d71_img03.jpg,D:\FR\IGD\IPCC internship\output\guardian\guardian_images\guardian_images_dataviz\guardian_2014-04-11_guardian_4b66625d71_img03.jpg,2014-04-11,3,JPEG,445,260
kept,,D:\FR\IGD\IPCC internship\output\guardian\guardian_images\guardian_images_dataviz\guardian_2014-04-12_guardian_e79bcc6309_img02.jpg,D:\FR\IGD\IPCC internship\output\guardian\guardian_images\guardian_images_dataviz\guardian_2014-04-12_guardian_e79bcc6309_img02.jpg,2014-04-12,2,JPEG,445,786
removed_from_dedup,exact_visual_duplicate,D:\FR\IGD\IPCC internship\output\guardian\guardian_images\guardian_images_dataviz\guardian_2014-04-22_guardian_7e4887f47d_img02.jpg,D:\FR\IGD\IPCC internship\output\guardian\guardian_images\guardian_images_dataviz\guardian_2013-10-01_guardian_84abc54ecf_img04.jpg,2014-04-22,2,JPEG,445,243
removed_from_dedup,exact_visual_duplicate,D:\FR\IGD\IPCC internship\output\guardian\guardian_images\guardian_images_dataviz\guardian_2014-05-06_guardian_7eeb5c382c_img02.jpg,D:\FR\IGD\IPCC internship\output\guardian\guardian_images\guardian_images_dataviz\guardian_2013-05-16_guardian_8df57908c2_img03.jpg,2014-05-06,2,JPEG,445,303
kept,,D:\FR\IGD\IPCC internship\output\guardian\guardian_images\guardian_images_dataviz\guardian_2014-05-19_guardian_96170578fd_img02.jpg,D:\FR\IGD\IPCC internship\output\guardian\guardian_images\guardian_images_dataviz\guardian_2014-05-19_guardian_96170578fd_img02.jpg,2014-05-19,2,JPEG,445,262
kept,,D:\FR\IGD\IPCC internship\output\guardian\guardian_images\guardian_images_dataviz\guardian_2014-06-11_guardian_a9c3972e62_img01.jpg,D:\FR\IGD\IPCC internship\output\guardian\guardian_images\guardian_images_dataviz\guardian_2014-06-11_guardian_a9c3972e62_img01.jpg,2014-06-11,1,JPEG,465,349
kept,,D:\FR\IGD\IPCC internship\output\guardian\guardian_images\guardian_images_dataviz\guardian_2014-06-25_guardian_4f7949fd62_img02.jpg,D:\FR\IGD\IPCC internship\output\guardian\guardian_images\guardian_images_dataviz\guardian_2014-06-25_guardian_4f7949fd62_img02.jpg,2014-06-25,2,JPEG,445,334
kept,,D:\FR\IGD\IPCC internship\output\guardian\guardian_images\guardian_images_dataviz\guardian_2014-07-14_guardian_a23d72ba97_img02.jpg,D:\FR\IGD\IPCC internship\output\guardian\guardian_images\guardian_images_dataviz\guardian_2014-07-14_guardian_a23d72ba97_img02.jpg,2014-07-14,2,JPEG,445,243
kept,,D:\FR\IGD\IPCC internship\output\guardian\guardian_images\guardian_images_dataviz\guardian_2014-07-23_guardian_b435d05b79_img06.jpg,D:\FR\IGD\IPCC internship\output\guardian\guardian_images\guardian_images_dataviz\guardian_2014-07-23_guardian_b435d05b79_img06.jpg,2014-07-23,6,JPEG,465,206
kept,,D:\FR\IGD\IPCC internship\output\guardian\guardian_images\guardian_images_dataviz\guardian_2014-07-23_guardian_b435d05b79_img07.jpg,D:\FR\IGD\IPCC internship\output\guardian\guardian_images\guardian_images_dataviz\guardian_2014-07-23_guardian_b435d05b79_img07.jpg,2014-07-23,7,JPEG,465,312
kept,,D:\FR\IGD\IPCC internship\output\guardian\guardian_images\guardian_images_dataviz\guardian_2014-07-23_guardian_b435d05b79_img08.jpg,D:\FR\IGD\IPCC internship\output\guardian\guardian_images\guardian_images_dataviz\guardian_2014-07-23_guardian_b435d05b79_img08.jpg,2014-07-23,8,JPEG,465,231
kept,,D:\FR\IGD\IPCC internship\output\guardian\guardian_images\guardian_images_dataviz\guardian_2014-07-30_guardian_cb3f42ed4e_img02.jpg,D:\FR\IGD\IPCC internship\output\guardian\guardian_images\guardian_images_dataviz\guardian_2014-07-30_guardian_cb3f42ed4e_img02.jpg,2014-07-30,2,JPEG,445,295
kept,,D:\FR\IGD\IPCC internship\output\guardian\guardian_images\guardian_images_dataviz\guardian_2014-07-30_guardian_cb3f42ed4e_img03.jpg,D:\FR\IGD\IPCC internship\output\guardian\guardian_images\guardian_images_dataviz\guardian_2014-07-30_guardian_cb3f42ed4e_img03.jpg,2014-07-30,3,JPEG,445,299
kept,,D:\FR\IGD\IPCC internship\output\guardian\guardian_images\guardian_images_dataviz\guardian_2014-08-01_guardian_6bf64e3a19_img02.jpg,D:\FR\IGD\IPCC internship\output\guardian\guardian_images\guardian_images_dataviz\guardian_2014-08-01_guardian_6bf64e3a19_img02.jpg,2014-08-01,2,JPEG,445,151
kept,,D:\FR\IGD\IPCC internship\output\guardian\guardian_images\guardian_images_dataviz\guardian_2014-08-01_guardian_6bf64e3a19_img03.jpg,D:\FR\IGD\IPCC internship\output\guardian\guardian_images\guardian_images_dataviz\guardian_2014-08-01_guardian_6bf64e3a19_img03.jpg,2014-08-01,3,JPEG,445,170
kept,,D:\FR\IGD\IPCC internship\output\guardian\guardian_images\guardian_images_dataviz\guardian_2014-08-11_guardian_12a39019a4_img02.jpg,D:\FR\IGD\IPCC internship\output\guardian\guardian_images\guardian_images_dataviz\guardian_2014-08-11_guardian_12a39019a4_img02.jpg,2014-08-11,2,JPEG,445,267
kept,,D:\FR\IGD\IPCC internship\output\guardian\guardian_images\guardian_images_dataviz\guardian_2014-08-11_guardian_12a39019a4_img03.jpg,D:\FR\IGD\IPCC internship\output\guardian\guardian_images\guardian_images_dataviz\guardian_2014-08-11_guardian_12a39019a4_img03.jpg,2014-08-11,3,JPEG,445,304
kept,,D:\FR\IGD\IPCC internship\output\guardian\guardian_images\guardian_images_dataviz\guardian_2014-08-12_guardian_a7c9791889_img02.jpg,D:\FR\IGD\IPCC internship\output\guardian\guardian_images\guardian_images_dataviz\guardian_2014-08-12_guardian_a7c9791889_img02.jpg,2014-08-12,2,JPEG,402,241
kept,,D:\FR\IGD\IPCC internship\output\guardian\guardian_images\guardian_images_dataviz\guardian_2014-08-14_guardian_e928d0f275_img02.jpg,D:\FR\IGD\IPCC internship\output\guardian\guardian_images\guardian_images_dataviz\guardian_2014-08-14_guardian_e928d0f275_img02.jpg,2014-08-14,2,JPEG,349,258
kept,,D:\FR\IGD\IPCC internship\output\guardian\guardian_images\guardian_images_dataviz\guardian_2014-08-14_guardian_e928d0f275_img03.jpg,D:\FR\IGD\IPCC internship\output\guardian\guardian_images\guardian_images_dataviz\guardian_2014-08-14_guardian_e928d0f275_img03.jpg,2014-08-14,3,JPEG,334,248
kept,,D:\FR\IGD\IPCC internship\output\guardian\guardian_images\guardian_images_dataviz\guardian_2014-08-14_guardian_e928d0f275_img04.jpg,D:\FR\IGD\IPCC internship\output\guardian\guardian_images\guardian_images_dataviz\guardian_2014-08-14_guardian_e928d0f275_img04.jpg,2014-08-14,4,JPEG,349,192
kept,,D:\FR\IGD\IPCC internship\output\guardian\guardian_images\guardian_images_dataviz\guardian_2014-08-14_guardian_e928d0f275_img05.jpg,D:\FR\IGD\IPCC internship\output\guardian\guardian_images\guardian_images_dataviz\guardian_2014-08-14_guardian_e928d0f275_img05.jpg,2014-08-14,5,JPEG,364,361
kept,,D:\FR\IGD\IPCC internship\output\guardian\guardian_images\guardian_images_dataviz\guardian_2014-08-14_guardian_e928d0f275_img06.jpg,D:\FR\IGD\IPCC internship\output\guardian\guardian_images\guardian_images_dataviz\guardian_2014-08-14_guardian_e928d0f275_img06.jpg,2014-08-14,6,JPEG,445,375
kept,,D:\FR\IGD\IPCC internship\output\guardian\guardian_images\guardian_images_dataviz\guardian_2014-08-21_guardian_8b37de7e4a_img02.jpg,D:\FR\IGD\IPCC internship\output\guardian\guardian_images\guardian_images_dataviz\guardian_2014-08-21_guardian_8b37de7e4a_img02.jpg,2014-08-21,2,JPEG,445,394
kept,,D:\FR\IGD\IPCC internship\output\guardian\guardian_images\guardian_images_dataviz\guardian_2014-08-25_guardian_82b62864f4_img02.jpg,D:\FR\IGD\IPCC internship\output\guardian\guardian_images\guardian_images_dataviz\guardian_2014-08-25_guardian_82b62864f4_img02.jpg,2014-08-25,2,JPEG,445,320
kept,,D:\FR\IGD\IPCC internship\output\guardian\guardian_images\guardian_images_dataviz\guardian_2014-09-10_guardian_270ea745da_img03.jpg,D:\FR\IGD\IPCC internship\output\guardian\guardian_images\guardian_images_dataviz\guardian_2014-09-10_guardian_270ea745da_img03.jpg,2014-09-10,3,JPEG,465,216
kept,,D:\FR\IGD\IPCC internship\output\guardian\guardian_images\guardian_images_dataviz\guardian_2014-09-10_guardian_270ea745da_img04.jpg,D:\FR\IGD\IPCC internship\output\guardian\guardian_images\guardian_images_dataviz\guardian_2014-09-10_guardian_270ea745da_img04.jpg,2014-09-10,4,JPEG,465,273
kept,,D:\FR\IGD\IPCC internship\output\guardian\guardian_images\guardian_images_dataviz\guardian_2014-09-11_guardian_72db8986b9_img01.jpg,D:\FR\IGD\IPCC internship\output\guardian\guardian_images\guardian_images_dataviz\guardian_2014-09-11_guardian_72db8986b9_img01.jpg,2014-09-11,1,JPEG,465,279
kept,,D:\FR\IGD\IPCC internship\output\guardian\guardian_images\guardian_images_dataviz\guardian_2014-09-15_guardian_b7b354f50a_img02.jpg,D:\FR\IGD\IPCC internship\output\guardian\guardian_images\guardian_images_dataviz\guardian_2014-09-15_guardian_b7b354f50a_img02.jpg,2014-09-15,2,JPEG,445,308
kept,,D:\FR\IGD\IPCC internship\output\guardian\guardian_images\guardian_images_dataviz\guardian_2014-09-15_guardian_b7b354f50a_img03.jpg,D:\FR\IGD\IPCC internship\output\guardian\guardian_images\guardian_images_dataviz\guardian_2014-09-15_guardian_b7b354f50a_img03.jpg,2014-09-15,3,JPEG,445,357
kept,,D:\FR\IGD\IPCC internship\output\guardian\guardian_images\guardian_images_dataviz\guardian_2014-09-23_guardian_e717c8e576_img01.jpg,D:\FR\IGD\IPCC internship\output\guardian\guardian_images\guardian_images_dataviz\guardian_2014-09-23_guardian_e717c8e576_img01.jpg,2014-09-23,1,JPEG,465,227
kept,,D:\FR\IGD\IPCC internship\output\guardian\guardian_images\guardian_images_dataviz\guardian_2014-09-24_guardian_8c894a399e_img02.jpg,D:\FR\IGD\IPCC internship\output\guardian\guardian_images\guardian_images_dataviz\guardian_2014-09-24_guardian_8c894a399e_img02.jpg,2014-09-24,2,JPEG,445,301
kept,,D:\FR\IGD\IPCC internship\output\guardian\guardian_images\guardian_images_dataviz\guardian_2014-09-24_guardian_8c894a399e_img03.jpg,D:\FR\IGD\IPCC internship\output\guardian\guardian_images\guardian_images_dataviz\guardian_2014-09-24_guardian_8c894a399e_img03.jpg,2014-09-24,3,JPEG,445,308
kept,,D:\FR\IGD\IPCC internship\output\guardian\guardian_images\guardian_images_dataviz\guardian_2014-10-01_guardian_0c3e56c4f5_img04.jpg,D:\FR\IGD\IPCC internship\output\guardian\guardian_images\guardian_images_dataviz\guardian_2014-10-01_guardian_0c3e56c4f5_img04.jpg,2014-10-01,4,JPEG,445,418
kept,,D:\FR\IGD\IPCC internship\output\guardian\guardian_images\guardian_images_dataviz\guardian_2014-10-08_guardian_7703c20e25_img02.jpg,D:\FR\IGD\IPCC internship\output\guardian\guardian_images\guardian_images_dataviz\guardian_2014-10-08_guardian_7703c20e25_img02.jpg,2014-10-08,2,JPEG,353,720
kept,,D:\FR\IGD\IPCC internship\output\guardian\guardian_images\guardian_images_dataviz\guardian_2014-10-09_guardian_d236205e5a_img03.jpg,D:\FR\IGD\IPCC internship\output\guardian\guardian_images\guardian_images_dataviz\guardian_2014-10-09_guardian_d236205e5a_img03.jpg,2014-10-09,3,JPEG,445,521
kept,,D:\FR\IGD\IPCC internship\output\guardian\guardian_images\guardian_images_dataviz\guardian_2014-10-29_guardian_3a61b560ca_img11.jpg,D:\FR\IGD\IPCC internship\output\guardian\guardian_images\guardian_images_dataviz\guardian_2014-10-29_guardian_3a61b560ca_img11.jpg,2014-10-29,11,JPEG,445,267
kept,,D:\FR\IGD\IPCC internship\output\guardian\guardian_images\guardian_images_dataviz\guardian_2014-10-31_guardian_43f282196c_img02.jpg,D:\FR\IGD\IPCC internship\output\guardian\guardian_images\guardian_images_dataviz\guardian_2014-10-31_guardian_43f282196c_img02.jpg,2014-10-31,2,JPEG,445,299
kept,,D:\FR\IGD\IPCC internship\output\guardian\guardian_images\guardian_images_dataviz\guardian_2014-10-31_guardian_43f282196c_img03.jpg,D:\FR\IGD\IPCC internship\output\guardian\guardian_images\guardian_images_dataviz\guardian_2014-10-31_guardian_43f282196c_img03.jpg,2014-10-31,3,JPEG,445,488
kept,,D:\FR\IGD\IPCC internship\output\guardian\guardian_images\guardian_images_dataviz\guardian_2014-10-31_guardian_43f282196c_img04.jpg,D:\FR\IGD\IPCC internship\output\guardian\guardian_images\guardian_images_dataviz\guardian_2014-10-31_guardian_43f282196c_img04.jpg,2014-10-31,4,JPEG,445,173
kept,,D:\FR\IGD\IPCC internship\output\guardian\guardian_images\guardian_images_dataviz\guardian_2014-10-31_guardian_43f282196c_img05.jpg,D:\FR\IGD\IPCC internship\output\guardian\guardian_images\guardian_images_dataviz\guardian_2014-10-31_guardian_43f282196c_img05.jpg,2014-10-31,5,JPEG,445,255
kept,,D:\FR\IGD\IPCC internship\output\guardian\guardian_images\guardian_images_dataviz\guardian_2014-10-31_guardian_43f282196c_img06.jpg,D:\FR\IGD\IPCC internship\output\guardian\guardian_images\guardian_images_dataviz\guardian_2014-10-31_guardian_43f282196c_img06.jpg,2014-10-31,6,JPEG,445,256
kept,,D:\FR\IGD\IPCC internship\output\guardian\guardian_images\guardian_images_dataviz\guardian_2014-10-31_guardian_43f282196c_img07.jpg,D:\FR\IGD\IPCC internship\output\guardian\guardian_images\guardian_images_dataviz\guardian_2014-10-31_guardian_43f282196c_img07.jpg,2014-10-31,7,JPEG,445,319
kept,,D:\FR\IGD\IPCC internship\output\guardian\guardian_images\guardian_images_dataviz\guardian_2014-11-10_guardian_4acbef978f_img02.jpg,D:\FR\IGD\IPCC internship\output\guardian\guardian_images\guardian_images_dataviz\guardian_2014-11-10_guardian_4acbef978f_img02.jpg,2014-11-10,2,JPEG,445,193
kept,,D:\FR\IGD\IPCC internship\output\guardian\guardian_images\guardian_images_dataviz\guardian_2014-11-11_guardian_8ca97a7101_img02.jpg,D:\FR\IGD\IPCC internship\output\guardian\guardian_images\guardian_images_dataviz\guardian_2014-11-11_guardian_8ca97a7101_img02.jpg,2014-11-11,2,JPEG,445,307
kept,,D:\FR\IGD\IPCC internship\output\guardian\guardian_images\guardian_images_dataviz\guardian_2014-11-12_guardian_be52368250_img02.jpg,D:\FR\IGD\IPCC internship\output\guardian\guardian_images\guardian_images_dataviz\guardian_2014-11-12_guardian_be52368250_img02.jpg,2014-11-12,2,JPEG,445,267
kept,,D:\FR\IGD\IPCC internship\output\guardian\guardian_images\guardian_images_dataviz\guardian_2014-12-03_guardian_2ead5069ab_img02.jpg,D:\FR\IGD\IPCC internship\output\guardian\guardian_images\guardian_images_dataviz\guardian_2014-12-03_guardian_2ead5069ab_img02.jpg,2014-12-03,2,JPEG,445,302
kept,,D:\FR\IGD\IPCC internship\output\guardian\guardian_images\guardian_images_dataviz\guardian_2014-12-03_guardian_fb4cadb4d5_img02.jpg,D:\FR\IGD\IPCC internship\output\guardian\guardian_images\guardian_images_dataviz\guardian_2014-12-03_guardian_fb4cadb4d5_img02.jpg,2014-12-03,2,JPEG,445,314
kept,,D:\FR\IGD\IPCC internship\output\guardian\guardian_images\guardian_images_dataviz\guardian_2014-12-09_guardian_e13e2c85ce_img04.jpg,D:\FR\IGD\IPCC internship\output\guardian\guardian_images\guardian_images_dataviz\guardian_2014-12-09_guardian_e13e2c85ce_img04.jpg,2014-12-09,4,JPEG,445,433
kept,,D:\FR\IGD\IPCC internship\output\guardian\guardian_images\guardian_images_dataviz\guardian_2014-12-10_guardian_36ad0813f3_img02.jpg,D:\FR\IGD\IPCC internship\output\guardian\guardian_images\guardian_images_dataviz\guardian_2014-12-10_guardian_36ad0813f3_img02.jpg,2014-12-10,2,JPEG,445,267
kept,,D:\FR\IGD\IPCC internship\output\guardian\guardian_images\guardian_images_dataviz\guardian_2014-12-10_guardian_36ad0813f3_img03.jpg,D:\FR\IGD\IPCC internship\output\guardian\guardian_images\guardian_images_dataviz\guardian_2014-12-10_guardian_36ad0813f3_img03.jpg,2014-12-10,3,JPEG,445,309
kept,,D:\FR\IGD\IPCC internship\output\guardian\guardian_images\guardian_images_dataviz\guardian_2014-12-10_guardian_36ad0813f3_img04.jpg,D:\FR\IGD\IPCC internship\output\guardian\guardian_images\guardian_images_dataviz\guardian_2014-12-10_guardian_36ad0813f3_img04.jpg,2014-12-10,4,JPEG,445,267
kept,,D:\FR\IGD\IPCC internship\output\guardian\guardian_images\guardian_images_dataviz\guardian_2014-12-10_guardian_36ad0813f3_img05.jpg,D:\FR\IGD\IPCC internship\output\guardian\guardian_images\guardian_images_dataviz\guardian_2014-12-10_guardian_36ad0813f3_img05.jpg,2014-12-10,5,JPEG,445,309
kept,,D:\FR\IGD\IPCC internship\output\guardian\guardian_images\guardian_images_dataviz\guardian_2014-12-10_guardian_36ad0813f3_img06.jpg,D:\FR\IGD\IPCC internship\output\guardian\guardian_images\guardian_images_dataviz\guardian_2014-12-10_guardian_36ad0813f3_img06.jpg,2014-12-10,6,JPEG,445,309
kept,,D:\FR\IGD\IPCC internship\output\guardian\guardian_images\guardian_images_dataviz\guardian_2014-12-10_guardian_36ad0813f3_img07.jpg,D:\FR\IGD\IPCC internship\output\guardian\guardian_images\guardian_images_dataviz\guardian_2014-12-10_guardian_36ad0813f3_img07.jpg,2014-12-10,7,JPEG,445,412
kept,,D:\FR\IGD\IPCC internship\output\guardian\guardian_images\guardian_images_dataviz\guardian_2014-12-14_guardian_ecd85e730b_img06.jpg,D:\FR\IGD\IPCC internship\output\guardian\guardian_images\guardian_images_dataviz\guardian_2014-12-14_guardian_ecd85e730b_img06.jpg,2014-12-14,6,JPEG,445,760
kept,,D:\FR\IGD\IPCC internship\output\guardian\guardian_images\guardian_images_dataviz\guardian_2014-12-14_guardian_ecd85e730b_img07.jpg,D:\FR\IGD\IPCC internship\output\guardian\guardian_images\guardian_images_dataviz\guardian_2014-12-14_guardian_ecd85e730b_img07.jpg,2014-12-14,7,JPEG,315,720
kept,,D:\FR\IGD\IPCC internship\output\guardian\guardian_images\guardian_images_dataviz\guardian_2014-12-17_guardian_90e9340492_img02.jpg,D:\FR\IGD\IPCC internship\output\guardian\guardian_images\guardian_images_dataviz\guardian_2014-12-17_guardian_90e9340492_img02.jpg,2014-12-17,2,JPEG,445,259
kept,,D:\FR\IGD\IPCC internship\output\guardian\guardian_images\guardian_images_dataviz\guardian_2014-12-19_guardian_9becbbee78_img02.jpg,D:\FR\IGD\IPCC internship\output\guardian\guardian_images\guardian_images_dataviz\guardian_2014-12-19_guardian_9becbbee78_img02.jpg,2014-12-19,2,JPEG,445,267
kept,,D:\FR\IGD\IPCC internship\output\guardian\guardian_images\guardian_images_dataviz\guardian_2014-12-24_guardian_b5934e4665_img02.jpg,D:\FR\IGD\IPCC internship\output\guardian\guardian_images\guardian_images_dataviz\guardian_2014-12-24_guardian_b5934e4665_img02.jpg,2014-12-24,2,JPEG,445,216
kept,,D:\FR\IGD\IPCC internship\output\guardian\guardian_images\guardian_images_dataviz\guardian_2015-01-21_guardian_2d0fa50510_img02.jpg,D:\FR\IGD\IPCC internship\output\guardian\guardian_images\guardian_images_dataviz\guardian_2015-01-21_guardian_2d0fa50510_img02.jpg,2015-01-21,2,JPEG,445,216
kept,,D:\FR\IGD\IPCC internship\output\guardian\guardian_images\guardian_images_dataviz\guardian_2015-01-26_guardian_4696c207f1_img02.jpg,D:\FR\IGD\IPCC internship\output\guardian\guardian_images\guardian_images_dataviz\guardian_2015-01-26_guardian_4696c207f1_img02.jpg,2015-01-26,2,JPEG,445,434
kept,,D:\FR\IGD\IPCC internship\output\guardian\guardian_images\guardian_images_dataviz\guardian_2015-03-30_guardian_98462bd325_img01.jpg,D:\FR\IGD\IPCC internship\output\guardian\guardian_images\guardian_images_dataviz\guardian_2015-03-30_guardian_98462bd325_img01.jpg,2015-03-30,1,JPEG,465,274
kept,,D:\FR\IGD\IPCC internship\output\guardian\guardian_images\guardian_images_dataviz\guardian_2015-04-23_guardian_7747a796e4_img02.jpg,D:\FR\IGD\IPCC internship\output\guardian\guardian_images\guardian_images_dataviz\guardian_2015-04-23_guardian_7747a796e4_img02.jpg,2015-04-23,2,JPEG,445,301
kept,,D:\FR\IGD\IPCC internship\output\guardian\guardian_images\guardian_images_dataviz\guardian_2015-04-23_guardian_7747a796e4_img03.jpg,D:\FR\IGD\IPCC internship\output\guardian\guardian_images\guardian_images_dataviz\guardian_2015-04-23_guardian_7747a796e4_img03.jpg,2015-04-23,3,JPEG,445,299
kept,,D:\FR\IGD\IPCC internship\output\guardian\guardian_images\guardian_images_dataviz\guardian_2015-04-30_guardian_9a93e0ede1_img02.jpg,D:\FR\IGD\IPCC internship\output\guardian\guardian_images\guardian_images_dataviz\guardian_2015-04-30_guardian_9a93e0ede1_img02.jpg,2015-04-30,2,JPEG,445,337
kept,,D:\FR\IGD\IPCC internship\output\guardian\guardian_images\guardian_images_dataviz\guardian_2015-05-01_guardian_13e40e6aa3_img02.jpg,D:\FR\IGD\IPCC internship\output\guardian\guardian_images\guardian_images_dataviz\guardian_2015-05-01_guardian_13e40e6aa3_img02.jpg,2015-05-01,2,JPEG,445,313
kept,,D:\FR\IGD\IPCC internship\output\guardian\guardian_images\guardian_images_dataviz\guardian_2015-05-03_guardian_0fcb68c029_img02.jpg,D:\FR\IGD\IPCC internship\output\guardian\guardian_images\guardian_images_dataviz\guardian_2015-05-03_guardian_0fcb68c029_img02.jpg,2015-05-03,2,JPEG,120,564
kept,,D:\FR\IGD\IPCC internship\output\guardian\guardian_images\guardian_images_dataviz\guardian_2015-05-09_guardian_e1a7730f78_img02.jpg,D:\FR\IGD\IPCC internship\output\guardian\guardian_images\guardian_images_dataviz\guardian_2015-05-09_guardian_e1a7730f78_img02.jpg,2015-05-09,2,JPEG,445,312
kept,,D:\FR\IGD\IPCC internship\output\guardian\guardian_images\guardian_images_dataviz\guardian_2015-05-27_guardian_222c0a6b5f_img02.jpg,D:\FR\IGD\IPCC internship\output\guardian\guardian_images\guardian_images_dataviz\guardian_2015-05-27_guardian_222c0a6b5f_img02.jpg,2015-05-27,2,JPEG,445,357
kept,,D:\FR\IGD\IPCC internship\output\guardian\guardian_images\guardian_images_dataviz\guardian_2015-05-27_guardian_222c0a6b5f_img03.jpg,D:\FR\IGD\IPCC internship\output\guardian\guardian_images\guardian_images_dataviz\guardian_2015-05-27_guardian_222c0a6b5f_img03.jpg,2015-05-27,3,JPEG,445,308
kept,,D:\FR\IGD\IPCC internship\output\guardian\guardian_images\guardian_images_dataviz\guardian_2015-06-03_guardian_fad55899b6_img02.jpg,D:\FR\IGD\IPCC internship\output\guardian\guardian_images\guardian_images_dataviz\guardian_2015-06-03_guardian_fad55899b6_img02.jpg,2015-06-03,2,JPEG,445,159
kept,,D:\FR\IGD\IPCC internship\output\guardian\guardian_images\guardian_images_dataviz\guardian_2015-06-04_guardian_4b0e33ba0e_img01.jpg,D:\FR\IGD\IPCC internship\output\guardian\guardian_images\guardian_images_dataviz\guardian_2015-06-04_guardian_4b0e33ba0e_img01.jpg,2015-06-04,1,JPEG,465,279
kept,,D:\FR\IGD\IPCC internship\output\guardian\guardian_images\guardian_images_dataviz\guardian_2015-07-02_guardian_edfc9daf4d_img02.jpg,D:\FR\IGD\IPCC internship\output\guardian\guardian_images\guardian_images_dataviz\guardian_2015-07-02_guardian_edfc9daf4d_img02.jpg,2015-07-02,2,JPEG,382,660
kept,,D:\FR\IGD\IPCC internship\output\guardian\guardian_images\guardian_images_dataviz\guardian_2015-07-20_guardian_1334713929_img03.jpg,D:\FR\IGD\IPCC internship\output\guardian\guardian_images\guardian_images_dataviz\guardian_2015-07-20_guardian_1334713929_img03.jpg,2015-07-20,3,JPEG,445,616
kept,,D:\FR\IGD\IPCC internship\output\guardian\guardian_images\guardian_images_dataviz\guardian_2015-07-27_guardian_c734c78579_img02.jpg,D:\FR\IGD\IPCC internship\output\guardian\guardian_images\guardian_images_dataviz\guardian_2015-07-27_guardian_c734c78579_img02.jpg,2015-07-27,2,JPEG,445,240
kept,,D:\FR\IGD\IPCC internship\output\guardian\guardian_images\guardian_images_dataviz\guardian_2015-07-27_guardian_c734c78579_img03.jpg,D:\FR\IGD\IPCC internship\output\guardian\guardian_images\guardian_images_dataviz\guardian_2015-07-27_guardian_c734c78579_img03.jpg,2015-07-27,3,JPEG,445,324
kept,,D:\FR\IGD\IPCC internship\output\guardian\guardian_images\guardian_images_dataviz\guardian_2015-08-03_guardian_d5ae639b06_img02.jpg,D:\FR\IGD\IPCC internship\output\guardian\guardian_images\guardian_images_dataviz\guardian_2015-08-03_guardian_d5ae639b06_img02.jpg,2015-08-03,2,JPEG,445,206
kept,,D:\FR\IGD\IPCC internship\output\guardian\guardian_images\guardian_images_dataviz\guardian_2015-08-03_guardian_d5ae639b06_img03.jpg,D:\FR\IGD\IPCC internship\output\guardian\guardian_images\guardian_images_dataviz\guardian_2015-08-03_guardian_d5ae639b06_img03.jpg,2015-08-03,3,JPEG,445,206
kept,,D:\FR\IGD\IPCC internship\output\guardian\guardian_images\guardian_images_dataviz\guardian_2015-08-12_guardian_481689f0ca_img02.jpg,D:\FR\IGD\IPCC internship\output\guardian\guardian_images\guardian_images_dataviz\guardian_2015-08-12_guardian_481689f0ca_img02.jpg,2015-08-12,2,JPEG,445,408
kept,,D:\FR\IGD\IPCC internship\output\guardian\guardian_images\guardian_images_dataviz\guardian_2015-08-12_guardian_481689f0ca_img03.jpg,D:\FR\IGD\IPCC internship\output\guardian\guardian_images\guardian_images_dataviz\guardian_2015-08-12_guardian_481689f0ca_img03.jpg,2015-08-12,3,JPEG,445,370
kept,,D:\FR\IGD\IPCC internship\output\guardian\guardian_images\guardian_images_dataviz\guardian_2015-09-29_guardian_a4ea4d39da_img02.jpg,D:\FR\IGD\IPCC internship\output\guardian\guardian_images\guardian_images_dataviz\guardian_2015-09-29_guardian_a4ea4d39da_img02.jpg,2015-09-29,2,JPEG,445,378
kept,,D:\FR\IGD\IPCC internship\output\guardian\guardian_images\guardian_images_dataviz\guardian_2015-10-09_guardian_f76464d9a4_img02.jpg,D:\FR\IGD\IPCC internship\output\guardian\guardian_images\guardian_images_dataviz\guardian_2015-10-09_guardian_f76464d9a4_img02.jpg,2015-10-09,2,JPEG,445,267
kept,,D:\FR\IGD\IPCC internship\output\guardian\guardian_images\guardian_images_dataviz\guardian_2015-10-21_guardian_cb3c161fbd_img02.jpg,D:\FR\IGD\IPCC internship\output\guardian\guardian_images\guardian_images_dataviz\guardian_2015-10-21_guardian_cb3c161fbd_img02.jpg,2015-10-21,2,JPEG,445,183
kept,,D:\FR\IGD\IPCC internship\output\guardian\guardian_images\guardian_images_dataviz\guardian_2015-10-21_guardian_cb3c161fbd_img03.jpg,D:\FR\IGD\IPCC internship\output\guardian\guardian_images\guardian_images_dataviz\guardian_2015-10-21_guardian_cb3c161fbd_img03.jpg,2015-10-21,3,JPEG,445,355
kept,,D:\FR\IGD\IPCC internship\output\guardian\guardian_images\guardian_images_dataviz\guardian_2015-10-23_guardian_bf25c5dcf9_img03.jpg,D:\FR\IGD\IPCC internship\output\guardian\guardian_images\guardian_images_dataviz\guardian_2015-10-23_guardian_bf25c5dcf9_img03.jpg,2015-10-23,3,JPEG,445,314
kept,,D:\FR\IGD\IPCC internship\output\guardian\guardian_images\guardian_images_dataviz\guardian_2015-10-27_guardian_92b62e3ae4_img02.jpg,D:\FR\IGD\IPCC internship\output\guardian\guardian_images\guardian_images_dataviz\guardian_2015-10-27_guardian_92b62e3ae4_img02.jpg,2015-10-27,2,JPEG,445,230
kept,,D:\FR\IGD\IPCC internship\output\guardian\guardian_images\guardian_images_dataviz\guardian_2015-10-27_guardian_92b62e3ae4_img03.jpg,D:\FR\IGD\IPCC internship\output\guardian\guardian_images\guardian_images_dataviz\guardian_2015-10-27_guardian_92b62e3ae4_img03.jpg,2015-10-27,3,JPEG,445,186
kept,,D:\FR\IGD\IPCC internship\output\guardian\guardian_images\guardian_images_dataviz\guardian_2015-12-08_guardian_bf913063de_img02.jpg,D:\FR\IGD\IPCC internship\output\guardian\guardian_images\guardian_images_dataviz\guardian_2015-12-08_guardian_bf913063de_img02.jpg,2015-12-08,2,JPEG,445,345
kept,,D:\FR\IGD\IPCC internship\output\guardian\guardian_images\guardian_images_dataviz\guardian_2015-12-08_guardian_bf913063de_img03.jpg,D:\FR\IGD\IPCC internship\output\guardian\guardian_images\guardian_images_dataviz\guardian_2015-12-08_guardian_bf913063de_img03.jpg,2015-12-08,3,JPEG,445,196
kept,,D:\FR\IGD\IPCC internship\output\guardian\guardian_images\guardian_images_dataviz\guardian_2015-12-10_guardian_5ba44678b0_img01.jpg,D:\FR\IGD\IPCC internship\output\guardian\guardian_images\guardian_images_dataviz\guardian_2015-12-10_guardian_5ba44678b0_img01.jpg,2015-12-10,1,JPEG,465,279
kept,,D:\FR\IGD\IPCC internship\output\guardian\guardian_images\guardian_images_dataviz\guardian_2015-12-14_guardian_ec65b49251_img02.jpg,D:\FR\IGD\IPCC internship\output\guardian\guardian_images\guardian_images_dataviz\guardian_2015-12-14_guardian_ec65b49251_img02.jpg,2015-12-14,2,JPEG,445,216
kept,,D:\FR\IGD\IPCC internship\output\guardian\guardian_images\guardian_images_dataviz\guardian_2015-12-15_guardian_ffeb25568f_img01.jpg,D:\FR\IGD\IPCC internship\output\guardian\guardian_images\guardian_images_dataviz\guardian_2015-12-15_guardian_ffeb25568f_img01.jpg,2015-12-15,1,JPEG,465,326
kept,,D:\FR\IGD\IPCC internship\output\guardian\guardian_images\guardian_images_dataviz\guardian_2015-12-15_guardian_0d2953ecbe_img02.jpg,D:\FR\IGD\IPCC internship\output\guardian\guardian_images\guardian_images_dataviz\guardian_2015-12-15_guardian_0d2953ecbe_img02.jpg,2015-12-15,2,JPEG,445,347
kept,,D:\FR\IGD\IPCC internship\output\guardian\guardian_images\guardian_images_dataviz\guardian_2015-12-15_guardian_249ade1a09_img02.jpg,D:\FR\IGD\IPCC internship\output\guardian\guardian_images\guardian_images_dataviz\guardian_2015-12-15_guardian_249ade1a09_img02.jpg,2015-12-15,2,JPEG,465,246
kept,,D:\FR\IGD\IPCC internship\output\guardian\guardian_images\guardian_images_dataviz\guardian_2015-12-15_guardian_0d2953ecbe_img03.jpg,D:\FR\IGD\IPCC internship\output\guardian\guardian_images\guardian_images_dataviz\guardian_2015-12-15_guardian_0d2953ecbe_img03.jpg,2015-12-15,3,JPEG,445,268
kept,,D:\FR\IGD\IPCC internship\output\guardian\guardian_images\guardian_images_dataviz\guardian_2015-12-15_guardian_0d2953ecbe_img04.jpg,D:\FR\IGD\IPCC internship\output\guardian\guardian_images\guardian_images_dataviz\guardian_2015-12-15_guardian_0d2953ecbe_img04.jpg,2015-12-15,4,JPEG,445,347
kept,,D:\FR\IGD\IPCC internship\output\guardian\guardian_images\guardian_images_dataviz\guardian_2015-12-16_guardian_3833eb23a4_img02.jpg,D:\FR\IGD\IPCC internship\output\guardian\guardian_images\guardian_images_dataviz\guardian_2015-12-16_guardian_3833eb23a4_img02.jpg,2015-12-16,2,JPEG,445,312
kept,,D:\FR\IGD\IPCC internship\output\guardian\guardian_images\guardian_images_dataviz\guardian_2015-12-16_guardian_3833eb23a4_img03.jpg,D:\FR\IGD\IPCC internship\output\guardian\guardian_images\guardian_images_dataviz\guardian_2015-12-16_guardian_3833eb23a4_img03.jpg,2015-12-16,3,JPEG,445,312
kept,,D:\FR\IGD\IPCC internship\output\guardian\guardian_images\guardian_images_dataviz\guardian_2015-12-23_guardian_361d710611_img02.jpg,D:\FR\IGD\IPCC internship\output\guardian\guardian_images\guardian_images_dataviz\guardian_2015-12-23_guardian_361d710611_img02.jpg,2015-12-23,2,JPEG,445,210
kept,,D:\FR\IGD\IPCC internship\output\guardian\guardian_images\guardian_images_dataviz\guardian_2015-12-30_guardian_f1be1851e4_img01.jpg,D:\FR\IGD\IPCC internship\output\guardian\guardian_images\guardian_images_dataviz\guardian_2015-12-30_guardian_f1be1851e4_img01.jpg,2015-12-30,1,JPEG,465,279
kept,,D:\FR\IGD\IPCC internship\output\guardian\guardian_images\guardian_images_dataviz\guardian_2016-01-07_guardian_dfcbd6bb53_img02.jpg,D:\FR\IGD\IPCC internship\output\guardian\guardian_images\guardian_images_dataviz\guardian_2016-01-07_guardian_dfcbd6bb53_img02.jpg,2016-01-07,2,JPEG,445,267
kept,,D:\FR\IGD\IPCC internship\output\guardian\guardian_images\guardian_images_dataviz\guardian_2016-01-20_guardian_0cad45d1c4_img01.jpg,D:\FR\IGD\IPCC internship\output\guardian\guardian_images\guardian_images_dataviz\guardian_2016-01-20_guardian_0cad45d1c4_img01.jpg,2016-01-20,1,JPEG,445,250
kept,,D:\FR\IGD\IPCC internship\output\guardian\guardian_images\guardian_images_dataviz\guardian_2016-01-20_guardian_0cad45d1c4_img03.jpg,D:\FR\IGD\IPCC internship\output\guardian\guardian_images\guardian_images_dataviz\guardian_2016-01-20_guardian_0cad45d1c4_img03.jpg,2016-01-20,3,JPEG,445,167
kept,,D:\FR\IGD\IPCC internship\output\guardian\guardian_images\guardian_images_dataviz\guardian_2016-01-25_guardian_5325c5789e_img01.jpg,D:\FR\IGD\IPCC internship\output\guardian\guardian_images\guardian_images_dataviz\guardian_2016-01-25_guardian_5325c5789e_img01.jpg,2016-01-25,1,JPEG,465,279
kept,,D:\FR\IGD\IPCC internship\output\guardian\guardian_images\guardian_images_dataviz\guardian_2016-01-25_guardian_5325c5789e_img02.jpg,D:\FR\IGD\IPCC internship\output\guardian\guardian_images\guardian_images_dataviz\guardian_2016-01-25_guardian_5325c5789e_img02.jpg,2016-01-25,2,JPEG,445,324
kept,,D:\FR\IGD\IPCC internship\output\guardian\guardian_images\guardian_images_dataviz\guardian_2016-01-25_guardian_5325c5789e_img03.jpg,D:\FR\IGD\IPCC internship\output\guardian\guardian_images\guardian_images_dataviz\guardian_2016-01-25_guardian_5325c5789e_img03.jpg,2016-01-25,3,JPEG,445,302
kept,,D:\FR\IGD\IPCC internship\output\guardian\guardian_images\guardian_images_dataviz\guardian_2016-01-25_guardian_5325c5789e_img04.jpg,D:\FR\IGD\IPCC internship\output\guardian\guardian_images\guardian_images_dataviz\guardian_2016-01-25_guardian_5325c5789e_img04.jpg,2016-01-25,4,JPEG,120,179
kept,,D:\FR\IGD\IPCC internship\output\guardian\guardian_images\guardian_images_dataviz\guardian_2016-01-25_guardian_5325c5789e_img05.jpg,D:\FR\IGD\IPCC internship\output\guardian\guardian_images\guardian_images_dataviz\guardian_2016-01-25_guardian_5325c5789e_img05.jpg,2016-01-25,5,JPEG,445,295
kept,,D:\FR\IGD\IPCC internship\output\guardian\guardian_images\guardian_images_dataviz\guardian_2016-01-25_guardian_5325c5789e_img06.jpg,D:\FR\IGD\IPCC internship\output\guardian\guardian_images\guardian_images_dataviz\guardian_2016-01-25_guardian_5325c5789e_img06.jpg,2016-01-25,6,JPEG,445,166
kept,,D:\FR\IGD\IPCC internship\output\guardian\guardian_images\guardian_images_dataviz\guardian_2016-02-02_guardian_baf843287f_img02.jpg,D:\FR\IGD\IPCC internship\output\guardian\guardian_images\guardian_images_dataviz\guardian_2016-02-02_guardian_baf843287f_img02.jpg,2016-02-02,2,JPEG,445,317
kept,,D:\FR\IGD\IPCC internship\output\guardian\guardian_images\guardian_images_dataviz\guardian_2016-02-02_guardian_baf843287f_img03.jpg,D:\FR\IGD\IPCC internship\output\guardian\guardian_images\guardian_images_dataviz\guardian_2016-02-02_guardian_baf843287f_img03.jpg,2016-02-02,3,JPEG,445,283
kept,,D:\FR\IGD\IPCC internship\output\guardian\guardian_images\guardian_images_dataviz\guardian_2016-02-02_guardian_baf843287f_img04.jpg,D:\FR\IGD\IPCC internship\output\guardian\guardian_images\guardian_images_dataviz\guardian_2016-02-02_guardian_baf843287f_img04.jpg,2016-02-02,4,JPEG,445,299
kept,,D:\FR\IGD\IPCC internship\output\guardian\guardian_images\guardian_images_dataviz\guardian_2016-02-02_guardian_baf843287f_img06.jpg,D:\FR\IGD\IPCC internship\output\guardian\guardian_images\guardian_images_dataviz\guardian_2016-02-02_guardian_baf843287f_img06.jpg,2016-02-02,6,JPEG,445,424
kept,,D:\FR\IGD\IPCC internship\output\guardian\guardian_images\guardian_images_dataviz\guardian_2016-02-02_guardian_baf843287f_img07.jpg,D:\FR\IGD\IPCC internship\output\guardian\guardian_images\guardian_images_dataviz\guardian_2016-02-02_guardian_baf843287f_img07.jpg,2016-02-02,7,JPEG,445,293
kept,,D:\FR\IGD\IPCC internship\output\guardian\guardian_images\guardian_images_dataviz\guardian_2016-02-08_guardian_b51e6532d7_img02.jpg,D:\FR\IGD\IPCC internship\output\guardian\guardian_images\guardian_images_dataviz\guardian_2016-02-08_guardian_b51e6532d7_img02.jpg,2016-02-08,2,JPEG,445,324
kept,,D:\FR\IGD\IPCC internship\output\guardian\guardian_images\guardian_images_dataviz\guardian_2016-02-08_guardian_b51e6532d7_img03.jpg,D:\FR\IGD\IPCC internship\output\guardian\guardian_images\guardian_images_dataviz\guardian_2016-02-08_guardian_b51e6532d7_img03.jpg,2016-02-08,3,JPEG,445,186
kept,,D:\FR\IGD\IPCC internship\output\guardian\guardian_images\guardian_images_dataviz\guardian_2016-02-08_guardian_b51e6532d7_img04.jpg,D:\FR\IGD\IPCC internship\output\guardian\guardian_images\guardian_images_dataviz\guardian_2016-02-08_guardian_b51e6532d7_img04.jpg,2016-02-08,4,JPEG,445,324
kept,,D:\FR\IGD\IPCC internship\output\guardian\guardian_images\guardian_images_dataviz\guardian_2016-02-16_guardian_07505891b6_img01.jpg,D:\FR\IGD\IPCC internship\output\guardian\guardian_images\guardian_images_dataviz\guardian_2016-02-16_guardian_07505891b6_img01.jpg,2016-02-16,1,JPEG,465,279
kept,,D:\FR\IGD\IPCC internship\output\guardian\guardian_images\guardian_images_dataviz\guardian_2016-02-19_guardian_ddb14a45eb_img02.jpg,D:\FR\IGD\IPCC internship\output\guardian\guardian_images\guardian_images_dataviz\guardian_2016-02-19_guardian_ddb14a45eb_img02.jpg,2016-02-19,2,JPEG,445,250
kept,,D:\FR\IGD\IPCC internship\output\guardian\guardian_images\guardian_images_dataviz\guardian_2016-02-19_guardian_ddb14a45eb_img03.jpg,D:\FR\IGD\IPCC internship\output\guardian\guardian_images\guardian_images_dataviz\guardian_2016-02-19_guardian_ddb14a45eb_img03.jpg,2016-02-19,3,JPEG,445,260
kept,,D:\FR\IGD\IPCC internship\output\guardian\guardian_images\guardian_images_dataviz\guardian_2016-02-19_guardian_ddb14a45eb_img04.jpg,D:\FR\IGD\IPCC internship\output\guardian\guardian_images\guardian_images_dataviz\guardian_2016-02-19_guardian_ddb14a45eb_img04.jpg,2016-02-19,4,JPEG,445,436
kept,,D:\FR\IGD\IPCC internship\output\guardian\guardian_images\guardian_images_dataviz\guardian_2016-02-19_guardian_ddb14a45eb_img05.jpg,D:\FR\IGD\IPCC internship\output\guardian\guardian_images\guardian_images_dataviz\guardian_2016-02-19_guardian_ddb14a45eb_img05.jpg,2016-02-19,5,JPEG,445,324
kept,,D:\FR\IGD\IPCC internship\output\guardian\guardian_images\guardian_images_dataviz\guardian_2016-02-19_guardian_ddb14a45eb_img06.jpg,D:\FR\IGD\IPCC internship\output\guardian\guardian_images\guardian_images_dataviz\guardian_2016-02-19_guardian_ddb14a45eb_img06.jpg,2016-02-19,6,JPEG,445,303
kept,,D:\FR\IGD\IPCC internship\output\guardian\guardian_images\guardian_images_dataviz\guardian_2016-02-19_guardian_ddb14a45eb_img07.jpg,D:\FR\IGD\IPCC internship\output\guardian\guardian_images\guardian_images_dataviz\guardian_2016-02-19_guardian_ddb14a45eb_img07.jpg,2016-02-19,7,JPEG,445,349
kept,,D:\FR\IGD\IPCC internship\output\guardian\guardian_images\guardian_images_dataviz\guardian_2016-02-23_guardian_068fc2a26e_img02.jpg,D:\FR\IGD\IPCC internship\output\guardian\guardian_images\guardian_images_dataviz\guardian_2016-02-23_guardian_068fc2a26e_img02.jpg,2016-02-23,2,JPEG,445,267
kept,,D:\FR\IGD\IPCC internship\output\guardian\guardian_images\guardian_images_dataviz\guardian_2016-02-24_guardian_53cff9479e_img02.jpg,D:\FR\IGD\IPCC internship\output\guardian\guardian_images\guardian_images_dataviz\guardian_2016-02-24_guardian_53cff9479e_img02.jpg,2016-02-24,2,JPEG,445,304
kept,,D:\FR\IGD\IPCC internship\output\guardian\guardian_images\guardian_images_dataviz\guardian_2016-02-24_guardian_53cff9479e_img03.jpg,D:\FR\IGD\IPCC internship\output\guardian\guardian_images\guardian_images_dataviz\guardian_2016-02-24_guardian_53cff9479e_img03.jpg,2016-02-24,3,JPEG,445,214
kept,,D:\FR\IGD\IPCC internship\output\guardian\guardian_images\guardian_images_dataviz\guardian_2016-03-04_guardian_2837b0f511_img02.jpg,D:\FR\IGD\IPCC internship\output\guardian\guardian_images\guardian_images_dataviz\guardian_2016-03-04_guardian_2837b0f511_img02.jpg,2016-03-04,2,JPEG,445,262
kept,,D:\FR\IGD\IPCC internship\output\guardian\guardian_images\guardian_images_dataviz\guardian_2016-04-15_guardian_413f87872f_img01.jpg,D:\FR\IGD\IPCC internship\output\guardian\guardian_images\guardian_images_dataviz\guardian_2016-04-15_guardian_413f87872f_img01.jpg,2016-04-15,1,JPEG,465,279
kept,,D:\FR\IGD\IPCC internship\output\guardian\guardian_images\guardian_images_dataviz\guardian_2016-04-19_guardian_6b4d4e220f_img02.jpg,D:\FR\IGD\IPCC internship\output\guardian\guardian_images\guardian_images_dataviz\guardian_2016-04-19_guardian_6b4d4e220f_img02.jpg,2016-04-19,2,JPEG,445,303
kept,,D:\FR\IGD\IPCC internship\output\guardian\guardian_images\guardian_images_dataviz\guardian_2016-04-22_guardian_36fcb13eb7_img01.jpg,D:\FR\IGD\IPCC internship\output\guardian\guardian_images\guardian_images_dataviz\guardian_2016-04-22_guardian_36fcb13eb7_img01.jpg,2016-04-22,1,JPEG,465,279
kept,,D:\FR\IGD\IPCC internship\output\guardian\guardian_images\guardian_images_dataviz\guardian_2016-04-25_guardian_fac995afce_img03.jpg,D:\FR\IGD\IPCC internship\output\guardian\guardian_images\guardian_images_dataviz\guardian_2016-04-25_guardian_fac995afce_img03.jpg,2016-04-25,3,JPEG,445,344
kept,,D:\FR\IGD\IPCC internship\output\guardian\guardian_images\guardian_images_dataviz\guardian_2016-04-25_guardian_fac995afce_img06.jpg,D:\FR\IGD\IPCC internship\output\guardian\guardian_images\guardian_images_dataviz\guardian_2016-04-25_guardian_fac995afce_img06.jpg,2016-04-25,6,JPEG,445,445
kept,,D:\FR\IGD\IPCC internship\output\guardian\guardian_images\guardian_images_dataviz\guardian_2016-05-12_guardian_ed96954690_img02.jpg,D:\FR\IGD\IPCC internship\output\guardian\guardian_images\guardian_images_dataviz\guardian_2016-05-12_guardian_ed96954690_img02.jpg,2016-05-12,2,JPEG,445,243
kept,,D:\FR\IGD\IPCC internship\output\guardian\guardian_images\guardian_images_dataviz\guardian_2016-05-26_guardian_621af05d81_img02.jpg,D:\FR\IGD\IPCC internship\output\guardian\guardian_images\guardian_images_dataviz\guardian_2016-05-26_guardian_621af05d81_img02.jpg,2016-05-26,2,JPEG,445,303
kept,,D:\FR\IGD\IPCC internship\output\guardian\guardian_images\guardian_images_dataviz\guardian_2016-06-13_guardian_fb331aa892_img01.jpg,D:\FR\IGD\IPCC internship\output\guardian\guardian_images\guardian_images_dataviz\guardian_2016-06-13_guardian_fb331aa892_img01.jpg,2016-06-13,1,JPEG,465,279
kept,,D:\FR\IGD\IPCC internship\output\guardian\guardian_images\guardian_images_dataviz\guardian_2016-07-05_guardian_91a870193c_img02.jpg,D:\FR\IGD\IPCC internship\output\guardian\guardian_images\guardian_images_dataviz\guardian_2016-07-05_guardian_91a870193c_img02.jpg,2016-07-05,2,JPEG,445,340
kept,,D:\FR\IGD\IPCC internship\output\guardian\guardian_images\guardian_images_dataviz\guardian_2016-07-07_guardian_6d46142065_img02.jpg,D:\FR\IGD\IPCC internship\output\guardian\guardian_images\guardian_images_dataviz\guardian_2016-07-07_guardian_6d46142065_img02.jpg,2016-07-07,2,JPEG,445,325
kept,,D:\FR\IGD\IPCC internship\output\guardian\guardian_images\guardian_images_dataviz\guardian_2016-07-11_guardian_40a40d57ba_img02.jpg,D:\FR\IGD\IPCC internship\output\guardian\guardian_images\guardian_images_dataviz\guardian_2016-07-11_guardian_40a40d57ba_img02.jpg,2016-07-11,2,JPEG,445,398
kept,,D:\FR\IGD\IPCC internship\output\guardian\guardian_images\guardian_images_dataviz\guardian_2016-07-11_guardian_40a40d57ba_img03.jpg,D:\FR\IGD\IPCC internship\output\guardian\guardian_images\guardian_images_dataviz\guardian_2016-07-11_guardian_40a40d57ba_img03.jpg,2016-07-11,3,JPEG,445,394
kept,,D:\FR\IGD\IPCC internship\output\guardian\guardian_images\guardian_images_dataviz\guardian_2016-07-11_guardian_40a40d57ba_img04.jpg,D:\FR\IGD\IPCC internship\output\guardian\guardian_images\guardian_images_dataviz\guardian_2016-07-11_guardian_40a40d57ba_img04.jpg,2016-07-11,4,JPEG,445,267
kept,,D:\FR\IGD\IPCC internship\output\guardian\guardian_images\guardian_images_dataviz\guardian_2016-08-02_guardian_ca2a2d6b5d_img02.jpg,D:\FR\IGD\IPCC internship\output\guardian\guardian_images\guardian_images_dataviz\guardian_2016-08-02_guardian_ca2a2d6b5d_img02.jpg,2016-08-02,2,JPEG,445,567
kept,,D:\FR\IGD\IPCC internship\output\guardian\guardian_images\guardian_images_dataviz\guardian_2016-08-02_guardian_ca2a2d6b5d_img03.jpg,D:\FR\IGD\IPCC internship\output\guardian\guardian_images\guardian_images_dataviz\guardian_2016-08-02_guardian_ca2a2d6b5d_img03.jpg,2016-08-02,3,JPEG,445,545
kept,,D:\FR\IGD\IPCC internship\output\guardian\guardian_images\guardian_images_dataviz\guardian_2016-08-02_guardian_ca2a2d6b5d_img04.jpg,D:\FR\IGD\IPCC internship\output\guardian\guardian_images\guardian_images_dataviz\guardian_2016-08-02_guardian_ca2a2d6b5d_img04.jpg,2016-08-02,4,JPEG,445,267
kept,,D:\FR\IGD\IPCC internship\output\guardian\guardian_images\guardian_images_dataviz\guardian_2016-08-02_guardian_ca2a2d6b5d_img05.jpg,D:\FR\IGD\IPCC internship\output\guardian\guardian_images\guardian_images_dataviz\guardian_2016-08-02_guardian_ca2a2d6b5d_img05.jpg,2016-08-02,5,JPEG,445,537
kept,,D:\FR\IGD\IPCC internship\output\guardian\guardian_images\guardian_images_dataviz\guardian_2016-08-10_guardian_e0de682494_img02.jpg,D:\FR\IGD\IPCC internship\output\guardian\guardian_images\guardian_images_dataviz\guardian_2016-08-10_guardian_e0de682494_img02.jpg,2016-08-10,2,JPEG,445,487
kept,,D:\FR\IGD\IPCC internship\output\guardian\guardian_images\guardian_images_dataviz\guardian_2016-08-15_guardian_41c9ca2701_img03.jpg,D:\FR\IGD\IPCC internship\output\guardian\guardian_images\guardian_images_dataviz\guardian_2016-08-15_guardian_41c9ca2701_img03.jpg,2016-08-15,3,JPEG,445,294
kept,,D:\FR\IGD\IPCC internship\output\guardian\guardian_images\guardian_images_dataviz\guardian_2016-08-30_guardian_92f87ab801_img02.jpg,D:\FR\IGD\IPCC internship\output\guardian\guardian_images\guardian_images_dataviz\guardian_2016-08-30_guardian_92f87ab801_img02.jpg,2016-08-30,2,JPEG,445,146
kept,,D:\FR\IGD\IPCC internship\output\guardian\guardian_images\guardian_images_dataviz\guardian_2016-09-14_guardian_31a06ab189_img03.jpg,D:\FR\IGD\IPCC internship\output\guardian\guardian_images\guardian_images_dataviz\guardian_2016-09-14_guardian_31a06ab189_img03.jpg,2016-09-14,3,JPEG,445,231
kept,,D:\FR\IGD\IPCC internship\output\guardian\guardian_images\guardian_images_dataviz\guardian_2016-09-14_guardian_31a06ab189_img04.jpg,D:\FR\IGD\IPCC internship\output\guardian\guardian_images\guardian_images_dataviz\guardian_2016-09-14_guardian_31a06ab189_img04.jpg,2016-09-14,4,JPEG,445,236
kept,,D:\FR\IGD\IPCC internship\output\guardian\guardian_images\guardian_images_dataviz\guardian_2016-09-14_guardian_31a06ab189_img05.jpg,D:\FR\IGD\IPCC internship\output\guardian\guardian_images\guardian_images_dataviz\guardian_2016-09-14_guardian_31a06ab189_img05.jpg,2016-09-14,5,JPEG,445,152
kept,,D:\FR\IGD\IPCC internship\output\guardian\guardian_images\guardian_images_dataviz\guardian_2016-09-14_guardian_31a06ab189_img06.jpg,D:\FR\IGD\IPCC internship\output\guardian\guardian_images\guardian_images_dataviz\guardian_2016-09-14_guardian_31a06ab189_img06.jpg,2016-09-14,6,JPEG,445,302
kept,,D:\FR\IGD\IPCC internship\output\guardian\guardian_images\guardian_images_dataviz\guardian_2016-10-11_guardian_b1c27ab83f_img02.jpg,D:\FR\IGD\IPCC internship\output\guardian\guardian_images\guardian_images_dataviz\guardian_2016-10-11_guardian_b1c27ab83f_img02.jpg,2016-10-11,2,JPEG,445,290
kept,,D:\FR\IGD\IPCC internship\output\guardian\guardian_images\guardian_images_dataviz\guardian_2016-10-14_guardian_840a88130a_img02.jpg,D:\FR\IGD\IPCC internship\output\guardian\guardian_images\guardian_images_dataviz\guardian_2016-10-14_guardian_840a88130a_img02.jpg,2016-10-14,2,JPEG,445,222
kept,,D:\FR\IGD\IPCC internship\output\guardian\guardian_images\guardian_images_dataviz\guardian_2016-10-21_guardian_66280cdecb_img01.jpg,D:\FR\IGD\IPCC internship\output\guardian\guardian_images\guardian_images_dataviz\guardian_2016-10-21_guardian_66280cdecb_img01.jpg,2016-10-21,1,JPEG,465,279
kept,,D:\FR\IGD\IPCC internship\output\guardian\guardian_images\guardian_images_dataviz\guardian_2016-10-21_guardian_66280cdecb_img03.jpg,D:\FR\IGD\IPCC internship\output\guardian\guardian_images\guardian_images_dataviz\guardian_2016-10-21_guardian_66280cdecb_img03.jpg,2016-10-21,3,JPEG,445,407
kept,,D:\FR\IGD\IPCC internship\output\guardian\guardian_images\guardian_images_dataviz\guardian_2016-10-24_guardian_a5037117d6_img02.jpg,D:\FR\IGD\IPCC internship\output\guardian\guardian_images\guardian_images_dataviz\guardian_2016-10-24_guardian_a5037117d6_img02.jpg,2016-10-24,2,JPEG,445,267
kept,,D:\FR\IGD\IPCC internship\output\guardian\guardian_images\guardian_images_dataviz\guardian_2016-11-17_guardian_b020d935bd_img02.jpg,D:\FR\IGD\IPCC internship\output\guardian\guardian_images\guardian_images_dataviz\guardian_2016-11-17_guardian_b020d935bd_img02.jpg,2016-11-17,2,JPEG,445,597
kept,,D:\FR\IGD\IPCC internship\output\guardian\guardian_images\guardian_images_dataviz\guardian_2016-12-02_guardian_e39f9f548a_img02.jpg,D:\FR\IGD\IPCC internship\output\guardian\guardian_images\guardian_images_dataviz\guardian_2016-12-02_guardian_e39f9f548a_img02.jpg,2016-12-02,2,JPEG,445,344
kept,,D:\FR\IGD\IPCC internship\output\guardian\guardian_images\guardian_images_dataviz\guardian_2016-12-02_guardian_e39f9f548a_img03.jpg,D:\FR\IGD\IPCC internship\output\guardian\guardian_images\guardian_images_dataviz\guardian_2016-12-02_guardian_e39f9f548a_img03.jpg,2016-12-02,3,JPEG,445,367
kept,,D:\FR\IGD\IPCC internship\output\guardian\guardian_images\guardian_images_dataviz\guardian_2016-12-12_guardian_5bf578e2d9_img01.jpg,D:\FR\IGD\IPCC internship\output\guardian\guardian_images\guardian_images_dataviz\guardian_2016-12-12_guardian_5bf578e2d9_img01.jpg,2016-12-12,1,JPEG,465,279
kept,,D:\FR\IGD\IPCC internship\output\guardian\guardian_images\guardian_images_dataviz\guardian_2016-12-14_guardian_4158a1354d_img04.jpg,D:\FR\IGD\IPCC internship\output\guardian\guardian_images\guardian_images_dataviz\guardian_2016-12-14_guardian_4158a1354d_img04.jpg,2016-12-14,4,JPEG,445,168
kept,,D:\FR\IGD\IPCC internship\output\guardian\guardian_images\guardian_images_dataviz\guardian_2017-01-16_guardian_c4ed958878_img02.jpg,D:\FR\IGD\IPCC internship\output\guardian\guardian_images\guardian_images_dataviz\guardian_2017-01-16_guardian_c4ed958878_img02.jpg,2017-01-16,2,JPEG,445,334
removed_from_dedup,exact_visual_duplicate,D:\FR\IGD\IPCC internship\output\guardian\guardian_images\guardian_images_dataviz\guardian_2017-01-17_guardian_d941e14fd6_img01.jpg,D:\FR\IGD\IPCC internship\output\guardian\guardian_images\guardian_images_dataviz\guardian_2016-10-21_guardian_66280cdecb_img01.jpg,2017-01-17,1,JPEG,465,279
kept,,D:\FR\IGD\IPCC internship\output\guardian\guardian_images\guardian_images_dataviz\guardian_2017-01-23_guardian_5c6a304907_img01.jpg,D:\FR\IGD\IPCC internship\output\guardian\guardian_images\guardian_images_dataviz\guardian_2017-01-23_guardian_5c6a304907_img01.jpg,2017-01-23,1,JPEG,465,279
kept,,D:\FR\IGD\IPCC internship\output\guardian\guardian_images\guardian_images_dataviz\guardian_2017-01-24_guardian_da32ffb8b5_img02.jpg,D:\FR\IGD\IPCC internship\output\guardian\guardian_images\guardian_images_dataviz\guardian_2017-01-24_guardian_da32ffb8b5_img02.jpg,2017-01-24,2,JPEG,445,268
kept,,D:\FR\IGD\IPCC internship\output\guardian\guardian_images\guardian_images_dataviz\guardian_2017-01-24_guardian_da32ffb8b5_img03.jpg,D:\FR\IGD\IPCC internship\output\guardian\guardian_images\guardian_images_dataviz\guardian_2017-01-24_guardian_da32ffb8b5_img03.jpg,2017-01-24,3,JPEG,445,375
kept,,D:\FR\IGD\IPCC internship\output\guardian\guardian_images\guardian_images_dataviz\guardian_2017-01-24_guardian_da32ffb8b5_img04.jpg,D:\FR\IGD\IPCC internship\output\guardian\guardian_images\guardian_images_dataviz\guardian_2017-01-24_guardian_da32ffb8b5_img04.jpg,2017-01-24,4,JPEG,445,231
kept,,D:\FR\IGD\IPCC internship\output\guardian\guardian_images\guardian_images_dataviz\guardian_2017-01-24_guardian_da32ffb8b5_img05.jpg,D:\FR\IGD\IPCC internship\output\guardian\guardian_images\guardian_images_dataviz\guardian_2017-01-24_guardian_da32ffb8b5_img05.jpg,2017-01-24,5,JPEG,445,356
kept,,D:\FR\IGD\IPCC internship\output\guardian\guardian_images\guardian_images_dataviz\guardian_2017-01-26_guardian_7f334b8a3d_img02.jpg,D:\FR\IGD\IPCC internship\output\guardian\guardian_images\guardian_images_dataviz\guardian_2017-01-26_guardian_7f334b8a3d_img02.jpg,2017-01-26,2,JPEG,445,236
kept,,D:\FR\IGD\IPCC internship\output\guardian\guardian_images\guardian_images_dataviz\guardian_2017-01-30_guardian_1ca608f8ea_img02.jpg,D:\FR\IGD\IPCC internship\output\guardian\guardian_images\guardian_images_dataviz\guardian_2017-01-30_guardian_1ca608f8ea_img02.jpg,2017-01-30,2,JPEG,445,282
removed_from_dedup,exact_visual_duplicate,D:\FR\IGD\IPCC internship\output\guardian\guardian_images\guardian_images_dataviz\guardian_2017-01-30_guardian_1ca608f8ea_img04.jpg,D:\FR\IGD\IPCC internship\output\guardian\guardian_images\guardian_images_dataviz\guardian_2016-04-19_guardian_6b4d4e220f_img02.jpg,2017-01-30,4,JPEG,445,303
kept,,D:\FR\IGD\IPCC internship\output\guardian\guardian_images\guardian_images_dataviz\guardian_2017-02-07_guardian_51fd706c72_img02.jpg,D:\FR\IGD\IPCC internship\output\guardian\guardian_images\guardian_images_dataviz\guardian_2017-02-07_guardian_51fd706c72_img02.jpg,2017-02-07,2,JPEG,445,248
kept,,D:\FR\IGD\IPCC internship\output\guardian\guardian_images\guardian_images_dataviz\guardian_2017-02-24_guardian_a7924cbb29_img02.jpg,D:\FR\IGD\IPCC internship\output\guardian\guardian_images\guardian_images_dataviz\guardian_2017-02-24_guardian_a7924cbb29_img02.jpg,2017-02-24,2,JPEG,445,267
kept,,D:\FR\IGD\IPCC internship\output\guardian\guardian_images\guardian_images_dataviz\guardian_2017-04-14_guardian_54250ee3a3_img02.jpg,D:\FR\IGD\IPCC internship\output\guardian\guardian_images\guardian_images_dataviz\guardian_2017-04-14_guardian_54250ee3a3_img02.jpg,2017-04-14,2,JPEG,120,174
kept,,D:\FR\IGD\IPCC internship\output\guardian\guardian_images\guardian_images_dataviz\guardian_2017-04-29_guardian_9c55d5e633_img02.jpg,D:\FR\IGD\IPCC internship\output\guardian\guardian_images\guardian_images_dataviz\guardian_2017-04-29_guardian_9c55d5e633_img02.jpg,2017-04-29,2,JPEG,445,208
kept,,D:\FR\IGD\IPCC internship\output\guardian\guardian_images\guardian_images_dataviz\guardian_2017-05-03_guardian_d466141f07_img02.jpg,D:\FR\IGD\IPCC internship\output\guardian\guardian_images\guardian_images_dataviz\guardian_2017-05-03_guardian_d466141f07_img02.jpg,2017-05-03,2,JPEG,445,91
kept,,D:\FR\IGD\IPCC internship\output\guardian\guardian_images\guardian_images_dataviz\guardian_2017-05-11_guardian_06bd335a14_img02.jpg,D:\FR\IGD\IPCC internship\output\guardian\guardian_images\guardian_images_dataviz\guardian_2017-05-11_guardian_06bd335a14_img02.jpg,2017-05-11,2,JPEG,445,573
kept,,D:\FR\IGD\IPCC internship\output\guardian\guardian_images\guardian_images_dataviz\guardian_2017-05-25_guardian_134b08722f_img02.jpg,D:\FR\IGD\IPCC internship\output\guardian\guardian_images\guardian_images_dataviz\guardian_2017-05-25_guardian_134b08722f_img02.jpg,2017-05-25,2,JPEG,445,278
kept,,D:\FR\IGD\IPCC internship\output\guardian\guardian_images\guardian_images_dataviz\guardian_2017-05-25_guardian_134b08722f_img03.jpg,D:\FR\IGD\IPCC internship\output\guardian\guardian_images\guardian_images_dataviz\guardian_2017-05-25_guardian_134b08722f_img03.jpg,2017-05-25,3,JPEG,445,393
kept,,D:\FR\IGD\IPCC internship\output\guardian\guardian_images\guardian_images_dataviz\guardian_2017-07-03_guardian_a4dad50fc5_img02.jpg,D:\FR\IGD\IPCC internship\output\guardian\guardian_images\guardian_images_dataviz\guardian_2017-07-03_guardian_a4dad50fc5_img02.jpg,2017-07-03,2,JPEG,445,381
kept,,D:\FR\IGD\IPCC internship\output\guardian\guardian_images\guardian_images_dataviz\guardian_2017-07-03_guardian_a4dad50fc5_img03.jpg,D:\FR\IGD\IPCC internship\output\guardian\guardian_images\guardian_images_dataviz\guardian_2017-07-03_guardian_a4dad50fc5_img03.jpg,2017-07-03,3,JPEG,445,381
kept,,D:\FR\IGD\IPCC internship\output\guardian\guardian_images\guardian_images_dataviz\guardian_2017-07-03_guardian_a4dad50fc5_img04.jpg,D:\FR\IGD\IPCC internship\output\guardian\guardian_images\guardian_images_dataviz\guardian_2017-07-03_guardian_a4dad50fc5_img04.jpg,2017-07-03,4,JPEG,445,381
kept,,D:\FR\IGD\IPCC internship\output\guardian\guardian_images\guardian_images_dataviz\guardian_2017-07-19_guardian_7cbc279c43_img02.jpg,D:\FR\IGD\IPCC internship\output\guardian\guardian_images\guardian_images_dataviz\guardian_2017-07-19_guardian_7cbc279c43_img02.jpg,2017-07-19,2,JPEG,445,267
kept,,D:\FR\IGD\IPCC internship\output\guardian\guardian_images\guardian_images_dataviz\guardian_2017-07-24_guardian_63443011d5_img02.jpg,D:\FR\IGD\IPCC internship\output\guardian\guardian_images\guardian_images_dataviz\guardian_2017-07-24_guardian_63443011d5_img02.jpg,2017-07-24,2,JPEG,445,440
kept,,D:\FR\IGD\IPCC internship\output\guardian\guardian_images\guardian_images_dataviz\guardian_2017-07-27_guardian_dbd0e4f1a7_img05.jpg,D:\FR\IGD\IPCC internship\output\guardian\guardian_images\guardian_images_dataviz\guardian_2017-07-27_guardian_dbd0e4f1a7_img05.jpg,2017-07-27,5,JPEG,445,593
kept,,D:\FR\IGD\IPCC internship\output\guardian\guardian_images\guardian_images_dataviz\guardian_2017-07-31_guardian_1203f890c0_img02.jpg,D:\FR\IGD\IPCC internship\output\guardian\guardian_images\guardian_images_dataviz\guardian_2017-07-31_guardian_1203f890c0_img02.jpg,2017-07-31,2,JPEG,445,303
kept,,D:\FR\IGD\IPCC internship\output\guardian\guardian_images\guardian_images_dataviz\guardian_2017-07-31_guardian_1203f890c0_img03.jpg,D:\FR\IGD\IPCC internship\output\guardian\guardian_images\guardian_images_dataviz\guardian_2017-07-31_guardian_1203f890c0_img03.jpg,2017-07-31,3,JPEG,445,303
kept,,D:\FR\IGD\IPCC internship\output\guardian\guardian_images\guardian_images_dataviz\guardian_2017-07-31_guardian_1203f890c0_img04.jpg,D:\FR\IGD\IPCC internship\output\guardian\guardian_images\guardian_images_dataviz\guardian_2017-07-31_guardian_1203f890c0_img04.jpg,2017-07-31,4,JPEG,445,300
kept,,D:\FR\IGD\IPCC internship\output\guardian\guardian_images\guardian_images_dataviz\guardian_2017-08-23_guardian_258e229835_img02.jpg,D:\FR\IGD\IPCC internship\output\guardian\guardian_images\guardian_images_dataviz\guardian_2017-08-23_guardian_258e229835_img02.jpg,2017-08-23,2,JPEG,445,354
kept,,D:\FR\IGD\IPCC internship\output\guardian\guardian_images\guardian_images_dataviz\guardian_2017-08-24_guardian_3e555eba96_img02.jpg,D:\FR\IGD\IPCC internship\output\guardian\guardian_images\guardian_images_dataviz\guardian_2017-08-24_guardian_3e555eba96_img02.jpg,2017-08-24,2,JPEG,445,265
kept,,D:\FR\IGD\IPCC internship\output\guardian\guardian_images\guardian_images_dataviz\guardian_2017-09-12_guardian_ecf12d4fee_img02.jpg,D:\FR\IGD\IPCC internship\output\guardian\guardian_images\guardian_images_dataviz\guardian_2017-09-12_guardian_ecf12d4fee_img02.jpg,2017-09-12,2,JPEG,445,304
kept,,D:\FR\IGD\IPCC internship\output\guardian\guardian_images\guardian_images_dataviz\guardian_2017-09-18_guardian_2f1f2890eb_img02.jpg,D:\FR\IGD\IPCC internship\output\guardian\guardian_images\guardian_images_dataviz\guardian_2017-09-18_guardian_2f1f2890eb_img02.jpg,2017-09-18,2,JPEG,445,303
kept,,D:\FR\IGD\IPCC internship\output\guardian\guardian_images\guardian_images_dataviz\guardian_2017-09-18_guardian_5ae7df254e_img02.jpg,D:\FR\IGD\IPCC internship\output\guardian\guardian_images\guardian_images_dataviz\guardian_2017-09-18_guardian_5ae7df254e_img02.jpg,2017-09-18,2,JPEG,445,267
kept,,D:\FR\IGD\IPCC internship\output\guardian\guardian_images\guardian_images_dataviz\guardian_2017-09-20_guardian_aebd55f382_img03.jpg,D:\FR\IGD\IPCC internship\output\guardian\guardian_images\guardian_images_dataviz\guardian_2017-09-20_guardian_aebd55f382_img03.jpg,2017-09-20,3,JPEG,445,297
kept,,D:\FR\IGD\IPCC internship\output\guardian\guardian_images\guardian_images_dataviz\guardian_2017-09-25_guardian_6c7e86f5d8_img12.jpg,D:\FR\IGD\IPCC internship\output\guardian\guardian_images\guardian_images_dataviz\guardian_2017-09-25_guardian_6c7e86f5d8_img12.jpg,2017-09-25,12,JPEG,445,267
kept,,D:\FR\IGD\IPCC internship\output\guardian\guardian_images\guardian_images_dataviz\guardian_2017-09-25_guardian_6c7e86f5d8_img13.jpg,D:\FR\IGD\IPCC internship\output\guardian\guardian_images\guardian_images_dataviz\guardian_2017-09-25_guardian_6c7e86f5d8_img13.jpg,2017-09-25,13,JPEG,445,267
kept,,D:\FR\IGD\IPCC internship\output\guardian\guardian_images\guardian_images_dataviz\guardian_2017-10-16_guardian_e7edaaf5a0_img03.jpg,D:\FR\IGD\IPCC internship\output\guardian\guardian_images\guardian_images_dataviz\guardian_2017-10-16_guardian_e7edaaf5a0_img03.jpg,2017-10-16,3,JPEG,465,279
kept,,D:\FR\IGD\IPCC internship\output\guardian\guardian_images\guardian_images_dataviz\guardian_2017-11-07_guardian_0c79085a41_img01.jpg,D:\FR\IGD\IPCC internship\output\guardian\guardian_images\guardian_images_dataviz\guardian_2017-11-07_guardian_0c79085a41_img01.jpg,2017-11-07,1,JPEG,465,310
kept,,D:\FR\IGD\IPCC internship\output\guardian\guardian_images\guardian_images_dataviz\guardian_2017-11-29_guardian_e17488f72a_img02.jpg,D:\FR\IGD\IPCC internship\output\guardian\guardian_images\guardian_images_dataviz\guardian_2017-11-29_guardian_e17488f72a_img02.jpg,2017-11-29,2,JPEG,445,407
kept,,D:\FR\IGD\IPCC internship\output\guardian\guardian_images\guardian_images_dataviz\guardian_2017-11-29_guardian_e17488f72a_img03.jpg,D:\FR\IGD\IPCC internship\output\guardian\guardian_images\guardian_images_dataviz\guardian_2017-11-29_guardian_e17488f72a_img03.jpg,2017-11-29,3,JPEG,445,401
kept,,D:\FR\IGD\IPCC internship\output\guardian\guardian_images\guardian_images_dataviz\guardian_2017-12-04_guardian_5055b2a614_img02.jpg,D:\FR\IGD\IPCC internship\output\guardian\guardian_images\guardian_images_dataviz\guardian_2017-12-04_guardian_5055b2a614_img02.jpg,2017-12-04,2,JPEG,445,372
kept,,D:\FR\IGD\IPCC internship\output\guardian\guardian_images\guardian_images_dataviz\guardian_2017-12-06_guardian_1cc0ee08bf_img02.jpg,D:\FR\IGD\IPCC internship\output\guardian\guardian_images\guardian_images_dataviz\guardian_2017-12-06_guardian_1cc0ee08bf_img02.jpg,2017-12-06,2,JPEG,445,669
kept,,D:\FR\IGD\IPCC internship\output\guardian\guardian_images\guardian_images_dataviz\guardian_2017-12-06_guardian_1cc0ee08bf_img03.jpg,D:\FR\IGD\IPCC internship\output\guardian\guardian_images\guardian_images_dataviz\guardian_2017-12-06_guardian_1cc0ee08bf_img03.jpg,2017-12-06,3,JPEG,120,83
kept,,D:\FR\IGD\IPCC internship\output\guardian\guardian_images\guardian_images_dataviz\guardian_2017-12-12_guardian_9d5cbee9cf_img02.jpg,D:\FR\IGD\IPCC internship\output\guardian\guardian_images\guardian_images_dataviz\guardian_2017-12-12_guardian_9d5cbee9cf_img02.jpg,2017-12-12,2,JPEG,465,299
kept,,D:\FR\IGD\IPCC internship\output\guardian\guardian_images\guardian_images_dataviz\guardian_2017-12-12_guardian_9d5cbee9cf_img05.jpg,D:\FR\IGD\IPCC internship\output\guardian\guardian_images\guardian_images_dataviz\guardian_2017-12-12_guardian_9d5cbee9cf_img05.jpg,2017-12-12,5,JPEG,465,239
kept,,D:\FR\IGD\IPCC internship\output\guardian\guardian_images\guardian_images_dataviz\guardian_2017-12-14_guardian_9c65102444_img02.jpg,D:\FR\IGD\IPCC internship\output\guardian\guardian_images\guardian_images_dataviz\guardian_2017-12-14_guardian_9c65102444_img02.jpg,2017-12-14,2,JPEG,445,294
kept,,D:\FR\IGD\IPCC internship\output\guardian\guardian_images\guardian_images_dataviz\guardian_2017-12-14_guardian_9c65102444_img03.jpg,D:\FR\IGD\IPCC internship\output\guardian\guardian_images\guardian_images_dataviz\guardian_2017-12-14_guardian_9c65102444_img03.jpg,2017-12-14,3,JPEG,445,314
kept,,D:\FR\IGD\IPCC internship\output\guardian\guardian_images\guardian_images_dataviz\guardian_2017-12-19_guardian_8758d7cb3b_img02.jpg,D:\FR\IGD\IPCC internship\output\guardian\guardian_images\guardian_images_dataviz\guardian_2017-12-19_guardian_8758d7cb3b_img02.jpg,2017-12-19,2,JPEG,445,323
kept,,D:\FR\IGD\IPCC internship\output\guardian\guardian_images\guardian_images_dataviz\guardian_2017-12-21_guardian_8eaba1350e_img02.jpg,D:\FR\IGD\IPCC internship\output\guardian\guardian_images\guardian_images_dataviz\guardian_2017-12-21_guardian_8eaba1350e_img02.jpg,2017-12-21,2,JPEG,445,205
kept,,D:\FR\IGD\IPCC internship\output\guardian\guardian_images\guardian_images_dataviz\guardian_2017-12-21_guardian_8eaba1350e_img03.jpg,D:\FR\IGD\IPCC internship\output\guardian\guardian_images\guardian_images_dataviz\guardian_2017-12-21_guardian_8eaba1350e_img03.jpg,2017-12-21,3,JPEG,445,345
kept,,D:\FR\IGD\IPCC internship\output\guardian\guardian_images\guardian_images_dataviz\guardian_2017-12-21_guardian_8eaba1350e_img04.jpg,D:\FR\IGD\IPCC internship\output\guardian\guardian_images\guardian_images_dataviz\guardian_2017-12-21_guardian_8eaba1350e_img04.jpg,2017-12-21,4,JPEG,445,389
kept,,D:\FR\IGD\IPCC internship\output\guardian\guardian_images\guardian_images_dataviz\guardian_2017-12-22_guardian_ed954e73dd_img03.jpg,D:\FR\IGD\IPCC internship\output\guardian\guardian_images\guardian_images_dataviz\guardian_2017-12-22_guardian_ed954e73dd_img03.jpg,2017-12-22,3,JPEG,445,262
kept,,D:\FR\IGD\IPCC internship\output\guardian\guardian_images\guardian_images_dataviz\guardian_2017-12-22_guardian_ed954e73dd_img04.jpg,D:\FR\IGD\IPCC internship\output\guardian\guardian_images\guardian_images_dataviz\guardian_2017-12-22_guardian_ed954e73dd_img04.jpg,2017-12-22,4,JPEG,120,124
kept,,D:\FR\IGD\IPCC internship\output\guardian\guardian_images\guardian_images_dataviz\guardian_2017-12-26_guardian_a0a657a3bb_img02.jpg,D:\FR\IGD\IPCC internship\output\guardian\guardian_images\guardian_images_dataviz\guardian_2017-12-26_guardian_a0a657a3bb_img02.jpg,2017-12-26,2,JPEG,445,399
kept,,D:\FR\IGD\IPCC internship\output\guardian\guardian_images\guardian_images_dataviz\guardian_2017-12-27_guardian_a0bf6ca8a0_img02.jpg,D:\FR\IGD\IPCC internship\output\guardian\guardian_images\guardian_images_dataviz\guardian_2017-12-27_guardian_a0bf6ca8a0_img02.jpg,2017-12-27,2,JPEG,445,248
kept,,D:\FR\IGD\IPCC internship\output\guardian\guardian_images\guardian_images_dataviz\guardian_2018-01-18_guardian_480cab43db_img01.jpg,D:\FR\IGD\IPCC internship\output\guardian\guardian_images\guardian_images_dataviz\guardian_2018-01-18_guardian_480cab43db_img01.jpg,2018-01-18,1,JPEG,465,348
kept,,D:\FR\IGD\IPCC internship\output\guardian\guardian_images\guardian_images_dataviz\guardian_2018-01-26_guardian_a1e3c5bd9f_img02.jpg,D:\FR\IGD\IPCC internship\output\guardian\guardian_images\guardian_images_dataviz\guardian_2018-01-26_guardian_a1e3c5bd9f_img02.jpg,2018-01-26,2,JPEG,445,239
kept,,D:\FR\IGD\IPCC internship\output\guardian\guardian_images\guardian_images_dataviz\guardian_2018-02-19_guardian_49b5b9491b_img03.jpg,D:\FR\IGD\IPCC internship\output\guardian\guardian_images\guardian_images_dataviz\guardian_2018-02-19_guardian_49b5b9491b_img03.jpg,2018-02-19,3,JPEG,445,262
kept,,D:\FR\IGD\IPCC internship\output\guardian\guardian_images\guardian_images_dataviz\guardian_2018-02-27_guardian_e07b65ac2e_img02.jpg,D:\FR\IGD\IPCC internship\output\guardian\guardian_images\guardian_images_dataviz\guardian_2018-02-27_guardian_e07b65ac2e_img02.jpg,2018-02-27,2,JPEG,445,353
kept,,D:\FR\IGD\IPCC internship\output\guardian\guardian_images\guardian_images_dataviz\guardian_2018-03-01_guardian_15ac5f754f_img04.jpg,D:\FR\IGD\IPCC internship\output\guardian\guardian_images\guardian_images_dataviz\guardian_2018-03-01_guardian_15ac5f754f_img04.jpg,2018-03-01,4,JPEG,445,369
kept,,D:\FR\IGD\IPCC internship\output\guardian\guardian_images\guardian_images_dataviz\guardian_2018-04-03_guardian_1af4176fb4_img02.jpg,D:\FR\IGD\IPCC internship\output\guardian\guardian_images\guardian_images_dataviz\guardian_2018-04-03_guardian_1af4176fb4_img02.jpg,2018-04-03,2,JPEG,445,257
kept,,D:\FR\IGD\IPCC internship\output\guardian\guardian_images\guardian_images_dataviz\guardian_2018-04-18_guardian_d4ef95d04d_img02.jpg,D:\FR\IGD\IPCC internship\output\guardian\guardian_images\guardian_images_dataviz\guardian_2018-04-18_guardian_d4ef95d04d_img02.jpg,2018-04-18,2,JPEG,445,293
kept,,D:\FR\IGD\IPCC internship\output\guardian\guardian_images\guardian_images_dataviz\guardian_2018-05-21_guardian_8167dfb423_img02.jpg,D:\FR\IGD\IPCC internship\output\guardian\guardian_images\guardian_images_dataviz\guardian_2018-05-21_guardian_8167dfb423_img02.jpg,2018-05-21,2,JPEG,445,302
kept,,D:\FR\IGD\IPCC internship\output\guardian\guardian_images\guardian_images_dataviz\guardian_2018-05-29_guardian_1d9690b65e_img02.jpg,D:\FR\IGD\IPCC internship\output\guardian\guardian_images\guardian_images_dataviz\guardian_2018-05-29_guardian_1d9690b65e_img02.jpg,2018-05-29,2,JPEG,445,304
kept,,D:\FR\IGD\IPCC internship\output\guardian\guardian_images\guardian_images_dataviz\guardian_2018-06-12_guardian_18db5c9a3d_img02.jpg,D:\FR\IGD\IPCC internship\output\guardian\guardian_images\guardian_images_dataviz\guardian_2018-06-12_guardian_18db5c9a3d_img02.jpg,2018-06-12,2,JPEG,445,267
kept,,D:\FR\IGD\IPCC internship\output\guardian\guardian_images\guardian_images_dataviz\guardian_2018-06-18_guardian_8be967e5db_img02.jpg,D:\FR\IGD\IPCC internship\output\guardian\guardian_images\guardian_images_dataviz\guardian_2018-06-18_guardian_8be967e5db_img02.jpg,2018-06-18,2,JPEG,445,323
kept,,D:\FR\IGD\IPCC internship\output\guardian\guardian_images\guardian_images_dataviz\guardian_2018-06-18_guardian_8be967e5db_img03.jpg,D:\FR\IGD\IPCC internship\output\guardian\guardian_images\guardian_images_dataviz\guardian_2018-06-18_guardian_8be967e5db_img03.jpg,2018-06-18,3,JPEG,445,239
kept,,D:\FR\IGD\IPCC internship\output\guardian\guardian_images\guardian_images_dataviz\guardian_2018-06-25_guardian_0e2c9e1851_img02.jpg,D:\FR\IGD\IPCC internship\output\guardian\guardian_images\guardian_images_dataviz\guardian_2018-06-25_guardian_0e2c9e1851_img02.jpg,2018-06-25,2,JPEG,445,303
kept,,D:\FR\IGD\IPCC internship\output\guardian\guardian_images\guardian_images_dataviz\guardian_2018-07-09_guardian_bc6fc903af_img02.jpg,D:\FR\IGD\IPCC internship\output\guardian\guardian_images\guardian_images_dataviz\guardian_2018-07-09_guardian_bc6fc903af_img02.jpg,2018-07-09,2,JPEG,445,334
kept,,D:\FR\IGD\IPCC internship\output\guardian\guardian_images\guardian_images_dataviz\guardian_2018-07-09_guardian_bc6fc903af_img03.jpg,D:\FR\IGD\IPCC internship\output\guardian\guardian_images\guardian_images_dataviz\guardian_2018-07-09_guardian_bc6fc903af_img03.jpg,2018-07-09,3,JPEG,445,344
kept,,D:\FR\IGD\IPCC internship\output\guardian\guardian_images\guardian_images_dataviz\guardian_2018-07-12_guardian_601dc64d53_img02.jpg,D:\FR\IGD\IPCC internship\output\guardian\guardian_images\guardian_images_dataviz\guardian_2018-07-12_guardian_601dc64d53_img02.jpg,2018-07-12,2,JPEG,445,320
kept,,D:\FR\IGD\IPCC internship\output\guardian\guardian_images\guardian_images_dataviz\guardian_2018-07-22_guardian_e725ab5353_img04.jpg,D:\FR\IGD\IPCC internship\output\guardian\guardian_images\guardian_images_dataviz\guardian_2018-07-22_guardian_e725ab5353_img04.jpg,2018-07-22,4,JPEG,445,267
kept,,D:\FR\IGD\IPCC internship\output\guardian\guardian_images\guardian_images_dataviz\guardian_2018-08-03_guardian_8df5d9660d_img02.jpg,D:\FR\IGD\IPCC internship\output\guardian\guardian_images\guardian_images_dataviz\guardian_2018-08-03_guardian_8df5d9660d_img02.jpg,2018-08-03,2,JPEG,445,226
kept,,D:\FR\IGD\IPCC internship\output\guardian\guardian_images\guardian_images_dataviz\guardian_2018-09-03_guardian_466409721c_img02.jpg,D:\FR\IGD\IPCC internship\output\guardian\guardian_images\guardian_images_dataviz\guardian_2018-09-03_guardian_466409721c_img02.jpg,2018-09-03,2,JPEG,445,322
kept,,D:\FR\IGD\IPCC internship\output\guardian\guardian_images\guardian_images_dataviz\guardian_2018-09-03_guardian_466409721c_img03.jpg,D:\FR\IGD\IPCC internship\output\guardian\guardian_images\guardian_images_dataviz\guardian_2018-09-03_guardian_466409721c_img03.jpg,2018-09-03,3,JPEG,445,273
kept,,D:\FR\IGD\IPCC internship\output\guardian\guardian_images\guardian_images_dataviz\guardian_2018-09-03_guardian_466409721c_img04.jpg,D:\FR\IGD\IPCC internship\output\guardian\guardian_images\guardian_images_dataviz\guardian_2018-09-03_guardian_466409721c_img04.jpg,2018-09-03,4,JPEG,445,310
kept,,D:\FR\IGD\IPCC internship\output\guardian\guardian_images\guardian_images_dataviz\guardian_2018-09-19_guardian_c8b7626896_img02.jpg,D:\FR\IGD\IPCC internship\output\guardian\guardian_images\guardian_images_dataviz\guardian_2018-09-19_guardian_c8b7626896_img02.jpg,2018-09-19,2,JPEG,445,525
kept,,D:\FR\IGD\IPCC internship\output\guardian\guardian_images\guardian_images_dataviz\guardian_2018-09-24_guardian_c2d014a9e1_img02.jpg,D:\FR\IGD\IPCC internship\output\guardian\guardian_images\guardian_images_dataviz\guardian_2018-09-24_guardian_c2d014a9e1_img02.jpg,2018-09-24,2,JPEG,445,151
kept,,D:\FR\IGD\IPCC internship\output\guardian\guardian_images\guardian_images_dataviz\guardian_2018-10-08_guardian_996ae84de9_img01.jpg,D:\FR\IGD\IPCC internship\output\guardian\guardian_images\guardian_images_dataviz\guardian_2018-10-08_guardian_996ae84de9_img01.jpg,2018-10-08,1,JPEG,465,279
kept,,D:\FR\IGD\IPCC internship\output\guardian\guardian_images\guardian_images_dataviz\guardian_2018-10-08_guardian_74932178a6_img02.jpg,D:\FR\IGD\IPCC internship\output\guardian\guardian_images\guardian_images_dataviz\guardian_2018-10-08_guardian_74932178a6_img02.jpg,2018-10-08,2,JPEG,445,247
kept,,D:\FR\IGD\IPCC internship\output\guardian\guardian_images\guardian_images_dataviz\guardian_2018-10-08_guardian_67f2cf5e0b_img03.jpg,D:\FR\IGD\IPCC internship\output\guardian\guardian_images\guardian_images_dataviz\guardian_2018-10-08_guardian_67f2cf5e0b_img03.jpg,2018-10-08,3,JPEG,465,433
kept,,D:\FR\IGD\IPCC internship\output\guardian\guardian_images\guardian_images_dataviz\guardian_2018-10-10_guardian_59eb28a7aa_img02.jpg,D:\FR\IGD\IPCC internship\output\guardian\guardian_images\guardian_images_dataviz\guardian_2018-10-10_guardian_59eb28a7aa_img02.jpg,2018-10-10,2,JPEG,445,267
kept,,D:\FR\IGD\IPCC internship\output\guardian\guardian_images\guardian_images_dataviz\guardian_2018-10-15_guardian_3c4152dd78_img02.jpg,D:\FR\IGD\IPCC internship\output\guardian\guardian_images\guardian_images_dataviz\guardian_2018-10-15_guardian_3c4152dd78_img02.jpg,2018-10-15,2,JPEG,445,434
kept,,D:\FR\IGD\IPCC internship\output\guardian\guardian_images\guardian_images_dataviz\guardian_2018-10-22_guardian_f0aca1d30c_img03.jpg,D:\FR\IGD\IPCC internship\output\guardian\guardian_images\guardian_images_dataviz\guardian_2018-10-22_guardian_f0aca1d30c_img03.jpg,2018-10-22,3,JPEG,445,314
kept,,D:\FR\IGD\IPCC internship\output\guardian\guardian_images\guardian_images_dataviz\guardian_2018-11-20_guardian_9c90bcbafb_img01.jpg,D:\FR\IGD\IPCC internship\output\guardian\guardian_images\guardian_images_dataviz\guardian_2018-11-20_guardian_9c90bcbafb_img01.jpg,2018-11-20,1,JPEG,465,279
kept,,D:\FR\IGD\IPCC internship\output\guardian\guardian_images\guardian_images_dataviz\guardian_2018-12-03_guardian_1c012050ca_img08.jpg,D:\FR\IGD\IPCC internship\output\guardian\guardian_images\guardian_images_dataviz\guardian_2018-12-03_guardian_1c012050ca_img08.jpg,2018-12-03,8,JPEG,445,312
kept,,D:\FR\IGD\IPCC internship\output\guardian\guardian_images\guardian_images_dataviz\guardian_2019-02-05_guardian_edfbddf7f9_img02.png,D:\FR\IGD\IPCC internship\output\guardian\guardian_images\guardian_images_dataviz\guardian_2019-02-05_guardian_edfbddf7f9_img02.png,2019-02-05,2,WEBP,620,357
kept,,D:\FR\IGD\IPCC internship\output\guardian\guardian_images\guardian_images_dataviz\guardian_2019-05-09_guardian_ac116e0203_img02.jpg,D:\FR\IGD\IPCC internship\output\guardian\guardian_images\guardian_images_dataviz\guardian_2019-05-09_guardian_ac116e0203_img02.jpg,2019-05-09,2,JPEG,445,267
kept,,D:\FR\IGD\IPCC internship\output\guardian\guardian_images\guardian_images_dataviz\guardian_2019-05-16_guardian_13d1415698_img02.jpg,D:\FR\IGD\IPCC internship\output\guardian\guardian_images\guardian_images_dataviz\guardian_2019-05-16_guardian_13d1415698_img02.jpg,2019-05-16,2,JPEG,465,262
kept,,D:\FR\IGD\IPCC internship\output\guardian\guardian_images\guardian_images_dataviz\guardian_2019-05-22_guardian_e66e117e4b_img01.jpg,D:\FR\IGD\IPCC internship\output\guardian\guardian_images\guardian_images_dataviz\guardian_2019-05-22_guardian_e66e117e4b_img01.jpg,2019-05-22,1,JPEG,465,279
kept,,D:\FR\IGD\IPCC internship\output\guardian\guardian_images\guardian_images_dataviz\guardian_2019-05-23_guardian_1a8e0df293_img02.jpg,D:\FR\IGD\IPCC internship\output\guardian\guardian_images\guardian_images_dataviz\guardian_2019-05-23_guardian_1a8e0df293_img02.jpg,2019-05-23,2,JPEG,445,329
kept,,D:\FR\IGD\IPCC internship\output\guardian\guardian_images\guardian_images_dataviz\guardian_2019-06-17_guardian_0553909688_img03.jpg,D:\FR\IGD\IPCC internship\output\guardian\guardian_images\guardian_images_dataviz\guardian_2019-06-17_guardian_0553909688_img03.jpg,2019-06-17,3,JPEG,445,318
kept,,D:\FR\IGD\IPCC internship\output\guardian\guardian_images\guardian_images_dataviz\guardian_2019-06-24_guardian_7dbe67f137_img03.jpg,D:\FR\IGD\IPCC internship\output\guardian\guardian_images\guardian_images_dataviz\guardian_2019-06-24_guardian_7dbe67f137_img03.jpg,2019-06-24,3,JPEG,445,322
kept,,D:\FR\IGD\IPCC internship\output\guardian\guardian_images\guardian_images_dataviz\guardian_2019-11-19_guardian_edf20fed05_img06.jpg,D:\FR\IGD\IPCC internship\output\guardian\guardian_images\guardian_images_dataviz\guardian_2019-11-19_guardian_edf20fed05_img06.jpg,2019-11-19,6,JPEG,465,383
kept,,D:\FR\IGD\IPCC internship\output\guardian\guardian_images\guardian_images_dataviz\guardian_2019-12-02_guardian_c5476de100_img02.jpg,D:\FR\IGD\IPCC internship\output\guardian\guardian_images\guardian_images_dataviz\guardian_2019-12-02_guardian_c5476de100_img02.jpg,2019-12-02,2,JPEG,445,445
kept,,D:\FR\IGD\IPCC internship\output\guardian\guardian_images\guardian_images_dataviz\guardian_2019-12-18_guardian_9c49b7e308_img02.jpg,D:\FR\IGD\IPCC internship\output\guardian\guardian_images\guardian_images_dataviz\guardian_2019-12-18_guardian_9c49b7e308_img02.jpg,2019-12-18,2,JPEG,465,160
kept,,D:\FR\IGD\IPCC internship\output\guardian\guardian_images\guardian_images_dataviz\guardian_2019-12-18_guardian_51d91d8bf8_img03.jpg,D:\FR\IGD\IPCC internship\output\guardian\guardian_images\guardian_images_dataviz\guardian_2019-12-18_guardian_51d91d8bf8_img03.jpg,2019-12-18,3,JPEG,465,381
kept,,D:\FR\IGD\IPCC internship\output\guardian\guardian_images\guardian_images_dataviz\guardian_2019-12-18_guardian_9c49b7e308_img04.jpg,D:\FR\IGD\IPCC internship\output\guardian\guardian_images\guardian_images_dataviz\guardian_2019-12-18_guardian_9c49b7e308_img04.jpg,2019-12-18,4,JPEG,465,300
kept,,D:\FR\IGD\IPCC internship\output\guardian\guardian_images\guardian_images_dataviz\guardian_2019-12-20_guardian_a8342226b7_img01.jpg,D:\FR\IGD\IPCC internship\output\guardian\guardian_images\guardian_images_dataviz\guardian_2019-12-20_guardian_a8342226b7_img01.jpg,2019-12-20,1,JPEG,465,275
kept,,D:\FR\IGD\IPCC internship\output\guardian\guardian_images\guardian_images_dataviz\guardian_2019-12-20_guardian_a8342226b7_img02.jpg,D:\FR\IGD\IPCC internship\output\guardian\guardian_images\guardian_images_dataviz\guardian_2019-12-20_guardian_a8342226b7_img02.jpg,2019-12-20,2,JPEG,465,182
kept,,D:\FR\IGD\IPCC internship\output\guardian\guardian_images\guardian_images_dataviz\guardian_2019-12-20_guardian_a8342226b7_img04.jpg,D:\FR\IGD\IPCC internship\output\guardian\guardian_images\guardian_images_dataviz\guardian_2019-12-20_guardian_a8342226b7_img04.jpg,2019-12-20,4,JPEG,465,279
kept,,D:\FR\IGD\IPCC internship\output\guardian\guardian_images\guardian_images_dataviz\guardian_2019-12-20_guardian_a8342226b7_img06.jpg,D:\FR\IGD\IPCC internship\output\guardian\guardian_images\guardian_images_dataviz\guardian_2019-12-20_guardian_a8342226b7_img06.jpg,2019-12-20,6,JPEG,465,275
kept,,D:\FR\IGD\IPCC internship\output\guardian\guardian_images\guardian_images_dataviz\guardian_2019-12-22_guardian_5306138647_img02.jpg,D:\FR\IGD\IPCC internship\output\guardian\guardian_images\guardian_images_dataviz\guardian_2019-12-22_guardian_5306138647_img02.jpg,2019-12-22,2,JPEG,465,248
kept,,D:\FR\IGD\IPCC internship\output\guardian\guardian_images\guardian_images_dataviz\guardian_2020-02-10_guardian_ac45b260d8_img02.jpg,D:\FR\IGD\IPCC internship\output\guardian\guardian_images\guardian_images_dataviz\guardian_2020-02-10_guardian_ac45b260d8_img02.jpg,2020-02-10,2,JPEG,445,235
kept,,D:\FR\IGD\IPCC internship\output\guardian\guardian_images\guardian_images_dataviz\guardian_2020-03-04_guardian_e568d20f09_img16.jpg,D:\FR\IGD\IPCC internship\output\guardian\guardian_images\guardian_images_dataviz\guardian_2020-03-04_guardian_e568d20f09_img16.jpg,2020-03-04,16,JPEG,445,445
kept,,D:\FR\IGD\IPCC internship\output\guardian\guardian_images\guardian_images_dataviz\guardian_2020-04-06_guardian_90dccf5722_img03.jpg,D:\FR\IGD\IPCC internship\output\guardian\guardian_images\guardian_images_dataviz\guardian_2020-04-06_guardian_90dccf5722_img03.jpg,2020-04-06,3,JPEG,445,316
kept,,D:\FR\IGD\IPCC internship\output\guardian\guardian_images\guardian_images_dataviz\guardian_2020-05-12_guardian_e638f4beb5_img02.jpg,D:\FR\IGD\IPCC internship\output\guardian\guardian_images\guardian_images_dataviz\guardian_2020-05-12_guardian_e638f4beb5_img02.jpg,2020-05-12,2,JPEG,445,429
kept,,D:\FR\IGD\IPCC internship\output\guardian\guardian_images\guardian_images_dataviz\guardian_2020-07-05_guardian_5d146f83cf_img01.jpg,D:\FR\IGD\IPCC internship\output\guardian\guardian_images\guardian_images_dataviz\guardian_2020-07-05_guardian_5d146f83cf_img01.jpg,2020-07-05,1,JPEG,465,279
kept,,D:\FR\IGD\IPCC internship\output\guardian\guardian_images\guardian_images_dataviz\guardian_2020-10-27_guardian_06fffae5ff_img02.jpg,D:\FR\IGD\IPCC internship\output\guardian\guardian_images\guardian_images_dataviz\guardian_2020-10-27_guardian_06fffae5ff_img02.jpg,2020-10-27,2,JPEG,445,311
kept,,D:\FR\IGD\IPCC internship\output\guardian\guardian_images\guardian_images_dataviz\guardian_2020-10-27_guardian_06fffae5ff_img03.jpg,D:\FR\IGD\IPCC internship\output\guardian\guardian_images\guardian_images_dataviz\guardian_2020-10-27_guardian_06fffae5ff_img03.jpg,2020-10-27,3,JPEG,445,318
kept,,D:\FR\IGD\IPCC internship\output\guardian\guardian_images\guardian_images_dataviz\guardian_2020-11-12_guardian_ec3e7c5877_img02.jpg,D:\FR\IGD\IPCC internship\output\guardian\guardian_images\guardian_images_dataviz\guardian_2020-11-12_guardian_ec3e7c5877_img02.jpg,2020-11-12,2,JPEG,445,267
kept,,D:\FR\IGD\IPCC internship\output\guardian\guardian_images\guardian_images_dataviz\guardian_2020-11-12_guardian_ec3e7c5877_img03.jpg,D:\FR\IGD\IPCC internship\output\guardian\guardian_images\guardian_images_dataviz\guardian_2020-11-12_guardian_ec3e7c5877_img03.jpg,2020-11-12,3,JPEG,445,241
kept,,D:\FR\IGD\IPCC internship\output\guardian\guardian_images\guardian_images_dataviz\guardian_2020-11-12_guardian_ec3e7c5877_img04.jpg,D:\FR\IGD\IPCC internship\output\guardian\guardian_images\guardian_images_dataviz\guardian_2020-11-12_guardian_ec3e7c5877_img04.jpg,2020-11-12,4,JPEG,445,267
kept,,D:\FR\IGD\IPCC internship\output\guardian\guardian_images\guardian_images_dataviz\guardian_2020-11-13_guardian_db5418ff97_img03.jpg,D:\FR\IGD\IPCC internship\output\guardian\guardian_images\guardian_images_dataviz\guardian_2020-11-13_guardian_db5418ff97_img03.jpg,2020-11-13,3,JPEG,445,267
kept,,D:\FR\IGD\IPCC internship\output\guardian\guardian_images\guardian_images_dataviz\guardian_2020-11-13_guardian_e3d7484e53_img04.jpg,D:\FR\IGD\IPCC internship\output\guardian\guardian_images\guardian_images_dataviz\guardian_2020-11-13_guardian_e3d7484e53_img04.jpg,2020-11-13,4,JPEG,445,295
kept,,D:\FR\IGD\IPCC internship\output\guardian\guardian_images\guardian_images_dataviz\guardian_2020-11-16_guardian_53ca58b026_img02.jpg,D:\FR\IGD\IPCC internship\output\guardian\guardian_images\guardian_images_dataviz\guardian_2020-11-16_guardian_53ca58b026_img02.jpg,2020-11-16,2,JPEG,465,151
kept,,D:\FR\IGD\IPCC internship\output\guardian\guardian_images\guardian_images_dataviz\guardian_2020-11-25_guardian_9cfa10e0b3_img01.jpg,D:\FR\IGD\IPCC internship\output\guardian\guardian_images\guardian_images_dataviz\guardian_2020-11-25_guardian_9cfa10e0b3_img01.jpg,2020-11-25,1,JPEG,465,242
kept,,D:\FR\IGD\IPCC internship\output\guardian\guardian_images\guardian_images_dataviz\guardian_2020-12-09_guardian_95c79e0bdb_img04.jpg,D:\FR\IGD\IPCC internship\output\guardian\guardian_images\guardian_images_dataviz\guardian_2020-12-09_guardian_95c79e0bdb_img04.jpg,2020-12-09,4,JPEG,465,256
kept,,D:\FR\IGD\IPCC internship\output\guardian\guardian_images\guardian_images_dataviz\guardian_2020-12-09_guardian_95c79e0bdb_img07.jpg,D:\FR\IGD\IPCC internship\output\guardian\guardian_images\guardian_images_dataviz\guardian_2020-12-09_guardian_95c79e0bdb_img07.jpg,2020-12-09,7,JPEG,465,232
kept,,D:\FR\IGD\IPCC internship\output\guardian\guardian_images\guardian_images_dataviz\guardian_2020-12-10_guardian_0189eb2b52_img01.jpg,D:\FR\IGD\IPCC internship\output\guardian\guardian_images\guardian_images_dataviz\guardian_2020-12-10_guardian_0189eb2b52_img01.jpg,2020-12-10,1,JPEG,465,356
kept,,D:\FR\IGD\IPCC internship\output\guardian\guardian_images\guardian_images_dataviz\guardian_2020-12-30_guardian_01c11f478a_img06.jpg,D:\FR\IGD\IPCC internship\output\guardian\guardian_images\guardian_images_dataviz\guardian_2020-12-30_guardian_01c11f478a_img06.jpg,2020-12-30,6,JPEG,445,237
kept,,D:\FR\IGD\IPCC internship\output\guardian\guardian_images\guardian_images_dataviz\guardian_2020-12-30_guardian_01c11f478a_img10.jpg,D:\FR\IGD\IPCC internship\output\guardian\guardian_images\guardian_images_dataviz\guardian_2020-12-30_guardian_01c11f478a_img10.jpg,2020-12-30,10,JPEG,445,267
kept,,D:\FR\IGD\IPCC internship\output\guardian\guardian_images\guardian_images_dataviz\guardian_2021-04-29_guardian_e90212d523_img06.png,D:\FR\IGD\IPCC internship\output\guardian\guardian_images\guardian_images_dataviz\guardian_2021-04-29_guardian_e90212d523_img06.png,2021-04-29,6,PNG,234,192
kept,,D:\FR\IGD\IPCC internship\output\guardian\guardian_images\guardian_images_dataviz\guardian_2021-04-29_guardian_e90212d523_img07.png,D:\FR\IGD\IPCC internship\output\guardian\guardian_images\guardian_images_dataviz\guardian_2021-04-29_guardian_e90212d523_img07.png,2021-04-29,7,PNG,228,232
kept,,D:\FR\IGD\IPCC internship\output\guardian\guardian_images\guardian_images_dataviz\guardian_2021-04-29_guardian_e90212d523_img08.png,D:\FR\IGD\IPCC internship\output\guardian\guardian_images\guardian_images_dataviz\guardian_2021-04-29_guardian_e90212d523_img08.png,2021-04-29,8,PNG,228,232
kept,,D:\FR\IGD\IPCC internship\output\guardian\guardian_images\guardian_images_dataviz\guardian_2021-04-29_guardian_e90212d523_img09.png,D:\FR\IGD\IPCC internship\output\guardian\guardian_images\guardian_images_dataviz\guardian_2021-04-29_guardian_e90212d523_img09.png,2021-04-29,9,PNG,180,160
kept,,D:\FR\IGD\IPCC internship\output\guardian\guardian_images\guardian_images_dataviz\guardian_2021-04-29_guardian_e90212d523_img10.png,D:\FR\IGD\IPCC internship\output\guardian\guardian_images\guardian_images_dataviz\guardian_2021-04-29_guardian_e90212d523_img10.png,2021-04-29,10,PNG,180,160
kept,,D:\FR\IGD\IPCC internship\output\guardian\guardian_images\guardian_images_dataviz\guardian_2021-04-29_guardian_e90212d523_img11.png,D:\FR\IGD\IPCC internship\output\guardian\guardian_images\guardian_images_dataviz\guardian_2021-04-29_guardian_e90212d523_img11.png,2021-04-29,11,PNG,244,130
kept,,D:\FR\IGD\IPCC internship\output\guardian\guardian_images\guardian_images_dataviz\guardian_2021-04-29_guardian_e90212d523_img12.png,D:\FR\IGD\IPCC internship\output\guardian\guardian_images\guardian_images_dataviz\guardian_2021-04-29_guardian_e90212d523_img12.png,2021-04-29,12,PNG,244,130
kept,,D:\FR\IGD\IPCC internship\output\guardian\guardian_images\guardian_images_dataviz\guardian_2021-04-29_guardian_e90212d523_img24.png,D:\FR\IGD\IPCC internship\output\guardian\guardian_images\guardian_images_dataviz\guardian_2021-04-29_guardian_e90212d523_img24.png,2021-04-29,24,PNG,176,218
kept,,D:\FR\IGD\IPCC internship\output\guardian\guardian_images\guardian_images_dataviz\guardian_2021-04-29_guardian_e90212d523_img27.png,D:\FR\IGD\IPCC internship\output\guardian\guardian_images\guardian_images_dataviz\guardian_2021-04-29_guardian_e90212d523_img27.png,2021-04-29,27,PNG,202,184
kept,,D:\FR\IGD\IPCC internship\output\guardian\guardian_images\guardian_images_dataviz\guardian_2021-04-29_guardian_e90212d523_img28.png,D:\FR\IGD\IPCC internship\output\guardian\guardian_images\guardian_images_dataviz\guardian_2021-04-29_guardian_e90212d523_img28.png,2021-04-29,28,PNG,202,184
kept,,D:\FR\IGD\IPCC internship\output\guardian\guardian_images\guardian_images_dataviz\guardian_2021-04-29_guardian_e90212d523_img30.png,D:\FR\IGD\IPCC internship\output\guardian\guardian_images\guardian_images_dataviz\guardian_2021-04-29_guardian_e90212d523_img30.png,2021-04-29,30,PNG,276,214
kept,,D:\FR\IGD\IPCC internship\output\guardian\guardian_images\guardian_images_dataviz\guardian_2021-04-29_guardian_e90212d523_img34.png,D:\FR\IGD\IPCC internship\output\guardian\guardian_images\guardian_images_dataviz\guardian_2021-04-29_guardian_e90212d523_img34.png,2021-04-29,34,PNG,244,202
kept,,D:\FR\IGD\IPCC internship\output\guardian\guardian_images\guardian_images_dataviz\guardian_2021-04-29_guardian_e90212d523_img44.png,D:\FR\IGD\IPCC internship\output\guardian\guardian_images\guardian_images_dataviz\guardian_2021-04-29_guardian_e90212d523_img44.png,2021-04-29,44,PNG,258,162
kept,,D:\FR\IGD\IPCC internship\output\guardian\guardian_images\guardian_images_dataviz\guardian_2021-04-29_guardian_e90212d523_img57.png,D:\FR\IGD\IPCC internship\output\guardian\guardian_images\guardian_images_dataviz\guardian_2021-04-29_guardian_e90212d523_img57.png,2021-04-29,57,PNG,246,184
kept,,D:\FR\IGD\IPCC internship\output\guardian\guardian_images\guardian_images_dataviz\guardian_2021-04-29_guardian_e90212d523_img58.png,D:\FR\IGD\IPCC internship\output\guardian\guardian_images\guardian_images_dataviz\guardian_2021-04-29_guardian_e90212d523_img58.png,2021-04-29,58,PNG,246,184
kept,,D:\FR\IGD\IPCC internship\output\guardian\guardian_images\guardian_images_dataviz\guardian_2021-04-29_guardian_e90212d523_img66.png,D:\FR\IGD\IPCC internship\output\guardian\guardian_images\guardian_images_dataviz\guardian_2021-04-29_guardian_e90212d523_img66.png,2021-04-29,66,PNG,266,268
kept,,D:\FR\IGD\IPCC internship\output\guardian\guardian_images\guardian_images_dataviz\guardian_2021-04-29_guardian_e90212d523_img68.png,D:\FR\IGD\IPCC internship\output\guardian\guardian_images\guardian_images_dataviz\guardian_2021-04-29_guardian_e90212d523_img68.png,2021-04-29,68,PNG,302,218
kept,,D:\FR\IGD\IPCC internship\output\guardian\guardian_images\guardian_images_dataviz\guardian_2021-04-29_guardian_e90212d523_img72.png,D:\FR\IGD\IPCC internship\output\guardian\guardian_images\guardian_images_dataviz\guardian_2021-04-29_guardian_e90212d523_img72.png,2021-04-29,72,PNG,328,260
kept,,D:\FR\IGD\IPCC internship\output\guardian\guardian_images\guardian_images_dataviz\guardian_2021-04-29_guardian_e90212d523_img81.png,D:\FR\IGD\IPCC internship\output\guardian\guardian_images\guardian_images_dataviz\guardian_2021-04-29_guardian_e90212d523_img81.png,2021-04-29,81,PNG,234,254
kept,,D:\FR\IGD\IPCC internship\output\guardian\guardian_images\guardian_images_dataviz\guardian_2021-04-29_guardian_e90212d523_img82.png,D:\FR\IGD\IPCC internship\output\guardian\guardian_images\guardian_images_dataviz\guardian_2021-04-29_guardian_e90212d523_img82.png,2021-04-29,82,PNG,234,254
kept,,D:\FR\IGD\IPCC internship\output\guardian\guardian_images\guardian_images_dataviz\guardian_2021-04-29_guardian_e90212d523_img83.png,D:\FR\IGD\IPCC internship\output\guardian\guardian_images\guardian_images_dataviz\guardian_2021-04-29_guardian_e90212d523_img83.png,2021-04-29,83,PNG,218,290
kept,,D:\FR\IGD\IPCC internship\output\guardian\guardian_images\guardian_images_dataviz\guardian_2021-04-29_guardian_e90212d523_img84.png,D:\FR\IGD\IPCC internship\output\guardian\guardian_images\guardian_images_dataviz\guardian_2021-04-29_guardian_e90212d523_img84.png,2021-04-29,84,PNG,218,290
kept,,D:\FR\IGD\IPCC internship\output\guardian\guardian_images\guardian_images_dataviz\guardian_2021-04-29_guardian_e90212d523_img85.png,D:\FR\IGD\IPCC internship\output\guardian\guardian_images\guardian_images_dataviz\guardian_2021-04-29_guardian_e90212d523_img85.png,2021-04-29,85,PNG,304,244
kept,,D:\FR\IGD\IPCC internship\output\guardian\guardian_images\guardian_images_dataviz\guardian_2021-04-29_guardian_e90212d523_img86.png,D:\FR\IGD\IPCC internship\output\guardian\guardian_images\guardian_images_dataviz\guardian_2021-04-29_guardian_e90212d523_img86.png,2021-04-29,86,PNG,304,244
kept,,D:\FR\IGD\IPCC internship\output\guardian\guardian_images\guardian_images_dataviz\guardian_2021-04-29_guardian_e90212d523_img90.png,D:\FR\IGD\IPCC internship\output\guardian\guardian_images\guardian_images_dataviz\guardian_2021-04-29_guardian_e90212d523_img90.png,2021-04-29,90,PNG,302,338
kept,,D:\FR\IGD\IPCC internship\output\guardian\guardian_images\guardian_images_dataviz\guardian_2021-04-29_guardian_e90212d523_img91.png,D:\FR\IGD\IPCC internship\output\guardian\guardian_images\guardian_images_dataviz\guardian_2021-04-29_guardian_e90212d523_img91.png,2021-04-29,91,PNG,298,308
kept,,D:\FR\IGD\IPCC internship\output\guardian\guardian_images\guardian_images_dataviz\guardian_2021-04-29_guardian_e90212d523_img92.png,D:\FR\IGD\IPCC internship\output\guardian\guardian_images\guardian_images_dataviz\guardian_2021-04-29_guardian_e90212d523_img92.png,2021-04-29,92,PNG,298,308
kept,,D:\FR\IGD\IPCC internship\output\guardian\guardian_images\guardian_images_dataviz\guardian_2021-04-29_guardian_e90212d523_img100.png,D:\FR\IGD\IPCC internship\output\guardian\guardian_images\guardian_images_dataviz\guardian_2021-04-29_guardian_e90212d523_img100.png,2021-04-29,100,PNG,312,198
kept,,D:\FR\IGD\IPCC internship\output\guardian\guardian_images\guardian_images_dataviz\guardian_2021-04-29_guardian_e90212d523_img102.png,D:\FR\IGD\IPCC internship\output\guardian\guardian_images\guardian_images_dataviz\guardian_2021-04-29_guardian_e90212d523_img102.png,2021-04-29,102,PNG,254,378
kept,,D:\FR\IGD\IPCC internship\output\guardian\guardian_images\guardian_images_dataviz\guardian_2021-04-29_guardian_e90212d523_img105.png,D:\FR\IGD\IPCC internship\output\guardian\guardian_images\guardian_images_dataviz\guardian_2021-04-29_guardian_e90212d523_img105.png,2021-04-29,105,PNG,262,290
kept,,D:\FR\IGD\IPCC internship\output\guardian\guardian_images\guardian_images_dataviz\guardian_2021-04-29_guardian_e90212d523_img106.png,D:\FR\IGD\IPCC internship\output\guardian\guardian_images\guardian_images_dataviz\guardian_2021-04-29_guardian_e90212d523_img106.png,2021-04-29,106,PNG,262,290
kept,,D:\FR\IGD\IPCC internship\output\guardian\guardian_images\guardian_images_dataviz\guardian_2021-04-29_guardian_e90212d523_img111.png,D:\FR\IGD\IPCC internship\output\guardian\guardian_images\guardian_images_dataviz\guardian_2021-04-29_guardian_e90212d523_img111.png,2021-04-29,111,PNG,248,364
kept,,D:\FR\IGD\IPCC internship\output\guardian\guardian_images\guardian_images_dataviz\guardian_2021-04-29_guardian_e90212d523_img112.png,D:\FR\IGD\IPCC internship\output\guardian\guardian_images\guardian_images_dataviz\guardian_2021-04-29_guardian_e90212d523_img112.png,2021-04-29,112,PNG,248,364
kept,,D:\FR\IGD\IPCC internship\output\guardian\guardian_images\guardian_images_dataviz\guardian_2021-04-29_guardian_e90212d523_img113.png,D:\FR\IGD\IPCC internship\output\guardian\guardian_images\guardian_images_dataviz\guardian_2021-04-29_guardian_e90212d523_img113.png,2021-04-29,113,PNG,268,384
kept,,D:\FR\IGD\IPCC internship\output\guardian\guardian_images\guardian_images_dataviz\guardian_2021-04-29_guardian_e90212d523_img114.png,D:\FR\IGD\IPCC internship\output\guardian\guardian_images\guardian_images_dataviz\guardian_2021-04-29_guardian_e90212d523_img114.png,2021-04-29,114,PNG,268,384
kept,,D:\FR\IGD\IPCC internship\output\guardian\guardian_images\guardian_images_dataviz\guardian_2021-04-29_guardian_e90212d523_img117.png,D:\FR\IGD\IPCC internship\output\guardian\guardian_images\guardian_images_dataviz\guardian_2021-04-29_guardian_e90212d523_img117.png,2021-04-29,117,PNG,322,230
kept,,D:\FR\IGD\IPCC internship\output\guardian\guardian_images\guardian_images_dataviz\guardian_2021-04-29_guardian_e90212d523_img118.png,D:\FR\IGD\IPCC internship\output\guardian\guardian_images\guardian_images_dataviz\guardian_2021-04-29_guardian_e90212d523_img118.png,2021-04-29,118,PNG,322,230
kept,,D:\FR\IGD\IPCC internship\output\guardian\guardian_images\guardian_images_dataviz\guardian_2021-04-29_guardian_e90212d523_img123.png,D:\FR\IGD\IPCC internship\output\guardian\guardian_images\guardian_images_dataviz\guardian_2021-04-29_guardian_e90212d523_img123.png,2021-04-29,123,PNG,226,432
kept,,D:\FR\IGD\IPCC internship\output\guardian\guardian_images\guardian_images_dataviz\guardian_2021-04-29_guardian_e90212d523_img124.png,D:\FR\IGD\IPCC internship\output\guardian\guardian_images\guardian_images_dataviz\guardian_2021-04-29_guardian_e90212d523_img124.png,2021-04-29,124,PNG,226,432
kept,,D:\FR\IGD\IPCC internship\output\guardian\guardian_images\guardian_images_dataviz\guardian_2021-04-29_guardian_e90212d523_img125.png,D:\FR\IGD\IPCC internship\output\guardian\guardian_images\guardian_images_dataviz\guardian_2021-04-29_guardian_e90212d523_img125.png,2021-04-29,125,PNG,276,406
kept,,D:\FR\IGD\IPCC internship\output\guardian\guardian_images\guardian_images_dataviz\guardian_2021-04-29_guardian_e90212d523_img126.png,D:\FR\IGD\IPCC internship\output\guardian\guardian_images\guardian_images_dataviz\guardian_2021-04-29_guardian_e90212d523_img126.png,2021-04-29,126,PNG,276,406
kept,,D:\FR\IGD\IPCC internship\output\guardian\guardian_images\guardian_images_dataviz\guardian_2021-04-29_guardian_e90212d523_img128.png,D:\FR\IGD\IPCC internship\output\guardian\guardian_images\guardian_images_dataviz\guardian_2021-04-29_guardian_e90212d523_img128.png,2021-04-29,128,PNG,344,250
kept,,D:\FR\IGD\IPCC internship\output\guardian\guardian_images\guardian_images_dataviz\guardian_2021-04-29_guardian_e90212d523_img149.png,D:\FR\IGD\IPCC internship\output\guardian\guardian_images\guardian_images_dataviz\guardian_2021-04-29_guardian_e90212d523_img149.png,2021-04-29,149,PNG,346,410
kept,,D:\FR\IGD\IPCC internship\output\guardian\guardian_images\guardian_images_dataviz\guardian_2021-04-29_guardian_e90212d523_img150.png,D:\FR\IGD\IPCC internship\output\guardian\guardian_images\guardian_images_dataviz\guardian_2021-04-29_guardian_e90212d523_img150.png,2021-04-29,150,PNG,346,410
kept,,D:\FR\IGD\IPCC internship\output\guardian\guardian_images\guardian_images_dataviz\guardian_2021-04-29_guardian_e90212d523_img152.png,D:\FR\IGD\IPCC internship\output\guardian\guardian_images\guardian_images_dataviz\guardian_2021-04-29_guardian_e90212d523_img152.png,2021-04-29,152,PNG,410,358
kept,,D:\FR\IGD\IPCC internship\output\guardian\guardian_images\guardian_images_dataviz\guardian_2021-04-29_guardian_e90212d523_img154.png,D:\FR\IGD\IPCC internship\output\guardian\guardian_images\guardian_images_dataviz\guardian_2021-04-29_guardian_e90212d523_img154.png,2021-04-29,154,PNG,420,354
kept,,D:\FR\IGD\IPCC internship\output\guardian\guardian_images\guardian_images_dataviz\guardian_2021-04-29_guardian_e90212d523_img155.png,D:\FR\IGD\IPCC internship\output\guardian\guardian_images\guardian_images_dataviz\guardian_2021-04-29_guardian_e90212d523_img155.png,2021-04-29,155,PNG,236,548
kept,,D:\FR\IGD\IPCC internship\output\guardian\guardian_images\guardian_images_dataviz\guardian_2021-04-29_guardian_e90212d523_img167.png,D:\FR\IGD\IPCC internship\output\guardian\guardian_images\guardian_images_dataviz\guardian_2021-04-29_guardian_e90212d523_img167.png,2021-04-29,167,PNG,556,388
kept,,D:\FR\IGD\IPCC internship\output\guardian\guardian_images\guardian_images_dataviz\guardian_2021-04-29_guardian_e90212d523_img168.png,D:\FR\IGD\IPCC internship\output\guardian\guardian_images\guardian_images_dataviz\guardian_2021-04-29_guardian_e90212d523_img168.png,2021-04-29,168,PNG,556,388
kept,,D:\FR\IGD\IPCC internship\output\guardian\guardian_images\guardian_images_dataviz\guardian_2021-04-29_guardian_e90212d523_img169.png,D:\FR\IGD\IPCC internship\output\guardian\guardian_images\guardian_images_dataviz\guardian_2021-04-29_guardian_e90212d523_img169.png,2021-04-29,169,PNG,422,532
kept,,D:\FR\IGD\IPCC internship\output\guardian\guardian_images\guardian_images_dataviz\guardian_2021-04-29_guardian_e90212d523_img170.png,D:\FR\IGD\IPCC internship\output\guardian\guardian_images\guardian_images_dataviz\guardian_2021-04-29_guardian_e90212d523_img170.png,2021-04-29,170,PNG,422,532
kept,,D:\FR\IGD\IPCC internship\output\guardian\guardian_images\guardian_images_dataviz\guardian_2021-04-29_guardian_e90212d523_img173.png,D:\FR\IGD\IPCC internship\output\guardian\guardian_images\guardian_images_dataviz\guardian_2021-04-29_guardian_e90212d523_img173.png,2021-04-29,173,PNG,726,502
kept,,D:\FR\IGD\IPCC internship\output\guardian\guardian_images\guardian_images_dataviz\guardian_2021-04-29_guardian_e90212d523_img174.png,D:\FR\IGD\IPCC internship\output\guardian\guardian_images\guardian_images_dataviz\guardian_2021-04-29_guardian_e90212d523_img174.png,2021-04-29,174,PNG,726,502
kept,,D:\FR\IGD\IPCC internship\output\guardian\guardian_images\guardian_images_dataviz\guardian_2021-04-29_guardian_e90212d523_img175.png,D:\FR\IGD\IPCC internship\output\guardian\guardian_images\guardian_images_dataviz\guardian_2021-04-29_guardian_e90212d523_img175.png,2021-04-29,175,PNG,428,696
kept,,D:\FR\IGD\IPCC internship\output\guardian\guardian_images\guardian_images_dataviz\guardian_2021-04-29_guardian_e90212d523_img176.png,D:\FR\IGD\IPCC internship\output\guardian\guardian_images\guardian_images_dataviz\guardian_2021-04-29_guardian_e90212d523_img176.png,2021-04-29,176,PNG,428,696
kept,,D:\FR\IGD\IPCC internship\output\guardian\guardian_images\guardian_images_dataviz\guardian_2021-04-29_guardian_e90212d523_img177.png,D:\FR\IGD\IPCC internship\output\guardian\guardian_images\guardian_images_dataviz\guardian_2021-04-29_guardian_e90212d523_img177.png,2021-04-29,177,PNG,874,730
kept,,D:\FR\IGD\IPCC internship\output\guardian\guardian_images\guardian_images_dataviz\guardian_2021-04-29_guardian_e90212d523_img178.png,D:\FR\IGD\IPCC internship\output\guardian\guardian_images\guardian_images_dataviz\guardian_2021-04-29_guardian_e90212d523_img178.png,2021-04-29,178,PNG,874,730
kept,,D:\FR\IGD\IPCC internship\output\guardian\guardian_images\guardian_images_dataviz\guardian_2021-04-29_guardian_e90212d523_img179.png,D:\FR\IGD\IPCC internship\output\guardian\guardian_images\guardian_images_dataviz\guardian_2021-04-29_guardian_e90212d523_img179.png,2021-04-29,179,PNG,842,1470
kept,,D:\FR\IGD\IPCC internship\output\guardian\guardian_images\guardian_images_dataviz\guardian_2021-04-29_guardian_e90212d523_img180.png,D:\FR\IGD\IPCC internship\output\guardian\guardian_images\guardian_images_dataviz\guardian_2021-04-29_guardian_e90212d523_img180.png,2021-04-29,180,PNG,842,1470
kept,,D:\FR\IGD\IPCC internship\output\guardian\guardian_images\guardian_images_dataviz\guardian_2021-07-22_guardian_c8e1217973_img01.jpg,D:\FR\IGD\IPCC internship\output\guardian\guardian_images\guardian_images_dataviz\guardian_2021-07-22_guardian_c8e1217973_img01.jpg,2021-07-22,1,JPEG,465,217
kept,,D:\FR\IGD\IPCC internship\output\guardian\guardian_images\guardian_images_dataviz\guardian_2021-07-22_guardian_c8e1217973_img04.jpg,D:\FR\IGD\IPCC internship\output\guardian\guardian_images\guardian_images_dataviz\guardian_2021-07-22_guardian_c8e1217973_img04.jpg,2021-07-22,4,JPEG,465,281
kept,,D:\FR\IGD\IPCC internship\output\guardian\guardian_images\guardian_images_dataviz\guardian_2021-08-13_guardian_8baf249fc9_img02.jpg,D:\FR\IGD\IPCC internship\output\guardian\guardian_images\guardian_images_dataviz\guardian_2021-08-13_guardian_8baf249fc9_img02.jpg,2021-08-13,2,JPEG,445,180
removed_from_dedup,exact_visual_duplicate,D:\FR\IGD\IPCC internship\output\guardian\guardian_images\guardian_images_dataviz\guardian_2021-10-30_guardian_744fedd43b_img14.jpg,D:\FR\IGD\IPCC internship\output\guardian\guardian_images\guardian_images_dataviz\guardian_2018-12-03_guardian_1c012050ca_img08.jpg,2021-10-30,14,JPEG,445,312
kept,,D:\FR\IGD\IPCC internship\output\guardian\guardian_images\guardian_images_dataviz\guardian_2021-11-01_guardian_dfe75bbfa4_img02.jpg,D:\FR\IGD\IPCC internship\output\guardian\guardian_images\guardian_images_dataviz\guardian_2021-11-01_guardian_dfe75bbfa4_img02.jpg,2021-11-01,2,JPEG,445,233
kept,,D:\FR\IGD\IPCC internship\output\guardian\guardian_images\guardian_images_dataviz\guardian_2021-11-01_guardian_dfe75bbfa4_img03.jpg,D:\FR\IGD\IPCC internship\output\guardian\guardian_images\guardian_images_dataviz\guardian_2021-11-01_guardian_dfe75bbfa4_img03.jpg,2021-11-01,3,JPEG,445,305
kept,,D:\FR\IGD\IPCC internship\output\guardian\guardian_images\guardian_images_dataviz\guardian_2021-11-12_guardian_5da7ad14e8_img02.jpg,D:\FR\IGD\IPCC internship\output\guardian\guardian_images\guardian_images_dataviz\guardian_2021-11-12_guardian_5da7ad14e8_img02.jpg,2021-11-12,2,JPEG,445,420
kept,,D:\FR\IGD\IPCC internship\output\guardian\guardian_images\guardian_images_dataviz\guardian_2021-11-13_guardian_dc6c0ff598_img01.jpg,D:\FR\IGD\IPCC internship\output\guardian\guardian_images\guardian_images_dataviz\guardian_2021-11-13_guardian_dc6c0ff598_img01.jpg,2021-11-13,1,JPEG,465,279
kept,,D:\FR\IGD\IPCC internship\output\guardian\guardian_images\guardian_images_dataviz\guardian_2021-12-01_guardian_65aa3a7a47_img02.jpg,D:\FR\IGD\IPCC internship\output\guardian\guardian_images\guardian_images_dataviz\guardian_2021-12-01_guardian_65aa3a7a47_img02.jpg,2021-12-01,2,JPEG,465,275
kept,,D:\FR\IGD\IPCC internship\output\guardian\guardian_images\guardian_images_dataviz\guardian_2021-12-01_guardian_65aa3a7a47_img05.jpg,D:\FR\IGD\IPCC internship\output\guardian\guardian_images\guardian_images_dataviz\guardian_2021-12-01_guardian_65aa3a7a47_img05.jpg,2021-12-01,5,JPEG,465,308
kept,,D:\FR\IGD\IPCC internship\output\guardian\guardian_images\guardian_images_dataviz\guardian_2021-12-07_guardian_4754151c51_img01.jpg,D:\FR\IGD\IPCC internship\output\guardian\guardian_images\guardian_images_dataviz\guardian_2021-12-07_guardian_4754151c51_img01.jpg,2021-12-07,1,JPEG,465,211
kept,,D:\FR\IGD\IPCC internship\output\guardian\guardian_images\guardian_images_dataviz\guardian_2021-12-07_guardian_4754151c51_img03.jpg,D:\FR\IGD\IPCC internship\output\guardian\guardian_images\guardian_images_dataviz\guardian_2021-12-07_guardian_4754151c51_img03.jpg,2021-12-07,3,JPEG,465,252
kept,,D:\FR\IGD\IPCC internship\output\guardian\guardian_images\guardian_images_dataviz\guardian_2021-12-09_guardian_3799d35f1a_img03.jpg,D:\FR\IGD\IPCC internship\output\guardian\guardian_images\guardian_images_dataviz\guardian_2021-12-09_guardian_3799d35f1a_img03.jpg,2021-12-09,3,JPEG,465,203
kept,,D:\FR\IGD\IPCC internship\output\guardian\guardian_images\guardian_images_dataviz\guardian_2021-12-20_guardian_4aab1cc04f_img03.jpg,D:\FR\IGD\IPCC internship\output\guardian\guardian_images\guardian_images_dataviz\guardian_2021-12-20_guardian_4aab1cc04f_img03.jpg,2021-12-20,3,JPEG,465,303
kept,,D:\FR\IGD\IPCC internship\output\guardian\guardian_images\guardian_images_dataviz\guardian_2021-12-20_guardian_4aab1cc04f_img04.jpg,D:\FR\IGD\IPCC internship\output\guardian\guardian_images\guardian_images_dataviz\guardian_2021-12-20_guardian_4aab1cc04f_img04.jpg,2021-12-20,4,JPEG,465,295
kept,,D:\FR\IGD\IPCC internship\output\guardian\guardian_images\guardian_images_dataviz\guardian_2021-12-20_guardian_4aab1cc04f_img06.jpg,D:\FR\IGD\IPCC internship\output\guardian\guardian_images\guardian_images_dataviz\guardian_2021-12-20_guardian_4aab1cc04f_img06.jpg,2021-12-20,6,JPEG,465,294
kept,,D:\FR\IGD\IPCC internship\output\guardian\guardian_images\guardian_images_dataviz\guardian_2021-12-23_guardian_e76d5e3c05_img01.jpg,D:\FR\IGD\IPCC internship\output\guardian\guardian_images\guardian_images_dataviz\guardian_2021-12-23_guardian_e76d5e3c05_img01.jpg,2021-12-23,1,JPEG,465,279
kept,,D:\FR\IGD\IPCC internship\output\guardian\guardian_images\guardian_images_dataviz\guardian_2021-12-23_guardian_7a6ced1f15_img03.jpg,D:\FR\IGD\IPCC internship\output\guardian\guardian_images\guardian_images_dataviz\guardian_2021-12-23_guardian_7a6ced1f15_img03.jpg,2021-12-23,3,JPEG,465,262
kept,,D:\FR\IGD\IPCC internship\output\guardian\guardian_images\guardian_images_dataviz\guardian_2022-02-24_guardian_db62ec12e5_img03.jpg,D:\FR\IGD\IPCC internship\output\guardian\guardian_images\guardian_images_dataviz\guardian_2022-02-24_guardian_db62ec12e5_img03.jpg,2022-02-24,3,JPEG,445,608
kept,,D:\FR\IGD\IPCC internship\output\guardian\guardian_images\guardian_images_dataviz\guardian_2022-06-17_guardian_ab63fdbd71_img01.jpg,D:\FR\IGD\IPCC internship\output\guardian\guardian_images\guardian_images_dataviz\guardian_2022-06-17_guardian_ab63fdbd71_img01.jpg,2022-06-17,1,JPEG,465,279
kept,,D:\FR\IGD\IPCC internship\output\guardian\guardian_images\guardian_images_dataviz\guardian_2022-11-05_guardian_cd7b0838ac_img01.jpg,D:\FR\IGD\IPCC internship\output\guardian\guardian_images\guardian_images_dataviz\guardian_2022-11-05_guardian_cd7b0838ac_img01.jpg,2022-11-05,1,JPEG,465,279
kept,,D:\FR\IGD\IPCC internship\output\guardian\guardian_images\guardian_images_dataviz\guardian_2022-11-11_guardian_9327c6c012_img01.jpg,D:\FR\IGD\IPCC internship\output\guardian\guardian_images\guardian_images_dataviz\guardian_2022-11-11_guardian_9327c6c012_img01.jpg,2022-11-11,1,JPEG,465,279
kept,,D:\FR\IGD\IPCC internship\output\guardian\guardian_images\guardian_images_dataviz\guardian_2022-11-16_guardian_c19f45e24e_img02.jpg,D:\FR\IGD\IPCC internship\output\guardian\guardian_images\guardian_images_dataviz\guardian_2022-11-16_guardian_c19f45e24e_img02.jpg,2022-11-16,2,JPEG,445,445
kept,,D:\FR\IGD\IPCC internship\output\guardian\guardian_images\guardian_images_dataviz\guardian_2022-11-17_guardian_669d717afa_img01.jpg,D:\FR\IGD\IPCC internship\output\guardian\guardian_images\guardian_images_dataviz\guardian_2022-11-17_guardian_669d717afa_img01.jpg,2022-11-17,1,JPEG,465,282
kept,,D:\FR\IGD\IPCC internship\output\guardian\guardian_images\guardian_images_dataviz\guardian_2022-11-25_guardian_1091e69046_img01.jpg,D:\FR\IGD\IPCC internship\output\guardian\guardian_images\guardian_images_dataviz\guardian_2022-11-25_guardian_1091e69046_img01.jpg,2022-11-25,1,JPEG,465,154
kept,,D:\FR\IGD\IPCC internship\output\guardian\guardian_images\guardian_images_dataviz\guardian_2022-12-01_guardian_e6267d52e3_img02.jpg,D:\FR\IGD\IPCC internship\output\guardian\guardian_images\guardian_images_dataviz\guardian_2022-12-01_guardian_e6267d52e3_img02.jpg,2022-12-01,2,JPEG,465,262
kept,,D:\FR\IGD\IPCC internship\output\guardian\guardian_images\guardian_images_dataviz\guardian_2022-12-04_guardian_82ad9a3e59_img02.jpg,D:\FR\IGD\IPCC internship\output\guardian\guardian_images\guardian_images_dataviz\guardian_2022-12-04_guardian_82ad9a3e59_img02.jpg,2022-12-04,2,JPEG,445,267
kept,,D:\FR\IGD\IPCC internship\output\guardian\guardian_images\guardian_images_dataviz\guardian_2022-12-04_guardian_bc1481984c_img02.jpg,D:\FR\IGD\IPCC internship\output\guardian\guardian_images\guardian_images_dataviz\guardian_2022-12-04_guardian_bc1481984c_img02.jpg,2022-12-04,2,JPEG,445,655
kept,,D:\FR\IGD\IPCC internship\output\guardian\guardian_images\guardian_images_dataviz\guardian_2022-12-04_guardian_82ad9a3e59_img03.jpg,D:\FR\IGD\IPCC internship\output\guardian\guardian_images\guardian_images_dataviz\guardian_2022-12-04_guardian_82ad9a3e59_img03.jpg,2022-12-04,3,JPEG,445,570
kept,,D:\FR\IGD\IPCC internship\output\guardian\guardian_images\guardian_images_dataviz\guardian_2022-12-05_guardian_5fc6781661_img01.jpg,D:\FR\IGD\IPCC internship\output\guardian\guardian_images\guardian_images_dataviz\guardian_2022-12-05_guardian_5fc6781661_img01.jpg,2022-12-05,1,JPEG,465,232
kept,,D:\FR\IGD\IPCC internship\output\guardian\guardian_images\guardian_images_dataviz\guardian_2022-12-29_guardian_5d6e8222ec_img02.jpg,D:\FR\IGD\IPCC internship\output\guardian\guardian_images\guardian_images_dataviz\guardian_2022-12-29_guardian_5d6e8222ec_img02.jpg,2022-12-29,2,JPEG,445,305
kept,,D:\FR\IGD\IPCC internship\output\guardian\guardian_images\guardian_images_dataviz\guardian_2022-12-29_guardian_5d6e8222ec_img03.jpg,D:\FR\IGD\IPCC internship\output\guardian\guardian_images\guardian_images_dataviz\guardian_2022-12-29_guardian_5d6e8222ec_img03.jpg,2022-12-29,3,JPEG,445,305
kept,,D:\FR\IGD\IPCC internship\output\guardian\guardian_images\guardian_images_dataviz\guardian_2022-12-29_guardian_5d6e8222ec_img04.jpg,D:\FR\IGD\IPCC internship\output\guardian\guardian_images\guardian_images_dataviz\guardian_2022-12-29_guardian_5d6e8222ec_img04.jpg,2022-12-29,4,JPEG,445,306
kept,,D:\FR\IGD\IPCC internship\output\guardian\guardian_images\guardian_images_dataviz\guardian_2022-12-30_guardian_dd7c8d1def_img02.jpg,D:\FR\IGD\IPCC internship\output\guardian\guardian_images\guardian_images_dataviz\guardian_2022-12-30_guardian_dd7c8d1def_img02.jpg,2022-12-30,2,JPEG,445,267
kept,,D:\FR\IGD\IPCC internship\output\guardian\guardian_images\guardian_images_dataviz\guardian_2022-12-30_guardian_dd7c8d1def_img03.jpg,D:\FR\IGD\IPCC internship\output\guardian\guardian_images\guardian_images_dataviz\guardian_2022-12-30_guardian_dd7c8d1def_img03.jpg,2022-12-30,3,JPEG,445,267
kept,,D:\FR\IGD\IPCC internship\output\guardian\guardian_images\guardian_images_dataviz\guardian_2022-12-30_guardian_dd7c8d1def_img04.jpg,D:\FR\IGD\IPCC internship\output\guardian\guardian_images\guardian_images_dataviz\guardian_2022-12-30_guardian_dd7c8d1def_img04.jpg,2022-12-30,4,JPEG,445,267
kept,,D:\FR\IGD\IPCC internship\output\guardian\guardian_images\guardian_images_dataviz\guardian_2022-12-30_guardian_dd7c8d1def_img06.jpg,D:\FR\IGD\IPCC internship\output\guardian\guardian_images\guardian_images_dataviz\guardian_2022-12-30_guardian_dd7c8d1def_img06.jpg,2022-12-30,6,JPEG,445,267
kept,,D:\FR\IGD\IPCC internship\output\guardian\guardian_images\guardian_images_dataviz\guardian_2022-12-30_guardian_dd7c8d1def_img07.jpg,D:\FR\IGD\IPCC internship\output\guardian\guardian_images\guardian_images_dataviz\guardian_2022-12-30_guardian_dd7c8d1def_img07.jpg,2022-12-30,7,JPEG,445,267
kept,,D:\FR\IGD\IPCC internship\output\guardian\guardian_images\guardian_images_dataviz\guardian_2022-12-30_guardian_dd7c8d1def_img08.jpg,D:\FR\IGD\IPCC internship\output\guardian\guardian_images\guardian_images_dataviz\guardian_2022-12-30_guardian_dd7c8d1def_img08.jpg,2022-12-30,8,JPEG,445,267
kept,,D:\FR\IGD\IPCC internship\output\guardian\guardian_images\guardian_images_dataviz\guardian_2022-12-30_guardian_dd7c8d1def_img09.jpg,D:\FR\IGD\IPCC internship\output\guardian\guardian_images\guardian_images_dataviz\guardian_2022-12-30_guardian_dd7c8d1def_img09.jpg,2022-12-30,9,JPEG,445,267
kept,,D:\FR\IGD\IPCC internship\output\guardian\guardian_images\guardian_images_dataviz\guardian_2023-01-12_guardian_ee8a132b96_img02.jpg,D:\FR\IGD\IPCC internship\output\guardian\guardian_images\guardian_images_dataviz\guardian_2023-01-12_guardian_ee8a132b96_img02.jpg,2023-01-12,2,JPEG,445,556
kept,,D:\FR\IGD\IPCC internship\output\guardian\guardian_images\guardian_images_dataviz\guardian_2023-03-06_guardian_f35f167939_img04.jpg,D:\FR\IGD\IPCC internship\output\guardian\guardian_images\guardian_images_dataviz\guardian_2023-03-06_guardian_f35f167939_img04.jpg,2023-03-06,4,JPEG,445,267
kept,,D:\FR\IGD\IPCC internship\output\guardian\guardian_images\guardian_images_dataviz\guardian_2023-03-24_guardian_8e6c79bec0_img07.jpg,D:\FR\IGD\IPCC internship\output\guardian\guardian_images\guardian_images_dataviz\guardian_2023-03-24_guardian_8e6c79bec0_img07.jpg,2023-03-24,7,JPEG,445,267
kept,,D:\FR\IGD\IPCC internship\output\guardian\guardian_images\guardian_images_dataviz\guardian_2023-05-22_guardian_c2e48252fc_img02.jpg,D:\FR\IGD\IPCC internship\output\guardian\guardian_images\guardian_images_dataviz\guardian_2023-05-22_guardian_c2e48252fc_img02.jpg,2023-05-22,2,JPEG,445,501
kept,,D:\FR\IGD\IPCC internship\output\guardian\guardian_images\guardian_images_dataviz\guardian_2023-06-15_guardian_32e002cf66_img02.jpg,D:\FR\IGD\IPCC internship\output\guardian\guardian_images\guardian_images_dataviz\guardian_2023-06-15_guardian_32e002cf66_img02.jpg,2023-06-15,2,JPEG,445,209
kept,,D:\FR\IGD\IPCC internship\output\guardian\guardian_images\guardian_images_dataviz\guardian_2023-06-15_guardian_32e002cf66_img03.jpg,D:\FR\IGD\IPCC internship\output\guardian\guardian_images\guardian_images_dataviz\guardian_2023-06-15_guardian_32e002cf66_img03.jpg,2023-06-15,3,JPEG,445,209
kept,,D:\FR\IGD\IPCC internship\output\guardian\guardian_images\guardian_images_dataviz\guardian_2023-06-15_guardian_32e002cf66_img04.jpg,D:\FR\IGD\IPCC internship\output\guardian\guardian_images\guardian_images_dataviz\guardian_2023-06-15_guardian_32e002cf66_img04.jpg,2023-06-15,4,JPEG,445,436
kept,,D:\FR\IGD\IPCC internship\output\guardian\guardian_images\guardian_images_dataviz\guardian_2023-07-16_guardian_e54505173c_img03.jpg,D:\FR\IGD\IPCC internship\output\guardian\guardian_images\guardian_images_dataviz\guardian_2023-07-16_guardian_e54505173c_img03.jpg,2023-07-16,3,JPEG,465,262
kept,,D:\FR\IGD\IPCC internship\output\guardian\guardian_images\guardian_images_dataviz\guardian_2023-08-19_guardian_81e7316f11_img04.jpg,D:\FR\IGD\IPCC internship\output\guardian\guardian_images\guardian_images_dataviz\guardian_2023-08-19_guardian_81e7316f11_img04.jpg,2023-08-19,4,JPEG,445,250
kept,,D:\FR\IGD\IPCC internship\output\guardian\guardian_images\guardian_images_dataviz\guardian_2023-08-27_guardian_4da1bc5f4b_img01.jpg,D:\FR\IGD\IPCC internship\output\guardian\guardian_images\guardian_images_dataviz\guardian_2023-08-27_guardian_4da1bc5f4b_img01.jpg,2023-08-27,1,JPEG,465,279
removed_from_dedup,exact_visual_duplicate,D:\FR\IGD\IPCC internship\output\guardian\guardian_images\guardian_images_dataviz\guardian_2023-09-05_guardian_46c89b252e_img02.jpg,D:\FR\IGD\IPCC internship\output\guardian\guardian_images\guardian_images_dataviz\guardian_2022-12-01_guardian_e6267d52e3_img02.jpg,2023-09-05,2,JPEG,465,262
kept,,D:\FR\IGD\IPCC internship\output\guardian\guardian_images\guardian_images_dataviz\guardian_2023-09-12_guardian_43508b7629_img01.jpg,D:\FR\IGD\IPCC internship\output\guardian\guardian_images\guardian_images_dataviz\guardian_2023-09-12_guardian_43508b7629_img01.jpg,2023-09-12,1,JPEG,465,375
kept,,D:\FR\IGD\IPCC internship\output\guardian\guardian_images\guardian_images_dataviz\guardian_2023-09-12_guardian_43508b7629_img02.jpg,D:\FR\IGD\IPCC internship\output\guardian\guardian_images\guardian_images_dataviz\guardian_2023-09-12_guardian_43508b7629_img02.jpg,2023-09-12,2,JPEG,465,363
kept,,D:\FR\IGD\IPCC internship\output\guardian\guardian_images\guardian_images_dataviz\guardian_2023-09-21_guardian_2e932bedc4_img04.jpg,D:\FR\IGD\IPCC internship\output\guardian\guardian_images\guardian_images_dataviz\guardian_2023-09-21_guardian_2e932bedc4_img04.jpg,2023-09-21,4,JPEG,465,523
kept,,D:\FR\IGD\IPCC internship\output\guardian\guardian_images\guardian_images_dataviz\guardian_2023-11-30_guardian_99f8e0df29_img01.jpg,D:\FR\IGD\IPCC internship\output\guardian\guardian_images\guardian_images_dataviz\guardian_2023-11-30_guardian_99f8e0df29_img01.jpg,2023-11-30,1,JPEG,465,279
kept,,D:\FR\IGD\IPCC internship\output\guardian\guardian_images\guardian_images_dataviz\guardian_2023-11-30_guardian_28b680d133_img02.jpg,D:\FR\IGD\IPCC internship\output\guardian\guardian_images\guardian_images_dataviz\guardian_2023-11-30_guardian_28b680d133_img02.jpg,2023-11-30,2,JPEG,465,262
kept,,D:\FR\IGD\IPCC internship\output\guardian\guardian_images\guardian_images_dataviz\guardian_2023-11-30_guardian_99f8e0df29_img03.jpg,D:\FR\IGD\IPCC internship\output\guardian\guardian_images\guardian_images_dataviz\guardian_2023-11-30_guardian_99f8e0df29_img03.jpg,2023-11-30,3,JPEG,445,255
kept,,D:\FR\IGD\IPCC internship\output\guardian\guardian_images\guardian_images_dataviz\guardian_2023-11-30_guardian_99f8e0df29_img04.jpg,D:\FR\IGD\IPCC internship\output\guardian\guardian_images\guardian_images_dataviz\guardian_2023-11-30_guardian_99f8e0df29_img04.jpg,2023-11-30,4,JPEG,445,267
kept,,D:\FR\IGD\IPCC internship\output\guardian\guardian_images\guardian_images_dataviz\guardian_2023-11-30_guardian_99f8e0df29_img05.jpg,D:\FR\IGD\IPCC internship\output\guardian\guardian_images\guardian_images_dataviz\guardian_2023-11-30_guardian_99f8e0df29_img05.jpg,2023-11-30,5,JPEG,445,409
kept,,D:\FR\IGD\IPCC internship\output\guardian\guardian_images\guardian_images_dataviz\guardian_2023-11-30_guardian_99f8e0df29_img06.jpg,D:\FR\IGD\IPCC internship\output\guardian\guardian_images\guardian_images_dataviz\guardian_2023-11-30_guardian_99f8e0df29_img06.jpg,2023-11-30,6,JPEG,445,338
kept,,D:\FR\IGD\IPCC internship\output\guardian\guardian_images\guardian_images_dataviz\guardian_2023-11-30_guardian_99f8e0df29_img08.jpg,D:\FR\IGD\IPCC internship\output\guardian\guardian_images\guardian_images_dataviz\guardian_2023-11-30_guardian_99f8e0df29_img08.jpg,2023-11-30,8,JPEG,445,144
kept,,D:\FR\IGD\IPCC internship\output\guardian\guardian_images\guardian_images_dataviz\guardian_2023-12-05_guardian_b6c41de73b_img01.jpg,D:\FR\IGD\IPCC internship\output\guardian\guardian_images\guardian_images_dataviz\guardian_2023-12-05_guardian_b6c41de73b_img01.jpg,2023-12-05,1,JPEG,465,490
kept,,D:\FR\IGD\IPCC internship\output\guardian\guardian_images\guardian_images_dataviz\guardian_2023-12-05_guardian_b7bdee95d5_img02.jpg,D:\FR\IGD\IPCC internship\output\guardian\guardian_images\guardian_images_dataviz\guardian_2023-12-05_guardian_b7bdee95d5_img02.jpg,2023-12-05,2,JPEG,465,426
kept,,D:\FR\IGD\IPCC internship\output\guardian\guardian_images\guardian_images_dataviz\guardian_2023-12-06_guardian_b2e406629e_img01.jpg,D:\FR\IGD\IPCC internship\output\guardian\guardian_images\guardian_images_dataviz\guardian_2023-12-06_guardian_b2e406629e_img01.jpg,2023-12-06,1,JPEG,465,581
kept,,D:\FR\IGD\IPCC internship\output\guardian\guardian_images\guardian_images_dataviz\guardian_2023-12-06_guardian_b2e406629e_img02.jpg,D:\FR\IGD\IPCC internship\output\guardian\guardian_images\guardian_images_dataviz\guardian_2023-12-06_guardian_b2e406629e_img02.jpg,2023-12-06,2,JPEG,465,279
kept,,D:\FR\IGD\IPCC internship\output\guardian\guardian_images\guardian_images_dataviz\guardian_2023-12-06_guardian_b2e406629e_img03.jpg,D:\FR\IGD\IPCC internship\output\guardian\guardian_images\guardian_images_dataviz\guardian_2023-12-06_guardian_b2e406629e_img03.jpg,2023-12-06,3,JPEG,465,279
kept,,D:\FR\IGD\IPCC internship\output\guardian\guardian_images\guardian_images_dataviz\guardian_2023-12-06_guardian_b2e406629e_img04.jpg,D:\FR\IGD\IPCC internship\output\guardian\guardian_images\guardian_images_dataviz\guardian_2023-12-06_guardian_b2e406629e_img04.jpg,2023-12-06,4,JPEG,465,279
kept,,D:\FR\IGD\IPCC internship\output\guardian\guardian_images\guardian_images_dataviz\guardian_2023-12-06_guardian_b2e406629e_img05.jpg,D:\FR\IGD\IPCC internship\output\guardian\guardian_images\guardian_images_dataviz\guardian_2023-12-06_guardian_b2e406629e_img05.jpg,2023-12-06,5,JPEG,465,279
kept,,D:\FR\IGD\IPCC internship\output\guardian\guardian_images\guardian_images_dataviz\guardian_2023-12-07_guardian_d497e991f4_img01.jpg,D:\FR\IGD\IPCC internship\output\guardian\guardian_images\guardian_images_dataviz\guardian_2023-12-07_guardian_d497e991f4_img01.jpg,2023-12-07,1,JPEG,465,279
kept,,D:\FR\IGD\IPCC internship\output\guardian\guardian_images\guardian_images_dataviz\guardian_2023-12-13_guardian_abaeb0b7f2_img01.jpg,D:\FR\IGD\IPCC internship\output\guardian\guardian_images\guardian_images_dataviz\guardian_2023-12-13_guardian_abaeb0b7f2_img01.jpg,2023-12-13,1,JPEG,465,279
kept,,D:\FR\IGD\IPCC internship\output\guardian\guardian_images\guardian_images_dataviz\guardian_2023-12-13_guardian_b571ab29d8_img02.jpg,D:\FR\IGD\IPCC internship\output\guardian\guardian_images\guardian_images_dataviz\guardian_2023-12-13_guardian_b571ab29d8_img02.jpg,2023-12-13,2,JPEG,465,225
kept,,D:\FR\IGD\IPCC internship\output\guardian\guardian_images\guardian_images_dataviz\guardian_2023-12-14_guardian_a32651d7bd_img03.jpg,D:\FR\IGD\IPCC internship\output\guardian\guardian_images\guardian_images_dataviz\guardian_2023-12-14_guardian_a32651d7bd_img03.jpg,2023-12-14,3,JPEG,445,281
kept,,D:\FR\IGD\IPCC internship\output\guardian\guardian_images\guardian_images_dataviz\guardian_2023-12-14_guardian_a32651d7bd_img04.jpg,D:\FR\IGD\IPCC internship\output\guardian\guardian_images\guardian_images_dataviz\guardian_2023-12-14_guardian_a32651d7bd_img04.jpg,2023-12-14,4,JPEG,445,544
kept,,D:\FR\IGD\IPCC internship\output\guardian\guardian_images\guardian_images_dataviz\guardian_2023-12-14_guardian_a32651d7bd_img06.jpg,D:\FR\IGD\IPCC internship\output\guardian\guardian_images\guardian_images_dataviz\guardian_2023-12-14_guardian_a32651d7bd_img06.jpg,2023-12-14,6,JPEG,445,318
kept,,D:\FR\IGD\IPCC internship\output\guardian\guardian_images\guardian_images_dataviz\guardian_2023-12-14_guardian_a32651d7bd_img07.jpg,D:\FR\IGD\IPCC internship\output\guardian\guardian_images\guardian_images_dataviz\guardian_2023-12-14_guardian_a32651d7bd_img07.jpg,2023-12-14,7,JPEG,445,559
kept,,D:\FR\IGD\IPCC internship\output\guardian\guardian_images\guardian_images_dataviz\guardian_2023-12-14_guardian_a32651d7bd_img08.jpg,D:\FR\IGD\IPCC internship\output\guardian\guardian_images\guardian_images_dataviz\guardian_2023-12-14_guardian_a32651d7bd_img08.jpg,2023-12-14,8,JPEG,445,445
kept,,D:\FR\IGD\IPCC internship\output\guardian\guardian_images\guardian_images_dataviz\guardian_2023-12-19_guardian_79b5446bf5_img02.jpg,D:\FR\IGD\IPCC internship\output\guardian\guardian_images\guardian_images_dataviz\guardian_2023-12-19_guardian_79b5446bf5_img02.jpg,2023-12-19,2,JPEG,465,379
kept,,D:\FR\IGD\IPCC internship\output\guardian\guardian_images\guardian_images_dataviz\guardian_2023-12-28_guardian_72abdafaff_img03.jpg,D:\FR\IGD\IPCC internship\output\guardian\guardian_images\guardian_images_dataviz\guardian_2023-12-28_guardian_72abdafaff_img03.jpg,2023-12-28,3,JPEG,445,445
kept,,D:\FR\IGD\IPCC internship\output\guardian\guardian_images\guardian_images_dataviz\guardian_2023-12-28_guardian_72abdafaff_img04.jpg,D:\FR\IGD\IPCC internship\output\guardian\guardian_images\guardian_images_dataviz\guardian_2023-12-28_guardian_72abdafaff_img04.jpg,2023-12-28,4,JPEG,445,445
kept,,D:\FR\IGD\IPCC internship\output\guardian\guardian_images\guardian_images_dataviz\guardian_2023-12-28_guardian_72abdafaff_img05.jpg,D:\FR\IGD\IPCC internship\output\guardian\guardian_images\guardian_images_dataviz\guardian_2023-12-28_guardian_72abdafaff_img05.jpg,2023-12-28,5,JPEG,445,259
kept,,D:\FR\IGD\IPCC internship\output\guardian\guardian_images\guardian_images_dataviz\guardian_2023-12-30_guardian_5699609b06_img02.jpg,D:\FR\IGD\IPCC internship\output\guardian\guardian_images\guardian_images_dataviz\guardian_2023-12-30_guardian_5699609b06_img02.jpg,2023-12-30,2,JPEG,445,194
kept,,D:\FR\IGD\IPCC internship\output\guardian\guardian_images\guardian_images_dataviz\guardian_2024-01-11_guardian_af0a07db5e_img03.jpg,D:\FR\IGD\IPCC internship\output\guardian\guardian_images\guardian_images_dataviz\guardian_2024-01-11_guardian_af0a07db5e_img03.jpg,2024-01-11,3,JPEG,445,315
kept,,D:\FR\IGD\IPCC internship\output\guardian\guardian_images\guardian_images_dataviz\guardian_2024-03-16_guardian_1c67274167_img01.jpg,D:\FR\IGD\IPCC internship\output\guardian\guardian_images\guardian_images_dataviz\guardian_2024-03-16_guardian_1c67274167_img01.jpg,2024-03-16,1,JPEG,465,279
kept,,D:\FR\IGD\IPCC internship\output\guardian\guardian_images\guardian_images_dataviz\guardian_2024-07-15_guardian_ef737f9236_img02.jpg,D:\FR\IGD\IPCC internship\output\guardian\guardian_images\guardian_images_dataviz\guardian_2024-07-15_guardian_ef737f9236_img02.jpg,2024-07-15,2,JPEG,445,267
kept,,D:\FR\IGD\IPCC internship\output\guardian\guardian_images\guardian_images_dataviz\guardian_2024-07-15_guardian_ef737f9236_img03.jpg,D:\FR\IGD\IPCC internship\output\guardian\guardian_images\guardian_images_dataviz\guardian_2024-07-15_guardian_ef737f9236_img03.jpg,2024-07-15,3,JPEG,445,267
kept,,D:\FR\IGD\IPCC internship\output\guardian\guardian_images\guardian_images_dataviz\guardian_2024-07-24_guardian_69c618c44b_img02.jpg,D:\FR\IGD\IPCC internship\output\guardian\guardian_images\guardian_images_dataviz\guardian_2024-07-24_guardian_69c618c44b_img02.jpg,2024-07-24,2,JPEG,445,267
kept,,D:\FR\IGD\IPCC internship\output\guardian\guardian_images\guardian_images_dataviz\guardian_2024-07-30_guardian_35613f19ee_img01.jpg,D:\FR\IGD\IPCC internship\output\guardian\guardian_images\guardian_images_dataviz\guardian_2024-07-30_guardian_35613f19ee_img01.jpg,2024-07-30,1,JPEG,465,272
kept,,D:\FR\IGD\IPCC internship\output\guardian\guardian_images\guardian_images_dataviz\guardian_2024-08-13_guardian_785b147079_img02.jpg,D:\FR\IGD\IPCC internship\output\guardian\guardian_images\guardian_images_dataviz\guardian_2024-08-13_guardian_785b147079_img02.jpg,2024-08-13,2,JPEG,465,262
kept,,D:\FR\IGD\IPCC internship\output\guardian\guardian_images\guardian_images_dataviz\guardian_2024-10-30_guardian_e847b7b771_img02.jpg,D:\FR\IGD\IPCC internship\output\guardian\guardian_images\guardian_images_dataviz\guardian_2024-10-30_guardian_e847b7b771_img02.jpg,2024-10-30,2,JPEG,445,234
kept,,D:\FR\IGD\IPCC internship\output\guardian\guardian_images\guardian_images_dataviz\guardian_2024-10-30_guardian_e847b7b771_img03.jpg,D:\FR\IGD\IPCC internship\output\guardian\guardian_images\guardian_images_dataviz\guardian_2024-10-30_guardian_e847b7b771_img03.jpg,2024-10-30,3,JPEG,445,267
kept,,D:\FR\IGD\IPCC internship\output\guardian\guardian_images\guardian_images_dataviz\guardian_2024-10-30_guardian_e847b7b771_img04.jpg,D:\FR\IGD\IPCC internship\output\guardian\guardian_images\guardian_images_dataviz\guardian_2024-10-30_guardian_e847b7b771_img04.jpg,2024-10-30,4,JPEG,445,293
kept,,D:\FR\IGD\IPCC internship\output\guardian\guardian_images\guardian_images_dataviz\guardian_2024-10-30_guardian_e847b7b771_img05.jpg,D:\FR\IGD\IPCC internship\output\guardian\guardian_images\guardian_images_dataviz\guardian_2024-10-30_guardian_e847b7b771_img05.jpg,2024-10-30,5,JPEG,445,287
kept,,D:\FR\IGD\IPCC internship\output\guardian\guardian_images\guardian_images_dataviz\guardian_2024-10-30_guardian_e847b7b771_img06.jpg,D:\FR\IGD\IPCC internship\output\guardian\guardian_images\guardian_images_dataviz\guardian_2024-10-30_guardian_e847b7b771_img06.jpg,2024-10-30,6,JPEG,445,267
kept,,D:\FR\IGD\IPCC internship\output\guardian\guardian_images\guardian_images_dataviz\guardian_2024-11-04_guardian_ea7f26432d_img01.jpg,D:\FR\IGD\IPCC internship\output\guardian\guardian_images\guardian_images_dataviz\guardian_2024-11-04_guardian_ea7f26432d_img01.jpg,2024-11-04,1,JPEG,465,279
kept,,D:\FR\IGD\IPCC internship\output\guardian\guardian_images\guardian_images_dataviz\guardian_2024-11-04_guardian_ea7f26432d_img02.jpg,D:\FR\IGD\IPCC internship\output\guardian\guardian_images\guardian_images_dataviz\guardian_2024-11-04_guardian_ea7f26432d_img02.jpg,2024-11-04,2,JPEG,445,474
kept,,D:\FR\IGD\IPCC internship\output\guardian\guardian_images\guardian_images_dataviz\guardian_2024-11-04_guardian_ea7f26432d_img03.jpg,D:\FR\IGD\IPCC internship\output\guardian\guardian_images\guardian_images_dataviz\guardian_2024-11-04_guardian_ea7f26432d_img03.jpg,2024-11-04,3,JPEG,445,494
kept,,D:\FR\IGD\IPCC internship\output\guardian\guardian_images\guardian_images_dataviz\guardian_2024-11-04_guardian_ea7f26432d_img04.jpg,D:\FR\IGD\IPCC internship\output\guardian\guardian_images\guardian_images_dataviz\guardian_2024-11-04_guardian_ea7f26432d_img04.jpg,2024-11-04,4,JPEG,445,299
kept,,D:\FR\IGD\IPCC internship\output\guardian\guardian_images\guardian_images_dataviz\guardian_2024-11-04_guardian_ea7f26432d_img05.jpg,D:\FR\IGD\IPCC internship\output\guardian\guardian_images\guardian_images_dataviz\guardian_2024-11-04_guardian_ea7f26432d_img05.jpg,2024-11-04,5,JPEG,445,316
kept,,D:\FR\IGD\IPCC internship\output\guardian\guardian_images\guardian_images_dataviz\guardian_2024-11-04_guardian_ea7f26432d_img06.jpg,D:\FR\IGD\IPCC internship\output\guardian\guardian_images\guardian_images_dataviz\guardian_2024-11-04_guardian_ea7f26432d_img06.jpg,2024-11-04,6,JPEG,445,313
kept,,D:\FR\IGD\IPCC internship\output\guardian\guardian_images\guardian_images_dataviz\guardian_2024-11-11_guardian_ee61249df6_img02.jpg,D:\FR\IGD\IPCC internship\output\guardian\guardian_images\guardian_images_dataviz\guardian_2024-11-11_guardian_ee61249df6_img02.jpg,2024-11-11,2,JPEG,465,279
kept,,D:\FR\IGD\IPCC internship\output\guardian\guardian_images\guardian_images_dataviz\guardian_2024-11-11_guardian_8dec4da84a_img03.jpg,D:\FR\IGD\IPCC internship\output\guardian\guardian_images\guardian_images_dataviz\guardian_2024-11-11_guardian_8dec4da84a_img03.jpg,2024-11-11,3,JPEG,465,306
kept,,D:\FR\IGD\IPCC internship\output\guardian\guardian_images\guardian_images_dataviz\guardian_2024-11-12_guardian_a930c3f442_img03.jpg,D:\FR\IGD\IPCC internship\output\guardian\guardian_images\guardian_images_dataviz\guardian_2024-11-12_guardian_a930c3f442_img03.jpg,2024-11-12,3,JPEG,465,320
kept,,D:\FR\IGD\IPCC internship\output\guardian\guardian_images\guardian_images_dataviz\guardian_2024-11-13_guardian_ac6517d2c3_img07.jpg,D:\FR\IGD\IPCC internship\output\guardian\guardian_images\guardian_images_dataviz\guardian_2024-11-13_guardian_ac6517d2c3_img07.jpg,2024-11-13,7,JPEG,445,262
kept,,D:\FR\IGD\IPCC internship\output\guardian\guardian_images\guardian_images_dataviz\guardian_2024-11-20_guardian_4bdcfde596_img01.jpg,D:\FR\IGD\IPCC internship\output\guardian\guardian_images\guardian_images_dataviz\guardian_2024-11-20_guardian_4bdcfde596_img01.jpg,2024-11-20,1,JPEG,465,279
kept,,D:\FR\IGD\IPCC internship\output\guardian\guardian_images\guardian_images_dataviz\guardian_2024-11-20_guardian_d7e299ddcb_img10.jpg,D:\FR\IGD\IPCC internship\output\guardian\guardian_images\guardian_images_dataviz\guardian_2024-11-20_guardian_d7e299ddcb_img10.jpg,2024-11-20,10,JPEG,465,402
kept,,D:\FR\IGD\IPCC internship\output\guardian\guardian_images\guardian_images_dataviz\guardian_2024-11-21_guardian_16be69dee1_img01.jpg,D:\FR\IGD\IPCC internship\output\guardian\guardian_images\guardian_images_dataviz\guardian_2024-11-21_guardian_16be69dee1_img01.jpg,2024-11-21,1,JPEG,465,279
kept,,D:\FR\IGD\IPCC internship\output\guardian\guardian_images\guardian_images_dataviz\guardian_2024-11-22_guardian_d575e58234_img02.jpg,D:\FR\IGD\IPCC internship\output\guardian\guardian_images\guardian_images_dataviz\guardian_2024-11-22_guardian_d575e58234_img02.jpg,2024-11-22,2,JPEG,445,247
kept,,D:\FR\IGD\IPCC internship\output\guardian\guardian_images\guardian_images_dataviz\guardian_2024-11-25_guardian_d64b5f62bc_img12.jpg,D:\FR\IGD\IPCC internship\output\guardian\guardian_images\guardian_images_dataviz\guardian_2024-11-25_guardian_d64b5f62bc_img12.jpg,2024-11-25,12,JPEG,465,417
kept,,D:\FR\IGD\IPCC internship\output\guardian\guardian_images\guardian_images_dataviz\guardian_2024-11-30_guardian_c10a275d99_img02.jpg,D:\FR\IGD\IPCC internship\output\guardian\guardian_images\guardian_images_dataviz\guardian_2024-11-30_guardian_c10a275d99_img02.jpg,2024-11-30,2,JPEG,445,250
kept,,D:\FR\IGD\IPCC internship\output\guardian\guardian_images\guardian_images_dataviz\guardian_2024-12-02_guardian_4e1b6c0a45_img01.jpg,D:\FR\IGD\IPCC internship\output\guardian\guardian_images\guardian_images_dataviz\guardian_2024-12-02_guardian_4e1b6c0a45_img01.jpg,2024-12-02,1,JPEG,465,289
kept,,D:\FR\IGD\IPCC internship\output\guardian\guardian_images\guardian_images_dataviz\guardian_2024-12-03_guardian_e3982ee377_img02.jpg,D:\FR\IGD\IPCC internship\output\guardian\guardian_images\guardian_images_dataviz\guardian_2024-12-03_guardian_e3982ee377_img02.jpg,2024-12-03,2,JPEG,465,476
kept,,D:\FR\IGD\IPCC internship\output\guardian\guardian_images\guardian_images_dataviz\guardian_2024-12-03_guardian_e75455cb3f_img07.jpg,D:\FR\IGD\IPCC internship\output\guardian\guardian_images\guardian_images_dataviz\guardian_2024-12-03_guardian_e75455cb3f_img07.jpg,2024-12-03,7,JPEG,445,262
kept,,D:\FR\IGD\IPCC internship\output\guardian\guardian_images\guardian_images_dataviz\guardian_2024-12-04_guardian_4f1868d8ef_img01.jpg,D:\FR\IGD\IPCC internship\output\guardian\guardian_images\guardian_images_dataviz\guardian_2024-12-04_guardian_4f1868d8ef_img01.jpg,2024-12-04,1,JPEG,465,279
kept,,D:\FR\IGD\IPCC internship\output\guardian\guardian_images\guardian_images_dataviz\guardian_2024-12-10_guardian_d2bd955961_img03.jpg,D:\FR\IGD\IPCC internship\output\guardian\guardian_images\guardian_images_dataviz\guardian_2024-12-10_guardian_d2bd955961_img03.jpg,2024-12-10,3,JPEG,465,253
kept,,D:\FR\IGD\IPCC internship\output\guardian\guardian_images\guardian_images_dataviz\guardian_2024-12-13_guardian_714b3c24f9_img02.jpg,D:\FR\IGD\IPCC internship\output\guardian\guardian_images\guardian_images_dataviz\guardian_2024-12-13_guardian_714b3c24f9_img02.jpg,2024-12-13,2,JPEG,445,267
kept,,D:\FR\IGD\IPCC internship\output\guardian\guardian_images\guardian_images_dataviz\guardian_2024-12-21_guardian_4ae3dc7fcb_img02.jpg,D:\FR\IGD\IPCC internship\output\guardian\guardian_images\guardian_images_dataviz\guardian_2024-12-21_guardian_4ae3dc7fcb_img02.jpg,2024-12-21,2,JPEG,445,311
kept,,D:\FR\IGD\IPCC internship\output\guardian\guardian_images\guardian_images_dataviz\guardian_2024-12-24_guardian_b6c1a00a9a_img02.jpg,D:\FR\IGD\IPCC internship\output\guardian\guardian_images\guardian_images_dataviz\guardian_2024-12-24_guardian_b6c1a00a9a_img02.jpg,2024-12-24,2,JPEG,465,211
kept,,D:\FR\IGD\IPCC internship\output\guardian\guardian_images\guardian_images_dataviz\guardian_2024-12-31_guardian_558ffa5792_img02.jpg,D:\FR\IGD\IPCC internship\output\guardian\guardian_images\guardian_images_dataviz\guardian_2024-12-31_guardian_558ffa5792_img02.jpg,2024-12-31,2,JPEG,465,262
kept,,D:\FR\IGD\IPCC internship\output\guardian\guardian_images\guardian_images_dataviz\guardian_2025-03-07_guardian_71f26ad51d_img03.jpg,D:\FR\IGD\IPCC internship\output\guardian\guardian_images\guardian_images_dataviz\guardian_2025-03-07_guardian_71f26ad51d_img03.jpg,2025-03-07,3,JPEG,445,355
kept,,D:\FR\IGD\IPCC internship\output\guardian\guardian_images\guardian_images_dataviz\guardian_2025-04-23_guardian_9b173c40c7_img05.jpg,D:\FR\IGD\IPCC internship\output\guardian\guardian_images\guardian_images_dataviz\guardian_2025-04-23_guardian_9b173c40c7_img05.jpg,2025-04-23,5,JPEG,465,765
kept,,D:\FR\IGD\IPCC internship\output\guardian\guardian_images\guardian_images_dataviz\guardian_2025-06-05_guardian_fd468c964c_img01.jpg,D:\FR\IGD\IPCC internship\output\guardian\guardian_images\guardian_images_dataviz\guardian_2025-06-05_guardian_fd468c964c_img01.jpg,2025-06-05,1,JPEG,465,336
kept,,D:\FR\IGD\IPCC internship\output\guardian\guardian_images\guardian_images_dataviz\guardian_2025-06-05_guardian_fd468c964c_img02.jpg,D:\FR\IGD\IPCC internship\output\guardian\guardian_images\guardian_images_dataviz\guardian_2025-06-05_guardian_fd468c964c_img02.jpg,2025-06-05,2,JPEG,445,337
kept,,D:\FR\IGD\IPCC internship\output\guardian\guardian_images\guardian_images_dataviz\guardian_2025-06-05_guardian_fd468c964c_img04.jpg,D:\FR\IGD\IPCC internship\output\guardian\guardian_images\guardian_images_dataviz\guardian_2025-06-05_guardian_fd468c964c_img04.jpg,2025-06-05,4,JPEG,445,319
kept,,D:\FR\IGD\IPCC internship\output\guardian\guardian_images\guardian_images_dataviz\guardian_2025-08-05_guardian_0e7fc8b74a_img02.jpg,D:\FR\IGD\IPCC internship\output\guardian\guardian_images\guardian_images_dataviz\guardian_2025-08-05_guardian_0e7fc8b74a_img02.jpg,2025-08-05,2,JPEG,445,410
kept,,D:\FR\IGD\IPCC internship\output\guardian\guardian_images\guardian_images_dataviz\guardian_2025-08-16_guardian_0a73890626_img01.jpg,D:\FR\IGD\IPCC internship\output\guardian\guardian_images\guardian_images_dataviz\guardian_2025-08-16_guardian_0a73890626_img01.jpg,2025-08-16,1,JPEG,465,279
kept,,D:\FR\IGD\IPCC internship\output\guardian\guardian_images\guardian_images_dataviz\guardian_2025-09-16_guardian_acfcec5843_img03.jpg,D:\FR\IGD\IPCC internship\output\guardian\guardian_images\guardian_images_dataviz\guardian_2025-09-16_guardian_acfcec5843_img03.jpg,2025-09-16,3,JPEG,445,400
kept,,D:\FR\IGD\IPCC internship\output\guardian\guardian_images\guardian_images_dataviz\guardian_2025-09-26_guardian_e78cb88393_img02.jpg,D:\FR\IGD\IPCC internship\output\guardian\guardian_images\guardian_images_dataviz\guardian_2025-09-26_guardian_e78cb88393_img02.jpg,2025-09-26,2,JPEG,445,356
kept,,D:\FR\IGD\IPCC internship\output\guardian\guardian_images\guardian_images_dataviz\guardian_2025-09-26_guardian_e78cb88393_img03.jpg,D:\FR\IGD\IPCC internship\output\guardian\guardian_images\guardian_images_dataviz\guardian_2025-09-26_guardian_e78cb88393_img03.jpg,2025-09-26,3,JPEG,445,339
kept,,D:\FR\IGD\IPCC internship\output\guardian\guardian_images\guardian_images_dataviz\guardian_2025-09-26_guardian_e78cb88393_img04.jpg,D:\FR\IGD\IPCC internship\output\guardian\guardian_images\guardian_images_dataviz\guardian_2025-09-26_guardian_e78cb88393_img04.jpg,2025-09-26,4,JPEG,445,397
kept,,D:\FR\IGD\IPCC internship\output\guardian\guardian_images\guardian_images_dataviz\guardian_2025-09-26_guardian_e78cb88393_img05.jpg,D:\FR\IGD\IPCC internship\output\guardian\guardian_images\guardian_images_dataviz\guardian_2025-09-26_guardian_e78cb88393_img05.jpg,2025-09-26,5,JPEG,445,445
kept,,D:\FR\IGD\IPCC internship\output\guardian\guardian_images\guardian_images_dataviz\guardian_2025-09-26_guardian_e78cb88393_img06.jpg,D:\FR\IGD\IPCC internship\output\guardian\guardian_images\guardian_images_dataviz\guardian_2025-09-26_guardian_e78cb88393_img06.jpg,2025-09-26,6,JPEG,445,283
kept,,D:\FR\IGD\IPCC internship\output\guardian\guardian_images\guardian_images_dataviz\guardian_2025-09-26_guardian_e78cb88393_img07.jpg,D:\FR\IGD\IPCC internship\output\guardian\guardian_images\guardian_images_dataviz\guardian_2025-09-26_guardian_e78cb88393_img07.jpg,2025-09-26,7,JPEG,445,387
kept,,D:\FR\IGD\IPCC internship\output\guardian\guardian_images\guardian_images_dataviz\guardian_2025-10-22_guardian_1e3dae6070_img01.jpg,D:\FR\IGD\IPCC internship\output\guardian\guardian_images\guardian_images_dataviz\guardian_2025-10-22_guardian_1e3dae6070_img01.jpg,2025-10-22,1,JPEG,465,336
kept,,D:\FR\IGD\IPCC internship\output\guardian\guardian_images\guardian_images_dataviz\guardian_2025-11-02_guardian_38a42fac71_img01.jpg,D:\FR\IGD\IPCC internship\output\guardian\guardian_images\guardian_images_dataviz\guardian_2025-11-02_guardian_38a42fac71_img01.jpg,2025-11-02,1,JPEG,465,372
kept,,D:\FR\IGD\IPCC internship\output\guardian\guardian_images\guardian_images_dataviz\guardian_2025-11-05_guardian_585793565c_img02.jpg,D:\FR\IGD\IPCC internship\output\guardian\guardian_images\guardian_images_dataviz\guardian_2025-11-05_guardian_585793565c_img02.jpg,2025-11-05,2,JPEG,445,237
kept,,D:\FR\IGD\IPCC internship\output\guardian\guardian_images\guardian_images_dataviz\guardian_2025-11-05_guardian_cddc5c593f_img02.jpg,D:\FR\IGD\IPCC internship\output\guardian\guardian_images\guardian_images_dataviz\guardian_2025-11-05_guardian_cddc5c593f_img02.jpg,2025-11-05,2,JPEG,445,357
kept,,D:\FR\IGD\IPCC internship\output\guardian\guardian_images\guardian_images_dataviz\guardian_2025-11-05_guardian_cddc5c593f_img03.jpg,D:\FR\IGD\IPCC internship\output\guardian\guardian_images\guardian_images_dataviz\guardian_2025-11-05_guardian_cddc5c593f_img03.jpg,2025-11-05,3,JPEG,445,360
kept,,D:\FR\IGD\IPCC internship\output\guardian\guardian_images\guardian_images_dataviz\guardian_2025-11-10_guardian_c84f68a629_img09.jpg,D:\FR\IGD\IPCC internship\output\guardian\guardian_images\guardian_images_dataviz\guardian_2025-11-10_guardian_c84f68a629_img09.jpg,2025-11-10,9,JPEG,445,356
kept,,D:\FR\IGD\IPCC internship\output\guardian\guardian_images\guardian_images_dataviz\guardian_2025-11-13_guardian_a5013fb6a5_img11.jpg,D:\FR\IGD\IPCC internship\output\guardian\guardian_images\guardian_images_dataviz\guardian_2025-11-13_guardian_a5013fb6a5_img11.jpg,2025-11-13,11,JPEG,465,565
kept,,D:\FR\IGD\IPCC internship\output\guardian\guardian_images\guardian_images_dataviz\guardian_2025-11-20_guardian_d2f9c644c3_img01.jpg,D:\FR\IGD\IPCC internship\output\guardian\guardian_images\guardian_images_dataviz\guardian_2025-11-20_guardian_d2f9c644c3_img01.jpg,2025-11-20,1,JPEG,465,372
kept,,D:\FR\IGD\IPCC internship\output\guardian\guardian_images\guardian_images_dataviz\guardian_2025-11-21_guardian_de01187cbd_img01.jpg,D:\FR\IGD\IPCC internship\output\guardian\guardian_images\guardian_images_dataviz\guardian_2025-11-21_guardian_de01187cbd_img01.jpg,2025-11-21,1,JPEG,465,372
kept,,D:\FR\IGD\IPCC internship\output\guardian\guardian_images\guardian_images_dataviz\guardian_2025-11-21_guardian_de01187cbd_img02.jpg,D:\FR\IGD\IPCC internship\output\guardian\guardian_images\guardian_images_dataviz\guardian_2025-11-21_guardian_de01187cbd_img02.jpg,2025-11-21,2,JPEG,445,445
kept,,D:\FR\IGD\IPCC internship\output\guardian\guardian_images\guardian_images_dataviz\guardian_2025-11-21_guardian_de01187cbd_img03.jpg,D:\FR\IGD\IPCC internship\output\guardian\guardian_images\guardian_images_dataviz\guardian_2025-11-21_guardian_de01187cbd_img03.jpg,2025-11-21,3,JPEG,445,445
kept,,D:\FR\IGD\IPCC internship\output\guardian\guardian_images\guardian_images_dataviz\guardian_2025-11-21_guardian_de01187cbd_img04.jpg,D:\FR\IGD\IPCC internship\output\guardian\guardian_images\guardian_images_dataviz\guardian_2025-11-21_guardian_de01187cbd_img04.jpg,2025-11-21,4,JPEG,445,336
kept,,D:\FR\IGD\IPCC internship\output\guardian\guardian_images\guardian_images_dataviz\guardian_2025-11-21_guardian_de01187cbd_img05.jpg,D:\FR\IGD\IPCC internship\output\guardian\guardian_images\guardian_images_dataviz\guardian_2025-11-21_guardian_de01187cbd_img05.jpg,2025-11-21,5,JPEG,445,332
kept,,D:\FR\IGD\IPCC internship\output\guardian\guardian_images\guardian_images_dataviz\guardian_2025-11-21_guardian_de01187cbd_img06.jpg,D:\FR\IGD\IPCC internship\output\guardian\guardian_images\guardian_images_dataviz\guardian_2025-11-21_guardian_de01187cbd_img06.jpg,2025-11-21,6,JPEG,445,245
kept,,D:\FR\IGD\IPCC internship\output\guardian\guardian_images\guardian_images_dataviz\guardian_2025-11-21_guardian_de01187cbd_img07.jpg,D:\FR\IGD\IPCC internship\output\guardian\guardian_images\guardian_images_dataviz\guardian_2025-11-21_guardian_de01187cbd_img07.jpg,2025-11-21,7,JPEG,445,212
kept,,D:\FR\IGD\IPCC internship\output\guardian\guardian_images\guardian_images_dataviz\guardian_2025-11-21_guardian_de01187cbd_img08.jpg,D:\FR\IGD\IPCC internship\output\guardian\guardian_images\guardian_images_dataviz\guardian_2025-11-21_guardian_de01187cbd_img08.jpg,2025-11-21,8,JPEG,445,659
kept,,D:\FR\IGD\IPCC internship\output\guardian\guardian_images\guardian_images_dataviz\guardian_2025-11-24_guardian_0e4e2f2c95_img02.jpg,D:\FR\IGD\IPCC internship\output\guardian\guardian_images\guardian_images_dataviz\guardian_2025-11-24_guardian_0e4e2f2c95_img02.jpg,2025-11-24,2,JPEG,465,259
kept,,D:\FR\IGD\IPCC internship\output\guardian\guardian_images\guardian_images_dataviz\guardian_2025-11-24_guardian_0e4e2f2c95_img04.jpg,D:\FR\IGD\IPCC internship\output\guardian\guardian_images\guardian_images_dataviz\guardian_2025-11-24_guardian_0e4e2f2c95_img04.jpg,2025-11-24,4,JPEG,465,262
kept,,D:\FR\IGD\IPCC internship\output\guardian\guardian_images\guardian_images_dataviz\guardian_2025-11-24_guardian_0e4e2f2c95_img05.jpg,D:\FR\IGD\IPCC internship\output\guardian\guardian_images\guardian_images_dataviz\guardian_2025-11-24_guardian_0e4e2f2c95_img05.jpg,2025-11-24,5,JPEG,465,258
kept,,D:\FR\IGD\IPCC internship\output\guardian\guardian_images\guardian_images_dataviz\guardian_2025-11-24_guardian_0e4e2f2c95_img06.jpg,D:\FR\IGD\IPCC internship\output\guardian\guardian_images\guardian_images_dataviz\guardian_2025-11-24_guardian_0e4e2f2c95_img06.jpg,2025-11-24,6,JPEG,465,259
kept,,D:\FR\IGD\IPCC internship\output\guardian\guardian_images\guardian_images_dataviz\guardian_2025-12-04_guardian_6035c2fb78_img01.jpg,D:\FR\IGD\IPCC internship\output\guardian\guardian_images\guardian_images_dataviz\guardian_2025-12-04_guardian_6035c2fb78_img01.jpg,2025-12-04,1,JPEG,465,266
kept,,D:\FR\IGD\IPCC internship\output\guardian\guardian_images\guardian_images_dataviz\guardian_2025-12-05_guardian_b756ed3f13_img01.jpg,D:\FR\IGD\IPCC internship\output\guardian\guardian_images\guardian_images_dataviz\guardian_2025-12-05_guardian_b756ed3f13_img01.jpg,2025-12-05,1,JPEG,465,256
kept,,D:\FR\IGD\IPCC internship\output\guardian\guardian_images\guardian_images_dataviz\guardian_2025-12-05_guardian_3e127b2332_img02.jpg,D:\FR\IGD\IPCC internship\output\guardian\guardian_images\guardian_images_dataviz\guardian_2025-12-05_guardian_3e127b2332_img02.jpg,2025-12-05,2,JPEG,445,618
kept,,D:\FR\IGD\IPCC internship\output\guardian\guardian_images\guardian_images_dataviz\guardian_2025-12-05_guardian_3e127b2332_img03.jpg,D:\FR\IGD\IPCC internship\output\guardian\guardian_images\guardian_images_dataviz\guardian_2025-12-05_guardian_3e127b2332_img03.jpg,2025-12-05,3,JPEG,445,609
kept,,D:\FR\IGD\IPCC internship\output\guardian\guardian_images\guardian_images_dataviz\guardian_2025-12-05_guardian_3e127b2332_img05.jpg,D:\FR\IGD\IPCC internship\output\guardian\guardian_images\guardian_images_dataviz\guardian_2025-12-05_guardian_3e127b2332_img05.jpg,2025-12-05,5,JPEG,445,359
kept,,D:\FR\IGD\IPCC internship\output\guardian\guardian_images\guardian_images_dataviz\guardian_2025-12-05_guardian_3e127b2332_img06.jpg,D:\FR\IGD\IPCC internship\output\guardian\guardian_images\guardian_images_dataviz\guardian_2025-12-05_guardian_3e127b2332_img06.jpg,2025-12-05,6,JPEG,445,362
kept,,D:\FR\IGD\IPCC internship\output\guardian\guardian_images\guardian_images_dataviz\guardian_2025-12-05_guardian_3e127b2332_img07.jpg,D:\FR\IGD\IPCC internship\output\guardian\guardian_images\guardian_images_dataviz\guardian_2025-12-05_guardian_3e127b2332_img07.jpg,2025-12-05,7,JPEG,445,670
kept,,D:\FR\IGD\IPCC internship\output\guardian\guardian_images\guardian_images_dataviz\guardian_2025-12-09_guardian_3f87f5fcce_img01.jpg,D:\FR\IGD\IPCC internship\output\guardian\guardian_images\guardian_images_dataviz\guardian_2025-12-09_guardian_3f87f5fcce_img01.jpg,2025-12-09,1,JPEG,465,310
kept,,D:\FR\IGD\IPCC internship\output\guardian\guardian_images\guardian_images_dataviz\guardian_2025-12-18_guardian_f9fc3d8647_img03.jpg,D:\FR\IGD\IPCC internship\output\guardian\guardian_images\guardian_images_dataviz\guardian_2025-12-18_guardian_f9fc3d8647_img03.jpg,2025-12-18,3,JPEG,465,603
kept,,D:\FR\IGD\IPCC internship\output\guardian\guardian_images\guardian_images_dataviz\guardian_2025-12-30_guardian_757e6fc326_img02.jpg,D:\FR\IGD\IPCC internship\output\guardian\guardian_images\guardian_images_dataviz\guardian_2025-12-30_guardian_757e6fc326_img02.jpg,2025-12-30,2,JPEG,445,322
kept,,D:\FR\IGD\IPCC internship\output\guardian\guardian_images\guardian_images_dataviz\guardian_2025-12-31_guardian_fcb6739c28_img01.jpg,D:\FR\IGD\IPCC internship\output\guardian\guardian_images\guardian_images_dataviz\guardian_2025-12-31_guardian_fcb6739c28_img01.jpg,2025-12-31,1,JPEG,465,372
kept,,D:\FR\IGD\IPCC internship\output\nytimes\nytimes_images\nytimes_images_dataviz\nytimes_2013-03-31_a7bca25a-064b-5e08-91da-9ddf27e83cd8_img01.jpg,D:\FR\IGD\IPCC internship\output\nytimes\nytimes_images\nytimes_images_dataviz\nytimes_2013-03-31_a7bca25a-064b-5e08-91da-9ddf27e83cd8_img01.jpg,2013-03-31,1,JPEG,75,75
kept,,D:\FR\IGD\IPCC internship\output\nytimes\nytimes_images\nytimes_images_dataviz\nytimes_2013-09-27_348d9172-59d5-572d-9a79-d27ef174fe84_img01.jpg,D:\FR\IGD\IPCC internship\output\nytimes\nytimes_images\nytimes_images_dataviz\nytimes_2013-09-27_348d9172-59d5-572d-9a79-d27ef174fe84_img01.jpg,2013-09-27,1,JPEG,600,344
removed_from_dedup,nytimes_thumbnail_duplicate,D:\FR\IGD\IPCC internship\output\nytimes\nytimes_images\nytimes_images_dataviz\nytimes_2013-09-27_348d9172-59d5-572d-9a79-d27ef174fe84_img02.jpg,D:\FR\IGD\IPCC internship\output\nytimes\nytimes_images\nytimes_images_dataviz\nytimes_2013-09-27_348d9172-59d5-572d-9a79-d27ef174fe84_img01.jpg,2013-09-27,2,JPEG,75,75
kept,,D:\FR\IGD\IPCC internship\output\nytimes\nytimes_images\nytimes_images_dataviz\nytimes_2013-10-09_79be730c-b107-501a-aaad-e7e807c409b8_img01.jpg,D:\FR\IGD\IPCC internship\output\nytimes\nytimes_images\nytimes_images_dataviz\nytimes_2013-10-09_79be730c-b107-501a-aaad-e7e807c409b8_img01.jpg,2013-10-09,1,JPEG,75,75
kept,,D:\FR\IGD\IPCC internship\output\nytimes\nytimes_images\nytimes_images_dataviz\nytimes_2013-11-12_73c23c96-2235-55a8-ad29-eb819d3b39a0_img01.jpg,D:\FR\IGD\IPCC internship\output\nytimes\nytimes_images\nytimes_images_dataviz\nytimes_2013-11-12_73c23c96-2235-55a8-ad29-eb819d3b39a0_img01.jpg,2013-11-12,1,JPEG,600,303
removed_from_dedup,nytimes_thumbnail_duplicate,D:\FR\IGD\IPCC internship\output\nytimes\nytimes_images\nytimes_images_dataviz\nytimes_2013-11-12_73c23c96-2235-55a8-ad29-eb819d3b39a0_img02.jpg,D:\FR\IGD\IPCC internship\output\nytimes\nytimes_images\nytimes_images_dataviz\nytimes_2013-11-12_73c23c96-2235-55a8-ad29-eb819d3b39a0_img01.jpg,2013-11-12,2,JPEG,75,75
kept,,D:\FR\IGD\IPCC internship\output\nytimes\nytimes_images\nytimes_images_dataviz\nytimes_2014-05-14_15659d57-7f8e-5e0d-b5ef-7d484453373e_img02.jpg,D:\FR\IGD\IPCC internship\output\nytimes\nytimes_images\nytimes_images_dataviz\nytimes_2014-05-14_15659d57-7f8e-5e0d-b5ef-7d484453373e_img02.jpg,2014-05-14,2,JPEG,75,75
kept,,D:\FR\IGD\IPCC internship\output\nytimes\nytimes_images\nytimes_images_dataviz\nytimes_2014-09-23_24784cd5-55fd-5aef-ac9a-fa2207adf357_img01.jpg,D:\FR\IGD\IPCC internship\output\nytimes\nytimes_images\nytimes_images_dataviz\nytimes_2014-09-23_24784cd5-55fd-5aef-ac9a-fa2207adf357_img01.jpg,2014-09-23,1,JPEG,600,441
removed_from_dedup,nytimes_thumbnail_duplicate,D:\FR\IGD\IPCC internship\output\nytimes\nytimes_images\nytimes_images_dataviz\nytimes_2014-09-23_24784cd5-55fd-5aef-ac9a-fa2207adf357_img02.jpg,D:\FR\IGD\IPCC internship\output\nytimes\nytimes_images\nytimes_images_dataviz\nytimes_2014-09-23_24784cd5-55fd-5aef-ac9a-fa2207adf357_img01.jpg,2014-09-23,2,JPEG,75,75
kept,,D:\FR\IGD\IPCC internship\output\nytimes\nytimes_images\nytimes_images_dataviz\nytimes_2014-09-26_3feb38b2-f07a-54d0-8fb0-b7ad897eac71_img01.png,D:\FR\IGD\IPCC internship\output\nytimes\nytimes_images\nytimes_images_dataviz\nytimes_2014-09-26_3feb38b2-f07a-54d0-8fb0-b7ad897eac71_img01.png,2014-09-26,1,PNG,600,413
removed_from_dedup,nytimes_thumbnail_duplicate,D:\FR\IGD\IPCC internship\output\nytimes\nytimes_images\nytimes_images_dataviz\nytimes_2014-09-26_3feb38b2-f07a-54d0-8fb0-b7ad897eac71_img02.png,D:\FR\IGD\IPCC internship\output\nytimes\nytimes_images\nytimes_images_dataviz\nytimes_2014-09-26_3feb38b2-f07a-54d0-8fb0-b7ad897eac71_img01.png,2014-09-26,2,PNG,75,75
kept,,D:\FR\IGD\IPCC internship\output\nytimes\nytimes_images\nytimes_images_dataviz\nytimes_2014-09-29_0bc76c18-49ca-5341-8fd2-94d2756e2d8f_img02.jpg,D:\FR\IGD\IPCC internship\output\nytimes\nytimes_images\nytimes_images_dataviz\nytimes_2014-09-29_0bc76c18-49ca-5341-8fd2-94d2756e2d8f_img02.jpg,2014-09-29,2,JPEG,75,75
kept,,D:\FR\IGD\IPCC internship\output\nytimes\nytimes_images\nytimes_images_dataviz\nytimes_2014-10-06_1065b61f-4df5-5eec-81c2-6275425bd352_img01.jpg,D:\FR\IGD\IPCC internship\output\nytimes\nytimes_images\nytimes_images_dataviz\nytimes_2014-10-06_1065b61f-4df5-5eec-81c2-6275425bd352_img01.jpg,2014-10-06,1,JPEG,600,450
removed_from_dedup,nytimes_thumbnail_duplicate,D:\FR\IGD\IPCC internship\output\nytimes\nytimes_images\nytimes_images_dataviz\nytimes_2014-10-06_1065b61f-4df5-5eec-81c2-6275425bd352_img02.jpg,D:\FR\IGD\IPCC internship\output\nytimes\nytimes_images\nytimes_images_dataviz\nytimes_2014-10-06_1065b61f-4df5-5eec-81c2-6275425bd352_img01.jpg,2014-10-06,2,JPEG,75,75
kept,,D:\FR\IGD\IPCC internship\output\nytimes\nytimes_images\nytimes_images_dataviz\nytimes_2015-01-16_23814194-cc9c-5d2f-b8d6-cab4f2fc6230_img01.png,D:\FR\IGD\IPCC internship\output\nytimes\nytimes_images\nytimes_images_dataviz\nytimes_2015-01-16_23814194-cc9c-5d2f-b8d6-cab4f2fc6230_img01.png,2015-01-16,1,PNG,600,525
removed_from_dedup,nytimes_thumbnail_duplicate,D:\FR\IGD\IPCC internship\output\nytimes\nytimes_images\nytimes_images_dataviz\nytimes_2015-01-16_23814194-cc9c-5d2f-b8d6-cab4f2fc6230_img02.png,D:\FR\IGD\IPCC internship\output\nytimes\nytimes_images\nytimes_images_dataviz\nytimes_2015-01-16_23814194-cc9c-5d2f-b8d6-cab4f2fc6230_img01.png,2015-01-16,2,PNG,75,75
kept,,D:\FR\IGD\IPCC internship\output\nytimes\nytimes_images\nytimes_images_dataviz\nytimes_2015-01-16_38f5b340-da76-518e-aa31-14bea86a8c36_img02.jpg,D:\FR\IGD\IPCC internship\output\nytimes\nytimes_images\nytimes_images_dataviz\nytimes_2015-01-16_38f5b340-da76-518e-aa31-14bea86a8c36_img02.jpg,2015-01-16,2,JPEG,75,75
kept,,D:\FR\IGD\IPCC internship\output\nytimes\nytimes_images\nytimes_images_dataviz\nytimes_2015-01-21_f91bdd97-9a38-5464-85b4-4da132e2feac_img01.jpg,D:\FR\IGD\IPCC internship\output\nytimes\nytimes_images\nytimes_images_dataviz\nytimes_2015-01-21_f91bdd97-9a38-5464-85b4-4da132e2feac_img01.jpg,2015-01-21,1,JPEG,600,464
removed_from_dedup,nytimes_thumbnail_duplicate,D:\FR\IGD\IPCC internship\output\nytimes\nytimes_images\nytimes_images_dataviz\nytimes_2015-01-21_f91bdd97-9a38-5464-85b4-4da132e2feac_img02.jpg,D:\FR\IGD\IPCC internship\output\nytimes\nytimes_images\nytimes_images_dataviz\nytimes_2015-01-21_f91bdd97-9a38-5464-85b4-4da132e2feac_img01.jpg,2015-01-21,2,JPEG,75,75
kept,,D:\FR\IGD\IPCC internship\output\nytimes\nytimes_images\nytimes_images_dataviz\nytimes_2015-09-11_55d3293a-cb77-50c4-b845-5143fe56d264_img01.jpg,D:\FR\IGD\IPCC internship\output\nytimes\nytimes_images\nytimes_images_dataviz\nytimes_2015-09-11_55d3293a-cb77-50c4-b845-5143fe56d264_img01.jpg,2015-09-11,1,JPEG,600,360
removed_from_dedup,nytimes_thumbnail_duplicate,D:\FR\IGD\IPCC internship\output\nytimes\nytimes_images\nytimes_images_dataviz\nytimes_2015-09-11_55d3293a-cb77-50c4-b845-5143fe56d264_img02.jpg,D:\FR\IGD\IPCC internship\output\nytimes\nytimes_images\nytimes_images_dataviz\nytimes_2015-09-11_55d3293a-cb77-50c4-b845-5143fe56d264_img01.jpg,2015-09-11,2,JPEG,75,75
kept,,D:\FR\IGD\IPCC internship\output\nytimes\nytimes_images\nytimes_images_dataviz\nytimes_2015-10-13_6bda2b3a-431c-5d8b-9101-8515c5358cbb_img01.jpg,D:\FR\IGD\IPCC internship\output\nytimes\nytimes_images\nytimes_images_dataviz\nytimes_2015-10-13_6bda2b3a-431c-5d8b-9101-8515c5358cbb_img01.jpg,2015-10-13,1,JPEG,600,300
removed_from_dedup,nytimes_thumbnail_duplicate,D:\FR\IGD\IPCC internship\output\nytimes\nytimes_images\nytimes_images_dataviz\nytimes_2015-10-13_6bda2b3a-431c-5d8b-9101-8515c5358cbb_img02.jpg,D:\FR\IGD\IPCC internship\output\nytimes\nytimes_images\nytimes_images_dataviz\nytimes_2015-10-13_6bda2b3a-431c-5d8b-9101-8515c5358cbb_img01.jpg,2015-10-13,2,JPEG,75,75
kept,,D:\FR\IGD\IPCC internship\output\nytimes\nytimes_images\nytimes_images_dataviz\nytimes_2015-11-06_edc1d2ad-8903-5738-be73-0dcc98f2bedc_img01.jpg,D:\FR\IGD\IPCC internship\output\nytimes\nytimes_images\nytimes_images_dataviz\nytimes_2015-11-06_edc1d2ad-8903-5738-be73-0dcc98f2bedc_img01.jpg,2015-11-06,1,JPEG,600,797
removed_from_dedup,nytimes_thumbnail_duplicate,D:\FR\IGD\IPCC internship\output\nytimes\nytimes_images\nytimes_images_dataviz\nytimes_2015-11-06_edc1d2ad-8903-5738-be73-0dcc98f2bedc_img02.jpg,D:\FR\IGD\IPCC internship\output\nytimes\nytimes_images\nytimes_images_dataviz\nytimes_2015-11-06_edc1d2ad-8903-5738-be73-0dcc98f2bedc_img01.jpg,2015-11-06,2,JPEG,75,75
kept,,D:\FR\IGD\IPCC internship\output\nytimes\nytimes_images\nytimes_images_dataviz\nytimes_2015-11-25_89bec6b5-9473-57ee-b556-9a7ce0ded9f1_img02.jpg,D:\FR\IGD\IPCC internship\output\nytimes\nytimes_images\nytimes_images_dataviz\nytimes_2015-11-25_89bec6b5-9473-57ee-b556-9a7ce0ded9f1_img02.jpg,2015-11-25,2,JPEG,75,75
kept,,D:\FR\IGD\IPCC internship\output\nytimes\nytimes_images\nytimes_images_dataviz\nytimes_2015-12-31_e4266569-9abb-56f3-bcfe-24dc95ae2a1d_img01.png,D:\FR\IGD\IPCC internship\output\nytimes\nytimes_images\nytimes_images_dataviz\nytimes_2015-12-31_e4266569-9abb-56f3-bcfe-24dc95ae2a1d_img01.png,2015-12-31,1,PNG,600,619
removed_from_dedup,nytimes_thumbnail_duplicate,D:\FR\IGD\IPCC internship\output\nytimes\nytimes_images\nytimes_images_dataviz\nytimes_2015-12-31_e4266569-9abb-56f3-bcfe-24dc95ae2a1d_img02.png,D:\FR\IGD\IPCC internship\output\nytimes\nytimes_images\nytimes_images_dataviz\nytimes_2015-12-31_e4266569-9abb-56f3-bcfe-24dc95ae2a1d_img01.png,2015-12-31,2,PNG,75,75
kept,,D:\FR\IGD\IPCC internship\output\nytimes\nytimes_images\nytimes_images_dataviz\nytimes_2016-01-20_7798524b-5f69-5a0e-9b37-0fa6c675a2a2_img01.png,D:\FR\IGD\IPCC internship\output\nytimes\nytimes_images\nytimes_images_dataviz\nytimes_2016-01-20_7798524b-5f69-5a0e-9b37-0fa6c675a2a2_img01.png,2016-01-20,1,PNG,600,296
removed_from_dedup,nytimes_thumbnail_duplicate,D:\FR\IGD\IPCC internship\output\nytimes\nytimes_images\nytimes_images_dataviz\nytimes_2016-01-20_7798524b-5f69-5a0e-9b37-0fa6c675a2a2_img02.png,D:\FR\IGD\IPCC internship\output\nytimes\nytimes_images\nytimes_images_dataviz\nytimes_2016-01-20_7798524b-5f69-5a0e-9b37-0fa6c675a2a2_img01.png,2016-01-20,2,PNG,75,75
kept,,D:\FR\IGD\IPCC internship\output\nytimes\nytimes_images\nytimes_images_dataviz\nytimes_2016-09-30_586542f9-07ad-5b34-bd31-52587f961f7a_img01.png,D:\FR\IGD\IPCC internship\output\nytimes\nytimes_images\nytimes_images_dataviz\nytimes_2016-09-30_586542f9-07ad-5b34-bd31-52587f961f7a_img01.png,2016-09-30,1,PNG,600,450
removed_from_dedup,nytimes_thumbnail_duplicate,D:\FR\IGD\IPCC internship\output\nytimes\nytimes_images\nytimes_images_dataviz\nytimes_2016-09-30_586542f9-07ad-5b34-bd31-52587f961f7a_img02.png,D:\FR\IGD\IPCC internship\output\nytimes\nytimes_images\nytimes_images_dataviz\nytimes_2016-09-30_586542f9-07ad-5b34-bd31-52587f961f7a_img01.png,2016-09-30,2,PNG,75,75
kept,,D:\FR\IGD\IPCC internship\output\nytimes\nytimes_images\nytimes_images_dataviz\nytimes_2016-12-23_4ba68311-43dd-5dc5-b976-9dbaeedd6ada_img02.jpg,D:\FR\IGD\IPCC internship\output\nytimes\nytimes_images\nytimes_images_dataviz\nytimes_2016-12-23_4ba68311-43dd-5dc5-b976-9dbaeedd6ada_img02.jpg,2016-12-23,2,JPEG,75,75
kept,,D:\FR\IGD\IPCC internship\output\nytimes\nytimes_images\nytimes_images_dataviz\nytimes_2017-11-16_15b08fd7-d4ca-581a-9895-814cae9f040a_img02.jpg,D:\FR\IGD\IPCC internship\output\nytimes\nytimes_images\nytimes_images_dataviz\nytimes_2017-11-16_15b08fd7-d4ca-581a-9895-814cae9f040a_img02.jpg,2017-11-16,2,JPEG,75,75
kept,,D:\FR\IGD\IPCC internship\output\nytimes\nytimes_images\nytimes_images_dataviz\nytimes_2018-09-19_d19a9275-a0b3-5dce-ac82-de383e13e5c3_img02.jpg,D:\FR\IGD\IPCC internship\output\nytimes\nytimes_images\nytimes_images_dataviz\nytimes_2018-09-19_d19a9275-a0b3-5dce-ac82-de383e13e5c3_img02.jpg,2018-09-19,2,JPEG,75,75
kept,,D:\FR\IGD\IPCC internship\output\nytimes\nytimes_images\nytimes_images_dataviz\nytimes_2018-12-24_60c45729-f7bc-5e6e-9d36-56bb8982fc74_img01.png,D:\FR\IGD\IPCC internship\output\nytimes\nytimes_images\nytimes_images_dataviz\nytimes_2018-12-24_60c45729-f7bc-5e6e-9d36-56bb8982fc74_img01.png,2018-12-24,1,PNG,600,400
kept,,D:\FR\IGD\IPCC internship\output\nytimes\nytimes_images\nytimes_images_dataviz\nytimes_2019-09-18_ec8ccfdd-eeb8-5ab7-be52-1809cc71ca6e_img01.jpg,D:\FR\IGD\IPCC internship\output\nytimes\nytimes_images\nytimes_images_dataviz\nytimes_2019-09-18_ec8ccfdd-eeb8-5ab7-be52-1809cc71ca6e_img01.jpg,2019-09-18,1,JPEG,600,600
removed_from_dedup,nytimes_thumbnail_duplicate,D:\FR\IGD\IPCC internship\output\nytimes\nytimes_images\nytimes_images_dataviz\nytimes_2019-09-18_ec8ccfdd-eeb8-5ab7-be52-1809cc71ca6e_img02.jpg,D:\FR\IGD\IPCC internship\output\nytimes\nytimes_images\nytimes_images_dataviz\nytimes_2019-09-18_ec8ccfdd-eeb8-5ab7-be52-1809cc71ca6e_img01.jpg,2019-09-18,2,JPEG,75,75
kept,,D:\FR\IGD\IPCC internship\output\nytimes\nytimes_images\nytimes_images_dataviz\nytimes_2019-09-26_5d2e138f-ca50-5ff7-a612-2ee04377fa74_img01.png,D:\FR\IGD\IPCC internship\output\nytimes\nytimes_images\nytimes_images_dataviz\nytimes_2019-09-26_5d2e138f-ca50-5ff7-a612-2ee04377fa74_img01.png,2019-09-26,1,PNG,600,628
removed_from_dedup,nytimes_thumbnail_duplicate,D:\FR\IGD\IPCC internship\output\nytimes\nytimes_images\nytimes_images_dataviz\nytimes_2019-09-26_5d2e138f-ca50-5ff7-a612-2ee04377fa74_img02.png,D:\FR\IGD\IPCC internship\output\nytimes\nytimes_images\nytimes_images_dataviz\nytimes_2019-09-26_5d2e138f-ca50-5ff7-a612-2ee04377fa74_img01.png,2019-09-26,2,PNG,75,75
kept,,D:\FR\IGD\IPCC internship\output\nytimes\nytimes_images\nytimes_images_dataviz\nytimes_2019-10-03_14c52827-e4c0-51da-8d09-e0e1205cc7c4_img01.png,D:\FR\IGD\IPCC internship\output\nytimes\nytimes_images\nytimes_images_dataviz\nytimes_2019-10-03_14c52827-e4c0-51da-8d09-e0e1205cc7c4_img01.png,2019-10-03,1,PNG,600,363
removed_from_dedup,nytimes_thumbnail_duplicate,D:\FR\IGD\IPCC internship\output\nytimes\nytimes_images\nytimes_images_dataviz\nytimes_2019-10-03_14c52827-e4c0-51da-8d09-e0e1205cc7c4_img02.png,D:\FR\IGD\IPCC internship\output\nytimes\nytimes_images\nytimes_images_dataviz\nytimes_2019-10-03_14c52827-e4c0-51da-8d09-e0e1205cc7c4_img01.png,2019-10-03,2,PNG,75,75
kept,,D:\FR\IGD\IPCC internship\output\nytimes\nytimes_images\nytimes_images_dataviz\nytimes_2020-04-23_6d063b76-bb1b-5052-a139-ffc435b57f3c_img01.png,D:\FR\IGD\IPCC internship\output\nytimes\nytimes_images\nytimes_images_dataviz\nytimes_2020-04-23_6d063b76-bb1b-5052-a139-ffc435b57f3c_img01.png,2020-04-23,1,PNG,600,441
removed_from_dedup,nytimes_thumbnail_duplicate,D:\FR\IGD\IPCC internship\output\nytimes\nytimes_images\nytimes_images_dataviz\nytimes_2020-04-23_6d063b76-bb1b-5052-a139-ffc435b57f3c_img02.png,D:\FR\IGD\IPCC internship\output\nytimes\nytimes_images\nytimes_images_dataviz\nytimes_2020-04-23_6d063b76-bb1b-5052-a139-ffc435b57f3c_img01.png,2020-04-23,2,PNG,75,75
kept,,D:\FR\IGD\IPCC internship\output\nytimes\nytimes_images\nytimes_images_dataviz\nytimes_2020-06-17_ca6969ac-81a9-594d-8ac2-9915fe8cb03a_img01.png,D:\FR\IGD\IPCC internship\output\nytimes\nytimes_images\nytimes_images_dataviz\nytimes_2020-06-17_ca6969ac-81a9-594d-8ac2-9915fe8cb03a_img01.png,2020-06-17,1,PNG,600,399
removed_from_dedup,nytimes_thumbnail_duplicate,D:\FR\IGD\IPCC internship\output\nytimes\nytimes_images\nytimes_images_dataviz\nytimes_2020-06-17_ca6969ac-81a9-594d-8ac2-9915fe8cb03a_img02.png,D:\FR\IGD\IPCC internship\output\nytimes\nytimes_images\nytimes_images_dataviz\nytimes_2020-06-17_ca6969ac-81a9-594d-8ac2-9915fe8cb03a_img01.png,2020-06-17,2,PNG,75,75
kept,,D:\FR\IGD\IPCC internship\output\nytimes\nytimes_images\nytimes_images_dataviz\nytimes_2020-11-01_8571d9b2-d3a2-5d50-ab8c-d98cefcc7eb6_img01.png,D:\FR\IGD\IPCC internship\output\nytimes\nytimes_images\nytimes_images_dataviz\nytimes_2020-11-01_8571d9b2-d3a2-5d50-ab8c-d98cefcc7eb6_img01.png,2020-11-01,1,PNG,600,399
removed_from_dedup,nytimes_thumbnail_duplicate,D:\FR\IGD\IPCC internship\output\nytimes\nytimes_images\nytimes_images_dataviz\nytimes_2020-11-01_8571d9b2-d3a2-5d50-ab8c-d98cefcc7eb6_img02.jpg,D:\FR\IGD\IPCC internship\output\nytimes\nytimes_images\nytimes_images_dataviz\nytimes_2020-11-01_8571d9b2-d3a2-5d50-ab8c-d98cefcc7eb6_img01.png,2020-11-01,2,JPEG,75,75
kept,,D:\FR\IGD\IPCC internship\output\nytimes\nytimes_images\nytimes_images_dataviz\nytimes_2020-12-03_06d0bc07-d8a8-5a17-8b9c-308ced1aa862_img01.png,D:\FR\IGD\IPCC internship\output\nytimes\nytimes_images\nytimes_images_dataviz\nytimes_2020-12-03_06d0bc07-d8a8-5a17-8b9c-308ced1aa862_img01.png,2020-12-03,1,PNG,600,500
removed_from_dedup,nytimes_thumbnail_duplicate,D:\FR\IGD\IPCC internship\output\nytimes\nytimes_images\nytimes_images_dataviz\nytimes_2020-12-03_06d0bc07-d8a8-5a17-8b9c-308ced1aa862_img02.png,D:\FR\IGD\IPCC internship\output\nytimes\nytimes_images\nytimes_images_dataviz\nytimes_2020-12-03_06d0bc07-d8a8-5a17-8b9c-308ced1aa862_img01.png,2020-12-03,2,PNG,75,75
kept,,D:\FR\IGD\IPCC internship\output\nytimes\nytimes_images\nytimes_images_dataviz\nytimes_2020-12-14_4705be9a-ae22-5f1d-aca4-de755bb3ef68_img02.jpg,D:\FR\IGD\IPCC internship\output\nytimes\nytimes_images\nytimes_images_dataviz\nytimes_2020-12-14_4705be9a-ae22-5f1d-aca4-de755bb3ef68_img02.jpg,2020-12-14,2,JPEG,75,75
kept,,D:\FR\IGD\IPCC internship\output\nytimes\nytimes_images\nytimes_images_dataviz\nytimes_2021-03-03_73eb69c3-1520-5562-a21b-67ebe3a1c010_img01.jpg,D:\FR\IGD\IPCC internship\output\nytimes\nytimes_images\nytimes_images_dataviz\nytimes_2021-03-03_73eb69c3-1520-5562-a21b-67ebe3a1c010_img01.jpg,2021-03-03,1,JPEG,600,400
removed_from_dedup,nytimes_thumbnail_duplicate,D:\FR\IGD\IPCC internship\output\nytimes\nytimes_images\nytimes_images_dataviz\nytimes_2021-03-03_73eb69c3-1520-5562-a21b-67ebe3a1c010_img02.jpg,D:\FR\IGD\IPCC internship\output\nytimes\nytimes_images\nytimes_images_dataviz\nytimes_2021-03-03_73eb69c3-1520-5562-a21b-67ebe3a1c010_img01.jpg,2021-03-03,2,JPEG,75,75
kept,,D:\FR\IGD\IPCC internship\output\nytimes\nytimes_images\nytimes_images_dataviz\nytimes_2021-08-23_fcd11838-ce1b-5ae5-9e30-48e543886858_img01.jpg,D:\FR\IGD\IPCC internship\output\nytimes\nytimes_images\nytimes_images_dataviz\nytimes_2021-08-23_fcd11838-ce1b-5ae5-9e30-48e543886858_img01.jpg,2021-08-23,1,JPEG,600,399
removed_from_dedup,nytimes_thumbnail_duplicate,D:\FR\IGD\IPCC internship\output\nytimes\nytimes_images\nytimes_images_dataviz\nytimes_2021-08-23_fcd11838-ce1b-5ae5-9e30-48e543886858_img02.jpg,D:\FR\IGD\IPCC internship\output\nytimes\nytimes_images\nytimes_images_dataviz\nytimes_2021-08-23_fcd11838-ce1b-5ae5-9e30-48e543886858_img01.jpg,2021-08-23,2,JPEG,75,75
kept,,D:\FR\IGD\IPCC internship\output\nytimes\nytimes_images\nytimes_images_dataviz\nytimes_2021-09-16_f0379d9b-4335-5f20-9244-ef4d956d1b03_img01.jpg,D:\FR\IGD\IPCC internship\output\nytimes\nytimes_images\nytimes_images_dataviz\nytimes_2021-09-16_f0379d9b-4335-5f20-9244-ef4d956d1b03_img01.jpg,2021-09-16,1,JPEG,600,600
removed_from_dedup,nytimes_thumbnail_duplicate,D:\FR\IGD\IPCC internship\output\nytimes\nytimes_images\nytimes_images_dataviz\nytimes_2021-09-16_f0379d9b-4335-5f20-9244-ef4d956d1b03_img02.jpg,D:\FR\IGD\IPCC internship\output\nytimes\nytimes_images\nytimes_images_dataviz\nytimes_2021-09-16_f0379d9b-4335-5f20-9244-ef4d956d1b03_img01.jpg,2021-09-16,2,JPEG,75,75
kept,,D:\FR\IGD\IPCC internship\output\nytimes\nytimes_images\nytimes_images_dataviz\nytimes_2021-10-25_e44a1d4f-94e4-5ab7-99ec-9b01a256ee34_img01.png,D:\FR\IGD\IPCC internship\output\nytimes\nytimes_images\nytimes_images_dataviz\nytimes_2021-10-25_e44a1d4f-94e4-5ab7-99ec-9b01a256ee34_img01.png,2021-10-25,1,PNG,600,400
removed_from_dedup,nytimes_thumbnail_duplicate,D:\FR\IGD\IPCC internship\output\nytimes\nytimes_images\nytimes_images_dataviz\nytimes_2021-10-25_e44a1d4f-94e4-5ab7-99ec-9b01a256ee34_img02.png,D:\FR\IGD\IPCC internship\output\nytimes\nytimes_images\nytimes_images_dataviz\nytimes_2021-10-25_e44a1d4f-94e4-5ab7-99ec-9b01a256ee34_img01.png,2021-10-25,2,PNG,75,75
kept,,D:\FR\IGD\IPCC internship\output\nytimes\nytimes_images\nytimes_images_dataviz\nytimes_2021-11-12_b812b9b0-24b5-5e27-83fd-f45f2b1096cd_img01.png,D:\FR\IGD\IPCC internship\output\nytimes\nytimes_images\nytimes_images_dataviz\nytimes_2021-11-12_b812b9b0-24b5-5e27-83fd-f45f2b1096cd_img01.png,2021-11-12,1,PNG,600,400
removed_from_dedup,nytimes_thumbnail_duplicate,D:\FR\IGD\IPCC internship\output\nytimes\nytimes_images\nytimes_images_dataviz\nytimes_2021-11-12_b812b9b0-24b5-5e27-83fd-f45f2b1096cd_img02.png,D:\FR\IGD\IPCC internship\output\nytimes\nytimes_images\nytimes_images_dataviz\nytimes_2021-11-12_b812b9b0-24b5-5e27-83fd-f45f2b1096cd_img01.png,2021-11-12,2,PNG,75,75
kept,,D:\FR\IGD\IPCC internship\output\nytimes\nytimes_images\nytimes_images_dataviz\nytimes_2021-12-29_09d4ea9b-9e3f-5174-9606-f25ddfd89b52_img02.jpg,D:\FR\IGD\IPCC internship\output\nytimes\nytimes_images\nytimes_images_dataviz\nytimes_2021-12-29_09d4ea9b-9e3f-5174-9606-f25ddfd89b52_img02.jpg,2021-12-29,2,JPEG,75,75
kept,,D:\FR\IGD\IPCC internship\output\nytimes\nytimes_images\nytimes_images_dataviz\nytimes_2022-09-09_bb4f08d9-29e1-51ed-a935-1eaf8d1709b3_img01.jpg,D:\FR\IGD\IPCC internship\output\nytimes\nytimes_images\nytimes_images_dataviz\nytimes_2022-09-09_bb4f08d9-29e1-51ed-a935-1eaf8d1709b3_img01.jpg,2022-09-09,1,JPEG,600,400
kept,,D:\FR\IGD\IPCC internship\output\nytimes\nytimes_images\nytimes_images_dataviz\nytimes_2022-11-07_b0a75071-59e7-51f9-9cf4-cded943051bd_img01.png,D:\FR\IGD\IPCC internship\output\nytimes\nytimes_images\nytimes_images_dataviz\nytimes_2022-11-07_b0a75071-59e7-51f9-9cf4-cded943051bd_img01.png,2022-11-07,1,PNG,600,400
removed_from_dedup,nytimes_thumbnail_duplicate,D:\FR\IGD\IPCC internship\output\nytimes\nytimes_images\nytimes_images_dataviz\nytimes_2022-11-07_b0a75071-59e7-51f9-9cf4-cded943051bd_img02.png,D:\FR\IGD\IPCC internship\output\nytimes\nytimes_images\nytimes_images_dataviz\nytimes_2022-11-07_b0a75071-59e7-51f9-9cf4-cded943051bd_img01.png,2022-11-07,2,PNG,75,75
kept,,D:\FR\IGD\IPCC internship\output\nytimes\nytimes_images\nytimes_images_dataviz\nytimes_2022-11-08_a0372a04-c9e1-5ea4-b11f-2f6bb470295a_img01.png,D:\FR\IGD\IPCC internship\output\nytimes\nytimes_images\nytimes_images_dataviz\nytimes_2022-11-08_a0372a04-c9e1-5ea4-b11f-2f6bb470295a_img01.png,2022-11-08,1,PNG,600,400
removed_from_dedup,nytimes_thumbnail_duplicate,D:\FR\IGD\IPCC internship\output\nytimes\nytimes_images\nytimes_images_dataviz\nytimes_2022-11-08_a0372a04-c9e1-5ea4-b11f-2f6bb470295a_img02.png,D:\FR\IGD\IPCC internship\output\nytimes\nytimes_images\nytimes_images_dataviz\nytimes_2022-11-08_a0372a04-c9e1-5ea4-b11f-2f6bb470295a_img01.png,2022-11-08,2,PNG,75,75
kept,,D:\FR\IGD\IPCC internship\output\nytimes\nytimes_images\nytimes_images_dataviz\nytimes_2022-11-17_c5f220a1-5913-5836-a462-d10083875391_img01.png,D:\FR\IGD\IPCC internship\output\nytimes\nytimes_images\nytimes_images_dataviz\nytimes_2022-11-17_c5f220a1-5913-5836-a462-d10083875391_img01.png,2022-11-17,1,PNG,600,400
removed_from_dedup,nytimes_thumbnail_duplicate,D:\FR\IGD\IPCC internship\output\nytimes\nytimes_images\nytimes_images_dataviz\nytimes_2022-11-17_c5f220a1-5913-5836-a462-d10083875391_img02.png,D:\FR\IGD\IPCC internship\output\nytimes\nytimes_images\nytimes_images_dataviz\nytimes_2022-11-17_c5f220a1-5913-5836-a462-d10083875391_img01.png,2022-11-17,2,PNG,75,75
kept,,D:\FR\IGD\IPCC internship\output\nytimes\nytimes_images\nytimes_images_dataviz\nytimes_2023-07-26_08488e25-a43c-5c71-b2c0-29ed1017021f_img01.png,D:\FR\IGD\IPCC internship\output\nytimes\nytimes_images\nytimes_images_dataviz\nytimes_2023-07-26_08488e25-a43c-5c71-b2c0-29ed1017021f_img01.png,2023-07-26,1,PNG,600,345
removed_from_dedup,nytimes_thumbnail_duplicate,D:\FR\IGD\IPCC internship\output\nytimes\nytimes_images\nytimes_images_dataviz\nytimes_2023-07-26_08488e25-a43c-5c71-b2c0-29ed1017021f_img02.png,D:\FR\IGD\IPCC internship\output\nytimes\nytimes_images\nytimes_images_dataviz\nytimes_2023-07-26_08488e25-a43c-5c71-b2c0-29ed1017021f_img01.png,2023-07-26,2,PNG,75,75
kept,,D:\FR\IGD\IPCC internship\output\nytimes\nytimes_images\nytimes_images_dataviz\nytimes_2023-09-07_e208fef5-2c5c-5398-9215-66b6a1f7f565_img01.png,D:\FR\IGD\IPCC internship\output\nytimes\nytimes_images\nytimes_images_dataviz\nytimes_2023-09-07_e208fef5-2c5c-5398-9215-66b6a1f7f565_img01.png,2023-09-07,1,PNG,600,477
removed_from_dedup,nytimes_thumbnail_duplicate,D:\FR\IGD\IPCC internship\output\nytimes\nytimes_images\nytimes_images_dataviz\nytimes_2023-09-07_e208fef5-2c5c-5398-9215-66b6a1f7f565_img02.png,D:\FR\IGD\IPCC internship\output\nytimes\nytimes_images\nytimes_images_dataviz\nytimes_2023-09-07_e208fef5-2c5c-5398-9215-66b6a1f7f565_img01.png,2023-09-07,2,PNG,75,75
kept,,D:\FR\IGD\IPCC internship\output\nytimes\nytimes_images\nytimes_images_dataviz\nytimes_2023-10-04_dc03dd8a-38b4-5d0b-a59b-3e426c1603ab_img01.png,D:\FR\IGD\IPCC internship\output\nytimes\nytimes_images\nytimes_images_dataviz\nytimes_2023-10-04_dc03dd8a-38b4-5d0b-a59b-3e426c1603ab_img01.png,2023-10-04,1,PNG,600,400
removed_from_dedup,nytimes_thumbnail_duplicate,D:\FR\IGD\IPCC internship\output\nytimes\nytimes_images\nytimes_images_dataviz\nytimes_2023-10-04_dc03dd8a-38b4-5d0b-a59b-3e426c1603ab_img02.png,D:\FR\IGD\IPCC internship\output\nytimes\nytimes_images\nytimes_images_dataviz\nytimes_2023-10-04_dc03dd8a-38b4-5d0b-a59b-3e426c1603ab_img01.png,2023-10-04,2,PNG,75,75
kept,,D:\FR\IGD\IPCC internship\output\nytimes\nytimes_images\nytimes_images_dataviz\nytimes_2023-10-13_25a60b83-4ef8-5f92-b057-f753881d7cbc_img01.png,D:\FR\IGD\IPCC internship\output\nytimes\nytimes_images\nytimes_images_dataviz\nytimes_2023-10-13_25a60b83-4ef8-5f92-b057-f753881d7cbc_img01.png,2023-10-13,1,PNG,600,400
removed_from_dedup,nytimes_thumbnail_duplicate,D:\FR\IGD\IPCC internship\output\nytimes\nytimes_images\nytimes_images_dataviz\nytimes_2023-10-13_25a60b83-4ef8-5f92-b057-f753881d7cbc_img02.png,D:\FR\IGD\IPCC internship\output\nytimes\nytimes_images\nytimes_images_dataviz\nytimes_2023-10-13_25a60b83-4ef8-5f92-b057-f753881d7cbc_img01.png,2023-10-13,2,PNG,75,75
kept,,D:\FR\IGD\IPCC internship\output\nytimes\nytimes_images\nytimes_images_dataviz\nytimes_2023-11-20_17aa5d4e-e31b-5eab-97df-b98d584336e4_img01.jpg,D:\FR\IGD\IPCC internship\output\nytimes\nytimes_images\nytimes_images_dataviz\nytimes_2023-11-20_17aa5d4e-e31b-5eab-97df-b98d584336e4_img01.jpg,2023-11-20,1,JPEG,600,400
kept,,D:\FR\IGD\IPCC internship\output\nytimes\nytimes_images\nytimes_images_dataviz\nytimes_2023-11-20_2280a6fc-70b9-55cc-91cc-365f2b2ceb05_img01.png,D:\FR\IGD\IPCC internship\output\nytimes\nytimes_images\nytimes_images_dataviz\nytimes_2023-11-20_2280a6fc-70b9-55cc-91cc-365f2b2ceb05_img01.png,2023-11-20,1,PNG,600,400
removed_from_dedup,nytimes_thumbnail_duplicate,D:\FR\IGD\IPCC internship\output\nytimes\nytimes_images\nytimes_images_dataviz\nytimes_2023-11-20_2280a6fc-70b9-55cc-91cc-365f2b2ceb05_img02.png,D:\FR\IGD\IPCC internship\output\nytimes\nytimes_images\nytimes_images_dataviz\nytimes_2023-11-20_2280a6fc-70b9-55cc-91cc-365f2b2ceb05_img01.png,2023-11-20,2,PNG,75,75
kept,,D:\FR\IGD\IPCC internship\output\nytimes\nytimes_images\nytimes_images_dataviz\nytimes_2023-11-30_b6b15675-d663-5883-b0e9-87cb4b14375d_img01.png,D:\FR\IGD\IPCC internship\output\nytimes\nytimes_images\nytimes_images_dataviz\nytimes_2023-11-30_b6b15675-d663-5883-b0e9-87cb4b14375d_img01.png,2023-11-30,1,PNG,600,400
removed_from_dedup,nytimes_thumbnail_duplicate,D:\FR\IGD\IPCC internship\output\nytimes\nytimes_images\nytimes_images_dataviz\nytimes_2023-11-30_b6b15675-d663-5883-b0e9-87cb4b14375d_img02.png,D:\FR\IGD\IPCC internship\output\nytimes\nytimes_images\nytimes_images_dataviz\nytimes_2023-11-30_b6b15675-d663-5883-b0e9-87cb4b14375d_img01.png,2023-11-30,2,PNG,75,75
kept,,D:\FR\IGD\IPCC internship\output\nytimes\nytimes_images\nytimes_images_dataviz\nytimes_2023-12-07_cbfe1226-7f78-536d-8403-3b5acdef70bc_img02.jpg,D:\FR\IGD\IPCC internship\output\nytimes\nytimes_images\nytimes_images_dataviz\nytimes_2023-12-07_cbfe1226-7f78-536d-8403-3b5acdef70bc_img02.jpg,2023-12-07,2,JPEG,75,75
kept,,D:\FR\IGD\IPCC internship\output\nytimes\nytimes_images\nytimes_images_dataviz\nytimes_2023-12-26_75b54c66-077f-51fe-b91a-87fc6cd1d002_img01.png,D:\FR\IGD\IPCC internship\output\nytimes\nytimes_images\nytimes_images_dataviz\nytimes_2023-12-26_75b54c66-077f-51fe-b91a-87fc6cd1d002_img01.png,2023-12-26,1,PNG,600,400
removed_from_dedup,nytimes_thumbnail_duplicate,D:\FR\IGD\IPCC internship\output\nytimes\nytimes_images\nytimes_images_dataviz\nytimes_2023-12-26_75b54c66-077f-51fe-b91a-87fc6cd1d002_img02.png,D:\FR\IGD\IPCC internship\output\nytimes\nytimes_images\nytimes_images_dataviz\nytimes_2023-12-26_75b54c66-077f-51fe-b91a-87fc6cd1d002_img01.png,2023-12-26,2,PNG,75,75
kept,,D:\FR\IGD\IPCC internship\output\nytimes\nytimes_images\nytimes_images_dataviz\nytimes_2023-12-29_7ecc1b7f-d9a6-5993-9218-2dbceffb8e98_img02.jpg,D:\FR\IGD\IPCC internship\output\nytimes\nytimes_images\nytimes_images_dataviz\nytimes_2023-12-29_7ecc1b7f-d9a6-5993-9218-2dbceffb8e98_img02.jpg,2023-12-29,2,JPEG,75,75
kept,,D:\FR\IGD\IPCC internship\output\nytimes\nytimes_images\nytimes_images_dataviz\nytimes_2023-12-30_b42cb776-6097-5892-9bd0-d1a109a3e33c_img01.jpg,D:\FR\IGD\IPCC internship\output\nytimes\nytimes_images\nytimes_images_dataviz\nytimes_2023-12-30_b42cb776-6097-5892-9bd0-d1a109a3e33c_img01.jpg,2023-12-30,1,JPEG,600,400
removed_from_dedup,nytimes_thumbnail_duplicate,D:\FR\IGD\IPCC internship\output\nytimes\nytimes_images\nytimes_images_dataviz\nytimes_2023-12-30_b42cb776-6097-5892-9bd0-d1a109a3e33c_img02.jpg,D:\FR\IGD\IPCC internship\output\nytimes\nytimes_images\nytimes_images_dataviz\nytimes_2023-12-30_b42cb776-6097-5892-9bd0-d1a109a3e33c_img01.jpg,2023-12-30,2,JPEG,75,75
kept,,D:\FR\IGD\IPCC internship\output\nytimes\nytimes_images\nytimes_images_dataviz\nytimes_2024-02-01_11ab4828-c79a-50e8-b7ba-4eaa6d27cecb_img01.png,D:\FR\IGD\IPCC internship\output\nytimes\nytimes_images\nytimes_images_dataviz\nytimes_2024-02-01_11ab4828-c79a-50e8-b7ba-4eaa6d27cecb_img01.png,2024-02-01,1,PNG,600,440
removed_from_dedup,nytimes_thumbnail_duplicate,D:\FR\IGD\IPCC internship\output\nytimes\nytimes_images\nytimes_images_dataviz\nytimes_2024-02-01_11ab4828-c79a-50e8-b7ba-4eaa6d27cecb_img02.png,D:\FR\IGD\IPCC internship\output\nytimes\nytimes_images\nytimes_images_dataviz\nytimes_2024-02-01_11ab4828-c79a-50e8-b7ba-4eaa6d27cecb_img01.png,2024-02-01,2,PNG,75,75
kept,,D:\FR\IGD\IPCC internship\output\nytimes\nytimes_images\nytimes_images_dataviz\nytimes_2024-04-20_494fa4e3-bf10-5c21-8994-ea36f4eee712_img01.png,D:\FR\IGD\IPCC internship\output\nytimes\nytimes_images\nytimes_images_dataviz\nytimes_2024-04-20_494fa4e3-bf10-5c21-8994-ea36f4eee712_img01.png,2024-04-20,1,PNG,600,400
removed_from_dedup,nytimes_thumbnail_duplicate,D:\FR\IGD\IPCC internship\output\nytimes\nytimes_images\nytimes_images_dataviz\nytimes_2024-04-20_494fa4e3-bf10-5c21-8994-ea36f4eee712_img02.png,D:\FR\IGD\IPCC internship\output\nytimes\nytimes_images\nytimes_images_dataviz\nytimes_2024-04-20_494fa4e3-bf10-5c21-8994-ea36f4eee712_img01.png,2024-04-20,2,PNG,75,75
kept,,D:\FR\IGD\IPCC internship\output\nytimes\nytimes_images\nytimes_images_dataviz\nytimes_2024-08-11_7db7a662-415a-5f69-818a-b54b2c71472a_img01.png,D:\FR\IGD\IPCC internship\output\nytimes\nytimes_images\nytimes_images_dataviz\nytimes_2024-08-11_7db7a662-415a-5f69-818a-b54b2c71472a_img01.png,2024-08-11,1,PNG,600,400
removed_from_dedup,nytimes_thumbnail_duplicate,D:\FR\IGD\IPCC internship\output\nytimes\nytimes_images\nytimes_images_dataviz\nytimes_2024-08-11_7db7a662-415a-5f69-818a-b54b2c71472a_img02.png,D:\FR\IGD\IPCC internship\output\nytimes\nytimes_images\nytimes_images_dataviz\nytimes_2024-08-11_7db7a662-415a-5f69-818a-b54b2c71472a_img01.png,2024-08-11,2,PNG,75,75
kept,,D:\FR\IGD\IPCC internship\output\nytimes\nytimes_images\nytimes_images_dataviz\nytimes_2024-11-14_2bd33be7-781b-59a4-9ae3-0e499992642a_img01.png,D:\FR\IGD\IPCC internship\output\nytimes\nytimes_images\nytimes_images_dataviz\nytimes_2024-11-14_2bd33be7-781b-59a4-9ae3-0e499992642a_img01.png,2024-11-14,1,PNG,600,400
removed_from_dedup,nytimes_thumbnail_duplicate,D:\FR\IGD\IPCC internship\output\nytimes\nytimes_images\nytimes_images_dataviz\nytimes_2024-11-14_2bd33be7-781b-59a4-9ae3-0e499992642a_img02.png,D:\FR\IGD\IPCC internship\output\nytimes\nytimes_images\nytimes_images_dataviz\nytimes_2024-11-14_2bd33be7-781b-59a4-9ae3-0e499992642a_img01.png,2024-11-14,2,PNG,75,75
kept,,D:\FR\IGD\IPCC internship\output\nytimes\nytimes_images\nytimes_images_dataviz\nytimes_2024-12-18_da51724e-3e29-5035-a4f2-a7c43d6516c7_img01.jpg,D:\FR\IGD\IPCC internship\output\nytimes\nytimes_images\nytimes_images_dataviz\nytimes_2024-12-18_da51724e-3e29-5035-a4f2-a7c43d6516c7_img01.jpg,2024-12-18,1,JPEG,600,400
removed_from_dedup,nytimes_thumbnail_duplicate,D:\FR\IGD\IPCC internship\output\nytimes\nytimes_images\nytimes_images_dataviz\nytimes_2024-12-18_da51724e-3e29-5035-a4f2-a7c43d6516c7_img02.jpg,D:\FR\IGD\IPCC internship\output\nytimes\nytimes_images\nytimes_images_dataviz\nytimes_2024-12-18_da51724e-3e29-5035-a4f2-a7c43d6516c7_img01.jpg,2024-12-18,2,JPEG,75,75
kept,,D:\FR\IGD\IPCC internship\output\nytimes\nytimes_images\nytimes_images_dataviz\nytimes_2024-12-29_e72570f2-5665-58ba-ba5c-3eb811eb0912_img02.jpg,D:\FR\IGD\IPCC internship\output\nytimes\nytimes_images\nytimes_images_dataviz\nytimes_2024-12-29_e72570f2-5665-58ba-ba5c-3eb811eb0912_img02.jpg,2024-12-29,2,JPEG,75,75
kept,,D:\FR\IGD\IPCC internship\output\nytimes\nytimes_images\nytimes_images_dataviz\nytimes_2025-01-10_2ef9b448-b4d0-57d4-a5d0-6e842e24e90b_img01.png,D:\FR\IGD\IPCC internship\output\nytimes\nytimes_images\nytimes_images_dataviz\nytimes_2025-01-10_2ef9b448-b4d0-57d4-a5d0-6e842e24e90b_img01.png,2025-01-10,1,PNG,600,400
removed_from_dedup,nytimes_thumbnail_duplicate,D:\FR\IGD\IPCC internship\output\nytimes\nytimes_images\nytimes_images_dataviz\nytimes_2025-01-10_2ef9b448-b4d0-57d4-a5d0-6e842e24e90b_img02.png,D:\FR\IGD\IPCC internship\output\nytimes\nytimes_images\nytimes_images_dataviz\nytimes_2025-01-10_2ef9b448-b4d0-57d4-a5d0-6e842e24e90b_img01.png,2025-01-10,2,PNG,75,75
kept,,D:\FR\IGD\IPCC internship\output\nytimes\nytimes_images\nytimes_images_dataviz\nytimes_2025-09-04_ad949682-f320-5196-b6a1-f045210128be_img01.jpg,D:\FR\IGD\IPCC internship\output\nytimes\nytimes_images\nytimes_images_dataviz\nytimes_2025-09-04_ad949682-f320-5196-b6a1-f045210128be_img01.jpg,2025-09-04,1,JPEG,600,400
removed_from_dedup,nytimes_thumbnail_duplicate,D:\FR\IGD\IPCC internship\output\nytimes\nytimes_images\nytimes_images_dataviz\nytimes_2025-09-04_ad949682-f320-5196-b6a1-f045210128be_img02.jpg,D:\FR\IGD\IPCC internship\output\nytimes\nytimes_images\nytimes_images_dataviz\nytimes_2025-09-04_ad949682-f320-5196-b6a1-f045210128be_img01.jpg,2025-09-04,2,JPEG,75,75
kept,,D:\FR\IGD\IPCC internship\output\nytimes\nytimes_images\nytimes_images_dataviz\nytimes_2025-10-15_e1688cb4-90bf-5131-a117-9a25b103dfb5_img01.jpg,D:\FR\IGD\IPCC internship\output\nytimes\nytimes_images\nytimes_images_dataviz\nytimes_2025-10-15_e1688cb4-90bf-5131-a117-9a25b103dfb5_img01.jpg,2025-10-15,1,JPEG,600,400
removed_from_dedup,nytimes_thumbnail_duplicate,D:\FR\IGD\IPCC internship\output\nytimes\nytimes_images\nytimes_images_dataviz\nytimes_2025-10-15_e1688cb4-90bf-5131-a117-9a25b103dfb5_img02.jpg,D:\FR\IGD\IPCC internship\output\nytimes\nytimes_images\nytimes_images_dataviz\nytimes_2025-10-15_e1688cb4-90bf-5131-a117-9a25b103dfb5_img01.jpg,2025-10-15,2,JPEG,75,75
kept,,D:\FR\IGD\IPCC internship\output\nytimes\nytimes_images\nytimes_images_dataviz\nytimes_2025-11-10_09e961c4-6641-51d3-b218-45da80b7e767_img02.png,D:\FR\IGD\IPCC internship\output\nytimes\nytimes_images\nytimes_images_dataviz\nytimes_2025-11-10_09e961c4-6641-51d3-b218-45da80b7e767_img02.png,2025-11-10,2,PNG,75,75
