article_id,newspaper,year_window,search_term,article_title,article_url,published_date,updated_date,image_index,image_url,local_image_path,caption,credit,positive_chart_signal_count,positive_chart_signals,negative_photo_signal_count,negative_photo_signals,review_priority,auto_review_label,dedup_image_path,metadata_source_csv
guardian_8e43057087,The Guardian,2013,"""global temperature""","Hottest on record: 2012 was America's warmest ever year, scientists say",https://www.theguardian.com/environment/2013/jan/08/hottest-on-record-2012-america,2013-01-08,2021-08-25,2,https://i.guim.co.uk/img/static/sys-images/Guardian/Pix/audio/video/2013/1/8/1357678195969/Record-temperatures-US-001.jpg?width=445&dpr=1&s=none&crop=none,../Scripts/output/guardian/guardian_images/guardian_2013-01-08_guardian_8e43057087_img02.jpg,"Record temperatures, US. Photograph: NOAA/NCDC",,1,graph,3,photo|photograph|video,0,likely_visualization,D:\FR\IGD\IPCC internship\output\guardian\guardian_images\guardian_images_dataviz_dedup\guardian_2013-01-08_guardian_8e43057087_img02.jpg,D:\FR\IGD\IPCC internship\output\guardian\guardian_images_2013.csv
guardian_b7866bb156,The Guardian,2013,"""global temperature""",Global warming: has the rise in temperatures 'paused'? – as it happened,https://www.theguardian.com/environment/blog/2013/jan/09/global-warming-met-office-paused,2013-01-10,2022-05-24,1,https://i.guim.co.uk/img/static/sys-images/Guardian/Pix/pictures/2013/1/9/1357729984401/-570.png?width=465&dpr=1&s=none&crop=none,../Scripts/output/guardian/guardian_images/guardian_2013-01-10_guardian_b7866bb156_img01.png,"Met Office's global annual temperature decadal forecast. Published December, 2011 Photograph: Met Office Photograph: /Met Office",,1,graph,2,photo|photograph,0,likely_visualization,D:\FR\IGD\IPCC internship\output\guardian\guardian_images\guardian_images_dataviz_dedup\guardian_2013-01-10_guardian_b7866bb156_img01.jpg,D:\FR\IGD\IPCC internship\output\guardian\guardian_images_2013.csv
guardian_a9bb4437ce,The Guardian,2013,"""global temperature""","2012 among the 10 warmest years on record, figures show",https://www.theguardian.com/environment/2013/jan/16/2012-10-warmest-years-on-record,2013-01-16,2021-08-25,1,https://i.guim.co.uk/img/static/sys-images/Environment/Pix/columnists/2013/1/16/1358337238983/Global-Temperatures--Long-008.jpg?width=445&dpr=1&s=none&crop=none,../Scripts/output/guardian/guardian_images/guardian_2013-01-16_guardian_a9bb4437ce_img01.jpg,"According to an ongoing temperature analysis conducted by scientists at NASA, the average global temperature on Earth has increased by about 0.8C (1.4F) since 1880, (left 1880-1889) compared to today (right 2000-2009). Photograph: GISS/NASA",,1,graph,2,photo|photograph,0,likely_visualization,D:\FR\IGD\IPCC internship\output\guardian\guardian_images\guardian_images_dataviz_dedup\guardian_2013-01-16_guardian_a9bb4437ce_img01.jpg,D:\FR\IGD\IPCC internship\output\guardian\guardian_images_2013.csv
guardian_8c4e336da4,The Guardian,2013,"""carbon budget""",China and Australia top list of 'carbon bomb' projects,https://www.theguardian.com/environment/2013/jan/22/china-australia-carbon-bomb,2013-01-22,2021-08-25,2,https://i.guim.co.uk/img/static/sys-images/Environment/Pix/pictures/2013/1/22/1358855083968/Carbon-bombs-map-001.jpg?width=445&dpr=1&s=none&crop=none,../Scripts/output/guardian/guardian_images/guardian_2013-01-22_guardian_8c4e336da4_img02.jpg,Carbon bombs map Photograph: guardian.co.uk,,2,graph|map,3,ap photo|photo|photograph,0,likely_visualization,D:\FR\IGD\IPCC internship\output\guardian\guardian_images\guardian_images_dataviz_dedup\guardian_2013-01-22_guardian_8c4e336da4_img02.jpg,D:\FR\IGD\IPCC internship\output\guardian\guardian_images_2013.csv
guardian_55b032a9d8,The Guardian,2013,"""global temperature""",Global warming predictions prove accurate,https://www.theguardian.com/environment/2013/mar/27/climate-change-model-global-warming,2013-03-27,2021-08-25,2,https://i.guim.co.uk/img/static/sys-images/Environment/Pix/columnists/2013/3/27/1364398212810/-Climate-forecast-and-obs-001.jpg?width=445&dpr=1&s=none&crop=none,../Scripts/output/guardian/guardian_images/guardian_2013-03-27_guardian_55b032a9d8_img02.jpg,The climate forecast published in 1999 is showed by the dashed black line. Actual temperatures are shown by the red line (as a 10-year mean) and yellow diamonds (for individual years). The graph shows that temperatures rose somewhat faster than predicted in the early 2000s before returning to the forecasted trend in the last few years. Photograph: Nature Geoscience,,1,graph,2,photo|photograph,0,likely_visualization,D:\FR\IGD\IPCC internship\output\guardian\guardian_images\guardian_images_dataviz_dedup\guardian_2013-03-27_guardian_55b032a9d8_img02.jpg,D:\FR\IGD\IPCC internship\output\guardian\guardian_images_2013.csv
guardian_cfc881c860,The Guardian,2013,"""global temperature""",Why can't we quit fossil fuels?,https://www.theguardian.com/environment/2013/apr/17/why-cant-we-give-up-fossil-fuels,2013-04-17,2021-08-25,3,https://i.guim.co.uk/img/static/sys-images/Guardian/Pix/pictures/2013/4/17/1366219149837/C02-emissions-since-1850--001.jpg?width=445&dpr=1&s=none&crop=none,../Scripts/output/guardian/guardian_images/guardian_2013-04-17_guardian_cfc881c860_img03.jpg,CO2 emissions since 1850 (red); exponential growth (blue); cuts to hit climate target (dashed). Photograph: guardian.co.uk,,1,graph,2,photo|photograph,0,likely_visualization,D:\FR\IGD\IPCC internship\output\guardian\guardian_images\guardian_images_dataviz_dedup\guardian_2013-04-17_guardian_cfc881c860_img03.jpg,D:\FR\IGD\IPCC internship\output\guardian\guardian_images_2013.csv
guardian_5d0a9b953d,The Guardian,2013,"""global temperature""",How the burning of fossil fuels was linked to a warming world in 1938,https://www.theguardian.com/environment/blog/2013/apr/22/guy-callendar-climate-fossil-fuels,2013-04-22,2021-08-25,2,https://i.guim.co.uk/img/static/sys-images/Environment/Pix/columnists/2013/4/22/1366634505406/Leo-blog-about-climatolog-006.jpg?width=445&dpr=1&s=none&crop=none,../Scripts/output/guardian/guardian_images/guardian_2013-04-22_guardian_5d0a9b953d_img02.jpg,"Comparing historical reconstructions of near-global land temperatures using CRUTEM4 (black, Jones et al. 2012) with Callendar (1938) (red) and Callendar (1961) (blue), using a reference period of 1880-1935. The CRUTEM4 estimates are for 60◦S-60◦N (to accord with Callendar’s series), with grey shading representing the 95% uncertainty. Image: Ed Hawkins and Phil D. Jones",,0,,0,,1,broad_candidate,D:\FR\IGD\IPCC internship\output\guardian\guardian_images\guardian_images_dataviz_dedup\guardian_2013-04-22_guardian_5d0a9b953d_img02.jpg,D:\FR\IGD\IPCC internship\output\guardian\guardian_images_2013.csv
guardian_8df57908c2,The Guardian,2013,IPCC,Survey finds 97% of climate science papers agree warming is man-made,https://www.theguardian.com/environment/climate-consensus-97-per-cent/2013/may/16/climate-change-scienceofclimatechange,2013-05-16,2021-08-25,2,https://i.guim.co.uk/img/static/sys-images/Guardian/Pix/pictures/2013/5/15/1368580771612/Endorsements.jpg?width=445&dpr=1&s=none&crop=none,../Scripts/output/guardian/guardian_images/guardian_2013-05-16_guardian_8df57908c2_img02.jpg,The growth of the scientific consensus on human-caused global warming in the peer-reviewed literature from 1991 to 2011,,0,,0,,1,broad_candidate,D:\FR\IGD\IPCC internship\output\guardian\guardian_images\guardian_images_dataviz_dedup\guardian_2013-05-16_guardian_8df57908c2_img02.jpg,D:\FR\IGD\IPCC internship\output\guardian\guardian_images_2013.csv
guardian_8df57908c2,The Guardian,2013,IPCC,Survey finds 97% of climate science papers agree warming is man-made,https://www.theguardian.com/environment/climate-consensus-97-per-cent/2013/may/16/climate-change-scienceofclimatechange,2013-05-16,2021-08-25,3,https://i.guim.co.uk/img/static/sys-images/Guardian/Pix/pictures/2013/4/30/1367296788971/Attribution50_450pix.jpg?width=445&dpr=1&s=none&crop=none,../Scripts/output/guardian/guardian_images/guardian_2013-05-16_guardian_8df57908c2_img03.jpg,Summary of results from 8 studies of the causes of global warming.,,0,,0,,1,broad_candidate,D:\FR\IGD\IPCC internship\output\guardian\guardian_images\guardian_images_dataviz_dedup\guardian_2013-05-16_guardian_8df57908c2_img03.jpg,D:\FR\IGD\IPCC internship\output\guardian\guardian_images_2013.csv
guardian_b36f42dcaf,The Guardian,2013,"""global temperature""",Zombie climate sceptic theories survive only in newspapers and on TV,https://www.theguardian.com/environment/planet-oz/2013/may/17/zombie-climate-sceptic-theories-newspapers-tv,2013-05-17,2021-08-25,2,https://i.guim.co.uk/img/static/sys-images/Guardian/Pix/pictures/2013/5/16/1368700916681/sks_abstracts.jpg?width=445&dpr=1&s=none&crop=none,../Scripts/output/guardian/guardian_images/guardian_2013-05-17_guardian_b36f42dcaf_img02.jpg,The numbers of scientific papers rejecting anthropogenic global warming remains miniscule for 20 years,,0,,0,,1,broad_candidate,D:\FR\IGD\IPCC internship\output\guardian\guardian_images\guardian_images_dataviz_dedup\guardian_2013-05-17_guardian_b36f42dcaf_img02.jpg,D:\FR\IGD\IPCC internship\output\guardian\guardian_images_2013.csv
guardian_c4c5b5e6b3,The Guardian,2013,IPCC,Woolwich: new video shows suspect charging at police,https://www.theguardian.com/uk/blog/2013/may/24/woolwich-new-video-shows-suspect-charging-at-police-live-updates,2013-05-24,2017-09-15,2,https://i.guim.co.uk/img/static/sys-images/Guardian/Pix/pictures/2013/5/24/1369402444151/d6e701bc-6f47-4cd8-b98d-d3d8e6b749ae-1024x768.png?width=465&dpr=1&s=none&crop=none,../Scripts/output/guardian/guardian_images/guardian_2013-05-24_guardian_c4c5b5e6b3_img02.png,The route of a plane diverted today from Manchester to Stansted. Photograph: Flightradar24 Photograph: Flightradar24,,1,graph,3,photo|photograph|video,0,likely_visualization,D:\FR\IGD\IPCC internship\output\guardian\guardian_images\guardian_images_dataviz_dedup\guardian_2013-05-24_guardian_c4c5b5e6b3_img02.jpg,D:\FR\IGD\IPCC internship\output\guardian\guardian_images_2013.csv
guardian_4c11daf69f,The Guardian,2013,IPCC,Silver linings in the IEA report on 2012 fossil fuel carbon emissions,https://www.theguardian.com/environment/climate-consensus-97-per-cent/2013/jun/11/climate-change-carbon-emissions-iea-silver-lining,2013-06-11,2021-08-25,2,https://i.guim.co.uk/img/static/sys-images/Guardian/Pix/pictures/2013/6/11/1370910532543/ChinaElectricityCo2.jpg?width=445&dpr=1&s=none&crop=none,../Scripts/output/guardian/guardian_images/guardian_2013-06-11_guardian_4c11daf69f_img02.jpg,Chinese CO2 emissions per unit of electricity generation since 2000,,0,,0,,1,broad_candidate,D:\FR\IGD\IPCC internship\output\guardian\guardian_images\guardian_images_dataviz_dedup\guardian_2013-06-11_guardian_4c11daf69f_img02.jpg,D:\FR\IGD\IPCC internship\output\guardian\guardian_images_2013.csv
guardian_4c11daf69f,The Guardian,2013,IPCC,Silver linings in the IEA report on 2012 fossil fuel carbon emissions,https://www.theguardian.com/environment/climate-consensus-97-per-cent/2013/jun/11/climate-change-carbon-emissions-iea-silver-lining,2013-06-11,2021-08-25,3,https://i.guim.co.uk/img/static/sys-images/Guardian/Pix/pictures/2013/6/11/1370911125449/IEA_IPCC_2012_450pix.jpg?width=445&dpr=1&s=none&crop=none,../Scripts/output/guardian/guardian_images/guardian_2013-06-11_guardian_4c11daf69f_img03.jpg,IEA emissions vs. IPCC scenarios,,0,,0,,1,broad_candidate,D:\FR\IGD\IPCC internship\output\guardian\guardian_images\guardian_images_dataviz_dedup\guardian_2013-06-11_guardian_4c11daf69f_img03.jpg,D:\FR\IGD\IPCC internship\output\guardian\guardian_images_2013.csv
guardian_5727e9f393,The Guardian,2013,"""global temperature""",Climate change – what next after the 2C boundary?,https://www.theguardian.com/science/political-science/2013/jun/11/science-policy1,2013-06-11,2017-05-09,1,https://i.guim.co.uk/img/static/sys-images/Environment/Pix/columnists/2013/6/11/1370942577667/global-temperature-anomal-008.jpg?width=465&dpr=1&s=none&crop=none,../Scripts/output/guardian/guardian_images/guardian_2013-06-11_guardian_5727e9f393_img01.jpg,"Global temperature anomalies for 2000-2009, with the Arctic 2°C warmer. The planetary boundary more widely is about to be broken. Photograph: NASA",,1,graph,2,photo|photograph,0,likely_visualization,D:\FR\IGD\IPCC internship\output\guardian\guardian_images\guardian_images_dataviz_dedup\guardian_2013-06-11_guardian_5727e9f393_img01.jpg,D:\FR\IGD\IPCC internship\output\guardian\guardian_images_2013.csv
guardian_bd0ed19675,The Guardian,2013,IPCC,The Heartland Institute's skeptical Chinese fantasy,https://www.theguardian.com/environment/climate-consensus-97-per-cent/2013/jun/14/climate-change-heartland-chinese-academy-sciences,2013-06-14,2021-08-25,3,https://i.guim.co.uk/img/static/sys-images/Guardian/Pix/pictures/2013/6/14/1371188004371/ClimateConsensusAndResistance2.jpg?width=445&dpr=1&s=none&crop=none,../Scripts/output/guardian/guardian_images/guardian_2013-06-14_guardian_bd0ed19675_img03.jpg,Cook et al. (2013) 97% consensus results and notable anti-consensus campaigns. Image by John Garrett,,1,table,0,,0,likely_visualization,D:\FR\IGD\IPCC internship\output\guardian\guardian_images\guardian_images_dataviz_dedup\guardian_2013-06-14_guardian_bd0ed19675_img03.jpg,D:\FR\IGD\IPCC internship\output\guardian\guardian_images_2013.csv
guardian_610096c0b0,The Guardian,2013,"""sea level rise""",Is Obama's climate plan enough to 'stop the planet being beyond fixing'?,https://www.theguardian.com/environment/blog/2013/jun/26/barack-obama-climate-action-plan,2013-06-26,2017-07-14,1,https://i.guim.co.uk/img/static/sys-images/Guardian/Pix/pictures/2013/6/26/1372250961619/5a0b7505-57f9-4b08-b847-4b8a9199ddaf-bestSizeAvailable.png?width=465&dpr=1&s=none&crop=none,../Scripts/output/guardian/guardian_images/guardian_2013-06-26_guardian_610096c0b0_img01.png,"US energy-related CO2 emissions, 1973-2040 Photograph: Washington Post Photograph: Washington Post",,1,graph,2,photo|photograph,0,likely_visualization,D:\FR\IGD\IPCC internship\output\guardian\guardian_images\guardian_images_dataviz_dedup\guardian_2013-06-26_guardian_610096c0b0_img01.jpg,D:\FR\IGD\IPCC internship\output\guardian\guardian_images_2013.csv
guardian_1d9d5bad4c,The Guardian,2013,IPCC,Andrew Neil - these are your climate errors on BBC Sunday Politics,https://www.theguardian.com/environment/climate-consensus-97-per-cent/2013/jul/17/climate-change-scepticism-andrew-neil-ed-davey,2013-07-17,2021-08-25,2,https://i.guim.co.uk/img/static/sys-images/Guardian/Pix/pictures/2013/7/16/1373935073040/hist_self_abstract_450.jpg?width=445&dpr=1&s=none&crop=none,../Scripts/output/guardian/guardian_images/guardian_2013-07-17_guardian_1d9d5bad4c_img02.jpg,"Histogram of Abstract Rating (expressed in percentages) minus Self-Rating. 1–3 = endorsed human-caused global warming, 4 = no expressed position, 5–7 = rejected human-caused global warming. Green bars are where self-ratings have a higher level of endorsement of human-caused global warming than the abstract rating. Red bars are where self-ratings have a lower level of endorsement of human-caused global warming than the abstract rating.",,0,,0,,1,broad_candidate,D:\FR\IGD\IPCC internship\output\guardian\guardian_images\guardian_images_dataviz_dedup\guardian_2013-07-17_guardian_1d9d5bad4c_img02.jpg,D:\FR\IGD\IPCC internship\output\guardian\guardian_images_2013.csv
guardian_1d9d5bad4c,The Guardian,2013,IPCC,Andrew Neil - these are your climate errors on BBC Sunday Politics,https://www.theguardian.com/environment/climate-consensus-97-per-cent/2013/jul/17/climate-change-scepticism-andrew-neil-ed-davey,2013-07-17,2021-08-25,4,https://i.guim.co.uk/img/static/sys-images/Guardian/Pix/pictures/2013/7/17/1374020042661/SkepticView450.jpg?width=445&dpr=1&s=none&crop=none,../Scripts/output/guardian/guardian_images/guardian_2013-07-17_guardian_1d9d5bad4c_img04.jpg,Source: Climate Nexus,Climate Nexus,1,source:,0,,0,likely_visualization,D:\FR\IGD\IPCC internship\output\guardian\guardian_images\guardian_images_dataviz_dedup\guardian_2013-07-17_guardian_1d9d5bad4c_img04.jpg,D:\FR\IGD\IPCC internship\output\guardian\guardian_images_2013.csv
guardian_56c78de709,The Guardian,2013,IPCC,"Climate change slowdown is due to warming of deep oceans, say scientists",https://www.theguardian.com/science/2013/jul/22/climate-change-slowdown-warming-oceans,2013-07-22,2021-08-25,1,https://i.guim.co.uk/img/static/sys-images/Environment/Pix/columnists/2010/2/4/1265280195608/Michael-Manns-graph-of-te-002.jpg?width=465&dpr=1&s=none&crop=none,../Scripts/output/guardian/guardian_images/guardian_2013-07-22_guardian_56c78de709_img01.jpg,Temperature in the northern hemisphere since 1000 CE. Natural variation in the climate cycle does not contradict climate scientists' predictions. Graph: IPCC report,,1,graph,0,,0,likely_visualization,D:\FR\IGD\IPCC internship\output\guardian\guardian_images\guardian_images_dataviz_dedup\guardian_2013-07-22_guardian_56c78de709_img01.jpg,D:\FR\IGD\IPCC internship\output\guardian\guardian_images_2013.csv
guardian_d950a68ea3,The Guardian,2013,"""global temperature""",The climate change policy discussion I wish Andrew Neil would have on BBC,https://www.theguardian.com/environment/climate-consensus-97-per-cent/2013/jul/23/climate-change-andrew-neil-bbc-errors-take2,2013-07-23,2021-08-25,2,https://i.guim.co.uk/img/static/sys-images/Guardian/Pix/pictures/2013/7/23/1374538609091/bau_future_warming450.jpg?width=445&dpr=1&s=none&crop=none,../Scripts/output/guardian/guardian_images/guardian_2013-07-23_guardian_d950a68ea3_img02.jpg,"This graph shows that even at the lowest range of climate sensitivity, future global warming will take us well beyond any temperature experienced during civilized human history. The blue line represents reconstructed temperature. The red line represents measured and projected global surface temperature. The red dots show the projected warming in the year 2100 for three different climate sensitivities (high sensitivity 4.5°C, most likely sensitivity 3°C, low sensitivity 1.5°C).",,1,graph,0,,0,likely_visualization,D:\FR\IGD\IPCC internship\output\guardian\guardian_images\guardian_images_dataviz_dedup\guardian_2013-07-23_guardian_d950a68ea3_img02.jpg,D:\FR\IGD\IPCC internship\output\guardian\guardian_images_2013.csv
guardian_d950a68ea3,The Guardian,2013,"""global temperature""",The climate change policy discussion I wish Andrew Neil would have on BBC,https://www.theguardian.com/environment/climate-consensus-97-per-cent/2013/jul/23/climate-change-andrew-neil-bbc-errors-take2,2013-07-23,2021-08-25,4,https://i.guim.co.uk/img/static/sys-images/Guardian/Pix/pictures/2013/7/23/1374540452775/Nuccitelli_OHC_450.jpg?width=445&dpr=1&s=none&crop=none,../Scripts/output/guardian/guardian_images/guardian_2013-07-23_guardian_d950a68ea3_img04.jpg,Global heat accumulation from Nuccitelli et al. (2012),,0,,0,,1,broad_candidate,D:\FR\IGD\IPCC internship\output\guardian\guardian_images\guardian_images_dataviz_dedup\guardian_2013-07-23_guardian_d950a68ea3_img04.jpg,D:\FR\IGD\IPCC internship\output\guardian\guardian_images_2013.csv
guardian_d950a68ea3,The Guardian,2013,"""global temperature""",The climate change policy discussion I wish Andrew Neil would have on BBC,https://www.theguardian.com/environment/climate-consensus-97-per-cent/2013/jul/23/climate-change-andrew-neil-bbc-errors-take2,2013-07-23,2021-08-25,5,https://i.guim.co.uk/img/static/sys-images/Guardian/Pix/pictures/2013/7/23/1374542046038/SeaIceExtent450.jpg?width=445&dpr=1&s=none&crop=none,../Scripts/output/guardian/guardian_images/guardian_2013-07-23_guardian_d950a68ea3_img05.jpg,Average July through September Arctic sea ice extent 1870–2008 from the University of Illinois and observational data from the National Snow and Ice Data Center for 2009–2012,,1,data,0,,0,likely_visualization,D:\FR\IGD\IPCC internship\output\guardian\guardian_images\guardian_images_dataviz_dedup\guardian_2013-07-23_guardian_d950a68ea3_img05.jpg,D:\FR\IGD\IPCC internship\output\guardian\guardian_images_2013.csv
guardian_b5d78debaf,The Guardian,2013,IPCC,How extreme will future heatwaves be? Choose your own adventure,https://www.theguardian.com/environment/climate-consensus-97-per-cent/2013/aug/21/climate-change-extreme-heat,2013-08-21,2021-08-25,2,https://i.guim.co.uk/img/static/sys-images/Guardian/Pix/pictures/2013/8/20/1376959569715/CR13Fig3_450.jpg?width=445&dpr=1&s=none&crop=none,../Scripts/output/guardian/guardian_images/guardian_2013-08-21_guardian_b5d78debaf_img02.jpg,Figure 1: Multi-model mean of the percentage of boreal summer months in the time period 2071–2099 with temperatures beyond 3-sigma (top) and 5-sigma (bottom) under low emissions scenario RCP2.6 (left) and high emissions RCP8.5 (right).,,0,,0,,1,broad_candidate,D:\FR\IGD\IPCC internship\output\guardian\guardian_images\guardian_images_dataviz_dedup\guardian_2013-08-21_guardian_b5d78debaf_img02.jpg,D:\FR\IGD\IPCC internship\output\guardian\guardian_images_2013.csv
guardian_57d34762e9,The Guardian,2013,"""sea level rise""","Cooling Pacific has dampened global warming, research shows",https://www.theguardian.com/environment/2013/aug/28/cooling-pacific-dampened-global-warming,2013-08-28,2021-08-25,2,https://i.guim.co.uk/img/static/sys-images/Environment/Pix/pictures/2013/8/28/1377701081220/Global-temperature-rise-001.jpg?width=445&dpr=1&s=none&crop=none,../Scripts/output/guardian/guardian_images/guardian_2013-08-28_guardian_57d34762e9_img02.jpg,Global temperature rise Photograph: Guardian,,1,graph,2,photo|photograph,0,likely_visualization,D:\FR\IGD\IPCC internship\output\guardian\guardian_images\guardian_images_dataviz_dedup\guardian_2013-08-28_guardian_57d34762e9_img02.jpg,D:\FR\IGD\IPCC internship\output\guardian\guardian_images_2013.csv
guardian_3c4c1d71dc,The Guardian,2013,"""global temperature""",The Pacific Ocean fills in another piece of the global warming puzzle,https://www.theguardian.com/environment/climate-consensus-97-per-cent/2013/sep/03/global-warming-pacific-ocean-puzzle-piece,2013-09-03,2021-08-25,2,https://i.guim.co.uk/img/static/sys-images/Guardian/Pix/pictures/2013/8/30/1377826909810/Nature1a_450.jpg?width=445&dpr=1&s=none&crop=none,../Scripts/output/guardian/guardian_images/guardian_2013-09-03_guardian_3c4c1d71dc_img02.jpg,This graph shows the good match between temperatures in the Nature paper model (in red) and measured temperatures (in black). Just accounting for human and solar climate influences doesn't reproduce the recent surface warming slowdown (in purple).,,1,graph,0,,0,likely_visualization,D:\FR\IGD\IPCC internship\output\guardian\guardian_images\guardian_images_dataviz_dedup\guardian_2013-09-03_guardian_3c4c1d71dc_img02.jpg,D:\FR\IGD\IPCC internship\output\guardian\guardian_images_2013.csv
guardian_476de0072e,The Guardian,2013,IPCC,How fast is Arctic sea ice melting?,https://www.theguardian.com/environment/2013/sep/18/how-fast-is-arctic-sea-ice-melting,2013-09-18,2021-08-27,3,https://i.guim.co.uk/img/static/sys-images/Guardian/Pix/pictures/2013/9/18/1379521161273/808e920b-cc3f-427c-9060-9b465e8eb4b6-2060x1032.png?width=465&dpr=1&s=none&crop=none,../Scripts/output/guardian/guardian_images/guardian_2013-09-18_guardian_476de0072e_img03.png,Summer temperatures for 2013 compared with data from 1981-2010 and 2007-2012. Photograph: NSIDC Photograph: NSIDC,,2,data|graph,2,photo|photograph,0,likely_visualization,D:\FR\IGD\IPCC internship\output\guardian\guardian_images\guardian_images_dataviz_dedup\guardian_2013-09-18_guardian_476de0072e_img03.jpg,D:\FR\IGD\IPCC internship\output\guardian\guardian_images_2013.csv
guardian_476de0072e,The Guardian,2013,IPCC,How fast is Arctic sea ice melting?,https://www.theguardian.com/environment/2013/sep/18/how-fast-is-arctic-sea-ice-melting,2013-09-18,2021-08-27,5,https://i.guim.co.uk/img/static/sys-images/Guardian/Pix/pictures/2013/9/18/1379506591403/156e447c-bb99-4e49-b3d7-dfcdae403ac9-460x431.jpeg?width=465&dpr=1&s=none&crop=none,../Scripts/output/guardian/guardian_images/guardian_2013-09-18_guardian_476de0072e_img05.jpeg,This year's sea ice minimum compared to the 1981-2010 median. Source: guardian.co.uk Photograph: guardian.co.uk,guardian.co.uk Photograph: guardian.co.uk,2,graph|source:,2,photo|photograph,0,likely_visualization,D:\FR\IGD\IPCC internship\output\guardian\guardian_images\guardian_images_dataviz_dedup\guardian_2013-09-18_guardian_476de0072e_img05.jpg,D:\FR\IGD\IPCC internship\output\guardian\guardian_images_2013.csv
guardian_476de0072e,The Guardian,2013,IPCC,How fast is Arctic sea ice melting?,https://www.theguardian.com/environment/2013/sep/18/how-fast-is-arctic-sea-ice-melting,2013-09-18,2021-08-27,8,https://i.guim.co.uk/img/static/sys-images/Guardian/Pix/pictures/2013/9/18/1379505788749/c8b2546e-9d07-4740-80be-2df61218f7b9-bestSizeAvailable.jpeg?width=465&dpr=1&s=none&crop=none,../Scripts/output/guardian/guardian_images/guardian_2013-09-18_guardian_476de0072e_img08.jpeg,Heat from global warming has been transferred into the ocean during the past thirty years. Complicating observations of warming on the surface. Source: Nuccitelli et al. (2012) Photograph: Nuccitelli et al. (2012),Nuccitelli et al. (2012) Photograph: Nuccitelli et al. (2012),2,graph|source:,2,photo|photograph,0,likely_visualization,D:\FR\IGD\IPCC internship\output\guardian\guardian_images\guardian_images_dataviz_dedup\guardian_2013-09-18_guardian_476de0072e_img08.jpg,D:\FR\IGD\IPCC internship\output\guardian\guardian_images_2013.csv
guardian_476de0072e,The Guardian,2013,IPCC,How fast is Arctic sea ice melting?,https://www.theguardian.com/environment/2013/sep/18/how-fast-is-arctic-sea-ice-melting,2013-09-18,2021-08-27,9,https://i.guim.co.uk/img/static/sys-images/Guardian/Pix/pictures/2013/9/18/1379502242087/e73a3091-e0ae-46fc-a033-64d8a328fe20-bestSizeAvailable.png?width=465&dpr=1&s=none&crop=none,../Scripts/output/guardian/guardian_images/guardian_2013-09-18_guardian_476de0072e_img09.png,The yearly sea ice extent variation can bely the long-term trend. Source: NSIDC Photograph: NSIDC,NSIDC Photograph: NSIDC,2,graph|source:,2,photo|photograph,0,likely_visualization,D:\FR\IGD\IPCC internship\output\guardian\guardian_images\guardian_images_dataviz_dedup\guardian_2013-09-18_guardian_476de0072e_img09.jpg,D:\FR\IGD\IPCC internship\output\guardian\guardian_images_2013.csv
guardian_476de0072e,The Guardian,2013,IPCC,How fast is Arctic sea ice melting?,https://www.theguardian.com/environment/2013/sep/18/how-fast-is-arctic-sea-ice-melting,2013-09-18,2021-08-27,10,https://i.guim.co.uk/img/static/sys-images/Guardian/Pix/pictures/2013/9/18/1379500035599/c87bd0d5-3ddf-4c29-b1c1-5ee2d91b1b7d-bestSizeAvailable.png?width=465&dpr=1&s=none&crop=none,../Scripts/output/guardian/guardian_images/guardian_2013-09-18_guardian_476de0072e_img10.png,Summer sea ice extent for 2012 and 2013. This year's sea ice minimum was the sixth lowest since records began. Photograph: NSIDC Photograph: NSIDC,,1,graph,2,photo|photograph,0,likely_visualization,D:\FR\IGD\IPCC internship\output\guardian\guardian_images\guardian_images_dataviz_dedup\guardian_2013-09-18_guardian_476de0072e_img10.jpg,D:\FR\IGD\IPCC internship\output\guardian\guardian_images_2013.csv
guardian_4b14c5a16a,The Guardian,2013,IPCC,Arctic sea ice shrinks to sixth-lowest extent on record,https://www.theguardian.com/environment/2013/sep/18/arctic-sea-ice-shrinks-record-low,2013-09-18,2021-08-25,2,https://i.guim.co.uk/img/static/sys-images/Environment/Pix/pictures/2013/9/18/1379504585992/Arctic-sea-ice-extent-gra-001.jpg?width=445&dpr=1&s=none&crop=none,../Scripts/output/guardian/guardian_images/guardian_2013-09-18_guardian_4b14c5a16a_img02.jpg,Arctic sea ice extent graph. Photograph: guardian.co.uk,,1,graph,2,photo|photograph,0,likely_visualization,D:\FR\IGD\IPCC internship\output\guardian\guardian_images\guardian_images_dataviz_dedup\guardian_2013-09-18_guardian_4b14c5a16a_img02.jpg,D:\FR\IGD\IPCC internship\output\guardian\guardian_images_2013.csv
guardian_4b14c5a16a,The Guardian,2013,IPCC,Arctic sea ice shrinks to sixth-lowest extent on record,https://www.theguardian.com/environment/2013/sep/18/arctic-sea-ice-shrinks-record-low,2013-09-18,2021-08-25,3,https://i.guim.co.uk/img/static/sys-images/Environment/Pix/pictures/2013/9/18/1379503599693/Arctic-sea-ice-extent-Spe-001.jpg?width=445&dpr=1&s=none&crop=none,../Scripts/output/guardian/guardian_images/guardian_2013-09-18_guardian_4b14c5a16a_img03.jpg,Arctic sea ice extent September 2013. Photograph: guardian.co.uk,,1,graph,2,photo|photograph,0,likely_visualization,D:\FR\IGD\IPCC internship\output\guardian\guardian_images\guardian_images_dataviz_dedup\guardian_2013-09-18_guardian_4b14c5a16a_img03.jpg,D:\FR\IGD\IPCC internship\output\guardian\guardian_images_2013.csv
guardian_62bbe842ff,The Guardian,2013,IPCC,"Arctic sea ice ""recovers"" to its 6th-lowest extent in millennia",https://www.theguardian.com/environment/climate-consensus-97-per-cent/2013/sep/19/climate-change-arctic-ice-sixth-lowest-in-millennia,2013-09-19,2021-08-25,2,https://i.guim.co.uk/img/static/sys-images/Guardian/Pix/pictures/2013/9/19/1379557459907/WalshChapman2013_450.jpg?width=445&dpr=1&s=none&crop=none,../Scripts/output/guardian/guardian_images/guardian_2013-09-19_guardian_62bbe842ff_img02.jpg,Average July through September Arctic sea ice extent 1870–2008 from the University of Illinois (Walsh & Chapman 2001 updated to 2008) and observational data from NSIDC for 2009–2013.,,1,data,0,,0,likely_visualization,D:\FR\IGD\IPCC internship\output\guardian\guardian_images\guardian_images_dataviz_dedup\guardian_2013-09-19_guardian_62bbe842ff_img02.jpg,D:\FR\IGD\IPCC internship\output\guardian\guardian_images_2013.csv
guardian_e1c3c5994e,The Guardian,2013,"""global temperature""",Magical climate contrarian thinking debunked by real science,https://www.theguardian.com/environment/climate-consensus-97-per-cent/2013/sep/23/climate-science-magical-thinking-debunked-by-science,2013-09-23,2021-08-25,2,https://i.guim.co.uk/img/static/sys-images/Guardian/Pix/pictures/2013/9/23/1379891177141/IPCCmodelHindcast450.jpg?width=445&dpr=1&s=none&crop=none,../Scripts/output/guardian/guardian_images/guardian_2013-09-23_guardian_e1c3c5994e_img02.jpg,Global mean near-surface temperatures from observations (black) and as obtained from 58 simulations produced by 14 different climate models driven by both natural and human-caused factors that influence climate in the 2007 IPCC report (yellow). The mean of all these runs is also shown (thick red line). Vertical grey lines indicate the timing of major volcanic eruptions.,,0,,0,,1,broad_candidate,D:\FR\IGD\IPCC internship\output\guardian\guardian_images\guardian_images_dataviz_dedup\guardian_2013-09-23_guardian_e1c3c5994e_img02.jpg,D:\FR\IGD\IPCC internship\output\guardian\guardian_images_2013.csv
guardian_4779145467,The Guardian,2013,"""carbon budget""",IPCC: 30 years to climate calamity if we carry on blowing the carbon budget,https://www.theguardian.com/environment/2013/sep/27/ipcc-world-dangerous-climate-change,2013-09-27,2021-08-25,2,https://i.guim.co.uk/img/static/sys-images/Guardian/About/General/2013/9/27/1380321841299/Climate-graphic-001.jpg?width=445&dpr=1&s=none&crop=none,../Scripts/output/guardian/guardian_images/guardian_2013-09-27_guardian_4779145467_img02.jpg,Credit: Guardian graphics,Guardian graphics,3,graph|graphic|graphics,0,,0,likely_visualization,D:\FR\IGD\IPCC internship\output\guardian\guardian_images\guardian_images_dataviz_dedup\guardian_2013-09-27_guardian_4779145467_img02.jpg,D:\FR\IGD\IPCC internship\output\guardian\guardian_images_2013.csv
guardian_4779145467,The Guardian,2013,"""carbon budget""",IPCC: 30 years to climate calamity if we carry on blowing the carbon budget,https://www.theguardian.com/environment/2013/sep/27/ipcc-world-dangerous-climate-change,2013-09-27,2021-08-25,3,https://i.guim.co.uk/img/static/sys-images/Guardian/About/General/2013/9/27/1380321917468/Sea-levels-graphic-001.jpg?width=445&dpr=1&s=none&crop=none,../Scripts/output/guardian/guardian_images/guardian_2013-09-27_guardian_4779145467_img03.jpg,Credit: Guardian graphics,Guardian graphics,3,graph|graphic|graphics,0,,0,likely_visualization,D:\FR\IGD\IPCC internship\output\guardian\guardian_images\guardian_images_dataviz_dedup\guardian_2013-09-27_guardian_4779145467_img03.jpg,D:\FR\IGD\IPCC internship\output\guardian\guardian_images_2013.csv
guardian_c9c0199a4c,The Guardian,2013,IPCC,Global warming: why is IPCC report so certain about the influence of humans?,https://www.theguardian.com/environment/climate-consensus-97-per-cent/2013/sep/27/global-warming-ipcc-report-humans,2013-09-27,2021-08-25,2,https://i.guim.co.uk/img/static/sys-images/Guardian/Pix/pictures/2013/9/24/1379989426274/Solar_vs_temp_450.jpg?width=445&dpr=1&s=none&crop=none,../Scripts/output/guardian/guardian_images/guardian_2013-09-27_guardian_c9c0199a4c_img02.jpg,Annual global temperature change (thin light red) with 11 year moving average of temperature (thick dark red). Temperature from NASA GISS. Annual Total Solar Irradiance (TSI; thin light blue) with 11 year moving average of TSI (thick dark blue). TSI from 1880 to 1978 from Krivova et al (2007). TSI from 1979 to 2009 from PMOD.,,0,,0,,1,broad_candidate,D:\FR\IGD\IPCC internship\output\guardian\guardian_images\guardian_images_dataviz_dedup\guardian_2013-09-27_guardian_c9c0199a4c_img02.jpg,D:\FR\IGD\IPCC internship\output\guardian\guardian_images_2013.csv
guardian_e30b3e09d4,The Guardian,2013,"""sea level rise""",Climate change report: live reaction to IPCC conclusions,https://www.theguardian.com/environment/2013/sep/27/ipcc-climate-change-report-ar5-live-coverage,2013-09-27,2021-08-25,10,https://i.guim.co.uk/img/static/sys-images/Guardian/Pix/pictures/2013/9/27/1380276563601/9b1da97a-adfc-4cd1-87a4-3d26542f53d7-620x372.png?width=465&dpr=1&s=none&crop=none,../Scripts/output/guardian/guardian_images/guardian_2013-09-27_guardian_e30b3e09d4_img10.png,How will it get in your lifetime? Photograph: Guardian,,1,graph,2,photo|photograph,0,likely_visualization,D:\FR\IGD\IPCC internship\output\guardian\guardian_images\guardian_images_dataviz_dedup\guardian_2013-09-27_guardian_e30b3e09d4_img10.jpg,D:\FR\IGD\IPCC internship\output\guardian\guardian_images_2013.csv
guardian_e30b3e09d4,The Guardian,2013,"""sea level rise""",Climate change report: live reaction to IPCC conclusions,https://www.theguardian.com/environment/2013/sep/27/ipcc-climate-change-report-ar5-live-coverage,2013-09-27,2021-08-25,15,https://i.guim.co.uk/img/static/sys-images/Guardian/Pix/pictures/2013/1/8/1357646861584/Australian-Bureau-of-Mete-008.jpg?width=465&dpr=1&s=none&crop=none,../Scripts/output/guardian/guardian_images/guardian_2013-09-27_guardian_e30b3e09d4_img15.jpg,Australian Bureau of Metereology temperature map - with a new colour for 52-54C Photograph: BOM Photograph: BOM,,2,graph|map,2,photo|photograph,0,likely_visualization,D:\FR\IGD\IPCC internship\output\guardian\guardian_images\guardian_images_dataviz_dedup\guardian_2013-09-27_guardian_e30b3e09d4_img15.jpg,D:\FR\IGD\IPCC internship\output\guardian\guardian_images_2013.csv
guardian_84abc54ecf,The Guardian,2013,IPCC,IPCC model global warming projections have done much better than you think,https://www.theguardian.com/environment/climate-consensus-97-per-cent/2013/oct/01/ipcc-global-warming-projections-accurate,2013-10-01,2021-08-25,2,https://i.guim.co.uk/img/static/sys-images/Guardian/Pix/pictures/2013/10/1/1380599335494/ProjvsObs450.jpg?width=445&dpr=1&s=none&crop=none,../Scripts/output/guardian/guardian_images/guardian_2013-10-01_guardian_84abc54ecf_img02.jpg,"IPCC AR5 Figure 1.4. Solid lines and squares represent measured average global surface temperature changes by NASA (blue), NOAA (yellow), and the UK Hadley Centre (green). The colored shading shows the projected range of surface warming in the IPCC First Assessment Report (FAR; yellow), Second (SAR; green), Third (TAR; blue), and Fourth (AR4; red).",,0,,0,,1,broad_candidate,D:\FR\IGD\IPCC internship\output\guardian\guardian_images\guardian_images_dataviz_dedup\guardian_2013-10-01_guardian_84abc54ecf_img02.jpg,D:\FR\IGD\IPCC internship\output\guardian\guardian_images_2013.csv
guardian_84abc54ecf,The Guardian,2013,IPCC,IPCC model global warming projections have done much better than you think,https://www.theguardian.com/environment/climate-consensus-97-per-cent/2013/oct/01/ipcc-global-warming-projections-accurate,2013-10-01,2021-08-25,3,https://i.guim.co.uk/img/static/sys-images/Guardian/Pix/pictures/2013/9/28/1380337244671/gisstrend12.jpg?width=445&dpr=1&s=none&crop=none,../Scripts/output/guardian/guardian_images/guardian_2013-10-01_guardian_84abc54ecf_img03.jpg,"Global surface temperature data 1975–2012 from NASA with a linear trend (black), with trends for 1992–2006 (red) and 1998–2012 (blue).",,1,data,0,,0,likely_visualization,D:\FR\IGD\IPCC internship\output\guardian\guardian_images\guardian_images_dataviz_dedup\guardian_2013-10-01_guardian_84abc54ecf_img03.jpg,D:\FR\IGD\IPCC internship\output\guardian\guardian_images_2013.csv
guardian_84abc54ecf,The Guardian,2013,IPCC,IPCC model global warming projections have done much better than you think,https://www.theguardian.com/environment/climate-consensus-97-per-cent/2013/oct/01/ipcc-global-warming-projections-accurate,2013-10-01,2021-08-25,4,https://i.guim.co.uk/img/static/sys-images/Guardian/Pix/pictures/2013/9/30/1380503041075/AR5_surfacetempproj.jpg?width=445&dpr=1&s=none&crop=none,../Scripts/output/guardian/guardian_images/guardian_2013-10-01_guardian_84abc54ecf_img04.jpg,IPCC AR5 projected global average surface temperature changes in a high emissions scenario (RCP8.5; red) and low emissions scenario (RCP2.6; blue).,,0,,0,,1,broad_candidate,D:\FR\IGD\IPCC internship\output\guardian\guardian_images\guardian_images_dataviz_dedup\guardian_2013-10-01_guardian_84abc54ecf_img04.jpg,D:\FR\IGD\IPCC internship\output\guardian\guardian_images_2013.csv
guardian_a00e38e760,The Guardian,2013,IPCC,IPCC: Europe has been warming faster than the global average,https://www.theguardian.com/environment/2013/oct/02/ipcc-europe-warming-faster-global-average,2013-10-02,2021-08-27,2,https://i.guim.co.uk/img/static/sys-images/Guardian/Pix/pictures/2013/10/2/1380705157717/4f1c2add-17bf-44f4-9590-aa154c2d751e-bestSizeAvailable.jpeg?width=445&dpr=1&s=none&crop=none,../Scripts/output/guardian/guardian_images/guardian_2013-10-02_guardian_a00e38e760_img02.jpeg,"Image by Carbon Brief, created using data from page 46 - Chapter 14 of the IPCC's Fifth Assessment Report. Photograph: /CarbonBrief Photograph: CarbonBrief",,2,data|graph,2,photo|photograph,0,likely_visualization,D:\FR\IGD\IPCC internship\output\guardian\guardian_images\guardian_images_dataviz_dedup\guardian_2013-10-02_guardian_a00e38e760_img02.jpg,D:\FR\IGD\IPCC internship\output\guardian\guardian_images_2013.csv
guardian_a00e38e760,The Guardian,2013,IPCC,IPCC: Europe has been warming faster than the global average,https://www.theguardian.com/environment/2013/oct/02/ipcc-europe-warming-faster-global-average,2013-10-02,2021-08-27,3,https://i.guim.co.uk/img/static/sys-images/Guardian/Pix/pictures/2013/10/2/1380705203448/a53f3c0b-2151-4bca-a28c-afeaf68cd3a9-bestSizeAvailable.jpeg?width=445&dpr=1&s=none&crop=none,../Scripts/output/guardian/guardian_images/guardian_2013-10-02_guardian_a00e38e760_img03.jpeg,"Image by Carbon Brief, created using data in Table 14.1 - Chapter 14 of the IPCC's Fifth Assessment Report. Photograph: /CarbonBrief Photograph: CarbonBrief",,3,data|graph|table,2,photo|photograph,0,likely_visualization,D:\FR\IGD\IPCC internship\output\guardian\guardian_images\guardian_images_dataviz_dedup\guardian_2013-10-02_guardian_a00e38e760_img03.jpg,D:\FR\IGD\IPCC internship\output\guardian\guardian_images_2013.csv
guardian_a00e38e760,The Guardian,2013,IPCC,IPCC: Europe has been warming faster than the global average,https://www.theguardian.com/environment/2013/oct/02/ipcc-europe-warming-faster-global-average,2013-10-02,2021-08-27,4,https://i.guim.co.uk/img/static/sys-images/Guardian/Pix/pictures/2013/10/2/1380705236266/fb2a3597-ec5c-4b8a-b5c7-bffae98a1f80-bestSizeAvailable.jpeg?width=445&dpr=1&s=none&crop=none,../Scripts/output/guardian/guardian_images/guardian_2013-10-02_guardian_a00e38e760_img04.jpeg,"Image by Carbon Brief, created using data in Table 14.1 - Chapter 14 of the IPCC's Fifth Assessment Report. Photograph: /CarbonBrief Photograph: CarbonBrief",,3,data|graph|table,2,photo|photograph,0,likely_visualization,D:\FR\IGD\IPCC internship\output\guardian\guardian_images\guardian_images_dataviz_dedup\guardian_2013-10-02_guardian_a00e38e760_img04.jpg,D:\FR\IGD\IPCC internship\output\guardian\guardian_images_2013.csv
guardian_d76900f636,The Guardian,2013,IPCC,Conservative media outlets found guilty of biased global warming coverage,https://www.theguardian.com/environment/climate-consensus-97-per-cent/2013/oct/11/climate-change-political-media-ipcc-coverage,2013-10-11,2021-08-25,2,https://i.guim.co.uk/img/static/sys-images/Guardian/Pix/pictures/2013/10/10/1381366627591/ipcc-chart1450.jpg?width=445&dpr=1&s=none&crop=none,../Scripts/output/guardian/guardian_images/guardian_2013-10-11_guardian_d76900f636_img02.jpg,"IPCC media coverage vs. the 97 percent expert consensus on human-caused global warming, courtesy of Media Matters.",,1,chart,0,,0,likely_visualization,D:\FR\IGD\IPCC internship\output\guardian\guardian_images\guardian_images_dataviz_dedup\guardian_2013-10-11_guardian_d76900f636_img02.jpg,D:\FR\IGD\IPCC internship\output\guardian\guardian_images_2013.csv
guardian_d76900f636,The Guardian,2013,IPCC,Conservative media outlets found guilty of biased global warming coverage,https://www.theguardian.com/environment/climate-consensus-97-per-cent/2013/oct/11/climate-change-political-media-ipcc-coverage,2013-10-11,2021-08-25,3,https://i.guim.co.uk/img/static/sys-images/Guardian/Pix/pictures/2013/10/10/1381367117369/ipcc-chart2_450.jpg?width=445&dpr=1&s=none&crop=none,../Scripts/output/guardian/guardian_images/guardian_2013-10-11_guardian_d76900f636_img03.jpg,"Disproportionate climate contrarian coverage on Fox News as compared to the 97 percent expert consensus on human-caused global warming, courtesy of Media Matters.",,1,chart,0,,0,likely_visualization,D:\FR\IGD\IPCC internship\output\guardian\guardian_images\guardian_images_dataviz_dedup\guardian_2013-10-11_guardian_d76900f636_img03.jpg,D:\FR\IGD\IPCC internship\output\guardian\guardian_images_2013.csv
guardian_d76900f636,The Guardian,2013,IPCC,Conservative media outlets found guilty of biased global warming coverage,https://www.theguardian.com/environment/climate-consensus-97-per-cent/2013/oct/11/climate-change-political-media-ipcc-coverage,2013-10-11,2021-08-25,4,https://i.guim.co.uk/img/static/sys-images/Guardian/Pix/pictures/2013/10/10/1381366539993/ipcc-chart3_450.jpg?width=445&dpr=1&s=none&crop=none,../Scripts/output/guardian/guardian_images/guardian_2013-10-11_guardian_d76900f636_img04.jpg,"Background of guests who accept and reject human-caused global warming in IPCC media stories, courtesy of Media Matters.",,1,chart,0,,0,likely_visualization,D:\FR\IGD\IPCC internship\output\guardian\guardian_images\guardian_images_dataviz_dedup\guardian_2013-10-11_guardian_d76900f636_img04.jpg,D:\FR\IGD\IPCC internship\output\guardian\guardian_images_2013.csv
guardian_c4555280c5,The Guardian,2013,IPCC,David Cameron and Ed Miliband at PMQs: Politics live blog,https://www.theguardian.com/politics/2013/oct/16/supreme-court-rules-on-prisoner-voting-and-pmqs-politics-live-blog,2013-10-16,2017-06-09,1,https://i.guim.co.uk/img/static/sys-images/Guardian/Pix/pictures/2013/10/16/1381926139580/e7bed520-9547-4012-8067-97ff07b3c109-620x372.png?width=465&dpr=1&s=none&crop=none,../Scripts/output/guardian/guardian_images/guardian_2013-10-16_guardian_c4555280c5_img01.png,Disposable income chart Photograph: /ONS Photograph: ONS,,2,chart|graph,2,photo|photograph,0,likely_visualization,D:\FR\IGD\IPCC internship\output\guardian\guardian_images\guardian_images_dataviz_dedup\guardian_2013-10-16_guardian_c4555280c5_img01.jpg,D:\FR\IGD\IPCC internship\output\guardian\guardian_images_2013.csv
guardian_6fb1004998,The Guardian,2013,"""carbon budget""",Does the global warming 'pause' mean what you think it means?,https://www.theguardian.com/environment/climate-consensus-97-per-cent/2013/oct/18/global-warming-pause-meaning,2013-10-18,2021-08-25,2,https://i.guim.co.uk/img/static/sys-images/Guardian/Pix/pictures/2013/10/17/1381976927298/IPCC-AR5-WG1-Box-3.1-Fig-1_450.jpg?width=445&dpr=1&s=none&crop=none,../Scripts/output/guardian/guardian_images/guardian_2013-10-18_guardian_6fb1004998_img02.jpg,Energy accumulation within distinct components of Earth’s climate system from 1971 to 2010. From the 2013 IPCC report.,,0,,0,,1,broad_candidate,D:\FR\IGD\IPCC internship\output\guardian\guardian_images\guardian_images_dataviz_dedup\guardian_2013-10-18_guardian_6fb1004998_img02.jpg,D:\FR\IGD\IPCC internship\output\guardian\guardian_images_2013.csv
guardian_93c6ec1d4c,The Guardian,2013,IPCC,Hinkley Point nuclear power station deal announced: Politics live blog,https://www.theguardian.com/politics/2013/oct/21/hinkley-point-nuclear-power-station-deal-announced-politics-live-blog,2013-10-21,2018-02-14,7,https://i.guim.co.uk/img/static/sys-images/Guardian/Pix/pictures/2013/10/21/1382344275492/20b37748-81bc-4025-b143-c7b1f2c918b0-620x372.png?width=465&dpr=1&s=none&crop=none,../Scripts/output/guardian/guardian_images/guardian_2013-10-21_guardian_93c6ec1d4c_img07.png,DECC infographic on Hinkley Point C Photograph: /DECC Photograph: DECC,,3,graph|graphic|infographic,2,photo|photograph,0,likely_visualization,D:\FR\IGD\IPCC internship\output\guardian\guardian_images\guardian_images_dataviz_dedup\guardian_2013-10-21_guardian_93c6ec1d4c_img07.jpg,D:\FR\IGD\IPCC internship\output\guardian\guardian_images_2013.csv
guardian_00b6e52203,The Guardian,2013,IPCC,"Nick Clegg's LBC phone-in, education speech and interviews: Politics live blog",https://www.theguardian.com/politics/2013/oct/24/nick-cleggs-lbc-phone-in-education-speech-and-interviews-politics-live-blog,2013-10-24,2022-05-24,1,https://i.guim.co.uk/img/static/sys-images/Guardian/Pix/pictures/2013/10/24/1382613413162/8231585f-dbba-4852-951c-e97dfe458bcb-620x372.png?width=465&dpr=1&s=none&crop=none,../Scripts/output/guardian/guardian_images/guardian_2013-10-24_guardian_00b6e52203_img01.png,Impact of green measures on energy bills Photograph: /DECC Photograph: DECC,,1,graph,2,photo|photograph,0,likely_visualization,D:\FR\IGD\IPCC internship\output\guardian\guardian_images\guardian_images_dataviz_dedup\guardian_2013-10-24_guardian_00b6e52203_img01.jpg,D:\FR\IGD\IPCC internship\output\guardian\guardian_images_2013.csv
guardian_acefabfa88,The Guardian,2013,IPCC,Typhoon Haiyan hits Philippines – as it happened,https://www.theguardian.com/world/2013/nov/08/typhoon-haiyan-hits-philippines-live-updates,2013-11-08,2018-09-11,3,https://i.guim.co.uk/img/static/sys-images/Guardian/Pix/pictures/2013/11/8/1383915516570/Philippines-storm.png?width=465&dpr=1&s=none&crop=none,../Scripts/output/guardian/guardian_images/guardian_2013-11-08_guardian_acefabfa88_img03.png,Map of path of typhoon Haiyan Photograph: Guardian,,2,graph|map,2,photo|photograph,0,likely_visualization,D:\FR\IGD\IPCC internship\output\guardian\guardian_images\guardian_images_dataviz_dedup\guardian_2013-11-08_guardian_acefabfa88_img03.jpg,D:\FR\IGD\IPCC internship\output\guardian\guardian_images_2013.csv
guardian_48f2206ab4,The Guardian,2013,"""sea level rise""",Will extreme weather like super typhoon Haiyan become the new norm?,https://www.theguardian.com/environment/climate-consensus-97-per-cent/2013/nov/20/climate-change-haiyan-hurricanes,2013-11-20,2021-08-25,2,https://i.guim.co.uk/img/static/sys-images/Guardian/Pix/pictures/2013/11/19/1384823741150/StrongestHurricanes.jpg?width=445&dpr=1&s=none&crop=none,../Scripts/output/guardian/guardian_images/guardian_2013-11-20_guardian_48f2206ab4_img02.jpg,The 13 strongest tropical cyclones at landfall. 6 have happened since 1998. Source: wunderground.com,wunderground.com,1,source:,0,,0,likely_visualization,D:\FR\IGD\IPCC internship\output\guardian\guardian_images\guardian_images_dataviz_dedup\guardian_2013-11-20_guardian_48f2206ab4_img02.jpg,D:\FR\IGD\IPCC internship\output\guardian\guardian_images_2013.csv
guardian_8fa2de334c,The Guardian,2013,"""sea level rise""",Climate talks: Should rich countries pay for damage caused by global warming?,https://www.theguardian.com/environment/2013/nov/20/climate-talks-rich-countries-pay-damage-global-warming,2013-11-20,2022-10-19,5,https://i.guim.co.uk/img/static/sys-images/Guardian/Pix/pictures/2013/11/20/1384966365370/96a53caa-3d86-4281-932a-5c2c354a7430-bestSizeAvailable.png?width=465&dpr=1&s=none&crop=none,../Scripts/output/guardian/guardian_images/guardian_2013-11-20_guardian_8fa2de334c_img05.png,Regional distributions of the impacts and contributions of climate change. Annex 1 indicates developed countries. RoW is rest of world. Photograph: Cambridge University Photograph: Cambridge University,,1,graph,2,photo|photograph,0,likely_visualization,D:\FR\IGD\IPCC internship\output\guardian\guardian_images\guardian_images_dataviz_dedup\guardian_2013-11-20_guardian_8fa2de334c_img05.jpg,D:\FR\IGD\IPCC internship\output\guardian\guardian_images_2013.csv
guardian_adad640767,The Guardian,2013,"""global temperature""",Warsaw's widening climate chasm could lead to 4C warming,https://www.theguardian.com/environment/planet-oz/2013/nov/21/warsaw-climate-change-conference-global-warming,2013-11-21,2021-08-25,2,https://i.guim.co.uk/img/static/sys-images/Guardian/Pix/pictures/2013/11/21/1384992565522/coal_use.jpg?width=445&dpr=1&s=none&crop=none,../Scripts/output/guardian/guardian_images/guardian_2013-11-21_guardian_adad640767_img02.jpg,Emissions from carbon dioxide have been rising: Courtesy Global Carbon Project,,0,,0,,1,broad_candidate,D:\FR\IGD\IPCC internship\output\guardian\guardian_images\guardian_images_dataviz_dedup\guardian_2013-11-21_guardian_adad640767_img02.jpg,D:\FR\IGD\IPCC internship\output\guardian\guardian_images_2013.csv
guardian_adad640767,The Guardian,2013,"""global temperature""",Warsaw's widening climate chasm could lead to 4C warming,https://www.theguardian.com/environment/planet-oz/2013/nov/21/warsaw-climate-change-conference-global-warming,2013-11-21,2021-08-25,3,https://i.guim.co.uk/img/static/sys-images/Guardian/Pix/pictures/2013/11/21/1384992694379/emissions.jpg?width=445&dpr=1&s=none&crop=none,../Scripts/output/guardian/guardian_images/guardian_2013-11-21_guardian_adad640767_img03.jpg,Carbon dioxide emissions continue to rise: Chart courtesy Global Carbon Project,,1,chart,0,,0,likely_visualization,D:\FR\IGD\IPCC internship\output\guardian\guardian_images\guardian_images_dataviz_dedup\guardian_2013-11-21_guardian_adad640767_img03.jpg,D:\FR\IGD\IPCC internship\output\guardian\guardian_images_2013.csv
guardian_5d00f40ace,The Guardian,2013,"""climate change""",Experts say the IPCC underestimated future sea level rise,https://www.theguardian.com/environment/climate-consensus-97-per-cent/2013/dec/04/experts-ipcc-underestimated-sea-level-rise,2013-12-04,2021-08-25,2,https://i.guim.co.uk/img/static/sys-images/Guardian/Pix/pictures/2013/11/30/1385855615635/Horton_SLR_Survey.jpg?width=445&dpr=1&s=none&crop=none,../Scripts/output/guardian/guardian_images/guardian_2013-12-04_guardian_5d00f40ace_img02.jpg,Sea level rise over the period 2000–2100 for high and low warming scenarios. The ranges show the average numbers given across all the experts. For comparison we see the NOAA projections of December 2012 (dashed lines) and the new IPCC projections (bars on the right).,,0,,0,,1,broad_candidate,D:\FR\IGD\IPCC internship\output\guardian\guardian_images\guardian_images_dataviz_dedup\guardian_2013-12-04_guardian_5d00f40ace_img02.jpg,D:\FR\IGD\IPCC internship\output\guardian\guardian_images_2013.csv
guardian_7d8e49bb7e,The Guardian,2013,"""climate change""","In pictures: cutting edge climate science, communication, and kittens from the 2013 AGU conference",https://www.theguardian.com/environment/climate-consensus-97-per-cent/2013/dec/17/climate-change-agu2013-pictures,2013-12-17,2021-08-25,3,https://i.guim.co.uk/img/static/sys-images/Guardian/Pix/pictures/2013/12/14/1387062279785/WMDsBeliefCorrection.jpg?width=445&dpr=1&s=none&crop=none,../Scripts/output/guardian/guardian_images/guardian_2013-12-17_guardian_7d8e49bb7e_img03.jpg,Change in belief across the political spectrum when presented with evidence there were no WMDs in Iraq. Conservative belief of the myth actually increased.,,0,,0,,1,broad_candidate,D:\FR\IGD\IPCC internship\output\guardian\guardian_images\guardian_images_dataviz_dedup\guardian_2013-12-17_guardian_7d8e49bb7e_img03.jpg,D:\FR\IGD\IPCC internship\output\guardian\guardian_images_2013.csv
guardian_7d8e49bb7e,The Guardian,2013,"""climate change""","In pictures: cutting edge climate science, communication, and kittens from the 2013 AGU conference",https://www.theguardian.com/environment/climate-consensus-97-per-cent/2013/dec/17/climate-change-agu2013-pictures,2013-12-17,2021-08-25,4,https://i.guim.co.uk/img/static/sys-images/Guardian/Pix/pictures/2013/12/14/1387062438032/Primer450.jpg?width=445&dpr=1&s=none&crop=none,../Scripts/output/guardian/guardian_images/guardian_2013-12-17_guardian_7d8e49bb7e_img04.jpg,Change in myth belief across the political spectrum when primed and then presented with a myth. Courtesy of John Cook.,,0,,0,,1,broad_candidate,D:\FR\IGD\IPCC internship\output\guardian\guardian_images\guardian_images_dataviz_dedup\guardian_2013-12-17_guardian_7d8e49bb7e_img04.jpg,D:\FR\IGD\IPCC internship\output\guardian\guardian_images_2013.csv
guardian_7d8e49bb7e,The Guardian,2013,"""climate change""","In pictures: cutting edge climate science, communication, and kittens from the 2013 AGU conference",https://www.theguardian.com/environment/climate-consensus-97-per-cent/2013/dec/17/climate-change-agu2013-pictures,2013-12-17,2021-08-25,5,https://i.guim.co.uk/img/static/sys-images/Guardian/Pix/pictures/2013/12/17/1387245086346/LewandowskyNatRes450.jpg?width=445&dpr=1&s=none&crop=none,../Scripts/output/guardian/guardian_images/guardian_2013-12-17_guardian_7d8e49bb7e_img05.jpg,Responses to the question 'who is responsible for global warming'. The distribution is the same for those who respond it's natural vs. responses that it's human-caused. Courtesy of Stephan Lewandowsky.,,0,,0,,1,broad_candidate,D:\FR\IGD\IPCC internship\output\guardian\guardian_images\guardian_images_dataviz_dedup\guardian_2013-12-17_guardian_7d8e49bb7e_img05.jpg,D:\FR\IGD\IPCC internship\output\guardian\guardian_images_2013.csv
guardian_7d8e49bb7e,The Guardian,2013,"""climate change""","In pictures: cutting edge climate science, communication, and kittens from the 2013 AGU conference",https://www.theguardian.com/environment/climate-consensus-97-per-cent/2013/dec/17/climate-change-agu2013-pictures,2013-12-17,2021-08-25,7,https://i.guim.co.uk/img/static/sys-images/Guardian/Pix/pictures/2013/12/15/1387135961823/CopenhagenArcticSeaIce450.jpg?width=445&dpr=1&s=none&crop=none,../Scripts/output/guardian/guardian_images/guardian_2013-12-17_guardian_7d8e49bb7e_img07.jpg,"Observed vs. IPCC modeled annual minimum Arctic sea ice extent, from the 2009 Copenhagen Diagnosis.",,0,,0,,1,broad_candidate,D:\FR\IGD\IPCC internship\output\guardian\guardian_images\guardian_images_dataviz_dedup\guardian_2013-12-17_guardian_7d8e49bb7e_img07.jpg,D:\FR\IGD\IPCC internship\output\guardian\guardian_images_2013.csv
guardian_7d8e49bb7e,The Guardian,2013,"""climate change""","In pictures: cutting edge climate science, communication, and kittens from the 2013 AGU conference",https://www.theguardian.com/environment/climate-consensus-97-per-cent/2013/dec/17/climate-change-agu2013-pictures,2013-12-17,2021-08-25,8,https://i.guim.co.uk/img/static/sys-images/Guardian/Pix/pictures/2013/12/15/1387137043098/AlleyDebate.jpg?width=445&dpr=1&s=none&crop=none,../Scripts/output/guardian/guardian_images/guardian_2013-12-17_guardian_7d8e49bb7e_img08.jpg,"The range of possible climate outcomes, with policymakers focusing on the best case and ignoring the worst case. Courtesy of Richard Alley.",,0,,0,,1,broad_candidate,D:\FR\IGD\IPCC internship\output\guardian\guardian_images\guardian_images_dataviz_dedup\guardian_2013-12-17_guardian_7d8e49bb7e_img08.jpg,D:\FR\IGD\IPCC internship\output\guardian\guardian_images_2013.csv
guardian_7d8e49bb7e,The Guardian,2013,"""climate change""","In pictures: cutting edge climate science, communication, and kittens from the 2013 AGU conference",https://www.theguardian.com/environment/climate-consensus-97-per-cent/2013/dec/17/climate-change-agu2013-pictures,2013-12-17,2021-08-25,9,https://i.guim.co.uk/img/static/sys-images/Guardian/Pix/pictures/2013/12/15/1387138237580/ElsnerHurricaneLengthWidth450.jpg?width=445&dpr=1&s=none&crop=none,../Scripts/output/guardian/guardian_images/guardian_2013-12-17_guardian_7d8e49bb7e_img09.jpg,US tornado path length and width changes from 1994 through 2011. Courtesy of James Elsner.,,0,,0,,1,broad_candidate,D:\FR\IGD\IPCC internship\output\guardian\guardian_images\guardian_images_dataviz_dedup\guardian_2013-12-17_guardian_7d8e49bb7e_img09.jpg,D:\FR\IGD\IPCC internship\output\guardian\guardian_images_2013.csv
guardian_4aa60a0deb,The Guardian,2013,"""climate change""",Republicans in Congress got the testimony they wanted to keep playing climate Russian roulette,https://www.theguardian.com/environment/climate-consensus-97-per-cent/2013/dec/26/republicans-congress-climate-change-testimony-risk,2013-12-26,2021-08-25,3,https://i.guim.co.uk/img/static/sys-images/Guardian/Pix/pictures/2013/12/21/1387592233117/WSJ_waning_war450.jpg?width=445&dpr=1&s=none&crop=none,../Scripts/output/guardian/guardian_images/guardian_2013-12-26_guardian_4aa60a0deb_img03.jpg,Decreasing worldwide battle deaths over time. Image source: Wall Street Journal,Wall Street Journal,1,source:,0,,0,likely_visualization,D:\FR\IGD\IPCC internship\output\guardian\guardian_images\guardian_images_dataviz_dedup\guardian_2013-12-26_guardian_4aa60a0deb_img03.jpg,D:\FR\IGD\IPCC internship\output\guardian\guardian_images_2013.csv
guardian_9be642396a,The Guardian,2013,"""climate change""",Reports of damp soar in social housing as residents avoid turning on heating,https://www.theguardian.com/society/2013/dec/27/damp-social-housing-residents-heating-energy-bills,2013-12-27,2017-11-30,2,https://i.guim.co.uk/img/static/sys-images/Guardian/Pix/pictures/2013/12/27/1388162468304/DampMouldInspectionsWEB.png?width=445&dpr=1&s=none&crop=none,../Scripts/output/guardian/guardian_images/guardian_2013-12-27_guardian_9be642396a_img02.png,,,0,,0,,1,broad_candidate,D:\FR\IGD\IPCC internship\output\guardian\guardian_images\guardian_images_dataviz_dedup\guardian_2013-12-27_guardian_9be642396a_img02.jpg,D:\FR\IGD\IPCC internship\output\guardian\guardian_images_2013.csv
guardian_1ce2dc07b0,The Guardian,2013,"""climate change""",Sustainable business 2013: countdown of our top stories from 20-11,https://www.theguardian.com/sustainable-business/blog/sustainable-business-2013-top-20-stories,2013-12-31,2013-12-31,5,https://i.guim.co.uk/img/static/sys-images/Guardian/Pix/pictures/2013/2/26/1361872426226/Oxfams-behind-the-brands--003.jpg?width=445&dpr=1&s=none&crop=none,../Scripts/output/guardian/guardian_images/guardian_2013-12-31_guardian_1ce2dc07b0_img05.jpg,"Oxfam's Behind the Brands scorecard focuses on the top ten food and beverage companies and investigates their polices, supplier codes and public commitments. Photograph: Oxfam",,1,graph,2,photo|photograph,0,likely_visualization,D:\FR\IGD\IPCC internship\output\guardian\guardian_images\guardian_images_dataviz_dedup\guardian_2013-12-31_guardian_1ce2dc07b0_img05.jpg,D:\FR\IGD\IPCC internship\output\guardian\guardian_images_2013.csv
guardian_cba48fc157,The Guardian,2013,"""climate change""","2013 was a good year for climate science, but a mixed bag for climate policy",https://www.theguardian.com/environment/climate-consensus-97-per-cent/2013/dec/31/2013-climate-change-science-policy-review,2013-12-31,2021-08-25,3,https://i.guim.co.uk/img/static/sys-images/Guardian/Pix/pictures/2013/12/29/1388276779378/Shakun_Marcott_HadCRUT4_A1B_450.jpg?width=445&dpr=1&s=none&crop=none,../Scripts/output/guardian/guardian_images/guardian_2013-12-31_guardian_cba48fc157_img03.jpg,"The temperature reconstruction of Shakun et al. (green – shifted manually by 0.25 degrees), of Marcott et al. (blue), combined with the instrumental period data from HadCRUT4 (red) and the model average of IPCC projections for the A1B scenario up to 2100 (orange). Created by Jos Hagelaars.",,1,data,0,,0,likely_visualization,D:\FR\IGD\IPCC internship\output\guardian\guardian_images\guardian_images_dataviz_dedup\guardian_2013-12-31_guardian_cba48fc157_img03.jpg,D:\FR\IGD\IPCC internship\output\guardian\guardian_images_2013.csv
guardian_f281d1c00e,The Guardian,2014,"""global temperature""",The Weekly Standard's Lindzen puff piece exemplifies the conservative media's climate failures,https://www.theguardian.com/environment/climate-consensus-97-per-cent/2014/jan/06/climate-change-climate-change-scepticism,2014-01-06,2021-08-25,2,https://i.guim.co.uk/img/static/sys-images/Guardian/Pix/pictures/2014/1/4/1388804857237/Hansen_vs_Lindzen_450.jpg?width=445&dpr=1&s=none&crop=none,../Scripts/output/guardian/guardian_images/guardian_2014-01-06_guardian_f281d1c00e_img02.jpg,"Comparison of the observed NASA temperature record (black) with temperature predictions from Dr. James Hansen's 1988 modeling study (red), and with my reconstructed temperature prediction by Dr. Richard Lindzen based on statements from his talk at MIT in 1989 (blue). Hansen's Scenario B projection has been adjusted to reflect the actual observed greenhouse gas concentrations since 1988.",,0,,0,,1,broad_candidate,D:\FR\IGD\IPCC internship\output\guardian\guardian_images\guardian_images_dataviz_dedup\guardian_2014-01-06_guardian_f281d1c00e_img02.jpg,D:\FR\IGD\IPCC internship\output\guardian\guardian_images_2014.csv
guardian_ae2b932bd7,The Guardian,2014,IPCC,"Global warming is being caused by humans, not the sun, and is highly sensitive to carbon, new research shows",https://www.theguardian.com/environment/climate-consensus-97-per-cent/2014/jan/09/global-warming-humans-not-sun,2014-01-09,2021-08-25,2,https://i.guim.co.uk/img/static/sys-images/Guardian/Pix/pictures/2014/1/8/1389153676309/Schurer1a450.jpg?width=445&dpr=1&s=none&crop=none,../Scripts/output/guardian/guardian_images/guardian_2014-01-09_guardian_ae2b932bd7_img02.jpg,"Simulations with all external climate influences including strong (green) and weak (red) solar influences, compared to the ensemble of northern hemisphere surface temperatures over the past 1,000 yeas (blue) and instrumental surface temperature measurements (black). From Schurer et al. (2013).",,0,,0,,1,broad_candidate,D:\FR\IGD\IPCC internship\output\guardian\guardian_images\guardian_images_dataviz_dedup\guardian_2014-01-09_guardian_ae2b932bd7_img02.jpg,D:\FR\IGD\IPCC internship\output\guardian\guardian_images_2014.csv
guardian_fbf3eaa997,The Guardian,2014,"""global temperature""",What will happen to global warming when we get the next big El Niño?,https://www.theguardian.com/environment/planet-oz/2014/jan/23/climate-change-global-warming-2013-warmest-years-el-nino,2014-01-23,2021-08-25,2,https://i.guim.co.uk/img/static/sys-images/Guardian/Pix/pictures/2014/1/23/1390452859064/gisstemp_plot_map.jpg?width=445&dpr=1&s=none&crop=none,../Scripts/output/guardian/guardian_images/guardian_2014-01-23_guardian_fbf3eaa997_img02.jpg,Graph showing how temperatures continued to rise even when El Niño and La Niña events skew temperatures warmer or colder in any one year. Image: NASA,,3,graph|map|plot,0,,0,likely_visualization,D:\FR\IGD\IPCC internship\output\guardian\guardian_images\guardian_images_dataviz_dedup\guardian_2014-01-23_guardian_fbf3eaa997_img02.jpg,D:\FR\IGD\IPCC internship\output\guardian\guardian_images_2014.csv
guardian_f82cf818f2,The Guardian,2014,"""sea level rise""",Global warming continues and won't be stopped by wishful thinking,https://www.theguardian.com/environment/climate-consensus-97-per-cent/2014/jan/30/global-warming-wishful-thinking,2014-01-30,2021-08-25,2,https://i.guim.co.uk/img/static/sys-images/Guardian/Pix/pictures/2014/1/25/1390676138564/LJ13OHCFig.png?width=445&dpr=1&s=none&crop=none,../Scripts/output/guardian/guardian_images/guardian_2014-01-30_guardian_f82cf818f2_img02.png,"Time series of annual average global integrals of upper ocean heat content anomaly (10^21 J, or ZJ) for (a) 0–100 m, (b) 0–300 m, (c) 0–700 m, and (d) 0–1800 m. Thin vertical lines denote when data coverage reaches 50% for (a) 0–100 m, (b) 100–300 m, (c) 300–700 m, and (d) 900–1800 m. From Lyman & Johnson (2013)",,1,data,0,,0,likely_visualization,D:\FR\IGD\IPCC internship\output\guardian\guardian_images\guardian_images_dataviz_dedup\guardian_2014-01-30_guardian_f82cf818f2_img02.jpg,D:\FR\IGD\IPCC internship\output\guardian\guardian_images_2014.csv
guardian_ccf1116696,The Guardian,2014,"""global temperature""","2013 was sixth warmest year on record, UN says",https://www.theguardian.com/environment/2014/feb/05/2013-was-sixth-warmest-year-on-record-un-says,2014-02-05,2021-08-25,2,https://i.guim.co.uk/img/static/sys-images/Guardian/Pix/pictures/2014/2/5/1391591475589/217e8ab0-1747-4e17-b7b8-b48eff145eb3-460x276.png?width=445&dpr=1&s=none&crop=none,../Scripts/output/guardian/guardian_images/guardian_2014-02-05_guardian_ccf1116696_img02.png,Global temperature records Photograph: /Guim Photograph: Guardian/WMO,,1,graph,2,photo|photograph,0,likely_visualization,D:\FR\IGD\IPCC internship\output\guardian\guardian_images\guardian_images_dataviz_dedup\guardian_2014-02-05_guardian_ccf1116696_img02.jpg,D:\FR\IGD\IPCC internship\output\guardian\guardian_images_2014.csv
guardian_6a8f39403c,The Guardian,2014,IPCC,2013 was the second-hottest year without an El Niño since before 1850,https://www.theguardian.com/environment/climate-consensus-97-per-cent/2014/feb/06/2013-second-hottest-year-without-el-nino,2014-02-06,2021-08-25,3,https://i.guim.co.uk/img/static/sys-images/Guardian/Pix/pictures/2014/2/6/1391649719612/had4_v2_hist450.jpg?width=445&dpr=1&s=none&crop=none,../Scripts/output/guardian/guardian_images/guardian_2014-02-06_guardian_6a8f39403c_img03.jpg,"Cowtan & Way global surface temperature data, with the powerful El Niño year of 1998 in red and the Neutral year of 2013 in blue.",,1,data,0,,0,likely_visualization,D:\FR\IGD\IPCC internship\output\guardian\guardian_images\guardian_images_dataviz_dedup\guardian_2014-02-06_guardian_6a8f39403c_img03.jpg,D:\FR\IGD\IPCC internship\output\guardian\guardian_images_2014.csv
guardian_6a8f39403c,The Guardian,2014,IPCC,2013 was the second-hottest year without an El Niño since before 1850,https://www.theguardian.com/environment/climate-consensus-97-per-cent/2014/feb/06/2013-second-hottest-year-without-el-nino,2014-02-06,2021-08-25,4,https://i.guim.co.uk/img/static/sys-images/Guardian/Pix/pictures/2014/2/6/1391663940228/OHCwErrors450.jpg?width=445&dpr=1&s=none&crop=none,../Scripts/output/guardian/guardian_images/guardian_2014-02-06_guardian_6a8f39403c_img04.jpg,"Annual ocean heat content accumulation to 2,000 meters in units of atomic bomb detonations per second, with standard error shown. Data from NODC.",,1,data,0,,0,likely_visualization,D:\FR\IGD\IPCC internship\output\guardian\guardian_images\guardian_images_dataviz_dedup\guardian_2014-02-06_guardian_6a8f39403c_img04.jpg,D:\FR\IGD\IPCC internship\output\guardian\guardian_images_2014.csv
guardian_3fb325ad4b,The Guardian,2014,IPCC,"Unprecedented trade wind strength is shifting global warming to the oceans, but for how much longer?",https://www.theguardian.com/environment/climate-consensus-97-per-cent/2014/feb/10/unprecedented-trade-winds-global-warming-oceans,2014-02-10,2021-08-25,2,https://i.guim.co.uk/img/static/sys-images/Guardian/Pix/pictures/2014/2/8/1391823308198/EnglandFig1450.jpg?width=445&dpr=1&s=none&crop=none,../Scripts/output/guardian/guardian_images/guardian_2014-02-10_guardian_3fb325ad4b_img02.jpg,Top frame: Global surface temperature anomalies. Bottom frame: Pacific wind stress anomalies. From England et al. (2014).,,0,,0,,1,broad_candidate,D:\FR\IGD\IPCC internship\output\guardian\guardian_images\guardian_images_dataviz_dedup\guardian_2014-02-10_guardian_3fb325ad4b_img02.jpg,D:\FR\IGD\IPCC internship\output\guardian\guardian_images_2014.csv
guardian_3fb325ad4b,The Guardian,2014,IPCC,"Unprecedented trade wind strength is shifting global warming to the oceans, but for how much longer?",https://www.theguardian.com/environment/climate-consensus-97-per-cent/2014/feb/10/unprecedented-trade-winds-global-warming-oceans,2014-02-10,2021-08-25,3,https://i.guim.co.uk/img/static/sys-images/Guardian/Pix/pictures/2014/2/8/1391823659221/EnglandFig5a450.jpg?width=445&dpr=1&s=none&crop=none,../Scripts/output/guardian/guardian_images/guardian_2014-02-10_guardian_3fb325ad4b_img03.jpg,Annual (grey bars) and a five-year running mean (black solid line) global surface temperature measurements. Climate model projections are shown in red. The blue and green show results from an ocean and a coupled climate model adjusted by the trade-wind-induced surface cooling. From England et al. (2014).,,0,,0,,1,broad_candidate,D:\FR\IGD\IPCC internship\output\guardian\guardian_images\guardian_images_dataviz_dedup\guardian_2014-02-10_guardian_3fb325ad4b_img03.jpg,D:\FR\IGD\IPCC internship\output\guardian\guardian_images_2014.csv
guardian_554c07c607,The Guardian,2014,"""global temperature""",The 'pause' in global warming is not even a thing,https://www.theguardian.com/environment/planet-oz/2014/feb/12/global-warming-fake-pause-hiatus-climate-change,2014-02-12,2021-08-25,2,https://i.guim.co.uk/img/static/sys-images/Guardian/Pix/pictures/2014/2/12/1392174049056/sea_level_guardian.jpg?width=445&dpr=1&s=none&crop=none,../Scripts/output/guardian/guardian_images/guardian_2014-02-12_guardian_554c07c607_img02.jpg,"Global sea level continues to rise, driven by melting ice sheets, glaciers and warming and expanding oceans. Image: CSIRO",,0,,0,,1,broad_candidate,D:\FR\IGD\IPCC internship\output\guardian\guardian_images\guardian_images_dataviz_dedup\guardian_2014-02-12_guardian_554c07c607_img02.jpg,D:\FR\IGD\IPCC internship\output\guardian\guardian_images_2014.csv
guardian_00aa68e80b,The Guardian,2014,"""global temperature""",Why has British weather been so bad?,https://www.theguardian.com/environment/2014/feb/14/british-weather-bad-storms-floods,2014-02-14,2021-08-27,4,https://i.guim.co.uk/img/static/sys-images/Guardian/Pix/pictures/2014/2/14/1392380979015/252a858e-b224-43f0-96e4-5d312b7616b2-620x330.png?width=465&dpr=1&s=none&crop=none,../Scripts/output/guardian/guardian_images/guardian_2014-02-14_guardian_00aa68e80b_img04.png,"Variations in jet stream caused by high rainfall in Indonesia, which eventually lead to UK storms. Photograph: /Met Office Photograph: Met Office",,1,graph,2,photo|photograph,0,likely_visualization,D:\FR\IGD\IPCC internship\output\guardian\guardian_images\guardian_images_dataviz_dedup\guardian_2014-02-14_guardian_00aa68e80b_img04.jpg,D:\FR\IGD\IPCC internship\output\guardian\guardian_images_2014.csv
guardian_00aa68e80b,The Guardian,2014,"""global temperature""",Why has British weather been so bad?,https://www.theguardian.com/environment/2014/feb/14/british-weather-bad-storms-floods,2014-02-14,2021-08-27,5,https://i.guim.co.uk/img/static/sys-images/Guardian/Pix/pictures/2014/2/14/1392380820405/8aa5d949-6165-4051-83e4-1e727f4b12b3-620x578.png?width=465&dpr=1&s=none&crop=none,../Scripts/output/guardian/guardian_images/guardian_2014-02-14_guardian_00aa68e80b_img05.png,Left panels show the buckling of the jet stream over Nth Am as disturbance spreads from Asia. Photograph: /Met Office Photograph: Met Office,,1,graph,2,photo|photograph,0,likely_visualization,D:\FR\IGD\IPCC internship\output\guardian\guardian_images\guardian_images_dataviz_dedup\guardian_2014-02-14_guardian_00aa68e80b_img05.jpg,D:\FR\IGD\IPCC internship\output\guardian\guardian_images_2014.csv
guardian_75c47757d8,The Guardian,2014,"""global temperature""",Climate change is here now and it could lead to global conflict,https://www.theguardian.com/environment/2014/feb/13/storms-floods-climate-change-upon-us-lord-stern,2014-02-14,2021-08-25,4,https://i.guim.co.uk/img/static/sys-images/Guardian/Pix/pictures/2014/2/13/1392299436193/0da78ff2-11be-416a-accf-cb1a52baeee2-460x276.jpeg?width=445&dpr=1&s=none&crop=none,../Scripts/output/guardian/guardian_images/guardian_2014-02-14_guardian_75c47757d8_img04.jpeg,Satellite photos of the river Parrett on the Somerset Levels taken before the recent flooding and on 8 February. Photograph: UK Space Agency/SWNS.com,,1,graph,2,photo|photograph,0,likely_visualization,D:\FR\IGD\IPCC internship\output\guardian\guardian_images\guardian_images_dataviz_dedup\guardian_2014-02-14_guardian_75c47757d8_img04.jpg,D:\FR\IGD\IPCC internship\output\guardian\guardian_images_2014.csv
guardian_8e9a04b49a,The Guardian,2014,"""global temperature""",UK floods making climate sceptics hot under the collar,https://www.theguardian.com/environment/2014/feb/14/uk-floods-climate-change-rainfall-storm,2014-02-14,2021-08-25,1,https://i.guim.co.uk/img/static/sys-images/Environment/Pix/pictures/2014/2/14/1392385772247/Global-weather-and-climat-009.jpg?width=465&dpr=1&s=none&crop=none,../Scripts/output/guardian/guardian_images/guardian_2014-02-14_guardian_8e9a04b49a_img01.jpg,Global temperature trend between 1950 and 2013. Photograph: GISS/NASA,,1,graph,2,photo|photograph,0,likely_visualization,D:\FR\IGD\IPCC internship\output\guardian\guardian_images\guardian_images_dataviz_dedup\guardian_2014-02-14_guardian_8e9a04b49a_img01.jpg,D:\FR\IGD\IPCC internship\output\guardian\guardian_images_2014.csv
guardian_9299a9ad3d,The Guardian,2014,"""sea level rise""",Vision Prize: scientists are worried the IPCC is underestimating sea level rise,https://www.theguardian.com/environment/climate-consensus-97-per-cent/2014/feb/18/scientists-worried-ipcc-underestimate-sea-level-rise,2014-02-18,2021-08-25,1,https://i.guim.co.uk/img/static/sys-images/Guardian/Pix/pictures/2009/3/9/1236605575094/Stefan-Rahmstorf-graph-sh-002.jpg?width=465&dpr=1&s=none&crop=none,../Scripts/output/guardian/guardian_images/guardian_2014-02-18_guardian_9299a9ad3d_img01.jpg,"Graph by Stefan Rahmstorf comparing measured sea level rise (red and blue) to previous IPCC estimates (grey and dashed lines), showing sea level rise is happening faster than expected.",,1,graph,0,,0,likely_visualization,D:\FR\IGD\IPCC internship\output\guardian\guardian_images\guardian_images_dataviz_dedup\guardian_2014-02-18_guardian_9299a9ad3d_img01.jpg,D:\FR\IGD\IPCC internship\output\guardian\guardian_images_2014.csv
guardian_9299a9ad3d,The Guardian,2014,"""sea level rise""",Vision Prize: scientists are worried the IPCC is underestimating sea level rise,https://www.theguardian.com/environment/climate-consensus-97-per-cent/2014/feb/18/scientists-worried-ipcc-underestimate-sea-level-rise,2014-02-18,2021-08-25,2,https://i.guim.co.uk/img/static/sys-images/Guardian/Pix/pictures/2014/2/16/1392577374984/VisionSeaLevel.jpg?width=445&dpr=1&s=none&crop=none,../Scripts/output/guardian/guardian_images/guardian_2014-02-18_guardian_9299a9ad3d_img02.jpg,,,0,,0,,1,broad_candidate,D:\FR\IGD\IPCC internship\output\guardian\guardian_images\guardian_images_dataviz_dedup\guardian_2014-02-18_guardian_9299a9ad3d_img02.jpg,D:\FR\IGD\IPCC internship\output\guardian\guardian_images_2014.csv
guardian_9299a9ad3d,The Guardian,2014,"""sea level rise""",Vision Prize: scientists are worried the IPCC is underestimating sea level rise,https://www.theguardian.com/environment/climate-consensus-97-per-cent/2014/feb/18/scientists-worried-ipcc-underestimate-sea-level-rise,2014-02-18,2021-08-25,3,https://i.guim.co.uk/img/static/sys-images/Guardian/Pix/pictures/2014/2/19/1392771875204/RQ4-2013Q6.jpg?width=445&dpr=1&s=none&crop=none,../Scripts/output/guardian/guardian_images/guardian_2014-02-18_guardian_9299a9ad3d_img03.jpg,,,0,,0,,1,broad_candidate,D:\FR\IGD\IPCC internship\output\guardian\guardian_images\guardian_images_dataviz_dedup\guardian_2014-02-18_guardian_9299a9ad3d_img03.jpg,D:\FR\IGD\IPCC internship\output\guardian\guardian_images_2014.csv
guardian_9299a9ad3d,The Guardian,2014,"""sea level rise""",Vision Prize: scientists are worried the IPCC is underestimating sea level rise,https://www.theguardian.com/environment/climate-consensus-97-per-cent/2014/feb/18/scientists-worried-ipcc-underestimate-sea-level-rise,2014-02-18,2021-08-25,4,https://i.guim.co.uk/img/static/sys-images/Guardian/Pix/pictures/2014/2/16/1392579166246/VisionFields450.jpg?width=445&dpr=1&s=none&crop=none,../Scripts/output/guardian/guardian_images/guardian_2014-02-18_guardian_9299a9ad3d_img04.jpg,,,0,,0,,1,broad_candidate,D:\FR\IGD\IPCC internship\output\guardian\guardian_images\guardian_images_dataviz_dedup\guardian_2014-02-18_guardian_9299a9ad3d_img04.jpg,D:\FR\IGD\IPCC internship\output\guardian\guardian_images_2014.csv
guardian_cd3aa28bc6,The Guardian,2014,"""global temperature""",World begins 2014 with unusual number of extreme weather events,https://www.theguardian.com/environment/2014/feb/25/world-2014-extreme-weather-events,2014-02-25,2021-08-25,3,https://i.guim.co.uk/img/static/sys-images/Environment/Pix/columnists/2014/2/25/1393337930458/Arctic-sea-ice-extent-001.jpg?width=445&dpr=1&s=none&crop=none,../Scripts/output/guardian/guardian_images/guardian_2014-02-25_guardian_cd3aa28bc6_img03.jpg,Arctic sea ice extent. Photograph: NSIDC,,1,graph,2,photo|photograph,0,likely_visualization,D:\FR\IGD\IPCC internship\output\guardian\guardian_images\guardian_images_dataviz_dedup\guardian_2014-02-25_guardian_cd3aa28bc6_img03.jpg,D:\FR\IGD\IPCC internship\output\guardian\guardian_images_2014.csv
guardian_ea4af70f3b,The Guardian,2014,"""sea level rise""",Australian Antarctic Expedition: the power of pictures,https://www.theguardian.com/science/head-quarters/2014/mar/01/antarctic-expedition-climate-change-pictures-graph,2014-03-01,2021-08-25,2,https://i.guim.co.uk/img/static/sys-images/Guardian/Pix/pictures/2014/3/1/1393679895011/971fefc1-b6ab-455c-a30a-bf91abc0e492-620x620.jpeg?width=445&dpr=1&s=none&crop=none,../Scripts/output/guardian/guardian_images/guardian_2014-03-01_guardian_ea4af70f3b_img02.jpeg,Data from Nerem R S et al (2010) showing a steady increase in mean sea levels over the past 20 years. Graph reproduced by Stephan Lewandowsky. Photograph: Stephan Lewandowsky,,2,data|graph,2,photo|photograph,0,likely_visualization,D:\FR\IGD\IPCC internship\output\guardian\guardian_images\guardian_images_dataviz_dedup\guardian_2014-03-01_guardian_ea4af70f3b_img02.jpg,D:\FR\IGD\IPCC internship\output\guardian\guardian_images_2014.csv
guardian_6cdc8b0330,The Guardian,2014,"""1.5C""","Climate forecast for Australia: hot days, higher fire risk, more severe droughts",https://www.theguardian.com/world/2014/mar/04/climate-forecast-australia-heat-fire-droughts,2014-03-03,2021-08-25,2,https://i.guim.co.uk/img/static/sys-images/Guardian/Pix/pictures/2014/3/4/1393895662507/0603952a-5d88-47df-84ca-255d8f6600e8-bestSizeAvailable.png?width=445&dpr=1&s=none&crop=none,../Scripts/output/guardian/guardian_images/guardian_2014-03-03_guardian_6cdc8b0330_img02.png,Number of days each year where the Australian area-averaged daily mean temperature is above the 99th percentile for the period 1910–2013. Photograph: Bureau of Meteorology Photograph: Bureau of Meteorology,,1,graph,2,photo|photograph,0,likely_visualization,D:\FR\IGD\IPCC internship\output\guardian\guardian_images\guardian_images_dataviz_dedup\guardian_2014-03-03_guardian_6cdc8b0330_img02.jpg,D:\FR\IGD\IPCC internship\output\guardian\guardian_images_2014.csv
guardian_6cdc8b0330,The Guardian,2014,"""1.5C""","Climate forecast for Australia: hot days, higher fire risk, more severe droughts",https://www.theguardian.com/world/2014/mar/04/climate-forecast-australia-heat-fire-droughts,2014-03-03,2021-08-25,3,https://i.guim.co.uk/img/static/sys-images/Guardian/Pix/pictures/2014/3/4/1393895763848/759be243-cda0-4aaa-86e0-684437303d1b-bestSizeAvailable.png?width=445&dpr=1&s=none&crop=none,../Scripts/output/guardian/guardian_images/guardian_2014-03-03_guardian_6cdc8b0330_img03.png,"The map shows the trends in extreme fire weather days (annual 90th percentile of daily FFDI values) at 38 climate reference sites. Trends are given in FFDI points per decade and larger circles represent larger trends. Filled circles represent trends that are statistically significant. One location, Brisbane Airport, shows a non-significant decrease. Photograph: Bureau of Meteorology, Csiro Photograph: Bureau of Meteorology, Csiro",,2,graph|map,2,photo|photograph,0,likely_visualization,D:\FR\IGD\IPCC internship\output\guardian\guardian_images\guardian_images_dataviz_dedup\guardian_2014-03-03_guardian_6cdc8b0330_img03.jpg,D:\FR\IGD\IPCC internship\output\guardian\guardian_images_2014.csv
guardian_6cdc8b0330,The Guardian,2014,"""1.5C""","Climate forecast for Australia: hot days, higher fire risk, more severe droughts",https://www.theguardian.com/world/2014/mar/04/climate-forecast-australia-heat-fire-droughts,2014-03-03,2021-08-25,4,https://i.guim.co.uk/img/static/sys-images/Guardian/Pix/pictures/2014/3/4/1393895926347/4f19b65e-75c9-4eb3-afa5-6b5cddc8f70b-bestSizeAvailable.png?width=445&dpr=1&s=none&crop=none,../Scripts/output/guardian/guardian_images/guardian_2014-03-03_guardian_6cdc8b0330_img04.png,"Southern wet season (April-November) rainfall deciles since 1996. A decile map shows the extent that rainfall is above average, average, or below average for the specified period, in comparison with the entire rainfall record from 1900. Photograph: Bureau of Meteorology Photograph: Bureau of Meteorology",,2,graph|map,2,photo|photograph,0,likely_visualization,D:\FR\IGD\IPCC internship\output\guardian\guardian_images\guardian_images_dataviz_dedup\guardian_2014-03-03_guardian_6cdc8b0330_img04.jpg,D:\FR\IGD\IPCC internship\output\guardian\guardian_images_2014.csv
guardian_5ce505ac96,The Guardian,2014,"""sea level rise""",FiveThirtyEight undermines its brand by misrepresenting climate research,https://www.theguardian.com/environment/climate-consensus-97-per-cent/2014/mar/25/fivethirtyeight-misrepresents-climate-change-research,2014-03-25,2021-08-25,2,https://i.guim.co.uk/img/static/sys-images/Guardian/Pix/pictures/2014/3/23/1395603535739/MunichReDisasterFrequency450.jpg?width=445&dpr=1&s=none&crop=none,../Scripts/output/guardian/guardian_images/guardian_2014-03-25_guardian_5ce505ac96_img02.jpg,Disaster event frequency data from Munich Re,,1,data,0,,0,likely_visualization,D:\FR\IGD\IPCC internship\output\guardian\guardian_images\guardian_images_dataviz_dedup\guardian_2014-03-25_guardian_5ce505ac96_img02.jpg,D:\FR\IGD\IPCC internship\output\guardian\guardian_images_2014.csv
guardian_692273320f,The Guardian,2014,IPCC,"Climate change will make UK weather too wet and too dry, says Met Office",https://www.theguardian.com/environment/2014/mar/25/climate-change-uk-weather-wet-dry-met-office,2014-03-25,2021-08-25,2,https://i.guim.co.uk/img/static/sys-images/Guardian/Pix/pictures/2014/3/25/1395769093330/cb0f82a1-7459-458e-90b7-63fdb739b84c-bestSizeAvailable.png?width=445&dpr=1&s=none&crop=none,../Scripts/output/guardian/guardian_images/guardian_2014-03-25_guardian_692273320f_img02.png,Met Office frequency of extreme rainfall Photograph: /Guim Photograph: Guim,,1,graph,2,photo|photograph,0,likely_visualization,D:\FR\IGD\IPCC internship\output\guardian\guardian_images\guardian_images_dataviz_dedup\guardian_2014-03-25_guardian_692273320f_img02.jpg,D:\FR\IGD\IPCC internship\output\guardian\guardian_images_2014.csv
guardian_5949682ecc,The Guardian,2014,"""global temperature""",Climate change: the poor will suffer most,https://www.theguardian.com/environment/2014/mar/31/climate-change-poor-suffer-most-un-report,2014-03-31,2022-10-19,2,https://i.guim.co.uk/img/static/sys-images/Guardian/Pix/pictures/2014/3/30/1396213241233/Climate-change-010.jpg?width=445&dpr=1&s=none&crop=none,../Scripts/output/guardian/guardian_images/guardian_2014-03-31_guardian_5949682ecc_img02.jpg,Graphic: guardian.co.uk,,2,graph|graphic,0,,0,likely_visualization,D:\FR\IGD\IPCC internship\output\guardian\guardian_images\guardian_images_dataviz_dedup\guardian_2014-03-31_guardian_5949682ecc_img02.jpg,D:\FR\IGD\IPCC internship\output\guardian\guardian_images_2014.csv
guardian_5c5ed8615c,The Guardian,2014,"""sea level rise""","IPCC report warns of future climate change risks, but is spun by contrarians",https://www.theguardian.com/environment/climate-consensus-97-per-cent/2014/mar/31/ipcc-warns-climate-change-risks,2014-03-31,2021-08-25,2,https://i.guim.co.uk/img/static/sys-images/Guardian/Pix/pictures/2014/3/31/1396224969879/SPM.7.jpg?width=120&dpr=1&s=none&crop=none,../Scripts/output/guardian/guardian_images/guardian_2014-03-31_guardian_5c5ed8615c_img02.jpg,"Summary of projected changes in crop yields, due to climate change over the 21st century. Yellow indicates studies that project crop yield decreases, blue indicates studies projecting increases. From IPCC AR5 WGII SPM.",,0,,0,,1,broad_candidate,D:\FR\IGD\IPCC internship\output\guardian\guardian_images\guardian_images_dataviz_dedup\guardian_2014-03-31_guardian_5c5ed8615c_img02.jpg,D:\FR\IGD\IPCC internship\output\guardian\guardian_images_2014.csv
guardian_5c5ed8615c,The Guardian,2014,"""sea level rise""","IPCC report warns of future climate change risks, but is spun by contrarians",https://www.theguardian.com/environment/climate-consensus-97-per-cent/2014/mar/31/ipcc-warns-climate-change-risks,2014-03-31,2021-08-25,3,https://i.guim.co.uk/img/static/sys-images/Guardian/Pix/pictures/2014/3/29/1396134149881/IPCC_AR5_temp_rise.jpg?width=120&dpr=1&s=none&crop=none,../Scripts/output/guardian/guardian_images/guardian_2014-03-31_guardian_5c5ed8615c_img03.jpg,,,0,,0,,1,broad_candidate,D:\FR\IGD\IPCC internship\output\guardian\guardian_images\guardian_images_dataviz_dedup\guardian_2014-03-31_guardian_5c5ed8615c_img03.jpg,D:\FR\IGD\IPCC internship\output\guardian\guardian_images_2014.csv
guardian_53ce9e9cb4,The Guardian,2014,"""carbon budget""",The climate change uncertainty monster – more uncertainty means more urgency to tackle global warming,https://www.theguardian.com/environment/climate-consensus-97-per-cent/2014/apr/04/climate-change-uncertainty-stronger-tackling-case,2014-04-04,2021-08-25,2,https://i.guim.co.uk/img/static/sys-images/Guardian/Pix/pictures/2014/4/4/1396588919570/Lew14Fig5.jpg?width=445&dpr=1&s=none&crop=none,../Scripts/output/guardian/guardian_images/guardian_2014-04-04_guardian_53ce9e9cb4_img02.jpg,"Mean peak global temperature response as a function of cumulative carbon emissions. The darker shaded area corresponds to lower uncertainty, the lighter area to higher uncertainty.",,0,,0,,1,broad_candidate,D:\FR\IGD\IPCC internship\output\guardian\guardian_images\guardian_images_dataviz_dedup\guardian_2014-04-04_guardian_53ce9e9cb4_img02.jpg,D:\FR\IGD\IPCC internship\output\guardian\guardian_images_2014.csv
guardian_ae6298bebb,The Guardian,2014,"""sea level rise""","Fox News climate change coverage is now 28% accurate, up from 7%",https://www.theguardian.com/environment/climate-consensus-97-per-cent/2014/apr/08/fox-news-28-percent-accurate-climate-change,2014-04-08,2021-08-25,2,https://i.guim.co.uk/img/static/sys-images/Guardian/Pix/pictures/2014/4/6/1396744470287/UCSAccuracyGraph.jpg?width=445&dpr=1&s=none&crop=none,../Scripts/output/guardian/guardian_images/guardian_2014-04-08_guardian_ae6298bebb_img02.jpg,,,1,graph,0,,0,likely_visualization,D:\FR\IGD\IPCC internship\output\guardian\guardian_images\guardian_images_dataviz_dedup\guardian_2014-04-08_guardian_ae6298bebb_img02.jpg,D:\FR\IGD\IPCC internship\output\guardian\guardian_images_2014.csv
guardian_4b66625d71,The Guardian,2014,IPCC,Climate imbalance – disparity in the quality of research by contrarian and mainstream climate scientists,https://www.theguardian.com/environment/climate-consensus-97-per-cent/2014/apr/11/climate-change-research-quality-imbalance,2014-04-11,2021-08-25,2,https://i.guim.co.uk/img/static/sys-images/Guardian/Pix/pictures/2014/4/13/1397417272731/SensitivityRebuttals.jpg?width=445&dpr=1&s=none&crop=none,../Scripts/output/guardian/guardian_images/guardian_2014-04-11_guardian_4b66625d71_img02.jpg,"Low climate sensitivity papers by Lindzen and Spencer (open circles) and peer-reviewed rebuttals (closed circles). Created by John Garrett of Wildomar, CA.",,0,,0,,1,broad_candidate,D:\FR\IGD\IPCC internship\output\guardian\guardian_images\guardian_images_dataviz_dedup\guardian_2014-04-11_guardian_4b66625d71_img02.jpg,D:\FR\IGD\IPCC internship\output\guardian\guardian_images_2014.csv
guardian_4b66625d71,The Guardian,2014,IPCC,Climate imbalance – disparity in the quality of research by contrarian and mainstream climate scientists,https://www.theguardian.com/environment/climate-consensus-97-per-cent/2014/apr/11/climate-change-research-quality-imbalance,2014-04-11,2021-08-25,3,https://i.guim.co.uk/img/static/sys-images/Guardian/Pix/pictures/2014/4/10/1397092268511/UAH_Corrections.jpg?width=445&dpr=1&s=none&crop=none,../Scripts/output/guardian/guardian_images/guardian_2014-04-11_guardian_4b66625d71_img03.jpg,Evolution of lower tropospheric temperature trends from satellite observations.,,0,,0,,1,broad_candidate,D:\FR\IGD\IPCC internship\output\guardian\guardian_images\guardian_images_dataviz_dedup\guardian_2014-04-11_guardian_4b66625d71_img03.jpg,D:\FR\IGD\IPCC internship\output\guardian\guardian_images_2014.csv
guardian_e79bcc6309,The Guardian,2014,IPCC,UN urges huge increase in green energy to avert climate disaster,https://www.theguardian.com/environment/2014/apr/12/un-urges-increase-green-energy-avert-climate-disaster-uk,2014-04-12,2021-08-25,2,https://i.guim.co.uk/img/static/sys-images/Guardian/Pix/pictures/2014/4/12/1397330206429/Opinium-poll-001.jpg?width=445&dpr=1&s=none&crop=none,../Scripts/output/guardian/guardian_images/guardian_2014-04-12_guardian_e79bcc6309_img02.jpg,Photograph: Opinium,,1,graph,2,photo|photograph,0,likely_visualization,D:\FR\IGD\IPCC internship\output\guardian\guardian_images\guardian_images_dataviz_dedup\guardian_2014-04-12_guardian_e79bcc6309_img02.jpg,D:\FR\IGD\IPCC internship\output\guardian\guardian_images_2014.csv
guardian_96170578fd,The Guardian,2014,IPCC,The Times has manufactured an unfounded climate change conspiracy theory,https://www.theguardian.com/environment/climate-consensus-97-per-cent/2014/may/19/another-manufactured-climate-controversy,2014-05-19,2021-08-25,2,https://i.guim.co.uk/img/static/sys-images/Guardian/Pix/pictures/2014/5/18/1400440034120/be1ca90e-5540-4c1b-adc6-1a407d082c64-620x365.png?width=445&dpr=1&s=none&crop=none,../Scripts/output/guardian/guardian_images/guardian_2014-05-19_guardian_96170578fd_img02.png,Climate naysayer image association results in Smith & Leiserowitz (2012). Source: Risk Analysis Photograph: Risk Analysis,Risk Analysis Photograph: Risk Analysis,2,graph|source:,2,photo|photograph,0,likely_visualization,D:\FR\IGD\IPCC internship\output\guardian\guardian_images\guardian_images_dataviz_dedup\guardian_2014-05-19_guardian_96170578fd_img02.jpg,D:\FR\IGD\IPCC internship\output\guardian\guardian_images_2014.csv
guardian_a9c3972e62,The Guardian,2014,"""1.5C""",How El Niño will change the world's weather in 2014,https://www.theguardian.com/environment/2014/jun/11/-sp-el-nino-weather-2014,2014-06-11,2022-10-19,1,https://i.guim.co.uk/img/static/sys-images/Guardian/Pix/pictures/2014/6/10/1402392603187/1f2ef9c0-d052-4233-af4d-5feae9430ab5-1024x768.jpeg?width=465&dpr=1&s=none&crop=none,../Scripts/output/guardian/guardian_images/guardian_2014-06-11_guardian_a9c3972e62_img01.jpeg,Global temperatures sea surface levels on 5 June 2014. Photograph: /NOAA Photograph: NOAA,,1,graph,2,photo|photograph,0,likely_visualization,D:\FR\IGD\IPCC internship\output\guardian\guardian_images\guardian_images_dataviz_dedup\guardian_2014-06-11_guardian_a9c3972e62_img01.jpg,D:\FR\IGD\IPCC internship\output\guardian\guardian_images_2014.csv
guardian_4f7949fd62,The Guardian,2014,"""global temperature""",Global warming conspiracy theorist zombies devour Telegraph and Fox News brains,https://www.theguardian.com/environment/climate-consensus-97-per-cent/2014/jun/25/global-warming-zombies-devour-telegraph-fox-news-brains,2014-06-25,2021-08-25,2,https://i.guim.co.uk/img/static/sys-images/Guardian/Pix/pictures/2014/6/25/1403708281146/c1f8ca5f-671b-45ee-8b64-236b1db3ebb6-1024x768.png?width=445&dpr=1&s=none&crop=none,../Scripts/output/guardian/guardian_images/guardian_2014-06-25_guardian_4f7949fd62_img02.png,"Comparison of global temperatures from raw and adjusted Global Historical Climatology Network (GHCN) v3 data, created by Zeke Hausfather. Photograph: Zeke Hausfather",,2,data|graph,2,photo|photograph,0,likely_visualization,D:\FR\IGD\IPCC internship\output\guardian\guardian_images\guardian_images_dataviz_dedup\guardian_2014-06-25_guardian_4f7949fd62_img02.jpg,D:\FR\IGD\IPCC internship\output\guardian\guardian_images_2014.csv
guardian_a23d72ba97,The Guardian,2014,"""sea level rise""","Rupert Murdoch doesn't understand climate change basics, and that's a problem",https://www.theguardian.com/environment/climate-consensus-97-per-cent/2014/jul/14/rupert-murdoch-doesnt-understand-climate-basics,2014-07-14,2021-08-25,2,https://i.guim.co.uk/img/static/sys-images/Guardian/Pix/pictures/2014/7/13/1405277885521/84668980-1e04-4918-9c83-1d8164ec3461-bestSizeAvailable.jpeg?width=445&dpr=1&s=none&crop=none,../Scripts/output/guardian/guardian_images/guardian_2014-07-14_guardian_a23d72ba97_img02.jpeg,IPCC AR5 projected global average surface temperature changes in a high emissions scenario (RCP8.5; red) and low emissions scenario (RCP2.6; blue). Photograph: IPCC AR5,,1,graph,2,photo|photograph,0,likely_visualization,D:\FR\IGD\IPCC internship\output\guardian\guardian_images\guardian_images_dataviz_dedup\guardian_2014-07-14_guardian_a23d72ba97_img02.jpg,D:\FR\IGD\IPCC internship\output\guardian\guardian_images_2014.csv
guardian_b435d05b79,The Guardian,2014,"""global temperature""",Will 2014 be the hottest year on record?,https://www.theguardian.com/environment/2014/jul/23/will-2014-be-the-hottest-year-on-record,2014-07-23,2021-08-25,6,https://i.guim.co.uk/img/static/sys-images/Guardian/Pix/pictures/2014/7/23/1406118665531/564cb693-c8ca-4b11-8e9e-6860cd08c798-1020x451.png?width=465&dpr=1&s=none&crop=none,../Scripts/output/guardian/guardian_images/guardian_2014-07-23_guardian_b435d05b79_img06.png,Month by month global temperature anomalies Photograph: /HADCRUT4 Photograph: HADCRUT4,,1,graph,2,photo|photograph,0,likely_visualization,D:\FR\IGD\IPCC internship\output\guardian\guardian_images\guardian_images_dataviz_dedup\guardian_2014-07-23_guardian_b435d05b79_img06.jpg,D:\FR\IGD\IPCC internship\output\guardian\guardian_images_2014.csv
guardian_b435d05b79,The Guardian,2014,"""global temperature""",Will 2014 be the hottest year on record?,https://www.theguardian.com/environment/2014/jul/23/will-2014-be-the-hottest-year-on-record,2014-07-23,2021-08-25,7,https://i.guim.co.uk/img/static/sys-images/Guardian/Pix/pictures/2014/7/23/1406115261195/f1ad690b-7200-4d5f-b02b-6518a5ac9677-620x416.png?width=465&dpr=1&s=none&crop=none,../Scripts/output/guardian/guardian_images/guardian_2014-07-23_guardian_b435d05b79_img07.png,"Year on year variability caused by El Niño, La Nina and volcanic eruptions does not mask the steady increase in temperatures due to climate change. Photograph: Skeptical Science Photograph: Skeptical Science",,1,graph,2,photo|photograph,0,likely_visualization,D:\FR\IGD\IPCC internship\output\guardian\guardian_images\guardian_images_dataviz_dedup\guardian_2014-07-23_guardian_b435d05b79_img07.jpg,D:\FR\IGD\IPCC internship\output\guardian\guardian_images_2014.csv
guardian_b435d05b79,The Guardian,2014,"""global temperature""",Will 2014 be the hottest year on record?,https://www.theguardian.com/environment/2014/jul/23/will-2014-be-the-hottest-year-on-record,2014-07-23,2021-08-25,8,https://i.guim.co.uk/img/static/sys-images/Guardian/Pix/pictures/2014/7/23/1406109579235/c449cdd2-0cc7-4b77-82be-a32ae25443eb-620x308.png?width=465&dpr=1&s=none&crop=none,../Scripts/output/guardian/guardian_images/guardian_2014-07-23_guardian_b435d05b79_img08.png,El Niño and La Nina cause global temperatures to rise or fall year to year. The graph also shows the inexorable rise of temperatures due to climate change. Photograph: /Climate Central Photograph: Climate Central,,1,graph,2,photo|photograph,0,likely_visualization,D:\FR\IGD\IPCC internship\output\guardian\guardian_images\guardian_images_dataviz_dedup\guardian_2014-07-23_guardian_b435d05b79_img08.jpg,D:\FR\IGD\IPCC internship\output\guardian\guardian_images_2014.csv
guardian_cb3f42ed4e,The Guardian,2014,IPCC,10 reasons to be hopeful that we will overcome climate change,https://www.theguardian.com/environment/2014/jul/30/reasons-hopeful-overcome-climate-change-solar,2014-07-30,2021-08-25,2,https://i.guim.co.uk/img/static/sys-images/Guardian/Pix/pictures/2014/7/8/1404832141055/ad9cd1e3-e4d3-4a6c-b399-cbf896994a3b-620x411.png?width=445&dpr=1&s=none&crop=none,../Scripts/output/guardian/guardian_images/guardian_2014-07-30_guardian_cb3f42ed4e_img02.png,China’s project coal consumption with coal control measures Photograph: /Greenpeace Photograph: Greenpeace/EnergyDesk,,1,graph,2,photo|photograph,0,likely_visualization,D:\FR\IGD\IPCC internship\output\guardian\guardian_images\guardian_images_dataviz_dedup\guardian_2014-07-30_guardian_cb3f42ed4e_img02.jpg,D:\FR\IGD\IPCC internship\output\guardian\guardian_images_2014.csv
guardian_cb3f42ed4e,The Guardian,2014,IPCC,10 reasons to be hopeful that we will overcome climate change,https://www.theguardian.com/environment/2014/jul/30/reasons-hopeful-overcome-climate-change-solar,2014-07-30,2021-08-25,3,https://i.guim.co.uk/img/static/sys-images/Guardian/Pix/pictures/2014/7/9/1404902954154/3cd2ebc6-3827-46d6-889f-5fd627907cab-620x417.jpeg?width=445&dpr=1&s=none&crop=none,../Scripts/output/guardian/guardian_images/guardian_2014-07-30_guardian_cb3f42ed4e_img03.jpeg,CO2 emissions potential of listed fossil fuel reserves Photograph: Carbon Tracker Photograph: Carbon Tracker,,2,graph|tracker,2,photo|photograph,0,likely_visualization,D:\FR\IGD\IPCC internship\output\guardian\guardian_images\guardian_images_dataviz_dedup\guardian_2014-07-30_guardian_cb3f42ed4e_img03.jpg,D:\FR\IGD\IPCC internship\output\guardian\guardian_images_2014.csv
guardian_6bf64e3a19,The Guardian,2014,IPCC,Error in satellite record may have overestimated Antarctic sea ice expansion,https://www.theguardian.com/environment/climate-consensus-97-per-cent/2014/aug/01/error-may-have-overestimated-antarctic-sea-ice-expansion,2014-08-01,2021-08-25,2,https://i.guim.co.uk/img/static/sys-images/Guardian/Pix/pictures/2014/8/1/1406851560949/f0edf2c2-fd68-4e69-9165-5cf36ba3c3f6-620x210.png?width=445&dpr=1&s=none&crop=none,../Scripts/output/guardian/guardian_images/guardian_2014-08-01_guardian_6bf64e3a19_img02.png,"A change in algorithms leads to a potential spurious increase in sea ice. Figure from Eisenman, Meier, and Norris, distributed under the Creative Commons 3.0 License. Photograph: Eisenman, Meier, and Norris",,1,graph,2,photo|photograph,0,likely_visualization,D:\FR\IGD\IPCC internship\output\guardian\guardian_images\guardian_images_dataviz_dedup\guardian_2014-08-01_guardian_6bf64e3a19_img02.jpg,D:\FR\IGD\IPCC internship\output\guardian\guardian_images_2014.csv
guardian_6bf64e3a19,The Guardian,2014,IPCC,Error in satellite record may have overestimated Antarctic sea ice expansion,https://www.theguardian.com/environment/climate-consensus-97-per-cent/2014/aug/01/error-may-have-overestimated-antarctic-sea-ice-expansion,2014-08-01,2021-08-25,3,https://i.guim.co.uk/img/static/sys-images/Guardian/Pix/pictures/2014/8/1/1406851509376/677e3f7e-d484-46fb-b493-06c6bbffe2e2-620x237.png?width=445&dpr=1&s=none&crop=none,../Scripts/output/guardian/guardian_images/guardian_2014-08-01_guardian_6bf64e3a19_img03.png,"Time evolution of differences in ice extent from two algorithms. Figure from Eisenman, Meier, and Norris, distributed under the Creative Commons 3.0 License. Photograph: Eisenman, Meier, and Norris",,1,graph,2,photo|photograph,0,likely_visualization,D:\FR\IGD\IPCC internship\output\guardian\guardian_images\guardian_images_dataviz_dedup\guardian_2014-08-01_guardian_6bf64e3a19_img03.jpg,D:\FR\IGD\IPCC internship\output\guardian\guardian_images_2014.csv
guardian_12a39019a4,The Guardian,2014,IPCC,New study finds fringe global warming contrarians get disproportionate media attention,https://www.theguardian.com/environment/climate-consensus-97-per-cent/2014/aug/11/fringe-global-warming-contrarians-disproportionate-media,2014-08-11,2021-08-25,2,https://i.guim.co.uk/img/static/sys-images/Guardian/Pix/pictures/2014/8/2/1407011082622/0b4c6d54-3ccd-4887-aa49-2ff8bc060e6e-620x372.png?width=445&dpr=1&s=none&crop=none,../Scripts/output/guardian/guardian_images/guardian_2014-08-11_guardian_12a39019a4_img02.png,"Self-reported frequency of media coverage for respondents in different categories, segregated by their answer regarding the qualitative contribution of greenhouse gases to global warming. Source: Environmental Science & Technology (Verheggen et al. 2014) Photograph: Environmental Science & Technology",Environmental Science & Technology (Verheggen et al. 2014) Photograph: Environmental Science & Technology,2,graph|source:,2,photo|photograph,0,likely_visualization,D:\FR\IGD\IPCC internship\output\guardian\guardian_images\guardian_images_dataviz_dedup\guardian_2014-08-11_guardian_12a39019a4_img02.jpg,D:\FR\IGD\IPCC internship\output\guardian\guardian_images_2014.csv
guardian_12a39019a4,The Guardian,2014,IPCC,New study finds fringe global warming contrarians get disproportionate media attention,https://www.theguardian.com/environment/climate-consensus-97-per-cent/2014/aug/11/fringe-global-warming-contrarians-disproportionate-media,2014-08-11,2021-08-25,3,https://i.guim.co.uk/img/static/sys-images/Guardian/Pix/pictures/2014/8/2/1407013147111/e75d4747-3f01-4b82-b77d-00b32b058146-620x424.png?width=445&dpr=1&s=none&crop=none,../Scripts/output/guardian/guardian_images/guardian_2014-08-11_guardian_12a39019a4_img03.png,"Percent contributions of various effects to the observed global surface warming over the past 50-65 years according to Tett et al. 2000 (T00, dark blue), Meehl et al. 2004 (M04, red), Stone et al. 2007 (S07, green), Lean and Rind 2008 (LR08, purple), Huber and Knutti 2011 (HK11, light blue), and Gillett et al. 2012 (G12, orange). Photograph: Skeptical Science",,1,graph,2,photo|photograph,0,likely_visualization,D:\FR\IGD\IPCC internship\output\guardian\guardian_images\guardian_images_dataviz_dedup\guardian_2014-08-11_guardian_12a39019a4_img03.jpg,D:\FR\IGD\IPCC internship\output\guardian\guardian_images_2014.csv
guardian_a7c9791889,The Guardian,2014,IPCC,Jenny Jones: 'Boris gives credence to crank theories about climate change',https://www.theguardian.com/big-energy-debate/jenny-jones-boris-johnson-london-carbon-targets,2014-08-12,2019-07-10,2,https://i.guim.co.uk/img/static/sys-images/Guardian/Pix/pictures/2014/8/8/1407497302700/London-emissions-chart-006.jpg?width=445&dpr=1&s=none&crop=none,../Scripts/output/guardian/guardian_images/guardian_2014-08-12_guardian_a7c9791889_img02.jpg,London carbon emission reductions by performance and target.,,1,chart,0,,0,likely_visualization,D:\FR\IGD\IPCC internship\output\guardian\guardian_images\guardian_images_dataviz_dedup\guardian_2014-08-12_guardian_a7c9791889_img02.jpg,D:\FR\IGD\IPCC internship\output\guardian\guardian_images_2014.csv
guardian_e928d0f275,The Guardian,2014,"""1.5C""",Environment minister Greg Hunt admits Great Barrier Reef is in trouble,https://www.theguardian.com/environment/2014/aug/14/environment-minister-greg-hunt-admits-great-barrier-reef-is-in-trouble,2014-08-14,2021-08-25,2,https://i.guim.co.uk/img/static/sys-images/Guardian/Pix/pictures/2014/8/14/1407994253835/42451d64-408d-40af-9c50-de7eaa45c632-bestSizeAvailable.png?width=445&dpr=1&s=none&crop=none,../Scripts/output/guardian/guardian_images/guardian_2014-08-14_guardian_e928d0f275_img02.png,"Sea surface temperature anomalies for the Coral Sea, 1900–2013: This graph uses the 1961 to 1990 average as a baseline for depicting change. The hottest five-year running averages have all been in the last 15 years, with temperatures above the baseline in all those years. Source: Bureau of Meteorology Photograph: Bureau of Meteorology",Bureau of Meteorology Photograph: Bureau of Meteorology,2,graph|source:,2,photo|photograph,0,likely_visualization,D:\FR\IGD\IPCC internship\output\guardian\guardian_images\guardian_images_dataviz_dedup\guardian_2014-08-14_guardian_e928d0f275_img02.jpg,D:\FR\IGD\IPCC internship\output\guardian\guardian_images_2014.csv
guardian_e928d0f275,The Guardian,2014,"""1.5C""",Environment minister Greg Hunt admits Great Barrier Reef is in trouble,https://www.theguardian.com/environment/2014/aug/14/environment-minister-greg-hunt-admits-great-barrier-reef-is-in-trouble,2014-08-14,2021-08-25,3,https://i.guim.co.uk/img/static/sys-images/Guardian/Pix/pictures/2014/8/14/1407994391853/698dcaa5-c1ef-43cb-8893-545b70ab58d9-bestSizeAvailable.png?width=445&dpr=1&s=none&crop=none,../Scripts/output/guardian/guardian_images/guardian_2014-08-14_guardian_e928d0f275_img03.png,"Seagrass abundance score for intertidal seagrass meadows, 1999–2013: Substantial declines in the abundance score of intertidal seagrass meadows have been recorded south of about Cooktown since 2007. Some recovery was observed during 2012-13. Source: L.J. McKenzie, C. Collier and M. Waycott. Photograph: McKenzie et al","L.J. McKenzie, C. Collier and M. Waycott. Photograph: McKenzie et al",2,graph|source:,2,photo|photograph,0,likely_visualization,D:\FR\IGD\IPCC internship\output\guardian\guardian_images\guardian_images_dataviz_dedup\guardian_2014-08-14_guardian_e928d0f275_img03.jpg,D:\FR\IGD\IPCC internship\output\guardian\guardian_images_2014.csv
guardian_e928d0f275,The Guardian,2014,"""1.5C""",Environment minister Greg Hunt admits Great Barrier Reef is in trouble,https://www.theguardian.com/environment/2014/aug/14/environment-minister-greg-hunt-admits-great-barrier-reef-is-in-trouble,2014-08-14,2021-08-25,4,https://i.guim.co.uk/img/static/sys-images/Guardian/Pix/pictures/2014/8/14/1407994524675/08c7ec41-e189-4d2c-bddb-a70a36f3d9a1-bestSizeAvailable.png?width=445&dpr=1&s=none&crop=none,../Scripts/output/guardian/guardian_images/guardian_2014-08-14_guardian_e928d0f275_img04.png,"Number of recreational vessels registered in the catchment, 1987–2013: The number of vessels registered in areas close to the Great Barrier Reef has continued to increase. Source: Department of Transport and Main Roads (Qld) Photograph: Department of Transport and Main Roads (Qld)",Department of Transport and Main Roads (Qld) Photograph: Department of Transport and Main Roads (Qld),2,graph|source:,3,epa|photo|photograph,0,likely_visualization,D:\FR\IGD\IPCC internship\output\guardian\guardian_images\guardian_images_dataviz_dedup\guardian_2014-08-14_guardian_e928d0f275_img04.jpg,D:\FR\IGD\IPCC internship\output\guardian\guardian_images_2014.csv
guardian_e928d0f275,The Guardian,2014,"""1.5C""",Environment minister Greg Hunt admits Great Barrier Reef is in trouble,https://www.theguardian.com/environment/2014/aug/14/environment-minister-greg-hunt-admits-great-barrier-reef-is-in-trouble,2014-08-14,2021-08-25,5,https://i.guim.co.uk/img/static/sys-images/Guardian/Pix/pictures/2014/8/14/1407994726574/652fa24e-1165-439e-920d-7ef1ea44d826-bestSizeAvailable.png?width=445&dpr=1&s=none&crop=none,../Scripts/output/guardian/guardian_images/guardian_2014-08-14_guardian_e928d0f275_img05.png,"Dredge material disposal, Great Barrier Reef World Heritage Area, 2001–2013: Between 2001 and 2013, approximately 28 million cubic metres of dredge material was disposed in the World Heritage Area. Source: GBRMPA Photograph: GBRMPA",GBRMPA Photograph: GBRMPA,2,graph|source:,2,photo|photograph,0,likely_visualization,D:\FR\IGD\IPCC internship\output\guardian\guardian_images\guardian_images_dataviz_dedup\guardian_2014-08-14_guardian_e928d0f275_img05.jpg,D:\FR\IGD\IPCC internship\output\guardian\guardian_images_2014.csv
guardian_e928d0f275,The Guardian,2014,"""1.5C""",Environment minister Greg Hunt admits Great Barrier Reef is in trouble,https://www.theguardian.com/environment/2014/aug/14/environment-minister-greg-hunt-admits-great-barrier-reef-is-in-trouble,2014-08-14,2021-08-25,6,https://i.guim.co.uk/img/static/sys-images/Guardian/Pix/pictures/2014/8/14/1407994913829/63c044d8-8381-48ac-9498-66d16e9f288b-bestSizeAvailable.png?width=445&dpr=1&s=none&crop=none,../Scripts/output/guardian/guardian_images/guardian_2014-08-14_guardian_e928d0f275_img06.png,"Management effectiveness, impacts and risk associated with factors influencing the region’s values: In general, the influencing factors and direct uses that have the most severe impact on the region’s values and weaker management effectiveness present a higher future risk. Source: GBRMPA Photograph: GBRMPA",GBRMPA Photograph: GBRMPA,2,graph|source:,2,photo|photograph,0,likely_visualization,D:\FR\IGD\IPCC internship\output\guardian\guardian_images\guardian_images_dataviz_dedup\guardian_2014-08-14_guardian_e928d0f275_img06.jpg,D:\FR\IGD\IPCC internship\output\guardian\guardian_images_2014.csv
guardian_8b37de7e4a,The Guardian,2014,"""global temperature""","Global warming slowdown answer lies in depths of Atlantic, study finds",https://www.theguardian.com/environment/2014/aug/21/global-warming-slowdown-answer-lies-in-depths-of-atlantic-study-finds,2014-08-21,2021-08-25,2,https://i.guim.co.uk/img/static/sys-images/Guardian/Pix/pictures/2014/8/21/1408639416007/b65379bc-1bea-413b-82a2-97ab192b395b-bestSizeAvailable.jpeg?width=445&dpr=1&s=none&crop=none,../Scripts/output/guardian/guardian_images/guardian_2014-08-21_guardian_8b37de7e4a_img02.jpeg,Global temperature rise and CO2. Photograph: /Guardian Photograph: Guardian,,1,graph,2,photo|photograph,0,likely_visualization,D:\FR\IGD\IPCC internship\output\guardian\guardian_images\guardian_images_dataviz_dedup\guardian_2014-08-21_guardian_8b37de7e4a_img02.jpg,D:\FR\IGD\IPCC internship\output\guardian\guardian_images_2014.csv
guardian_82b62864f4,The Guardian,2014,"""global temperature""",Unpacking unpaused global warming – climate models got it right,https://www.theguardian.com/environment/climate-consensus-97-per-cent/2014/aug/25/unpacking-unpaused-global-warming-climate-models-right,2014-08-25,2021-08-25,2,https://i.guim.co.uk/img/static/sys-images/Guardian/Pix/pictures/2014/8/22/1408744118679/3d19716e-d36a-41dc-a400-ff64d064d2b8-620x446.png?width=445&dpr=1&s=none&crop=none,../Scripts/output/guardian/guardian_images/guardian_2014-08-25_guardian_82b62864f4_img02.png,"Mean of CMIP5 climate model ensemble surface temperature projections unadjusted (dotted orange) and adjusted for internal variability & external forcings (solid orange), vs. Met Office (solid black) and Cowtan & Way (dashed black) observed surface temperatures. Source; Nature Geoscience; Huber & Knutti (2014) Photograph: Nature Geoscience; Huber & Knutti (2014)",,1,graph,2,photo|photograph,0,likely_visualization,D:\FR\IGD\IPCC internship\output\guardian\guardian_images\guardian_images_dataviz_dedup\guardian_2014-08-25_guardian_82b62864f4_img02.jpg,D:\FR\IGD\IPCC internship\output\guardian\guardian_images_2014.csv
guardian_270ea745da,The Guardian,2014,"""carbon budget""",Will cutting carbon emissions save the UK money?,https://www.theguardian.com/environment/live/2014/sep/10/will-cutting-carbon-emissions-save-the-uk-money,2014-09-10,2021-08-25,3,https://i.guim.co.uk/img/static/sys-images/Guardian/Pix/pictures/2014/9/10/1410347770082/3cf62233-53dc-428d-b13d-37328e73e242-bestSizeAvailable.png?width=465&dpr=1&s=none&crop=none,../Scripts/output/guardian/guardian_images/guardian_2014-09-10_guardian_270ea745da_img03.png,Household income effects,,0,,0,,1,broad_candidate,D:\FR\IGD\IPCC internship\output\guardian\guardian_images\guardian_images_dataviz_dedup\guardian_2014-09-10_guardian_270ea745da_img03.jpg,D:\FR\IGD\IPCC internship\output\guardian\guardian_images_2014.csv
guardian_270ea745da,The Guardian,2014,"""carbon budget""",Will cutting carbon emissions save the UK money?,https://www.theguardian.com/environment/live/2014/sep/10/will-cutting-carbon-emissions-save-the-uk-money,2014-09-10,2021-08-25,4,https://i.guim.co.uk/img/static/sys-images/Guardian/Pix/pictures/2014/9/10/1410347803817/448b355c-2447-4d45-99c1-f15f737e112d-bestSizeAvailable.png?width=465&dpr=1&s=none&crop=none,../Scripts/output/guardian/guardian_images/guardian_2014-09-10_guardian_270ea745da_img04.png,Household expenditure effects,,0,,0,,1,broad_candidate,D:\FR\IGD\IPCC internship\output\guardian\guardian_images\guardian_images_dataviz_dedup\guardian_2014-09-10_guardian_270ea745da_img04.jpg,D:\FR\IGD\IPCC internship\output\guardian\guardian_images_2014.csv
guardian_72db8986b9,The Guardian,2014,"""global temperature""",Stopping climate meltdown needs the courage that saved the ozone layer,https://www.theguardian.com/environment/georgemonbiot/2014/sep/11/stopping-climate-meltdown-needs-the-political-courage-that-saved-the-ozone-layer,2014-09-11,2021-08-25,1,https://i.guim.co.uk/img/static/sys-images/Guardian/Pix/pictures/2014/9/11/1410447429436/a6cdb2d9-eac9-41a1-ac4c-2a1d580597cd-620x372.png?width=465&dpr=1&s=none&crop=none,../Scripts/output/guardian/guardian_images/guardian_2014-09-11_guardian_72db8986b9_img01.png,"The largest ozone layer hole, in 2006 Photograph: NASA",,1,graph,2,photo|photograph,0,likely_visualization,D:\FR\IGD\IPCC internship\output\guardian\guardian_images\guardian_images_dataviz_dedup\guardian_2014-09-11_guardian_72db8986b9_img01.jpg,D:\FR\IGD\IPCC internship\output\guardian\guardian_images_2014.csv
guardian_b7b354f50a,The Guardian,2014,IPCC,The 97% v the 3% – just how much global warming are humans causing?,https://www.theguardian.com/environment/climate-consensus-97-per-cent/2014/sep/15/97-vs-3-how-much-global-warming-are-humans-causing,2014-09-15,2021-08-25,2,https://i.guim.co.uk/img/static/sys-images/Guardian/Pix/pictures/2014/9/13/1410641043929/1a0eb693-9aa5-4ccf-a94b-f7637ce72a65-620x429.png?width=445&dpr=1&s=none&crop=none,../Scripts/output/guardian/guardian_images/guardian_2014-09-15_guardian_b7b354f50a_img02.png,"IPCC AR5 figure 10.5: Likely ranges (whiskers) and their mid-points (bars) for attributable warming trends over the 1951–2010 period due to greenhouse gases, other anthropogenic forcings (OA), natural forcings (NAT), combined anthropogenic forcings (ANT) and internal variability. The HadCRUT4 observations are shown in black.",,1,table,0,,0,likely_visualization,D:\FR\IGD\IPCC internship\output\guardian\guardian_images\guardian_images_dataviz_dedup\guardian_2014-09-15_guardian_b7b354f50a_img02.jpg,D:\FR\IGD\IPCC internship\output\guardian\guardian_images_2014.csv
guardian_b7b354f50a,The Guardian,2014,IPCC,The 97% v the 3% – just how much global warming are humans causing?,https://www.theguardian.com/environment/climate-consensus-97-per-cent/2014/sep/15/97-vs-3-how-much-global-warming-are-humans-causing,2014-09-15,2021-08-25,3,https://i.guim.co.uk/img/static/sys-images/Guardian/Pix/pictures/2014/9/13/1410641130334/46097a7b-cd16-4e0b-8281-cf7f801587db-620x498.png?width=445&dpr=1&s=none&crop=none,../Scripts/output/guardian/guardian_images/guardian_2014-09-15_guardian_b7b354f50a_img03.png,"The probability density function for the fraction of warming attributable to human activity (derived from figure 10.5 in IPCC AR5). The bulk of the probability is far to the right of the ‘50%’ line, and the peak is around 110%. Source: RealClimate",RealClimate,2,source:|table,0,,0,likely_visualization,D:\FR\IGD\IPCC internship\output\guardian\guardian_images\guardian_images_dataviz_dedup\guardian_2014-09-15_guardian_b7b354f50a_img03.jpg,D:\FR\IGD\IPCC internship\output\guardian\guardian_images_2014.csv
guardian_e717c8e576,The Guardian,2014,IPCC,UN climate change summit in New York – as it happened,https://www.theguardian.com/environment/blog/live/2014/sep/23/un-climate-change-summit-in-new-york-live-coverage,2014-09-23,2021-08-26,1,https://i.guim.co.uk/img/static/sys-images/Guardian/Pix/pictures/2014/9/23/1411500132601/6e51a363-2eee-471e-96ad-ff05ca823784-620x302.png?width=465&dpr=1&s=none&crop=none,../Scripts/output/guardian/guardian_images/guardian_2014-09-23_guardian_e717c8e576_img01.png,UN survey of attitudes towards global priorities Photograph: http://data.myworld2015.org/,,2,data|graph,2,photo|photograph,0,likely_visualization,D:\FR\IGD\IPCC internship\output\guardian\guardian_images\guardian_images_dataviz_dedup\guardian_2014-09-23_guardian_e717c8e576_img01.jpg,D:\FR\IGD\IPCC internship\output\guardian\guardian_images_2014.csv
guardian_8c894a399e,The Guardian,2014,"""carbon budget""",Record year for fossil fuel emissions pushes carbon budget to the brink,https://www.theguardian.com/environment/planet-oz/2014/sep/24/record-year-for-fossil-fuel-emissions-declared-pushes-carbon-budget-to-the-brink,2014-09-24,2021-08-25,2,https://i.guim.co.uk/img/static/sys-images/Guardian/Pix/pictures/2014/9/24/1411558027579/8405c60e-53ea-4876-874a-36bfc3ca4ad5-2060x1395.jpeg?width=445&dpr=1&s=none&crop=none,../Scripts/output/guardian/guardian_images/guardian_2014-09-24_guardian_8c894a399e_img02.jpeg,Chart showing the growth in carbon dioxide emissions from world’s top four regions from 1960 to 2013. Image: Global Carbon Project Photograph: Global Carbon Project,,2,chart|graph,2,photo|photograph,0,likely_visualization,D:\FR\IGD\IPCC internship\output\guardian\guardian_images\guardian_images_dataviz_dedup\guardian_2014-09-24_guardian_8c894a399e_img02.jpg,D:\FR\IGD\IPCC internship\output\guardian\guardian_images_2014.csv
guardian_8c894a399e,The Guardian,2014,"""carbon budget""",Record year for fossil fuel emissions pushes carbon budget to the brink,https://www.theguardian.com/environment/planet-oz/2014/sep/24/record-year-for-fossil-fuel-emissions-declared-pushes-carbon-budget-to-the-brink,2014-09-24,2021-08-25,3,https://i.guim.co.uk/img/static/sys-images/Guardian/Pix/pictures/2014/9/24/1411558223238/821e18d4-779b-4c3b-86b5-fcae8fc49a77-2060x1424.jpeg?width=445&dpr=1&s=none&crop=none,../Scripts/output/guardian/guardian_images/guardian_2014-09-24_guardian_8c894a399e_img03.jpeg,Coal burning has long overtaken oil as a major source of carbon dioxide emissions. Image: Global Carbon Project Photograph: Global Carbon Project,,1,graph,2,photo|photograph,0,likely_visualization,D:\FR\IGD\IPCC internship\output\guardian\guardian_images\guardian_images_dataviz_dedup\guardian_2014-09-24_guardian_8c894a399e_img03.jpg,D:\FR\IGD\IPCC internship\output\guardian\guardian_images_2014.csv
guardian_0c3e56c4f5,The Guardian,2014,IPCC,Could the 2C climate target be completely wrong?,https://www.theguardian.com/environment/2014/oct/01/2c-climate-change-target-global-warming-nature-paper,2014-10-01,2021-08-25,4,https://i.guim.co.uk/img/static/sys-images/Guardian/Pix/pictures/2014/10/1/1412183925814/7109998c-1538-418d-8e6f-626ff735c81e-bestSizeAvailable.png?width=445&dpr=1&s=none&crop=none,../Scripts/output/guardian/guardian_images/guardian_2014-10-01_guardian_0c3e56c4f5_img04.png,Emissions pathway. Photograph: Guardian,,1,graph,2,photo|photograph,0,likely_visualization,D:\FR\IGD\IPCC internship\output\guardian\guardian_images\guardian_images_dataviz_dedup\guardian_2014-10-01_guardian_0c3e56c4f5_img04.jpg,D:\FR\IGD\IPCC internship\output\guardian\guardian_images_2014.csv
guardian_7703c20e25,The Guardian,2014,"""sea level rise""",US east coast cities face frequent flooding due to climate change,https://www.theguardian.com/environment/2014/oct/08/us-east-coast-cities-face-frequent-flooding-due-to-climate-change,2014-10-08,2021-08-25,2,https://i.guim.co.uk/img/static/sys-images/Guardian/Pix/pictures/2014/10/7/1412692091392/2cee9e70-8b7f-434e-b408-455751cbec30-353x720.png?width=445&dpr=1&s=none&crop=none,../Scripts/output/guardian/guardian_images/guardian_2014-10-08_guardian_7703c20e25_img02.png,UCS tidal flooding projections Illustration: UCS,,0,,0,,1,broad_candidate,D:\FR\IGD\IPCC internship\output\guardian\guardian_images\guardian_images_dataviz_dedup\guardian_2014-10-08_guardian_7703c20e25_img02.jpg,D:\FR\IGD\IPCC internship\output\guardian\guardian_images_2014.csv
guardian_d236205e5a,The Guardian,2014,"""sea level rise""",Why is Antarctic sea ice at record levels despite global warming?,https://www.theguardian.com/environment/2014/oct/09/why-is-antarctic-sea-ice-at-record-levels-despite-global-warming,2014-10-09,2017-02-22,3,https://i.guim.co.uk/img/static/sys-images/Guardian/Pix/pictures/2014/10/8/1412784723895/bc5b120f-95f3-4cc3-925e-8d5cd05cea13-615x720.png?width=445&dpr=1&s=none&crop=none,../Scripts/output/guardian/guardian_images/guardian_2014-10-09_guardian_d236205e5a_img03.png,"This map shows Antarctic sea ice growth is not uniform. The dark red area at the bottom is the Ross sea, where 80% of Antarctic sea ice is being created by cold air blowing off the continent. Above, near the Antarctic Peninsula, is the Bellingshausen Sea where circulation brings warm air from the north and sea ice is declining (blue area). Photograph: sd",,2,graph|map,2,photo|photograph,0,likely_visualization,D:\FR\IGD\IPCC internship\output\guardian\guardian_images\guardian_images_dataviz_dedup\guardian_2014-10-09_guardian_d236205e5a_img03.jpg,D:\FR\IGD\IPCC internship\output\guardian\guardian_images_2014.csv
guardian_3a61b560ca,The Guardian,2014,IPCC,10 sustainable innovations: from solar-powered suitcases to floating classrooms,https://www.theguardian.com/sustainable-business/photography-blog/2014/oct/29/10-sustainable-innovations-solar-powered-suitcases-floating-classrooms,2014-10-29,2022-10-19,11,https://i.guim.co.uk/img/static/sys-images/Guardian/Pix/pictures/2014/10/28/1414513962981/cd3430be-6956-4b5e-8e41-f1da753d3eff-1020x612.jpeg?width=445&dpr=1&s=none&crop=none,../Scripts/output/guardian/guardian_images/guardian_2014-10-29_guardian_3a61b560ca_img11.jpeg,Utilities use Opower to share money-saving insights with custumers. Photograph: Opower,,1,graph,2,photo|photograph,0,likely_visualization,D:\FR\IGD\IPCC internship\output\guardian\guardian_images\guardian_images_dataviz_dedup\guardian_2014-10-29_guardian_3a61b560ca_img11.jpg,D:\FR\IGD\IPCC internship\output\guardian\guardian_images_2014.csv
guardian_43f282196c,The Guardian,2014,"""sea level rise""",IPCC report: six graphs that show how we're changing the world's climate,https://www.theguardian.com/environment/2014/oct/31/ipcc-report-six-graphs-that-show-how-were-changing-the-worlds-climate,2014-10-31,2021-08-25,2,https://i.guim.co.uk/img/static/sys-images/Guardian/Pix/pictures/2014/10/31/1414753752006/00ea10d8-60d5-4307-b277-97019382df01-540x363.png?width=445&dpr=1&s=none&crop=none,../Scripts/output/guardian/guardian_images/guardian_2014-10-31_guardian_43f282196c_img02.png,"Map of the observed surface temperature change, from 1901 to 2012, derived from temperature trends determined by linear regression from one data set Photograph: IPCC",,3,data|graph|map,2,photo|photograph,0,likely_visualization,D:\FR\IGD\IPCC internship\output\guardian\guardian_images\guardian_images_dataviz_dedup\guardian_2014-10-31_guardian_43f282196c_img02.jpg,D:\FR\IGD\IPCC internship\output\guardian\guardian_images_2014.csv
guardian_43f282196c,The Guardian,2014,"""sea level rise""",IPCC report: six graphs that show how we're changing the world's climate,https://www.theguardian.com/environment/2014/oct/31/ipcc-report-six-graphs-that-show-how-were-changing-the-worlds-climate,2014-10-31,2021-08-25,3,https://i.guim.co.uk/img/static/sys-images/Guardian/Pix/pictures/2014/10/31/1414751754737/9cb492f4-c47e-4507-a624-15435b90817c-657x720.png?width=445&dpr=1&s=none&crop=none,../Scripts/output/guardian/guardian_images/guardian_2014-10-31_guardian_43f282196c_img03.png,"Observed global mean combined land and ocean surface temperature anomalies, from 1850 to 2012 from three data sets. Top panel: annual mean values. Bottom panel: decadal mean values including the estimate of uncertainty for one dataset (black). Anomalies are relative to the mean of 1961−1990 Photograph: Average global temperatures – IPCC",,2,data|graph,2,photo|photograph,0,likely_visualization,D:\FR\IGD\IPCC internship\output\guardian\guardian_images\guardian_images_dataviz_dedup\guardian_2014-10-31_guardian_43f282196c_img03.jpg,D:\FR\IGD\IPCC internship\output\guardian\guardian_images_2014.csv
guardian_43f282196c,The Guardian,2014,"""sea level rise""",IPCC report: six graphs that show how we're changing the world's climate,https://www.theguardian.com/environment/2014/oct/31/ipcc-report-six-graphs-that-show-how-were-changing-the-worlds-climate,2014-10-31,2021-08-25,4,https://i.guim.co.uk/img/static/sys-images/Guardian/Pix/pictures/2014/10/31/1414751968306/d83dffac-d060-4b77-88c0-77916e18e233-1020x397.png?width=445&dpr=1&s=none&crop=none,../Scripts/output/guardian/guardian_images/guardian_2014-10-31_guardian_43f282196c_img04.png,"Projections for increase in average temperatures in 2081– 2100, above late 20th-century average temperature Photograph: IPCC",,1,graph,2,photo|photograph,0,likely_visualization,D:\FR\IGD\IPCC internship\output\guardian\guardian_images\guardian_images_dataviz_dedup\guardian_2014-10-31_guardian_43f282196c_img04.jpg,D:\FR\IGD\IPCC internship\output\guardian\guardian_images_2014.csv
guardian_43f282196c,The Guardian,2014,"""sea level rise""",IPCC report: six graphs that show how we're changing the world's climate,https://www.theguardian.com/environment/2014/oct/31/ipcc-report-six-graphs-that-show-how-were-changing-the-worlds-climate,2014-10-31,2021-08-25,5,https://i.guim.co.uk/img/static/sys-images/Guardian/Pix/pictures/2014/10/31/1414751516388/454c8828-a7e5-4907-8b48-9c51fc158b35-620x355.png?width=445&dpr=1&s=none&crop=none,../Scripts/output/guardian/guardian_images/guardian_2014-10-31_guardian_43f282196c_img05.png,"Global mean sea level, relative to the 1900–1905 mean of the longest running dataset. There are four datasets, each marked by a different colour. Photograph: IPCC",,2,data|graph,2,photo|photograph,0,likely_visualization,D:\FR\IGD\IPCC internship\output\guardian\guardian_images\guardian_images_dataviz_dedup\guardian_2014-10-31_guardian_43f282196c_img05.jpg,D:\FR\IGD\IPCC internship\output\guardian\guardian_images_2014.csv
guardian_43f282196c,The Guardian,2014,"""sea level rise""",IPCC report: six graphs that show how we're changing the world's climate,https://www.theguardian.com/environment/2014/oct/31/ipcc-report-six-graphs-that-show-how-were-changing-the-worlds-climate,2014-10-31,2021-08-25,6,https://i.guim.co.uk/img/static/sys-images/Guardian/Pix/pictures/2014/10/31/1414752095966/1e0c7f8c-2674-4b39-8a8d-79e35a812a88-620x356.png?width=445&dpr=1&s=none&crop=none,../Scripts/output/guardian/guardian_images/guardian_2014-10-31_guardian_43f282196c_img06.png,Extent of Arctic July-August-September (summer) average sea ice Photograph: IPCC,,1,graph,2,photo|photograph,0,likely_visualization,D:\FR\IGD\IPCC internship\output\guardian\guardian_images\guardian_images_dataviz_dedup\guardian_2014-10-31_guardian_43f282196c_img06.jpg,D:\FR\IGD\IPCC internship\output\guardian\guardian_images_2014.csv
guardian_43f282196c,The Guardian,2014,"""sea level rise""",IPCC report: six graphs that show how we're changing the world's climate,https://www.theguardian.com/environment/2014/oct/31/ipcc-report-six-graphs-that-show-how-were-changing-the-worlds-climate,2014-10-31,2021-08-25,7,https://i.guim.co.uk/img/static/sys-images/Guardian/Pix/pictures/2014/10/31/1414752307232/f4536b5b-5acd-416b-8b6f-b9b1b538692c-620x444.png?width=445&dpr=1&s=none&crop=none,../Scripts/output/guardian/guardian_images/guardian_2014-10-31_guardian_43f282196c_img07.png,Annual global greenhouse gas emissions Photograph: IPCC,,1,graph,2,photo|photograph,0,likely_visualization,D:\FR\IGD\IPCC internship\output\guardian\guardian_images\guardian_images_dataviz_dedup\guardian_2014-10-31_guardian_43f282196c_img07.jpg,D:\FR\IGD\IPCC internship\output\guardian\guardian_images_2014.csv
guardian_4acbef978f,The Guardian,2014,"""global temperature""","We must manage global warming risks by cutting carbon pollution, top scientists conclude",https://www.theguardian.com/environment/climate-consensus-97-per-cent/2014/nov/10/we-must-manage-global-warming-risks-by-cutting-carbon-pollution-ipcc,2014-11-10,2021-08-25,2,https://i.guim.co.uk/img/static/sys-images/Guardian/Pix/pictures/2014/11/8/1415471135194/b75d7602-352c-4b24-ab80-6dc5a9c17278-1020x443.png?width=445&dpr=1&s=none&crop=none,../Scripts/output/guardian/guardian_images/guardian_2014-11-10_guardian_4acbef978f_img02.png,"Summary of projected changes in crop yields, due to climate change over the 21st century. Yellow indicates studies that project crop yield decreases, blue indicates studies projecting increases. Illustration: IPCC AR5",,0,,0,,1,broad_candidate,D:\FR\IGD\IPCC internship\output\guardian\guardian_images\guardian_images_dataviz_dedup\guardian_2014-11-10_guardian_4acbef978f_img02.jpg,D:\FR\IGD\IPCC internship\output\guardian\guardian_images_2014.csv
guardian_8ca97a7101,The Guardian,2014,"""global temperature""","Rich countries subsidising oil, gas and coal companies by $88bn a year",https://www.theguardian.com/environment/2014/nov/11/rich-countries-subsidising-oil-gas-and-coal-companies-by-88bn-a-year,2014-11-11,2021-08-25,2,https://i.guim.co.uk/img/static/sys-images/Guardian/Pix/pictures/2014/11/11/1415697344432/43dde564-de91-4902-a286-c8243cc9f0e3-540x373.png?width=445&dpr=1&s=none&crop=none,../Scripts/output/guardian/guardian_images/guardian_2014-11-11_guardian_8ca97a7101_img02.png,Oil and gas exploration expenditure in G20 countries (public and private). Photograph: ODI/Rystad Energy,,1,graph,2,photo|photograph,0,likely_visualization,D:\FR\IGD\IPCC internship\output\guardian\guardian_images\guardian_images_dataviz_dedup\guardian_2014-11-11_guardian_8ca97a7101_img02.jpg,D:\FR\IGD\IPCC internship\output\guardian\guardian_images_2014.csv
guardian_be52368250,The Guardian,2014,"""global temperature""",US and China strike deal on carbon cuts in push for global climate change pact,https://www.theguardian.com/environment/2014/nov/12/china-and-us-make-carbon-pledge,2014-11-12,2021-08-25,2,https://i.guim.co.uk/img/static/sys-images/Guardian/Pix/pictures/2014/11/12/1415768805576/98f23503-0e06-4546-a215-05e2d2140833-620x372.png?width=445&dpr=1&s=none&crop=none,../Scripts/output/guardian/guardian_images/guardian_2014-11-12_guardian_be52368250_img02.png,Emissions of G20 countries. Photograph: Nick Evershed/Guardian Australia,,1,graph,2,photo|photograph,0,likely_visualization,D:\FR\IGD\IPCC internship\output\guardian\guardian_images\guardian_images_dataviz_dedup\guardian_2014-11-12_guardian_be52368250_img02.jpg,D:\FR\IGD\IPCC internship\output\guardian\guardian_images_2014.csv
guardian_2ead5069ab,The Guardian,2014,IPCC,Volcanoes may be responsible for most of the global surface warming slowdown,https://www.theguardian.com/environment/climate-consensus-97-per-cent/2014/dec/03/volcanoes-responsible-for-lot-of-global-surface-warming-slowdown,2014-12-03,2021-08-25,2,https://i.guim.co.uk/img/static/sys-images/Guardian/Pix/pictures/2014/11/30/1417379677679/dcfe4900-c8e5-4c11-8f49-9e67127862f7-2060x1397.jpeg?width=445&dpr=1&s=none&crop=none,../Scripts/output/guardian/guardian_images/guardian_2014-12-03_guardian_2ead5069ab_img02.jpeg,"IPCC AR5 Figure 1.4. Solid lines and squares represent measured average global surface temperature changes by NASA (blue), NOAA (yellow), and the UK Hadley Centre (green). The colored shading shows the projected range of surface warming in the IPCC First Assessment Report (FAR; yellow), Second (SAR; green), Third (TAR; blue), and Fourth (AR4; red).",,0,,0,,1,broad_candidate,D:\FR\IGD\IPCC internship\output\guardian\guardian_images\guardian_images_dataviz_dedup\guardian_2014-12-03_guardian_2ead5069ab_img02.jpg,D:\FR\IGD\IPCC internship\output\guardian\guardian_images_2014.csv
guardian_fb4cadb4d5,The Guardian,2014,"""1.5C""",2014 on track to be England's hottest year in over three centuries,https://www.theguardian.com/environment/2014/dec/03/2014-on-track-to-be-englands-hottest-year-in-over-three-centuries,2014-12-03,2021-08-26,2,https://i.guim.co.uk/img/static/sys-images/Guardian/Pix/pictures/2014/12/3/1417597270066/4c197070-5cdb-416e-87e5-a8a7b505732e-1020x719.png?width=445&dpr=1&s=none&crop=none,../Scripts/output/guardian/guardian_images/guardian_2014-12-03_guardian_fb4cadb4d5_img02.png,Temperature records in England. Photograph: Reading University,,1,graph,2,photo|photograph,0,likely_visualization,D:\FR\IGD\IPCC internship\output\guardian\guardian_images\guardian_images_dataviz_dedup\guardian_2014-12-03_guardian_fb4cadb4d5_img02.jpg,D:\FR\IGD\IPCC internship\output\guardian\guardian_images_2014.csv
guardian_e13e2c85ce,The Guardian,2014,"""climate change""",Lima climate talks: South American diplomats hopeful of progress on deal,https://www.theguardian.com/environment/2014/dec/09/south-america-cant-hope-for-progress-at-lima-and-renege-on-climate-pledges,2014-12-09,2021-08-25,4,https://i.guim.co.uk/img/static/sys-images/Guardian/Pix/pictures/2014/12/8/1418032846358/27121a82-4426-46a5-8f64-9dfe67002844-460x448.png?width=445&dpr=1&s=none&crop=none,../Scripts/output/guardian/guardian_images/guardian_2014-12-09_guardian_e13e2c85ce_img04.png,Brazil’s ‘concentric differentiation’ approach to emission reductions. Photograph: UNFCCC,,1,graph,2,photo|photograph,0,likely_visualization,D:\FR\IGD\IPCC internship\output\guardian\guardian_images\guardian_images_dataviz_dedup\guardian_2014-12-09_guardian_e13e2c85ce_img04.jpg,D:\FR\IGD\IPCC internship\output\guardian\guardian_images_2014.csv
guardian_36ad0813f3,The Guardian,2014,"""climate change""",How climate change will affect every part of NSW and the ACT,https://www.theguardian.com/news/datablog/2014/dec/10/how-climate-change-will-affect-every-part-of-nsw-and-the-act,2014-12-10,2021-08-25,2,https://i.guim.co.uk/img/static/sys-images/Guardian/Pix/pictures/2014/12/10/1418183097647/3ae11d6b-1e5c-4400-8d88-61797351fdd2-2060x1236.jpeg?width=445&dpr=1&s=none&crop=none,../Scripts/output/guardian/guardian_images/guardian_2014-12-10_guardian_36ad0813f3_img02.jpeg,Adapt NSW Illustration: Adapt NSW,,0,,0,,1,broad_candidate,D:\FR\IGD\IPCC internship\output\guardian\guardian_images\guardian_images_dataviz_dedup\guardian_2014-12-10_guardian_36ad0813f3_img02.jpg,D:\FR\IGD\IPCC internship\output\guardian\guardian_images_2014.csv
guardian_36ad0813f3,The Guardian,2014,"""climate change""",How climate change will affect every part of NSW and the ACT,https://www.theguardian.com/news/datablog/2014/dec/10/how-climate-change-will-affect-every-part-of-nsw-and-the-act,2014-12-10,2021-08-25,3,https://i.guim.co.uk/img/static/sys-images/Guardian/Pix/pictures/2014/12/10/1418183241065/12c131c5-c006-4b16-b912-15af483528f8-2060x1431.jpeg?width=445&dpr=1&s=none&crop=none,../Scripts/output/guardian/guardian_images/guardian_2014-12-10_guardian_36ad0813f3_img03.jpeg,Illustration: Adapt NSW,,0,,0,,1,broad_candidate,D:\FR\IGD\IPCC internship\output\guardian\guardian_images\guardian_images_dataviz_dedup\guardian_2014-12-10_guardian_36ad0813f3_img03.jpg,D:\FR\IGD\IPCC internship\output\guardian\guardian_images_2014.csv
guardian_36ad0813f3,The Guardian,2014,"""climate change""",How climate change will affect every part of NSW and the ACT,https://www.theguardian.com/news/datablog/2014/dec/10/how-climate-change-will-affect-every-part-of-nsw-and-the-act,2014-12-10,2021-08-25,4,https://i.guim.co.uk/img/static/sys-images/Guardian/Pix/pictures/2014/12/10/1418183345162/3ae27b5e-a6d5-4440-9d4a-37803345ee54-2060x1236.jpeg?width=445&dpr=1&s=none&crop=none,../Scripts/output/guardian/guardian_images/guardian_2014-12-10_guardian_36ad0813f3_img04.jpeg,Illustration: Adapt NSW,,0,,0,,1,broad_candidate,D:\FR\IGD\IPCC internship\output\guardian\guardian_images\guardian_images_dataviz_dedup\guardian_2014-12-10_guardian_36ad0813f3_img04.jpg,D:\FR\IGD\IPCC internship\output\guardian\guardian_images_2014.csv
guardian_36ad0813f3,The Guardian,2014,"""climate change""",How climate change will affect every part of NSW and the ACT,https://www.theguardian.com/news/datablog/2014/dec/10/how-climate-change-will-affect-every-part-of-nsw-and-the-act,2014-12-10,2021-08-25,5,https://i.guim.co.uk/img/static/sys-images/Guardian/Pix/pictures/2014/12/10/1418183472239/194582d5-8608-48ca-955c-1f3873f591d3-2060x1431.jpeg?width=445&dpr=1&s=none&crop=none,../Scripts/output/guardian/guardian_images/guardian_2014-12-10_guardian_36ad0813f3_img05.jpeg,Illustration: Adapt NSW,,0,,0,,1,broad_candidate,D:\FR\IGD\IPCC internship\output\guardian\guardian_images\guardian_images_dataviz_dedup\guardian_2014-12-10_guardian_36ad0813f3_img05.jpg,D:\FR\IGD\IPCC internship\output\guardian\guardian_images_2014.csv
guardian_36ad0813f3,The Guardian,2014,"""climate change""",How climate change will affect every part of NSW and the ACT,https://www.theguardian.com/news/datablog/2014/dec/10/how-climate-change-will-affect-every-part-of-nsw-and-the-act,2014-12-10,2021-08-25,6,https://i.guim.co.uk/img/static/sys-images/Guardian/Pix/pictures/2014/12/10/1418183539169/28132c96-abfa-47f3-bac5-4644a4a28ce9-2060x1431.jpeg?width=445&dpr=1&s=none&crop=none,../Scripts/output/guardian/guardian_images/guardian_2014-12-10_guardian_36ad0813f3_img06.jpeg,Illustration: Adapt NSW,,0,,0,,1,broad_candidate,D:\FR\IGD\IPCC internship\output\guardian\guardian_images\guardian_images_dataviz_dedup\guardian_2014-12-10_guardian_36ad0813f3_img06.jpg,D:\FR\IGD\IPCC internship\output\guardian\guardian_images_2014.csv
guardian_36ad0813f3,The Guardian,2014,"""climate change""",How climate change will affect every part of NSW and the ACT,https://www.theguardian.com/news/datablog/2014/dec/10/how-climate-change-will-affect-every-part-of-nsw-and-the-act,2014-12-10,2021-08-25,7,https://i.guim.co.uk/img/static/sys-images/Guardian/Pix/pictures/2014/12/10/1418183581051/56c4cad2-dca5-4422-a870-001f77b0ce08-620x574.png?width=445&dpr=1&s=none&crop=none,../Scripts/output/guardian/guardian_images/guardian_2014-12-10_guardian_36ad0813f3_img07.png,Illustration: Adapt NSW,,0,,0,,1,broad_candidate,D:\FR\IGD\IPCC internship\output\guardian\guardian_images\guardian_images_dataviz_dedup\guardian_2014-12-10_guardian_36ad0813f3_img07.jpg,D:\FR\IGD\IPCC internship\output\guardian\guardian_images_2014.csv
guardian_ecd85e730b,The Guardian,2014,"""climate change""",American drought: California’s crisis,https://www.theguardian.com/environment/2014/dec/14/-sp-american-drought-california-crisis,2014-12-14,2021-08-25,6,https://i.guim.co.uk/img/static/sys-images/Guardian/Pix/pictures/2014/12/10/1418231657768/2a335175-ba05-4cbc-93cf-84fd90beeed5-597x1020.jpeg?width=445&dpr=1&s=none&crop=none,../Scripts/output/guardian/guardian_images/guardian_2014-12-14_guardian_ecd85e730b_img06.jpeg,,,0,,0,,1,broad_candidate,D:\FR\IGD\IPCC internship\output\guardian\guardian_images\guardian_images_dataviz_dedup\guardian_2014-12-14_guardian_ecd85e730b_img06.jpg,D:\FR\IGD\IPCC internship\output\guardian\guardian_images_2014.csv
guardian_ecd85e730b,The Guardian,2014,"""climate change""",American drought: California’s crisis,https://www.theguardian.com/environment/2014/dec/14/-sp-american-drought-california-crisis,2014-12-14,2021-08-25,7,https://i.guim.co.uk/img/static/sys-images/Guardian/Pix/pictures/2014/12/10/1418231811965/1761137a-9daa-45a8-9465-d57f132c071c-315x720.jpeg?width=445&dpr=1&s=none&crop=none,../Scripts/output/guardian/guardian_images/guardian_2014-12-14_guardian_ecd85e730b_img07.jpeg,,,0,,0,,1,broad_candidate,D:\FR\IGD\IPCC internship\output\guardian\guardian_images\guardian_images_dataviz_dedup\guardian_2014-12-14_guardian_ecd85e730b_img07.jpg,D:\FR\IGD\IPCC internship\output\guardian\guardian_images_2014.csv
guardian_90e9340492,The Guardian,2014,"""climate change""","Europe's record hot year made at least 35 times more likely by climate change, say scientists",https://www.theguardian.com/environment/2014/dec/17/europes-record-hot-year-made-35-times-more-likely-climate-change,2014-12-17,2021-08-25,2,https://i.guim.co.uk/img/static/sys-images/Guardian/Pix/pictures/2014/12/16/1418740950632/cc0fc3fd-4b6a-4e8d-bbea-5b1827b22a59-620x361.png?width=445&dpr=1&s=none&crop=none,../Scripts/output/guardian/guardian_images/guardian_2014-12-17_guardian_90e9340492_img02.png,Average temperatures in Europe Photograph: Climate Central,,1,graph,2,photo|photograph,0,likely_visualization,D:\FR\IGD\IPCC internship\output\guardian\guardian_images\guardian_images_dataviz_dedup\guardian_2014-12-17_guardian_90e9340492_img02.jpg,D:\FR\IGD\IPCC internship\output\guardian\guardian_images_2014.csv
guardian_9becbbee78,The Guardian,2014,"""climate change""",How about a ‘not-so-fast' track for the Trans-Pacific Partnership?,https://www.theguardian.com/sustainable-business/2014/dec/19/trans-pacific-partnership-tpp-trade-agreement-climate-treaty,2014-12-19,2021-08-25,2,https://i.guim.co.uk/img/static/sys-images/Guardian/Pix/pictures/2014/12/19/1418949828648/a916133a-8515-46bd-8e6a-ef917d9aaea4-620x372.jpeg?width=445&dpr=1&s=none&crop=none,../Scripts/output/guardian/guardian_images/guardian_2014-12-19_guardian_9becbbee78_img02.jpeg,"Investor-state dispute settlements have been on the rise since the 1990s, after the North American Fair Trade Agreement (Nafta) was enacted in 1994.",,0,,0,,1,broad_candidate,D:\FR\IGD\IPCC internship\output\guardian\guardian_images\guardian_images_dataviz_dedup\guardian_2014-12-19_guardian_9becbbee78_img02.jpg,D:\FR\IGD\IPCC internship\output\guardian\guardian_images_2014.csv
guardian_b5934e4665,The Guardian,2014,"""climate change""",Australia records biggest emissions drop in a decade as carbon tax kicks in,https://www.theguardian.com/environment/2014/dec/24/australia-records-biggest-emissions-drop-in-a-decade-as-carbon-tax-kicks-in,2014-12-24,2021-08-26,2,https://i.guim.co.uk/img/static/sys-images/Guardian/Pix/pictures/2014/12/24/1419382693618/152be89e-9f88-4386-b3e0-60fb7902defd-620x301.jpeg?width=445&dpr=1&s=none&crop=none,../Scripts/output/guardian/guardian_images/guardian_2014-12-24_guardian_b5934e4665_img02.jpeg,Emissions trajectory from the Quarterly Update of Australia’s National Greenhouse Gas Inventory Photograph: .,,1,graph,2,photo|photograph,0,likely_visualization,D:\FR\IGD\IPCC internship\output\guardian\guardian_images\guardian_images_dataviz_dedup\guardian_2014-12-24_guardian_b5934e4665_img02.jpg,D:\FR\IGD\IPCC internship\output\guardian\guardian_images_2014.csv
guardian_2d0fa50510,The Guardian,2015,IPCC,Matt Ridley wants to gamble the Earth’s future because he won’t learn from the past,https://www.theguardian.com/environment/climate-consensus-97-per-cent/2015/jan/21/matt-ridley-wants-to-gamble-earths-future-because-wont-learn-from-past,2015-01-21,2021-08-25,2,https://i.guim.co.uk/img/static/sys-images/Guardian/Pix/pictures/2015/1/21/1421854945350/de4cbe7c-34d7-4a05-905e-5d970b18e3fe-620x301.png?width=445&dpr=1&s=none&crop=none,../Scripts/output/guardian/guardian_images/guardian_2015-01-21_guardian_2d0fa50510_img02.png,IPCC AR5 WGI Figure SPM.7: CMIP5 multi-model simulated time series from 1950 to 2100 for (a) change in global annual mean surface temperature relative to 1986–2005.,,0,,0,,1,broad_candidate,D:\FR\IGD\IPCC internship\output\guardian\guardian_images\guardian_images_dataviz_dedup\guardian_2015-01-21_guardian_2d0fa50510_img02.jpg,D:\FR\IGD\IPCC internship\output\guardian\guardian_images_2015.csv
guardian_4696c207f1,The Guardian,2015,IPCC,Climate change could impact the poor much more than previously thought,https://www.theguardian.com/environment/climate-consensus-97-per-cent/2015/jan/26/climate-change-could-impact-poor-much-more-than-previously-thought,2015-01-26,2021-08-25,2,https://i.guim.co.uk/img/static/sys-images/Guardian/Pix/pictures/2015/1/24/1422141805945/a8ff7226-223b-4732-ac87-01b3faf6dce2-620x604.png?width=445&dpr=1&s=none&crop=none,../Scripts/output/guardian/guardian_images/guardian_2015-01-26_guardian_4696c207f1_img02.png,"Per-capita GDP under a business-as-usual scenario for rich (top) and poor (bottom) regions for the reference (no damages) run (green), standard economic model (DICE; red), and DICE modified to account for climate impacts to economic growth (blue). Source: Nature Climate Change",Nature Climate Change,1,source:,0,,0,likely_visualization,D:\FR\IGD\IPCC internship\output\guardian\guardian_images\guardian_images_dataviz_dedup\guardian_2015-01-26_guardian_4696c207f1_img02.jpg,D:\FR\IGD\IPCC internship\output\guardian\guardian_images_2015.csv
guardian_98462bd325,The Guardian,2015,"""net zero""",Australia's climate change policy on course for 'disastrous' 4C warming,https://www.theguardian.com/environment/2015/mar/30/australias-climate-change-policy-on-course-for-disastrous-4c-warming,2015-03-30,2021-08-25,1,https://i.guim.co.uk/img/static/sys-images/Guardian/Pix/pictures/2015/3/30/1427688929596/08f73c4b-656d-461b-8fef-e333be1d4d52-bestSizeAvailable.jpeg?width=465&dpr=1&s=none&crop=none,../Scripts/output/guardian/guardian_images/guardian_2015-03-30_guardian_98462bd325_img01.jpeg,"Countries’ emissions trajectories to 2020 and 2030, compared with adequacy ranges. Photograph: Climate Change Authority",,1,graph,2,photo|photograph,0,likely_visualization,D:\FR\IGD\IPCC internship\output\guardian\guardian_images\guardian_images_dataviz_dedup\guardian_2015-03-30_guardian_98462bd325_img01.jpg,D:\FR\IGD\IPCC internship\output\guardian\guardian_images_2015.csv
guardian_7747a796e4,The Guardian,2015,"""sea level rise""",Australian taxpayers funding climate contrarian's methods with $4m Bjørn Lomborg centre,https://www.theguardian.com/environment/planet-oz/2015/apr/23/australia-paying-4-million-for-bjrn-lomborgs-flawed-methods-that-downgrade-climate-change,2015-04-23,2021-08-25,2,https://i.guim.co.uk/img/static/sys-images/Guardian/Pix/pictures/2015/4/23/1429783051885/05f64c1d-1416-4afc-9f71-13d3adefc77a-620x419.jpeg?width=445&dpr=1&s=none&crop=none,../Scripts/output/guardian/guardian_images/guardian_2015-04-23_guardian_7747a796e4_img02.jpeg,Satellite measurements of global sea level rise from 1992 to 2014. Text added by Graham Readfearn Photograph: CSIRO,,1,graph,2,photo|photograph,0,likely_visualization,D:\FR\IGD\IPCC internship\output\guardian\guardian_images\guardian_images_dataviz_dedup\guardian_2015-04-23_guardian_7747a796e4_img02.jpg,D:\FR\IGD\IPCC internship\output\guardian\guardian_images_2015.csv
guardian_7747a796e4,The Guardian,2015,"""sea level rise""",Australian taxpayers funding climate contrarian's methods with $4m Bjørn Lomborg centre,https://www.theguardian.com/environment/planet-oz/2015/apr/23/australia-paying-4-million-for-bjrn-lomborgs-flawed-methods-that-downgrade-climate-change,2015-04-23,2021-08-25,3,https://i.guim.co.uk/img/static/sys-images/Guardian/Pix/pictures/2015/4/23/1429783307437/7407a875-2761-40f8-93fc-01d550da42ce-bestSizeAvailable.png?width=445&dpr=1&s=none&crop=none,../Scripts/output/guardian/guardian_images/guardian_2015-04-23_guardian_7747a796e4_img03.png,Chart showing global ocean heat content from the surface to 2000 metres deep. Text added by Graham Readfearn. Photograph: NOAA,,2,chart|graph,2,photo|photograph,0,likely_visualization,D:\FR\IGD\IPCC internship\output\guardian\guardian_images\guardian_images_dataviz_dedup\guardian_2015-04-23_guardian_7747a796e4_img03.jpg,D:\FR\IGD\IPCC internship\output\guardian\guardian_images_2015.csv
guardian_9a93e0ede1,The Guardian,2015,IPCC,Overlooked evidence - global warming may proceed faster than expected,https://www.theguardian.com/environment/climate-consensus-97-per-cent/2015/apr/30/overlooked-evidence-global-warming-may-proceed-faster-than-expected,2015-04-30,2021-08-25,2,https://i.guim.co.uk/img/static/sys-images/Guardian/Pix/pictures/2015/4/26/1430006706649/b48548a0-a714-4984-9b5a-7082f47f4f6e-620x469.jpeg?width=445&dpr=1&s=none&crop=none,../Scripts/output/guardian/guardian_images/guardian_2015-04-30_guardian_9a93e0ede1_img02.jpeg,"Figure (derived from Sherwood et al. 2014, Fig. 5c) showing the relationship between the models’ estimate of Lower Tropospheric Mixing (LTMI) and sensitivity, along with estimates of the same metric from radiosondes and the MERRA and ERA-Interim reanalyses. Source: RealClimate.",RealClimate.,1,source:,0,,0,likely_visualization,D:\FR\IGD\IPCC internship\output\guardian\guardian_images\guardian_images_dataviz_dedup\guardian_2015-04-30_guardian_9a93e0ede1_img02.jpg,D:\FR\IGD\IPCC internship\output\guardian\guardian_images_2015.csv
guardian_13e40e6aa3,The Guardian,2015,"""sea level rise""",England faces major rise in record hot years due to climate change – scientists,https://www.theguardian.com/environment/2015/may/01/england-faces-major-rise-in-record-hot-years-due-to-climate-change-scientists,2015-05-01,2021-08-25,2,https://i.guim.co.uk/img/static/sys-images/Guardian/Pix/pictures/2015/4/30/1430403934478/11f98410-7032-486c-b004-cb0d38857791-620x436.png?width=445&dpr=1&s=none&crop=none,../Scripts/output/guardian/guardian_images/guardian_2015-05-01_guardian_13e40e6aa3_img02.png,Central England Temperature record. Photograph: Reading University,,1,graph,2,photo|photograph,0,likely_visualization,D:\FR\IGD\IPCC internship\output\guardian\guardian_images\guardian_images_dataviz_dedup\guardian_2015-05-01_guardian_13e40e6aa3_img02.jpg,D:\FR\IGD\IPCC internship\output\guardian\guardian_images_2015.csv
guardian_0fcb68c029,The Guardian,2015,IPCC,The lukewarmers don’t deny climate change. But they say the outlook’s fine,https://www.theguardian.com/science/2015/may/03/climate-change-scepticism-denial-lukewarmers,2015-05-03,2021-08-25,2,https://i.guim.co.uk/img/static/sys-images/Guardian/Pix/pictures/2015/4/30/1430397298171/d6cc0140-3c54-4fa0-9b90-0146411793ac-434x2040.jpeg?width=120&dpr=1&s=none&crop=none,../Scripts/output/guardian/guardian_images/guardian_2015-05-03_guardian_0fcb68c029_img02.jpeg,,,0,,0,,1,broad_candidate,D:\FR\IGD\IPCC internship\output\guardian\guardian_images\guardian_images_dataviz_dedup\guardian_2015-05-03_guardian_0fcb68c029_img02.jpg,D:\FR\IGD\IPCC internship\output\guardian\guardian_images_2015.csv
guardian_e1a7730f78,The Guardian,2015,"""sea level rise""",Psephological pseudoscience,https://www.theguardian.com/science/political-science/2015/may/09/psephological-pseudoscience,2015-05-09,2017-05-09,2,https://i.guim.co.uk/img/static/sys-images/Guardian/Pix/pictures/2015/5/9/1431177048945/6a40e2d5-bb60-44fa-80a7-4cb474d09492-620x434.jpeg?width=445&dpr=1&s=none&crop=none,../Scripts/output/guardian/guardian_images/guardian_2015-05-09_guardian_e1a7730f78_img02.jpeg,Evaluation of UK election forecasts Roger Pielke Jr Photograph: Roger Pielke Jr,,1,graph,2,photo|photograph,0,likely_visualization,D:\FR\IGD\IPCC internship\output\guardian\guardian_images\guardian_images_dataviz_dedup\guardian_2015-05-09_guardian_e1a7730f78_img02.jpg,D:\FR\IGD\IPCC internship\output\guardian\guardian_images_2015.csv
guardian_222c0a6b5f,The Guardian,2015,IPCC,Memo to Jeb Bush: denying human-caused global warming is ignorant,https://www.theguardian.com/environment/climate-consensus-97-per-cent/2015/may/27/memo-to-jeb-bush-denying-human-caused-global-warming-is-ignorant,2015-05-27,2021-08-25,2,https://i.guim.co.uk/img/static/sys-images/Guardian/Pix/pictures/2015/5/26/1432596784143/343e3b45-51f6-4883-8d88-8c3d016fcb75-2060x1653.jpeg?width=445&dpr=1&s=none&crop=none,../Scripts/output/guardian/guardian_images/guardian_2015-05-27_guardian_222c0a6b5f_img02.jpeg,"The probability density function for the fraction of warming attributable to human activity (derived from Fig. 10.5 in IPCC AR5). The bulk of the probability is far to the right of the “50%” line, and the peak is around 110%. Created by Gavin Schmidt.",,1,table,0,,0,likely_visualization,D:\FR\IGD\IPCC internship\output\guardian\guardian_images\guardian_images_dataviz_dedup\guardian_2015-05-27_guardian_222c0a6b5f_img02.jpg,D:\FR\IGD\IPCC internship\output\guardian\guardian_images_2015.csv
guardian_222c0a6b5f,The Guardian,2015,IPCC,Memo to Jeb Bush: denying human-caused global warming is ignorant,https://www.theguardian.com/environment/climate-consensus-97-per-cent/2015/may/27/memo-to-jeb-bush-denying-human-caused-global-warming-is-ignorant,2015-05-27,2021-08-25,3,https://i.guim.co.uk/img/static/sys-images/Guardian/Pix/pictures/2015/5/26/1432597241287/ab68c5d5-d8c3-4d72-8347-8d444e205967-2060x1424.jpeg?width=445&dpr=1&s=none&crop=none,../Scripts/output/guardian/guardian_images/guardian_2015-05-27_guardian_222c0a6b5f_img03.jpeg,"Assessed likely ranges (whiskers) and their mid-points (bars) for warming trends over the 1951–2010 period from well-mixed greenhouse gases (GHG), other anthropogenic forcings (OA; including the cooling effect of aerosols and the effect of land use change), combined anthropogenic forcings (ANT), natural forcings (NAT), and natural internal climate variability. The observed surface temperature change is shown in black, with the 5 to 95% uncertainty range due to observational uncertainty. Source: IPCC AR5 Figure 10.5.",IPCC AR5 Figure 10.5.,1,source:,0,,0,likely_visualization,D:\FR\IGD\IPCC internship\output\guardian\guardian_images\guardian_images_dataviz_dedup\guardian_2015-05-27_guardian_222c0a6b5f_img03.jpg,D:\FR\IGD\IPCC internship\output\guardian\guardian_images_2015.csv
guardian_fad55899b6,The Guardian,2015,"""global temperature""",Research downplaying impending global warming is overturned,https://www.theguardian.com/environment/climate-consensus-97-per-cent/2015/jun/03/research-downplaying-impending-global-warming-is-overturned,2015-06-03,2021-08-25,2,https://i.guim.co.uk/img/static/sys-images/Guardian/Pix/pictures/2015/6/3/1433293319392/ce1eeb2f-26ea-47fd-ba76-e4757cffef1e-620x222.png?width=445&dpr=1&s=none&crop=none,../Scripts/output/guardian/guardian_images/guardian_2015-06-03_guardian_fad55899b6_img02.png,"Comparison between modelled and observed temperature change (°C) from 1850. Solid lines show observational series HadCRUT4, Berkeley Earth (BEST) and Cowtan and Way. The 5%–95% CMIP5 range and Monckton et al. range are shown as shaded areas. N = 45 CMIP5 models transitioning to RCP6.0 after 2005, M15 model forced with the Otto et al. radiative forcing time series and all temperature series anomalies calculated relative to the 1850–1900 mean. Source: Science Bulletin; Richardson et al. (2015).",Science Bulletin; Richardson et al. (2015).,1,source:,0,,0,likely_visualization,D:\FR\IGD\IPCC internship\output\guardian\guardian_images\guardian_images_dataviz_dedup\guardian_2015-06-03_guardian_fad55899b6_img02.jpg,D:\FR\IGD\IPCC internship\output\guardian\guardian_images_2015.csv
guardian_4b0e33ba0e,The Guardian,2015,"""global temperature""","Global warming 'pause' didn't happen, study finds",https://www.theguardian.com/environment/2015/jun/04/global-warming-hasnt-paused-study-finds,2015-06-04,2021-08-25,1,https://i.guim.co.uk/img/static/sys-images/Guardian/Pix/pictures/2015/6/5/1433462693537/ae6bc2c7-973f-4aba-a69a-3dfb0dba4b7c-1020x612.jpeg?width=465&dpr=1&s=none&crop=none,../Scripts/output/guardian/guardian_images/guardian_2015-06-04_guardian_4b0e33ba0e_img01.jpeg,"The year 2014 was Earth’s warmest in 134 years of records, according to an analysis of surface temperature measurements by Nasa scientists. In a separate, independent analysis, scientists at the National Oceanic and Atmospheric Administration also found 2014 to be the warmest on record. Photograph: GISS/NASA",,1,graph,3,epa|photo|photograph,0,likely_visualization,D:\FR\IGD\IPCC internship\output\guardian\guardian_images\guardian_images_dataviz_dedup\guardian_2015-06-04_guardian_4b0e33ba0e_img01.jpg,D:\FR\IGD\IPCC internship\output\guardian\guardian_images_2015.csv
guardian_edfc9daf4d,The Guardian,2015,"""sea level rise""",New study warns of dangerous climate change risks to the Earth’s oceans,https://www.theguardian.com/environment/climate-consensus-97-per-cent/2015/jul/02/new-study-warns-of-dangerous-climate-change-risks-to-the-earths-oceans,2015-07-02,2021-10-29,2,https://i.guim.co.uk/img/static/sys-images/Guardian/Pix/pictures/2015/6/30/1435639591747/237bc839-6f34-4e9d-bb68-f1714fd67721-382x660.png?width=445&dpr=1&s=none&crop=none,../Scripts/output/guardian/guardian_images/guardian_2015-07-02_guardian_edfc9daf4d_img02.png,Regional changes in the physical system and associated risks for natural and human-managed systems. Source: Science; Gattuso et al. (2015) modified from IPCC WGII AR5 (2014).,Science; Gattuso et al. (2015) modified from IPCC WGII AR5 (2014).,1,source:,0,,0,likely_visualization,D:\FR\IGD\IPCC internship\output\guardian\guardian_images\guardian_images_dataviz_dedup\guardian_2015-07-02_guardian_edfc9daf4d_img02.jpg,D:\FR\IGD\IPCC internship\output\guardian\guardian_images_2015.csv
guardian_1334713929,The Guardian,2015,IPCC,The oceans are warming faster than climate models predicted,https://www.theguardian.com/environment/climate-consensus-97-per-cent/2015/jul/20/oceans-warming-faster-than-climate-models-predicted,2015-07-20,2021-08-25,3,https://i.guim.co.uk/img/static/sys-images/Guardian/Pix/pictures/2015/7/20/1437400442446/b791fce9-88a9-4e36-a944-a2b0009c403b-477x660.jpeg?width=445&dpr=1&s=none&crop=none,../Scripts/output/guardian/guardian_images/guardian_2015-07-20_guardian_1334713929_img03.jpeg,"(a) Upper (0–700 m) OHC, calculated using 40 CMIP5 models (gray lines; black line is the ensemble mean). The CMIP5 results are compared with the observation-based estimate using the strategies presented in this study (red line) and NODC mapping (dashed blue line). Two major volcanic eruptions are marked by the black arrows. (b) Annual global-averaged upper ocean warming rates from the CMIP5 model results (gray lines; red line is the ensemble mean) and from observations (blue line), computed from the first differences of OHC at 700 m (units: °C yr−1). Source: Institute of Atmospheric Physics.",Institute of Atmospheric Physics.,2,map|source:,0,,0,likely_visualization,D:\FR\IGD\IPCC internship\output\guardian\guardian_images\guardian_images_dataviz_dedup\guardian_2015-07-20_guardian_1334713929_img03.jpg,D:\FR\IGD\IPCC internship\output\guardian\guardian_images_2015.csv
guardian_c734c78579,The Guardian,2015,"""global temperature""","The Daily Mail and Telegraph get it wrong on Arctic sea ice, again",https://www.theguardian.com/environment/climate-consensus-97-per-cent/2015/jul/27/daily-mail-telegraph-wrong-arctic-sea-ice,2015-07-27,2021-08-25,2,https://i.guim.co.uk/img/static/sys-images/Guardian/Pix/pictures/2015/7/25/1437797726400/bcb37372-cfa5-446e-8b18-5bc9544e6393-1020x549.png?width=445&dpr=1&s=none&crop=none,../Scripts/output/guardian/guardian_images/guardian_2015-07-27_guardian_c734c78579_img02.png,PIOMAS model Arctic sea ice volume for autumn 1980–2014 (solid line) and spring 1981–2014 (dashed line). CryoSat-2 volume estimates (red stars) are plotted for 2010–2014.,,2,graph|plot,0,,0,likely_visualization,D:\FR\IGD\IPCC internship\output\guardian\guardian_images\guardian_images_dataviz_dedup\guardian_2015-07-27_guardian_c734c78579_img02.jpg,D:\FR\IGD\IPCC internship\output\guardian\guardian_images_2015.csv
guardian_c734c78579,The Guardian,2015,"""global temperature""","The Daily Mail and Telegraph get it wrong on Arctic sea ice, again",https://www.theguardian.com/environment/climate-consensus-97-per-cent/2015/jul/27/daily-mail-telegraph-wrong-arctic-sea-ice,2015-07-27,2021-08-25,3,https://i.guim.co.uk/img/static/sys-images/Guardian/Pix/pictures/2015/7/25/1437801527868/aa9d2760-3366-47f2-8810-753fb3ec7948-bestSizeAvailable.jpeg?width=445&dpr=1&s=none&crop=none,../Scripts/output/guardian/guardian_images/guardian_2015-07-27_guardian_c734c78579_img03.jpeg,"Arctic sea ice volume estimate from PIOMAS, annotated by John Mason to indicate the last time the volume was as high as 2013, which the Daily Mail claims has been “decades.” Source: SkepticalScience.com.",SkepticalScience.com.,2,graph|source:,0,,0,likely_visualization,D:\FR\IGD\IPCC internship\output\guardian\guardian_images\guardian_images_dataviz_dedup\guardian_2015-07-27_guardian_c734c78579_img03.jpg,D:\FR\IGD\IPCC internship\output\guardian\guardian_images_2015.csv
guardian_d5ae639b06,The Guardian,2015,"""sea level rise""",Statistics says the long-term global warming trend continues,https://www.theguardian.com/environment/climate-consensus-97-per-cent/2015/aug/03/statistics-says-the-long-term-global-warming-trend-continues,2015-08-03,2021-08-25,2,https://i.guim.co.uk/img/static/sys-images/Guardian/Pix/pictures/2015/8/3/1438559207433/b02683f3-dcc4-4836-aa8c-73908b81f489-620x287.png?width=445&dpr=1&s=none&crop=none,../Scripts/output/guardian/guardian_images/guardian_2015-08-03_guardian_d5ae639b06_img02.png,"NASA temperature anomalies from Foster and Abraham, 2015.",,0,,0,,1,broad_candidate,D:\FR\IGD\IPCC internship\output\guardian\guardian_images\guardian_images_dataviz_dedup\guardian_2015-08-03_guardian_d5ae639b06_img02.jpg,D:\FR\IGD\IPCC internship\output\guardian\guardian_images_2015.csv
guardian_d5ae639b06,The Guardian,2015,"""sea level rise""",Statistics says the long-term global warming trend continues,https://www.theguardian.com/environment/climate-consensus-97-per-cent/2015/aug/03/statistics-says-the-long-term-global-warming-trend-continues,2015-08-03,2021-08-25,3,https://i.guim.co.uk/img/static/sys-images/Guardian/Pix/pictures/2015/8/3/1438560336493/d8e49d88-e7bb-4fb5-9432-fefe1c0c6456-620x287.png?width=445&dpr=1&s=none&crop=none,../Scripts/output/guardian/guardian_images/guardian_2015-08-03_guardian_d5ae639b06_img03.png,"NASA temperature residuals from Foster and Abraham, 2015.",,0,,0,,1,broad_candidate,D:\FR\IGD\IPCC internship\output\guardian\guardian_images\guardian_images_dataviz_dedup\guardian_2015-08-03_guardian_d5ae639b06_img03.jpg,D:\FR\IGD\IPCC internship\output\guardian\guardian_images_2015.csv
guardian_481689f0ca,The Guardian,2015,"""global temperature""",2015 global temperatures are right in line with climate model predictions,https://www.theguardian.com/environment/climate-consensus-97-per-cent/2015/aug/10/2015-global-temperatures-right-in-line-with-climate-model-predictions,2015-08-12,2021-08-25,2,https://i.guim.co.uk/img/static/sys-images/Guardian/Pix/pictures/2015/8/11/1439266359421/fee9951a-ca6b-4fa9-8715-fa8c207e2bfc-620x569.png?width=445&dpr=1&s=none&crop=none,../Scripts/output/guardian/guardian_images/guardian_2015-08-12_guardian_481689f0ca_img02.png,Comparison of the most recent climate model simulations with actual global surface temperature measurements. Created by Gavin Schmidt.,,0,,0,,1,broad_candidate,D:\FR\IGD\IPCC internship\output\guardian\guardian_images\guardian_images_dataviz_dedup\guardian_2015-08-12_guardian_481689f0ca_img02.jpg,D:\FR\IGD\IPCC internship\output\guardian\guardian_images_2015.csv
guardian_481689f0ca,The Guardian,2015,"""global temperature""",2015 global temperatures are right in line with climate model predictions,https://www.theguardian.com/environment/climate-consensus-97-per-cent/2015/aug/10/2015-global-temperatures-right-in-line-with-climate-model-predictions,2015-08-12,2021-08-25,3,https://i.guim.co.uk/img/static/sys-images/Guardian/Pix/pictures/2015/8/11/1439267088234/77baf174-5f5f-4a0f-8a63-d116550434c3-620x515.png?width=445&dpr=1&s=none&crop=none,../Scripts/output/guardian/guardian_images/guardian_2015-08-12_guardian_481689f0ca_img03.png,Comparison of CMIP3 climate model simulations with actual global surface temperature measurements. Created by Gavin Schmidt.,,0,,0,,1,broad_candidate,D:\FR\IGD\IPCC internship\output\guardian\guardian_images\guardian_images_dataviz_dedup\guardian_2015-08-12_guardian_481689f0ca_img03.jpg,D:\FR\IGD\IPCC internship\output\guardian\guardian_images_2015.csv
guardian_a4ea4d39da,The Guardian,2015,"""global temperature""","Is the fossil fuel industry, like the tobacco industry, guilty of racketeering?",https://www.theguardian.com/environment/climate-consensus-97-per-cent/2015/sep/29/is-the-fossil-fuel-industry-like-the-tobacco-industry-guilty-of-racketeering,2015-09-29,2021-08-25,2,https://i.guim.co.uk/img/static/sys-images/Guardian/Pix/pictures/2015/9/26/1443282063774/a6cec022-986a-4622-afed-759bc446dafe-620x526.png?width=445&dpr=1&s=none&crop=none,../Scripts/output/guardian/guardian_images/guardian_2015-09-29_guardian_a4ea4d39da_img02.png,Exxon’s 1982 projections of how human carbon pollution would cause global temperatures to rise.,,0,,0,,1,broad_candidate,D:\FR\IGD\IPCC internship\output\guardian\guardian_images\guardian_images_dataviz_dedup\guardian_2015-09-29_guardian_a4ea4d39da_img02.jpg,D:\FR\IGD\IPCC internship\output\guardian\guardian_images_2015.csv
guardian_f76464d9a4,The Guardian,2015,IPCC,Drought is a global problem - we need a global solution,https://www.theguardian.com/global-development-professionals-network/2015/oct/09/why-isnt-there-a-global-body-to-monitor-drought,2015-10-09,2017-10-06,2,https://i.guim.co.uk/img/static/sys-images/Guardian/Pix/pictures/2015/10/8/1444301581334/5b7edf3e-fe8a-437e-ab65-2523cd23d412-2060x1236.png?width=445&dpr=1&s=none&crop=none,../Scripts/output/guardian/guardian_images/guardian_2015-10-09_guardian_f76464d9a4_img02.png,"This map from the University of California - Irvine’s Global Integrated Drought Monitoring and Prediction System shows the state of drought around the world in August 2015. The dark brown patches indicate areas of exceptional drought, through to patches of dark blue showing areas of exceptional wetness. Photograph: University of California - Irvine",,2,graph|map,2,photo|photograph,0,likely_visualization,D:\FR\IGD\IPCC internship\output\guardian\guardian_images\guardian_images_dataviz_dedup\guardian_2015-10-09_guardian_f76464d9a4_img02.jpg,D:\FR\IGD\IPCC internship\output\guardian\guardian_images_2015.csv
guardian_cb3c161fbd,The Guardian,2015,"""sea level rise""","Carbon pollution: the good, the bad, the ugly, and the denial",https://www.theguardian.com/environment/climate-consensus-97-per-cent/2015/oct/21/carbon-pollution-the-good-the-bad-the-ugly-and-the-denial,2015-10-21,2021-08-25,2,https://i.guim.co.uk/img/static/sys-images/Guardian/Pix/pictures/2015/10/21/1445391662412/57eea33a-0568-4ac6-97d1-84ff427ffd11-1020x419.png?width=445&dpr=1&s=none&crop=none,../Scripts/output/guardian/guardian_images/guardian_2015-10-21_guardian_cb3c161fbd_img02.png,"Summary of projected changes in crop yields, due to climate change over the 21st century. Source: IPCC Fifth Assessment Report, Working Group II.","IPCC Fifth Assessment Report, Working Group II.",1,source:,0,,0,likely_visualization,D:\FR\IGD\IPCC internship\output\guardian\guardian_images\guardian_images_dataviz_dedup\guardian_2015-10-21_guardian_cb3c161fbd_img02.jpg,D:\FR\IGD\IPCC internship\output\guardian\guardian_images_2015.csv
guardian_cb3c161fbd,The Guardian,2015,"""sea level rise""","Carbon pollution: the good, the bad, the ugly, and the denial",https://www.theguardian.com/environment/climate-consensus-97-per-cent/2015/oct/21/carbon-pollution-the-good-the-bad-the-ugly-and-the-denial,2015-10-21,2021-08-25,3,https://i.guim.co.uk/img/static/sys-images/Guardian/Pix/pictures/2015/10/21/1445392945882/d06e85a0-646a-40c4-8fb0-e881c954d0ee-620x495.png?width=445&dpr=1&s=none&crop=none,../Scripts/output/guardian/guardian_images/guardian_2015-10-21_guardian_cb3c161fbd_img03.png,Wildfire seasons are getting longer due to climate change.,,0,,0,,1,broad_candidate,D:\FR\IGD\IPCC internship\output\guardian\guardian_images\guardian_images_dataviz_dedup\guardian_2015-10-21_guardian_cb3c161fbd_img03.jpg,D:\FR\IGD\IPCC internship\output\guardian\guardian_images_2015.csv
guardian_bf25c5dcf9,The Guardian,2015,"""global temperature""",Are fossil fuel companies using IEA reports to talk up demand?,https://www.theguardian.com/environment/2015/oct/23/are-fossil-fuel-companies-using-iea-reports-to-talk-up-demand,2015-10-23,2021-08-26,3,https://i.guim.co.uk/img/static/sys-images/Guardian/Pix/pictures/2015/10/23/1445568359383/4758c071-7b2f-4ca8-a6a3-cdc4aaf014e7-620x438.png?width=445&dpr=1&s=none&crop=none,../Scripts/output/guardian/guardian_images/guardian_2015-10-23_guardian_bf25c5dcf9_img03.png,The International Energy Agency’s predictions for solar PV growth vs historical data. Photograph: Carbon Tracker,,3,data|graph|tracker,2,photo|photograph,0,likely_visualization,D:\FR\IGD\IPCC internship\output\guardian\guardian_images\guardian_images_dataviz_dedup\guardian_2015-10-23_guardian_bf25c5dcf9_img03.jpg,D:\FR\IGD\IPCC internship\output\guardian\guardian_images_2015.csv
guardian_92b62e3ae4,The Guardian,2015,"""sea level rise""",Global warming could be more devastating for the economy than we thought,https://www.theguardian.com/environment/climate-consensus-97-per-cent/2015/oct/27/global-warming-could-be-more-devastating-for-the-economy-than-we-thought,2015-10-27,2021-08-25,2,https://i.guim.co.uk/img/static/sys-images/Guardian/Pix/pictures/2015/10/27/1445907288996/d99573a9-d1c7-47dc-b065-5d17e6e7ade7-1020x528.png?width=445&dpr=1&s=none&crop=none,../Scripts/output/guardian/guardian_images/guardian_2015-10-27_guardian_92b62e3ae4_img02.png,"Global relationship between annual average temperature and change in log gross domestic product (GDP) per capita during 1960–2010 with 90% confidence interval, broken down by poor and rich countries, agricultural and non-agricultural GDP, and time frames (1960–1989 and 1990–2010). Source: Burke et al. (2015), Nature.","Burke et al. (2015), Nature.",1,source:,0,,0,likely_visualization,D:\FR\IGD\IPCC internship\output\guardian\guardian_images\guardian_images_dataviz_dedup\guardian_2015-10-27_guardian_92b62e3ae4_img02.jpg,D:\FR\IGD\IPCC internship\output\guardian\guardian_images_2015.csv
guardian_92b62e3ae4,The Guardian,2015,"""sea level rise""",Global warming could be more devastating for the economy than we thought,https://www.theguardian.com/environment/climate-consensus-97-per-cent/2015/oct/27/global-warming-could-be-more-devastating-for-the-economy-than-we-thought,2015-10-27,2021-08-25,3,https://i.guim.co.uk/img/static/sys-images/Guardian/Pix/pictures/2015/10/27/1445907433130/3aa63bbd-f48d-491c-8276-434516f98d67-1020x426.png?width=445&dpr=1&s=none&crop=none,../Scripts/output/guardian/guardian_images/guardian_2015-10-27_guardian_92b62e3ae4_img03.png,"Change in national GDP per capita in 2100 under business-as-usual warming (RCP8.5) relative to projection using constant 1980–2010 average temperatures. Source: Burke et al. (2015), Nature.","Burke et al. (2015), Nature.",1,source:,0,,0,likely_visualization,D:\FR\IGD\IPCC internship\output\guardian\guardian_images\guardian_images_dataviz_dedup\guardian_2015-10-27_guardian_92b62e3ae4_img03.jpg,D:\FR\IGD\IPCC internship\output\guardian\guardian_images_2015.csv
guardian_bf913063de,The Guardian,2015,"""global temperature""",Betting against global warming is a sure way to lose money,https://www.theguardian.com/environment/climate-consensus-97-per-cent/2015/dec/08/betting-against-global-warming-is-a-sure-way-to-lose-money,2015-12-08,2021-08-25,2,https://i.guim.co.uk/img/static/sys-images/Guardian/Pix/pictures/2015/12/5/1449334027332/7b0441ae-dc7a-4ca8-9003-ce265fbb3a14-620x480.jpeg?width=445&dpr=1&s=none&crop=none,../Scripts/output/guardian/guardian_images/guardian_2015-12-08_guardian_bf913063de_img02.jpeg,Observed global surface temperature data from NASA GISS (gray) and 10-year averages (blue) vs. Keenlyside et al. (2008) cooling predictions. Illustration from RealClimate.org.,,1,data,0,,0,likely_visualization,D:\FR\IGD\IPCC internship\output\guardian\guardian_images\guardian_images_dataviz_dedup\guardian_2015-12-08_guardian_bf913063de_img02.jpg,D:\FR\IGD\IPCC internship\output\guardian\guardian_images_2015.csv
guardian_bf913063de,The Guardian,2015,"""global temperature""",Betting against global warming is a sure way to lose money,https://www.theguardian.com/environment/climate-consensus-97-per-cent/2015/dec/08/betting-against-global-warming-is-a-sure-way-to-lose-money,2015-12-08,2021-08-25,3,https://i.guim.co.uk/img/static/sys-images/Guardian/Pix/pictures/2015/12/5/1449334072324/c434d3a5-fde2-4740-be39-c59f3f4413eb-1020x449.png?width=445&dpr=1&s=none&crop=none,../Scripts/output/guardian/guardian_images/guardian_2015-12-08_guardian_bf913063de_img03.png,"Results bets that the 15-year average global surface temperature would increase (red dots), decrease (blue dots) or stay about the same (white dots) from the previous 15-year mean. Figure from Risbey et al. (2015). Source: Philosophical Transactions A.",Philosophical Transactions A.,1,source:,0,,0,likely_visualization,D:\FR\IGD\IPCC internship\output\guardian\guardian_images\guardian_images_dataviz_dedup\guardian_2015-12-08_guardian_bf913063de_img03.jpg,D:\FR\IGD\IPCC internship\output\guardian\guardian_images_2015.csv
guardian_5ba44678b0,The Guardian,2015,"""global temperature""",Local authorities are the real trailblazers in the fight against climate change,https://www.theguardian.com/public-leaders-network/2015/dec/10/local-authorities-climate-change-fight-paris-agreement,2015-12-10,2021-08-25,1,https://i.guim.co.uk/img/media/5e204e095e9afc6af7177e776f5ef0494b545fa9/0_78_3389_2033/master/3389.jpg?width=465&dpr=1&s=none&crop=none,../Scripts/output/guardian/guardian_images/guardian_2015-12-10_guardian_5ba44678b0_img01.jpg,"The emission cuts planned by national governments, announced in Paris, will not be enough to limit global temperature rises to 2C. Photograph: Stephane Mahe/Reuters",,1,graph,3,photo|photograph|reuters,0,likely_visualization,D:\FR\IGD\IPCC internship\output\guardian\guardian_images\guardian_images_dataviz_dedup\guardian_2015-12-10_guardian_5ba44678b0_img01.jpg,D:\FR\IGD\IPCC internship\output\guardian\guardian_images_2015.csv
guardian_ec65b49251,The Guardian,2015,"""climate change""",The Paris agreement signals that deniers have lost the climate wars,https://www.theguardian.com/environment/climate-consensus-97-per-cent/2015/dec/14/the-paris-agreement-signals-that-deniers-have-lost-the-climate-wars,2015-12-14,2021-08-25,2,https://i.guim.co.uk/img/static/sys-images/Guardian/Pix/pictures/2015/12/13/1449986306002/1bfee725-fdfd-4112-96fc-4e3fd9837703-1020x494.png?width=445&dpr=1&s=none&crop=none,../Scripts/output/guardian/guardian_images/guardian_2015-12-14_guardian_ec65b49251_img02.png,"From Campbell and Kay, “Solution Aversion: On the Relation Between Ideology and Motivated Disbelief,” Journal of Personality and Social Psychology, 2014, Vol. 107, No. 5, 809–824. Published by the American Psychological Association.",,0,,0,,1,broad_candidate,D:\FR\IGD\IPCC internship\output\guardian\guardian_images\guardian_images_dataviz_dedup\guardian_2015-12-14_guardian_ec65b49251_img02.jpg,D:\FR\IGD\IPCC internship\output\guardian\guardian_images_2015.csv
guardian_0d2953ecbe,The Guardian,2015,"""climate change""","Record US temperatures are work of El Niño and polar vortex, experts say",https://www.theguardian.com/us-news/2015/dec/15/temperatures-polar-vortex-el-nino-climate-winter-weather,2015-12-15,2017-07-14,2,https://i.guim.co.uk/img/media/2145f911a93d24cc4763e3b729002591be105229/0_0_2000_1561/master/2000.jpg?width=445&dpr=1&s=none&crop=none,../Scripts/output/guardian/guardian_images/guardian_2015-12-15_guardian_0d2953ecbe_img02.jpg,Temperature forecasts caused by El Niño. Photograph: Noaa,,1,graph,2,photo|photograph,0,likely_visualization,D:\FR\IGD\IPCC internship\output\guardian\guardian_images\guardian_images_dataviz_dedup\guardian_2015-12-15_guardian_0d2953ecbe_img02.jpg,D:\FR\IGD\IPCC internship\output\guardian\guardian_images_2015.csv
guardian_0d2953ecbe,The Guardian,2015,"""climate change""","Record US temperatures are work of El Niño and polar vortex, experts say",https://www.theguardian.com/us-news/2015/dec/15/temperatures-polar-vortex-el-nino-climate-winter-weather,2015-12-15,2017-07-14,3,https://i.guim.co.uk/img/media/34cac10d5688a24be5a787a39d75a96d9f94d7da/0_0_610_367/master/610.jpg?width=445&dpr=1&s=none&crop=none,../Scripts/output/guardian/guardian_images/guardian_2015-12-15_guardian_0d2953ecbe_img03.jpg,"Polar vortex variations: high pressure (cold breaking into the US) on the left, low pressure (cold trapped to the north) on the right. Photograph: Noaa",,1,graph,2,photo|photograph,0,likely_visualization,D:\FR\IGD\IPCC internship\output\guardian\guardian_images\guardian_images_dataviz_dedup\guardian_2015-12-15_guardian_0d2953ecbe_img03.jpg,D:\FR\IGD\IPCC internship\output\guardian\guardian_images_2015.csv
guardian_0d2953ecbe,The Guardian,2015,"""climate change""","Record US temperatures are work of El Niño and polar vortex, experts say",https://www.theguardian.com/us-news/2015/dec/15/temperatures-polar-vortex-el-nino-climate-winter-weather,2015-12-15,2017-07-14,4,https://i.guim.co.uk/img/media/ea1619d77b35b0ab110dd054b60f064681f6afaa/0_0_620_484/master/620.jpg?width=445&dpr=1&s=none&crop=none,../Scripts/output/guardian/guardian_images/guardian_2015-12-15_guardian_0d2953ecbe_img04.jpg,Chances of snowfall on Christmas Day. Photograph: Noaa,,1,graph,2,photo|photograph,0,likely_visualization,D:\FR\IGD\IPCC internship\output\guardian\guardian_images\guardian_images_dataviz_dedup\guardian_2015-12-15_guardian_0d2953ecbe_img04.jpg,D:\FR\IGD\IPCC internship\output\guardian\guardian_images_2015.csv
guardian_249ade1a09,The Guardian,2015,"""climate change""",Tusk says there should be 'no taboos' when EU leaders debate Cameron's renegotiation demands - Politics live,https://www.theguardian.com/politics/blog/live/2015/dec/15/brexit-campaigners-encouraged-by-two-polls-showing-support-for-leaving-eu-politics-live,2015-12-15,2020-02-03,2,https://i.guim.co.uk/img/media/6b501367783fd11db364dac0c7777b59d8f7bd19/0_0_715_378/master/715.jpg?width=465&dpr=1&s=none&crop=none,../Scripts/output/guardian/guardian_images/guardian_2015-12-15_guardian_249ade1a09_img02.jpg,YouGov polling on the EU referendum Photograph: YouGov,,1,graph,2,photo|photograph,0,likely_visualization,D:\FR\IGD\IPCC internship\output\guardian\guardian_images\guardian_images_dataviz_dedup\guardian_2015-12-15_guardian_249ade1a09_img02.jpg,D:\FR\IGD\IPCC internship\output\guardian\guardian_images_2015.csv
guardian_ffeb25568f,The Guardian,2015,"""climate change""",Republican debate: Las Vegas fight night was rollicking from start to finish,https://www.theguardian.com/us-news/live/2015/dec/15/cnn-republican-presidential-debate-december-15,2015-12-15,2018-02-09,1,https://i.guim.co.uk/img/media/fe4504a4f64fff9b0befa873785c93eec87c778c/0_0_600_420/master/600.jpg?width=465&dpr=1&s=none&crop=none,../Scripts/output/guardian/guardian_images/guardian_2015-12-15_guardian_ffeb25568f_img01.jpg,The truth about female voters and the GOP Photograph: Mona Chalabi/The Guardian,,1,graph,2,photo|photograph,0,likely_visualization,D:\FR\IGD\IPCC internship\output\guardian\guardian_images\guardian_images_dataviz_dedup\guardian_2015-12-15_guardian_ffeb25568f_img01.jpg,D:\FR\IGD\IPCC internship\output\guardian\guardian_images_2015.csv
guardian_3833eb23a4,The Guardian,2015,"""climate change""",Republican candidates consolidate support by sticking to scripts at debate,https://www.theguardian.com/us-news/datablog/2015/dec/16/republican-debate-candidates-consolidate-support-voters,2015-12-16,2018-02-09,2,https://i.guim.co.uk/img/media/86f35524220ec44014bbbf2676d67c3419ae809f/0_0_600_420/master/600.jpg?width=445&dpr=1&s=none&crop=none,../Scripts/output/guardian/guardian_images/guardian_2015-12-16_guardian_3833eb23a4_img02.jpg,Republican voters’ priorities. Photograph: Mona Chalabi/The Guardian,,1,graph,2,photo|photograph,0,likely_visualization,D:\FR\IGD\IPCC internship\output\guardian\guardian_images\guardian_images_dataviz_dedup\guardian_2015-12-16_guardian_3833eb23a4_img02.jpg,D:\FR\IGD\IPCC internship\output\guardian\guardian_images_2015.csv
guardian_3833eb23a4,The Guardian,2015,"""climate change""",Republican candidates consolidate support by sticking to scripts at debate,https://www.theguardian.com/us-news/datablog/2015/dec/16/republican-debate-candidates-consolidate-support-voters,2015-12-16,2018-02-09,3,https://i.guim.co.uk/img/media/ef62f885daeb4e3190e7abc1ff2bf405250b65c4/0_0_600_420/master/600.jpg?width=445&dpr=1&s=none&crop=none,../Scripts/output/guardian/guardian_images/guardian_2015-12-16_guardian_3833eb23a4_img03.jpg,Voter trust varies depending on the issues at hand. Photograph: Mona Chalabi/The Guardian,,1,graph,2,photo|photograph,0,likely_visualization,D:\FR\IGD\IPCC internship\output\guardian\guardian_images\guardian_images_dataviz_dedup\guardian_2015-12-16_guardian_3833eb23a4_img03.jpg,D:\FR\IGD\IPCC internship\output\guardian\guardian_images_2015.csv
guardian_361d710611,The Guardian,2015,"""climate change""",Is the Shenzhen landslide the first of many more?,https://www.theguardian.com/environment/2015/dec/23/shenzhen-landslide-china-the-first-of-many-more,2015-12-23,2022-10-19,2,https://i.guim.co.uk/img/media/318fd09c00f89af59897c954e218e0343aff3cee/0_0_685_324/master/685.jpg?width=445&dpr=1&s=none&crop=none,../Scripts/output/guardian/guardian_images/guardian_2015-12-23_guardian_361d710611_img02.jpg,"Fatal landslides, 2004-2010 Photograph: Petley, 2012",,1,graph,2,photo|photograph,0,likely_visualization,D:\FR\IGD\IPCC internship\output\guardian\guardian_images\guardian_images_dataviz_dedup\guardian_2015-12-23_guardian_361d710611_img02.jpg,D:\FR\IGD\IPCC internship\output\guardian\guardian_images_2015.csv
guardian_f1be1851e4,The Guardian,2015,"""climate change""",El Niño: why predictable climate event still has the scientists guessing,https://www.theguardian.com/environment/2015/dec/30/el-nino-climate-change-scientists-pacific-ocean-weather,2015-12-30,2021-08-25,1,https://i.guim.co.uk/img/media/9f28e45bc45c519e4c54bad6166c2efbd0cbf02a/102_0_2811_1687/master/2811.jpg?width=465&dpr=1&s=none&crop=none,../Scripts/output/guardian/guardian_images/guardian_2015-12-30_guardian_f1be1851e4_img01.jpg,False-colour images provided by Nasa compare Pacific Ocean water temperatures from the El Niño in 1997 (right) and the current El Niño. Photograph: AP,,2,graph|table,2,photo|photograph,0,likely_visualization,D:\FR\IGD\IPCC internship\output\guardian\guardian_images\guardian_images_dataviz_dedup\guardian_2015-12-30_guardian_f1be1851e4_img01.jpg,D:\FR\IGD\IPCC internship\output\guardian\guardian_images_2015.csv
guardian_dfcbd6bb53,The Guardian,2016,IPCC,"Era of climate science denial is not over, study finds",https://www.theguardian.com/environment/planet-oz/2016/jan/07/era-of-climate-science-denial-is-not-over-study-finds,2016-01-07,2021-08-25,2,https://i.guim.co.uk/img/media/7f65eab39c81435d8dc640cfa4154404da4096a1/0_0_750_450/master/750.jpg?width=445&dpr=1&s=none&crop=none,../Scripts/output/guardian/guardian_images/guardian_2016-01-07_guardian_dfcbd6bb53_img02.jpg,Chart from a 2016 study in the journal Global Environmental Change showing the output of conservative thinktanks on climate change between 1998 and 2013. Photograph: Global Environmental Change,,2,chart|graph,2,photo|photograph,0,likely_visualization,D:\FR\IGD\IPCC internship\output\guardian\guardian_images\guardian_images_dataviz_dedup\guardian_2016-01-07_guardian_dfcbd6bb53_img02.jpg,D:\FR\IGD\IPCC internship\output\guardian\guardian_images_2016.csv
guardian_0cad45d1c4,The Guardian,2016,"""1.5C""","2015 smashes record for hottest year, final figures confirm",https://www.theguardian.com/environment/2016/jan/20/2015-smashes-record-for-hottest-year-final-figures-confirm,2016-01-20,2021-08-25,1,https://i.guim.co.uk/img/media/7d75854948eee4d53311c5f86102757ca920937f/0_0_1920_1080/master/1920.jpg?width=445&dpr=1&s=none&crop=none,../Scripts/output/guardian/guardian_images/guardian_2016-01-20_guardian_0cad45d1c4_img01.jpg,Nasa map of temperature anomalies in 2015 compared to the long-term average. Photograph: NASA,,2,graph|map,2,photo|photograph,0,likely_visualization,D:\FR\IGD\IPCC internship\output\guardian\guardian_images\guardian_images_dataviz_dedup\guardian_2016-01-20_guardian_0cad45d1c4_img01.jpg,D:\FR\IGD\IPCC internship\output\guardian\guardian_images_2016.csv
guardian_0cad45d1c4,The Guardian,2016,"""1.5C""","2015 smashes record for hottest year, final figures confirm",https://www.theguardian.com/environment/2016/jan/20/2015-smashes-record-for-hottest-year-final-figures-confirm,2016-01-20,2021-08-25,3,https://i.guim.co.uk/img/media/3ef4ebcd9087fe9bb8d0be5cb944f405b6df5a1e/0_0_958_360/master/958.jpg?width=445&dpr=1&s=none&crop=none,../Scripts/output/guardian/guardian_images/guardian_2016-01-20_guardian_0cad45d1c4_img03.jpg,Link between global average temperatures and El Niño. Photograph: NASA,,1,graph,2,photo|photograph,0,likely_visualization,D:\FR\IGD\IPCC internship\output\guardian\guardian_images\guardian_images_dataviz_dedup\guardian_2016-01-20_guardian_0cad45d1c4_img03.jpg,D:\FR\IGD\IPCC internship\output\guardian\guardian_images_2016.csv
guardian_5325c5789e,The Guardian,2016,"""global temperature""",Record hot 2015 gave us a glimpse at the future of global warming,https://www.theguardian.com/environment/climate-consensus-97-per-cent/2016/jan/25/record-hot-2015-gave-us-a-glimpse-at-the-future-of-global-warming,2016-01-25,2021-08-25,1,https://i.guim.co.uk/img/media/18f04ecaabce36ad34ede63ef148431377b9801b/73_0_2497_1500/master/2497.jpg?width=465&dpr=1&s=none&crop=none,../Scripts/output/guardian/guardian_images/guardian_2016-01-25_guardian_5325c5789e_img01.jpg,"This illustration obtained from NASA on January 20, 2016 shows that 2015 was the warmest year since modern record-keeping began in 1880, according to a new analysis by NASA’s Goddard Institute for Space Studies. Photograph: HANDOUT/AFP/Getty Images",,1,graph,5,afp|getty|handout|photo|photograph,0,likely_visualization,D:\FR\IGD\IPCC internship\output\guardian\guardian_images\guardian_images_dataviz_dedup\guardian_2016-01-25_guardian_5325c5789e_img01.jpg,D:\FR\IGD\IPCC internship\output\guardian\guardian_images_2016.csv
guardian_5325c5789e,The Guardian,2016,"""global temperature""",Record hot 2015 gave us a glimpse at the future of global warming,https://www.theguardian.com/environment/climate-consensus-97-per-cent/2016/jan/25/record-hot-2015-gave-us-a-glimpse-at-the-future-of-global-warming,2016-01-25,2021-08-25,2,https://i.guim.co.uk/img/media/103a02b2bda6b58cbfd09a9389d8819df0c1ce34/0_0_1000_727/master/1000.jpg?width=445&dpr=1&s=none&crop=none,../Scripts/output/guardian/guardian_images/guardian_2016-01-25_guardian_5325c5789e_img02.jpg,"Various global surface temperature datasets, 1850–2015. Illustration: Zeke Hausfather",,1,data,0,,0,likely_visualization,D:\FR\IGD\IPCC internship\output\guardian\guardian_images\guardian_images_dataviz_dedup\guardian_2016-01-25_guardian_5325c5789e_img02.jpg,D:\FR\IGD\IPCC internship\output\guardian\guardian_images_2016.csv
guardian_5325c5789e,The Guardian,2016,"""global temperature""",Record hot 2015 gave us a glimpse at the future of global warming,https://www.theguardian.com/environment/climate-consensus-97-per-cent/2016/jan/25/record-hot-2015-gave-us-a-glimpse-at-the-future-of-global-warming,2016-01-25,2021-08-25,3,https://i.guim.co.uk/img/media/d598f64af40f52e51a22d6d61a0efcba3178f095/0_0_1409_957/master/1409.jpg?width=445&dpr=1&s=none&crop=none,../Scripts/output/guardian/guardian_images/guardian_2016-01-25_guardian_5325c5789e_img03.jpg,Berkeley Earth average global surface temperatures since 1965 categorized by type of El Niño year. Illustration: Dana Nuccitelli,,0,,0,,1,broad_candidate,D:\FR\IGD\IPCC internship\output\guardian\guardian_images\guardian_images_dataviz_dedup\guardian_2016-01-25_guardian_5325c5789e_img03.jpg,D:\FR\IGD\IPCC internship\output\guardian\guardian_images_2016.csv
guardian_5325c5789e,The Guardian,2016,"""global temperature""",Record hot 2015 gave us a glimpse at the future of global warming,https://www.theguardian.com/environment/climate-consensus-97-per-cent/2016/jan/25/record-hot-2015-gave-us-a-glimpse-at-the-future-of-global-warming,2016-01-25,2021-08-25,4,https://i.guim.co.uk/img/media/5229b42bd70f2ab570e37e978f985f89f11f0149/0_0_420_625/master/420.jpg?width=120&dpr=1&s=none&crop=none,../Scripts/output/guardian/guardian_images/guardian_2016-01-25_guardian_5325c5789e_img04.jpg,"Widget counting global heat accumulation, up to 2.3 billion atomic bomb detonations since 1998. Illustration: 4hiroshimas.com",,0,,0,,1,broad_candidate,D:\FR\IGD\IPCC internship\output\guardian\guardian_images\guardian_images_dataviz_dedup\guardian_2016-01-25_guardian_5325c5789e_img04.jpg,D:\FR\IGD\IPCC internship\output\guardian\guardian_images_2016.csv
guardian_5325c5789e,The Guardian,2016,"""global temperature""",Record hot 2015 gave us a glimpse at the future of global warming,https://www.theguardian.com/environment/climate-consensus-97-per-cent/2016/jan/25/record-hot-2015-gave-us-a-glimpse-at-the-future-of-global-warming,2016-01-25,2021-08-25,5,https://i.guim.co.uk/img/media/65b29f230e04d7f0c2c3c41f0f96e03a841eb7e4/0_0_747_496/master/747.jpg?width=445&dpr=1&s=none&crop=none,../Scripts/output/guardian/guardian_images/guardian_2016-01-25_guardian_5325c5789e_img05.jpg,Ocean heat uptake as a percentage of 1865-2015 change for CMIP5 model average. Large grey cross indicates that 50% of the total uptake occurred in 1997. Source: Gleckler et al. (2016). Illustration: Nature Climate Change,Gleckler et al. (2016). Illustration: Nature Climate Change,1,source:,0,,0,likely_visualization,D:\FR\IGD\IPCC internship\output\guardian\guardian_images\guardian_images_dataviz_dedup\guardian_2016-01-25_guardian_5325c5789e_img05.jpg,D:\FR\IGD\IPCC internship\output\guardian\guardian_images_2016.csv
guardian_5325c5789e,The Guardian,2016,"""global temperature""",Record hot 2015 gave us a glimpse at the future of global warming,https://www.theguardian.com/environment/climate-consensus-97-per-cent/2016/jan/25/record-hot-2015-gave-us-a-glimpse-at-the-future-of-global-warming,2016-01-25,2021-08-25,6,https://i.guim.co.uk/img/media/fb773b4523b4364e02315cdf22b9ccb3c59a13eb/0_0_1188_444/master/1188.jpg?width=445&dpr=1&s=none&crop=none,../Scripts/output/guardian/guardian_images/guardian_2016-01-25_guardian_5325c5789e_img06.jpg,NASA GISS global surface temperatures. Right frame shows smoothing over various time periods. Illustration: James Hansen.,,0,,0,,1,broad_candidate,D:\FR\IGD\IPCC internship\output\guardian\guardian_images\guardian_images_dataviz_dedup\guardian_2016-01-25_guardian_5325c5789e_img06.jpg,D:\FR\IGD\IPCC internship\output\guardian\guardian_images_2016.csv
guardian_baf843287f,The Guardian,2016,"""global temperature""",Climate change in charts: from record global temperatures to science denial,https://www.theguardian.com/environment/planet-oz/2016/feb/02/climate-change-in-charts-from-record-global-temperatures-to-science-denial,2016-02-02,2021-08-25,2,https://i.guim.co.uk/img/media/08c2c36b96cbac6bbd688ff0356bb1047cfbdafe/0_0_738_525/master/738.jpg?width=445&dpr=1&s=none&crop=none,../Scripts/output/guardian/guardian_images/guardian_2016-02-02_guardian_baf843287f_img02.jpg,"Chart showing average global temperatures from 1850 to 2015 according to three major datasets Photograph: Met Office, UK",,3,chart|data|graph,2,photo|photograph,0,likely_visualization,D:\FR\IGD\IPCC internship\output\guardian\guardian_images\guardian_images_dataviz_dedup\guardian_2016-02-02_guardian_baf843287f_img02.jpg,D:\FR\IGD\IPCC internship\output\guardian\guardian_images_2016.csv
guardian_baf843287f,The Guardian,2016,"""global temperature""",Climate change in charts: from record global temperatures to science denial,https://www.theguardian.com/environment/planet-oz/2016/feb/02/climate-change-in-charts-from-record-global-temperatures-to-science-denial,2016-02-02,2021-08-25,3,https://i.guim.co.uk/img/media/c2a7c3df2bfd7a3213995b869e083e8c8d9b3923/0_0_600_382/master/600.jpg?width=445&dpr=1&s=none&crop=none,../Scripts/output/guardian/guardian_images/guardian_2016-02-02_guardian_baf843287f_img03.jpg,Chart showing the MetOffice estimate of global temperatures in the upcoming five years to 2020 Photograph: Met Office,,2,chart|graph,2,photo|photograph,0,likely_visualization,D:\FR\IGD\IPCC internship\output\guardian\guardian_images\guardian_images_dataviz_dedup\guardian_2016-02-02_guardian_baf843287f_img03.jpg,D:\FR\IGD\IPCC internship\output\guardian\guardian_images_2016.csv
guardian_baf843287f,The Guardian,2016,"""global temperature""",Climate change in charts: from record global temperatures to science denial,https://www.theguardian.com/environment/planet-oz/2016/feb/02/climate-change-in-charts-from-record-global-temperatures-to-science-denial,2016-02-02,2021-08-25,4,https://i.guim.co.uk/img/media/58134b896cdb9fc3bce1c3aec9fa0c8ed9e7d352/0_0_566_380/master/566.jpg?width=445&dpr=1&s=none&crop=none,../Scripts/output/guardian/guardian_images/guardian_2016-02-02_guardian_baf843287f_img04.jpg,Chart showing the rising heat content of the world’s oceans Photograph: NOAA,,2,chart|graph,2,photo|photograph,0,likely_visualization,D:\FR\IGD\IPCC internship\output\guardian\guardian_images\guardian_images_dataviz_dedup\guardian_2016-02-02_guardian_baf843287f_img04.jpg,D:\FR\IGD\IPCC internship\output\guardian\guardian_images_2016.csv
guardian_baf843287f,The Guardian,2016,"""global temperature""",Climate change in charts: from record global temperatures to science denial,https://www.theguardian.com/environment/planet-oz/2016/feb/02/climate-change-in-charts-from-record-global-temperatures-to-science-denial,2016-02-02,2021-08-25,6,https://i.guim.co.uk/img/media/78ff6c694cfc7337a661b66ca46f9b637b42fddf/0_0_814_775/master/814.jpg?width=445&dpr=1&s=none&crop=none,../Scripts/output/guardian/guardian_images/guardian_2016-02-02_guardian_baf843287f_img06.jpg,Chart showing the views of Australians on the causes of climate change. The dashed line shows each group’s opinion and the bars show how many people they think agree with them. Photograph: Nature Climate Change,,2,chart|graph,2,photo|photograph,0,likely_visualization,D:\FR\IGD\IPCC internship\output\guardian\guardian_images\guardian_images_dataviz_dedup\guardian_2016-02-02_guardian_baf843287f_img06.jpg,D:\FR\IGD\IPCC internship\output\guardian\guardian_images_2016.csv
guardian_baf843287f,The Guardian,2016,"""global temperature""",Climate change in charts: from record global temperatures to science denial,https://www.theguardian.com/environment/planet-oz/2016/feb/02/climate-change-in-charts-from-record-global-temperatures-to-science-denial,2016-02-02,2021-08-25,7,https://i.guim.co.uk/img/media/ff96234fd36c260b735cf943d99e36c558b7a57c/0_0_1105_727/master/1105.jpg?width=445&dpr=1&s=none&crop=none,../Scripts/output/guardian/guardian_images/guardian_2016-02-02_guardian_baf843287f_img07.jpg,Chart showing global CO2 emissions from fossil-fuel use and industry since 1990 and emissions intensity CO2 /GDP. The red symbols are projections for 2015. Photograph: Nature Climate Change,,2,chart|graph,2,photo|photograph,0,likely_visualization,D:\FR\IGD\IPCC internship\output\guardian\guardian_images\guardian_images_dataviz_dedup\guardian_2016-02-02_guardian_baf843287f_img07.jpg,D:\FR\IGD\IPCC internship\output\guardian\guardian_images_2016.csv
guardian_b51e6532d7,The Guardian,2016,"""global temperature""",No climate conspiracy: NOAA temperature adjustments bring data closer to pristine,https://www.theguardian.com/environment/climate-consensus-97-per-cent/2016/feb/08/no-climate-conspiracy-noaa-temperature-adjustments-bring-data-closer-to-pristine,2016-02-08,2021-08-25,2,https://i.guim.co.uk/img/media/9951524278f9d06ad0cfc6a0135028a61b5e1bce/0_0_2000_1454/master/2000.jpg?width=445&dpr=1&s=none&crop=none,../Scripts/output/guardian/guardian_images/guardian_2016-02-08_guardian_b51e6532d7_img02.jpg,NOAA adjusted (green) and raw data (red). The dashed black line shows the difference created by the adjustments. Illustration: Zeke Hausfather,,1,data,0,,0,likely_visualization,D:\FR\IGD\IPCC internship\output\guardian\guardian_images\guardian_images_dataviz_dedup\guardian_2016-02-08_guardian_b51e6532d7_img02.jpg,D:\FR\IGD\IPCC internship\output\guardian\guardian_images_2016.csv
guardian_b51e6532d7,The Guardian,2016,"""global temperature""",No climate conspiracy: NOAA temperature adjustments bring data closer to pristine,https://www.theguardian.com/environment/climate-consensus-97-per-cent/2016/feb/08/no-climate-conspiracy-noaa-temperature-adjustments-bring-data-closer-to-pristine,2016-02-08,2021-08-25,3,https://i.guim.co.uk/img/media/e41c8a1e937f6b99c55bdfc8e32231cfcf395f4a/0_0_2000_834/master/2000.jpg?width=445&dpr=1&s=none&crop=none,../Scripts/output/guardian/guardian_images/guardian_2016-02-08_guardian_b51e6532d7_img03.jpg,"Comparison of monthly average adjusted USHCN (historical network of adjusted data) and USCRN (reference network) temperatures between January 2004 and October 2015. Illustration: Hausfather et al. (2016), Geophysical Research Letters",,1,data,0,,0,likely_visualization,D:\FR\IGD\IPCC internship\output\guardian\guardian_images\guardian_images_dataviz_dedup\guardian_2016-02-08_guardian_b51e6532d7_img03.jpg,D:\FR\IGD\IPCC internship\output\guardian\guardian_images_2016.csv
guardian_b51e6532d7,The Guardian,2016,"""global temperature""",No climate conspiracy: NOAA temperature adjustments bring data closer to pristine,https://www.theguardian.com/environment/climate-consensus-97-per-cent/2016/feb/08/no-climate-conspiracy-noaa-temperature-adjustments-bring-data-closer-to-pristine,2016-02-08,2021-08-25,4,https://i.guim.co.uk/img/media/359e28e0d3ec2cb951a4c2dfc5f86fa309933922/0_0_2000_1454/master/2000.jpg?width=445&dpr=1&s=none&crop=none,../Scripts/output/guardian/guardian_images/guardian_2016-02-08_guardian_b51e6532d7_img04.jpg,"Comparison of the distribution of temperature trend differences between proximate raw (blue), adjusted (red), and reference network (green) station pairs. If the raw or adjusted data had identical trends to the reference network, they would match the green shaded area perfectly. Illustration: Hausfather et al. (2016), Geophysical Research Letters",,1,data,0,,0,likely_visualization,D:\FR\IGD\IPCC internship\output\guardian\guardian_images\guardian_images_dataviz_dedup\guardian_2016-02-08_guardian_b51e6532d7_img04.jpg,D:\FR\IGD\IPCC internship\output\guardian\guardian_images_2016.csv
guardian_07505891b6,The Guardian,2016,"""1.5C""",Europe places bets on natural gas to secure energy future,https://www.theguardian.com/environment/2016/feb/16/europe-places-bets-on-natural-gas-to-secure-energy-future,2016-02-16,2021-08-25,1,https://i.guim.co.uk/img/media/a061c627c8fed0ed6422de774fa8c365e66b1f77/0_60_4000_2401/master/4000.jpg?width=465&dpr=1&s=none&crop=none,../Scripts/output/guardian/guardian_images/guardian_2016-02-16_guardian_07505891b6_img01.jpg,A Gazprom maps shows gas distribution throughout Europe. Campaigners said EC plans would ‘roll out the red carpet for Gazprom’. Photograph: Andrey Rudakov/Getty Images,,2,graph|map,3,getty|photo|photograph,0,likely_visualization,D:\FR\IGD\IPCC internship\output\guardian\guardian_images\guardian_images_dataviz_dedup\guardian_2016-02-16_guardian_07505891b6_img01.jpg,D:\FR\IGD\IPCC internship\output\guardian\guardian_images_2016.csv
guardian_ddb14a45eb,The Guardian,2016,IPCC,Republicans' favorite climate chart has some serious problems,https://www.theguardian.com/environment/climate-consensus-97-per-cent/2016/feb/19/republicans-favorite-climate-chart-has-some-serious-problems,2016-02-19,2021-08-25,2,https://i.guim.co.uk/img/media/9bd23ecade619be9d7546bd6f103825356deaf53/0_0_720_405/master/720.jpg?width=445&dpr=1&s=none&crop=none,../Scripts/output/guardian/guardian_images/guardian_2016-02-19_guardian_ddb14a45eb_img02.jpg,"John Christy’s chart, annotated to detail its problems. Illustration: Dana Nuccitelli",,1,chart,0,,0,likely_visualization,D:\FR\IGD\IPCC internship\output\guardian\guardian_images\guardian_images_dataviz_dedup\guardian_2016-02-19_guardian_ddb14a45eb_img02.jpg,D:\FR\IGD\IPCC internship\output\guardian\guardian_images_2016.csv
guardian_ddb14a45eb,The Guardian,2016,IPCC,Republicans' favorite climate chart has some serious problems,https://www.theguardian.com/environment/climate-consensus-97-per-cent/2016/feb/19/republicans-favorite-climate-chart-has-some-serious-problems,2016-02-19,2021-08-25,3,https://i.guim.co.uk/img/media/d486718f9fe01b12592031340949dc18d1be6543/0_0_1023_597/master/1023.jpg?width=445&dpr=1&s=none&crop=none,../Scripts/output/guardian/guardian_images/guardian_2016-02-19_guardian_ddb14a45eb_img03.jpg,"Temperature of the atmosphere to the mid-troposphere in the tropics, comparing model simulations (gray envelope) to observational estimates from satellites (colored lines). Illustration: Gavin Schmidt",,1,chart,0,,0,likely_visualization,D:\FR\IGD\IPCC internship\output\guardian\guardian_images\guardian_images_dataviz_dedup\guardian_2016-02-19_guardian_ddb14a45eb_img03.jpg,D:\FR\IGD\IPCC internship\output\guardian\guardian_images_2016.csv
guardian_ddb14a45eb,The Guardian,2016,IPCC,Republicans' favorite climate chart has some serious problems,https://www.theguardian.com/environment/climate-consensus-97-per-cent/2016/feb/19/republicans-favorite-climate-chart-has-some-serious-problems,2016-02-19,2021-08-25,4,https://i.guim.co.uk/img/media/3cefcfc153a66e1478bcc8951a30a720ff575a4e/0_0_600_588/master/600.jpg?width=445&dpr=1&s=none&crop=none,../Scripts/output/guardian/guardian_images/guardian_2016-02-19_guardian_ddb14a45eb_img04.jpg,Global mean surface temperature series (red) along with five different Monte Carlo surrogates based on forced signal + ARMA noise realizations (gray) using CMIP5 all-forcing experiments. Illustration: Mann et al. (2015),,1,chart,0,,0,likely_visualization,D:\FR\IGD\IPCC internship\output\guardian\guardian_images\guardian_images_dataviz_dedup\guardian_2016-02-19_guardian_ddb14a45eb_img04.jpg,D:\FR\IGD\IPCC internship\output\guardian\guardian_images_2016.csv
guardian_ddb14a45eb,The Guardian,2016,IPCC,Republicans' favorite climate chart has some serious problems,https://www.theguardian.com/environment/climate-consensus-97-per-cent/2016/feb/19/republicans-favorite-climate-chart-has-some-serious-problems,2016-02-19,2021-08-25,5,https://i.guim.co.uk/img/media/77c019e4b08d6714bbe6df53bc7684d197e1c160/0_0_2164_1578/master/2164.jpg?width=445&dpr=1&s=none&crop=none,../Scripts/output/guardian/guardian_images/guardian_2016-02-19_guardian_ddb14a45eb_img05.jpg,"Estimated changes in the observed global annual mean sea level (GMSL) since 1950 relative to 1961–1990. Estimated changes in global annual sea level anomalies are presented based on tide gauge data and based on sea surface altimetry. The shading shows the largest model projected range of global annual sea level rise from 1950 to 2035 for the IPCC First Assessment Report (FAR), Second (SAR), Third (TAR), and for Church et al. (2011) based on the CMIP3 model results. Illustration: IPCC AR5",,2,chart|data,0,,0,likely_visualization,D:\FR\IGD\IPCC internship\output\guardian\guardian_images\guardian_images_dataviz_dedup\guardian_2016-02-19_guardian_ddb14a45eb_img05.jpg,D:\FR\IGD\IPCC internship\output\guardian\guardian_images_2016.csv
guardian_ddb14a45eb,The Guardian,2016,IPCC,Republicans' favorite climate chart has some serious problems,https://www.theguardian.com/environment/climate-consensus-97-per-cent/2016/feb/19/republicans-favorite-climate-chart-has-some-serious-problems,2016-02-19,2021-08-25,6,https://i.guim.co.uk/img/media/b79fccc2715602f30624ceb1ee743f739603f487/0_0_709_482/master/709.jpg?width=445&dpr=1&s=none&crop=none,../Scripts/output/guardian/guardian_images/guardian_2016-02-19_guardian_ddb14a45eb_img06.jpg,Projected vs. observed September Arctic sea ice extent. Illustration: Stroeve et al. (2012),,1,chart,0,,0,likely_visualization,D:\FR\IGD\IPCC internship\output\guardian\guardian_images\guardian_images_dataviz_dedup\guardian_2016-02-19_guardian_ddb14a45eb_img06.jpg,D:\FR\IGD\IPCC internship\output\guardian\guardian_images_2016.csv
guardian_ddb14a45eb,The Guardian,2016,IPCC,Republicans' favorite climate chart has some serious problems,https://www.theguardian.com/environment/climate-consensus-97-per-cent/2016/feb/19/republicans-favorite-climate-chart-has-some-serious-problems,2016-02-19,2021-08-25,7,https://i.guim.co.uk/img/media/c853697cd5de8f65d94915034758c7ece2454847/0_0_746_585/master/746.jpg?width=445&dpr=1&s=none&crop=none,../Scripts/output/guardian/guardian_images/guardian_2016-02-19_guardian_ddb14a45eb_img07.jpg,Observed (red) vs. CMIP5 model simulated (gray and black) ocean heat content. Illustration: Cheng et al. (2015),,1,chart,0,,0,likely_visualization,D:\FR\IGD\IPCC internship\output\guardian\guardian_images\guardian_images_dataviz_dedup\guardian_2016-02-19_guardian_ddb14a45eb_img07.jpg,D:\FR\IGD\IPCC internship\output\guardian\guardian_images_2016.csv
guardian_068fc2a26e,The Guardian,2016,"""global temperature""",Carbon emissions: here's what we can do to hit 'science-based targets',https://www.theguardian.com/sustainable-business/2016/feb/23/science-based-targets-ghg-emissions-carbon-climate-change-environment,2016-02-23,2021-08-25,2,https://i.guim.co.uk/img/media/5c57cc45c6eccce14d44124fb76d6bfa09820dab/0_28_1050_630/master/1050.jpg?width=445&dpr=1&s=none&crop=none,../Scripts/output/guardian/guardian_images/guardian_2016-02-23_guardian_068fc2a26e_img02.jpg,"Sea level change during each of the twenty centuries of the Common Era. Photograph: Climate Central, based on Kopp et al. (2016), published in the Proceedings of the National Academy of Sciences.",,1,graph,2,photo|photograph,0,likely_visualization,D:\FR\IGD\IPCC internship\output\guardian\guardian_images\guardian_images_dataviz_dedup\guardian_2016-02-23_guardian_068fc2a26e_img02.jpg,D:\FR\IGD\IPCC internship\output\guardian\guardian_images_2016.csv
guardian_53cff9479e,The Guardian,2016,"""global temperature""",Earth is warming 50x faster than when it comes out of an ice age,https://www.theguardian.com/environment/climate-consensus-97-per-cent/2016/feb/24/earth-is-warming-is-50x-faster-than-when-it-comes-out-of-an-ice-age,2016-02-24,2021-08-25,2,https://i.guim.co.uk/img/media/5c57cc45c6eccce14d44124fb76d6bfa09820dab/0_0_1050_718/master/1050.jpg?width=445&dpr=1&s=none&crop=none,../Scripts/output/guardian/guardian_images/guardian_2016-02-24_guardian_53cff9479e_img02.jpg,"Sea level change during each of the twenty centuries of the Common Era. Illustration: Climate Central, based on Kopp et al. (2016), published in the Proceedings of the National Academy of Sciences.",,0,,0,,1,broad_candidate,D:\FR\IGD\IPCC internship\output\guardian\guardian_images\guardian_images_dataviz_dedup\guardian_2016-02-24_guardian_53cff9479e_img02.jpg,D:\FR\IGD\IPCC internship\output\guardian\guardian_images_2016.csv
guardian_53cff9479e,The Guardian,2016,"""global temperature""",Earth is warming 50x faster than when it comes out of an ice age,https://www.theguardian.com/environment/climate-consensus-97-per-cent/2016/feb/24/earth-is-warming-is-50x-faster-than-when-it-comes-out-of-an-ice-age,2016-02-24,2021-08-25,3,https://i.guim.co.uk/img/media/b79c008e1dc7d1629a281342bee618c755494c82/0_0_4372_2099/master/4372.jpg?width=445&dpr=1&s=none&crop=none,../Scripts/output/guardian/guardian_images/guardian_2016-02-24_guardian_53cff9479e_img03.jpg,"Atmospheric carbon dioxide levels (top) and average global surface temperature (bottom) from the past 20,000 years to the next 10,000 years in various emissions scenarios. Illustration: Clark et al. (2016), Nature Climate Change.",,0,,0,,1,broad_candidate,D:\FR\IGD\IPCC internship\output\guardian\guardian_images\guardian_images_dataviz_dedup\guardian_2016-02-24_guardian_53cff9479e_img03.jpg,D:\FR\IGD\IPCC internship\output\guardian\guardian_images_2016.csv
guardian_2837b0f511,The Guardian,2016,"""global temperature""",Why is 2016 smashing heat records?,https://www.theguardian.com/environment/2016/mar/04/is-el-nino-or-climate-change-behind-the-run-of-record-temperatures,2016-03-04,2021-08-25,2,https://i.guim.co.uk/img/media/09aa35a7940232ed9bbdc4f5821ba554627b24fb/0_0_760_448/master/760.jpg?width=445&dpr=1&s=none&crop=none,../Scripts/output/guardian/guardian_images/guardian_2016-03-04_guardian_2837b0f511_img02.jpg,"Global land and ocean temperature anomalies, January-December. Photograph: Noaa",,1,graph,2,photo|photograph,0,likely_visualization,D:\FR\IGD\IPCC internship\output\guardian\guardian_images\guardian_images_dataviz_dedup\guardian_2016-03-04_guardian_2837b0f511_img02.jpg,D:\FR\IGD\IPCC internship\output\guardian\guardian_images_2016.csv
guardian_413f87872f,The Guardian,2016,"""global temperature""",March temperature smashes 100-year global record,https://www.theguardian.com/environment/2016/apr/15/march-temperature-smashes-100-year-global-record,2016-04-15,2021-08-25,1,https://i.guim.co.uk/img/media/18f04ecaabce36ad34ede63ef148431377b9801b/5_0_2496_1499/master/2496.jpg?width=465&dpr=1&s=none&crop=none,../Scripts/output/guardian/guardian_images/guardian_2016-04-15_guardian_413f87872f_img01.jpg,An illustration shows that 2015 was the hottest year since 1880. Photograph: AFP/Getty Images,,1,graph,4,afp|getty|photo|photograph,0,likely_visualization,D:\FR\IGD\IPCC internship\output\guardian\guardian_images\guardian_images_dataviz_dedup\guardian_2016-04-15_guardian_413f87872f_img01.jpg,D:\FR\IGD\IPCC internship\output\guardian\guardian_images_2016.csv
guardian_6b4d4e220f,The Guardian,2016,IPCC,Study: humans have caused all the global warming since 1950,https://www.theguardian.com/environment/climate-consensus-97-per-cent/2016/apr/19/study-humans-have-caused-all-the-global-warming-since-1950,2016-04-19,2021-08-25,2,https://i.guim.co.uk/img/media/5260dcfa4a5e7762868416edb3e10fc706eff6fa/0_0_677_461/master/677.jpg?width=445&dpr=1&s=none&crop=none,../Scripts/output/guardian/guardian_images/guardian_2016-04-19_guardian_6b4d4e220f_img02.jpg,"The percentage contribution to global warming over the past 50-65 years in two categories: human causes (left) and natural causes (right), from various peer-reviewed studies. The studies are Tett et al. 2000 (T00, dark blue), Meehl et al. 2004 (M04, red), Stone et al. 2007 (S07, green), Lean and Rind 2008 (LR08, purple), Huber and Knutti 2011 (HK11, light blue), Gillett et al. 2012 (G12, orange), Wigley and Santer 2012 (WG12, dark green), Jones et al. 2013 (J13, pink), IPCC AR5 (IPCC, light green), and Ribes et al. 2016 (R16, light purple). The numbers are best estimates from each study. Il...",,0,,0,,1,broad_candidate,D:\FR\IGD\IPCC internship\output\guardian\guardian_images\guardian_images_dataviz_dedup\guardian_2016-04-19_guardian_6b4d4e220f_img02.jpg,D:\FR\IGD\IPCC internship\output\guardian\guardian_images_2016.csv
guardian_36fcb13eb7,The Guardian,2016,"""sea level rise""",Exercises of perception in scallywag land,https://www.theguardian.com/environment/2016/apr/22/exercises-of-perception-in-scallywag-land,2016-04-22,2017-11-28,1,https://i.guim.co.uk/img/media/de78c83cd10d7ee46cdd078c472a4d8d425ca70b/0_92_2755_1652/master/2755.jpg?width=465&dpr=1&s=none&crop=none,../Scripts/output/guardian/guardian_images/guardian_2016-04-22_guardian_36fcb13eb7_img01.jpg,A Cambridgeshire map noting Adventurers’ Land. Photograph: Simon Ingram,,2,graph|map,2,photo|photograph,0,likely_visualization,D:\FR\IGD\IPCC internship\output\guardian\guardian_images\guardian_images_dataviz_dedup\guardian_2016-04-22_guardian_36fcb13eb7_img01.jpg,D:\FR\IGD\IPCC internship\output\guardian\guardian_images_2016.csv
guardian_fac995afce,The Guardian,2016,"""sea level rise""",Satellite Eye on Earth: March 2016 - in pictures,https://www.theguardian.com/environment/2016/apr/25/satellite-eye-on-earth-march-2016-in-pictures,2016-04-25,2018-02-14,3,https://i.guim.co.uk/img/media/c4315c3ebbe372cce344a20e86205d4610065d94/640_608_757_585/master/757.jpg?width=445&dpr=1&s=none&crop=none,../Scripts/output/guardian/guardian_images/guardian_2016-04-25_guardian_fac995afce_img03.jpg,Credits: VIIRS/Suomi NPP/NASA Photograph: VIIRS/Suomi NPP/NASA,,1,graph,2,photo|photograph,0,likely_visualization,D:\FR\IGD\IPCC internship\output\guardian\guardian_images\guardian_images_dataviz_dedup\guardian_2016-04-25_guardian_fac995afce_img03.jpg,D:\FR\IGD\IPCC internship\output\guardian\guardian_images_2016.csv
guardian_fac995afce,The Guardian,2016,"""sea level rise""",Satellite Eye on Earth: March 2016 - in pictures,https://www.theguardian.com/environment/2016/apr/25/satellite-eye-on-earth-march-2016-in-pictures,2016-04-25,2018-02-14,6,https://i.guim.co.uk/img/media/312db5db3b05c6f80f618dd50f070940269b06c5/0_0_3252_3252/master/3252.jpg?width=445&dpr=1&s=none&crop=none,../Scripts/output/guardian/guardian_images/guardian_2016-04-25_guardian_fac995afce_img06.jpg,Credits: VIIRS/Suomi NPP/NASA,,0,,0,,1,broad_candidate,D:\FR\IGD\IPCC internship\output\guardian\guardian_images\guardian_images_dataviz_dedup\guardian_2016-04-25_guardian_fac995afce_img06.jpg,D:\FR\IGD\IPCC internship\output\guardian\guardian_images_2016.csv
guardian_ed96954690,The Guardian,2016,"""sea level rise""",How scared or hopeful should we be in a warming world?,https://www.theguardian.com/environment/2016/may/12/how-scared-or-hopeful-should-we-be-in-a-warming-world,2016-05-12,2021-08-25,2,https://i.guim.co.uk/img/media/fc457400c5577ef06fde2050143f5b45f68de703/0_0_926_506/master/926.jpg?width=445&dpr=1&s=none&crop=none,../Scripts/output/guardian/guardian_images/guardian_2016-05-12_guardian_ed96954690_img02.jpg,Global average surface temperature change Photograph: The Conversation/AR surfacetempproj.,,1,graph,2,photo|photograph,0,likely_visualization,D:\FR\IGD\IPCC internship\output\guardian\guardian_images\guardian_images_dataviz_dedup\guardian_2016-05-12_guardian_ed96954690_img02.jpg,D:\FR\IGD\IPCC internship\output\guardian\guardian_images_2016.csv
guardian_621af05d81,The Guardian,2016,"""sea level rise""",Donald Trump wants to build a wall – to save his golf course from global warming,https://www.theguardian.com/environment/climate-consensus-97-per-cent/2016/may/26/donald-trump-wants-to-build-a-wall-to-save-his-golf-course-from-global-warming,2016-05-26,2021-08-25,2,https://i.guim.co.uk/img/media/8ce404a7067a3bd98c1f1f774f63504b5b5d5fd7/0_0_677_461/master/677.jpg?width=445&dpr=1&s=none&crop=none,../Scripts/output/guardian/guardian_images/guardian_2016-05-26_guardian_621af05d81_img02.jpg,"Concern about climate change (0-6 point scale) vs. average correct score on questions relevant to its causes in six countries. Illustration: Dana Nuccitelli, data from Shi et al. (2016).",,1,data,0,,0,likely_visualization,D:\FR\IGD\IPCC internship\output\guardian\guardian_images\guardian_images_dataviz_dedup\guardian_2016-05-26_guardian_621af05d81_img02.jpg,D:\FR\IGD\IPCC internship\output\guardian\guardian_images_2016.csv
guardian_fb331aa892,The Guardian,2016,IPCC,Carbon dioxide levels in atmosphere forecast to shatter milestone,https://www.theguardian.com/environment/2016/jun/13/carbon-dioxide-levels-in-atmosphere-forecast-to-shatter-milestone,2016-06-13,2021-08-25,1,https://i.guim.co.uk/img/media/2aaef4c2118c46b7b8f3d1ef0f0fb66b54218285/0_22_1593_956/master/1593.jpg?width=465&dpr=1&s=none&crop=none,../Scripts/output/guardian/guardian_images/guardian_2016-06-13_guardian_fb331aa892_img01.jpg,The Met Office forecasts 2016 will see annual CO2 concentrations breach 400 parts per million. To keep below global warming of 2C - the ‘safe’ level - concentrations must be kept below 450ppm. Photograph: OCO-2 /JPL-Caltech/NASA,,1,graph,2,photo|photograph,0,likely_visualization,D:\FR\IGD\IPCC internship\output\guardian\guardian_images\guardian_images_dataviz_dedup\guardian_2016-06-13_guardian_fb331aa892_img01.jpg,D:\FR\IGD\IPCC internship\output\guardian\guardian_images_2016.csv
guardian_91a870193c,The Guardian,2016,IPCC,New research: climate may be more sensitive and situation more dire,https://www.theguardian.com/environment/climate-consensus-97-per-cent/2016/jul/05/new-research-climate-may-be-more-sensitive-and-situation-more-dire,2016-07-05,2021-08-25,2,https://i.guim.co.uk/img/media/ee2efd7d507ed4cad14048e510de5930ce62312f/0_0_786_601/master/786.png?width=445&dpr=1&s=none&crop=none,../Scripts/output/guardian/guardian_images/guardian_2016-07-05_guardian_91a870193c_img02.png,"Like-with-like comparisons of transient climate response estimates between models and observations. In the upper two bars, the observed estimates are adjusted to match the method used for the models. In the lower three bars the model outputs are treated in the same way as the observations. Illustration: Richardson et al. (2016); Nature Climate Change.",,0,,0,,1,broad_candidate,D:\FR\IGD\IPCC internship\output\guardian\guardian_images\guardian_images_dataviz_dedup\guardian_2016-07-05_guardian_91a870193c_img02.jpg,D:\FR\IGD\IPCC internship\output\guardian\guardian_images_2016.csv
guardian_6d46142065,The Guardian,2016,"""global temperature""",Arctic sea ice crashes to record low for June,https://www.theguardian.com/environment/2016/jul/07/arctic-sea-ice-crashes-to-record-low-for-june,2016-07-07,2021-08-25,2,https://i.guim.co.uk/img/media/1a613b81deee1869a5159a16c2ee63441190719d/0_66_1050_766/master/1050.jpg?width=445&dpr=1&s=none&crop=none,../Scripts/output/guardian/guardian_images/guardian_2016-07-07_guardian_6d46142065_img02.jpg,A graph of the Arctic sea ice extent. Photograph: NSIDC,,1,graph,2,photo|photograph,0,likely_visualization,D:\FR\IGD\IPCC internship\output\guardian\guardian_images\guardian_images_dataviz_dedup\guardian_2016-07-07_guardian_6d46142065_img02.jpg,D:\FR\IGD\IPCC internship\output\guardian\guardian_images_2016.csv
guardian_40a40d57ba,The Guardian,2016,"""sea level rise""","Massive mangrove die-off on Gulf of Carpentaria worst in the world, says expert",https://www.theguardian.com/environment/2016/jul/11/massive-mangrove-die-off-on-gulf-of-carpentaria-worst-in-the-world-says-expert,2016-07-11,2021-08-25,2,https://i.guim.co.uk/img/media/c31b45bf8081ffb7d50ff45f184ca53b254de205/11_1_707_632/master/707.jpg?width=445&dpr=1&s=none&crop=none,../Scripts/output/guardian/guardian_images/guardian_2016-07-11_guardian_40a40d57ba_img02.jpg,A graphic showing how much rainfall was above or below average in the northern Australian wet season of 2016. Photograph: Australian Bureau of Meteorology,,2,graph|graphic,2,photo|photograph,0,likely_visualization,D:\FR\IGD\IPCC internship\output\guardian\guardian_images\guardian_images_dataviz_dedup\guardian_2016-07-11_guardian_40a40d57ba_img02.jpg,D:\FR\IGD\IPCC internship\output\guardian\guardian_images_2016.csv
guardian_40a40d57ba,The Guardian,2016,"""sea level rise""","Massive mangrove die-off on Gulf of Carpentaria worst in the world, says expert",https://www.theguardian.com/environment/2016/jul/11/massive-mangrove-die-off-on-gulf-of-carpentaria-worst-in-the-world-says-expert,2016-07-11,2021-08-25,3,https://i.guim.co.uk/img/media/fce29813a557d4e4a81427fdb9bf1c3587d19845/12_0_711_629/master/711.jpg?width=445&dpr=1&s=none&crop=none,../Scripts/output/guardian/guardian_images/guardian_2016-07-11_guardian_40a40d57ba_img03.jpg,A graphic showing how much rainfall was above or below average in the northern Australian wet season of 2015. Photograph: Australian Bureau of Meteorology,,2,graph|graphic,2,photo|photograph,0,likely_visualization,D:\FR\IGD\IPCC internship\output\guardian\guardian_images\guardian_images_dataviz_dedup\guardian_2016-07-11_guardian_40a40d57ba_img03.jpg,D:\FR\IGD\IPCC internship\output\guardian\guardian_images_2016.csv
guardian_40a40d57ba,The Guardian,2016,"""sea level rise""","Massive mangrove die-off on Gulf of Carpentaria worst in the world, says expert",https://www.theguardian.com/environment/2016/jul/11/massive-mangrove-die-off-on-gulf-of-carpentaria-worst-in-the-world-says-expert,2016-07-11,2021-08-25,4,https://i.guim.co.uk/img/media/2489da46396f9f077e945291440b66062fc88fbe/49_500_3452_2071/master/3452.png?width=445&dpr=1&s=none&crop=none,../Scripts/output/guardian/guardian_images/guardian_2016-07-11_guardian_40a40d57ba_img04.png,"Sea surface temperature anomalies around Australia for the first six months of 2016, where water across northern Australia was among the warmest on record. Illustration: Australian Bureau of Meteorology",,0,,0,,1,broad_candidate,D:\FR\IGD\IPCC internship\output\guardian\guardian_images\guardian_images_dataviz_dedup\guardian_2016-07-11_guardian_40a40d57ba_img04.jpg,D:\FR\IGD\IPCC internship\output\guardian\guardian_images_2016.csv
guardian_ca2a2d6b5d,The Guardian,2016,"""sea level rise""",Environmental records shattered as climate change 'plays out before us',https://www.theguardian.com/environment/2016/aug/02/environment-climate-change-records-broken-international-report,2016-08-02,2021-08-25,2,https://i.guim.co.uk/img/media/4907f814cac32b8b44b9fe2fb02d1eec15660105/0_0_620_790/master/620.jpg?width=445&dpr=1&s=none&crop=none,../Scripts/output/guardian/guardian_images/guardian_2016-08-02_guardian_ca2a2d6b5d_img02.jpg,,,0,,0,,1,broad_candidate,D:\FR\IGD\IPCC internship\output\guardian\guardian_images\guardian_images_dataviz_dedup\guardian_2016-08-02_guardian_ca2a2d6b5d_img02.jpg,D:\FR\IGD\IPCC internship\output\guardian\guardian_images_2016.csv
guardian_ca2a2d6b5d,The Guardian,2016,"""sea level rise""",Environmental records shattered as climate change 'plays out before us',https://www.theguardian.com/environment/2016/aug/02/environment-climate-change-records-broken-international-report,2016-08-02,2021-08-25,3,https://i.guim.co.uk/img/media/2bf62a1a7bada92f3c91d0b8a91b510e99a34511/0_0_620_759/master/620.jpg?width=445&dpr=1&s=none&crop=none,../Scripts/output/guardian/guardian_images/guardian_2016-08-02_guardian_ca2a2d6b5d_img03.jpg,,,0,,0,,1,broad_candidate,D:\FR\IGD\IPCC internship\output\guardian\guardian_images\guardian_images_dataviz_dedup\guardian_2016-08-02_guardian_ca2a2d6b5d_img03.jpg,D:\FR\IGD\IPCC internship\output\guardian\guardian_images_2016.csv
guardian_ca2a2d6b5d,The Guardian,2016,"""sea level rise""",Environmental records shattered as climate change 'plays out before us',https://www.theguardian.com/environment/2016/aug/02/environment-climate-change-records-broken-international-report,2016-08-02,2021-08-25,4,https://i.guim.co.uk/img/media/5bc3011a37f30d56a95df5b915604ad837dc21aa/0_0_620_372/master/620.jpg?width=445&dpr=1&s=none&crop=none,../Scripts/output/guardian/guardian_images/guardian_2016-08-02_guardian_ca2a2d6b5d_img04.jpg,,,0,,0,,1,broad_candidate,D:\FR\IGD\IPCC internship\output\guardian\guardian_images\guardian_images_dataviz_dedup\guardian_2016-08-02_guardian_ca2a2d6b5d_img04.jpg,D:\FR\IGD\IPCC internship\output\guardian\guardian_images_2016.csv
guardian_ca2a2d6b5d,The Guardian,2016,"""sea level rise""",Environmental records shattered as climate change 'plays out before us',https://www.theguardian.com/environment/2016/aug/02/environment-climate-change-records-broken-international-report,2016-08-02,2021-08-25,5,https://i.guim.co.uk/img/media/b6bcbe2215c597df2d19f10dbbf6abdbaf8c9041/0_0_620_748/master/620.jpg?width=445&dpr=1&s=none&crop=none,../Scripts/output/guardian/guardian_images/guardian_2016-08-02_guardian_ca2a2d6b5d_img05.jpg,,,0,,0,,1,broad_candidate,D:\FR\IGD\IPCC internship\output\guardian\guardian_images\guardian_images_dataviz_dedup\guardian_2016-08-02_guardian_ca2a2d6b5d_img05.jpg,D:\FR\IGD\IPCC internship\output\guardian\guardian_images_2016.csv
guardian_e0de682494,The Guardian,2016,"""sea level rise""","Earliest Americans could not have arrived by dry land, study indicates",https://www.theguardian.com/science/2016/aug/10/earliest-americans-could-not-have-arrived-by-dry-land-study-indicates,2016-08-10,2018-02-14,2,https://i.guim.co.uk/img/media/1a43e07f53142dfc32b50b94a5792e105439cf75/0_0_2129_2330/master/2129.jpg?width=445&dpr=1&s=none&crop=none,../Scripts/output/guardian/guardian_images/guardian_2016-08-10_guardian_e0de682494_img02.jpg,Map outlining the opening of human migration routes in North America as proposed by the new study. Photograph: Mikkel Winther Pedersen,,2,graph|map,2,photo|photograph,0,likely_visualization,D:\FR\IGD\IPCC internship\output\guardian\guardian_images\guardian_images_dataviz_dedup\guardian_2016-08-10_guardian_e0de682494_img02.jpg,D:\FR\IGD\IPCC internship\output\guardian\guardian_images_2016.csv
guardian_41c9ca2701,The Guardian,2016,IPCC,Climate urgency: we've locked in more global warming than people realize,https://www.theguardian.com/environment/climate-consensus-97-per-cent/2016/aug/15/climate-urgency-weve-locked-in-more-global-warming-than-people-realize,2016-08-15,2021-08-25,3,https://i.guim.co.uk/img/media/9e5c76605617d64f582574b80c910be72d15c373/0_0_1741_1152/master/1741.jpg?width=445&dpr=1&s=none&crop=none,../Scripts/output/guardian/guardian_images/guardian_2016-08-15_guardian_41c9ca2701_img03.jpg,"Global annual mean surface air temperature anomalies (relative to 1986–2005) from CMIP5 climate model runs. Discontinuities at 2100 are due to different numbers of models performing the extension runs beyond the 21st century and have no physical meaning. No ranges are given for the RCP6.0 projections beyond 2100, as only two models are available. Illustration: Intergovernmental Panel on Climate Change",,0,,0,,1,broad_candidate,D:\FR\IGD\IPCC internship\output\guardian\guardian_images\guardian_images_dataviz_dedup\guardian_2016-08-15_guardian_41c9ca2701_img03.jpg,D:\FR\IGD\IPCC internship\output\guardian\guardian_images_2016.csv
guardian_92f87ab801,The Guardian,2016,"""global temperature""","Nasa: Earth is warming at a pace 'unprecedented in 1,000 years'",https://www.theguardian.com/environment/2016/aug/30/nasa-climate-change-warning-earth-temperature-warming,2016-08-30,2021-08-25,2,https://i.guim.co.uk/img/media/0b7b8b252ecfc279ac981af3fb13976de2a0485f/0_0_720_237/master/720.png?width=445&dpr=1&s=none&crop=none,../Scripts/output/guardian/guardian_images/guardian_2016-08-30_guardian_92f87ab801_img02.png,Proxy-based temperature reconstruction. Photograph: Nasa Earth Observatory,,1,graph,2,photo|photograph,0,likely_visualization,D:\FR\IGD\IPCC internship\output\guardian\guardian_images\guardian_images_dataviz_dedup\guardian_2016-08-30_guardian_92f87ab801_img02.jpg,D:\FR\IGD\IPCC internship\output\guardian\guardian_images_2016.csv
guardian_31a06ab189,The Guardian,2016,"""global temperature""",Debunking Malcolm Roberts: the case against a climate science denier,https://www.theguardian.com/environment/2016/sep/14/debunking-malcolm-roberts-the-case-against-a-climate-science-denier,2016-09-14,2021-08-25,3,https://i.guim.co.uk/img/media/e4f8d486b734e8fa895310e3fa506096038f71b1/94_41_768_398/master/768.png?width=445&dpr=1&s=none&crop=none,../Scripts/output/guardian/guardian_images/guardian_2016-09-14_guardian_31a06ab189_img03.png,Global surface air and sea surface temperatures between 1998 and 2013. Photograph: Nasa,,1,graph,2,photo|photograph,0,likely_visualization,D:\FR\IGD\IPCC internship\output\guardian\guardian_images\guardian_images_dataviz_dedup\guardian_2016-09-14_guardian_31a06ab189_img03.jpg,D:\FR\IGD\IPCC internship\output\guardian\guardian_images_2016.csv
guardian_31a06ab189,The Guardian,2016,"""global temperature""",Debunking Malcolm Roberts: the case against a climate science denier,https://www.theguardian.com/environment/2016/sep/14/debunking-malcolm-roberts-the-case-against-a-climate-science-denier,2016-09-14,2021-08-25,4,https://i.guim.co.uk/img/media/6470f5aa52ac9dda925867fe1a2d4463c49b407d/0_0_1130_600/master/1130.png?width=445&dpr=1&s=none&crop=none,../Scripts/output/guardian/guardian_images/guardian_2016-09-14_guardian_31a06ab189_img04.png,Global surface air and sea surface temperatures since 1880. The blue box indicates the small region used to suggest global warming had stopped. Photograph: NASA,,1,graph,2,photo|photograph,0,likely_visualization,D:\FR\IGD\IPCC internship\output\guardian\guardian_images\guardian_images_dataviz_dedup\guardian_2016-09-14_guardian_31a06ab189_img04.jpg,D:\FR\IGD\IPCC internship\output\guardian\guardian_images_2016.csv
guardian_31a06ab189,The Guardian,2016,"""global temperature""",Debunking Malcolm Roberts: the case against a climate science denier,https://www.theguardian.com/environment/2016/sep/14/debunking-malcolm-roberts-the-case-against-a-climate-science-denier,2016-09-14,2021-08-25,5,https://i.guim.co.uk/img/media/f0a9b1cdc4443a531b0e1ac57914249d78a8b72c/0_0_725_248/master/725.jpg?width=445&dpr=1&s=none&crop=none,../Scripts/output/guardian/guardian_images/guardian_2016-09-14_guardian_31a06ab189_img05.jpg,Graphs from a 1999 Nasa paper comparing how scientists then interpreted US temperatures with global temperatures.,,1,graph,0,,0,likely_visualization,D:\FR\IGD\IPCC internship\output\guardian\guardian_images\guardian_images_dataviz_dedup\guardian_2016-09-14_guardian_31a06ab189_img05.jpg,D:\FR\IGD\IPCC internship\output\guardian\guardian_images_2016.csv
guardian_31a06ab189,The Guardian,2016,"""global temperature""",Debunking Malcolm Roberts: the case against a climate science denier,https://www.theguardian.com/environment/2016/sep/14/debunking-malcolm-roberts-the-case-against-a-climate-science-denier,2016-09-14,2021-08-25,6,https://i.guim.co.uk/img/media/34a2b4cb9baff919900201bfa50476ab169db612/0_0_2156_1462/master/2156.jpg?width=445&dpr=1&s=none&crop=none,../Scripts/output/guardian/guardian_images/guardian_2016-09-14_guardian_31a06ab189_img06.jpg,,,0,,0,,1,broad_candidate,D:\FR\IGD\IPCC internship\output\guardian\guardian_images\guardian_images_dataviz_dedup\guardian_2016-09-14_guardian_31a06ab189_img06.jpg,D:\FR\IGD\IPCC internship\output\guardian\guardian_images_2016.csv
guardian_b1c27ab83f,The Guardian,2016,"""sea level rise""",Hurricane Sandy-level flooding is rising so sharply that it could become normal,https://www.theguardian.com/environment/2016/oct/11/hurricane-flooding-us-climate-change,2016-10-11,2021-08-25,2,https://i.guim.co.uk/img/media/0b83d369726b4b54c26fbc8baf365da3bb251d65/0_0_2450_1594/master/2450.jpg?width=445&dpr=1&s=none&crop=none,../Scripts/output/guardian/guardian_images/guardian_2016-10-11_guardian_b1c27ab83f_img02.jpg,Indicator: Start of Spring. Photograph: US Global Change Research Program,,1,graph,2,photo|photograph,0,likely_visualization,D:\FR\IGD\IPCC internship\output\guardian\guardian_images\guardian_images_dataviz_dedup\guardian_2016-10-11_guardian_b1c27ab83f_img02.jpg,D:\FR\IGD\IPCC internship\output\guardian\guardian_images_2016.csv
guardian_840a88130a,The Guardian,2016,"""sea level rise""","Global sea levels are rising fast, so where does that leave the cities most at risk?",https://www.theguardian.com/cities/2016/oct/14/global-sea-levels-rising-fast-cities-most-at-risk-flooding-un-habitat,2016-10-14,2021-08-25,2,https://i.guim.co.uk/img/media/c8f3d1db3d630cbde025334799a45a15cc294641/12_42_1628_813/master/1628.jpg?width=445&dpr=1&s=none&crop=none,../Scripts/output/guardian/guardian_images/guardian_2016-10-14_guardian_840a88130a_img02.jpg,"The 20 world cities with the highest number of people at risk from flooding, accounting for future climate and socioeconomic change. Source: OECD",OECD,1,source:,0,,0,likely_visualization,D:\FR\IGD\IPCC internship\output\guardian\guardian_images\guardian_images_dataviz_dedup\guardian_2016-10-14_guardian_840a88130a_img02.jpg,D:\FR\IGD\IPCC internship\output\guardian\guardian_images_2016.csv
guardian_66280cdecb,The Guardian,2016,"""sea level rise""",Global warming continues; 2016 will be the hottest year ever recorded,https://www.theguardian.com/environment/climate-consensus-97-per-cent/2016/oct/21/global-warming-continues-2016-will-be-the-hottest-year-ever-recorded,2016-10-21,2021-08-25,1,https://i.guim.co.uk/img/media/e388257a36f24a4fffb476634c5716e5fb1d0241/98_0_1219_732/master/1219.jpg?width=465&dpr=1&s=none&crop=none,../Scripts/output/guardian/guardian_images/guardian_2016-10-21_guardian_66280cdecb_img01.jpg,July 2016 was the hottest month every recorded according to a monthly analysis of global temperatures by scientists at NASA’s Goddard Institute for Space Studies (GISS). Photograph: GISS/NASA,,1,graph,2,photo|photograph,0,likely_visualization,D:\FR\IGD\IPCC internship\output\guardian\guardian_images\guardian_images_dataviz_dedup\guardian_2016-10-21_guardian_66280cdecb_img01.jpg,D:\FR\IGD\IPCC internship\output\guardian\guardian_images_2016.csv
guardian_66280cdecb,The Guardian,2016,"""sea level rise""",Global warming continues; 2016 will be the hottest year ever recorded,https://www.theguardian.com/environment/climate-consensus-97-per-cent/2016/oct/21/global-warming-continues-2016-will-be-the-hottest-year-ever-recorded,2016-10-21,2021-08-25,3,https://i.guim.co.uk/img/media/4da0c24030ad4ae70822c845d9d35c95ddd97e81/0_0_2031_1857/master/2031.png?width=445&dpr=1&s=none&crop=none,../Scripts/output/guardian/guardian_images/guardian_2016-10-21_guardian_66280cdecb_img03.png,Global surface temperature observations vs. CMIP5 model simulations.,,0,,0,,1,broad_candidate,D:\FR\IGD\IPCC internship\output\guardian\guardian_images\guardian_images_dataviz_dedup\guardian_2016-10-21_guardian_66280cdecb_img03.jpg,D:\FR\IGD\IPCC internship\output\guardian\guardian_images_2016.csv
guardian_a5037117d6,The Guardian,2016,"""sea level rise""",'The atmosphere is being radicalized' by climate change,https://www.theguardian.com/environment/climate-consensus-97-per-cent/2016/oct/24/the-atmosphere-is-being-radicalized-by-climate-change,2016-10-24,2021-08-25,2,https://i.guim.co.uk/img/media/c9e9b060435fd1c22437d835492ad0137a68b50c/0_0_1601_961/master/1601.png?width=445&dpr=1&s=none&crop=none,../Scripts/output/guardian/guardian_images/guardian_2016-10-24_guardian_a5037117d6_img02.png,"Average global surface temperatures. Illustration: NASA GISS, adapted by John Abraham.",,0,,0,,1,broad_candidate,D:\FR\IGD\IPCC internship\output\guardian\guardian_images\guardian_images_dataviz_dedup\guardian_2016-10-24_guardian_a5037117d6_img02.jpg,D:\FR\IGD\IPCC internship\output\guardian\guardian_images_2016.csv
guardian_b020d935bd,The Guardian,2016,"""sea level rise""",Huge deposit of untapped oil could be largest ever discovered in US,https://www.theguardian.com/environment/2016/nov/17/untapped-oil-texas-permian-basin-900-billion,2016-11-17,2017-07-14,2,https://i.guim.co.uk/img/media/89ef08328c6204e13c47ae45dbd20b4c929d0ec9/0_0_601_806/master/601.jpg?width=445&dpr=1&s=none&crop=none,../Scripts/output/guardian/guardian_images/guardian_2016-11-17_guardian_b020d935bd_img02.jpg,Midland Basin map. Photograph: US Geological Survey,,2,graph|map,2,photo|photograph,0,likely_visualization,D:\FR\IGD\IPCC internship\output\guardian\guardian_images\guardian_images_dataviz_dedup\guardian_2016-11-17_guardian_b020d935bd_img02.jpg,D:\FR\IGD\IPCC internship\output\guardian\guardian_images_2016.csv
guardian_e39f9f548a,The Guardian,2016,IPCC,Fires and drought cook Tennessee - a state represented by climate deniers,https://www.theguardian.com/environment/climate-consensus-97-per-cent/2016/dec/02/fires-and-drought-cook-tennessee-a-state-represented-by-climate-deniers,2016-12-02,2021-08-25,2,https://i.guim.co.uk/img/media/85018b7a1a409e5ee200d1728a11a6cc3ae87ea2/0_0_975_754/master/975.png?width=445&dpr=1&s=none&crop=none,../Scripts/output/guardian/guardian_images/guardian_2016-12-02_guardian_e39f9f548a_img02.png,U.S. Drought Monitor for 22 November 2016. Illustration: National Drought Mitigation Center at the University of Nebraska-Lincoln,,0,,0,,1,broad_candidate,D:\FR\IGD\IPCC internship\output\guardian\guardian_images\guardian_images_dataviz_dedup\guardian_2016-12-02_guardian_e39f9f548a_img02.jpg,D:\FR\IGD\IPCC internship\output\guardian\guardian_images_2016.csv
guardian_e39f9f548a,The Guardian,2016,IPCC,Fires and drought cook Tennessee - a state represented by climate deniers,https://www.theguardian.com/environment/climate-consensus-97-per-cent/2016/dec/02/fires-and-drought-cook-tennessee-a-state-represented-by-climate-deniers,2016-12-02,2021-08-25,3,https://i.guim.co.uk/img/media/23c27e3aa0cd6e5bbf09e249dad30084ee573327/0_0_805_663/master/805.png?width=445&dpr=1&s=none&crop=none,../Scripts/output/guardian/guardian_images/guardian_2016-12-02_guardian_e39f9f548a_img03.png,U.S. high temperatures map for 29 November 2016. Photograph: NOAA,,2,graph|map,2,photo|photograph,0,likely_visualization,D:\FR\IGD\IPCC internship\output\guardian\guardian_images\guardian_images_dataviz_dedup\guardian_2016-12-02_guardian_e39f9f548a_img03.jpg,D:\FR\IGD\IPCC internship\output\guardian\guardian_images_2016.csv
guardian_5bf578e2d9,The Guardian,2016,"""climate change""",Rapid rise in methane emissions in 10 years surprises scientists,https://www.theguardian.com/environment/2016/dec/12/rapid-rise-methane-emissions-10-years-surprises-scientists,2016-12-12,2021-08-25,1,https://i.guim.co.uk/img/media/8a83d0c84da0bfeac2e269a32d34c7d3117e5eac/49_0_2002_1201/master/2002.jpg?width=465&dpr=1&s=none&crop=none,../Scripts/output/guardian/guardian_images/guardian_2016-12-12_guardian_5bf578e2d9_img01.jpg,Methane concentrations are higher in the northern hemisphere because both natural- and human-caused sources are more abundant there. Photograph: AIRS/Aqua/Nasa,,1,graph,2,photo|photograph,0,likely_visualization,D:\FR\IGD\IPCC internship\output\guardian\guardian_images\guardian_images_dataviz_dedup\guardian_2016-12-12_guardian_5bf578e2d9_img01.jpg,D:\FR\IGD\IPCC internship\output\guardian\guardian_images_2016.csv
guardian_4158a1354d,The Guardian,2016,"""sea level rise""",Oceanographers offer clues to Malaysian airlines crash,https://www.theguardian.com/environment/climate-consensus-97-per-cent/2016/dec/14/oceanographers-offer-clues-to-malaysian-airlines-crash,2016-12-14,2021-08-25,4,https://i.guim.co.uk/img/media/b5487b15a95252c0fc000eeb24dfb1991d342847/0_0_757_285/master/757.jpg?width=445&dpr=1&s=none&crop=none,../Scripts/output/guardian/guardian_images/guardian_2016-12-14_guardian_4158a1354d_img04.jpg,Trajectories calculated from computer simulations. Illustration: NOAA,,1,graph,0,,0,likely_visualization,D:\FR\IGD\IPCC internship\output\guardian\guardian_images\guardian_images_dataviz_dedup\guardian_2016-12-14_guardian_4158a1354d_img04.jpg,D:\FR\IGD\IPCC internship\output\guardian\guardian_images_2016.csv
guardian_c4ed958878,The Guardian,2017,"""sea level rise""",New studies show Rex Tillerson is wrong about climate risks,https://www.theguardian.com/environment/climate-consensus-97-per-cent/2017/jan/16/new-studies-show-rex-tillerson-is-wrong-about-climate-risks,2017-01-16,2021-08-25,2,https://i.guim.co.uk/img/media/e043f2483fdda516c5e9e2aca90ddbfd40efe402/0_0_1200_900/master/1200.png?width=445&dpr=1&s=none&crop=none,../Scripts/output/guardian/guardian_images/guardian_2017-01-16_guardian_c4ed958878_img02.png,Global sea ice extent data from the National Snow and Ice Data Center. The 2016-2017 records lows are shown in red.,,1,data,0,,0,likely_visualization,D:\FR\IGD\IPCC internship\output\guardian\guardian_images\guardian_images_dataviz_dedup\guardian_2017-01-16_guardian_c4ed958878_img02.jpg,D:\FR\IGD\IPCC internship\output\guardian\guardian_images_2017.csv
guardian_5c6a304907,The Guardian,2017,"""global temperature""",We’re now breaking global temperature records once every three years,https://www.theguardian.com/environment/climate-consensus-97-per-cent/2017/jan/23/were-now-breaking-global-temperature-records-once-every-three-years,2017-01-23,2021-08-25,1,https://i.guim.co.uk/img/media/46059e1fa1959be7f667d495574360fd603e213b/11_178_1692_1015/master/1692.jpg?width=465&dpr=1&s=none&crop=none,../Scripts/output/guardian/guardian_images/guardian_2017-01-23_guardian_5c6a304907_img01.jpg,February 2016 was the warmest February in 136 years of Nasa’s modern temperature records. Global temperature records were broken throughout 2016. Photograph: GISS/NASA,,1,graph,2,photo|photograph,0,likely_visualization,D:\FR\IGD\IPCC internship\output\guardian\guardian_images\guardian_images_dataviz_dedup\guardian_2017-01-23_guardian_5c6a304907_img01.jpg,D:\FR\IGD\IPCC internship\output\guardian\guardian_images_2017.csv
guardian_da32ffb8b5,The Guardian,2017,"""net zero""","No, new coal is not feasible: on price, reliability or emissions",https://www.theguardian.com/commentisfree/2017/jan/24/no-new-coal-is-not-feasible-on-price-reliability-or-emissions,2017-01-24,2018-03-13,2,https://i.guim.co.uk/img/uploads/2017/01/23/graph1.png?width=445&dpr=1&s=none&crop=none,../Scripts/output/guardian/guardian_images/guardian_2017-01-24_guardian_da32ffb8b5_img02.png,"Sources: AER (NEM 2014), ASXenergy (futures), ACT wind auction, Arena solar round, remainder CO2CRC Australian Power Generation Technology report. Fuel cost assumptions: gas $8/GJ, black coal $4/GJ, brown coal $1.75/GJ. Illustration: Tennant Reed/Ai Group",,1,graph,0,,0,likely_visualization,D:\FR\IGD\IPCC internship\output\guardian\guardian_images\guardian_images_dataviz_dedup\guardian_2017-01-24_guardian_da32ffb8b5_img02.jpg,D:\FR\IGD\IPCC internship\output\guardian\guardian_images_2017.csv
guardian_da32ffb8b5,The Guardian,2017,"""net zero""","No, new coal is not feasible: on price, reliability or emissions",https://www.theguardian.com/commentisfree/2017/jan/24/no-new-coal-is-not-feasible-on-price-reliability-or-emissions,2017-01-24,2018-03-13,3,https://i.guim.co.uk/img/uploads/2017/01/23/graph2.png?width=445&dpr=1&s=none&crop=none,../Scripts/output/guardian/guardian_images/guardian_2017-01-24_guardian_da32ffb8b5_img03.png,Baseload vulnerable to loss of volumes Illustration: Tennant Reed/Ai Group,,1,graph,0,,0,likely_visualization,D:\FR\IGD\IPCC internship\output\guardian\guardian_images\guardian_images_dataviz_dedup\guardian_2017-01-24_guardian_da32ffb8b5_img03.jpg,D:\FR\IGD\IPCC internship\output\guardian\guardian_images_2017.csv
guardian_da32ffb8b5,The Guardian,2017,"""net zero""","No, new coal is not feasible: on price, reliability or emissions",https://www.theguardian.com/commentisfree/2017/jan/24/no-new-coal-is-not-feasible-on-price-reliability-or-emissions,2017-01-24,2018-03-13,4,https://i.guim.co.uk/img/uploads/2017/01/23/graph3.png?width=445&dpr=1&s=none&crop=none,../Scripts/output/guardian/guardian_images/guardian_2017-01-24_guardian_da32ffb8b5_img04.png,Power generation emissions Photograph: Tennant Reed/Ai Group,,1,graph,2,photo|photograph,0,likely_visualization,D:\FR\IGD\IPCC internship\output\guardian\guardian_images\guardian_images_dataviz_dedup\guardian_2017-01-24_guardian_da32ffb8b5_img04.jpg,D:\FR\IGD\IPCC internship\output\guardian\guardian_images_2017.csv
guardian_da32ffb8b5,The Guardian,2017,"""net zero""","No, new coal is not feasible: on price, reliability or emissions",https://www.theguardian.com/commentisfree/2017/jan/24/no-new-coal-is-not-feasible-on-price-reliability-or-emissions,2017-01-24,2018-03-13,5,https://i.guim.co.uk/img/uploads/2017/01/23/graph4.png?width=445&dpr=1&s=none&crop=none,../Scripts/output/guardian/guardian_images/guardian_2017-01-24_guardian_da32ffb8b5_img05.png,Costs are declining for renewables Illustration: Tennant Reed/Ai Group,,1,graph,0,,0,likely_visualization,D:\FR\IGD\IPCC internship\output\guardian\guardian_images\guardian_images_dataviz_dedup\guardian_2017-01-24_guardian_da32ffb8b5_img05.jpg,D:\FR\IGD\IPCC internship\output\guardian\guardian_images_2017.csv
guardian_7f334b8a3d,The Guardian,2017,"""global temperature""",We may be closer than we thought to dangerous climate thresholds,https://www.theguardian.com/environment/climate-consensus-97-per-cent/2017/jan/26/we-may-be-closer-than-we-thought-to-dangerous-climate-thresholds,2017-01-26,2021-08-25,2,https://i.guim.co.uk/img/media/4e2e85c475ca6b4823b6001f07ea3efbf721a77b/0_0_1130_600/master/1130.png?width=445&dpr=1&s=none&crop=none,../Scripts/output/guardian/guardian_images/guardian_2017-01-26_guardian_7f334b8a3d_img02.png,Global surface temperature change from 1880 to 2016.,,0,,0,,1,broad_candidate,D:\FR\IGD\IPCC internship\output\guardian\guardian_images\guardian_images_dataviz_dedup\guardian_2017-01-26_guardian_7f334b8a3d_img02.jpg,D:\FR\IGD\IPCC internship\output\guardian\guardian_images_2017.csv
guardian_1ca608f8ea,The Guardian,2017,"""global temperature""",Here’s how we know Trump’s cabinet picks are wrong on human-caused global warming,https://www.theguardian.com/environment/climate-consensus-97-per-cent/2017/jan/30/heres-how-we-know-trumps-cabinet-picks-are-wrong-on-human-caused-global-warming,2017-01-30,2021-08-25,2,https://i.guim.co.uk/img/media/13870d72c36fb2c02aa8609018238f98a44847bd/0_0_2000_1269/master/2000.jpg?width=445&dpr=1&s=none&crop=none,../Scripts/output/guardian/guardian_images/guardian_2017-01-30_guardian_1ca608f8ea_img02.jpg,Contributions to the 1951–2010 global surface warming. Illustration: IPCC Fifth Assessment Report,,0,,0,,1,broad_candidate,D:\FR\IGD\IPCC internship\output\guardian\guardian_images\guardian_images_dataviz_dedup\guardian_2017-01-30_guardian_1ca608f8ea_img02.jpg,D:\FR\IGD\IPCC internship\output\guardian\guardian_images_2017.csv
guardian_51fd706c72,The Guardian,2017,"""global temperature""",Why coal-fired power handouts would be an attack on climate and common sense,https://www.theguardian.com/environment/2017/feb/07/why-coal-fired-power-handouts-would-be-an-attack-on-climate-and-common-sense,2017-02-07,2021-08-25,2,https://i.guim.co.uk/img/media/9d653489d2b2f115fe40ee7be6ed02d3a27a3d14/0_0_590_329/master/590.jpg?width=445&dpr=1&s=none&crop=none,../Scripts/output/guardian/guardian_images/guardian_2017-02-07_guardian_51fd706c72_img02.jpg,Levelised cost of new energy sources in Australia in 2017. (AUD/MWh) Photograph: Bloomberg New Energy Finance,,1,graph,3,handout|photo|photograph,0,likely_visualization,D:\FR\IGD\IPCC internship\output\guardian\guardian_images\guardian_images_dataviz_dedup\guardian_2017-02-07_guardian_51fd706c72_img02.jpg,D:\FR\IGD\IPCC internship\output\guardian\guardian_images_2017.csv
guardian_a7924cbb29,The Guardian,2017,"""global temperature""",Great Barrier Reef could face another big coral bleaching event this year,https://www.theguardian.com/environment/2017/feb/24/great-barrier-reef-could-face-another-big-coral-bleaching-event-this-year,2017-02-24,2021-08-25,2,https://i.guim.co.uk/img/media/8947be01f6a1096ad330f4c855957024e4d4c281/85_0_1163_698/master/1163.jpg?width=445&dpr=1&s=none&crop=none,../Scripts/output/guardian/guardian_images/guardian_2017-02-24_guardian_a7924cbb29_img02.jpg,"A satellite thermal map of the alert areas of the Great Barrier Reef projected this month. The light red reflects the alert level 1 areas, where coral bleaching is likely, and the dark red areas, alert level 2, where mortality is likely. Photograph: NOAA Coral Reef Watch",,2,graph|map,2,photo|photograph,0,likely_visualization,D:\FR\IGD\IPCC internship\output\guardian\guardian_images\guardian_images_dataviz_dedup\guardian_2017-02-24_guardian_a7924cbb29_img02.jpg,D:\FR\IGD\IPCC internship\output\guardian\guardian_images_2017.csv
guardian_54250ee3a3,The Guardian,2017,"""sea level rise""",New study shows worrisome signs for Greenland ice,https://www.theguardian.com/environment/climate-consensus-97-per-cent/2017/apr/14/new-study-shows-worrisome-signs-for-greenland-ice,2017-04-14,2021-08-25,2,https://i.guim.co.uk/img/media/ec246c3153ef3633d2f6cd5ab066b63f58bad769/0_0_174_253/master/174.png?width=120&dpr=1&s=none&crop=none,../Scripts/output/guardian/guardian_images/guardian_2017-04-14_guardian_54250ee3a3_img02.png,Increase in surface melting from Greenland. Illustration: National Snow and Ice Data Center,,1,data,0,,0,likely_visualization,D:\FR\IGD\IPCC internship\output\guardian\guardian_images\guardian_images_dataviz_dedup\guardian_2017-04-14_guardian_54250ee3a3_img02.jpg,D:\FR\IGD\IPCC internship\output\guardian\guardian_images_2017.csv
guardian_9c55d5e633,The Guardian,2017,"""global temperature""",NY Times hired a hippie puncher to give climate obstructionists cover,https://www.theguardian.com/environment/climate-consensus-97-per-cent/2017/apr/29/ny-times-hired-a-hippe-puncher-to-give-climate-obstructionists-cover,2017-04-29,2021-08-25,2,https://i.guim.co.uk/img/media/0539a3ff3c3f6f51e0a18872c925c96f3ae2ce83/0_0_1266_591/master/1266.png?width=445&dpr=1&s=none&crop=none,../Scripts/output/guardian/guardian_images/guardian_2017-04-29_guardian_9c55d5e633_img02.png,Global average surface temperature projections. Illustration: Intergovernmental Panel on Climate Change Fifth Assessment Report.,,0,,0,,1,broad_candidate,D:\FR\IGD\IPCC internship\output\guardian\guardian_images\guardian_images_dataviz_dedup\guardian_2017-04-29_guardian_9c55d5e633_img02.jpg,D:\FR\IGD\IPCC internship\output\guardian\guardian_images_2017.csv
guardian_d466141f07,The Guardian,2017,IPCC,"Is the climate consensus 97%, 99.9%, or is plate tectonics a hoax?",https://www.theguardian.com/environment/climate-consensus-97-per-cent/2017/may/03/is-the-climate-consensus-97-999-or-is-plate-tectonics-a-hoax,2017-05-03,2021-08-25,2,https://i.guim.co.uk/img/media/9552170cca5dc8e4d5b09b605eca01fa27505c75/0_0_1177_242/master/1177.png?width=445&dpr=1&s=none&crop=none,../Scripts/output/guardian/guardian_images/guardian_2017-05-03_guardian_d466141f07_img02.png,Consensus estimates for the theories of plate tectonics and human-caused global warming using three different methods.,,0,,0,,1,broad_candidate,D:\FR\IGD\IPCC internship\output\guardian\guardian_images\guardian_images_dataviz_dedup\guardian_2017-05-03_guardian_d466141f07_img02.jpg,D:\FR\IGD\IPCC internship\output\guardian\guardian_images_2017.csv
guardian_06bd335a14,The Guardian,2017,"""sea level rise""",US Glacier national park losing its glaciers with just 26 of 150 left,https://www.theguardian.com/environment/2017/may/11/us-glacier-national-park-is-losing-its-glaciers-with-just-26-of-150-left,2017-05-11,2021-08-25,2,https://i.guim.co.uk/img/media/1abf45159d36b32e88b4a7f50871a5e188705c9f/0_0_774_997/master/774.jpg?width=445&dpr=1&s=none&crop=none,../Scripts/output/guardian/guardian_images/guardian_2017-05-11_guardian_06bd335a14_img02.jpg,"The perimeter of Sperry Glacier in Glacier national park in 1966,1998, 2005, and 2015. Photograph: US Geological Survey",,1,graph,2,photo|photograph,0,likely_visualization,D:\FR\IGD\IPCC internship\output\guardian\guardian_images\guardian_images_dataviz_dedup\guardian_2017-05-11_guardian_06bd335a14_img02.jpg,D:\FR\IGD\IPCC internship\output\guardian\guardian_images_2017.csv
guardian_134b08722f,The Guardian,2017,"""global temperature""",Global climate projections help civil engineers plan,https://www.theguardian.com/environment/climate-consensus-97-per-cent/2017/may/25/global-climate-projections-help-civil-engineers-plan,2017-05-25,2021-08-25,2,https://i.guim.co.uk/img/media/f94bd933a42fbf4da1e29cd7a7df863adf0968e0/0_0_1242_777/master/1242.jpg?width=445&dpr=1&s=none&crop=none,../Scripts/output/guardian/guardian_images/guardian_2017-05-25_guardian_134b08722f_img02.jpg,"Global temperature anomalies since 1880. Illustration: Abraham et al., 2017, J. Forensics Engineering",,0,,0,,1,broad_candidate,D:\FR\IGD\IPCC internship\output\guardian\guardian_images\guardian_images_dataviz_dedup\guardian_2017-05-25_guardian_134b08722f_img02.jpg,D:\FR\IGD\IPCC internship\output\guardian\guardian_images_2017.csv
guardian_134b08722f,The Guardian,2017,"""global temperature""",Global climate projections help civil engineers plan,https://www.theguardian.com/environment/climate-consensus-97-per-cent/2017/may/25/global-climate-projections-help-civil-engineers-plan,2017-05-25,2021-08-25,3,https://i.guim.co.uk/img/media/16265fd8ae4ed41105df2dd45bea909864cacff1/0_0_1256_1108/master/1256.jpg?width=445&dpr=1&s=none&crop=none,../Scripts/output/guardian/guardian_images/guardian_2017-05-25_guardian_134b08722f_img03.jpg,"Comparison of predicted and measured temperatures. Illustration: Abraham et al., 2017, J. Forensics Engineering",,0,,0,,1,broad_candidate,D:\FR\IGD\IPCC internship\output\guardian\guardian_images\guardian_images_dataviz_dedup\guardian_2017-05-25_guardian_134b08722f_img03.jpg,D:\FR\IGD\IPCC internship\output\guardian\guardian_images_2017.csv
guardian_a4dad50fc5,The Guardian,2017,"""sea level rise""",Bad news for climate contrarians – 'the best data we have' just got hotter,https://www.theguardian.com/environment/climate-consensus-97-per-cent/2017/jul/03/bad-news-for-climate-contrarians-the-best-data-we-have-just-got-hotter,2017-07-03,2021-08-25,2,https://i.guim.co.uk/img/media/92e95530dcba03c291ae830fae60eed1e7de9e09/0_0_2000_1714/master/2000.png?width=445&dpr=1&s=none&crop=none,../Scripts/output/guardian/guardian_images/guardian_2017-07-03_guardian_a4dad50fc5_img02.png,"Comparison of new (red) and old (grey) RSS lower troposphere temperature analysis. Illustration: Zeke Hausfather, Carbon Brief.",,1,data,0,,0,likely_visualization,D:\FR\IGD\IPCC internship\output\guardian\guardian_images\guardian_images_dataviz_dedup\guardian_2017-07-03_guardian_a4dad50fc5_img02.jpg,D:\FR\IGD\IPCC internship\output\guardian\guardian_images_2017.csv
guardian_a4dad50fc5,The Guardian,2017,"""sea level rise""",Bad news for climate contrarians – 'the best data we have' just got hotter,https://www.theguardian.com/environment/climate-consensus-97-per-cent/2017/jul/03/bad-news-for-climate-contrarians-the-best-data-we-have-just-got-hotter,2017-07-03,2021-08-25,3,https://i.guim.co.uk/img/media/d9850894bbac7fecf92d5246116b9eb568a7fcc2/0_0_2000_1714/master/2000.png?width=445&dpr=1&s=none&crop=none,../Scripts/output/guardian/guardian_images/guardian_2017-07-03_guardian_a4dad50fc5_img03.png,"Comparison of NASA surface temperatures with RSS satellite temperatures. Illustration: Zeke Hausfather, Carbon Brief.",,1,data,0,,0,likely_visualization,D:\FR\IGD\IPCC internship\output\guardian\guardian_images\guardian_images_dataviz_dedup\guardian_2017-07-03_guardian_a4dad50fc5_img03.jpg,D:\FR\IGD\IPCC internship\output\guardian\guardian_images_2017.csv
guardian_a4dad50fc5,The Guardian,2017,"""sea level rise""",Bad news for climate contrarians – 'the best data we have' just got hotter,https://www.theguardian.com/environment/climate-consensus-97-per-cent/2017/jul/03/bad-news-for-climate-contrarians-the-best-data-we-have-just-got-hotter,2017-07-03,2021-08-25,4,https://i.guim.co.uk/img/media/c6b4227b78cceda196be478438d5bd50780cb2d1/0_0_2000_1714/master/2000.png?width=445&dpr=1&s=none&crop=none,../Scripts/output/guardian/guardian_images/guardian_2017-07-03_guardian_a4dad50fc5_img04.png,"Comparison of lower troposphere temperature estimates from satellite data from two groups (RSS and UAH) showing a disagreement starting around the year 2000. Illustration: Zeke Hausfather, Carbon Brief.",,1,data,0,,0,likely_visualization,D:\FR\IGD\IPCC internship\output\guardian\guardian_images\guardian_images_dataviz_dedup\guardian_2017-07-03_guardian_a4dad50fc5_img04.jpg,D:\FR\IGD\IPCC internship\output\guardian\guardian_images_2017.csv
guardian_7cbc279c43,The Guardian,2017,"""1.5C""",Third-hottest June puts 2017 on track to make hat-trick of hottest years,https://www.theguardian.com/environment/2017/jul/19/third-hottest-june-puts-2017-on-track-to-make-trifecta-of-hottest-years,2017-07-19,2021-08-25,2,https://i.guim.co.uk/img/media/ce2ccc71ea499dd7bf7aeefb0ad9c90ed0e37bba/0_0_1600_960/master/1600.png?width=445&dpr=1&s=none&crop=none,../Scripts/output/guardian/guardian_images/guardian_2017-07-19_guardian_7cbc279c43_img02.png,"Monthly temperature anomalies compared with the 1980-2015 mean, according to Nasa’s GISTEMP data set from 1880 until June 2017. Photograph: Nasa",,2,data|graph,2,photo|photograph,0,likely_visualization,D:\FR\IGD\IPCC internship\output\guardian\guardian_images\guardian_images_dataviz_dedup\guardian_2017-07-19_guardian_7cbc279c43_img02.jpg,D:\FR\IGD\IPCC internship\output\guardian\guardian_images_2017.csv
guardian_63443011d5,The Guardian,2017,"""sea level rise""",Study: our Paris carbon budget may be 40% smaller than thought,https://www.theguardian.com/environment/climate-consensus-97-per-cent/2017/jul/24/study-our-paris-carbon-budget-may-be-40-smaller-than-thought,2017-07-24,2021-08-25,2,https://i.guim.co.uk/img/media/38bef9de210bc68cb5910d98b9bb4b08cb9e024d/29_31_992_981/master/992.jpg?width=445&dpr=1&s=none&crop=none,../Scripts/output/guardian/guardian_images/guardian_2017-07-24_guardian_63443011d5_img02.jpg,"Global greenhouse gas emissions and 2100 temperatures under no action, current pledges (INDCs), and successful ratcheting scenarios. Illustration: Climate Interactive",,0,,0,,1,broad_candidate,D:\FR\IGD\IPCC internship\output\guardian\guardian_images\guardian_images_dataviz_dedup\guardian_2017-07-24_guardian_63443011d5_img02.jpg,D:\FR\IGD\IPCC internship\output\guardian\guardian_images_2017.csv
guardian_dbd0e4f1a7,The Guardian,2017,"""sea level rise""",Satellite Eye on Earth: June 2017 – in pictures,https://www.theguardian.com/environment/2017/jul/27/satellite-eye-on-earth-june-2017-in-pictures,2017-07-27,2018-02-14,5,https://i.guim.co.uk/img/media/a8d9b2e856c0856ad69c1539cf5b700c96cf5e02/0_0_4800_6400/master/4800.jpg?width=445&dpr=1&s=none&crop=none,../Scripts/output/guardian/guardian_images/guardian_2017-07-27_guardian_dbd0e4f1a7_img05.jpg,Photograph: TIRS/landsat 8/Nasa,,1,graph,2,photo|photograph,0,likely_visualization,D:\FR\IGD\IPCC internship\output\guardian\guardian_images\guardian_images_dataviz_dedup\guardian_2017-07-27_guardian_dbd0e4f1a7_img05.jpg,D:\FR\IGD\IPCC internship\output\guardian\guardian_images_2017.csv
guardian_1203f890c0,The Guardian,2017,IPCC,2017 is so far the second-hottest year on record thanks to global warming,https://www.theguardian.com/environment/climate-consensus-97-per-cent/2017/jul/31/2017-is-so-far-the-second-hottest-year-on-record-thanks-to-global-warming,2017-07-31,2021-08-25,2,https://i.guim.co.uk/img/media/ebde79df885aa2a50cd7b96111d3eacba217683b/0_0_1408_959/master/1408.png?width=445&dpr=1&s=none&crop=none,../Scripts/output/guardian/guardian_images/guardian_2017-07-31_guardian_1203f890c0_img02.png,Total solar irradiance data (red) and linear trend (orange) since 1950 from the Laboratory for Atmospheric and Space Physics Solar Irradiance Data Center at the University of Colorado. Illustration: Dana Nuccitelli,,1,data,0,,0,likely_visualization,D:\FR\IGD\IPCC internship\output\guardian\guardian_images\guardian_images_dataviz_dedup\guardian_2017-07-31_guardian_1203f890c0_img02.jpg,D:\FR\IGD\IPCC internship\output\guardian\guardian_images_2017.csv
guardian_1203f890c0,The Guardian,2017,IPCC,2017 is so far the second-hottest year on record thanks to global warming,https://www.theguardian.com/environment/climate-consensus-97-per-cent/2017/jul/31/2017-is-so-far-the-second-hottest-year-on-record-thanks-to-global-warming,2017-07-31,2021-08-25,3,https://i.guim.co.uk/img/media/91021f698e20785548a8c88967d4992abdcce731/0_0_1408_958/master/1408.png?width=445&dpr=1&s=none&crop=none,../Scripts/output/guardian/guardian_images/guardian_2017-07-31_guardian_1203f890c0_img03.png,Global average surface temperature data from the NASA Goddard Institute for Space Studies. Illustration: Dana Nuccitelli,,1,data,0,,0,likely_visualization,D:\FR\IGD\IPCC internship\output\guardian\guardian_images\guardian_images_dataviz_dedup\guardian_2017-07-31_guardian_1203f890c0_img03.jpg,D:\FR\IGD\IPCC internship\output\guardian\guardian_images_2017.csv
guardian_1203f890c0,The Guardian,2017,IPCC,2017 is so far the second-hottest year on record thanks to global warming,https://www.theguardian.com/environment/climate-consensus-97-per-cent/2017/jul/31/2017-is-so-far-the-second-hottest-year-on-record-thanks-to-global-warming,2017-07-31,2021-08-25,4,https://i.guim.co.uk/img/media/9c75c2e3421f0b4deee18eb0f51e3e2a7bebb706/0_0_566_381/master/566.png?width=445&dpr=1&s=none&crop=none,../Scripts/output/guardian/guardian_images/guardian_2017-07-31_guardian_1203f890c0_img04.png,"Global ocean heat content data for 0–2000 meters. Illustration: National Oceanic & Atmospheric Administration, National Centers for Environmental Information",,1,data,0,,0,likely_visualization,D:\FR\IGD\IPCC internship\output\guardian\guardian_images\guardian_images_dataviz_dedup\guardian_2017-07-31_guardian_1203f890c0_img04.jpg,D:\FR\IGD\IPCC internship\output\guardian\guardian_images_2017.csv
guardian_258e229835,The Guardian,2017,IPCC,Harvard scientists took Exxon’s challenge; found it using the tobacco playbook,https://www.theguardian.com/environment/climate-consensus-97-per-cent/2017/aug/23/harvard-scientists-took-exxons-challenge-found-it-using-the-tobacco-playbook,2017-08-23,2021-08-25,2,https://i.guim.co.uk/img/media/cc8bb813edbf8f47b2539afe727de8acd76d38d0/0_0_809_643/master/809.png?width=445&dpr=1&s=none&crop=none,../Scripts/output/guardian/guardian_images/guardian_2017-08-23_guardian_258e229835_img02.png,"Percentage of Exxon document positions on human-caused global warming: expressing only doubt (red), only reasonable doubt (grey), acknowledging but expressing doubt (black), acknowledging and expressing reasonable doubt (black hatch), and only acknowledging human-caused global warming (cyan). Illustration: Supran & Oreskes (2017), Environmental Research Letters.",,0,,0,,1,broad_candidate,D:\FR\IGD\IPCC internship\output\guardian\guardian_images\guardian_images_dataviz_dedup\guardian_2017-08-23_guardian_258e229835_img02.jpg,D:\FR\IGD\IPCC internship\output\guardian\guardian_images_2017.csv
guardian_3e555eba96,The Guardian,2017,"""sea level rise""",New study finds that climate change costs will hit Trump country hardest,https://www.theguardian.com/environment/climate-consensus-97-per-cent/2017/aug/24/new-study-finds-that-climate-change-costs-will-hit-trump-country-hardest,2017-08-24,2021-08-25,2,https://i.guim.co.uk/img/media/392b954f78467f149db6c46c119fde5eab5a2a31/0_0_1044_621/master/1044.jpg?width=445&dpr=1&s=none&crop=none,../Scripts/output/guardian/guardian_images/guardian_2017-08-24_guardian_3e555eba96_img02.jpg,"Local economic costs/benefits from climate change under business as usual scenario by the years 2080–2099. Illustration: Hsiang et al. (2017), Science.",,0,,0,,1,broad_candidate,D:\FR\IGD\IPCC internship\output\guardian\guardian_images\guardian_images_dataviz_dedup\guardian_2017-08-24_guardian_3e555eba96_img02.jpg,D:\FR\IGD\IPCC internship\output\guardian\guardian_images_2017.csv
guardian_ecf12d4fee,The Guardian,2017,"""global temperature""",Trump promised to hire the best people. He keeps hiring the worst. Nasa is next,https://www.theguardian.com/environment/climate-consensus-97-per-cent/2017/sep/12/trump-promised-to-hire-the-best-people-he-keeps-hiring-the-worst-nasa-is-next,2017-09-12,2021-08-25,2,https://i.guim.co.uk/img/media/e9219499b7daf53fe7cf35e88469923707b98fd0/0_0_1410_962/master/1410.png?width=445&dpr=1&s=none&crop=none,../Scripts/output/guardian/guardian_images/guardian_2017-09-12_guardian_ecf12d4fee_img02.png,Global average surface temperature (blue - data from Nasa Goddard) versus total solar irradiance reaching Earth (orange - data from the Laboratory for Atmospheric and Space Physics Solar Irradiance Data Center at the University of Colorado). Illustration: Dana Nuccitelli,,1,data,0,,0,likely_visualization,D:\FR\IGD\IPCC internship\output\guardian\guardian_images\guardian_images_dataviz_dedup\guardian_2017-09-12_guardian_ecf12d4fee_img02.jpg,D:\FR\IGD\IPCC internship\output\guardian\guardian_images_2017.csv
guardian_2f1f2890eb,The Guardian,2017,"""global temperature""",Scientific models saved lives from Harvey and Irma. They can from climate change too,https://www.theguardian.com/environment/climate-consensus-97-per-cent/2017/sep/18/scientific-models-saved-lives-from-harvey-and-irma-they-can-from-climate-change-too,2017-09-18,2021-08-25,2,https://i.guim.co.uk/img/media/330523687a226a87fa82a940fc527ff6d5a1566c/0_0_1408_959/master/1408.png?width=445&dpr=1&s=none&crop=none,../Scripts/output/guardian/guardian_images/guardian_2017-09-18_guardian_2f1f2890eb_img02.png,Wallace Broecker’s 1975 global warming prediction (blue) compared to observational data from Nasa (black). Illustration: Dana Nuccitelli,,1,data,0,,0,likely_visualization,D:\FR\IGD\IPCC internship\output\guardian\guardian_images\guardian_images_dataviz_dedup\guardian_2017-09-18_guardian_2f1f2890eb_img02.jpg,D:\FR\IGD\IPCC internship\output\guardian\guardian_images_2017.csv
guardian_5ae7df254e,The Guardian,2017,"""global temperature""","Ambitious 1.5C Paris climate target is still possible, new analysis shows",https://www.theguardian.com/environment/2017/sep/18/ambitious-15c-paris-climate-target-is-still-possible-new-analysis-shows,2017-09-18,2021-08-25,2,https://i.guim.co.uk/img/media/d2af4d2b91fcedf58dd2ebf146d6b200ed3367c3/8_0_700_420/master/700.jpg?width=445&dpr=1&s=none&crop=none,../Scripts/output/guardian/guardian_images/guardian_2017-09-18_guardian_5ae7df254e_img02.jpg,"2017 was the warmest July in 137 years of modern record-keeping, at about 0.83C warmer than the mean July temperature of the 1951-1980 period. Only July 2016 showed a similarly high temperature (0.82C). All previous months of July were more than a tenth of a degree cooler. Photograph: GISS/Nasa",,1,graph,2,photo|photograph,0,likely_visualization,D:\FR\IGD\IPCC internship\output\guardian\guardian_images\guardian_images_dataviz_dedup\guardian_2017-09-18_guardian_5ae7df254e_img02.jpg,D:\FR\IGD\IPCC internship\output\guardian\guardian_images_2017.csv
guardian_aebd55f382,The Guardian,2017,"""sea level rise""",It takes just 4 years to detect human warming of the oceans,https://www.theguardian.com/environment/climate-consensus-97-per-cent/2017/sep/20/it-takes-just-4-years-to-detect-human-warming-of-the-oceans,2017-09-20,2021-08-25,3,https://i.guim.co.uk/img/media/9ba29f5957544a7c26e5c43303c7009966339008/0_0_1378_919/master/1378.png?width=445&dpr=1&s=none&crop=none,../Scripts/output/guardian/guardian_images/guardian_2017-09-20_guardian_aebd55f382_img03.png,"Increases in ocean heat content since 1950s. Illustration: Cheng, L., K. E. Trenberth, J. Fasullo, J. Abraham, T. P. Boyer, K. von Schuckmann, and J. Zhu (2017), Taking the pulse of the planet, Eos, Vol. 98.",,0,,0,,1,broad_candidate,D:\FR\IGD\IPCC internship\output\guardian\guardian_images\guardian_images_dataviz_dedup\guardian_2017-09-20_guardian_aebd55f382_img03.jpg,D:\FR\IGD\IPCC internship\output\guardian\guardian_images_2017.csv
guardian_6c7e86f5d8,The Guardian,2017,"""sea level rise""",What would an entirely flood-proof city look like?,https://www.theguardian.com/cities/2017/sep/25/what-flood-proof-city-china-dhaka-houston,2017-09-25,2022-08-12,12,https://i.guim.co.uk/img/media/dbba13452d4dc945a8a8493e56a9a52b5a63416d/0_23_5100_3061/master/5100.jpg?width=445&dpr=1&s=none&crop=none,../Scripts/output/guardian/guardian_images/guardian_2017-09-25_guardian_6c7e86f5d8_img12.jpg,,,0,,0,,1,broad_candidate,D:\FR\IGD\IPCC internship\output\guardian\guardian_images\guardian_images_dataviz_dedup\guardian_2017-09-25_guardian_6c7e86f5d8_img12.jpg,D:\FR\IGD\IPCC internship\output\guardian\guardian_images_2017.csv
guardian_6c7e86f5d8,The Guardian,2017,"""sea level rise""",What would an entirely flood-proof city look like?,https://www.theguardian.com/cities/2017/sep/25/what-flood-proof-city-china-dhaka-houston,2017-09-25,2022-08-12,13,https://i.guim.co.uk/img/media/0c4a02e428549f7c88a32d18da962c9803ff3369/0_17_5100_3061/master/5100.jpg?width=445&dpr=1&s=none&crop=none,../Scripts/output/guardian/guardian_images/guardian_2017-09-25_guardian_6c7e86f5d8_img13.jpg,,,0,,0,,1,broad_candidate,D:\FR\IGD\IPCC internship\output\guardian\guardian_images\guardian_images_dataviz_dedup\guardian_2017-09-25_guardian_6c7e86f5d8_img13.jpg,D:\FR\IGD\IPCC internship\output\guardian\guardian_images_2017.csv
guardian_e7edaaf5a0,The Guardian,2017,"""1.5C""","Storm Ophelia: second person killed in Ireland, police confirm - as it happened",https://www.theguardian.com/world/live/2017/oct/16/ex-hurricane-ophelia-landfall-tropical-storm-ireland-red-weather-warning-live-updates,2017-10-16,2019-12-18,3,https://i.guim.co.uk/img/media/d5298215af42a7fea6079ed6047c6087e18a16a9/0_0_2560_1536/master/2560.jpg?width=465&dpr=1&s=none&crop=none,../Scripts/output/guardian/guardian_images/guardian_2017-10-16_guardian_e7edaaf5a0_img03.jpg,Map of powercuts in Northern Ireland as a result of Storm Ophelia. Photograph: powercheck,,2,graph|map,2,photo|photograph,0,likely_visualization,D:\FR\IGD\IPCC internship\output\guardian\guardian_images\guardian_images_dataviz_dedup\guardian_2017-10-16_guardian_e7edaaf5a0_img03.jpg,D:\FR\IGD\IPCC internship\output\guardian\guardian_images_2017.csv
guardian_0c79085a41,The Guardian,2017,"""carbon budget""",Natural gas emissions will blow Europe's carbon budget at current levels,https://www.theguardian.com/environment/2017/nov/07/natural-gas-emissions-will-blow-europes-carbon-budget-at-current-levels,2017-11-07,2021-08-25,1,https://i.guim.co.uk/img/media/58f0ac5d03506513307eb943665e3bf7a95d72b8/214_0_1692_1129/master/1692.jpg?width=465&dpr=1&s=none&crop=none,../Scripts/output/guardian/guardian_images/guardian_2017-11-07_guardian_0c79085a41_img01.jpg,A satellite view of methane concentrations in Earth’s atmosphere in January 2016. They are higher in the northern hemisphere because both natural and human-caused sources of methane are more abundant there. Photograph: AIRS/Aqua/Nasa,,1,graph,2,photo|photograph,0,likely_visualization,D:\FR\IGD\IPCC internship\output\guardian\guardian_images\guardian_images_dataviz_dedup\guardian_2017-11-07_guardian_0c79085a41_img01.jpg,D:\FR\IGD\IPCC internship\output\guardian\guardian_images_2017.csv
guardian_e17488f72a,The Guardian,2017,"""climate change""",New study uncovers the 'keystone domino' strategy of climate denial,https://www.theguardian.com/environment/climate-consensus-97-per-cent/2017/nov/29/new-study-uncovers-the-keystone-domino-strategy-of-climate-denial,2017-11-29,2021-08-25,2,https://i.guim.co.uk/img/media/e0427a0106d30b68a9cc51c2b1de17d05b7f3a96/0_0_659_603/master/659.png?width=445&dpr=1&s=none&crop=none,../Scripts/output/guardian/guardian_images/guardian_2017-11-29_guardian_e17488f72a_img02.png,"Pie charts showing the percentage of 45 science-based and 45 denier blogs expressing positions on the effects of human-caused global warming (AGW) on Arctic ice extent and polar bears. Illustration: Harvey et al. (2017), Bioscience",,1,chart,0,,0,likely_visualization,D:\FR\IGD\IPCC internship\output\guardian\guardian_images\guardian_images_dataviz_dedup\guardian_2017-11-29_guardian_e17488f72a_img02.jpg,D:\FR\IGD\IPCC internship\output\guardian\guardian_images_2017.csv
guardian_e17488f72a,The Guardian,2017,"""climate change""",New study uncovers the 'keystone domino' strategy of climate denial,https://www.theguardian.com/environment/climate-consensus-97-per-cent/2017/nov/29/new-study-uncovers-the-keystone-domino-strategy-of-climate-denial,2017-11-29,2021-08-25,3,https://i.guim.co.uk/img/media/208fb44fe8aee6ce1033daa094073738320c65bc/0_0_669_603/master/669.png?width=445&dpr=1&s=none&crop=none,../Scripts/output/guardian/guardian_images/guardian_2017-11-29_guardian_e17488f72a_img03.png,"Categorization using principle component (PC) analysis of statements regarding polar bears and Arctic sea ice from 90 blogs and 92 peer-reviewed studies. Illustration: Harvey et al. (2017), Bioscience",,0,,0,,1,broad_candidate,D:\FR\IGD\IPCC internship\output\guardian\guardian_images\guardian_images_dataviz_dedup\guardian_2017-11-29_guardian_e17488f72a_img03.jpg,D:\FR\IGD\IPCC internship\output\guardian\guardian_images_2017.csv
guardian_5055b2a614,The Guardian,2017,"""climate change""",The moral and intellectual bankruptcy of the Republican Party,https://www.theguardian.com/environment/climate-consensus-97-per-cent/2017/dec/04/the-moral-and-intellectual-bankruptcy-of-the-republican-party,2017-12-04,2021-08-25,2,https://i.guim.co.uk/img/media/05f1cc026b78ebd06555f8d9fff758de4ce98dbd/0_0_759_635/master/759.png?width=445&dpr=1&s=none&crop=none,../Scripts/output/guardian/guardian_images/guardian_2017-12-04_guardian_5055b2a614_img02.png,Republicans’ view of the impact of colleges and universities.,,0,,0,,1,broad_candidate,D:\FR\IGD\IPCC internship\output\guardian\guardian_images\guardian_images_dataviz_dedup\guardian_2017-12-04_guardian_5055b2a614_img02.jpg,D:\FR\IGD\IPCC internship\output\guardian\guardian_images_2017.csv
guardian_1cc0ee08bf,The Guardian,2017,"""climate change""",US government report finds steady and persistent global warming,https://www.theguardian.com/environment/climate-consensus-97-per-cent/2017/dec/06/us-government-report-finds-steady-and-persistent-global-warming,2017-12-06,2021-08-25,2,https://i.guim.co.uk/img/media/0bca835dd7bd98d2ff1bc28992c46540ffe8dea9/0_0_4096_6159/master/4096.png?width=445&dpr=1&s=none&crop=none,../Scripts/output/guardian/guardian_images/guardian_2017-12-06_guardian_1cc0ee08bf_img02.png,Nine signals of a changing climate. Illustration: USGCRP Climate Science Special Report,,0,,0,,1,broad_candidate,D:\FR\IGD\IPCC internship\output\guardian\guardian_images\guardian_images_dataviz_dedup\guardian_2017-12-06_guardian_1cc0ee08bf_img02.jpg,D:\FR\IGD\IPCC internship\output\guardian\guardian_images_2017.csv
guardian_1cc0ee08bf,The Guardian,2017,"""climate change""",US government report finds steady and persistent global warming,https://www.theguardian.com/environment/climate-consensus-97-per-cent/2017/dec/06/us-government-report-finds-steady-and-persistent-global-warming,2017-12-06,2021-08-25,3,https://i.guim.co.uk/img/media/db600b264cd429ccec5e6aaec31fd38026678f85/0_0_384_267/master/384.png?width=120&dpr=1&s=none&crop=none,../Scripts/output/guardian/guardian_images/guardian_2017-12-06_guardian_1cc0ee08bf_img03.png,Decadal average global surface temperatures. Illustration: USGCRP Climate Science Special Report,,0,,0,,1,broad_candidate,D:\FR\IGD\IPCC internship\output\guardian\guardian_images\guardian_images_dataviz_dedup\guardian_2017-12-06_guardian_1cc0ee08bf_img03.jpg,D:\FR\IGD\IPCC internship\output\guardian\guardian_images_2017.csv
guardian_9d5cbee9cf,The Guardian,2017,"""climate change""","UK faces Christmas squeeze as inflation hits 3.1%, outpacing wages – as it happened",https://www.theguardian.com/business/live/2017/dec/12/oil-brent-crude-forties-oil-pipeline-uk-inflation-business,2017-12-12,2019-05-27,2,https://i.guim.co.uk/img/media/d3f31ce7f96ee0b1556419577f4ddaef75eb7cdf/0_0_780_501/master/780.png?width=465&dpr=1&s=none&crop=none,../Scripts/output/guardian/guardian_images/guardian_2017-12-12_guardian_9d5cbee9cf_img02.png,UK house price by region Photograph: ONS,,1,graph,2,photo|photograph,0,likely_visualization,D:\FR\IGD\IPCC internship\output\guardian\guardian_images\guardian_images_dataviz_dedup\guardian_2017-12-12_guardian_9d5cbee9cf_img02.jpg,D:\FR\IGD\IPCC internship\output\guardian\guardian_images_2017.csv
guardian_9d5cbee9cf,The Guardian,2017,"""climate change""","UK faces Christmas squeeze as inflation hits 3.1%, outpacing wages – as it happened",https://www.theguardian.com/business/live/2017/dec/12/oil-brent-crude-forties-oil-pipeline-uk-inflation-business,2017-12-12,2019-05-27,5,https://i.guim.co.uk/img/media/2d8ff54ac95f87ec7493bf4b9d2db9f94780611c/0_0_1012_521/master/1012.jpg?width=465&dpr=1&s=none&crop=none,../Scripts/output/guardian/guardian_images/guardian_2017-12-12_guardian_9d5cbee9cf_img05.jpg,The pound vs the US dollar today Photograph: The pound vs the US dollar today,,1,graph,2,photo|photograph,0,likely_visualization,D:\FR\IGD\IPCC internship\output\guardian\guardian_images\guardian_images_dataviz_dedup\guardian_2017-12-12_guardian_9d5cbee9cf_img05.jpg,D:\FR\IGD\IPCC internship\output\guardian\guardian_images_2017.csv
guardian_9c65102444,The Guardian,2017,"""climate change""",Research shows that certain facts can still change conservatives’ minds,https://www.theguardian.com/environment/climate-consensus-97-per-cent/2017/dec/14/research-shows-that-certain-facts-can-still-change-conservatives-minds,2017-12-14,2021-08-25,2,https://i.guim.co.uk/img/media/b229a4132bf5784ca62083c1d0fd584f3568b2ab/0_0_972_643/master/972.png?width=445&dpr=1&s=none&crop=none,../Scripts/output/guardian/guardian_images/guardian_2017-12-14_guardian_9c65102444_img02.png,"Perceptions of the expert consensus on human-caused global warming among high-education (HE) conservatives (red) and liberals (blue) before and after being informed about the 97% consensus. Illustration: van der Linden et al. (2017), Nature Human Behavior",,0,,0,,1,broad_candidate,D:\FR\IGD\IPCC internship\output\guardian\guardian_images\guardian_images_dataviz_dedup\guardian_2017-12-14_guardian_9c65102444_img02.jpg,D:\FR\IGD\IPCC internship\output\guardian\guardian_images_2017.csv
guardian_9c65102444,The Guardian,2017,"""climate change""",Research shows that certain facts can still change conservatives’ minds,https://www.theguardian.com/environment/climate-consensus-97-per-cent/2017/dec/14/research-shows-that-certain-facts-can-still-change-conservatives-minds,2017-12-14,2021-08-25,3,https://i.guim.co.uk/img/media/c323a2c16695edbd2e31fe130e6310449db829e4/0_0_767_541/master/767.png?width=445&dpr=1&s=none&crop=none,../Scripts/output/guardian/guardian_images/guardian_2017-12-14_guardian_9c65102444_img03.png,"Changes in participant perceptions of the listed questions in a control group and a group informed about the 97% expert consensus on human-caused global warming, from another survey done in 2015. Illustration: van der Linden et al. (2017), Journal of Science Communication",,0,,0,,1,broad_candidate,D:\FR\IGD\IPCC internship\output\guardian\guardian_images\guardian_images_dataviz_dedup\guardian_2017-12-14_guardian_9c65102444_img03.jpg,D:\FR\IGD\IPCC internship\output\guardian\guardian_images_2017.csv
guardian_8758d7cb3b,The Guardian,2017,"""climate change""",Checkmate: how do climate science deniers' predictions stack up?,https://www.theguardian.com/environment/planet-oz/2017/dec/19/checkmate-how-do-climate-science-deniers-predictions-stack-up,2017-12-19,2021-08-25,2,https://i.guim.co.uk/img/media/e446b28adf91424ba872532f5be1593589b3f4a7/0_0_1422_1033/master/1422.jpg?width=445&dpr=1&s=none&crop=none,../Scripts/output/guardian/guardian_images/guardian_2017-12-19_guardian_8758d7cb3b_img02.jpg,Global temperature chart from 2011 showing the failed prediction of a group of climate science deniers Composite: Graham Readfearn/NOAA,,1,chart,0,,0,likely_visualization,D:\FR\IGD\IPCC internship\output\guardian\guardian_images\guardian_images_dataviz_dedup\guardian_2017-12-19_guardian_8758d7cb3b_img02.jpg,D:\FR\IGD\IPCC internship\output\guardian\guardian_images_2017.csv
guardian_8eaba1350e,The Guardian,2017,"""climate change""",Losing the wilderness: a 10th has gone since 1992 – and gone for good,https://www.theguardian.com/environment/2017/dec/21/losing-the-wilderness-a-tenth-has-gone-since-1992-and-gone-for-good,2017-12-21,2021-10-29,2,https://i.guim.co.uk/img/media/e5c69aadb556511a05a13e0846c46be41fe06393/0_0_1699_782/master/1699.jpg?width=445&dpr=1&s=none&crop=none,../Scripts/output/guardian/guardian_images/guardian_2017-12-21_guardian_8eaba1350e_img02.jpg,"Wilderness degradation endangers biodiversity, as well as the water cycle, the nitrogen cycle and pollination. Photograph: UQ School of Earth and Environmental Sciences",,1,graph,2,photo|photograph,0,likely_visualization,D:\FR\IGD\IPCC internship\output\guardian\guardian_images\guardian_images_dataviz_dedup\guardian_2017-12-21_guardian_8eaba1350e_img02.jpg,D:\FR\IGD\IPCC internship\output\guardian\guardian_images_2017.csv
guardian_8eaba1350e,The Guardian,2017,"""climate change""",Losing the wilderness: a 10th has gone since 1992 – and gone for good,https://www.theguardian.com/environment/2017/dec/21/losing-the-wilderness-a-tenth-has-gone-since-1992-and-gone-for-good,2017-12-21,2021-10-29,3,https://i.guim.co.uk/img/media/27e04ca22fb38f3d1d5d09f85cf8f2ef2b717676/0_0_1444_1118/master/1444.jpg?width=445&dpr=1&s=none&crop=none,../Scripts/output/guardian/guardian_images/guardian_2017-12-21_guardian_8eaba1350e_img03.jpg,"Australia has escaped the worst so far but needs to address habitat loss, invasive species and fire regimes. Photograph: University of Queensland School of Earth and Environmental Sciences",,1,graph,2,photo|photograph,0,likely_visualization,D:\FR\IGD\IPCC internship\output\guardian\guardian_images\guardian_images_dataviz_dedup\guardian_2017-12-21_guardian_8eaba1350e_img03.jpg,D:\FR\IGD\IPCC internship\output\guardian\guardian_images_2017.csv
guardian_8eaba1350e,The Guardian,2017,"""climate change""",Losing the wilderness: a 10th has gone since 1992 – and gone for good,https://www.theguardian.com/environment/2017/dec/21/losing-the-wilderness-a-tenth-has-gone-since-1992-and-gone-for-good,2017-12-21,2021-10-29,4,https://i.guim.co.uk/img/media/b89142153136cfbed501f8ab56b058d2710dcd3e/0_0_1338_1170/master/1338.jpg?width=445&dpr=1&s=none&crop=none,../Scripts/output/guardian/guardian_images/guardian_2017-12-21_guardian_8eaba1350e_img04.jpg,A third of the Amazon region has been lost since 1992. Photograph: University of Queensland School of Earth and Environmental Sciences,,1,graph,2,photo|photograph,0,likely_visualization,D:\FR\IGD\IPCC internship\output\guardian\guardian_images\guardian_images_dataviz_dedup\guardian_2017-12-21_guardian_8eaba1350e_img04.jpg,D:\FR\IGD\IPCC internship\output\guardian\guardian_images_2017.csv
guardian_ed954e73dd,The Guardian,2017,"""climate change""","New highways in remote Amazon risk ‘ethnocide’, say Peruvians",https://www.theguardian.com/environment/andes-to-the-amazon/2017/dec/22/new-highways-in-remote-amazon-risk-ethnocide-say-peruvians,2017-12-22,2017-12-23,3,https://i.guim.co.uk/img/media/1afd0bd433c5fb28748cc3aaf5b8e3aefada5eb8/0_0_958_564/master/958.png?width=445&dpr=1&s=none&crop=none,../Scripts/output/guardian/guardian_images/guardian_2017-12-22_guardian_ed954e73dd_img03.png,"Culture Ministry map showing areas inhabited by indigenous people living in “isolation”, known as the “Mashco-Piro”, in Ucayali, Madre de Dios and Cusco. A highway from the Purus province to Iñapari on the border with Brazil - see below for details - would cut right through this region. Photograph: Peru's Culture Ministry",,2,graph|map,2,photo|photograph,0,likely_visualization,D:\FR\IGD\IPCC internship\output\guardian\guardian_images\guardian_images_dataviz_dedup\guardian_2017-12-22_guardian_ed954e73dd_img03.jpg,D:\FR\IGD\IPCC internship\output\guardian\guardian_images_2017.csv
guardian_ed954e73dd,The Guardian,2017,"""climate change""","New highways in remote Amazon risk ‘ethnocide’, say Peruvians",https://www.theguardian.com/environment/andes-to-the-amazon/2017/dec/22/new-highways-in-remote-amazon-risk-ethnocide-say-peruvians,2017-12-22,2017-12-23,4,https://i.guim.co.uk/img/media/08fbcc73b097273d0cbe7e2daec230dd8cda1a69/0_0_680_703/master/680.png?width=120&dpr=1&s=none&crop=none,../Scripts/output/guardian/guardian_images/guardian_2017-12-22_guardian_ed954e73dd_img04.png,"Detail from a Transport and Communications Ministry map showing the projected highway from Puerto Esperanza towards Iñapari. It would cross the Purus communal reserve and enter the Alto Purus national park (marked in green), before then entering the Madre de Dios reserve (not shown). Photograph: Peru's Transport and Communications Ministry",,2,graph|map,2,photo|photograph,0,likely_visualization,D:\FR\IGD\IPCC internship\output\guardian\guardian_images\guardian_images_dataviz_dedup\guardian_2017-12-22_guardian_ed954e73dd_img04.jpg,D:\FR\IGD\IPCC internship\output\guardian\guardian_images_2017.csv
guardian_a0a657a3bb,The Guardian,2017,"""climate change""",US government climate report looks at how the oceans are buffering climate change,https://www.theguardian.com/environment/climate-consensus-97-per-cent/2017/dec/26/us-government-climate-report-looks-at-how-the-oceans-are-buffering-climate-change,2017-12-26,2021-08-25,2,https://i.guim.co.uk/img/media/2549a3807444627bb9c4e9e85e5f4f525c79f5da/0_0_4096_3674/master/4096.png?width=445&dpr=1&s=none&crop=none,../Scripts/output/guardian/guardian_images/guardian_2017-12-26_guardian_a0a657a3bb_img02.png,"Ocean heat content data. Illustration: USGCRP report, originally from Cheng et al., 2017",,1,data,0,,0,likely_visualization,D:\FR\IGD\IPCC internship\output\guardian\guardian_images\guardian_images_dataviz_dedup\guardian_2017-12-26_guardian_a0a657a3bb_img02.jpg,D:\FR\IGD\IPCC internship\output\guardian\guardian_images_2017.csv
guardian_a0bf6ca8a0,The Guardian,2017,"""climate change""","Fake news is a threat to humanity, but scientists may have a solution",https://www.theguardian.com/environment/climate-consensus-97-per-cent/2017/dec/27/fake-news-is-a-threat-to-humanity-but-scientists-may-have-a-solution,2017-12-27,2021-08-25,2,https://i.guim.co.uk/img/media/4b57c8ff5b9e595cc814c6227e8d52db8ed5694e/0_0_800_445/master/800.jpg?width=445&dpr=1&s=none&crop=none,../Scripts/output/guardian/guardian_images/guardian_2017-12-27_guardian_a0bf6ca8a0_img02.jpg,"Data on correlations between public opinion/economic elites’ preferences and odds of a policy being implemented, from Gilens & Page (2014). Illustration: Lewandowski et al. (2017), Journal of Applied Research in Memory and Cognition",,1,data,0,,0,likely_visualization,D:\FR\IGD\IPCC internship\output\guardian\guardian_images\guardian_images_dataviz_dedup\guardian_2017-12-27_guardian_a0bf6ca8a0_img02.jpg,D:\FR\IGD\IPCC internship\output\guardian\guardian_images_2017.csv
guardian_480cab43db,The Guardian,2018,"""global temperature""",2017 was the hottest year on record without El Niño boost,https://www.theguardian.com/environment/2018/jan/18/2017-was-the-hottest-year-on-record-without-el-nino-boost,2018-01-18,2021-08-25,1,https://i.guim.co.uk/img/media/c9727646f9250f47d5b763dbfb377fe85c5f6a69/0_0_1200_898/master/1200.jpg?width=465&dpr=1&s=none&crop=none,../Scripts/output/guardian/guardian_images/guardian_2018-01-18_guardian_480cab43db_img01.jpg,"Global temperature map, January to December 2017. Photograph: NOAA",,2,graph|map,2,photo|photograph,0,likely_visualization,D:\FR\IGD\IPCC internship\output\guardian\guardian_images\guardian_images_dataviz_dedup\guardian_2018-01-18_guardian_480cab43db_img01.jpg,D:\FR\IGD\IPCC internship\output\guardian\guardian_images_2018.csv
guardian_a1e3c5bd9f,The Guardian,2018,"""sea level rise""","In 2017, the oceans were by far the hottest ever recorded",https://www.theguardian.com/environment/climate-consensus-97-per-cent/2018/jan/26/in-2017-the-oceans-were-by-far-the-hottest-ever-recorded,2018-01-26,2021-08-25,2,https://i.guim.co.uk/img/media/1d5165c25ea0f76c1840a73632380c5ae1320bc2/0_0_553_297/master/553.jpg?width=445&dpr=1&s=none&crop=none,../Scripts/output/guardian/guardian_images/guardian_2018-01-26_guardian_a1e3c5bd9f_img02.jpg,"Ocean heat content change since 1958. Illustration: Cheng and Zhu (2018), Advances in Atmospheric Sciences",,0,,0,,1,broad_candidate,D:\FR\IGD\IPCC internship\output\guardian\guardian_images\guardian_images_dataviz_dedup\guardian_2018-01-26_guardian_a1e3c5bd9f_img02.jpg,D:\FR\IGD\IPCC internship\output\guardian\guardian_images_2018.csv
guardian_49b5b9491b,The Guardian,2018,"""sea level rise""",Pollen data shows humans reversed natural global cooling,https://www.theguardian.com/environment/climate-consensus-97-per-cent/2018/feb/19/pollen-data-shows-humans-reversed-natural-global-cooling,2018-02-19,2021-08-25,3,https://i.guim.co.uk/img/media/9c302b7d0f4462f1e1c088fe4ce0036ca41b2ab3/0_0_890_523/master/890.png?width=445&dpr=1&s=none&crop=none,../Scripts/output/guardian/guardian_images/guardian_2018-02-19_guardian_49b5b9491b_img03.png,"Temperature in North America and Europe over the past 11,000 years based on pollen reconstruction data. Illustration: Marsicek et al. (2018), Nature.",,1,data,0,,0,likely_visualization,D:\FR\IGD\IPCC internship\output\guardian\guardian_images\guardian_images_dataviz_dedup\guardian_2018-02-19_guardian_49b5b9491b_img03.jpg,D:\FR\IGD\IPCC internship\output\guardian\guardian_images_2018.csv
guardian_e07b65ac2e,The Guardian,2018,"""sea level rise""",Scientists have detected an acceleration in sea level rise,https://www.theguardian.com/environment/climate-consensus-97-per-cent/2018/feb/27/scientists-have-detected-an-acceleration-in-sea-level-rise,2018-02-27,2021-08-25,2,https://i.guim.co.uk/img/media/b83d257c56ace2fb56ab307c0fff29224ee84f30/0_0_1568_1244/master/1568.png?width=445&dpr=1&s=none&crop=none,../Scripts/output/guardian/guardian_images/guardian_2018-02-27_guardian_e07b65ac2e_img02.png,Satellite altimetry data. Illustration: John Fasullo,,1,data,0,,0,likely_visualization,D:\FR\IGD\IPCC internship\output\guardian\guardian_images\guardian_images_dataviz_dedup\guardian_2018-02-27_guardian_e07b65ac2e_img02.jpg,D:\FR\IGD\IPCC internship\output\guardian\guardian_images_2018.csv
guardian_15ac5f754f,The Guardian,2018,"""sea level rise""",Actions today will decide Antarctic ice sheet loss and sea level rise,https://www.theguardian.com/environment/climate-consensus-97-per-cent/2018/mar/01/decisions-today-will-decide-antarctic-ice-sheet-loss-and-sea-level-rise,2018-03-01,2021-08-25,4,https://i.guim.co.uk/img/media/efd6a01f4be5ac774e5d15c8e58d7e3fed52c917/0_0_1067_885/master/1067.jpg?width=445&dpr=1&s=none&crop=none,../Scripts/output/guardian/guardian_images/guardian_2018-03-01_guardian_15ac5f754f_img04.jpg,Surface temperature anomalies on 23 February 2018. Illustration: University of Maine Climate Reanalyzer,,0,,0,,1,broad_candidate,D:\FR\IGD\IPCC internship\output\guardian\guardian_images\guardian_images_dataviz_dedup\guardian_2018-03-01_guardian_15ac5f754f_img04.jpg,D:\FR\IGD\IPCC internship\output\guardian\guardian_images_2018.csv
guardian_1af4176fb4,The Guardian,2018,"""global temperature""",Scientists examine threats to food security if we meet the Paris climate targets,https://www.theguardian.com/environment/climate-consensus-97-per-cent/2018/apr/03/scientists-examine-threats-to-food-security-if-we-meet-the-paris-climate-targets,2018-04-03,2021-08-25,2,https://i.guim.co.uk/img/media/f6ff4422167c0e91938047e3a3e79026ddaf5279/0_0_980_567/master/980.png?width=445&dpr=1&s=none&crop=none,../Scripts/output/guardian/guardian_images/guardian_2018-04-03_guardian_1af4176fb4_img02.png,"Hunger and Climate Vulnerability Index for 2°C global warming. Illustration: Betts et al. (2018), Philosophical Transactions of the Royal Society A",,0,,0,,1,broad_candidate,D:\FR\IGD\IPCC internship\output\guardian\guardian_images\guardian_images_dataviz_dedup\guardian_2018-04-03_guardian_1af4176fb4_img02.jpg,D:\FR\IGD\IPCC internship\output\guardian\guardian_images_2018.csv
guardian_d4ef95d04d,The Guardian,2018,"""sea level rise""",Glacier loss is accelerating because of global warming,https://www.theguardian.com/environment/climate-consensus-97-per-cent/2018/apr/18/glacier-loss-is-accelerating-because-of-global-warming,2018-04-18,2021-08-25,2,https://i.guim.co.uk/img/media/1304625f217c0d453cdb4218d8a4414e7335adc9/0_0_1545_1017/master/1545.png?width=445&dpr=1&s=none&crop=none,../Scripts/output/guardian/guardian_images/guardian_2018-04-18_guardian_d4ef95d04d_img02.png,Changes to water content of glaciers. Illustration: World Glacier Monitoring Service,,0,,0,,1,broad_candidate,D:\FR\IGD\IPCC internship\output\guardian\guardian_images\guardian_images_dataviz_dedup\guardian_2018-04-18_guardian_d4ef95d04d_img02.jpg,D:\FR\IGD\IPCC internship\output\guardian\guardian_images_2018.csv
guardian_8167dfb423,The Guardian,2018,"""sea level rise""","Yes, EVs are green and global warming is raising sea levels",https://www.theguardian.com/environment/climate-consensus-97-per-cent/2018/may/21/yes-evs-are-green-and-global-warming-is-raising-sea-levels,2018-05-21,2021-08-25,2,https://i.guim.co.uk/img/media/0b179a00050b51e77cb4657a54522c9bce3b1380/0_0_1409_957/master/1409.png?width=445&dpr=1&s=none&crop=none,../Scripts/output/guardian/guardian_images/guardian_2018-05-21_guardian_8167dfb423_img02.png,US Energy Information Administration data on carbon pollution from the transportation and power sectors since 1973 (2017 estimated from the first 9 months of data) Illustration: Dana Nuccitelli,,1,data,0,,0,likely_visualization,D:\FR\IGD\IPCC internship\output\guardian\guardian_images\guardian_images_dataviz_dedup\guardian_2018-05-21_guardian_8167dfb423_img02.jpg,D:\FR\IGD\IPCC internship\output\guardian\guardian_images_2018.csv
guardian_1d9690b65e,The Guardian,2018,"""sea level rise""",Endangered hawksbill turtles tracked in marine park to be opened to fishing,https://www.theguardian.com/environment/2018/may/29/endangered-hawksbill-turtles-tracked-in-marine-park-to-be-opened-to-fishing,2018-05-29,2021-10-29,2,https://i.guim.co.uk/img/media/33e68f0639c97e2cadb5ee160b10d8085fe26037/0_0_1230_839/master/1230.jpg?width=445&dpr=1&s=none&crop=none,../Scripts/output/guardian/guardian_images/guardian_2018-05-29_guardian_1d9690b65e_img02.jpg,Researcher Christine Hof tracked hawksbill turtles crossing through Coral Sea marine park. Photograph: WWF,,1,graph,2,photo|photograph,0,likely_visualization,D:\FR\IGD\IPCC internship\output\guardian\guardian_images\guardian_images_dataviz_dedup\guardian_2018-05-29_guardian_1d9690b65e_img02.jpg,D:\FR\IGD\IPCC internship\output\guardian\guardian_images_2018.csv
guardian_18db5c9a3d,The Guardian,2018,IPCC,How can climate policy stay on top of a growing mountain of data?,https://www.theguardian.com/science/political-science/2018/jun/12/how-can-climate-policy-stay-on-top-of-a-growing-mountain-of-data,2018-06-12,2021-08-25,2,https://i.guim.co.uk/img/media/b94f29a71bd1093abd04ea6278db6218cda7ee7e/0_25_944_566/master/944.png?width=445&dpr=1&s=none&crop=none,../Scripts/output/guardian/guardian_images/guardian_2018-06-12_guardian_18db5c9a3d_img02.png,"Exponential growth in scientific publications on the topic of climate change. The numbers shown refer to the Web of Science database for scholarly literature. The overall climate change literature relevant for assessment will be much larger. Figure by Max Callaghan , updated from Minx et al. (2017) . Photograph: Max Callaghan",,2,data|graph,2,photo|photograph,0,likely_visualization,D:\FR\IGD\IPCC internship\output\guardian\guardian_images\guardian_images_dataviz_dedup\guardian_2018-06-12_guardian_18db5c9a3d_img02.jpg,D:\FR\IGD\IPCC internship\output\guardian\guardian_images_2018.csv
guardian_8be967e5db,The Guardian,2018,"""sea level rise""",Should we be worried about surging Antarctic ice melt and sea level rise?,https://www.theguardian.com/environment/climate-consensus-97-per-cent/2018/jun/18/should-we-be-worried-about-surging-antarctic-ice-melt-and-sea-level-rise,2018-06-18,2021-08-25,2,https://i.guim.co.uk/img/media/15f6439cc0717a594391e14a9cee4d52b0e4494e/0_0_1422_1031/master/1422.png?width=445&dpr=1&s=none&crop=none,../Scripts/output/guardian/guardian_images/guardian_2018-06-18_guardian_8be967e5db_img02.png,"Global mean sea level data from the Colorado University Sea Level Research Group, with 4-to-5-year linear trends shown in black and red. Illustration: Dana Nuccitelli",,1,data,0,,0,likely_visualization,D:\FR\IGD\IPCC internship\output\guardian\guardian_images\guardian_images_dataviz_dedup\guardian_2018-06-18_guardian_8be967e5db_img02.jpg,D:\FR\IGD\IPCC internship\output\guardian\guardian_images_2018.csv
guardian_8be967e5db,The Guardian,2018,"""sea level rise""",Should we be worried about surging Antarctic ice melt and sea level rise?,https://www.theguardian.com/environment/climate-consensus-97-per-cent/2018/jun/18/should-we-be-worried-about-surging-antarctic-ice-melt-and-sea-level-rise,2018-06-18,2021-08-25,3,https://i.guim.co.uk/img/media/cc4746b7753c00ee18ad8dde4bc1c81b8c433086/0_0_1065_573/master/1065.png?width=445&dpr=1&s=none&crop=none,../Scripts/output/guardian/guardian_images/guardian_2018-06-18_guardian_8be967e5db_img03.png,"The amount of ice loss across Antarctica in total (purple), and in West Antarctica (green), East Antarctica (yellow) and the Antarctic Peninsula (red). Illustration: Shepherd et al. (2018), Nature",,0,,0,,1,broad_candidate,D:\FR\IGD\IPCC internship\output\guardian\guardian_images\guardian_images_dataviz_dedup\guardian_2018-06-18_guardian_8be967e5db_img03.jpg,D:\FR\IGD\IPCC internship\output\guardian\guardian_images_2018.csv
guardian_0e2c9e1851,The Guardian,2018,"""global temperature""","30 years later, deniers are still lying about Hansen’s amazing global warming prediction",https://www.theguardian.com/environment/climate-consensus-97-per-cent/2018/jun/25/30-years-later-deniers-are-still-lying-about-hansens-amazing-global-warming-prediction,2018-06-25,2021-08-25,2,https://i.guim.co.uk/img/media/c298f0ada7e4991d6e817a4fba72a31f8017503b/0_0_1406_956/master/1406.png?width=445&dpr=1&s=none&crop=none,../Scripts/output/guardian/guardian_images/guardian_2018-06-25_guardian_0e2c9e1851_img02.png,"Scenario B from Hansen’s 1988 paper, with the trend reduced by 27% to reflect the actual radiative forcing from 1984 to 2017, compared to global surface temperature data from Cowtan & Way. Illustration: Dana Nuccitelli",,1,data,0,,0,likely_visualization,D:\FR\IGD\IPCC internship\output\guardian\guardian_images\guardian_images_dataviz_dedup\guardian_2018-06-25_guardian_0e2c9e1851_img02.jpg,D:\FR\IGD\IPCC internship\output\guardian\guardian_images_2018.csv
guardian_bc6fc903af,The Guardian,2018,"""sea level rise""","There are genuine climate alarmists, but they're not in the same league as deniers",https://www.theguardian.com/environment/climate-consensus-97-per-cent/2018/jul/09/there-are-genuine-climate-alarmists-but-theyre-not-in-the-same-league-as-deniers,2018-07-09,2021-08-25,2,https://i.guim.co.uk/img/media/66b99011dc427557e0ded1b034cb36892663daa6/0_0_960_720/master/960.jpg?width=445&dpr=1&s=none&crop=none,../Scripts/output/guardian/guardian_images/guardian_2018-07-09_guardian_bc6fc903af_img02.jpg,"The climate Overton Window. In the public discourse, there’s a heavy focus on climate denial and mainstream climate science, while the more alarmist outcomes are largely ignored. Illustration: Michael Tobis and Stephen Ban.",,0,,0,,1,broad_candidate,D:\FR\IGD\IPCC internship\output\guardian\guardian_images\guardian_images_dataviz_dedup\guardian_2018-07-09_guardian_bc6fc903af_img02.jpg,D:\FR\IGD\IPCC internship\output\guardian\guardian_images_2018.csv
guardian_bc6fc903af,The Guardian,2018,"""sea level rise""","There are genuine climate alarmists, but they're not in the same league as deniers",https://www.theguardian.com/environment/climate-consensus-97-per-cent/2018/jul/09/there-are-genuine-climate-alarmists-but-theyre-not-in-the-same-league-as-deniers,2018-07-09,2021-08-25,3,https://i.guim.co.uk/img/media/d0b3f0b69e13a3a9aafd1f079432da94bd00c673/0_0_1320_1020/master/1320.png?width=445&dpr=1&s=none&crop=none,../Scripts/output/guardian/guardian_images/guardian_2018-07-09_guardian_bc6fc903af_img03.png,September Arctic sea ice extent. Illustration: National Snow and Ice Data Center,,1,data,0,,0,likely_visualization,D:\FR\IGD\IPCC internship\output\guardian\guardian_images\guardian_images_dataviz_dedup\guardian_2018-07-09_guardian_bc6fc903af_img03.jpg,D:\FR\IGD\IPCC internship\output\guardian\guardian_images_2018.csv
guardian_601dc64d53,The Guardian,2018,"""sea level rise""",Rising ocean waters from global warming could cost trillions of dollars,https://www.theguardian.com/environment/climate-consensus-97-per-cent/2018/jul/12/rising-ocean-waters-from-global-warming-could-cost-trillions-of-dollars,2018-07-12,2021-08-25,2,https://i.guim.co.uk/img/media/34ea2481b2e4aa3c320986443f6c4803a3bfe534/0_0_1199_863/master/1199.jpg?width=445&dpr=1&s=none&crop=none,../Scripts/output/guardian/guardian_images/guardian_2018-07-12_guardian_601dc64d53_img02.jpg,Rising ocean waters. Illustration: NASA,,0,,0,,1,broad_candidate,D:\FR\IGD\IPCC internship\output\guardian\guardian_images\guardian_images_dataviz_dedup\guardian_2018-07-12_guardian_601dc64d53_img02.jpg,D:\FR\IGD\IPCC internship\output\guardian\guardian_images_2018.csv
guardian_e725ab5353,The Guardian,2018,"""global temperature""",The big heatwave: from Algeria to the Arctic. But what’s the cause?,https://www.theguardian.com/world/2018/jul/22/heatwave-northen-hemisphere-uk-algeria-canada-sweden-whats-the-cause,2018-07-22,2021-08-25,4,https://i.guim.co.uk/img/media/0e6ec3227cce9fbfa6fa3bda7febf6486e47fa6f/0_51_1148_689/master/1148.jpg?width=445&dpr=1&s=none&crop=none,../Scripts/output/guardian/guardian_images/guardian_2018-07-22_guardian_e725ab5353_img04.jpg,A simulation of maximum temperatures on 21 July. Photograph: Climate Reanalyzer/Climate Change Institute/University of Maine,,1,graph,2,photo|photograph,0,likely_visualization,D:\FR\IGD\IPCC internship\output\guardian\guardian_images\guardian_images_dataviz_dedup\guardian_2018-07-22_guardian_e725ab5353_img04.jpg,D:\FR\IGD\IPCC internship\output\guardian\guardian_images_2018.csv
guardian_8df5d9660d,The Guardian,2018,"""sea level rise""","Pollution is slowing the melting of Arctic sea ice, for now",https://www.theguardian.com/environment/climate-consensus-97-per-cent/2018/aug/03/pollution-is-slowing-the-melting-of-arctic-sea-ice-for-now,2018-08-03,2021-08-25,2,https://i.guim.co.uk/img/media/27b1aa6e117d4f4088b2cf2def0412c3f4c1f3d7/0_0_590_300/master/590.png?width=445&dpr=1&s=none&crop=none,../Scripts/output/guardian/guardian_images/guardian_2018-08-03_guardian_8df5d9660d_img02.png,Decline in September Arctic ice extent (not volume). Illustration: Nasa,,0,,0,,1,broad_candidate,D:\FR\IGD\IPCC internship\output\guardian\guardian_images\guardian_images_dataviz_dedup\guardian_2018-08-03_guardian_8df5d9660d_img02.jpg,D:\FR\IGD\IPCC internship\output\guardian\guardian_images_2018.csv
guardian_466409721c,The Guardian,2018,"""sea level rise""",California's response to record wildfires: shift to 100% clean energy,https://www.theguardian.com/environment/climate-consensus-97-per-cent/2018/sep/03/californias-response-to-record-wildfires-shift-to-100-clean-energy,2018-09-03,2021-08-25,2,https://i.guim.co.uk/img/media/cc89ec3b384bd034a78624d3ae5b70d490359763/0_0_1425_1031/master/1425.png?width=445&dpr=1&s=none&crop=none,../Scripts/output/guardian/guardian_images/guardian_2018-09-03_guardian_466409721c_img02.png,"Percentage of California’s electricity generated by renewables (black) and zero-carbon sources (gray) to date, based California Energy Commission data. The previous renewable target is shown in blue and targets under SB 100 in green. Illustration: Dana Nuccitelli",,1,data,0,,0,likely_visualization,D:\FR\IGD\IPCC internship\output\guardian\guardian_images\guardian_images_dataviz_dedup\guardian_2018-09-03_guardian_466409721c_img02.jpg,D:\FR\IGD\IPCC internship\output\guardian\guardian_images_2018.csv
guardian_466409721c,The Guardian,2018,"""sea level rise""",California's response to record wildfires: shift to 100% clean energy,https://www.theguardian.com/environment/climate-consensus-97-per-cent/2018/sep/03/californias-response-to-record-wildfires-shift-to-100-clean-energy,2018-09-03,2021-08-25,3,https://i.guim.co.uk/img/media/254a43c7255efcdb248339a86d90e1117aadde68/0_0_1043_639/master/1043.png?width=445&dpr=1&s=none&crop=none,../Scripts/output/guardian/guardian_images/guardian_2018-09-03_guardian_466409721c_img03.png,Houston-area survey questions about climate change. Illustration: Kinder Institute for Urban Research,,0,,0,,1,broad_candidate,D:\FR\IGD\IPCC internship\output\guardian\guardian_images\guardian_images_dataviz_dedup\guardian_2018-09-03_guardian_466409721c_img03.jpg,D:\FR\IGD\IPCC internship\output\guardian\guardian_images_2018.csv
guardian_466409721c,The Guardian,2018,"""sea level rise""",California's response to record wildfires: shift to 100% clean energy,https://www.theguardian.com/environment/climate-consensus-97-per-cent/2018/sep/03/californias-response-to-record-wildfires-shift-to-100-clean-energy,2018-09-03,2021-08-25,4,https://i.guim.co.uk/img/media/a331a6b920050240764d615ae1a2f751bc34a707/0_0_739_515/master/739.jpg?width=445&dpr=1&s=none&crop=none,../Scripts/output/guardian/guardian_images/guardian_2018-09-03_guardian_466409721c_img04.jpg,"California greenhouse gas emissions, population, and GDP. Illustration: California Office of Environmental Health Hazard Assessment",,0,,0,,1,broad_candidate,D:\FR\IGD\IPCC internship\output\guardian\guardian_images\guardian_images_dataviz_dedup\guardian_2018-09-03_guardian_466409721c_img04.jpg,D:\FR\IGD\IPCC internship\output\guardian\guardian_images_2018.csv
guardian_c8b7626896,The Guardian,2018,"""sea level rise""",Shell and Exxon's secret 1980s climate change warnings,https://www.theguardian.com/environment/climate-consensus-97-per-cent/2018/sep/19/shell-and-exxons-secret-1980s-climate-change-warnings,2018-09-19,2021-08-25,2,https://i.guim.co.uk/img/media/ad8f11375841adc34eacf4d5006e392af25fc481/0_0_4642_5476/master/4642.jpg?width=445&dpr=1&s=none&crop=none,../Scripts/output/guardian/guardian_images/guardian_2018-09-19_guardian_c8b7626896_img02.jpg,"Exxon’s private prediction of the future growth of carbon dioxide levels (left axis) and global temperature relative to 1982 (right axis). Elsewhere in its report, Exxon noted that the most widely accepted science at the time indicated that doubling carbon dioxide levels would cause a global warming of 3°C. Illustration: 1982 Exxon internal briefing document",,0,,0,,1,broad_candidate,D:\FR\IGD\IPCC internship\output\guardian\guardian_images\guardian_images_dataviz_dedup\guardian_2018-09-19_guardian_c8b7626896_img02.jpg,D:\FR\IGD\IPCC internship\output\guardian\guardian_images_2018.csv
guardian_c2d014a9e1,The Guardian,2018,"""carbon budget""",New study reconciles a dispute about how fast global warming will happen,https://www.theguardian.com/environment/climate-consensus-97-per-cent/2018/sep/24/new-study-reconciles-a-dispute-about-how-fast-global-warming-will-happen,2018-09-24,2021-08-25,2,https://i.guim.co.uk/img/media/3bd967d7be62c608f3b1fa18996a67164f8fdb11/0_0_1181_402/master/1181.png?width=445&dpr=1&s=none&crop=none,../Scripts/output/guardian/guardian_images/guardian_2018-09-24_guardian_c2d014a9e1_img02.png,"How Earth’s climate sensitivity evolves to a doubling of atmospheric carbon dioxide over different timescales, starting at close to 2°C warming and then rising to about 3°C warming after a decade. Illustration: Goodwin (2018), Earth’s Future",,0,,0,,1,broad_candidate,D:\FR\IGD\IPCC internship\output\guardian\guardian_images\guardian_images_dataviz_dedup\guardian_2018-09-24_guardian_c2d014a9e1_img02.jpg,D:\FR\IGD\IPCC internship\output\guardian\guardian_images_2018.csv
guardian_67f2cf5e0b,The Guardian,2018,IPCC,"Most English Tory voters would be happy to see UK break up as price of Brexit, survey suggests - Politics live",https://www.theguardian.com/politics/blog/live/2018/oct/08/labour-and-tory-mayors-unite-to-demand-they-take-back-control-of-regional-spending-after-brexit-politics-live,2018-10-08,2020-02-03,3,https://i.guim.co.uk/img/media/976730136d76c2128a2f70b51f41e23b2a4e1cb3/0_0_648_603/master/648.png?width=465&dpr=1&s=none&crop=none,../Scripts/output/guardian/guardian_images/guardian_2018-10-08_guardian_67f2cf5e0b_img03.png,Polling on attitudes to Brexit and break-up of UK Photograph: YouGov,,1,graph,2,photo|photograph,0,likely_visualization,D:\FR\IGD\IPCC internship\output\guardian\guardian_images\guardian_images_dataviz_dedup\guardian_2018-10-08_guardian_67f2cf5e0b_img03.jpg,D:\FR\IGD\IPCC internship\output\guardian\guardian_images_2018.csv
guardian_74932178a6,The Guardian,2018,"""carbon budget""",The Trump administration has entered Stage 5 climate denial,https://www.theguardian.com/environment/climate-consensus-97-per-cent/2018/oct/08/the-trump-administration-has-entered-stage-5-climate-denial,2018-10-08,2021-08-25,2,https://i.guim.co.uk/img/media/b92ce7992323bd3ab3206ed458e2a53918a53624/0_0_991_550/master/991.png?width=445&dpr=1&s=none&crop=none,../Scripts/output/guardian/guardian_images/guardian_2018-10-08_guardian_74932178a6_img02.png,Vehicle fuel efficiency standards to date (blue) and required under the Obama administration rules (green) and the Trump administration’s proposal (red) Illustration: National Highway Traffic Safety Administration,,0,,0,,1,broad_candidate,D:\FR\IGD\IPCC internship\output\guardian\guardian_images\guardian_images_dataviz_dedup\guardian_2018-10-08_guardian_74932178a6_img02.jpg,D:\FR\IGD\IPCC internship\output\guardian\guardian_images_2018.csv
guardian_996ae84de9,The Guardian,2018,"""sea level rise""",We must reduce greenhouse gas emissions to net zero or face more floods,https://www.theguardian.com/environment/2018/oct/08/we-must-reduce-greenhouse-gas-emissions-to-net-zero-or-face-more-floods,2018-10-08,2021-08-25,1,https://i.guim.co.uk/img/media/bf5cf02e514e7acce373095b95f6114b7c64176a/77_0_1198_719/master/1198.jpg?width=465&dpr=1&s=none&crop=none,../Scripts/output/guardian/guardian_images/guardian_2018-10-08_guardian_996ae84de9_img01.jpg,A heat map showing how temperatures are soaring across the planet. Photograph: Climate Change Institute/University of Maine,,2,graph|map,2,photo|photograph,0,likely_visualization,D:\FR\IGD\IPCC internship\output\guardian\guardian_images\guardian_images_dataviz_dedup\guardian_2018-10-08_guardian_996ae84de9_img01.jpg,D:\FR\IGD\IPCC internship\output\guardian\guardian_images_2018.csv
guardian_59eb28a7aa,The Guardian,2018,"""1.5C""",Inside the new Guardian Weekly,https://www.theguardian.com/news/2018/oct/10/inside-the-new-guardian-weekly,2018-10-10,2018-10-11,2,https://i.guim.co.uk/img/media/52f1b4ce6ff0a53c92f7a4c7c2c4a702a2cbcf6f/0_271_3000_1800/master/3000.jpg?width=445&dpr=1&s=none&crop=none,../Scripts/output/guardian/guardian_images/guardian_2018-10-10_guardian_59eb28a7aa_img02.jpg,A spread from the new Global Report pages in The Guardian Weekly Photograph: Guardian Weekly,,1,graph,2,photo|photograph,0,likely_visualization,D:\FR\IGD\IPCC internship\output\guardian\guardian_images\guardian_images_dataviz_dedup\guardian_2018-10-10_guardian_59eb28a7aa_img02.jpg,D:\FR\IGD\IPCC internship\output\guardian\guardian_images_2018.csv
guardian_3c4152dd78,The Guardian,2018,"""sea level rise""",There’s one key takeaway from last week’s IPCC report,https://www.theguardian.com/environment/climate-consensus-97-per-cent/2018/oct/15/theres-one-key-takeaway-from-last-weeks-ipcc-report,2018-10-15,2021-08-25,2,https://i.guim.co.uk/img/media/8e95761070470a8f3945d889d75f965da6920092/0_0_703_686/master/703.jpg?width=445&dpr=1&s=none&crop=none,../Scripts/output/guardian/guardian_images/guardian_2018-10-15_guardian_3c4152dd78_img02.jpg,"Global carbon dioxide emissions to date, and potential pathways to stay within the remaining 1.5°C global warming budget. Illustration: IPCC SR15",,0,,0,,1,broad_candidate,D:\FR\IGD\IPCC internship\output\guardian\guardian_images\guardian_images_dataviz_dedup\guardian_2018-10-15_guardian_3c4152dd78_img02.jpg,D:\FR\IGD\IPCC internship\output\guardian\guardian_images_2018.csv
guardian_f0aca1d30c,The Guardian,2018,IPCC,Trump thinks scientists are split on climate change. So do most Americans,https://www.theguardian.com/environment/climate-consensus-97-per-cent/2018/oct/22/trump-thinks-scientists-are-split-on-climate-change-so-do-most-americans,2018-10-22,2021-08-25,3,https://i.guim.co.uk/img/media/55e0a93eebb2974ab3249e52ab3480ead6a5e4e1/0_0_968_683/master/968.png?width=445&dpr=1&s=none&crop=none,../Scripts/output/guardian/guardian_images/guardian_2018-10-22_guardian_f0aca1d30c_img03.png,Average perceived expert consensus on human-caused global warming in each ‘6 Americas’ group (green) and percent in each category who don’t know the answer (grey). Illustration: Dana Nuccitelli,,0,,0,,1,broad_candidate,D:\FR\IGD\IPCC internship\output\guardian\guardian_images\guardian_images_dataviz_dedup\guardian_2018-10-22_guardian_f0aca1d30c_img03.jpg,D:\FR\IGD\IPCC internship\output\guardian\guardian_images_2018.csv
guardian_9c90bcbafb,The Guardian,2018,"""1.5C""",'Greenwash': oil giant under fire over plan to protect tropical forests,https://www.theguardian.com/business/2018/nov/20/greenwash-oil-forests-norway-equinor,2018-11-20,2018-11-27,1,https://i.guim.co.uk/img/media/2b259506064725c8f917788c4e82ed20b85860d2/150_0_2250_1350/master/2250.jpg?width=465&dpr=1&s=none&crop=none,../Scripts/output/guardian/guardian_images/guardian_2018-11-20_guardian_9c90bcbafb_img01.jpg,Deforestation in the the Peruvian Amazon shown in pink on a satellite image. Photograph: Landsat/Nasa/USGS,,1,graph,2,photo|photograph,0,likely_visualization,D:\FR\IGD\IPCC internship\output\guardian\guardian_images\guardian_images_dataviz_dedup\guardian_2018-11-20_guardian_9c90bcbafb_img01.jpg,D:\FR\IGD\IPCC internship\output\guardian\guardian_images_2018.csv
guardian_1c012050ca,The Guardian,2018,"""1.5C""",The 'climate diaspora' trying to save the Paris agreement from Trump,https://www.theguardian.com/environment/2018/dec/03/save-paris-climate-agreement-from-trump,2018-12-03,2021-08-25,8,https://i.guim.co.uk/img/media/ee627ac426901e1c07520b12df27e182a40cdc1d/0_0_4674_3282/master/4674.jpg?width=445&dpr=1&s=none&crop=none,../Scripts/output/guardian/guardian_images/guardian_2018-12-03_guardian_1c012050ca_img08.jpg,Visitors chat in front of a giant screen featuring information related to global warning at the Bonn Zone in November 2017. Photograph: Patrik Stollarz/AFP/Getty Images,,1,graph,4,afp|getty|photo|photograph,0,likely_visualization,D:\FR\IGD\IPCC internship\output\guardian\guardian_images\guardian_images_dataviz_dedup\guardian_2018-12-03_guardian_1c012050ca_img08.jpg,D:\FR\IGD\IPCC internship\output\guardian\guardian_images_2018.csv
guardian_edfbddf7f9,The Guardian,2019,"""sea level rise""",'We have to learn to live with floods': waterlogged Surat to become latest megacity,https://www.theguardian.com/cities/2019/feb/05/we-have-to-learn-to-live-with-floods-waterlogged-surat-to-become-latest-megacity,2019-02-05,2020-02-03,2,https://i.guim.co.uk/img/media/c7f6c18eea9f03a10ad63961881ce08ba978d35d/35_0_737_424/737.png?width=620&quality=85&auto=format&fit=max&s=474dc0f3e831dda230d0a27739134b07,../Scripts/output/guardian/guardian_images/guardian_2019-02-05_guardian_edfbddf7f9_img02.png,,,0,,0,,1,broad_candidate,D:\FR\IGD\IPCC internship\output\guardian\guardian_images\guardian_images_dataviz_dedup\guardian_2019-02-05_guardian_edfbddf7f9_img02.png,D:\FR\IGD\IPCC internship\output\guardian\guardian_images_2019.csv
guardian_ac116e0203,The Guardian,2019,"""global temperature""",Thursday briefing: Flooded future of climate change Britain,https://www.theguardian.com/world/2019/may/09/thursday-briefing-flooded-future-of-climate-change-britain,2019-05-09,2019-05-09,2,https://i.guim.co.uk/img/media/f4bdce02cf39a7b10a7fb0893c59613b306b0b9e/273_477_2158_1295/master/2158.jpg?width=445&dpr=1&s=none&crop=none,../Scripts/output/guardian/guardian_images/guardian_2019-05-09_guardian_ac116e0203_img02.jpg,Photograph: Alamy/Guardian Design,,1,graph,2,photo|photograph,0,likely_visualization,D:\FR\IGD\IPCC internship\output\guardian\guardian_images\guardian_images_dataviz_dedup\guardian_2019-05-09_guardian_ac116e0203_img02.jpg,D:\FR\IGD\IPCC internship\output\guardian\guardian_images_2019.csv
guardian_13d1415698,The Guardian,2019,"""sea level rise""",‘Extraordinary thinning’ of ice sheets revealed deep inside Antarctica,https://www.theguardian.com/environment/2019/may/16/thinning-of-antarctic-ice-sheets-spreading-inland-rapidly-study,2019-05-16,2021-08-25,2,https://i.guim.co.uk/img/media/639611efd4fd804b2f9144b01b209808a7eb674e/0_0_1920_1080/1920.jpg?width=465&dpr=1&s=none&crop=none,../Scripts/output/guardian/guardian_images/guardian_2019-05-16_guardian_13d1415698_img02.jpg,Map of satellite data shows how glacier ice thinning has spread deep into Antarctica – video,,2,data|map,1,video,0,likely_visualization,D:\FR\IGD\IPCC internship\output\guardian\guardian_images\guardian_images_dataviz_dedup\guardian_2019-05-16_guardian_13d1415698_img02.jpg,D:\FR\IGD\IPCC internship\output\guardian\guardian_images_2019.csv
guardian_e66e117e4b,The Guardian,2019,IPCC,Capitalism used to promise a better future. Can it still do that?,https://www.theguardian.com/commentisfree/2019/may/22/capitalism-broken-better-future-can-it-do-that,2019-05-22,2019-05-22,1,https://i.guim.co.uk/img/media/7e259ab40d4a0a87bede99f4add9ab92ced9bf4e/0_0_3000_1800/master/3000.jpg?width=465&dpr=1&s=none&crop=none,../Scripts/output/guardian/guardian_images/guardian_2019-05-22_guardian_e66e117e4b_img01.jpg,The idea of economic improvement is now culturally intertwined with the idea of capitalism. Illustration: Lucy Jones/The Guardian,,0,,0,,1,broad_candidate,D:\FR\IGD\IPCC internship\output\guardian\guardian_images\guardian_images_dataviz_dedup\guardian_2019-05-22_guardian_e66e117e4b_img01.jpg,D:\FR\IGD\IPCC internship\output\guardian\guardian_images_2019.csv
guardian_1a8e0df293,The Guardian,2019,IPCC,2020 candidate John Delaney pitches vastly unusual climate change plan,https://www.theguardian.com/us-news/2019/may/23/2020-candidate-john-delaney-pitches-vastly-unusual-climate-change-plan,2019-05-23,2021-08-25,2,https://i.guim.co.uk/img/media/39f534dbc4d28ad2a1ea42011a2b95909575e434/0_0_600_443/master/600.jpg?width=445&dpr=1&s=none&crop=none,../Scripts/output/guardian/guardian_images/guardian_2019-05-23_guardian_1a8e0df293_img02.jpg,John Delaney’s carbon throughway plan. Photograph: Courtesy of the John Delaney campaign,,1,graph,2,photo|photograph,0,likely_visualization,D:\FR\IGD\IPCC internship\output\guardian\guardian_images\guardian_images_dataviz_dedup\guardian_2019-05-23_guardian_1a8e0df293_img02.jpg,D:\FR\IGD\IPCC internship\output\guardian\guardian_images_2019.csv
guardian_0553909688,The Guardian,2019,"""global temperature""",Photograph lays bare reality of melting Greenland sea ice,https://www.theguardian.com/world/2019/jun/18/photograph-melting-greenland-sea-ice-fjord-dogs-water,2019-06-17,2019-08-16,3,https://i.guim.co.uk/img/media/83c29eb0facbbc5ef14d24f12378396621ff6fd8/0_0_994_711/master/994.jpg?width=445&dpr=1&s=none&crop=none,../Scripts/output/guardian/guardian_images/guardian_2019-06-17_guardian_0553909688_img03.jpg,"Greenland Melt Extent 2019, shows ice melt in Greenland 2019 versus 1981-2010 median. Photograph: National Snow and Ice Data Center (US)",,2,data|graph,2,photo|photograph,0,likely_visualization,D:\FR\IGD\IPCC internship\output\guardian\guardian_images\guardian_images_dataviz_dedup\guardian_2019-06-17_guardian_0553909688_img03.jpg,D:\FR\IGD\IPCC internship\output\guardian\guardian_images_2019.csv
guardian_7dbe67f137,The Guardian,2019,"""global temperature""",'Hell is coming': week-long heatwave begins across Europe,https://www.theguardian.com/world/2019/jun/24/hell-is-coming-week-long-heatwave-begins-across-europe,2019-06-24,2019-06-25,3,https://i.guim.co.uk/img/media/c78f10a99bb91c772aa59374046d352743ac7f95/0_0_911_660/master/911.jpg?width=445&dpr=1&s=none&crop=none,../Scripts/output/guardian/guardian_images/guardian_2019-06-24_guardian_7dbe67f137_img03.jpg,A map depicting this week’s heatwave in Europe. Photograph: Accuweather,,2,graph|map,2,photo|photograph,0,likely_visualization,D:\FR\IGD\IPCC internship\output\guardian\guardian_images\guardian_images_dataviz_dedup\guardian_2019-06-24_guardian_7dbe67f137_img03.jpg,D:\FR\IGD\IPCC internship\output\guardian\guardian_images_2019.csv
guardian_edf20fed05,The Guardian,2019,"""net zero""",Wall Street hits new record highs on trade deal hopes – as it happened,https://www.theguardian.com/business/blog/live/2019/nov/19/asian-shares-mixed-amid-doubts-on-us-china-trade-deal-pound-business-live,2019-11-19,2019-11-19,6,https://i.guim.co.uk/img/media/08e17ab127aec29fc4ab3704cee4b705d0a1bfbd/0_0_654_539/master/654.jpg?width=465&dpr=1&s=none&crop=none,../Scripts/output/guardian/guardian_images/guardian_2019-11-19_guardian_edf20fed05_img06.jpg,US-China trade war Photograph: BLOOMBERG,,1,graph,2,photo|photograph,0,likely_visualization,D:\FR\IGD\IPCC internship\output\guardian\guardian_images\guardian_images_dataviz_dedup\guardian_2019-11-19_guardian_edf20fed05_img06.jpg,D:\FR\IGD\IPCC internship\output\guardian\guardian_images_2019.csv
guardian_c5476de100,The Guardian,2019,"""1.5C""",Climate crisis: what is COP and can it save the world?,https://www.theguardian.com/news/2019/dec/02/climate-crisis-what-is-cop-and-can-it-save-the-world,2019-12-02,2021-08-25,2,https://i.guim.co.uk/img/media/221f477dfb9f3c73100c9f3760b390c113b5c8d0/0_0_1080_1080/master/1080.jpg?width=445&dpr=1&s=none&crop=none,../Scripts/output/guardian/guardian_images/guardian_2019-12-02_guardian_c5476de100_img02.jpg,185 countries have ratified the Paris Agreement Photograph: Beautiful news,,1,graph,2,photo|photograph,0,likely_visualization,D:\FR\IGD\IPCC internship\output\guardian\guardian_images\guardian_images_dataviz_dedup\guardian_2019-12-02_guardian_c5476de100_img02.jpg,D:\FR\IGD\IPCC internship\output\guardian\guardian_images_2019.csv
guardian_51d91d8bf8,The Guardian,2019,"""climate change""",Starmer implicitly criticises Labour leadership for sidelining him during election campaign - as it happened,https://www.theguardian.com/politics/live/2019/dec/18/labour-leadership-election-tony-blair-starmer-urges-labour-to-ditch-not-just-corbyn-by-corbynism-in-speech-on-partys-defeat-live-news,2019-12-18,2020-02-03,3,https://i.guim.co.uk/img/media/4a78724323fb6a733a5e731f0dda29aead55f941/0_0_651_533/master/651.jpg?width=465&dpr=1&s=none&crop=none,../Scripts/output/guardian/guardian_images/guardian_2019-12-18_guardian_51d91d8bf8_img03.jpg,Polling on next Labour leader Photograph: YouGov,,1,graph,2,photo|photograph,0,likely_visualization,D:\FR\IGD\IPCC internship\output\guardian\guardian_images\guardian_images_dataviz_dedup\guardian_2019-12-18_guardian_51d91d8bf8_img03.jpg,D:\FR\IGD\IPCC internship\output\guardian\guardian_images_2019.csv
guardian_9c49b7e308,The Guardian,2019,"""climate change""",UK inflation at three-year low; Brexit worries weigh - as it happened,https://www.theguardian.com/business/live/2019/dec/18/brexit-cliff-edge-markets-pound-inflation-food-petrol-business-live,2019-12-18,2019-12-18,2,https://i.guim.co.uk/img/media/c83f056e15525822d1a1e190c6806e0bdac8ed9f/0_0_1046_361/master/1046.jpg?width=465&dpr=1&s=none&crop=none,../Scripts/output/guardian/guardian_images/guardian_2019-12-18_guardian_9c49b7e308_img02.jpg,Sterling’s ‘effective exchange rate’ against a basket of other currencies Photograph: Costas Milas,,1,graph,2,photo|photograph,0,likely_visualization,D:\FR\IGD\IPCC internship\output\guardian\guardian_images\guardian_images_dataviz_dedup\guardian_2019-12-18_guardian_9c49b7e308_img02.jpg,D:\FR\IGD\IPCC internship\output\guardian\guardian_images_2019.csv
guardian_9c49b7e308,The Guardian,2019,"""climate change""",UK inflation at three-year low; Brexit worries weigh - as it happened,https://www.theguardian.com/business/live/2019/dec/18/brexit-cliff-edge-markets-pound-inflation-food-petrol-business-live,2019-12-18,2019-12-18,4,https://i.guim.co.uk/img/media/2aeab4980f4caa493a39e9115843c9dccb583a82/0_0_651_420/master/651.jpg?width=465&dpr=1&s=none&crop=none,../Scripts/output/guardian/guardian_images/guardian_2019-12-18_guardian_9c49b7e308_img04.jpg,UK inflation Photograph: NIESR,,1,graph,2,photo|photograph,0,likely_visualization,D:\FR\IGD\IPCC internship\output\guardian\guardian_images\guardian_images_dataviz_dedup\guardian_2019-12-18_guardian_9c49b7e308_img04.jpg,D:\FR\IGD\IPCC internship\output\guardian\guardian_images_2019.csv
guardian_a8342226b7,The Guardian,2019,"""climate change""",Chancellor appoints Andrew Bailey as new Bank of England governor – as it happened,https://www.theguardian.com/business/live/2019/dec/20/chancellor-sajid-javid-andrew-bailey-bank-of-england-governor-sterling-stock-markets-ftse-us-gdp-business-live,2019-12-20,2025-03-11,1,https://i.guim.co.uk/img/media/d3e7c16fc919e6e533ad11c130a6f5c3afe73c0b/0_0_1163_688/master/1163.jpg?width=465&dpr=1&s=none&crop=none,../Scripts/output/guardian/guardian_images/guardian_2019-12-20_guardian_a8342226b7_img01.jpg,The pound is up 0.2% against the US dollar. Photograph: Refinitiv,,1,graph,2,photo|photograph,0,likely_visualization,D:\FR\IGD\IPCC internship\output\guardian\guardian_images\guardian_images_dataviz_dedup\guardian_2019-12-20_guardian_a8342226b7_img01.jpg,D:\FR\IGD\IPCC internship\output\guardian\guardian_images_2019.csv
guardian_a8342226b7,The Guardian,2019,"""climate change""",Chancellor appoints Andrew Bailey as new Bank of England governor – as it happened,https://www.theguardian.com/business/live/2019/dec/20/chancellor-sajid-javid-andrew-bailey-bank-of-england-governor-sterling-stock-markets-ftse-us-gdp-business-live,2019-12-20,2025-03-11,2,https://i.guim.co.uk/img/media/fc8481fb3fbca82c3c416d2b1cc8d10a5968da93/0_0_1912_747/master/1912.jpg?width=465&dpr=1&s=none&crop=none,../Scripts/output/guardian/guardian_images/guardian_2019-12-20_guardian_a8342226b7_img02.jpg,The FTSE 100 is flat. Photograph: Refinitiv,,1,graph,2,photo|photograph,0,likely_visualization,D:\FR\IGD\IPCC internship\output\guardian\guardian_images\guardian_images_dataviz_dedup\guardian_2019-12-20_guardian_a8342226b7_img02.jpg,D:\FR\IGD\IPCC internship\output\guardian\guardian_images_2019.csv
guardian_a8342226b7,The Guardian,2019,"""climate change""",Chancellor appoints Andrew Bailey as new Bank of England governor – as it happened,https://www.theguardian.com/business/live/2019/dec/20/chancellor-sajid-javid-andrew-bailey-bank-of-england-governor-sterling-stock-markets-ftse-us-gdp-business-live,2019-12-20,2025-03-11,4,https://i.guim.co.uk/img/media/ad59dec33718b0839aa94470b0046083c0231556/45_0_747_448/master/747.jpg?width=465&dpr=1&s=none&crop=none,../Scripts/output/guardian/guardian_images/guardian_2019-12-20_guardian_a8342226b7_img04.jpg,The Bank of England’s quarterly bulletin shows spending expectations have fallen for the next 12 months Photograph: NMG and Bank of England,,1,graph,2,photo|photograph,0,likely_visualization,D:\FR\IGD\IPCC internship\output\guardian\guardian_images\guardian_images_dataviz_dedup\guardian_2019-12-20_guardian_a8342226b7_img04.jpg,D:\FR\IGD\IPCC internship\output\guardian\guardian_images_2019.csv
guardian_a8342226b7,The Guardian,2019,"""climate change""",Chancellor appoints Andrew Bailey as new Bank of England governor – as it happened,https://www.theguardian.com/business/live/2019/dec/20/chancellor-sajid-javid-andrew-bailey-bank-of-england-governor-sterling-stock-markets-ftse-us-gdp-business-live,2019-12-20,2025-03-11,6,https://i.guim.co.uk/img/media/49091d3582b93f69c72555fe9248d5d22afff179/0_0_1121_663/master/1121.jpg?width=465&dpr=1&s=none&crop=none,../Scripts/output/guardian/guardian_images/guardian_2019-12-20_guardian_a8342226b7_img06.jpg,Shares in DMGT have risen over the course of 2019. Photograph: Refinitiv,,1,graph,2,photo|photograph,0,likely_visualization,D:\FR\IGD\IPCC internship\output\guardian\guardian_images\guardian_images_dataviz_dedup\guardian_2019-12-20_guardian_a8342226b7_img06.jpg,D:\FR\IGD\IPCC internship\output\guardian\guardian_images_2019.csv
guardian_5306138647,The Guardian,2019,"""climate change""",Nation counts cost of Australian blazes after communities devastated – as it happened,https://www.theguardian.com/australia-news/live/2019/dec/23/nsw-fires-live-news-near-sydney-new-south-wales-south-australia-bushfires-victoria-latest-updates,2019-12-22,2021-08-25,2,https://i.guim.co.uk/img/media/313ab6f2eacba1e901556a60b0d54ac641ca4a5c/0_0_1412_754/master/1412.jpg?width=465&dpr=1&s=none&crop=none,../Scripts/output/guardian/guardian_images/guardian_2019-12-22_guardian_5306138647_img02.jpg,"Screen shot of current fires in mainland Australia, from myfirewatch.landgate.wa.gov.au. 23 December, 2019 Photograph: My Fire Watch",,1,graph,2,photo|photograph,0,likely_visualization,D:\FR\IGD\IPCC internship\output\guardian\guardian_images\guardian_images_dataviz_dedup\guardian_2019-12-22_guardian_5306138647_img02.jpg,D:\FR\IGD\IPCC internship\output\guardian\guardian_images_2019.csv
guardian_ac45b260d8,The Guardian,2020,"""global temperature""",Fires and floods: maps of Europe predict scale of climate catastrophe,https://www.theguardian.com/environment/2020/feb/10/fires-floods-maps-europe-climate-catastrophe,2020-02-10,2021-08-25,2,https://i.guim.co.uk/img/media/bfafc8f6005b5b122e84b516ccf2bc90b980622a/0_0_1396_736/master/1396.jpg?width=445&dpr=1&s=none&crop=none,../Scripts/output/guardian/guardian_images/guardian_2020-02-10_guardian_ac45b260d8_img02.jpg,Map predicting flood-hit areas. Photograph: Center for Remote Sensing of Ice Sheets/Eurostat,,2,graph|map,2,photo|photograph,0,likely_visualization,D:\FR\IGD\IPCC internship\output\guardian\guardian_images\guardian_images_dataviz_dedup\guardian_2020-02-10_guardian_ac45b260d8_img02.jpg,D:\FR\IGD\IPCC internship\output\guardian\guardian_images_2020.csv
guardian_e568d20f09,The Guardian,2020,"""global temperature""","Blockades, Balkans and Brexit: the Guardian in Europe since 1945",https://www.theguardian.com/world/from-the-archive-blog/2020/mar/04/timeline-europe-guardian-since-1945,2020-03-04,2021-11-10,16,https://i.guim.co.uk/img/media/652f3de50acc24ff6e9838c6a2b63caa5006e8ca/79_5_524_524/master/524.jpg?width=445&dpr=1&s=none&crop=none,../Scripts/output/guardian/guardian_images/guardian_2020-03-04_guardian_e568d20f09_img16.jpg,A Guardian graphic shows the six locations where the Paris attacks took place. Photograph: The Guardian,,2,graph|graphic,2,photo|photograph,0,likely_visualization,D:\FR\IGD\IPCC internship\output\guardian\guardian_images\guardian_images_dataviz_dedup\guardian_2020-03-04_guardian_e568d20f09_img16.jpg,D:\FR\IGD\IPCC internship\output\guardian\guardian_images_2020.csv
guardian_90dccf5722,The Guardian,2020,"""1.5C""",Great Barrier Reef's third mass bleaching in five years the most widespread yet,https://www.theguardian.com/environment/2020/apr/07/great-barrier-reefs-third-mass-bleaching-in-five-years-the-most-widespread-ever,2020-04-06,2021-10-29,3,https://i.guim.co.uk/img/media/9e988329f77b0304407d7cb06bf0521d7698eb58/68_65_2301_1634/master/2301..jpg?width=445&dpr=1&s=none&crop=none,../Scripts/output/guardian/guardian_images/guardian_2020-04-06_guardian_90dccf5722_img03.jpg,A bleaching map showing the worst affected areas in 2016-17. Photograph: ARC Centre for Excellence in Coral Reef Studies,,2,graph|map,2,photo|photograph,0,likely_visualization,D:\FR\IGD\IPCC internship\output\guardian\guardian_images\guardian_images_dataviz_dedup\guardian_2020-04-06_guardian_90dccf5722_img03.jpg,D:\FR\IGD\IPCC internship\output\guardian\guardian_images_2020.csv
guardian_e638f4beb5,The Guardian,2020,"""sea level rise""","Murray-Darling lower lakes were largely fresh before European settlement, CSIRO review finds",https://www.theguardian.com/australia-news/2020/may/12/murray-darling-lower-lakes-were-largely-fresh-before-european-settlement-csiro-review-finds,2020-05-12,2020-05-12,2,https://i.guim.co.uk/img/media/97b15aea329e2143745bdf6cfe286d292d4d13d6/0_0_770_743/master/770.jpg?width=445&dpr=1&s=none&crop=none,../Scripts/output/guardian/guardian_images/guardian_2020-05-12_guardian_e638f4beb5_img02.jpg,A map of the barrages from the scientists’ report. Illustration: Murray-Darling Basin Authority,,1,map,0,,0,likely_visualization,D:\FR\IGD\IPCC internship\output\guardian\guardian_images\guardian_images_dataviz_dedup\guardian_2020-05-12_guardian_e638f4beb5_img02.jpg,D:\FR\IGD\IPCC internship\output\guardian\guardian_images_2020.csv
guardian_5d146f83cf,The Guardian,2020,"""global temperature""",This pandemic has exposed the uselessness of orthodox economics,https://www.theguardian.com/commentisfree/2020/jul/05/pandemic-orthodox-economics-covid-19,2020-07-05,2020-07-06,1,https://i.guim.co.uk/img/media/ef181e9e7238359c2446792f73e723d65d5dfd50/0_53_5254_3154/master/5254.jpg?width=465&dpr=1&s=none&crop=none,../Scripts/output/guardian/guardian_images/guardian_2020-07-05_guardian_5d146f83cf_img01.jpg,"‘Framing the future in terms of probabilities gives us the illusion of knowledge and control, which is extraordinarily tempting, but it’s all hubris.’ Photograph: Daniel Sorabji/AFP via Getty Images",,1,graph,4,afp|getty|photo|photograph,0,likely_visualization,D:\FR\IGD\IPCC internship\output\guardian\guardian_images\guardian_images_dataviz_dedup\guardian_2020-07-05_guardian_5d146f83cf_img01.jpg,D:\FR\IGD\IPCC internship\output\guardian\guardian_images_2020.csv
guardian_06fffae5ff,The Guardian,2020,"""1.5C""",Industrial emissions set to rise for another decade despite Coalition's pledge to cut carbon pollution,https://www.theguardian.com/australia-news/2020/oct/28/industrial-emissions-set-to-rise-for-another-decade-despite-coalitions-pledge-to-cut-carbon-pollution,2020-10-27,2021-08-25,2,https://i.guim.co.uk/img/uploads/2020/10/27/Picture_1959.png?width=445&dpr=1&s=none&crop=none,../Scripts/output/guardian/guardian_images/guardian_2020-10-27_guardian_06fffae5ff_img02.png,RepuTex analysis of government data showing the projected decline in electricity emissions and rise in industrial emissions.,,1,data,0,,0,likely_visualization,D:\FR\IGD\IPCC internship\output\guardian\guardian_images\guardian_images_dataviz_dedup\guardian_2020-10-27_guardian_06fffae5ff_img02.jpg,D:\FR\IGD\IPCC internship\output\guardian\guardian_images_2020.csv
guardian_06fffae5ff,The Guardian,2020,"""1.5C""",Industrial emissions set to rise for another decade despite Coalition's pledge to cut carbon pollution,https://www.theguardian.com/australia-news/2020/oct/28/industrial-emissions-set-to-rise-for-another-decade-despite-coalitions-pledge-to-cut-carbon-pollution,2020-10-27,2021-08-25,3,https://i.guim.co.uk/img/uploads/2020/10/27/Picture_1960.png?width=445&dpr=1&s=none&crop=none,../Scripts/output/guardian/guardian_images/guardian_2020-10-27_guardian_06fffae5ff_img03.png,The sources of Australia’s industrial emissions.,,0,,0,,1,broad_candidate,D:\FR\IGD\IPCC internship\output\guardian\guardian_images\guardian_images_dataviz_dedup\guardian_2020-10-27_guardian_06fffae5ff_img03.jpg,D:\FR\IGD\IPCC internship\output\guardian\guardian_images_2020.csv
guardian_ec3e7c5877,The Guardian,2020,"""net zero""","Rising levels of carbon dioxide increasing extreme weather events in Australia, report finds",https://www.theguardian.com/science/2020/nov/13/rising-levels-of-carbon-dioxide-increasing-extreme-weather-events-in-australia-report-finds,2020-11-12,2021-08-25,2,https://i.guim.co.uk/img/media/6103471f75beb40ec2fa9e9bd1ab799814480016/0_41_1537_922/master/1537.jpg?width=445&dpr=1&s=none&crop=none,../Scripts/output/guardian/guardian_images/guardian_2020-11-12_guardian_ec3e7c5877_img02.jpg,,,0,,0,,1,broad_candidate,D:\FR\IGD\IPCC internship\output\guardian\guardian_images\guardian_images_dataviz_dedup\guardian_2020-11-12_guardian_ec3e7c5877_img02.jpg,D:\FR\IGD\IPCC internship\output\guardian\guardian_images_2020.csv
guardian_ec3e7c5877,The Guardian,2020,"""net zero""","Rising levels of carbon dioxide increasing extreme weather events in Australia, report finds",https://www.theguardian.com/science/2020/nov/13/rising-levels-of-carbon-dioxide-increasing-extreme-weather-events-in-australia-report-finds,2020-11-12,2021-08-25,3,https://i.guim.co.uk/img/media/a531c8ffbc7428a2a6326dacbec3f92f649678b5/0_0_2186_1183/master/2186.jpg?width=445&dpr=1&s=none&crop=none,../Scripts/output/guardian/guardian_images/guardian_2020-11-12_guardian_ec3e7c5877_img03.jpg,,,0,,0,,1,broad_candidate,D:\FR\IGD\IPCC internship\output\guardian\guardian_images\guardian_images_dataviz_dedup\guardian_2020-11-12_guardian_ec3e7c5877_img03.jpg,D:\FR\IGD\IPCC internship\output\guardian\guardian_images_2020.csv
guardian_ec3e7c5877,The Guardian,2020,"""net zero""","Rising levels of carbon dioxide increasing extreme weather events in Australia, report finds",https://www.theguardian.com/science/2020/nov/13/rising-levels-of-carbon-dioxide-increasing-extreme-weather-events-in-australia-report-finds,2020-11-12,2021-08-25,4,https://i.guim.co.uk/img/media/2ce9cec474b423e5e9a8c9efeb33d80020da13f8/0_41_1537_922/master/1537.jpg?width=445&dpr=1&s=none&crop=none,../Scripts/output/guardian/guardian_images/guardian_2020-11-12_guardian_ec3e7c5877_img04.jpg,,,0,,0,,1,broad_candidate,D:\FR\IGD\IPCC internship\output\guardian\guardian_images\guardian_images_dataviz_dedup\guardian_2020-11-12_guardian_ec3e7c5877_img04.jpg,D:\FR\IGD\IPCC internship\output\guardian\guardian_images_2020.csv
guardian_db5418ff97,The Guardian,2020,"""1.5C""",State of the climate: five big issues from the report that will affect every Australian,https://www.theguardian.com/environment/2020/nov/14/state-of-the-climate-five-big-issues-from-the-report-that-will-affect-every-australian,2020-11-13,2021-08-25,3,https://i.guim.co.uk/img/media/387335da0a924a7d333c982cb12435d3b1748062/0_59_1538_923/master/1538.jpg?width=445&dpr=1&s=none&crop=none,../Scripts/output/guardian/guardian_images/guardian_2020-11-13_guardian_db5418ff97_img03.jpg,Chart showing Co2 levels at cape Grim monitoring station in Australia. Photograph: CSIRO,,2,chart|graph,2,photo|photograph,0,likely_visualization,D:\FR\IGD\IPCC internship\output\guardian\guardian_images\guardian_images_dataviz_dedup\guardian_2020-11-13_guardian_db5418ff97_img03.jpg,D:\FR\IGD\IPCC internship\output\guardian\guardian_images_2020.csv
guardian_e3d7484e53,The Guardian,2020,"""net zero""",Green giants: the massive projects that could make Australia a clean energy superpower,https://www.theguardian.com/environment/2020/nov/14/green-giants-the-massive-projects-that-could-make-australia-a-clean-energy-superpower,2020-11-13,2020-11-16,4,https://i.guim.co.uk/img/media/d8f9360c8dc7e91a6476cc111aa34b7404576d36/121_139_2079_1377/master/2079.jpg?width=445&dpr=1&s=none&crop=none,../Scripts/output/guardian/guardian_images/guardian_2020-11-13_guardian_e3d7484e53_img04.jpg,A map of the proposal to construct a 2.2GW windfarm in Bass Strait off Port Albert and Mcloughlins Beach in South Gippsland.,,1,map,0,,0,likely_visualization,D:\FR\IGD\IPCC internship\output\guardian\guardian_images\guardian_images_dataviz_dedup\guardian_2020-11-13_guardian_e3d7484e53_img04.jpg,D:\FR\IGD\IPCC internship\output\guardian\guardian_images_2020.csv
guardian_53ca58b026,The Guardian,2020,"""net zero""","England tier system may need to be strengthened after lockdown, health chief says – as it happened",https://www.theguardian.com/politics/live/2020/nov/16/uk-coronavirus-live-matt-hancock-boris-johnson-testing-care-homes-visits-christmas-covid-latest,2020-11-16,2020-11-17,2,https://i.guim.co.uk/img/media/2054d1514b15350e1d7f86e2bbcb114f4eab92b9/0_0_1264_410/master/1264.jpg?width=465&dpr=1&s=none&crop=none,../Scripts/output/guardian/guardian_images/guardian_2020-11-16_guardian_53ca58b026_img02.jpg,"Rolling average for new cases in Northern Ireland. Photograph: Department of Health, NI",,1,graph,3,epa|photo|photograph,0,likely_visualization,D:\FR\IGD\IPCC internship\output\guardian\guardian_images\guardian_images_dataviz_dedup\guardian_2020-11-16_guardian_53ca58b026_img02.jpg,D:\FR\IGD\IPCC internship\output\guardian\guardian_images_2020.csv
guardian_9cfa10e0b3,The Guardian,2020,"""net zero""",UK politics: minister resigns over aid spending cut; Rishi Sunak freezes public sector pay except for NHS – as it happened,https://www.theguardian.com/politics/live/2020/nov/25/uk-politics-live-rishi-sunak-spending-review-2020-covid-jobs-crisis,2020-11-25,2022-10-19,1,https://i.guim.co.uk/img/media/29facf1bee66163fa446b2ed3e8a0d5dada6602a/0_0_1286_668/master/1286.jpg?width=465&dpr=1&s=none&crop=none,../Scripts/output/guardian/guardian_images/guardian_2020-11-25_guardian_9cfa10e0b3_img01.jpg,UK dashboard Photograph: Gov.UK,,1,graph,2,photo|photograph,0,likely_visualization,D:\FR\IGD\IPCC internship\output\guardian\guardian_images\guardian_images_dataviz_dedup\guardian_2020-11-25_guardian_9cfa10e0b3_img01.jpg,D:\FR\IGD\IPCC internship\output\guardian\guardian_images_2020.csv
guardian_95c79e0bdb,The Guardian,2020,"""climate change""",Brexit: Johnson claims Brussels wants power to 'punish' UK if it does not implement future EU laws – as it happened,https://www.theguardian.com/politics/live/2020/dec/09/brexit-boris-johnson-trade-talks-eu-covid-coronavirus-latest-updates,2020-12-09,2023-11-24,4,https://i.guim.co.uk/img/media/943505339554a19a8adee353f57e8c42beda8970/0_0_2154_1188/master/2154.jpg?width=465&dpr=1&s=none&crop=none,../Scripts/output/guardian/guardian_images/guardian_2020-12-09_guardian_95c79e0bdb_img04.jpg,"UK coronavirus deaths, by date reported. Photograph: Gov.UK",,1,graph,2,photo|photograph,0,likely_visualization,D:\FR\IGD\IPCC internship\output\guardian\guardian_images\guardian_images_dataviz_dedup\guardian_2020-12-09_guardian_95c79e0bdb_img04.jpg,D:\FR\IGD\IPCC internship\output\guardian\guardian_images_2020.csv
guardian_95c79e0bdb,The Guardian,2020,"""climate change""",Brexit: Johnson claims Brussels wants power to 'punish' UK if it does not implement future EU laws – as it happened,https://www.theguardian.com/politics/live/2020/dec/09/brexit-boris-johnson-trade-talks-eu-covid-coronavirus-latest-updates,2020-12-09,2023-11-24,7,https://i.guim.co.uk/img/media/e5eb65c3a9c08a50797d08df78f0d2527f854b38/0_0_2678_1336/master/2678.jpg?width=465&dpr=1&s=none&crop=none,../Scripts/output/guardian/guardian_images/guardian_2020-12-09_guardian_95c79e0bdb_img07.jpg,"Positive cases in Northern Ireland Photograph: Department of Health, NI",,1,graph,3,epa|photo|photograph,0,likely_visualization,D:\FR\IGD\IPCC internship\output\guardian\guardian_images\guardian_images_dataviz_dedup\guardian_2020-12-09_guardian_95c79e0bdb_img07.jpg,D:\FR\IGD\IPCC internship\output\guardian\guardian_images_2020.csv
guardian_0189eb2b52,The Guardian,2020,"""climate change""",ECB's €500bn stimulus; US jobless claims jump; UK growth fizzles out – as it happened,https://www.theguardian.com/business/live/2020/dec/10/uk-economy-gdp-october-covid-19-pound-brexit-ecb-stimulus-business-live,2020-12-10,2024-09-25,1,https://i.guim.co.uk/img/media/b483802813c53ca115a71283b7db0346f6775542/0_0_1007_771/master/1007.jpg?width=465&dpr=1&s=none&crop=none,../Scripts/output/guardian/guardian_images/guardian_2020-12-10_guardian_0189eb2b52_img01.jpg,The top fallers on the FTSE 100 today Photograph: Refinitiv,,1,graph,2,photo|photograph,0,likely_visualization,D:\FR\IGD\IPCC internship\output\guardian\guardian_images\guardian_images_dataviz_dedup\guardian_2020-12-10_guardian_0189eb2b52_img01.jpg,D:\FR\IGD\IPCC internship\output\guardian\guardian_images_2020.csv
guardian_01c11f478a,The Guardian,2020,"""climate change""","Floods, storms and searing heat: 2020 in extreme weather",https://www.theguardian.com/environment/2020/dec/30/floods-storms-and-searing-heat-2020-in-extreme-weather,2020-12-30,2021-08-25,6,https://i.guim.co.uk/img/media/2a31e9dfec9a31a5dbf7a738472590d1d657d441/0_0_2352_1251/master/2352.jpg?width=445&dpr=1&s=none&crop=none,../Scripts/output/guardian/guardian_images/guardian_2020-12-30_guardian_01c11f478a_img06.jpg,A map showing land surface temperature anomalies from 19 March to 20 June 2020. Reds depict areas that were hotter than average for the same period from 2003-2018; blues were colder than average. Photograph: Nasa Handout/EPA,,2,graph|map,4,epa|handout|photo|photograph,0,likely_visualization,D:\FR\IGD\IPCC internship\output\guardian\guardian_images\guardian_images_dataviz_dedup\guardian_2020-12-30_guardian_01c11f478a_img06.jpg,D:\FR\IGD\IPCC internship\output\guardian\guardian_images_2020.csv
guardian_01c11f478a,The Guardian,2020,"""climate change""","Floods, storms and searing heat: 2020 in extreme weather",https://www.theguardian.com/environment/2020/dec/30/floods-storms-and-searing-heat-2020-in-extreme-weather,2020-12-30,2021-08-25,10,https://i.guim.co.uk/img/media/d2b7d92bceefd46fbc45378650874a2b7a65c122/0_1_2582_1549/master/2582.jpg?width=445&dpr=1&s=none&crop=none,../Scripts/output/guardian/guardian_images/guardian_2020-12-30_guardian_01c11f478a_img10.jpg,The October 2020 sea ice concentration in the Arctic. The yellow line shows 1981- 2010 median. Photograph: NASA,,1,graph,2,photo|photograph,0,likely_visualization,D:\FR\IGD\IPCC internship\output\guardian\guardian_images\guardian_images_dataviz_dedup\guardian_2020-12-30_guardian_01c11f478a_img10.jpg,D:\FR\IGD\IPCC internship\output\guardian\guardian_images_2020.csv
guardian_e90212d523,The Guardian,2021,"""sea level rise""",Visualised: glaciers then and now,https://www.theguardian.com/environment/ng-interactive/2021/apr/29/visualised-glaciers-now-and-then,2021-04-29,2021-08-25,6,https://interactive.guim.co.uk/atoms/2021/04/interactive-glacier-gallery/assets/v/1619617450473/glacier_2_now-fs8.png,../Scripts/output/guardian/guardian_images/guardian_2021-04-29_guardian_e90212d523_img06.png,,,0,,0,,1,broad_candidate,D:\FR\IGD\IPCC internship\output\guardian\guardian_images\guardian_images_dataviz_dedup\guardian_2021-04-29_guardian_e90212d523_img06.png,D:\FR\IGD\IPCC internship\output\guardian\guardian_images_2021.csv
guardian_e90212d523,The Guardian,2021,"""sea level rise""",Visualised: glaciers then and now,https://www.theguardian.com/environment/ng-interactive/2021/apr/29/visualised-glaciers-now-and-then,2021-04-29,2021-08-25,7,https://interactive.guim.co.uk/atoms/2021/04/interactive-glacier-gallery/assets/v/1619617450473/glacier_3_then-fs8.png,../Scripts/output/guardian/guardian_images/guardian_2021-04-29_guardian_e90212d523_img07.png,,,0,,0,,1,broad_candidate,D:\FR\IGD\IPCC internship\output\guardian\guardian_images\guardian_images_dataviz_dedup\guardian_2021-04-29_guardian_e90212d523_img07.png,D:\FR\IGD\IPCC internship\output\guardian\guardian_images_2021.csv
guardian_e90212d523,The Guardian,2021,"""sea level rise""",Visualised: glaciers then and now,https://www.theguardian.com/environment/ng-interactive/2021/apr/29/visualised-glaciers-now-and-then,2021-04-29,2021-08-25,8,https://interactive.guim.co.uk/atoms/2021/04/interactive-glacier-gallery/assets/v/1619617450473/glacier_3_now-fs8.png,../Scripts/output/guardian/guardian_images/guardian_2021-04-29_guardian_e90212d523_img08.png,,,0,,0,,1,broad_candidate,D:\FR\IGD\IPCC internship\output\guardian\guardian_images\guardian_images_dataviz_dedup\guardian_2021-04-29_guardian_e90212d523_img08.png,D:\FR\IGD\IPCC internship\output\guardian\guardian_images_2021.csv
guardian_e90212d523,The Guardian,2021,"""sea level rise""",Visualised: glaciers then and now,https://www.theguardian.com/environment/ng-interactive/2021/apr/29/visualised-glaciers-now-and-then,2021-04-29,2021-08-25,9,https://interactive.guim.co.uk/atoms/2021/04/interactive-glacier-gallery/assets/v/1619617450473/glacier_4_then-fs8.png,../Scripts/output/guardian/guardian_images/guardian_2021-04-29_guardian_e90212d523_img09.png,,,0,,0,,1,broad_candidate,D:\FR\IGD\IPCC internship\output\guardian\guardian_images\guardian_images_dataviz_dedup\guardian_2021-04-29_guardian_e90212d523_img09.png,D:\FR\IGD\IPCC internship\output\guardian\guardian_images_2021.csv
guardian_e90212d523,The Guardian,2021,"""sea level rise""",Visualised: glaciers then and now,https://www.theguardian.com/environment/ng-interactive/2021/apr/29/visualised-glaciers-now-and-then,2021-04-29,2021-08-25,10,https://interactive.guim.co.uk/atoms/2021/04/interactive-glacier-gallery/assets/v/1619617450473/glacier_4_now-fs8.png,../Scripts/output/guardian/guardian_images/guardian_2021-04-29_guardian_e90212d523_img10.png,,,0,,0,,1,broad_candidate,D:\FR\IGD\IPCC internship\output\guardian\guardian_images\guardian_images_dataviz_dedup\guardian_2021-04-29_guardian_e90212d523_img10.png,D:\FR\IGD\IPCC internship\output\guardian\guardian_images_2021.csv
guardian_e90212d523,The Guardian,2021,"""sea level rise""",Visualised: glaciers then and now,https://www.theguardian.com/environment/ng-interactive/2021/apr/29/visualised-glaciers-now-and-then,2021-04-29,2021-08-25,11,https://interactive.guim.co.uk/atoms/2021/04/interactive-glacier-gallery/assets/v/1619617450473/glacier_5_then-fs8.png,../Scripts/output/guardian/guardian_images/guardian_2021-04-29_guardian_e90212d523_img11.png,,,0,,0,,1,broad_candidate,D:\FR\IGD\IPCC internship\output\guardian\guardian_images\guardian_images_dataviz_dedup\guardian_2021-04-29_guardian_e90212d523_img11.png,D:\FR\IGD\IPCC internship\output\guardian\guardian_images_2021.csv
guardian_e90212d523,The Guardian,2021,"""sea level rise""",Visualised: glaciers then and now,https://www.theguardian.com/environment/ng-interactive/2021/apr/29/visualised-glaciers-now-and-then,2021-04-29,2021-08-25,12,https://interactive.guim.co.uk/atoms/2021/04/interactive-glacier-gallery/assets/v/1619617450473/glacier_5_now-fs8.png,../Scripts/output/guardian/guardian_images/guardian_2021-04-29_guardian_e90212d523_img12.png,,,0,,0,,1,broad_candidate,D:\FR\IGD\IPCC internship\output\guardian\guardian_images\guardian_images_dataviz_dedup\guardian_2021-04-29_guardian_e90212d523_img12.png,D:\FR\IGD\IPCC internship\output\guardian\guardian_images_2021.csv
guardian_e90212d523,The Guardian,2021,"""sea level rise""",Visualised: glaciers then and now,https://www.theguardian.com/environment/ng-interactive/2021/apr/29/visualised-glaciers-now-and-then,2021-04-29,2021-08-25,24,https://interactive.guim.co.uk/atoms/2021/04/interactive-glacier-gallery/assets/v/1619617450473/glacier_11_now-fs8.png,../Scripts/output/guardian/guardian_images/guardian_2021-04-29_guardian_e90212d523_img24.png,,,0,,0,,1,broad_candidate,D:\FR\IGD\IPCC internship\output\guardian\guardian_images\guardian_images_dataviz_dedup\guardian_2021-04-29_guardian_e90212d523_img24.png,D:\FR\IGD\IPCC internship\output\guardian\guardian_images_2021.csv
guardian_e90212d523,The Guardian,2021,"""sea level rise""",Visualised: glaciers then and now,https://www.theguardian.com/environment/ng-interactive/2021/apr/29/visualised-glaciers-now-and-then,2021-04-29,2021-08-25,27,https://interactive.guim.co.uk/atoms/2021/04/interactive-glacier-gallery/assets/v/1619617450473/glacier_13_then-fs8.png,../Scripts/output/guardian/guardian_images/guardian_2021-04-29_guardian_e90212d523_img27.png,,,0,,0,,1,broad_candidate,D:\FR\IGD\IPCC internship\output\guardian\guardian_images\guardian_images_dataviz_dedup\guardian_2021-04-29_guardian_e90212d523_img27.png,D:\FR\IGD\IPCC internship\output\guardian\guardian_images_2021.csv
guardian_e90212d523,The Guardian,2021,"""sea level rise""",Visualised: glaciers then and now,https://www.theguardian.com/environment/ng-interactive/2021/apr/29/visualised-glaciers-now-and-then,2021-04-29,2021-08-25,28,https://interactive.guim.co.uk/atoms/2021/04/interactive-glacier-gallery/assets/v/1619617450473/glacier_13_now-fs8.png,../Scripts/output/guardian/guardian_images/guardian_2021-04-29_guardian_e90212d523_img28.png,,,0,,0,,1,broad_candidate,D:\FR\IGD\IPCC internship\output\guardian\guardian_images\guardian_images_dataviz_dedup\guardian_2021-04-29_guardian_e90212d523_img28.png,D:\FR\IGD\IPCC internship\output\guardian\guardian_images_2021.csv
guardian_e90212d523,The Guardian,2021,"""sea level rise""",Visualised: glaciers then and now,https://www.theguardian.com/environment/ng-interactive/2021/apr/29/visualised-glaciers-now-and-then,2021-04-29,2021-08-25,30,https://interactive.guim.co.uk/atoms/2021/04/interactive-glacier-gallery/assets/v/1619617450473/glacier_14_now-fs8.png,../Scripts/output/guardian/guardian_images/guardian_2021-04-29_guardian_e90212d523_img30.png,,,0,,0,,1,broad_candidate,D:\FR\IGD\IPCC internship\output\guardian\guardian_images\guardian_images_dataviz_dedup\guardian_2021-04-29_guardian_e90212d523_img30.png,D:\FR\IGD\IPCC internship\output\guardian\guardian_images_2021.csv
guardian_e90212d523,The Guardian,2021,"""sea level rise""",Visualised: glaciers then and now,https://www.theguardian.com/environment/ng-interactive/2021/apr/29/visualised-glaciers-now-and-then,2021-04-29,2021-08-25,34,https://interactive.guim.co.uk/atoms/2021/04/interactive-glacier-gallery/assets/v/1619617450473/glacier_16_now-fs8.png,../Scripts/output/guardian/guardian_images/guardian_2021-04-29_guardian_e90212d523_img34.png,,,0,,0,,1,broad_candidate,D:\FR\IGD\IPCC internship\output\guardian\guardian_images\guardian_images_dataviz_dedup\guardian_2021-04-29_guardian_e90212d523_img34.png,D:\FR\IGD\IPCC internship\output\guardian\guardian_images_2021.csv
guardian_e90212d523,The Guardian,2021,"""sea level rise""",Visualised: glaciers then and now,https://www.theguardian.com/environment/ng-interactive/2021/apr/29/visualised-glaciers-now-and-then,2021-04-29,2021-08-25,44,https://interactive.guim.co.uk/atoms/2021/04/interactive-glacier-gallery/assets/v/1619617450473/glacier_21_now-fs8.png,../Scripts/output/guardian/guardian_images/guardian_2021-04-29_guardian_e90212d523_img44.png,,,0,,0,,1,broad_candidate,D:\FR\IGD\IPCC internship\output\guardian\guardian_images\guardian_images_dataviz_dedup\guardian_2021-04-29_guardian_e90212d523_img44.png,D:\FR\IGD\IPCC internship\output\guardian\guardian_images_2021.csv
guardian_e90212d523,The Guardian,2021,"""sea level rise""",Visualised: glaciers then and now,https://www.theguardian.com/environment/ng-interactive/2021/apr/29/visualised-glaciers-now-and-then,2021-04-29,2021-08-25,57,https://interactive.guim.co.uk/atoms/2021/04/interactive-glacier-gallery/assets/v/1619617450473/glacier_28_then-fs8.png,../Scripts/output/guardian/guardian_images/guardian_2021-04-29_guardian_e90212d523_img57.png,,,0,,0,,1,broad_candidate,D:\FR\IGD\IPCC internship\output\guardian\guardian_images\guardian_images_dataviz_dedup\guardian_2021-04-29_guardian_e90212d523_img57.png,D:\FR\IGD\IPCC internship\output\guardian\guardian_images_2021.csv
guardian_e90212d523,The Guardian,2021,"""sea level rise""",Visualised: glaciers then and now,https://www.theguardian.com/environment/ng-interactive/2021/apr/29/visualised-glaciers-now-and-then,2021-04-29,2021-08-25,58,https://interactive.guim.co.uk/atoms/2021/04/interactive-glacier-gallery/assets/v/1619617450473/glacier_28_now-fs8.png,../Scripts/output/guardian/guardian_images/guardian_2021-04-29_guardian_e90212d523_img58.png,,,0,,0,,1,broad_candidate,D:\FR\IGD\IPCC internship\output\guardian\guardian_images\guardian_images_dataviz_dedup\guardian_2021-04-29_guardian_e90212d523_img58.png,D:\FR\IGD\IPCC internship\output\guardian\guardian_images_2021.csv
guardian_e90212d523,The Guardian,2021,"""sea level rise""",Visualised: glaciers then and now,https://www.theguardian.com/environment/ng-interactive/2021/apr/29/visualised-glaciers-now-and-then,2021-04-29,2021-08-25,66,https://interactive.guim.co.uk/atoms/2021/04/interactive-glacier-gallery/assets/v/1619617450473/glacier_32_now-fs8.png,../Scripts/output/guardian/guardian_images/guardian_2021-04-29_guardian_e90212d523_img66.png,,,0,,0,,1,broad_candidate,D:\FR\IGD\IPCC internship\output\guardian\guardian_images\guardian_images_dataviz_dedup\guardian_2021-04-29_guardian_e90212d523_img66.png,D:\FR\IGD\IPCC internship\output\guardian\guardian_images_2021.csv
guardian_e90212d523,The Guardian,2021,"""sea level rise""",Visualised: glaciers then and now,https://www.theguardian.com/environment/ng-interactive/2021/apr/29/visualised-glaciers-now-and-then,2021-04-29,2021-08-25,68,https://interactive.guim.co.uk/atoms/2021/04/interactive-glacier-gallery/assets/v/1619617450473/glacier_33_now-fs8.png,../Scripts/output/guardian/guardian_images/guardian_2021-04-29_guardian_e90212d523_img68.png,,,0,,0,,1,broad_candidate,D:\FR\IGD\IPCC internship\output\guardian\guardian_images\guardian_images_dataviz_dedup\guardian_2021-04-29_guardian_e90212d523_img68.png,D:\FR\IGD\IPCC internship\output\guardian\guardian_images_2021.csv
guardian_e90212d523,The Guardian,2021,"""sea level rise""",Visualised: glaciers then and now,https://www.theguardian.com/environment/ng-interactive/2021/apr/29/visualised-glaciers-now-and-then,2021-04-29,2021-08-25,72,https://interactive.guim.co.uk/atoms/2021/04/interactive-glacier-gallery/assets/v/1619617450473/glacier_35_now-fs8.png,../Scripts/output/guardian/guardian_images/guardian_2021-04-29_guardian_e90212d523_img72.png,,,0,,0,,1,broad_candidate,D:\FR\IGD\IPCC internship\output\guardian\guardian_images\guardian_images_dataviz_dedup\guardian_2021-04-29_guardian_e90212d523_img72.png,D:\FR\IGD\IPCC internship\output\guardian\guardian_images_2021.csv
guardian_e90212d523,The Guardian,2021,"""sea level rise""",Visualised: glaciers then and now,https://www.theguardian.com/environment/ng-interactive/2021/apr/29/visualised-glaciers-now-and-then,2021-04-29,2021-08-25,81,https://interactive.guim.co.uk/atoms/2021/04/interactive-glacier-gallery/assets/v/1619617450473/glacier_40_then-fs8.png,../Scripts/output/guardian/guardian_images/guardian_2021-04-29_guardian_e90212d523_img81.png,,,0,,0,,1,broad_candidate,D:\FR\IGD\IPCC internship\output\guardian\guardian_images\guardian_images_dataviz_dedup\guardian_2021-04-29_guardian_e90212d523_img81.png,D:\FR\IGD\IPCC internship\output\guardian\guardian_images_2021.csv
guardian_e90212d523,The Guardian,2021,"""sea level rise""",Visualised: glaciers then and now,https://www.theguardian.com/environment/ng-interactive/2021/apr/29/visualised-glaciers-now-and-then,2021-04-29,2021-08-25,82,https://interactive.guim.co.uk/atoms/2021/04/interactive-glacier-gallery/assets/v/1619617450473/glacier_40_now-fs8.png,../Scripts/output/guardian/guardian_images/guardian_2021-04-29_guardian_e90212d523_img82.png,,,0,,0,,1,broad_candidate,D:\FR\IGD\IPCC internship\output\guardian\guardian_images\guardian_images_dataviz_dedup\guardian_2021-04-29_guardian_e90212d523_img82.png,D:\FR\IGD\IPCC internship\output\guardian\guardian_images_2021.csv
guardian_e90212d523,The Guardian,2021,"""sea level rise""",Visualised: glaciers then and now,https://www.theguardian.com/environment/ng-interactive/2021/apr/29/visualised-glaciers-now-and-then,2021-04-29,2021-08-25,83,https://interactive.guim.co.uk/atoms/2021/04/interactive-glacier-gallery/assets/v/1619617450473/glacier_41_then-fs8.png,../Scripts/output/guardian/guardian_images/guardian_2021-04-29_guardian_e90212d523_img83.png,,,0,,0,,1,broad_candidate,D:\FR\IGD\IPCC internship\output\guardian\guardian_images\guardian_images_dataviz_dedup\guardian_2021-04-29_guardian_e90212d523_img83.png,D:\FR\IGD\IPCC internship\output\guardian\guardian_images_2021.csv
guardian_e90212d523,The Guardian,2021,"""sea level rise""",Visualised: glaciers then and now,https://www.theguardian.com/environment/ng-interactive/2021/apr/29/visualised-glaciers-now-and-then,2021-04-29,2021-08-25,84,https://interactive.guim.co.uk/atoms/2021/04/interactive-glacier-gallery/assets/v/1619617450473/glacier_41_now-fs8.png,../Scripts/output/guardian/guardian_images/guardian_2021-04-29_guardian_e90212d523_img84.png,,,0,,0,,1,broad_candidate,D:\FR\IGD\IPCC internship\output\guardian\guardian_images\guardian_images_dataviz_dedup\guardian_2021-04-29_guardian_e90212d523_img84.png,D:\FR\IGD\IPCC internship\output\guardian\guardian_images_2021.csv
guardian_e90212d523,The Guardian,2021,"""sea level rise""",Visualised: glaciers then and now,https://www.theguardian.com/environment/ng-interactive/2021/apr/29/visualised-glaciers-now-and-then,2021-04-29,2021-08-25,85,https://interactive.guim.co.uk/atoms/2021/04/interactive-glacier-gallery/assets/v/1619617450473/glacier_42_then-fs8.png,../Scripts/output/guardian/guardian_images/guardian_2021-04-29_guardian_e90212d523_img85.png,,,0,,0,,1,broad_candidate,D:\FR\IGD\IPCC internship\output\guardian\guardian_images\guardian_images_dataviz_dedup\guardian_2021-04-29_guardian_e90212d523_img85.png,D:\FR\IGD\IPCC internship\output\guardian\guardian_images_2021.csv
guardian_e90212d523,The Guardian,2021,"""sea level rise""",Visualised: glaciers then and now,https://www.theguardian.com/environment/ng-interactive/2021/apr/29/visualised-glaciers-now-and-then,2021-04-29,2021-08-25,86,https://interactive.guim.co.uk/atoms/2021/04/interactive-glacier-gallery/assets/v/1619617450473/glacier_42_now-fs8.png,../Scripts/output/guardian/guardian_images/guardian_2021-04-29_guardian_e90212d523_img86.png,,,0,,0,,1,broad_candidate,D:\FR\IGD\IPCC internship\output\guardian\guardian_images\guardian_images_dataviz_dedup\guardian_2021-04-29_guardian_e90212d523_img86.png,D:\FR\IGD\IPCC internship\output\guardian\guardian_images_2021.csv
guardian_e90212d523,The Guardian,2021,"""sea level rise""",Visualised: glaciers then and now,https://www.theguardian.com/environment/ng-interactive/2021/apr/29/visualised-glaciers-now-and-then,2021-04-29,2021-08-25,90,https://interactive.guim.co.uk/atoms/2021/04/interactive-glacier-gallery/assets/v/1619617450473/glacier_44_now-fs8.png,../Scripts/output/guardian/guardian_images/guardian_2021-04-29_guardian_e90212d523_img90.png,,,0,,0,,1,broad_candidate,D:\FR\IGD\IPCC internship\output\guardian\guardian_images\guardian_images_dataviz_dedup\guardian_2021-04-29_guardian_e90212d523_img90.png,D:\FR\IGD\IPCC internship\output\guardian\guardian_images_2021.csv
guardian_e90212d523,The Guardian,2021,"""sea level rise""",Visualised: glaciers then and now,https://www.theguardian.com/environment/ng-interactive/2021/apr/29/visualised-glaciers-now-and-then,2021-04-29,2021-08-25,91,https://interactive.guim.co.uk/atoms/2021/04/interactive-glacier-gallery/assets/v/1619617450473/glacier_45_then-fs8.png,../Scripts/output/guardian/guardian_images/guardian_2021-04-29_guardian_e90212d523_img91.png,,,0,,0,,1,broad_candidate,D:\FR\IGD\IPCC internship\output\guardian\guardian_images\guardian_images_dataviz_dedup\guardian_2021-04-29_guardian_e90212d523_img91.png,D:\FR\IGD\IPCC internship\output\guardian\guardian_images_2021.csv
guardian_e90212d523,The Guardian,2021,"""sea level rise""",Visualised: glaciers then and now,https://www.theguardian.com/environment/ng-interactive/2021/apr/29/visualised-glaciers-now-and-then,2021-04-29,2021-08-25,92,https://interactive.guim.co.uk/atoms/2021/04/interactive-glacier-gallery/assets/v/1619617450473/glacier_45_now-fs8.png,../Scripts/output/guardian/guardian_images/guardian_2021-04-29_guardian_e90212d523_img92.png,,,0,,0,,1,broad_candidate,D:\FR\IGD\IPCC internship\output\guardian\guardian_images\guardian_images_dataviz_dedup\guardian_2021-04-29_guardian_e90212d523_img92.png,D:\FR\IGD\IPCC internship\output\guardian\guardian_images_2021.csv
guardian_e90212d523,The Guardian,2021,"""sea level rise""",Visualised: glaciers then and now,https://www.theguardian.com/environment/ng-interactive/2021/apr/29/visualised-glaciers-now-and-then,2021-04-29,2021-08-25,100,https://interactive.guim.co.uk/atoms/2021/04/interactive-glacier-gallery/assets/v/1619617450473/glacier_49_now-fs8.png,../Scripts/output/guardian/guardian_images/guardian_2021-04-29_guardian_e90212d523_img100.png,,,0,,0,,1,broad_candidate,D:\FR\IGD\IPCC internship\output\guardian\guardian_images\guardian_images_dataviz_dedup\guardian_2021-04-29_guardian_e90212d523_img100.png,D:\FR\IGD\IPCC internship\output\guardian\guardian_images_2021.csv
guardian_e90212d523,The Guardian,2021,"""sea level rise""",Visualised: glaciers then and now,https://www.theguardian.com/environment/ng-interactive/2021/apr/29/visualised-glaciers-now-and-then,2021-04-29,2021-08-25,102,https://interactive.guim.co.uk/atoms/2021/04/interactive-glacier-gallery/assets/v/1619617450473/glacier_50_now-fs8.png,../Scripts/output/guardian/guardian_images/guardian_2021-04-29_guardian_e90212d523_img102.png,,,0,,0,,1,broad_candidate,D:\FR\IGD\IPCC internship\output\guardian\guardian_images\guardian_images_dataviz_dedup\guardian_2021-04-29_guardian_e90212d523_img102.png,D:\FR\IGD\IPCC internship\output\guardian\guardian_images_2021.csv
guardian_e90212d523,The Guardian,2021,"""sea level rise""",Visualised: glaciers then and now,https://www.theguardian.com/environment/ng-interactive/2021/apr/29/visualised-glaciers-now-and-then,2021-04-29,2021-08-25,105,https://interactive.guim.co.uk/atoms/2021/04/interactive-glacier-gallery/assets/v/1619617450473/glacier_52_then-fs8.png,../Scripts/output/guardian/guardian_images/guardian_2021-04-29_guardian_e90212d523_img105.png,,,0,,0,,1,broad_candidate,D:\FR\IGD\IPCC internship\output\guardian\guardian_images\guardian_images_dataviz_dedup\guardian_2021-04-29_guardian_e90212d523_img105.png,D:\FR\IGD\IPCC internship\output\guardian\guardian_images_2021.csv
guardian_e90212d523,The Guardian,2021,"""sea level rise""",Visualised: glaciers then and now,https://www.theguardian.com/environment/ng-interactive/2021/apr/29/visualised-glaciers-now-and-then,2021-04-29,2021-08-25,106,https://interactive.guim.co.uk/atoms/2021/04/interactive-glacier-gallery/assets/v/1619617450473/glacier_52_now-fs8.png,../Scripts/output/guardian/guardian_images/guardian_2021-04-29_guardian_e90212d523_img106.png,,,0,,0,,1,broad_candidate,D:\FR\IGD\IPCC internship\output\guardian\guardian_images\guardian_images_dataviz_dedup\guardian_2021-04-29_guardian_e90212d523_img106.png,D:\FR\IGD\IPCC internship\output\guardian\guardian_images_2021.csv
guardian_e90212d523,The Guardian,2021,"""sea level rise""",Visualised: glaciers then and now,https://www.theguardian.com/environment/ng-interactive/2021/apr/29/visualised-glaciers-now-and-then,2021-04-29,2021-08-25,111,https://interactive.guim.co.uk/atoms/2021/04/interactive-glacier-gallery/assets/v/1619617450473/glacier_55_then-fs8.png,../Scripts/output/guardian/guardian_images/guardian_2021-04-29_guardian_e90212d523_img111.png,,,0,,0,,1,broad_candidate,D:\FR\IGD\IPCC internship\output\guardian\guardian_images\guardian_images_dataviz_dedup\guardian_2021-04-29_guardian_e90212d523_img111.png,D:\FR\IGD\IPCC internship\output\guardian\guardian_images_2021.csv
guardian_e90212d523,The Guardian,2021,"""sea level rise""",Visualised: glaciers then and now,https://www.theguardian.com/environment/ng-interactive/2021/apr/29/visualised-glaciers-now-and-then,2021-04-29,2021-08-25,112,https://interactive.guim.co.uk/atoms/2021/04/interactive-glacier-gallery/assets/v/1619617450473/glacier_55_now-fs8.png,../Scripts/output/guardian/guardian_images/guardian_2021-04-29_guardian_e90212d523_img112.png,,,0,,0,,1,broad_candidate,D:\FR\IGD\IPCC internship\output\guardian\guardian_images\guardian_images_dataviz_dedup\guardian_2021-04-29_guardian_e90212d523_img112.png,D:\FR\IGD\IPCC internship\output\guardian\guardian_images_2021.csv
guardian_e90212d523,The Guardian,2021,"""sea level rise""",Visualised: glaciers then and now,https://www.theguardian.com/environment/ng-interactive/2021/apr/29/visualised-glaciers-now-and-then,2021-04-29,2021-08-25,113,https://interactive.guim.co.uk/atoms/2021/04/interactive-glacier-gallery/assets/v/1619617450473/glacier_56_then-fs8.png,../Scripts/output/guardian/guardian_images/guardian_2021-04-29_guardian_e90212d523_img113.png,,,0,,0,,1,broad_candidate,D:\FR\IGD\IPCC internship\output\guardian\guardian_images\guardian_images_dataviz_dedup\guardian_2021-04-29_guardian_e90212d523_img113.png,D:\FR\IGD\IPCC internship\output\guardian\guardian_images_2021.csv
guardian_e90212d523,The Guardian,2021,"""sea level rise""",Visualised: glaciers then and now,https://www.theguardian.com/environment/ng-interactive/2021/apr/29/visualised-glaciers-now-and-then,2021-04-29,2021-08-25,114,https://interactive.guim.co.uk/atoms/2021/04/interactive-glacier-gallery/assets/v/1619617450473/glacier_56_now-fs8.png,../Scripts/output/guardian/guardian_images/guardian_2021-04-29_guardian_e90212d523_img114.png,,,0,,0,,1,broad_candidate,D:\FR\IGD\IPCC internship\output\guardian\guardian_images\guardian_images_dataviz_dedup\guardian_2021-04-29_guardian_e90212d523_img114.png,D:\FR\IGD\IPCC internship\output\guardian\guardian_images_2021.csv
guardian_e90212d523,The Guardian,2021,"""sea level rise""",Visualised: glaciers then and now,https://www.theguardian.com/environment/ng-interactive/2021/apr/29/visualised-glaciers-now-and-then,2021-04-29,2021-08-25,117,https://interactive.guim.co.uk/atoms/2021/04/interactive-glacier-gallery/assets/v/1619617450473/glacier_58_then-fs8.png,../Scripts/output/guardian/guardian_images/guardian_2021-04-29_guardian_e90212d523_img117.png,,,0,,0,,1,broad_candidate,D:\FR\IGD\IPCC internship\output\guardian\guardian_images\guardian_images_dataviz_dedup\guardian_2021-04-29_guardian_e90212d523_img117.png,D:\FR\IGD\IPCC internship\output\guardian\guardian_images_2021.csv
guardian_e90212d523,The Guardian,2021,"""sea level rise""",Visualised: glaciers then and now,https://www.theguardian.com/environment/ng-interactive/2021/apr/29/visualised-glaciers-now-and-then,2021-04-29,2021-08-25,118,https://interactive.guim.co.uk/atoms/2021/04/interactive-glacier-gallery/assets/v/1619617450473/glacier_58_now-fs8.png,../Scripts/output/guardian/guardian_images/guardian_2021-04-29_guardian_e90212d523_img118.png,,,0,,0,,1,broad_candidate,D:\FR\IGD\IPCC internship\output\guardian\guardian_images\guardian_images_dataviz_dedup\guardian_2021-04-29_guardian_e90212d523_img118.png,D:\FR\IGD\IPCC internship\output\guardian\guardian_images_2021.csv
guardian_e90212d523,The Guardian,2021,"""sea level rise""",Visualised: glaciers then and now,https://www.theguardian.com/environment/ng-interactive/2021/apr/29/visualised-glaciers-now-and-then,2021-04-29,2021-08-25,123,https://interactive.guim.co.uk/atoms/2021/04/interactive-glacier-gallery/assets/v/1619617450473/glacier_61_then-fs8.png,../Scripts/output/guardian/guardian_images/guardian_2021-04-29_guardian_e90212d523_img123.png,,,0,,0,,1,broad_candidate,D:\FR\IGD\IPCC internship\output\guardian\guardian_images\guardian_images_dataviz_dedup\guardian_2021-04-29_guardian_e90212d523_img123.png,D:\FR\IGD\IPCC internship\output\guardian\guardian_images_2021.csv
guardian_e90212d523,The Guardian,2021,"""sea level rise""",Visualised: glaciers then and now,https://www.theguardian.com/environment/ng-interactive/2021/apr/29/visualised-glaciers-now-and-then,2021-04-29,2021-08-25,124,https://interactive.guim.co.uk/atoms/2021/04/interactive-glacier-gallery/assets/v/1619617450473/glacier_61_now-fs8.png,../Scripts/output/guardian/guardian_images/guardian_2021-04-29_guardian_e90212d523_img124.png,,,0,,0,,1,broad_candidate,D:\FR\IGD\IPCC internship\output\guardian\guardian_images\guardian_images_dataviz_dedup\guardian_2021-04-29_guardian_e90212d523_img124.png,D:\FR\IGD\IPCC internship\output\guardian\guardian_images_2021.csv
guardian_e90212d523,The Guardian,2021,"""sea level rise""",Visualised: glaciers then and now,https://www.theguardian.com/environment/ng-interactive/2021/apr/29/visualised-glaciers-now-and-then,2021-04-29,2021-08-25,125,https://interactive.guim.co.uk/atoms/2021/04/interactive-glacier-gallery/assets/v/1619617450473/glacier_62_then-fs8.png,../Scripts/output/guardian/guardian_images/guardian_2021-04-29_guardian_e90212d523_img125.png,,,0,,0,,1,broad_candidate,D:\FR\IGD\IPCC internship\output\guardian\guardian_images\guardian_images_dataviz_dedup\guardian_2021-04-29_guardian_e90212d523_img125.png,D:\FR\IGD\IPCC internship\output\guardian\guardian_images_2021.csv
guardian_e90212d523,The Guardian,2021,"""sea level rise""",Visualised: glaciers then and now,https://www.theguardian.com/environment/ng-interactive/2021/apr/29/visualised-glaciers-now-and-then,2021-04-29,2021-08-25,126,https://interactive.guim.co.uk/atoms/2021/04/interactive-glacier-gallery/assets/v/1619617450473/glacier_62_now-fs8.png,../Scripts/output/guardian/guardian_images/guardian_2021-04-29_guardian_e90212d523_img126.png,,,0,,0,,1,broad_candidate,D:\FR\IGD\IPCC internship\output\guardian\guardian_images\guardian_images_dataviz_dedup\guardian_2021-04-29_guardian_e90212d523_img126.png,D:\FR\IGD\IPCC internship\output\guardian\guardian_images_2021.csv
guardian_e90212d523,The Guardian,2021,"""sea level rise""",Visualised: glaciers then and now,https://www.theguardian.com/environment/ng-interactive/2021/apr/29/visualised-glaciers-now-and-then,2021-04-29,2021-08-25,128,https://interactive.guim.co.uk/atoms/2021/04/interactive-glacier-gallery/assets/v/1619617450473/glacier_63_now-fs8.png,../Scripts/output/guardian/guardian_images/guardian_2021-04-29_guardian_e90212d523_img128.png,,,0,,0,,1,broad_candidate,D:\FR\IGD\IPCC internship\output\guardian\guardian_images\guardian_images_dataviz_dedup\guardian_2021-04-29_guardian_e90212d523_img128.png,D:\FR\IGD\IPCC internship\output\guardian\guardian_images_2021.csv
guardian_e90212d523,The Guardian,2021,"""sea level rise""",Visualised: glaciers then and now,https://www.theguardian.com/environment/ng-interactive/2021/apr/29/visualised-glaciers-now-and-then,2021-04-29,2021-08-25,149,https://interactive.guim.co.uk/atoms/2021/04/interactive-glacier-gallery/assets/v/1619617450473/glacier_74_then-fs8.png,../Scripts/output/guardian/guardian_images/guardian_2021-04-29_guardian_e90212d523_img149.png,,,0,,0,,1,broad_candidate,D:\FR\IGD\IPCC internship\output\guardian\guardian_images\guardian_images_dataviz_dedup\guardian_2021-04-29_guardian_e90212d523_img149.png,D:\FR\IGD\IPCC internship\output\guardian\guardian_images_2021.csv
guardian_e90212d523,The Guardian,2021,"""sea level rise""",Visualised: glaciers then and now,https://www.theguardian.com/environment/ng-interactive/2021/apr/29/visualised-glaciers-now-and-then,2021-04-29,2021-08-25,150,https://interactive.guim.co.uk/atoms/2021/04/interactive-glacier-gallery/assets/v/1619617450473/glacier_74_now-fs8.png,../Scripts/output/guardian/guardian_images/guardian_2021-04-29_guardian_e90212d523_img150.png,,,0,,0,,1,broad_candidate,D:\FR\IGD\IPCC internship\output\guardian\guardian_images\guardian_images_dataviz_dedup\guardian_2021-04-29_guardian_e90212d523_img150.png,D:\FR\IGD\IPCC internship\output\guardian\guardian_images_2021.csv
guardian_e90212d523,The Guardian,2021,"""sea level rise""",Visualised: glaciers then and now,https://www.theguardian.com/environment/ng-interactive/2021/apr/29/visualised-glaciers-now-and-then,2021-04-29,2021-08-25,152,https://interactive.guim.co.uk/atoms/2021/04/interactive-glacier-gallery/assets/v/1619617450473/glacier_75_now-fs8.png,../Scripts/output/guardian/guardian_images/guardian_2021-04-29_guardian_e90212d523_img152.png,,,0,,0,,1,broad_candidate,D:\FR\IGD\IPCC internship\output\guardian\guardian_images\guardian_images_dataviz_dedup\guardian_2021-04-29_guardian_e90212d523_img152.png,D:\FR\IGD\IPCC internship\output\guardian\guardian_images_2021.csv
guardian_e90212d523,The Guardian,2021,"""sea level rise""",Visualised: glaciers then and now,https://www.theguardian.com/environment/ng-interactive/2021/apr/29/visualised-glaciers-now-and-then,2021-04-29,2021-08-25,154,https://interactive.guim.co.uk/atoms/2021/04/interactive-glacier-gallery/assets/v/1619617450473/glacier_76_now-fs8.png,../Scripts/output/guardian/guardian_images/guardian_2021-04-29_guardian_e90212d523_img154.png,,,0,,0,,1,broad_candidate,D:\FR\IGD\IPCC internship\output\guardian\guardian_images\guardian_images_dataviz_dedup\guardian_2021-04-29_guardian_e90212d523_img154.png,D:\FR\IGD\IPCC internship\output\guardian\guardian_images_2021.csv
guardian_e90212d523,The Guardian,2021,"""sea level rise""",Visualised: glaciers then and now,https://www.theguardian.com/environment/ng-interactive/2021/apr/29/visualised-glaciers-now-and-then,2021-04-29,2021-08-25,155,https://interactive.guim.co.uk/atoms/2021/04/interactive-glacier-gallery/assets/v/1619617450473/glacier_77_then-fs8.png,../Scripts/output/guardian/guardian_images/guardian_2021-04-29_guardian_e90212d523_img155.png,,,0,,0,,1,broad_candidate,D:\FR\IGD\IPCC internship\output\guardian\guardian_images\guardian_images_dataviz_dedup\guardian_2021-04-29_guardian_e90212d523_img155.png,D:\FR\IGD\IPCC internship\output\guardian\guardian_images_2021.csv
guardian_e90212d523,The Guardian,2021,"""sea level rise""",Visualised: glaciers then and now,https://www.theguardian.com/environment/ng-interactive/2021/apr/29/visualised-glaciers-now-and-then,2021-04-29,2021-08-25,167,https://interactive.guim.co.uk/atoms/2021/04/interactive-glacier-gallery/assets/v/1619617450473/glacier_83_then-fs8.png,../Scripts/output/guardian/guardian_images/guardian_2021-04-29_guardian_e90212d523_img167.png,,,0,,0,,1,broad_candidate,D:\FR\IGD\IPCC internship\output\guardian\guardian_images\guardian_images_dataviz_dedup\guardian_2021-04-29_guardian_e90212d523_img167.png,D:\FR\IGD\IPCC internship\output\guardian\guardian_images_2021.csv
guardian_e90212d523,The Guardian,2021,"""sea level rise""",Visualised: glaciers then and now,https://www.theguardian.com/environment/ng-interactive/2021/apr/29/visualised-glaciers-now-and-then,2021-04-29,2021-08-25,168,https://interactive.guim.co.uk/atoms/2021/04/interactive-glacier-gallery/assets/v/1619617450473/glacier_83_now-fs8.png,../Scripts/output/guardian/guardian_images/guardian_2021-04-29_guardian_e90212d523_img168.png,,,0,,0,,1,broad_candidate,D:\FR\IGD\IPCC internship\output\guardian\guardian_images\guardian_images_dataviz_dedup\guardian_2021-04-29_guardian_e90212d523_img168.png,D:\FR\IGD\IPCC internship\output\guardian\guardian_images_2021.csv
guardian_e90212d523,The Guardian,2021,"""sea level rise""",Visualised: glaciers then and now,https://www.theguardian.com/environment/ng-interactive/2021/apr/29/visualised-glaciers-now-and-then,2021-04-29,2021-08-25,169,https://interactive.guim.co.uk/atoms/2021/04/interactive-glacier-gallery/assets/v/1619617450473/glacier_84_then-fs8.png,../Scripts/output/guardian/guardian_images/guardian_2021-04-29_guardian_e90212d523_img169.png,,,0,,0,,1,broad_candidate,D:\FR\IGD\IPCC internship\output\guardian\guardian_images\guardian_images_dataviz_dedup\guardian_2021-04-29_guardian_e90212d523_img169.png,D:\FR\IGD\IPCC internship\output\guardian\guardian_images_2021.csv
guardian_e90212d523,The Guardian,2021,"""sea level rise""",Visualised: glaciers then and now,https://www.theguardian.com/environment/ng-interactive/2021/apr/29/visualised-glaciers-now-and-then,2021-04-29,2021-08-25,170,https://interactive.guim.co.uk/atoms/2021/04/interactive-glacier-gallery/assets/v/1619617450473/glacier_84_now-fs8.png,../Scripts/output/guardian/guardian_images/guardian_2021-04-29_guardian_e90212d523_img170.png,,,0,,0,,1,broad_candidate,D:\FR\IGD\IPCC internship\output\guardian\guardian_images\guardian_images_dataviz_dedup\guardian_2021-04-29_guardian_e90212d523_img170.png,D:\FR\IGD\IPCC internship\output\guardian\guardian_images_2021.csv
guardian_e90212d523,The Guardian,2021,"""sea level rise""",Visualised: glaciers then and now,https://www.theguardian.com/environment/ng-interactive/2021/apr/29/visualised-glaciers-now-and-then,2021-04-29,2021-08-25,173,https://interactive.guim.co.uk/atoms/2021/04/interactive-glacier-gallery/assets/v/1619617450473/glacier_86_then-fs8.png,../Scripts/output/guardian/guardian_images/guardian_2021-04-29_guardian_e90212d523_img173.png,,,0,,0,,1,broad_candidate,D:\FR\IGD\IPCC internship\output\guardian\guardian_images\guardian_images_dataviz_dedup\guardian_2021-04-29_guardian_e90212d523_img173.png,D:\FR\IGD\IPCC internship\output\guardian\guardian_images_2021.csv
guardian_e90212d523,The Guardian,2021,"""sea level rise""",Visualised: glaciers then and now,https://www.theguardian.com/environment/ng-interactive/2021/apr/29/visualised-glaciers-now-and-then,2021-04-29,2021-08-25,174,https://interactive.guim.co.uk/atoms/2021/04/interactive-glacier-gallery/assets/v/1619617450473/glacier_86_now-fs8.png,../Scripts/output/guardian/guardian_images/guardian_2021-04-29_guardian_e90212d523_img174.png,,,0,,0,,1,broad_candidate,D:\FR\IGD\IPCC internship\output\guardian\guardian_images\guardian_images_dataviz_dedup\guardian_2021-04-29_guardian_e90212d523_img174.png,D:\FR\IGD\IPCC internship\output\guardian\guardian_images_2021.csv
guardian_e90212d523,The Guardian,2021,"""sea level rise""",Visualised: glaciers then and now,https://www.theguardian.com/environment/ng-interactive/2021/apr/29/visualised-glaciers-now-and-then,2021-04-29,2021-08-25,175,https://interactive.guim.co.uk/atoms/2021/04/interactive-glacier-gallery/assets/v/1619617450473/glacier_87_then-fs8.png,../Scripts/output/guardian/guardian_images/guardian_2021-04-29_guardian_e90212d523_img175.png,,,0,,0,,1,broad_candidate,D:\FR\IGD\IPCC internship\output\guardian\guardian_images\guardian_images_dataviz_dedup\guardian_2021-04-29_guardian_e90212d523_img175.png,D:\FR\IGD\IPCC internship\output\guardian\guardian_images_2021.csv
guardian_e90212d523,The Guardian,2021,"""sea level rise""",Visualised: glaciers then and now,https://www.theguardian.com/environment/ng-interactive/2021/apr/29/visualised-glaciers-now-and-then,2021-04-29,2021-08-25,176,https://interactive.guim.co.uk/atoms/2021/04/interactive-glacier-gallery/assets/v/1619617450473/glacier_87_now-fs8.png,../Scripts/output/guardian/guardian_images/guardian_2021-04-29_guardian_e90212d523_img176.png,,,0,,0,,1,broad_candidate,D:\FR\IGD\IPCC internship\output\guardian\guardian_images\guardian_images_dataviz_dedup\guardian_2021-04-29_guardian_e90212d523_img176.png,D:\FR\IGD\IPCC internship\output\guardian\guardian_images_2021.csv
guardian_e90212d523,The Guardian,2021,"""sea level rise""",Visualised: glaciers then and now,https://www.theguardian.com/environment/ng-interactive/2021/apr/29/visualised-glaciers-now-and-then,2021-04-29,2021-08-25,177,https://interactive.guim.co.uk/atoms/2021/04/interactive-glacier-gallery/assets/v/1619617450473/glacier_88_then-fs8.png,../Scripts/output/guardian/guardian_images/guardian_2021-04-29_guardian_e90212d523_img177.png,,,0,,0,,1,broad_candidate,D:\FR\IGD\IPCC internship\output\guardian\guardian_images\guardian_images_dataviz_dedup\guardian_2021-04-29_guardian_e90212d523_img177.png,D:\FR\IGD\IPCC internship\output\guardian\guardian_images_2021.csv
guardian_e90212d523,The Guardian,2021,"""sea level rise""",Visualised: glaciers then and now,https://www.theguardian.com/environment/ng-interactive/2021/apr/29/visualised-glaciers-now-and-then,2021-04-29,2021-08-25,178,https://interactive.guim.co.uk/atoms/2021/04/interactive-glacier-gallery/assets/v/1619617450473/glacier_88_now-fs8.png,../Scripts/output/guardian/guardian_images/guardian_2021-04-29_guardian_e90212d523_img178.png,,,0,,0,,1,broad_candidate,D:\FR\IGD\IPCC internship\output\guardian\guardian_images\guardian_images_dataviz_dedup\guardian_2021-04-29_guardian_e90212d523_img178.png,D:\FR\IGD\IPCC internship\output\guardian\guardian_images_2021.csv
guardian_e90212d523,The Guardian,2021,"""sea level rise""",Visualised: glaciers then and now,https://www.theguardian.com/environment/ng-interactive/2021/apr/29/visualised-glaciers-now-and-then,2021-04-29,2021-08-25,179,https://interactive.guim.co.uk/atoms/2021/04/interactive-glacier-gallery/assets/v/1619617450473/glacier_89_then-fs8.png,../Scripts/output/guardian/guardian_images/guardian_2021-04-29_guardian_e90212d523_img179.png,,,0,,0,,1,broad_candidate,D:\FR\IGD\IPCC internship\output\guardian\guardian_images\guardian_images_dataviz_dedup\guardian_2021-04-29_guardian_e90212d523_img179.png,D:\FR\IGD\IPCC internship\output\guardian\guardian_images_2021.csv
guardian_e90212d523,The Guardian,2021,"""sea level rise""",Visualised: glaciers then and now,https://www.theguardian.com/environment/ng-interactive/2021/apr/29/visualised-glaciers-now-and-then,2021-04-29,2021-08-25,180,https://interactive.guim.co.uk/atoms/2021/04/interactive-glacier-gallery/assets/v/1619617450473/glacier_89_now-fs8.png,../Scripts/output/guardian/guardian_images/guardian_2021-04-29_guardian_e90212d523_img180.png,,,0,,0,,1,broad_candidate,D:\FR\IGD\IPCC internship\output\guardian\guardian_images\guardian_images_dataviz_dedup\guardian_2021-04-29_guardian_e90212d523_img180.png,D:\FR\IGD\IPCC internship\output\guardian\guardian_images_2021.csv
guardian_c8e1217973,The Guardian,2021,"""carbon budget""",UK Covid: Labour MP ordered to leave Commons for saying Boris Johnson has lied ‘over and over again’ – as it happened,https://www.theguardian.com/politics/live/2021/jul/22/uk-covid-latest-updates-pingdemic-critical-workers-exempt-self-isolation-rules-boris-johnson,2021-07-22,2021-07-23,1,https://i.guim.co.uk/img/media/eb429b3e36dcd047d5f9365ede6a65bea57b5df9/0_0_2362_1102/master/2362.jpg?width=465&dpr=1&s=none&crop=none,../Scripts/output/guardian/guardian_images/guardian_2021-07-22_guardian_c8e1217973_img01.jpg,Covid dashboard Photograph: Gov.UK,,1,graph,2,photo|photograph,0,likely_visualization,D:\FR\IGD\IPCC internship\output\guardian\guardian_images\guardian_images_dataviz_dedup\guardian_2021-07-22_guardian_c8e1217973_img01.jpg,D:\FR\IGD\IPCC internship\output\guardian\guardian_images_2021.csv
guardian_c8e1217973,The Guardian,2021,"""carbon budget""",UK Covid: Labour MP ordered to leave Commons for saying Boris Johnson has lied ‘over and over again’ – as it happened,https://www.theguardian.com/politics/live/2021/jul/22/uk-covid-latest-updates-pingdemic-critical-workers-exempt-self-isolation-rules-boris-johnson,2021-07-22,2021-07-23,4,https://i.guim.co.uk/img/media/37726cc3069fd3c198a7f9a084383d2e75369bf9/0_0_1478_894/master/1478.jpg?width=465&dpr=1&s=none&crop=none,../Scripts/output/guardian/guardian_images/guardian_2021-07-22_guardian_c8e1217973_img04.jpg,Covid hospitalisations in England Photograph: PHE,,1,graph,2,photo|photograph,0,likely_visualization,D:\FR\IGD\IPCC internship\output\guardian\guardian_images\guardian_images_dataviz_dedup\guardian_2021-07-22_guardian_c8e1217973_img04.jpg,D:\FR\IGD\IPCC internship\output\guardian\guardian_images_2021.csv
guardian_8baf249fc9,The Guardian,2021,IPCC,"July was world’s hottest month ever recorded, US scientists confirm",https://www.theguardian.com/environment/2021/aug/13/july-worlds-hottest-month-ever-recorded-us-scientists,2021-08-13,2021-08-25,2,https://i.guim.co.uk/img/media/c7e2d71a0344bb57e7c44ec12c755d14285f9408/0_0_3264_1321/master/3264.jpg?width=445&dpr=1&s=none&crop=none,../Scripts/output/guardian/guardian_images/guardian_2021-08-13_guardian_8baf249fc9_img02.jpg,Photograph: Courtesy of Noaa,,1,graph,2,photo|photograph,0,likely_visualization,D:\FR\IGD\IPCC internship\output\guardian\guardian_images\guardian_images_dataviz_dedup\guardian_2021-08-13_guardian_8baf249fc9_img02.jpg,D:\FR\IGD\IPCC internship\output\guardian\guardian_images_2021.csv
guardian_dfe75bbfa4,The Guardian,2021,IPCC,What is deforestation – and is stopping it really possible?,https://www.theguardian.com/environment/2021/nov/01/cop26-what-is-deforestation-and-is-stopping-it-really-possible-aoe,2021-11-01,2022-10-27,2,https://i.guim.co.uk/img/media/3aad80aa4dba94c382888025d13d7ab1e114ae32/0_0_2578_1352/master/2578.jpg?width=445&dpr=1&s=none&crop=none,../Scripts/output/guardian/guardian_images/guardian_2021-11-01_guardian_dfe75bbfa4_img02.jpg,,,0,,0,,1,broad_candidate,D:\FR\IGD\IPCC internship\output\guardian\guardian_images\guardian_images_dataviz_dedup\guardian_2021-11-01_guardian_dfe75bbfa4_img02.jpg,D:\FR\IGD\IPCC internship\output\guardian\guardian_images_2021.csv
guardian_dfe75bbfa4,The Guardian,2021,IPCC,What is deforestation – and is stopping it really possible?,https://www.theguardian.com/environment/2021/nov/01/cop26-what-is-deforestation-and-is-stopping-it-really-possible-aoe,2021-11-01,2022-10-27,3,https://i.guim.co.uk/img/media/0f4aa0b64dae2b43417f4a20f2b6e883b45a3cdc/0_0_1349_926/master/1349.jpg?width=445&dpr=1&s=none&crop=none,../Scripts/output/guardian/guardian_images/guardian_2021-11-01_guardian_dfe75bbfa4_img03.jpg,,,0,,0,,1,broad_candidate,D:\FR\IGD\IPCC internship\output\guardian\guardian_images\guardian_images_dataviz_dedup\guardian_2021-11-01_guardian_dfe75bbfa4_img03.jpg,D:\FR\IGD\IPCC internship\output\guardian\guardian_images_2021.csv
guardian_5da7ad14e8,The Guardian,2021,"""1.5C""","Scott Morrison’s net zero modelling reveals a slow, lazy and shockingly irresponsible approach to ‘climate action’",https://www.theguardian.com/environment/2021/nov/13/scott-morrisons-net-zero-modelling-reveals-a-slow-lazy-and-shockingly-irresponsible-approach-to-climate-action,2021-11-12,2021-11-13,2,https://i.guim.co.uk/img/media/5cb3589de72c596ce6ec46c6633d23a68221b8e0/0_0_733_691/master/733.jpg?width=445&dpr=1&s=none&crop=none,../Scripts/output/guardian/guardian_images/guardian_2021-11-12_guardian_5da7ad14e8_img02.jpg,,,0,,0,,1,broad_candidate,D:\FR\IGD\IPCC internship\output\guardian\guardian_images\guardian_images_dataviz_dedup\guardian_2021-11-12_guardian_5da7ad14e8_img02.jpg,D:\FR\IGD\IPCC internship\output\guardian\guardian_images_2021.csv
guardian_dc6c0ff598,The Guardian,2021,"""global temperature""","Cop26: the goal of 1.5C of climate heating is alive, but only just",https://www.theguardian.com/environment/2021/nov/13/cop26-the-goal-of-15c-of-climate-heating-is-alive-but-only-just,2021-11-13,2021-11-13,1,https://i.guim.co.uk/img/media/bdd3ffd3ef9dc3fc3114b632499b884b8475c90e/0_85_5760_3456/master/5760.jpg?width=465&dpr=1&s=none&crop=none,../Scripts/output/guardian/guardian_images/guardian_2021-11-13_guardian_dc6c0ff598_img01.jpg,Demonstrators raise a banner in front of a giant globe in the final hours of the UN Cop26 climate summit in Glasgow. Photograph: Murdo MacLeod/The Guardian,,1,graph,2,photo|photograph,0,likely_visualization,D:\FR\IGD\IPCC internship\output\guardian\guardian_images\guardian_images_dataviz_dedup\guardian_2021-11-13_guardian_dc6c0ff598_img01.jpg,D:\FR\IGD\IPCC internship\output\guardian\guardian_images_2021.csv
guardian_65aa3a7a47,The Guardian,2021,"""net zero""",FTSE 100 posts biggest rise since July; Darktrace and Johnson Matthey to leave in reshuffle – as it happened,https://www.theguardian.com/business/live/2021/dec/01/uk-house-prices-factories-stock-markets-economy-covid-oil-pound-,2021-12-01,2021-12-01,2,https://i.guim.co.uk/img/media/14d290cef72fcc83e8403f21a24f482ac569d9ca/0_0_584_346/master/584.jpg?width=465&dpr=1&s=none&crop=none,../Scripts/output/guardian/guardian_images/guardian_2021-12-01_guardian_65aa3a7a47_img02.jpg,The FTSE 100 index over the last three months Photograph: Refinitiv,,1,graph,2,photo|photograph,0,likely_visualization,D:\FR\IGD\IPCC internship\output\guardian\guardian_images\guardian_images_dataviz_dedup\guardian_2021-12-01_guardian_65aa3a7a47_img02.jpg,D:\FR\IGD\IPCC internship\output\guardian\guardian_images_2021.csv
guardian_65aa3a7a47,The Guardian,2021,"""net zero""",FTSE 100 posts biggest rise since July; Darktrace and Johnson Matthey to leave in reshuffle – as it happened,https://www.theguardian.com/business/live/2021/dec/01/uk-house-prices-factories-stock-markets-economy-covid-oil-pound-,2021-12-01,2021-12-01,5,https://i.guim.co.uk/img/media/bd16462faa9ce747e1415e6d79d0640bb225eff5/0_0_784_519/master/784.jpg?width=465&dpr=1&s=none&crop=none,../Scripts/output/guardian/guardian_images/guardian_2021-12-01_guardian_65aa3a7a47_img05.jpg,ADP private payroll report for November 2021 Photograph: ADP,,1,graph,2,photo|photograph,0,likely_visualization,D:\FR\IGD\IPCC internship\output\guardian\guardian_images\guardian_images_dataviz_dedup\guardian_2021-12-01_guardian_65aa3a7a47_img05.jpg,D:\FR\IGD\IPCC internship\output\guardian\guardian_images_2021.csv
guardian_4754151c51,The Guardian,2021,"""net zero""",World stock markets rally as Omicron fears ease – as it happened,https://www.theguardian.com/business/live/2021/dec/07/china-imports-trade-markets-uk-house-prices-high-oil-ftse-uk-germany-business-live,2021-12-07,2021-12-09,1,https://i.guim.co.uk/img/media/c75cd8dedd81720eeb38083dda968577cf4e342c/0_0_503_228/master/503.jpg?width=465&dpr=1&s=none&crop=none,../Scripts/output/guardian/guardian_images/guardian_2021-12-07_guardian_4754151c51_img01.jpg,"European stock markets, December 07 2021 Photograph: Refinitiv",,1,graph,2,photo|photograph,0,likely_visualization,D:\FR\IGD\IPCC internship\output\guardian\guardian_images\guardian_images_dataviz_dedup\guardian_2021-12-07_guardian_4754151c51_img01.jpg,D:\FR\IGD\IPCC internship\output\guardian\guardian_images_2021.csv
guardian_4754151c51,The Guardian,2021,"""net zero""",World stock markets rally as Omicron fears ease – as it happened,https://www.theguardian.com/business/live/2021/dec/07/china-imports-trade-markets-uk-house-prices-high-oil-ftse-uk-germany-business-live,2021-12-07,2021-12-09,3,https://i.guim.co.uk/img/media/c8f7565de1e0ce9b55cbe661b98a21acabb9d210/0_0_741_402/master/741.jpg?width=465&dpr=1&s=none&crop=none,../Scripts/output/guardian/guardian_images/guardian_2021-12-07_guardian_4754151c51_img03.jpg,The FTSE 100 this year Photograph: Refinitiv,,1,graph,2,photo|photograph,0,likely_visualization,D:\FR\IGD\IPCC internship\output\guardian\guardian_images\guardian_images_dataviz_dedup\guardian_2021-12-07_guardian_4754151c51_img03.jpg,D:\FR\IGD\IPCC internship\output\guardian\guardian_images_2021.csv
guardian_3799d35f1a,The Guardian,2021,"""climate change""",No 10 denies claim Boris Johnson lied to standards adviser over flat refurbishment – as it happened,https://www.theguardian.com/politics/live/2021/dec/09/uk-covid-live-boris-johnson-tory-revolt-coronavirus-plan-b-no-10-parties-latest-updates,2021-12-09,2021-12-10,3,https://i.guim.co.uk/img/media/fde2a16a862a6a36eb25e04b970300781f58adf5/0_0_2016_878/master/2016.jpg?width=465&dpr=1&s=none&crop=none,../Scripts/output/guardian/guardian_images/guardian_2021-12-09_guardian_3799d35f1a_img03.jpg,Covid dashboard. Photograph: Gov.UK,,1,graph,2,photo|photograph,0,likely_visualization,D:\FR\IGD\IPCC internship\output\guardian\guardian_images\guardian_images_dataviz_dedup\guardian_2021-12-09_guardian_3799d35f1a_img03.jpg,D:\FR\IGD\IPCC internship\output\guardian\guardian_images_2021.csv
guardian_4aab1cc04f,The Guardian,2021,"""net zero""",UK high streets suffer from Omicron concerns; Davos summit postponed – as it happened,https://www.theguardian.com/business/live/2021/dec/20/omicron-coronavirus-covid-19-christmas-shopping-ftse-retail-business-live,2021-12-20,2021-12-20,3,https://i.guim.co.uk/img/media/5148820ef192d64cef4685e2b853fd9750c66a0d/0_0_884_576/master/884.jpg?width=465&dpr=1&s=none&crop=none,../Scripts/output/guardian/guardian_images/guardian_2021-12-20_guardian_4aab1cc04f_img03.jpg,The pound fell in value on Monday to nearly its lowest point in a year. Photograph: Refinitiv,,1,graph,2,photo|photograph,0,likely_visualization,D:\FR\IGD\IPCC internship\output\guardian\guardian_images\guardian_images_dataviz_dedup\guardian_2021-12-20_guardian_4aab1cc04f_img03.jpg,D:\FR\IGD\IPCC internship\output\guardian\guardian_images_2021.csv
guardian_4aab1cc04f,The Guardian,2021,"""net zero""",UK high streets suffer from Omicron concerns; Davos summit postponed – as it happened,https://www.theguardian.com/business/live/2021/dec/20/omicron-coronavirus-covid-19-christmas-shopping-ftse-retail-business-live,2021-12-20,2021-12-20,4,https://i.guim.co.uk/img/media/c59c6c798d674f5fbb16d09189875f4e76536523/0_0_864_548/master/864.jpg?width=465&dpr=1&s=none&crop=none,../Scripts/output/guardian/guardian_images/guardian_2021-12-20_guardian_4aab1cc04f_img04.jpg,The FTSE 100 recovered some ground after 9:20am GMT on Monday. Photograph: Refinitiv,,1,graph,2,photo|photograph,0,likely_visualization,D:\FR\IGD\IPCC internship\output\guardian\guardian_images\guardian_images_dataviz_dedup\guardian_2021-12-20_guardian_4aab1cc04f_img04.jpg,D:\FR\IGD\IPCC internship\output\guardian\guardian_images_2021.csv
guardian_4aab1cc04f,The Guardian,2021,"""net zero""",UK high streets suffer from Omicron concerns; Davos summit postponed – as it happened,https://www.theguardian.com/business/live/2021/dec/20/omicron-coronavirus-covid-19-christmas-shopping-ftse-retail-business-live,2021-12-20,2021-12-20,6,https://i.guim.co.uk/img/media/ab4d2f6639b30f82162ea8778bfb4a0a88cdbd69/0_0_862_545/master/862.jpg?width=465&dpr=1&s=none&crop=none,../Scripts/output/guardian/guardian_images/guardian_2021-12-20_guardian_4aab1cc04f_img06.jpg,The FTSE 100 has fallen to its lowest level in a fortnight amid renewed concerns over the spread of the omicron variant. Photograph: Refinitiv,,1,graph,2,photo|photograph,0,likely_visualization,D:\FR\IGD\IPCC internship\output\guardian\guardian_images\guardian_images_dataviz_dedup\guardian_2021-12-20_guardian_4aab1cc04f_img06.jpg,D:\FR\IGD\IPCC internship\output\guardian\guardian_images_2021.csv
guardian_7a6ced1f15,The Guardian,2021,"""climate change""","Farewell to 2021 … a year that was darker, stranger and even less fun than the one before",https://www.theguardian.com/commentisfree/2021/dec/24/farewell-to-2021-a-year-that-was-darker-stranger-and-even-less-fun-than-the-one-before,2021-12-23,2021-12-23,3,https://i.guim.co.uk/img/media/354bbf71e15cf37292db2d9a829c8c6a109c1add/0_0_1280_720/1280.png?width=465&dpr=1&s=none&crop=none,../Scripts/output/guardian/guardian_images/guardian_2021-12-23_guardian_7a6ced1f15_img03.png,2021 year in review: rewind through the highs and lows of Australian politics – video,,0,,1,video,1,broad_candidate,D:\FR\IGD\IPCC internship\output\guardian\guardian_images\guardian_images_dataviz_dedup\guardian_2021-12-23_guardian_7a6ced1f15_img03.jpg,D:\FR\IGD\IPCC internship\output\guardian\guardian_images_2021.csv
guardian_e76d5e3c05,The Guardian,2021,"""climate change""",Nord Stream 2: how Putin’s pipeline paralysed the west,https://www.theguardian.com/world/2021/dec/23/nord-stream-2-how-putins-pipeline-paralysed-the-west,2021-12-23,2022-09-05,1,https://i.guim.co.uk/img/media/90c341930384c582834b9eed9f7beea5b642902c/0_73_8256_4954/master/8256.jpg?width=465&dpr=1&s=none&crop=none,../Scripts/output/guardian/guardian_images/guardian_2021-12-23_guardian_e76d5e3c05_img01.jpg,"A sign reading ‘Nord Stream 2 Committed. Reliable. Safe’ hangs above a painted map at the natural gas receiving station in the Lubmin industrial estate in Lubmin, Germany. Photograph: Stefan Sauer/AP",,2,graph|map,2,photo|photograph,0,likely_visualization,D:\FR\IGD\IPCC internship\output\guardian\guardian_images\guardian_images_dataviz_dedup\guardian_2021-12-23_guardian_e76d5e3c05_img01.jpg,D:\FR\IGD\IPCC internship\output\guardian\guardian_images_2021.csv
guardian_db62ec12e5,The Guardian,2022,"""carbon budget""",Revealed: leading climate research publisher helps fuel oil and gas drilling,https://www.theguardian.com/environment/2022/feb/24/elsevier-publishing-climate-science-fossil-fuels,2022-02-24,2023-12-07,3,https://i.guim.co.uk/img/media/73ee6b2dcad27d8eceb830200179625108b916b0/0_0_1140_1558/master/1140.jpg?width=445&dpr=1&s=none&crop=none,../Scripts/output/guardian/guardian_images/guardian_2022-02-24_guardian_db62ec12e5_img03.jpg,"The Lancet, one of Elsevier’s top journals, publishes an annual report on how climate warming affects human health. Photograph: The Lancet",,1,graph,2,photo|photograph,0,likely_visualization,D:\FR\IGD\IPCC internship\output\guardian\guardian_images\guardian_images_dataviz_dedup\guardian_2022-02-24_guardian_db62ec12e5_img03.jpg,D:\FR\IGD\IPCC internship\output\guardian\guardian_images_2022.csv
guardian_ab63fdbd71,The Guardian,2022,IPCC,"Profiteering bosses, not workers, are pushing up inflation. Here’s how to fight back",https://www.theguardian.com/commentisfree/2022/jun/17/profiteering-bosses-workers-inflation-unite-sharon-graham-labour,2022-06-17,2022-06-17,1,https://i.guim.co.uk/img/media/56f0eacffe4ab0f38fc3fff1a3ef9609a426e0a9/0_0_2560_1536/master/2560.jpg?width=465&dpr=1&s=none&crop=none,../Scripts/output/guardian/guardian_images/guardian_2022-06-17_guardian_ab63fdbd71_img01.jpg,Illustration: Ben Jennings/The Guardian,,0,,0,,1,broad_candidate,D:\FR\IGD\IPCC internship\output\guardian\guardian_images\guardian_images_dataviz_dedup\guardian_2022-06-17_guardian_ab63fdbd71_img01.jpg,D:\FR\IGD\IPCC internship\output\guardian\guardian_images_2022.csv
guardian_cd7b0838ac,The Guardian,2022,IPCC,"IPCC, methane and carbon offsetting: Cop27 jargon buster",https://www.theguardian.com/environment/2022/nov/05/ipcc-methane-carbon-offsetting-cop27-jargon-buster-un-climate-talks-egypt,2022-11-05,2022-11-05,1,https://i.guim.co.uk/img/media/b377173177764db695c77016fa38381e97ce08ea/0_0_5000_3000/master/5000.jpg?width=465&dpr=1&s=none&crop=none,../Scripts/output/guardian/guardian_images/guardian_2022-11-05_guardian_cd7b0838ac_img01.jpg,"Signage in Sharm el-Sheikh, Egypt, promoting the Cop27 summit on the climate emergency. Composite: Guardian Design/AP",,0,,0,,1,broad_candidate,D:\FR\IGD\IPCC internship\output\guardian\guardian_images\guardian_images_dataviz_dedup\guardian_2022-11-05_guardian_cd7b0838ac_img01.jpg,D:\FR\IGD\IPCC internship\output\guardian\guardian_images_2022.csv
guardian_9327c6c012,The Guardian,2022,"""1.5C""",Is China doing enough to combat the climate crisis?,https://www.theguardian.com/world/2022/nov/11/china-climate-crisis-renewable-energy-goals,2022-11-11,2022-11-11,1,https://i.guim.co.uk/img/media/86e3c6d6a3a16c52488005591fe214260a4e0765/0_0_5000_3000/master/5000.jpg?width=465&dpr=1&s=none&crop=none,../Scripts/output/guardian/guardian_images/guardian_2022-11-11_guardian_9327c6c012_img01.jpg,"The Chinese government has invested heavily in electric vehicles. By June, the country had nearly 10m new-energy vehicles. Composite: Guardian Design/Getty Images",,0,,1,getty,1,broad_candidate,D:\FR\IGD\IPCC internship\output\guardian\guardian_images\guardian_images_dataviz_dedup\guardian_2022-11-11_guardian_9327c6c012_img01.jpg,D:\FR\IGD\IPCC internship\output\guardian\guardian_images_2022.csv
guardian_c19f45e24e,The Guardian,2022,"""global temperature""",The Australian reheats discredited climate claims in Cop ‘fact check’,https://www.theguardian.com/environment/2022/nov/17/the-australian-reheats-discredited-climate-claims-in-cop-fact-check,2022-11-16,2022-11-17,2,https://i.guim.co.uk/img/media/49cd50650552f259d1a1bf8cab76956d498e0bc4/140_0_1922_1921/master/1922.png?width=445&dpr=1&s=none&crop=none,../Scripts/output/guardian/guardian_images/guardian_2022-11-16_guardian_c19f45e24e_img02.png,"A chart from the Intergovernmental Panel on Climate Change’s 2021 report showing temperatures over the past 2,000 years. Photograph: IPCC",,2,chart|graph,2,photo|photograph,0,likely_visualization,D:\FR\IGD\IPCC internship\output\guardian\guardian_images\guardian_images_dataviz_dedup\guardian_2022-11-16_guardian_c19f45e24e_img02.jpg,D:\FR\IGD\IPCC internship\output\guardian\guardian_images_2022.csv
guardian_669d717afa,The Guardian,2022,"""net zero""",Jeremy Hunt says he has not ‘ducked difficult decisions’ as OBR says living standards growth wiped out – as it happened,https://www.theguardian.com/politics/live/2022/nov/17/autumn-statement-2022-live-jeremy-hunt-to-unveil-budget-plans-as-labour-says-12-years-of-tory-economic-failure-holding-uk-back-rishi-sunak-latest-updates,2022-11-17,2024-09-25,1,https://i.guim.co.uk/img/media/9033ddc69caa72215e84583f3cd797ae6c5be88f/0_0_1368_830/master/1368.jpg?width=465&dpr=1&s=none&crop=none,../Scripts/output/guardian/guardian_images/guardian_2022-11-17_guardian_669d717afa_img01.jpg,UK tax receipt forecasts Photograph: OBR,,1,graph,2,photo|photograph,0,likely_visualization,D:\FR\IGD\IPCC internship\output\guardian\guardian_images\guardian_images_dataviz_dedup\guardian_2022-11-17_guardian_669d717afa_img01.jpg,D:\FR\IGD\IPCC internship\output\guardian\guardian_images_2022.csv
guardian_1091e69046,The Guardian,2022,"""net zero""",Black Friday retail footfall below pre-pandemic levels amid cost of living crisis – as it happened,https://www.theguardian.com/business/live/2022/nov/25/black-friday-retailers-bleak-friday-cost-of-living-strike-amazon-economy-hospitality-business-live,2022-11-25,2022-11-25,1,https://i.guim.co.uk/img/media/3f875a63a1f8accf456646e973ad6ec75bba6678/0_0_774_257/master/774.jpg?width=465&dpr=1&s=none&crop=none,../Scripts/output/guardian/guardian_images/guardian_2022-11-25_guardian_1091e69046_img01.jpg,UK Black Friday football figures Photograph: Springboard,,1,graph,2,photo|photograph,0,likely_visualization,D:\FR\IGD\IPCC internship\output\guardian\guardian_images\guardian_images_dataviz_dedup\guardian_2022-11-25_guardian_1091e69046_img01.jpg,D:\FR\IGD\IPCC internship\output\guardian\guardian_images_2022.csv
guardian_e6267d52e3,The Guardian,2022,"""net zero""",Australia is on track … sort of: official expert advice urges a ‘big upward shift’ on emissions cuts,https://www.theguardian.com/australia-news/2022/dec/01/australia-is-on-track-sort-of-official-expert-advice-urges-a-big-upward-shift-on-emissions-cuts,2022-12-01,2022-12-02,2,https://i.guim.co.uk/img/media/01f0747229013f26c286a6b9d4389b4ed965d102/216_131_1490_838/1490.jpg?width=465&dpr=1&s=none&crop=none,../Scripts/output/guardian/guardian_images/guardian_2022-12-01_guardian_e6267d52e3_img02.jpg,"The truth about getting to net zero, according to the numbers – video",,0,,1,video,1,broad_candidate,D:\FR\IGD\IPCC internship\output\guardian\guardian_images\guardian_images_dataviz_dedup\guardian_2022-12-01_guardian_e6267d52e3_img02.jpg,D:\FR\IGD\IPCC internship\output\guardian\guardian_images_2022.csv
guardian_82ad9a3e59,The Guardian,2022,"""climate change""",Millennials and gen Z have deserted the Coalition – this could be dire for the opposition,https://www.theguardian.com/commentisfree/2022/dec/05/millennials-and-gen-z-have-deserted-the-coalition-this-could-be-dire-for-the-opposition,2022-12-04,2022-12-05,2,https://i.guim.co.uk/img/media/7d96d70ecd9cd967fe911c3598fc0d4fb1e450d4/0_4_606_364/master/606.jpg?width=445&dpr=1&s=none&crop=none,../Scripts/output/guardian/guardian_images/guardian_2022-12-04_guardian_82ad9a3e59_img02.jpg,Photograph: AES,,1,graph,2,photo|photograph,0,likely_visualization,D:\FR\IGD\IPCC internship\output\guardian\guardian_images\guardian_images_dataviz_dedup\guardian_2022-12-04_guardian_82ad9a3e59_img02.jpg,D:\FR\IGD\IPCC internship\output\guardian\guardian_images_2022.csv
guardian_82ad9a3e59,The Guardian,2022,"""climate change""",Millennials and gen Z have deserted the Coalition – this could be dire for the opposition,https://www.theguardian.com/commentisfree/2022/dec/05/millennials-and-gen-z-have-deserted-the-coalition-this-could-be-dire-for-the-opposition,2022-12-04,2022-12-05,3,https://i.guim.co.uk/img/media/330d0136f792e5a257a04cefa4b45b30bb22a8f1/0_0_606_776/master/606.jpg?width=445&dpr=1&s=none&crop=none,../Scripts/output/guardian/guardian_images/guardian_2022-12-04_guardian_82ad9a3e59_img03.jpg,Photograph: AES,,1,graph,2,photo|photograph,0,likely_visualization,D:\FR\IGD\IPCC internship\output\guardian\guardian_images\guardian_images_dataviz_dedup\guardian_2022-12-04_guardian_82ad9a3e59_img03.jpg,D:\FR\IGD\IPCC internship\output\guardian\guardian_images_2022.csv
guardian_bc1481984c,The Guardian,2022,"""net zero""",£18bn project to link UK to huge wind and solar farm in Sahara delayed by a year,https://www.theguardian.com/business/2022/dec/04/government-chaos-delays-uk-sahara-energy-link,2022-12-04,2022-12-07,2,https://i.guim.co.uk/img/media/4f644901c088bcce2bd9d364af5db7807d2fef8b/288_115_647_952/master/647.jpg?width=445&dpr=1&s=none&crop=none,../Scripts/output/guardian/guardian_images/guardian_2022-12-04_guardian_bc1481984c_img02.jpg,The proposed route of the Morocco to UK undersea cable. Photograph: Xlinks,,1,graph,2,photo|photograph,0,likely_visualization,D:\FR\IGD\IPCC internship\output\guardian\guardian_images\guardian_images_dataviz_dedup\guardian_2022-12-04_guardian_bc1481984c_img02.jpg,D:\FR\IGD\IPCC internship\output\guardian\guardian_images_2022.csv
guardian_5fc6781661,The Guardian,2022,"""net zero""",UK car sales jumped 23.5% in November despite 2023 recession looming – as it happened,https://www.theguardian.com/business/live/2022/dec/05/uk-2023-recession-oil-opec-output-cuts-services-sector-car-sales-business-live,2022-12-05,2022-12-06,1,https://i.guim.co.uk/img/media/c6e1c50cad2da55b601b315d7ebcde41cae2eb81/0_0_1200_598/master/1200.jpg?width=465&dpr=1&s=none&crop=none,../Scripts/output/guardian/guardian_images/guardian_2022-12-05_guardian_5fc6781661_img01.jpg,Photograph: SMMT,,1,graph,2,photo|photograph,0,likely_visualization,D:\FR\IGD\IPCC internship\output\guardian\guardian_images\guardian_images_dataviz_dedup\guardian_2022-12-05_guardian_5fc6781661_img01.jpg,D:\FR\IGD\IPCC internship\output\guardian\guardian_images_2022.csv
guardian_5d6e8222ec,The Guardian,2022,"""climate change""",Australia’s record-breaking weather in 2022: a very wet and sometimes very hot year,https://www.theguardian.com/australia-news/2022/dec/30/australias-ninth-wettest-and-20th-hottest-year-looking-back-at-the-weather-in-2022,2022-12-29,2023-01-05,2,https://i.guim.co.uk/img/media/97e29224a1f9a6df9b12c8a616ee4587f346d55b/0_0_1499_1029/master/1499.jpg?width=445&dpr=1&s=none&crop=none,../Scripts/output/guardian/guardian_images/guardian_2022-12-29_guardian_5d6e8222ec_img02.jpg,Most of Australia had above-average rainfall in 2022. Photograph: Bureau of Meteorology,,1,graph,2,photo|photograph,0,likely_visualization,D:\FR\IGD\IPCC internship\output\guardian\guardian_images\guardian_images_dataviz_dedup\guardian_2022-12-29_guardian_5d6e8222ec_img02.jpg,D:\FR\IGD\IPCC internship\output\guardian\guardian_images_2022.csv
guardian_5d6e8222ec,The Guardian,2022,"""climate change""",Australia’s record-breaking weather in 2022: a very wet and sometimes very hot year,https://www.theguardian.com/australia-news/2022/dec/30/australias-ninth-wettest-and-20th-hottest-year-looking-back-at-the-weather-in-2022,2022-12-29,2023-01-05,3,https://i.guim.co.uk/img/media/b820f307d19602b317052310596b47a653ec0f3f/0_0_1499_1029/master/1499.jpg?width=445&dpr=1&s=none&crop=none,../Scripts/output/guardian/guardian_images/guardian_2022-12-29_guardian_5d6e8222ec_img03.jpg,2022 rainfall totals for Australia as of 29 December. Photograph: Bureau of Meteorology,,1,graph,2,photo|photograph,0,likely_visualization,D:\FR\IGD\IPCC internship\output\guardian\guardian_images\guardian_images_dataviz_dedup\guardian_2022-12-29_guardian_5d6e8222ec_img03.jpg,D:\FR\IGD\IPCC internship\output\guardian\guardian_images_2022.csv
guardian_5d6e8222ec,The Guardian,2022,"""climate change""",Australia’s record-breaking weather in 2022: a very wet and sometimes very hot year,https://www.theguardian.com/australia-news/2022/dec/30/australias-ninth-wettest-and-20th-hottest-year-looking-back-at-the-weather-in-2022,2022-12-29,2023-01-05,4,https://i.guim.co.uk/img/media/8742be870bacb4842b2c4a70ece61436683686ff/0_0_680_467/master/680.jpg?width=445&dpr=1&s=none&crop=none,../Scripts/output/guardian/guardian_images/guardian_2022-12-29_guardian_5d6e8222ec_img04.jpg,January 13 recorded some of the hottest temperatures. Photograph: Bureau of Meteorology,,1,graph,2,photo|photograph,0,likely_visualization,D:\FR\IGD\IPCC internship\output\guardian\guardian_images\guardian_images_dataviz_dedup\guardian_2022-12-29_guardian_5d6e8222ec_img04.jpg,D:\FR\IGD\IPCC internship\output\guardian\guardian_images_2022.csv
guardian_dd7c8d1def,The Guardian,2022,"""1.5C""",Our favorite data stories: how Guardian US visualized 2022,https://www.theguardian.com/us-news/2022/dec/30/guardian-data-stories-visualized-2022,2022-12-30,2023-01-05,2,https://i.guim.co.uk/img/media/c0202d8bb707472b2a39fb8692621ca352502d80/0_0_1920_1152/master/1920.jpg?width=445&dpr=1&s=none&crop=none,../Scripts/output/guardian/guardian_images/guardian_2022-12-30_guardian_dd7c8d1def_img02.jpg,,,1,data,0,,0,likely_visualization,D:\FR\IGD\IPCC internship\output\guardian\guardian_images\guardian_images_dataviz_dedup\guardian_2022-12-30_guardian_dd7c8d1def_img02.jpg,D:\FR\IGD\IPCC internship\output\guardian\guardian_images_2022.csv
guardian_dd7c8d1def,The Guardian,2022,"""1.5C""",Our favorite data stories: how Guardian US visualized 2022,https://www.theguardian.com/us-news/2022/dec/30/guardian-data-stories-visualized-2022,2022-12-30,2023-01-05,3,https://i.guim.co.uk/img/media/1f1400ab17449cf1cee0204e552b24e856c46e38/0_0_1920_1152/master/1920.jpg?width=445&dpr=1&s=none&crop=none,../Scripts/output/guardian/guardian_images/guardian_2022-12-30_guardian_dd7c8d1def_img03.jpg,,,1,data,0,,0,likely_visualization,D:\FR\IGD\IPCC internship\output\guardian\guardian_images\guardian_images_dataviz_dedup\guardian_2022-12-30_guardian_dd7c8d1def_img03.jpg,D:\FR\IGD\IPCC internship\output\guardian\guardian_images_2022.csv
guardian_dd7c8d1def,The Guardian,2022,"""1.5C""",Our favorite data stories: how Guardian US visualized 2022,https://www.theguardian.com/us-news/2022/dec/30/guardian-data-stories-visualized-2022,2022-12-30,2023-01-05,4,https://i.guim.co.uk/img/media/dcf8a64547e8e27a31482e86da34788cadb2224d/0_0_1920_1152/master/1920.jpg?width=445&dpr=1&s=none&crop=none,../Scripts/output/guardian/guardian_images/guardian_2022-12-30_guardian_dd7c8d1def_img04.jpg,,,1,data,0,,0,likely_visualization,D:\FR\IGD\IPCC internship\output\guardian\guardian_images\guardian_images_dataviz_dedup\guardian_2022-12-30_guardian_dd7c8d1def_img04.jpg,D:\FR\IGD\IPCC internship\output\guardian\guardian_images_2022.csv
guardian_dd7c8d1def,The Guardian,2022,"""1.5C""",Our favorite data stories: how Guardian US visualized 2022,https://www.theguardian.com/us-news/2022/dec/30/guardian-data-stories-visualized-2022,2022-12-30,2023-01-05,6,https://i.guim.co.uk/img/media/b544f5a8e378741a34c6ddd4bfb29075b49138d7/1_0_1919_1152/master/1919.jpg?width=445&dpr=1&s=none&crop=none,../Scripts/output/guardian/guardian_images/guardian_2022-12-30_guardian_dd7c8d1def_img06.jpg,,,1,data,0,,0,likely_visualization,D:\FR\IGD\IPCC internship\output\guardian\guardian_images\guardian_images_dataviz_dedup\guardian_2022-12-30_guardian_dd7c8d1def_img06.jpg,D:\FR\IGD\IPCC internship\output\guardian\guardian_images_2022.csv
guardian_dd7c8d1def,The Guardian,2022,"""1.5C""",Our favorite data stories: how Guardian US visualized 2022,https://www.theguardian.com/us-news/2022/dec/30/guardian-data-stories-visualized-2022,2022-12-30,2023-01-05,7,https://i.guim.co.uk/img/media/af962d2566e34d7ccac9123cdb84067dbe8e9637/1_0_1919_1152/master/1919.jpg?width=445&dpr=1&s=none&crop=none,../Scripts/output/guardian/guardian_images/guardian_2022-12-30_guardian_dd7c8d1def_img07.jpg,,,1,data,0,,0,likely_visualization,D:\FR\IGD\IPCC internship\output\guardian\guardian_images\guardian_images_dataviz_dedup\guardian_2022-12-30_guardian_dd7c8d1def_img07.jpg,D:\FR\IGD\IPCC internship\output\guardian\guardian_images_2022.csv
guardian_dd7c8d1def,The Guardian,2022,"""1.5C""",Our favorite data stories: how Guardian US visualized 2022,https://www.theguardian.com/us-news/2022/dec/30/guardian-data-stories-visualized-2022,2022-12-30,2023-01-05,8,https://i.guim.co.uk/img/media/6f9d1337bab7e41e50a9cecceb7f58b362143c52/0_70_1268_761/master/1268.jpg?width=445&dpr=1&s=none&crop=none,../Scripts/output/guardian/guardian_images/guardian_2022-12-30_guardian_dd7c8d1def_img08.jpg,,,1,data,0,,0,likely_visualization,D:\FR\IGD\IPCC internship\output\guardian\guardian_images\guardian_images_dataviz_dedup\guardian_2022-12-30_guardian_dd7c8d1def_img08.jpg,D:\FR\IGD\IPCC internship\output\guardian\guardian_images_2022.csv
guardian_dd7c8d1def,The Guardian,2022,"""1.5C""",Our favorite data stories: how Guardian US visualized 2022,https://www.theguardian.com/us-news/2022/dec/30/guardian-data-stories-visualized-2022,2022-12-30,2023-01-05,9,https://i.guim.co.uk/img/media/25150667660d2cca196296aacffa8705930ff165/0_0_1920_1152/master/1920.jpg?width=445&dpr=1&s=none&crop=none,../Scripts/output/guardian/guardian_images/guardian_2022-12-30_guardian_dd7c8d1def_img09.jpg,,,1,data,0,,0,likely_visualization,D:\FR\IGD\IPCC internship\output\guardian\guardian_images\guardian_images_dataviz_dedup\guardian_2022-12-30_guardian_dd7c8d1def_img09.jpg,D:\FR\IGD\IPCC internship\output\guardian\guardian_images_2022.csv
guardian_ee8a132b96,The Guardian,2023,"""carbon budget""",Revealed: Exxon made ‘breathtakingly’ accurate climate predictions in 1970s and 80s,https://www.theguardian.com/business/2023/jan/12/exxon-climate-change-global-warming-research,2023-01-12,2023-01-16,2,https://i.guim.co.uk/img/media/df570102c60aa745583ac90d6dbc246b58b77755/0_6_1282_1602/master/1282.jpg?width=445&dpr=1&s=none&crop=none,../Scripts/output/guardian/guardian_images/guardian_2023-01-12_guardian_ee8a132b96_img02.jpg,"Photograph: Supran, et al., 2023, “Assessing ExxonMobil’s global warming projections”",,1,graph,2,photo|photograph,0,likely_visualization,D:\FR\IGD\IPCC internship\output\guardian\guardian_images\guardian_images_dataviz_dedup\guardian_2023-01-12_guardian_ee8a132b96_img02.jpg,D:\FR\IGD\IPCC internship\output\guardian\guardian_images_2023.csv
guardian_f35f167939,The Guardian,2023,"""carbon budget""","Revealed: 1,000 super-emitting methane leaks risk triggering climate tipping points",https://www.theguardian.com/environment/2023/mar/06/revealed-1000-super-emitting-methane-leaks-risk-triggering-climate-tipping-points,2023-03-06,2023-03-06,4,https://i.guim.co.uk/img/media/68ca72489956b7f1264516075f63e1ddd68b9433/193_64_2711_1628/master/2711.jpg?width=445&dpr=1&s=none&crop=none,../Scripts/output/guardian/guardian_images/guardian_2023-03-06_guardian_f35f167939_img04.jpg,"Methane plumes streaming westward for more than 20 miles east of Hazar, Turkmenistan. Photograph: Nasa/JPL-Caltech/AFP/Getty Images",,1,graph,4,afp|getty|photo|photograph,0,likely_visualization,D:\FR\IGD\IPCC internship\output\guardian\guardian_images\guardian_images_dataviz_dedup\guardian_2023-03-06_guardian_f35f167939_img04.jpg,D:\FR\IGD\IPCC internship\output\guardian\guardian_images_2023.csv
guardian_8e6c79bec0,The Guardian,2023,IPCC,Afternoon Update: Ken Wyatt warns Liberals on opposing voice; NSW election race wraps up; and ‘city killer’ asteroid to pass us by,https://www.theguardian.com/australia-news/2023/mar/24/afternoon-update-ken-wyatt-warns-liberals-on-opposing-voice-nsw-election-race-wraps-up-city-killer-asteroid-to-pass-us-by,2023-03-24,2023-03-24,7,https://i.guim.co.uk/img/media/14f646aa06a35b46a391f66613235bde63fd2664/0_0_1000_600/master/1000.jpg?width=445&dpr=1&s=none&crop=none,../Scripts/output/guardian/guardian_images/guardian_2023-03-24_guardian_8e6c79bec0_img07.jpg,Composite: The Guardian,,0,,0,,1,broad_candidate,D:\FR\IGD\IPCC internship\output\guardian\guardian_images\guardian_images_dataviz_dedup\guardian_2023-03-24_guardian_8e6c79bec0_img07.jpg,D:\FR\IGD\IPCC internship\output\guardian\guardian_images_2023.csv
guardian_c2e48252fc,The Guardian,2023,"""sea level rise""",Why rising sea levels pose existential threat to the Bahamas – extract,https://www.theguardian.com/world/2023/may/22/why-rising-sea-levels-pose-existential-threat-to-the-bahamas-extract-christina-gerhardt,2023-05-22,2023-05-26,2,https://i.guim.co.uk/img/media/83f8e3d37c39f46ac2e96ccf8d43666c59ad1b5d/0_0_910_1024/master/910.jpg?width=445&dpr=1&s=none&crop=none,../Scripts/output/guardian/guardian_images/guardian_2023-05-22_guardian_c2e48252fc_img02.jpg,A map showing the potential coastline of the Bahamas in the future as a result of global heating. Calculations use IPCC data to predict 0.3 metre rise by 2050 and 0.91 metre rise by 2100. Photograph: Christina Gerhardt text/Molly Roy maps/UC press,,3,data|graph|map,2,photo|photograph,0,likely_visualization,D:\FR\IGD\IPCC internship\output\guardian\guardian_images\guardian_images_dataviz_dedup\guardian_2023-05-22_guardian_c2e48252fc_img02.jpg,D:\FR\IGD\IPCC internship\output\guardian\guardian_images_2023.csv
guardian_32e002cf66,The Guardian,2023,"""sea level rise""","From the oceans to ‘net zero’ targets, we’re in denial about the climate crisis",https://www.theguardian.com/commentisfree/2023/jun/15/from-the-oceans-to-net-zero-targets-were-in-denial-about-the-climate-crisis,2023-06-15,2024-08-06,2,https://i.guim.co.uk/img/media/8e2b76cc0e34ba9b6488272c069c616a04b1f2d9/0_0_1210_568/master/1210.jpg?width=445&dpr=1&s=none&crop=none,../Scripts/output/guardian/guardian_images/guardian_2023-06-15_guardian_32e002cf66_img02.jpg,Daily sea surface temperature – world Photograph: Climate reanalyzer,,1,graph,2,photo|photograph,0,likely_visualization,D:\FR\IGD\IPCC internship\output\guardian\guardian_images\guardian_images_dataviz_dedup\guardian_2023-06-15_guardian_32e002cf66_img02.jpg,D:\FR\IGD\IPCC internship\output\guardian\guardian_images_2023.csv
guardian_32e002cf66,The Guardian,2023,"""sea level rise""","From the oceans to ‘net zero’ targets, we’re in denial about the climate crisis",https://www.theguardian.com/commentisfree/2023/jun/15/from-the-oceans-to-net-zero-targets-were-in-denial-about-the-climate-crisis,2023-06-15,2024-08-06,3,https://i.guim.co.uk/img/media/5b9d24cdf8c56459a86fb208cecc2b301dc18c7e/0_0_1208_566/master/1208.jpg?width=445&dpr=1&s=none&crop=none,../Scripts/output/guardian/guardian_images/guardian_2023-06-15_guardian_32e002cf66_img03.jpg,Daily sea surface temperature – North Atlantic Photograph: Climate reanalyzer,,1,graph,2,photo|photograph,0,likely_visualization,D:\FR\IGD\IPCC internship\output\guardian\guardian_images\guardian_images_dataviz_dedup\guardian_2023-06-15_guardian_32e002cf66_img03.jpg,D:\FR\IGD\IPCC internship\output\guardian\guardian_images_2023.csv
guardian_32e002cf66,The Guardian,2023,"""sea level rise""","From the oceans to ‘net zero’ targets, we’re in denial about the climate crisis",https://www.theguardian.com/commentisfree/2023/jun/15/from-the-oceans-to-net-zero-targets-were-in-denial-about-the-climate-crisis,2023-06-15,2024-08-06,4,https://i.guim.co.uk/img/media/0985750743ffd3993c4f0856f4764e39726eb006/0_0_759_744/master/759.jpg?width=445&dpr=1&s=none&crop=none,../Scripts/output/guardian/guardian_images/guardian_2023-06-15_guardian_32e002cf66_img04.jpg,Antarctic sea ice extent Photograph: National Snow and Ice Data Centre,,2,data|graph,2,photo|photograph,0,likely_visualization,D:\FR\IGD\IPCC internship\output\guardian\guardian_images\guardian_images_dataviz_dedup\guardian_2023-06-15_guardian_32e002cf66_img04.jpg,D:\FR\IGD\IPCC internship\output\guardian\guardian_images_2023.csv
guardian_e54505173c,The Guardian,2023,"""global temperature""",World experiences hottest week ever recorded and more is forecast to come,https://www.theguardian.com/world/2023/jul/16/red-alert-the-worlds-hottest-week-ever-and-more-is-to-forecast-to-come,2023-07-16,2023-07-19,3,https://i.guim.co.uk/img/media/46b0b7d3f799a9e501e23285490d07029ef53001/0_0_1920_1080/1920.jpg?width=465&dpr=1&s=none&crop=none,../Scripts/output/guardian/guardian_images/guardian_2023-07-16_guardian_e54505173c_img03.jpg,What is supercharging the global heat? – video explainer,,0,,1,video,1,broad_candidate,D:\FR\IGD\IPCC internship\output\guardian\guardian_images\guardian_images_dataviz_dedup\guardian_2023-07-16_guardian_e54505173c_img03.jpg,D:\FR\IGD\IPCC internship\output\guardian\guardian_images_2023.csv
guardian_81e7316f11,The Guardian,2023,IPCC,Should we name heatwaves as we do other extreme weather events?,https://www.theguardian.com/world/2023/aug/19/naming-heatwaves-hurricanes-cerberus-europe-prepare-extreme-heat,2023-08-19,2023-09-05,4,https://i.guim.co.uk/img/media/de2312d2aa52f149dfa1519f5480a850f7241493/0_0_1920_1080/master/1920.jpg?width=445&dpr=1&s=none&crop=none,../Scripts/output/guardian/guardian_images/guardian_2023-08-19_guardian_81e7316f11_img04.jpg,"A map compiled from data from the European Space Agency’s Copernicus Sentinel-3 satellite, showing land surface temperatures in Europe and northern Africa on the morning of 10 July 2023. Photograph: Credit: European Union/Copernicus Sentinel-3 Imagery",European Union/Copernicus Sentinel-3 Imagery,3,data|graph|map,2,photo|photograph,0,likely_visualization,D:\FR\IGD\IPCC internship\output\guardian\guardian_images\guardian_images_dataviz_dedup\guardian_2023-08-19_guardian_81e7316f11_img04.jpg,D:\FR\IGD\IPCC internship\output\guardian\guardian_images_2023.csv
guardian_4da1bc5f4b,The Guardian,2023,"""global temperature""",How to stay cool without air con – and help take some heat off the planet,https://www.theguardian.com/technology/2023/aug/27/staying-cool-without-air-con-warming-climate-crisis-planet,2023-08-27,2023-08-30,1,https://i.guim.co.uk/img/media/1e11aad89feabf0b9cc3227131240f292522d1dc/0_65_4891_2935/master/4891.jpg?width=465&dpr=1&s=none&crop=none,../Scripts/output/guardian/guardian_images/guardian_2023-08-27_guardian_4da1bc5f4b_img01.jpg,Illustration by Observer Design.,,0,,0,,1,broad_candidate,D:\FR\IGD\IPCC internship\output\guardian\guardian_images\guardian_images_dataviz_dedup\guardian_2023-08-27_guardian_4da1bc5f4b_img01.jpg,D:\FR\IGD\IPCC internship\output\guardian\guardian_images_2023.csv
guardian_43508b7629,The Guardian,2023,"""1.5C""",UK jobs market ‘on the turn’ as unemployment rises; ‘terrifying’ increase in mortgage arrears – as it happened,https://www.theguardian.com/business/live/2023/sep/12/uk-unemployment-rises-real-wages-grocery-inflation-business-live,2023-09-12,2023-09-12,1,https://i.guim.co.uk/img/media/9eaecbfa7e6e106bc976d6f39cf3d9ae970b7839/0_0_1430_1152/master/1430.jpg?width=465&dpr=1&s=none&crop=none,../Scripts/output/guardian/guardian_images/guardian_2023-09-12_guardian_43508b7629_img01.jpg,Photograph: ONS,,1,graph,2,photo|photograph,0,likely_visualization,D:\FR\IGD\IPCC internship\output\guardian\guardian_images\guardian_images_dataviz_dedup\guardian_2023-09-12_guardian_43508b7629_img01.jpg,D:\FR\IGD\IPCC internship\output\guardian\guardian_images_2023.csv
guardian_43508b7629,The Guardian,2023,"""1.5C""",UK jobs market ‘on the turn’ as unemployment rises; ‘terrifying’ increase in mortgage arrears – as it happened,https://www.theguardian.com/business/live/2023/sep/12/uk-unemployment-rises-real-wages-grocery-inflation-business-live,2023-09-12,2023-09-12,2,https://i.guim.co.uk/img/media/a76958c2151568dfd6b3b21bb264d797cad2a600/0_89_1738_1355/master/1738.jpg?width=465&dpr=1&s=none&crop=none,../Scripts/output/guardian/guardian_images/guardian_2023-09-12_guardian_43508b7629_img02.jpg,UK mortgage arrears Photograph: Bank of England,,1,graph,2,photo|photograph,0,likely_visualization,D:\FR\IGD\IPCC internship\output\guardian\guardian_images\guardian_images_dataviz_dedup\guardian_2023-09-12_guardian_43508b7629_img02.jpg,D:\FR\IGD\IPCC internship\output\guardian\guardian_images_2023.csv
guardian_2e932bedc4,The Guardian,2023,"""carbon budget""","‘Wishful thinking’ for Sunak to say UK on course to meet emissions targets, says Climate Change Committee boss – as it happened",https://www.theguardian.com/politics/live/2023/sep/21/rishi-sunak-net-zero-u-turn-environment-tory-labour-latest-politics-updates-live,2023-09-21,2023-09-22,4,https://i.guim.co.uk/img/media/04cb962b464b79c731d20279909ebfbe2e371e23/0_0_701_788/master/701.jpg?width=465&dpr=1&s=none&crop=none,../Scripts/output/guardian/guardian_images/guardian_2023-09-21_guardian_2e932bedc4_img04.jpg,Polling on issues Photograph: YouGov,,1,graph,2,photo|photograph,0,likely_visualization,D:\FR\IGD\IPCC internship\output\guardian\guardian_images\guardian_images_dataviz_dedup\guardian_2023-09-21_guardian_2e932bedc4_img04.jpg,D:\FR\IGD\IPCC internship\output\guardian\guardian_images_2023.csv
guardian_28b680d133,The Guardian,2023,"""net zero""","Slow transition to renewables puts Australia at risk of losing ‘attractive’ investment, super funds warn",https://www.theguardian.com/australia-news/2023/dec/01/industry-super-funds-warn-slow-transition-to-net-zero-puts-australia-at-risk-of-losing-attractive-investments,2023-11-30,2023-11-30,2,https://i.guim.co.uk/img/media/5050ad2fa938078a99123ffad360ded493998353/1_0_1919_1080/1919.jpg?width=465&dpr=1&s=none&crop=none,../Scripts/output/guardian/guardian_images/guardian_2023-11-30_guardian_28b680d133_img02.jpg,The Crunch: what Australia's love for SUVs means for emissions and safety – video,,0,,1,video,1,broad_candidate,D:\FR\IGD\IPCC internship\output\guardian\guardian_images\guardian_images_dataviz_dedup\guardian_2023-11-30_guardian_28b680d133_img02.jpg,D:\FR\IGD\IPCC internship\output\guardian\guardian_images_2023.csv
guardian_99f8e0df29,The Guardian,2023,"""net zero""",The Crunch: the rise of SUVs; young people feel cost-of-living bite; and a spotlight on global heating and Cop28,https://www.theguardian.com/news/2023/nov/30/the-crunch-the-rise-of-suvs-young-people-feel-cost-of-living-bite-and-a-spotlight-on-global-heating-and-cop28,2023-11-30,2023-12-14,1,https://i.guim.co.uk/img/media/ca0f100f2958f3ac290f1aa323e468695c7e3099/0_0_1920_1152/master/1920.jpg?width=465&dpr=1&s=none&crop=none,../Scripts/output/guardian/guardian_images/guardian_2023-11-30_guardian_99f8e0df29_img01.jpg,"In the first edition of the data visualisation newsletter The Crunch, we take a look at SUVs, political trends and romance covers. Illustration: Guardian Design",,2,data|visualisation,0,,0,likely_visualization,D:\FR\IGD\IPCC internship\output\guardian\guardian_images\guardian_images_dataviz_dedup\guardian_2023-11-30_guardian_99f8e0df29_img01.jpg,D:\FR\IGD\IPCC internship\output\guardian\guardian_images_2023.csv
guardian_99f8e0df29,The Guardian,2023,"""net zero""",The Crunch: the rise of SUVs; young people feel cost-of-living bite; and a spotlight on global heating and Cop28,https://www.theguardian.com/news/2023/nov/30/the-crunch-the-rise-of-suvs-young-people-feel-cost-of-living-bite-and-a-spotlight-on-global-heating-and-cop28,2023-11-30,2023-12-14,3,https://i.guim.co.uk/img/media/5f2960815d9d1dbab1a8a941dc04118a3efa6a7f/0_0_2176_1248/master/2176.jpg?width=445&dpr=1&s=none&crop=none,../Scripts/output/guardian/guardian_images/guardian_2023-11-30_guardian_99f8e0df29_img03.jpg,"A chart showing the trajectory towards global net zero emissions, and how the trajectory has become progressively steeper due to delaying significant emissions cuts.",,1,chart,0,,0,likely_visualization,D:\FR\IGD\IPCC internship\output\guardian\guardian_images\guardian_images_dataviz_dedup\guardian_2023-11-30_guardian_99f8e0df29_img03.jpg,D:\FR\IGD\IPCC internship\output\guardian\guardian_images_2023.csv
guardian_99f8e0df29,The Guardian,2023,"""net zero""",The Crunch: the rise of SUVs; young people feel cost-of-living bite; and a spotlight on global heating and Cop28,https://www.theguardian.com/news/2023/nov/30/the-crunch-the-rise-of-suvs-young-people-feel-cost-of-living-bite-and-a-spotlight-on-global-heating-and-cop28,2023-11-30,2023-12-14,4,https://i.guim.co.uk/img/media/1d903fec2f5635717741e228a2974a509d5bea33/0_0_1000_600/master/1000.jpg?width=445&dpr=1&s=none&crop=none,../Scripts/output/guardian/guardian_images/guardian_2023-11-30_guardian_99f8e0df29_img04.jpg,,,0,,0,,1,broad_candidate,D:\FR\IGD\IPCC internship\output\guardian\guardian_images\guardian_images_dataviz_dedup\guardian_2023-11-30_guardian_99f8e0df29_img04.jpg,D:\FR\IGD\IPCC internship\output\guardian\guardian_images_2023.csv
guardian_99f8e0df29,The Guardian,2023,"""net zero""",The Crunch: the rise of SUVs; young people feel cost-of-living bite; and a spotlight on global heating and Cop28,https://www.theguardian.com/news/2023/nov/30/the-crunch-the-rise-of-suvs-young-people-feel-cost-of-living-bite-and-a-spotlight-on-global-heating-and-cop28,2023-11-30,2023-12-14,5,https://i.guim.co.uk/img/media/038c0b1e6b6ef93678d01ffe6ec018cfdc44389a/0_0_616_566/master/616.jpg?width=445&dpr=1&s=none&crop=none,../Scripts/output/guardian/guardian_images/guardian_2023-11-30_guardian_99f8e0df29_img05.jpg,,,0,,0,,1,broad_candidate,D:\FR\IGD\IPCC internship\output\guardian\guardian_images\guardian_images_dataviz_dedup\guardian_2023-11-30_guardian_99f8e0df29_img05.jpg,D:\FR\IGD\IPCC internship\output\guardian\guardian_images_2023.csv
guardian_99f8e0df29,The Guardian,2023,"""net zero""",The Crunch: the rise of SUVs; young people feel cost-of-living bite; and a spotlight on global heating and Cop28,https://www.theguardian.com/news/2023/nov/30/the-crunch-the-rise-of-suvs-young-people-feel-cost-of-living-bite-and-a-spotlight-on-global-heating-and-cop28,2023-11-30,2023-12-14,6,https://i.guim.co.uk/img/media/19f06781b17f5b4503a7a026db14bec395ddba14/0_0_632_480/master/632.jpg?width=445&dpr=1&s=none&crop=none,../Scripts/output/guardian/guardian_images/guardian_2023-11-30_guardian_99f8e0df29_img06.jpg,Illustration: Guardian Design,,0,,0,,1,broad_candidate,D:\FR\IGD\IPCC internship\output\guardian\guardian_images\guardian_images_dataviz_dedup\guardian_2023-11-30_guardian_99f8e0df29_img06.jpg,D:\FR\IGD\IPCC internship\output\guardian\guardian_images_2023.csv
guardian_99f8e0df29,The Guardian,2023,"""net zero""",The Crunch: the rise of SUVs; young people feel cost-of-living bite; and a spotlight on global heating and Cop28,https://www.theguardian.com/news/2023/nov/30/the-crunch-the-rise-of-suvs-young-people-feel-cost-of-living-bite-and-a-spotlight-on-global-heating-and-cop28,2023-11-30,2023-12-14,8,https://i.guim.co.uk/img/media/bcd195db55583b48af7bb4bd69bab37dc99f081b/0_0_1590_516/master/1590.jpg?width=445&dpr=1&s=none&crop=none,../Scripts/output/guardian/guardian_images/guardian_2023-11-30_guardian_99f8e0df29_img08.jpg,Romance covers over time,,0,,0,,1,broad_candidate,D:\FR\IGD\IPCC internship\output\guardian\guardian_images\guardian_images_dataviz_dedup\guardian_2023-11-30_guardian_99f8e0df29_img08.jpg,D:\FR\IGD\IPCC internship\output\guardian\guardian_images_2023.csv
guardian_b6c41de73b,The Guardian,2023,"""net zero""",China’s credit outlook cut to negative; Rupert Soames named CBI president; trading outages in London – as it happened,https://www.theguardian.com/business/live/2023/dec/05/christmas-shopping-shrinkflation-retail-services-sector-car-sales-business-live,2023-12-05,2024-09-25,1,https://i.guim.co.uk/img/media/832ca3cf671835a71123cc8dc2829ac119b6e923/0_0_512_540/master/512.jpg?width=465&dpr=1&s=none&crop=none,../Scripts/output/guardian/guardian_images/guardian_2023-12-05_guardian_b6c41de73b_img01.jpg,A table showing UK EV sales Photograph: New AutoMotive,,2,graph|table,2,photo|photograph,0,likely_visualization,D:\FR\IGD\IPCC internship\output\guardian\guardian_images\guardian_images_dataviz_dedup\guardian_2023-12-05_guardian_b6c41de73b_img01.jpg,D:\FR\IGD\IPCC internship\output\guardian\guardian_images_2023.csv
guardian_b7bdee95d5,The Guardian,2023,"""climate change""","UK has high rate of teenagers missing meals due to poverty, OECD says – as it happpened",https://www.theguardian.com/politics/live/2023/dec/05/immigration-rwanda-james-cleverly-robert-jenrick-rishi-sunak-latest-politics-updates,2023-12-05,2023-12-05,2,https://i.guim.co.uk/img/media/bfbb35db48ea7f6bd56a4f0f2810d9cd7465092e/0_0_748_686/master/748.jpg?width=465&dpr=1&s=none&crop=none,../Scripts/output/guardian/guardian_images/guardian_2023-12-05_guardian_b7bdee95d5_img02.jpg,Maths results compared to % of pupils missing at least one meal per week. Photograph: OECD Pisa report,,1,graph,2,photo|photograph,0,likely_visualization,D:\FR\IGD\IPCC internship\output\guardian\guardian_images\guardian_images_dataviz_dedup\guardian_2023-12-05_guardian_b7bdee95d5_img02.jpg,D:\FR\IGD\IPCC internship\output\guardian\guardian_images_2023.csv
guardian_b2e406629e,The Guardian,2023,"""climate change""",Italy to pull out of China’s Belt and Road Initiative – as it happened,https://www.theguardian.com/world/live/2023/dec/06/majority-europeans-eu-membership-country-benefited-europe-latest-updates,2023-12-06,2023-12-06,1,https://i.guim.co.uk/img/media/641695713457f85ec62aac862990e9c26820f928/98_31_957_1195/master/957.jpg?width=465&dpr=1&s=none&crop=none,../Scripts/output/guardian/guardian_images/guardian_2023-12-06_guardian_b2e406629e_img01.jpg,Austrian view on European Union membership. Photograph: Eurobarometer,,1,graph,2,photo|photograph,0,likely_visualization,D:\FR\IGD\IPCC internship\output\guardian\guardian_images\guardian_images_dataviz_dedup\guardian_2023-12-06_guardian_b2e406629e_img01.jpg,D:\FR\IGD\IPCC internship\output\guardian\guardian_images_2023.csv
guardian_b2e406629e,The Guardian,2023,"""climate change""",Italy to pull out of China’s Belt and Road Initiative – as it happened,https://www.theguardian.com/world/live/2023/dec/06/majority-europeans-eu-membership-country-benefited-europe-latest-updates,2023-12-06,2023-12-06,2,https://i.guim.co.uk/img/media/ca4183236d456e8ca6658cc411bff83baaa28295/49_187_1144_686/master/1144.jpg?width=465&dpr=1&s=none&crop=none,../Scripts/output/guardian/guardian_images/guardian_2023-12-06_guardian_b2e406629e_img02.jpg,Hungarian view of the European Union. Photograph: Eurobarometer,,1,graph,2,photo|photograph,0,likely_visualization,D:\FR\IGD\IPCC internship\output\guardian\guardian_images\guardian_images_dataviz_dedup\guardian_2023-12-06_guardian_b2e406629e_img02.jpg,D:\FR\IGD\IPCC internship\output\guardian\guardian_images_2023.csv
guardian_b2e406629e,The Guardian,2023,"""climate change""",Italy to pull out of China’s Belt and Road Initiative – as it happened,https://www.theguardian.com/world/live/2023/dec/06/majority-europeans-eu-membership-country-benefited-europe-latest-updates,2023-12-06,2023-12-06,3,https://i.guim.co.uk/img/media/6d391323c479bd0f196b85957a71f0d06d89bb37/0_259_1196_717/master/1196.jpg?width=465&dpr=1&s=none&crop=none,../Scripts/output/guardian/guardian_images/guardian_2023-12-06_guardian_b2e406629e_img03.jpg,Italian view on EU membership Photograph: Eurobarometer,,1,graph,2,photo|photograph,0,likely_visualization,D:\FR\IGD\IPCC internship\output\guardian\guardian_images\guardian_images_dataviz_dedup\guardian_2023-12-06_guardian_b2e406629e_img03.jpg,D:\FR\IGD\IPCC internship\output\guardian\guardian_images_2023.csv
guardian_b2e406629e,The Guardian,2023,"""climate change""",Italy to pull out of China’s Belt and Road Initiative – as it happened,https://www.theguardian.com/world/live/2023/dec/06/majority-europeans-eu-membership-country-benefited-europe-latest-updates,2023-12-06,2023-12-06,4,https://i.guim.co.uk/img/media/3b83ec95d9d73582d84a764db90347cafef9b40a/41_0_1360_816/master/1360.jpg?width=465&dpr=1&s=none&crop=none,../Scripts/output/guardian/guardian_images/guardian_2023-12-06_guardian_b2e406629e_img04.jpg,European parliament’s autumn 2023 Eurobarometer survey. Photograph: Eurobarometer,,1,graph,2,photo|photograph,0,likely_visualization,D:\FR\IGD\IPCC internship\output\guardian\guardian_images\guardian_images_dataviz_dedup\guardian_2023-12-06_guardian_b2e406629e_img04.jpg,D:\FR\IGD\IPCC internship\output\guardian\guardian_images_2023.csv
guardian_b2e406629e,The Guardian,2023,"""climate change""",Italy to pull out of China’s Belt and Road Initiative – as it happened,https://www.theguardian.com/world/live/2023/dec/06/majority-europeans-eu-membership-country-benefited-europe-latest-updates,2023-12-06,2023-12-06,5,https://i.guim.co.uk/img/media/957daae6d45b8c8f1d3a1a159f4a9079c9e65834/90_0_1253_752/master/1253.jpg?width=465&dpr=1&s=none&crop=none,../Scripts/output/guardian/guardian_images/guardian_2023-12-06_guardian_b2e406629e_img05.jpg,European parliament’s Autumn 2023 Eurobarometer Photograph: Eurobarometer,,1,graph,2,photo|photograph,0,likely_visualization,D:\FR\IGD\IPCC internship\output\guardian\guardian_images\guardian_images_dataviz_dedup\guardian_2023-12-06_guardian_b2e406629e_img05.jpg,D:\FR\IGD\IPCC internship\output\guardian\guardian_images_2023.csv
guardian_d497e991f4,The Guardian,2023,"""climate change""",Visualised: how all of G20 is missing climate goals — but some nations are closer than others,https://www.theguardian.com/environment/2023/dec/07/visualised-how-all-of-g20-is-missing-climate-goals-but-some-nations-are-closer-than-others,2023-12-07,2023-12-09,1,https://i.guim.co.uk/img/media/2f611a030c23c21e656c03b51b0c0ea1faa3252b/0_0_5000_3000/master/5000.jpg?width=465&dpr=1&s=none&crop=none,../Scripts/output/guardian/guardian_images/guardian_2023-12-07_guardian_d497e991f4_img01.jpg,"‘Reducing global emissions at the pace we need requires that all countries adopt stronger domestic policies and targets,’ a Climate Action Tracker researcher said. Illustration: Guardian Design",,1,tracker,0,,0,likely_visualization,D:\FR\IGD\IPCC internship\output\guardian\guardian_images\guardian_images_dataviz_dedup\guardian_2023-12-07_guardian_d497e991f4_img01.jpg,D:\FR\IGD\IPCC internship\output\guardian\guardian_images_2023.csv
guardian_abaeb0b7f2,The Guardian,2023,"""climate change""",Afternoon Update: Biden calls on Netanyahu to ‘change government’; cyclone Jasper knocks out power for 15k homes; and Kyrgios ‘tired’ of tennis,https://www.theguardian.com/australia-news/2023/dec/13/afternoon-update-biden-calls-on-netanyahu-to-change-government-cyclone-jasper-knocks-out-power-for-15k-homes-and-kyrgios-tired-of-tennis,2023-12-13,2023-12-13,1,https://i.guim.co.uk/img/media/9e03664f53a51400c49ec6119405a61a704a8921/0_0_7080_4248/master/7080.jpg?width=465&dpr=1&s=none&crop=none,../Scripts/output/guardian/guardian_images/guardian_2023-12-13_guardian_abaeb0b7f2_img01.jpg,The new UN vote in support of a ceasefire in Gaza follows Australia’s decision in late October to abstain from casting an affirmative vote on a similar motion. Photograph: Anadolu/Getty Images,,1,graph,3,getty|photo|photograph,0,likely_visualization,D:\FR\IGD\IPCC internship\output\guardian\guardian_images\guardian_images_dataviz_dedup\guardian_2023-12-13_guardian_abaeb0b7f2_img01.jpg,D:\FR\IGD\IPCC internship\output\guardian\guardian_images_2023.csv
guardian_b571ab29d8,The Guardian,2023,"""climate change""",Rishi Sunak and Keir Starmer clash over homelessness and the UK economy at PMQs – as it happened,https://www.theguardian.com/politics/live/2023/dec/13/james-cleverly-rwanda-bill-immigration-asylum-rishi-sunak-keir-starmer-pmqs-politics-live-latest,2023-12-13,2023-12-13,2,https://i.guim.co.uk/img/media/31d343dd9b3b96b63b9f190628db2867fcf92b8c/0_0_734_355/master/734.jpg?width=465&dpr=1&s=none&crop=none,../Scripts/output/guardian/guardian_images/guardian_2023-12-13_guardian_b571ab29d8_img02.jpg,Numbers for small boat returns since 2010 Photograph: Home Office,,1,graph,2,photo|photograph,0,likely_visualization,D:\FR\IGD\IPCC internship\output\guardian\guardian_images\guardian_images_dataviz_dedup\guardian_2023-12-13_guardian_b571ab29d8_img02.jpg,D:\FR\IGD\IPCC internship\output\guardian\guardian_images_2023.csv
guardian_a32651d7bd,The Guardian,2023,"""1.5C""","The Crunch: why it’s so hard to buy a home, penguin naps, and inequality in the US",https://www.theguardian.com/news/2023/dec/14/the-crunch-why-its-so-hard-to-buy-a-home-penguin-naps-and-inequality-in-the-us,2023-12-14,2023-12-14,3,https://i.guim.co.uk/img/media/9529de9541dcc89089c4217a0670445d030afd5c/0_0_874_552/master/874.jpg?width=445&dpr=1&s=none&crop=none,../Scripts/output/guardian/guardian_images/guardian_2023-12-14_guardian_a32651d7bd_img03.jpg,Annual emissions in billion metric tonnes of CO2.,,0,,0,,1,broad_candidate,D:\FR\IGD\IPCC internship\output\guardian\guardian_images\guardian_images_dataviz_dedup\guardian_2023-12-14_guardian_a32651d7bd_img03.jpg,D:\FR\IGD\IPCC internship\output\guardian\guardian_images_2023.csv
guardian_a32651d7bd,The Guardian,2023,"""1.5C""","The Crunch: why it’s so hard to buy a home, penguin naps, and inequality in the US",https://www.theguardian.com/news/2023/dec/14/the-crunch-why-its-so-hard-to-buy-a-home-penguin-naps-and-inequality-in-the-us,2023-12-14,2023-12-14,4,https://i.guim.co.uk/img/media/310828f0319faed14dc7ac21c250711cb908e68c/0_0_631_772/master/631.jpg?width=445&dpr=1&s=none&crop=none,../Scripts/output/guardian/guardian_images/guardian_2023-12-14_guardian_a32651d7bd_img04.jpg,Arrivals and departures by visa category for the year to October in each year.,,0,,1,epa,1,broad_candidate,D:\FR\IGD\IPCC internship\output\guardian\guardian_images\guardian_images_dataviz_dedup\guardian_2023-12-14_guardian_a32651d7bd_img04.jpg,D:\FR\IGD\IPCC internship\output\guardian\guardian_images_2023.csv
guardian_a32651d7bd,The Guardian,2023,"""1.5C""","The Crunch: why it’s so hard to buy a home, penguin naps, and inequality in the US",https://www.theguardian.com/news/2023/dec/14/the-crunch-why-its-so-hard-to-buy-a-home-penguin-naps-and-inequality-in-the-us,2023-12-14,2023-12-14,6,https://i.guim.co.uk/img/media/3fc994905242230c74ac6f4f88dd647eb28222f5/0_0_722_516/master/722.jpg?width=445&dpr=1&s=none&crop=none,../Scripts/output/guardian/guardian_images/guardian_2023-12-14_guardian_a32651d7bd_img06.jpg,Illustration: John Burn-Murdoch/FT,,0,,0,,1,broad_candidate,D:\FR\IGD\IPCC internship\output\guardian\guardian_images\guardian_images_dataviz_dedup\guardian_2023-12-14_guardian_a32651d7bd_img06.jpg,D:\FR\IGD\IPCC internship\output\guardian\guardian_images_2023.csv
guardian_a32651d7bd,The Guardian,2023,"""1.5C""","The Crunch: why it’s so hard to buy a home, penguin naps, and inequality in the US",https://www.theguardian.com/news/2023/dec/14/the-crunch-why-its-so-hard-to-buy-a-home-penguin-naps-and-inequality-in-the-us,2023-12-14,2023-12-14,7,https://i.guim.co.uk/img/media/ace510d30517c88a647f66d755cfabe796a5b5d5/0_0_731_918/master/731.jpg?width=445&dpr=1&s=none&crop=none,../Scripts/output/guardian/guardian_images/guardian_2023-12-14_guardian_a32651d7bd_img07.jpg,Illustration: Alex Lim / Stephanie Adeline/Straits Times,,0,,0,,1,broad_candidate,D:\FR\IGD\IPCC internship\output\guardian\guardian_images\guardian_images_dataviz_dedup\guardian_2023-12-14_guardian_a32651d7bd_img07.jpg,D:\FR\IGD\IPCC internship\output\guardian\guardian_images_2023.csv
guardian_a32651d7bd,The Guardian,2023,"""1.5C""","The Crunch: why it’s so hard to buy a home, penguin naps, and inequality in the US",https://www.theguardian.com/news/2023/dec/14/the-crunch-why-its-so-hard-to-buy-a-home-penguin-naps-and-inequality-in-the-us,2023-12-14,2023-12-14,8,https://i.guim.co.uk/img/media/7dfb72dc147e358a198c40116b694ad341e18348/0_0_1100_1100/master/1100.jpg?width=445&dpr=1&s=none&crop=none,../Scripts/output/guardian/guardian_images/guardian_2023-12-14_guardian_a32651d7bd_img08.jpg,Photograph: Brett Tweedie / The People’s Republic of Couch,,1,graph,2,photo|photograph,0,likely_visualization,D:\FR\IGD\IPCC internship\output\guardian\guardian_images\guardian_images_dataviz_dedup\guardian_2023-12-14_guardian_a32651d7bd_img08.jpg,D:\FR\IGD\IPCC internship\output\guardian\guardian_images_2023.csv
guardian_79b5446bf5,The Guardian,2023,"""climate change""",Sunak rebuked by UK’s statistics watchdog for making misleading claim about government debt – as it happened,https://www.theguardian.com/politics/live/2023/dec/19/michael-gove-sadiq-khan-housebuilding-planning-policy-england-rishi-sunak-scotland-budget-keir-starmer-uk-politics-latest,2023-12-19,2025-02-07,2,https://i.guim.co.uk/img/media/b351c23214a82504b4e135747e4a118727ef5a44/0_0_557_454/master/557.jpg?width=465&dpr=1&s=none&crop=none,../Scripts/output/guardian/guardian_images/guardian_2023-12-19_guardian_79b5446bf5_img02.jpg,How income from taxes on wealth has not kept up with rise in overall value of people’s wealth Photograph: Resolution Foundation,,1,graph,2,photo|photograph,0,likely_visualization,D:\FR\IGD\IPCC internship\output\guardian\guardian_images\guardian_images_dataviz_dedup\guardian_2023-12-19_guardian_79b5446bf5_img02.jpg,D:\FR\IGD\IPCC internship\output\guardian\guardian_images_2023.csv
guardian_72abdafaff,The Guardian,2023,"""climate change""","The Crunch: heatwaves, air pollution and other top charts from 2023",https://www.theguardian.com/news/2023/dec/28/the-crunch-heatwaves-air-pollution-and-other-top-charts-from-2023,2023-12-28,2024-01-23,3,https://i.guim.co.uk/img/media/29d00e252d4cc9ad5b1304f02521332c79054ee9/3171_63_3826_3826/master/3826.png?width=445&dpr=1&s=none&crop=none,../Scripts/output/guardian/guardian_images/guardian_2023-12-28_guardian_72abdafaff_img03.png,Illustration: Guardian Design,,1,chart,0,,0,likely_visualization,D:\FR\IGD\IPCC internship\output\guardian\guardian_images\guardian_images_dataviz_dedup\guardian_2023-12-28_guardian_72abdafaff_img03.jpg,D:\FR\IGD\IPCC internship\output\guardian\guardian_images_2023.csv
guardian_72abdafaff,The Guardian,2023,"""climate change""","The Crunch: heatwaves, air pollution and other top charts from 2023",https://www.theguardian.com/news/2023/dec/28/the-crunch-heatwaves-air-pollution-and-other-top-charts-from-2023,2023-12-28,2024-01-23,4,https://i.guim.co.uk/img/media/e8862535e3a053c5f10348b047b720e2551b5be0/34_182_1170_1169/master/1170.jpg?width=445&dpr=1&s=none&crop=none,../Scripts/output/guardian/guardian_images/guardian_2023-12-28_guardian_72abdafaff_img04.jpg,Illustration: Guardian Design,,1,chart,0,,0,likely_visualization,D:\FR\IGD\IPCC internship\output\guardian\guardian_images\guardian_images_dataviz_dedup\guardian_2023-12-28_guardian_72abdafaff_img04.jpg,D:\FR\IGD\IPCC internship\output\guardian\guardian_images_2023.csv
guardian_72abdafaff,The Guardian,2023,"""climate change""","The Crunch: heatwaves, air pollution and other top charts from 2023",https://www.theguardian.com/news/2023/dec/28/the-crunch-heatwaves-air-pollution-and-other-top-charts-from-2023,2023-12-28,2024-01-23,5,https://i.guim.co.uk/img/media/4c1b9112cc8188fa80432f1a8d653e66f10fb827/0_0_2191_1275/master/2191.jpg?width=445&dpr=1&s=none&crop=none,../Scripts/output/guardian/guardian_images/guardian_2023-12-28_guardian_72abdafaff_img05.jpg,Illustration: Guardian Design,,1,chart,0,,0,likely_visualization,D:\FR\IGD\IPCC internship\output\guardian\guardian_images\guardian_images_dataviz_dedup\guardian_2023-12-28_guardian_72abdafaff_img05.jpg,D:\FR\IGD\IPCC internship\output\guardian\guardian_images_2023.csv
guardian_5699609b06,The Guardian,2023,"""climate change""",I took my toddler to Algeria – and we were welcomed warmly everywhere,https://www.theguardian.com/travel/2023/dec/30/i-took-my-toddler-to-algeria-and-we-were-welcomed-warmly-everywhere,2023-12-30,2023-12-30,2,https://i.guim.co.uk/img/media/baff664926ebf3795c24f3ae57b7870a8a5f7add/59_32_1417_618/master/1417.jpg?width=445&dpr=1&s=none&crop=none,../Scripts/output/guardian/guardian_images/guardian_2023-12-30_guardian_5699609b06_img02.jpg,,,0,,0,,1,broad_candidate,D:\FR\IGD\IPCC internship\output\guardian\guardian_images\guardian_images_dataviz_dedup\guardian_2023-12-30_guardian_5699609b06_img02.jpg,D:\FR\IGD\IPCC internship\output\guardian\guardian_images_2023.csv
guardian_af0a07db5e,The Guardian,2024,"""sea level rise""","Swathes of Melbourne could face flooding from rising sea levels, new long-term modelling suggests",https://www.theguardian.com/australia-news/2024/jan/11/swathes-of-melbourne-could-face-flooding-from-rising-seal-levels-new-long-term-modelling-suggests,2024-01-11,2024-01-11,3,https://i.guim.co.uk/img/media/baaf90b0e6de33ecaa6e74818db34c14c9843baf/0_0_1900_1344/master/1900.jpg?width=445&dpr=1&s=none&crop=none,../Scripts/output/guardian/guardian_images/guardian_2024-01-11_guardian_af0a07db5e_img03.jpg,A map from the Victorian government report showing storm tide inundation with extreme rainfall. Photograph: Victoria state government,,2,graph|map,2,photo|photograph,0,likely_visualization,D:\FR\IGD\IPCC internship\output\guardian\guardian_images\guardian_images_dataviz_dedup\guardian_2024-01-11_guardian_af0a07db5e_img03.jpg,D:\FR\IGD\IPCC internship\output\guardian\guardian_images_2024.csv
guardian_1c67274167,The Guardian,2024,"""global temperature""",Scientists divided over whether record heat is acceleration of climate crisis,https://www.theguardian.com/science/2024/mar/16/scientists-divided-record-heat-acceleration-climate-crisis,2024-03-16,2024-03-18,1,https://i.guim.co.uk/img/media/e63155e0b066a13fb3f229b292b9a91c7ef06d8c/0_0_5000_3000/master/5000.jpg?width=465&dpr=1&s=none&crop=none,../Scripts/output/guardian/guardian_images/guardian_2024-03-16_guardian_1c67274167_img01.jpg,"Heat records are becoming the norm, but the extent of the anomaly in 2024 above the seas has prompted concern. Illustration: Guardian Design",,0,,0,,1,broad_candidate,D:\FR\IGD\IPCC internship\output\guardian\guardian_images\guardian_images_dataviz_dedup\guardian_2024-03-16_guardian_1c67274167_img01.jpg,D:\FR\IGD\IPCC internship\output\guardian\guardian_images_2024.csv
guardian_ef737f9236,The Guardian,2024,"""carbon budget""","Australia’s big banks lent $3.6bn to fossil fuel expansion projects in 2023, report shows",https://www.theguardian.com/australia-news/article/2024/jul/16/australias-big-banks-lent-36bn-to-fossil-fuel-expansion-projects-in-2023-report-shows,2024-07-15,2024-07-15,2,https://i.guim.co.uk/img/media/036ec332318c46cd7474c069d0e337fee2e9d11e/0_0_2500_1500/master/2500.jpg?width=445&dpr=1&s=none&crop=none,../Scripts/output/guardian/guardian_images/guardian_2024-07-15_guardian_ef737f9236_img02.jpg,"Fossil fuel lending 2016-2023, from the Banking Climate Failure report by Market Forces.",,0,,0,,1,broad_candidate,D:\FR\IGD\IPCC internship\output\guardian\guardian_images\guardian_images_dataviz_dedup\guardian_2024-07-15_guardian_ef737f9236_img02.jpg,D:\FR\IGD\IPCC internship\output\guardian\guardian_images_2024.csv
guardian_ef737f9236,The Guardian,2024,"""carbon budget""","Australia’s big banks lent $3.6bn to fossil fuel expansion projects in 2023, report shows",https://www.theguardian.com/australia-news/article/2024/jul/16/australias-big-banks-lent-36bn-to-fossil-fuel-expansion-projects-in-2023-report-shows,2024-07-15,2024-07-15,3,https://i.guim.co.uk/img/media/b563b1ddb2c40d4e914b1e553704a9025f7f5fa9/0_0_2500_1500/master/2500.jpg?width=445&dpr=1&s=none&crop=none,../Scripts/output/guardian/guardian_images/guardian_2024-07-15_guardian_ef737f9236_img03.jpg,"Fossil fuel lending 2016-2023 (by type), from the Banking Climate Failure report by Market Forces. Photograph: Market Forces",,1,graph,2,photo|photograph,0,likely_visualization,D:\FR\IGD\IPCC internship\output\guardian\guardian_images\guardian_images_dataviz_dedup\guardian_2024-07-15_guardian_ef737f9236_img03.jpg,D:\FR\IGD\IPCC internship\output\guardian\guardian_images_2024.csv
guardian_69c618c44b,The Guardian,2024,"""global temperature""",Monday was hottest recorded day on Earth: ‘Uncharted territory’,https://www.theguardian.com/environment/article/2024/jul/24/record-hottest-day-earth-temperature-july,2024-07-24,2025-03-04,2,https://i.guim.co.uk/img/media/75d19070fd81e88c868266b9366cf5173116aa49/155_0_5000_3000/master/5000.jpg?width=445&dpr=1&s=none&crop=none,../Scripts/output/guardian/guardian_images/guardian_2024-07-24_guardian_69c618c44b_img02.jpg,Monday 21 July is recorded as the ‘hottest day’ globally in recent history. Photograph: Anadolu/Getty Images,,2,chart|graph,3,getty|photo|photograph,0,likely_visualization,D:\FR\IGD\IPCC internship\output\guardian\guardian_images\guardian_images_dataviz_dedup\guardian_2024-07-24_guardian_69c618c44b_img02.jpg,D:\FR\IGD\IPCC internship\output\guardian\guardian_images_2024.csv
guardian_35613f19ee,The Guardian,2024,"""1.5C""",Germany on brink of recession; eurozone beats forecasts with 0.3% growth; US job openings fall – as it happened,https://www.theguardian.com/business/live/2024/jul/30/eurozone-gdp-france-economy-growth-faster-than-expected-bp-profits-beat-expectations-business-live,2024-07-30,2024-09-25,1,https://i.guim.co.uk/img/media/79217610715af46726673cc45060b043a8bb2319/0_0_1426_834/master/1426.jpg?width=465&dpr=1&s=none&crop=none,../Scripts/output/guardian/guardian_images/guardian_2024-07-30_guardian_35613f19ee_img01.jpg,Photograph: Google Finance,,1,graph,2,photo|photograph,0,likely_visualization,D:\FR\IGD\IPCC internship\output\guardian\guardian_images\guardian_images_dataviz_dedup\guardian_2024-07-30_guardian_35613f19ee_img01.jpg,D:\FR\IGD\IPCC internship\output\guardian\guardian_images_2024.csv
guardian_785b147079,The Guardian,2024,"""sea level rise""","Familiar vitriol, and Musk the enabler: key takeaways from Trump’s X interview",https://www.theguardian.com/us-news/article/2024/aug/12/trump-elon-musk-interview-key-takeaways,2024-08-13,2024-08-13,2,https://i.guim.co.uk/img/media/19e4018798c69f5b936e8b42ff31be9123eab554/0_0_1920_1080/1920.jpg?width=465&dpr=1&s=none&crop=none,../Scripts/output/guardian/guardian_images/guardian_2024-08-13_guardian_785b147079_img02.jpg,Donald Trump rambles and lies repeatedly in interview with Elon Musk – video,,0,,1,video,1,broad_candidate,D:\FR\IGD\IPCC internship\output\guardian\guardian_images\guardian_images_dataviz_dedup\guardian_2024-08-13_guardian_785b147079_img02.jpg,D:\FR\IGD\IPCC internship\output\guardian\guardian_images_2024.csv
guardian_e847b7b771,The Guardian,2024,"""1.5C""",‘Wicked problem’: five charts that show how the climate crisis is making Australia more dangerous,https://www.theguardian.com/environment/2024/oct/31/wicked-problem-five-charts-that-show-how-the-climate-crisis-is-making-australia-more-dangerous,2024-10-30,2025-04-14,2,https://i.guim.co.uk/img/media/e58c689f0f7fbf04d6a71ef9a8234bbd8d7b14e9/0_0_2244_1182/master/2244.jpg?width=445&dpr=1&s=none&crop=none,../Scripts/output/guardian/guardian_images/guardian_2024-10-30_guardian_e847b7b771_img02.jpg,The temperature change in Australia since 1910. Photograph: CSIRO,,2,chart|graph,2,photo|photograph,0,likely_visualization,D:\FR\IGD\IPCC internship\output\guardian\guardian_images\guardian_images_dataviz_dedup\guardian_2024-10-30_guardian_e847b7b771_img02.jpg,D:\FR\IGD\IPCC internship\output\guardian\guardian_images_2024.csv
guardian_e847b7b771,The Guardian,2024,"""1.5C""",‘Wicked problem’: five charts that show how the climate crisis is making Australia more dangerous,https://www.theguardian.com/environment/2024/oct/31/wicked-problem-five-charts-that-show-how-the-climate-crisis-is-making-australia-more-dangerous,2024-10-30,2025-04-14,3,https://i.guim.co.uk/img/media/05711bf793abcac532fdd1793ee27ad4fd1824d4/0_0_1477_886/master/1477.jpg?width=445&dpr=1&s=none&crop=none,../Scripts/output/guardian/guardian_images/guardian_2024-10-30_guardian_e847b7b771_img03.jpg,The frequency of extreme heat events is increasing. Photograph: CSIRO,,2,chart|graph,2,photo|photograph,0,likely_visualization,D:\FR\IGD\IPCC internship\output\guardian\guardian_images\guardian_images_dataviz_dedup\guardian_2024-10-30_guardian_e847b7b771_img03.jpg,D:\FR\IGD\IPCC internship\output\guardian\guardian_images_2024.csv
guardian_e847b7b771,The Guardian,2024,"""1.5C""",‘Wicked problem’: five charts that show how the climate crisis is making Australia more dangerous,https://www.theguardian.com/environment/2024/oct/31/wicked-problem-five-charts-that-show-how-the-climate-crisis-is-making-australia-more-dangerous,2024-10-30,2025-04-14,4,https://i.guim.co.uk/img/media/c751a20279419cba06abc70e0d272e6ef7b9b64b/0_40_1508_994/master/1508.jpg?width=445&dpr=1&s=none&crop=none,../Scripts/output/guardian/guardian_images/guardian_2024-10-30_guardian_e847b7b771_img04.jpg,Trends in sea surface temperature. Photograph: CSIRO,,2,chart|graph,2,photo|photograph,0,likely_visualization,D:\FR\IGD\IPCC internship\output\guardian\guardian_images\guardian_images_dataviz_dedup\guardian_2024-10-30_guardian_e847b7b771_img04.jpg,D:\FR\IGD\IPCC internship\output\guardian\guardian_images_2024.csv
guardian_e847b7b771,The Guardian,2024,"""1.5C""",‘Wicked problem’: five charts that show how the climate crisis is making Australia more dangerous,https://www.theguardian.com/environment/2024/oct/31/wicked-problem-five-charts-that-show-how-the-climate-crisis-is-making-australia-more-dangerous,2024-10-30,2025-04-14,5,https://i.guim.co.uk/img/media/f6edabcdf1fc1af1c6b72b1a15831db328761266/0_25_1536_991/master/1536.jpg?width=445&dpr=1&s=none&crop=none,../Scripts/output/guardian/guardian_images/guardian_2024-10-30_guardian_e847b7b771_img05.jpg,Change in number of dangerous fire weather days. Photograph: CSIRO,,2,chart|graph,2,photo|photograph,0,likely_visualization,D:\FR\IGD\IPCC internship\output\guardian\guardian_images\guardian_images_dataviz_dedup\guardian_2024-10-30_guardian_e847b7b771_img05.jpg,D:\FR\IGD\IPCC internship\output\guardian\guardian_images_2024.csv
guardian_e847b7b771,The Guardian,2024,"""1.5C""",‘Wicked problem’: five charts that show how the climate crisis is making Australia more dangerous,https://www.theguardian.com/environment/2024/oct/31/wicked-problem-five-charts-that-show-how-the-climate-crisis-is-making-australia-more-dangerous,2024-10-30,2025-04-14,6,https://i.guim.co.uk/img/media/a9c583c5bbacd2d9786b0a075eec231d134fe468/0_65_1536_922/master/1536.jpg?width=445&dpr=1&s=none&crop=none,../Scripts/output/guardian/guardian_images/guardian_2024-10-30_guardian_e847b7b771_img06.jpg,CO2 measured at Kennaook/Cape Grim has increased at an accelerating rate over the past 4 decades. Photograph: CSIRO,,2,chart|graph,2,photo|photograph,0,likely_visualization,D:\FR\IGD\IPCC internship\output\guardian\guardian_images\guardian_images_dataviz_dedup\guardian_2024-10-30_guardian_e847b7b771_img06.jpg,D:\FR\IGD\IPCC internship\output\guardian\guardian_images_2024.csv
guardian_ea7f26432d,The Guardian,2024,"""1.5C""","The Crunch: who’s ahead in Australia’s polls, supermarket prices and Silicon Valley politically split",https://www.theguardian.com/news/2024/nov/04/the-crunch-whos-ahead-in-australias-polls-supermarket-prices-and-silicon-valley-politically-split,2024-11-04,2024-11-04,1,https://i.guim.co.uk/img/media/8d8a02c2248f3200aac649c08e005eaf30a8b76e/0_0_1920_1152/master/1920.jpg?width=465&dpr=1&s=none&crop=none,../Scripts/output/guardian/guardian_images/guardian_2024-11-04_guardian_ea7f26432d_img01.jpg,"Australia’s political polls, a box of Cadbury Favourites, and Silicon Valley politics are examined this week. Composite: Alamy/AFP/Getty Images",,0,,2,afp|getty,1,broad_candidate,D:\FR\IGD\IPCC internship\output\guardian\guardian_images\guardian_images_dataviz_dedup\guardian_2024-11-04_guardian_ea7f26432d_img01.jpg,D:\FR\IGD\IPCC internship\output\guardian\guardian_images_2024.csv
guardian_ea7f26432d,The Guardian,2024,"""1.5C""","The Crunch: who’s ahead in Australia’s polls, supermarket prices and Silicon Valley politically split",https://www.theguardian.com/news/2024/nov/04/the-crunch-whos-ahead-in-australias-polls-supermarket-prices-and-silicon-valley-politically-split,2024-11-04,2024-11-04,2,https://i.guim.co.uk/img/media/e0b04d189dd394ec83ba0182c2445af97db71290/0_0_1256_1338/master/1256.jpg?width=445&dpr=1&s=none&crop=none,../Scripts/output/guardian/guardian_images/guardian_2024-11-04_guardian_ea7f26432d_img02.jpg,,,0,,0,,1,broad_candidate,D:\FR\IGD\IPCC internship\output\guardian\guardian_images\guardian_images_dataviz_dedup\guardian_2024-11-04_guardian_ea7f26432d_img02.jpg,D:\FR\IGD\IPCC internship\output\guardian\guardian_images_2024.csv
guardian_ea7f26432d,The Guardian,2024,"""1.5C""","The Crunch: who’s ahead in Australia’s polls, supermarket prices and Silicon Valley politically split",https://www.theguardian.com/news/2024/nov/04/the-crunch-whos-ahead-in-australias-polls-supermarket-prices-and-silicon-valley-politically-split,2024-11-04,2024-11-04,3,https://i.guim.co.uk/img/media/d72e1c5f87940689371cd7a56d8b258b38351bbc/0_0_1262_1400/master/1262.jpg?width=445&dpr=1&s=none&crop=none,../Scripts/output/guardian/guardian_images/guardian_2024-11-04_guardian_ea7f26432d_img03.jpg,Illustration: ABC News,,0,,0,,1,broad_candidate,D:\FR\IGD\IPCC internship\output\guardian\guardian_images\guardian_images_dataviz_dedup\guardian_2024-11-04_guardian_ea7f26432d_img03.jpg,D:\FR\IGD\IPCC internship\output\guardian\guardian_images_2024.csv
guardian_ea7f26432d,The Guardian,2024,"""1.5C""","The Crunch: who’s ahead in Australia’s polls, supermarket prices and Silicon Valley politically split",https://www.theguardian.com/news/2024/nov/04/the-crunch-whos-ahead-in-australias-polls-supermarket-prices-and-silicon-valley-politically-split,2024-11-04,2024-11-04,4,https://i.guim.co.uk/img/media/640135fac79b3b96b33acec6c03f115e8c630d99/0_0_1744_1172/master/1744.jpg?width=445&dpr=1&s=none&crop=none,../Scripts/output/guardian/guardian_images/guardian_2024-11-04_guardian_ea7f26432d_img04.jpg,Illustration: Carbon Brief,,0,,0,,1,broad_candidate,D:\FR\IGD\IPCC internship\output\guardian\guardian_images\guardian_images_dataviz_dedup\guardian_2024-11-04_guardian_ea7f26432d_img04.jpg,D:\FR\IGD\IPCC internship\output\guardian\guardian_images_2024.csv
guardian_ea7f26432d,The Guardian,2024,"""1.5C""","The Crunch: who’s ahead in Australia’s polls, supermarket prices and Silicon Valley politically split",https://www.theguardian.com/news/2024/nov/04/the-crunch-whos-ahead-in-australias-polls-supermarket-prices-and-silicon-valley-politically-split,2024-11-04,2024-11-04,5,https://i.guim.co.uk/img/media/85b72949569a697cab8f9b82bfd0b86c05f86ade/0_0_1382_982/master/1382.jpg?width=445&dpr=1&s=none&crop=none,../Scripts/output/guardian/guardian_images/guardian_2024-11-04_guardian_ea7f26432d_img05.jpg,Illustration: The Times,,0,,0,,1,broad_candidate,D:\FR\IGD\IPCC internship\output\guardian\guardian_images\guardian_images_dataviz_dedup\guardian_2024-11-04_guardian_ea7f26432d_img05.jpg,D:\FR\IGD\IPCC internship\output\guardian\guardian_images_2024.csv
guardian_ea7f26432d,The Guardian,2024,"""1.5C""","The Crunch: who’s ahead in Australia’s polls, supermarket prices and Silicon Valley politically split",https://www.theguardian.com/news/2024/nov/04/the-crunch-whos-ahead-in-australias-polls-supermarket-prices-and-silicon-valley-politically-split,2024-11-04,2024-11-04,6,https://i.guim.co.uk/img/media/897be9f0b00fd66e086a226b8772e8669afa1794/0_0_1448_1018/master/1448.jpg?width=445&dpr=1&s=none&crop=none,../Scripts/output/guardian/guardian_images/guardian_2024-11-04_guardian_ea7f26432d_img06.jpg,Illustration: Financial Times,,0,,0,,1,broad_candidate,D:\FR\IGD\IPCC internship\output\guardian\guardian_images\guardian_images_dataviz_dedup\guardian_2024-11-04_guardian_ea7f26432d_img06.jpg,D:\FR\IGD\IPCC internship\output\guardian\guardian_images_2024.csv
guardian_8dec4da84a,The Guardian,2024,"""sea level rise""","Carbon credit trade rules approved, breaking lengthy deadlock – Cop29 day one, as it happened",https://www.theguardian.com/environment/live/2024/nov/11/cop29-live-the-climate-summit-gets-under-way-in-azerbaijan,2024-11-11,2024-11-12,3,https://i.guim.co.uk/img/media/d6b4d1f06c556a7c96e828af33a237761e2dbd6c/0_0_627_412/master/627.png?width=465&dpr=1&s=none&crop=none,../Scripts/output/guardian/guardian_images/guardian_2024-11-11_guardian_8dec4da84a_img03.png,The global mean surface air temperature between January – September 2024was 1.54 °C above the pre-industrial average. Photograph: World Meteorological Organisation,,1,graph,2,photo|photograph,0,likely_visualization,D:\FR\IGD\IPCC internship\output\guardian\guardian_images\guardian_images_dataviz_dedup\guardian_2024-11-11_guardian_8dec4da84a_img03.jpg,D:\FR\IGD\IPCC internship\output\guardian\guardian_images_2024.csv
guardian_ee61249df6,The Guardian,2024,"""net zero""",Man charged with murder after woman’s body found in Penrith hotel – as it happened,https://www.theguardian.com/australia-news/live/2024/nov/12/australia-news-live-qantas-faces-inquiry-over-use-of-airport-slots-chalmers-warns-nobody-wins-from-a-trade-war,2024-11-11,2024-11-12,2,https://i.guim.co.uk/img/media/6cee2f50fa2c3026481b6999214f32ecf8c4bc64/37_0_1178_707/master/1178.jpg?width=465&dpr=1&s=none&crop=none,../Scripts/output/guardian/guardian_images/guardian_2024-11-11_guardian_ee61249df6_img02.jpg,A map from Geoscience Australia showing the felt grid of a 4.1 magnitude earthquake near Muswellbrook on Tuesday. Illustration: GeoScience Australia,,1,map,0,,0,likely_visualization,D:\FR\IGD\IPCC internship\output\guardian\guardian_images\guardian_images_dataviz_dedup\guardian_2024-11-11_guardian_ee61249df6_img02.jpg,D:\FR\IGD\IPCC internship\output\guardian\guardian_images_2024.csv
guardian_a930c3f442,The Guardian,2024,"""net zero""",Green party says Starmer must do more to cut energy use to meet net zero targets – as it happened,https://www.theguardian.com/politics/live/2024/nov/12/keir-starmer-labour-kim-leadbeater-assisted-dying-bill-uk-politics-news-updates,2024-11-12,2024-11-12,3,https://i.guim.co.uk/img/media/7a73d9ea6460ee80f80bcf7922c54ec9233e79d8/0_0_1014_698/master/1014.jpg?width=465&dpr=1&s=none&crop=none,../Scripts/output/guardian/guardian_images/guardian_2024-11-12_guardian_a930c3f442_img03.jpg,Road charging plan Photograph: London Centric,,1,graph,2,photo|photograph,0,likely_visualization,D:\FR\IGD\IPCC internship\output\guardian\guardian_images\guardian_images_dataviz_dedup\guardian_2024-11-12_guardian_a930c3f442_img03.jpg,D:\FR\IGD\IPCC internship\output\guardian\guardian_images_2024.csv
guardian_ac6517d2c3,The Guardian,2024,"""1.5C""",Afternoon Update: Trump appoints Musk to slash public service; church abuse verdict overturned; and chefs’ toughest food critics,https://www.theguardian.com/australia-news/2024/nov/13/afternoon-update-wednesday-ntwnfb,2024-11-13,2024-11-13,7,https://i.guim.co.uk/img/media/c3478a836d7c4acd5dedce7bf94c208e4bc0e5df/0_0_1000_589/master/1000.jpg?width=445&dpr=1&s=none&crop=none,../Scripts/output/guardian/guardian_images/guardian_2024-11-13_guardian_ac6517d2c3_img07.jpg,Illustration: Guardian Design,,0,,0,,1,broad_candidate,D:\FR\IGD\IPCC internship\output\guardian\guardian_images\guardian_images_dataviz_dedup\guardian_2024-11-13_guardian_ac6517d2c3_img07.jpg,D:\FR\IGD\IPCC internship\output\guardian\guardian_images_2024.csv
guardian_4bdcfde596,The Guardian,2024,"""net zero""",The climate crisis in charts: how 2024 has set unwanted new records,https://www.theguardian.com/environment/2024/nov/20/the-climate-crisis-in-charts-how-2024-has-set-unwanted-new-records,2024-11-20,2024-11-20,1,https://i.guim.co.uk/img/media/a1fe5b5f22a9e4483a6f1a95e8ff053aaf3ded5c/1_0_4999_3000/master/4999.jpg?width=465&dpr=1&s=none&crop=none,../Scripts/output/guardian/guardian_images/guardian_2024-11-20_guardian_4bdcfde596_img01.jpg,2024 has seen several climate records set. Composite: Guardian Design/AP,,1,chart,0,,0,likely_visualization,D:\FR\IGD\IPCC internship\output\guardian\guardian_images\guardian_images_dataviz_dedup\guardian_2024-11-20_guardian_4bdcfde596_img01.jpg,D:\FR\IGD\IPCC internship\output\guardian\guardian_images_2024.csv
guardian_d7e299ddcb,The Guardian,2024,"""global temperature""",Cop29: campaigners say talks are ‘reaching point of real emotion’ – as it happened,https://www.theguardian.com/environment/live/2024/nov/20/cop29-climate-summit-live-updates-baku-azerbaijan,2024-11-20,2024-11-20,10,https://i.guim.co.uk/img/media/573fe7dee7a14d4c3043e10248772c560fbd20eb/0_0_1962_1695/master/1962.jpg?width=465&dpr=1&s=none&crop=none,../Scripts/output/guardian/guardian_images/guardian_2024-11-20_guardian_d7e299ddcb_img10.jpg,"Climate change increased wind speeds for every 2024 Atlantic hurricane, a study has found. Photograph: Hand-out/Climate Central",,1,graph,2,photo|photograph,0,likely_visualization,D:\FR\IGD\IPCC internship\output\guardian\guardian_images\guardian_images_dataviz_dedup\guardian_2024-11-20_guardian_d7e299ddcb_img10.jpg,D:\FR\IGD\IPCC internship\output\guardian\guardian_images_2024.csv
guardian_16be69dee1,The Guardian,2024,"""net zero""","NHS was ‘within hours’ of running out of gowns during pandemic, Hancock tells Covid inquiry – as it happened",https://www.theguardian.com/politics/live/2024/nov/21/john-prescott-dies-labour-deputy-prime-minister-tony-blair-uk-politics-live,2024-11-21,2024-11-21,1,https://i.guim.co.uk/img/media/ddf0fcf8429c6a54e49b84eba4e1cf913dee6ae1/12_1_1421_853/master/1421.jpg?width=465&dpr=1&s=none&crop=none,../Scripts/output/guardian/guardian_images/guardian_2024-11-21_guardian_16be69dee1_img01.jpg,Chart showing when PPE supplies were due to run out Photograph: Covid inquiry,,2,chart|graph,2,photo|photograph,0,likely_visualization,D:\FR\IGD\IPCC internship\output\guardian\guardian_images\guardian_images_dataviz_dedup\guardian_2024-11-21_guardian_16be69dee1_img01.jpg,D:\FR\IGD\IPCC internship\output\guardian\guardian_images_2024.csv
guardian_d575e58234,The Guardian,2024,"""net zero""",Electric shock: carmakers battle strict UK electric car rules as big fines loom,https://www.theguardian.com/environment/2024/nov/22/electric-shock-carmakers-battle-strict-uk-electric-car-rules-as-big-fines-loom,2024-11-22,2024-11-22,2,https://i.guim.co.uk/img/media/9c11adea4f4e9aaff5bfac74c64aee03b3db348a/0_0_1462_810/master/1462.jpg?width=445&dpr=1&s=none&crop=none,../Scripts/output/guardian/guardian_images/guardian_2024-11-22_guardian_d575e58234_img02.jpg,"In 2022, Ford called for a higher rate of electric car sales under the ZEV mandate, as this screenshot of its consultation response shows. It has since changed course. Photograph: Ford; Department for Transport; The Fast Charge",,1,graph,4,epa|photo|photograph|screenshot,0,likely_visualization,D:\FR\IGD\IPCC internship\output\guardian\guardian_images\guardian_images_dataviz_dedup\guardian_2024-11-22_guardian_d575e58234_img02.jpg,D:\FR\IGD\IPCC internship\output\guardian\guardian_images_2024.csv
guardian_d64b5f62bc,The Guardian,2024,"""net zero""",Storm Bert: environment secretary says flood defences in ‘worst condition on record’ after Tory government – as it happened,https://www.theguardian.com/uk-news/live/2024/nov/25/storm-bert-uk-braced-for-further-disruption-live-updates,2024-11-25,2024-11-25,12,https://i.guim.co.uk/img/media/ddb3a909812655545d310133f48bcd9607e7606a/0_0_930_834/master/930.jpg?width=465&dpr=1&s=none&crop=none,../Scripts/output/guardian/guardian_images/guardian_2024-11-25_guardian_d64b5f62bc_img12.jpg,A map from Natural Resources Wales of flood warnings in the country Illustration: Natural Resources Wales,,1,map,0,,0,likely_visualization,D:\FR\IGD\IPCC internship\output\guardian\guardian_images\guardian_images_dataviz_dedup\guardian_2024-11-25_guardian_d64b5f62bc_img12.jpg,D:\FR\IGD\IPCC internship\output\guardian\guardian_images_2024.csv
guardian_c10a275d99,The Guardian,2024,"""climate change""","‘Toss of coin’ for Australian grid to get through summer without major outage, expert warns",https://www.theguardian.com/australia-news/2024/dec/01/australia-summer-heatwaves-blackout-risk-power-grid,2024-11-30,2024-12-01,2,https://i.guim.co.uk/img/media/e3ad2f385033b57576835784f0c04fa9b5759595/0_0_871_490/master/871.jpg?width=445&dpr=1&s=none&crop=none,../Scripts/output/guardian/guardian_images/guardian_2024-11-30_guardian_c10a275d99_img02.jpg,NSW market demand for electricity over the last 30 days to 27 November 2024. Photograph: Watt Clarity,,1,graph,2,photo|photograph,0,likely_visualization,D:\FR\IGD\IPCC internship\output\guardian\guardian_images\guardian_images_dataviz_dedup\guardian_2024-11-30_guardian_c10a275d99_img02.jpg,D:\FR\IGD\IPCC internship\output\guardian\guardian_images_2024.csv
guardian_4e1b6c0a45,The Guardian,2024,"""climate change""",Eurozone manufacturing recession deepens; Stellantis shares fall after CEO’s resignation – as it happened,https://www.theguardian.com/business/live/2024/dec/02/uk-house-price-growth-dollar-trump-brics-tariff-threat-manufacturing-pmi-business-live-news,2024-12-02,2024-12-02,1,https://i.guim.co.uk/img/media/6705ab9232639568309ad9a6647bfdc5367cb741/0_0_1246_774/master/1246.jpg?width=465&dpr=1&s=none&crop=none,../Scripts/output/guardian/guardian_images/guardian_2024-12-02_guardian_4e1b6c0a45_img01.jpg,Photograph: S&P Global,,1,graph,2,photo|photograph,0,likely_visualization,D:\FR\IGD\IPCC internship\output\guardian\guardian_images\guardian_images_dataviz_dedup\guardian_2024-12-02_guardian_4e1b6c0a45_img01.jpg,D:\FR\IGD\IPCC internship\output\guardian\guardian_images_2024.csv
guardian_e3982ee377,The Guardian,2024,"""climate change""","MPs back PR bill in vote, a symbolic win for electoral reform campaigners – as it happened",https://www.theguardian.com/politics/live/2024/dec/03/jess-phillips-stalking-protection-measures-violence-women-girls-labour-conservatives-uk-politics-latest-updates,2024-12-03,2024-12-03,2,https://i.guim.co.uk/img/media/c1de1672e181258e320e4284ebf886c7a515f26d/0_0_2466_2526/master/2466.jpg?width=465&dpr=1&s=none&crop=none,../Scripts/output/guardian/guardian_images/guardian_2024-12-03_guardian_e3982ee377_img02.jpg,Polling on Parthenon marbles Photograph: YouGov,,1,graph,2,photo|photograph,0,likely_visualization,D:\FR\IGD\IPCC internship\output\guardian\guardian_images\guardian_images_dataviz_dedup\guardian_2024-12-03_guardian_e3982ee377_img02.jpg,D:\FR\IGD\IPCC internship\output\guardian\guardian_images_2024.csv
guardian_e75455cb3f,The Guardian,2024,"""climate change""",Afternoon Update: Woolworths loses $50m amid strikes; the best state for business; and why young Australians’ dreams are at risk,https://www.theguardian.com/australia-news/2024/dec/03/afternoon-update-tuesday-ntwnfb,2024-12-03,2024-12-03,7,https://i.guim.co.uk/img/media/386a9dba5a067d9516fa006f548d1691de8c81b2/0_0_1000_589/master/1000.jpg?width=445&dpr=1&s=none&crop=none,../Scripts/output/guardian/guardian_images/guardian_2024-12-03_guardian_e75455cb3f_img07.jpg,,,0,,0,,1,broad_candidate,D:\FR\IGD\IPCC internship\output\guardian\guardian_images\guardian_images_dataviz_dedup\guardian_2024-12-03_guardian_e75455cb3f_img07.jpg,D:\FR\IGD\IPCC internship\output\guardian\guardian_images_2024.csv
guardian_4f1868d8ef,The Guardian,2024,"""global temperature""",Google DeepMind predicts weather more accurately than leading system,https://www.theguardian.com/science/2024/dec/04/google-deepmind-predicts-weather-more-accurately-than-leading-system,2024-12-04,2024-12-04,1,https://i.guim.co.uk/img/media/2df4368c9e24cde6d14f386b1b4a792bbcb2ba2a/9_0_8829_5303/master/8829.jpg?width=465&dpr=1&s=none&crop=none,../Scripts/output/guardian/guardian_images/guardian_2024-12-04_guardian_4f1868d8ef_img01.jpg,"Vector illustration of a world map with global temperature changes, including tropical cyclones, strong hurricanes, and intense precipitation. Illustration: Tetiana Tanasiichuk/Getty Images",,1,map,1,getty,0,likely_visualization,D:\FR\IGD\IPCC internship\output\guardian\guardian_images\guardian_images_dataviz_dedup\guardian_2024-12-04_guardian_4f1868d8ef_img01.jpg,D:\FR\IGD\IPCC internship\output\guardian\guardian_images_2024.csv
guardian_d2bd955961,The Guardian,2024,"""climate change""","Cost of average UK Christmas dinner rises by 6.5%, says Kantar; Ashtead to move listing to US – as it happened",https://www.theguardian.com/business/live/2024/dec/10/thames-water-could-run-out-cash-march-without-debt-deal-ashtead-move-listing-us-grocery-prices-business-live,2024-12-10,2024-12-10,3,https://i.guim.co.uk/img/media/02043524304699ecaa02778d4c27e18ba0eafd4a/0_0_1364_742/master/1364.jpg?width=465&dpr=1&s=none&crop=none,../Scripts/output/guardian/guardian_images/guardian_2024-12-10_guardian_d2bd955961_img03.jpg,FTSE 100 performance. Illustration: AJ Bell,,0,,0,,1,broad_candidate,D:\FR\IGD\IPCC internship\output\guardian\guardian_images\guardian_images_dataviz_dedup\guardian_2024-12-10_guardian_d2bd955961_img03.jpg,D:\FR\IGD\IPCC internship\output\guardian\guardian_images_2024.csv
guardian_714b3c24f9,The Guardian,2024,"""climate change""",The glaring gaps and unanswered questions in the Coalition’s nuclear plan and costings,https://www.theguardian.com/australia-news/2024/dec/13/australia-nuclear-power-costings-frontier-economics-plan-peter-dutton-coalition-policy,2024-12-13,2024-12-15,2,https://i.guim.co.uk/img/media/b0d7afcb9298c9abca5443cd9a0a726c9c645dfc/37_58_2056_1234/master/2056.jpg?width=445&dpr=1&s=none&crop=none,../Scripts/output/guardian/guardian_images/guardian_2024-12-13_guardian_714b3c24f9_img02.jpg,Emissions intensity 2025 to 2051. Illustration: Frontier Economics,,0,,0,,1,broad_candidate,D:\FR\IGD\IPCC internship\output\guardian\guardian_images\guardian_images_dataviz_dedup\guardian_2024-12-13_guardian_714b3c24f9_img02.jpg,D:\FR\IGD\IPCC internship\output\guardian\guardian_images_2024.csv
guardian_4ae3dc7fcb,The Guardian,2024,"""climate change""",‘I didn’t realize the role rice played’: the ingenious crop cultivation of the Gullah Geechee people,https://www.theguardian.com/news/2024/dec/21/gullah-geechee-rice-fields-north-carolina,2024-12-21,2025-01-30,2,https://i.guim.co.uk/img/media/fade97371dbf393e3399b463ce327374cb312c37/95_103_2157_1509/master/2157.jpg?width=445&dpr=1&s=none&crop=none,../Scripts/output/guardian/guardian_images/guardian_2024-12-21_guardian_4ae3dc7fcb_img02.jpg,A map of the 10 Eagles Island rice districts. Photograph: Eagles Island rice districts,,2,graph|map,2,photo|photograph,0,likely_visualization,D:\FR\IGD\IPCC internship\output\guardian\guardian_images\guardian_images_dataviz_dedup\guardian_2024-12-21_guardian_4ae3dc7fcb_img02.jpg,D:\FR\IGD\IPCC internship\output\guardian\guardian_images_2024.csv
guardian_b6c1a00a9a,The Guardian,2024,"""net zero""","UK has no credible plan to mobilise volunteers in event of war, ex-defence minister admits – as it happened",https://www.theguardian.com/politics/live/2024/dec/24/uk-politics-latest-news-labour-tories-british-army,2024-12-24,2024-12-24,2,https://i.guim.co.uk/img/media/3733590b54231d74404076dfb45a2b57d9e73710/0_0_1456_660/master/1456.jpg?width=465&dpr=1&s=none&crop=none,../Scripts/output/guardian/guardian_images/guardian_2024-12-24_guardian_b6c1a00a9a_img02.jpg,Written parliamentary answer from Al Carns Photograph: HoC,,1,graph,2,photo|photograph,0,likely_visualization,D:\FR\IGD\IPCC internship\output\guardian\guardian_images\guardian_images_dataviz_dedup\guardian_2024-12-24_guardian_b6c1a00a9a_img02.jpg,D:\FR\IGD\IPCC internship\output\guardian\guardian_images_2024.csv
guardian_558ffa5792,The Guardian,2024,"""climate change""",A cost-of-living election: Howard ministers agreed to $4bn in last-minute spending in 2004,https://www.theguardian.com/australia-news/2025/jan/01/january-1-national-archives-release-2004-election-john-howard-spending,2024-12-31,2024-12-31,2,https://i.guim.co.uk/img/media/2c373b740c998717ef23c7f3de1ec41dc63aafe7/121_78_7760_4365/7760.jpg?width=465&dpr=1&s=none&crop=none,../Scripts/output/guardian/guardian_images/guardian_2024-12-31_guardian_558ffa5792_img02.jpg,See how Australia's new voting maps mean entire electorates are disappearing – video,,1,map,1,video,0,likely_visualization,D:\FR\IGD\IPCC internship\output\guardian\guardian_images\guardian_images_dataviz_dedup\guardian_2024-12-31_guardian_558ffa5792_img02.jpg,D:\FR\IGD\IPCC internship\output\guardian\guardian_images_2024.csv
guardian_71f26ad51d,The Guardian,2025,"""sea level rise""",Friday briefing: What a record drop in sea ice means for our planet,https://www.theguardian.com/world/2025/mar/07/friday-briefing-what-a-record-drop-in-sea-ice-means-for-our-planet,2025-03-07,2025-03-07,3,https://i.guim.co.uk/img/media/f10c834fdd9e81e3f7d379835372ca2f874c2f50/0_0_2501_1994/master/2501.png?width=445&dpr=1&s=none&crop=none,../Scripts/output/guardian/guardian_images/guardian_2025-03-07_guardian_71f26ad51d_img03.png,Illustration: Guardian Design,,0,,0,,1,broad_candidate,D:\FR\IGD\IPCC internship\output\guardian\guardian_images\guardian_images_dataviz_dedup\guardian_2025-03-07_guardian_71f26ad51d_img03.jpg,D:\FR\IGD\IPCC internship\output\guardian\guardian_images_2025.csv
guardian_9b173c40c7,The Guardian,2025,"""global temperature""",Badenoch declines to criticise Jenrick over Reform coalition comments – as it happened,https://www.theguardian.com/politics/live/2025/apr/23/pmqs-uk-politics-live-keir-starmer-kemi-badenoch-conservatives-labour-reform,2025-04-23,2025-04-24,5,https://i.guim.co.uk/img/media/17be6651dfbe8e57e0a12d0da2bb74de6a81e541/0_0_1316_2164/master/1316.jpg?width=465&dpr=1&s=none&crop=none,../Scripts/output/guardian/guardian_images/guardian_2025-04-23_guardian_9b173c40c7_img05.jpg,Polling on trans rights Photograph: YouGov,,1,graph,2,photo|photograph,0,likely_visualization,D:\FR\IGD\IPCC internship\output\guardian\guardian_images\guardian_images_dataviz_dedup\guardian_2025-04-23_guardian_9b173c40c7_img05.jpg,D:\FR\IGD\IPCC internship\output\guardian\guardian_images_2025.csv
guardian_fd468c964c,The Guardian,2025,"""sea level rise""",Marine heatwave found to have engulfed area of ocean five times the size of Australia,https://www.theguardian.com/environment/2025/jun/05/marine-heatwave-found-to-have-engulfed-area-of-ocean-five-times-the-size-of-australia,2025-06-05,2025-06-05,1,https://i.guim.co.uk/img/media/b7da2bc250ac59387eceb875348c2ddcef098025/0_0_1668_1204/master/1668.jpg?width=465&dpr=1&s=none&crop=none,../Scripts/output/guardian/guardian_images/guardian_2025-06-05_guardian_fd468c964c_img01.jpg,A map showing areas affected by marine heatwaves in 2024. Composite: Copernicus Climate Change Service and Mercator Ocean International,,1,map,0,,0,likely_visualization,D:\FR\IGD\IPCC internship\output\guardian\guardian_images\guardian_images_dataviz_dedup\guardian_2025-06-05_guardian_fd468c964c_img01.jpg,D:\FR\IGD\IPCC internship\output\guardian\guardian_images_2025.csv
guardian_fd468c964c,The Guardian,2025,"""sea level rise""",Marine heatwave found to have engulfed area of ocean five times the size of Australia,https://www.theguardian.com/environment/2025/jun/05/marine-heatwave-found-to-have-engulfed-area-of-ocean-five-times-the-size-of-australia,2025-06-05,2025-06-05,2,https://i.guim.co.uk/img/media/2ab9b492a91938faee6136177ca812c57983ecc9/0_0_968_734/master/968.jpg?width=445&dpr=1&s=none&crop=none,../Scripts/output/guardian/guardian_images/guardian_2025-06-05_guardian_fd468c964c_img02.jpg,"A graph showing annual regional mean land and ocean temperature deviations. Composite: HadCRUT5, Berkeley Earth, NOAAGlobalTemp and GISTEMP",,1,graph,0,,0,likely_visualization,D:\FR\IGD\IPCC internship\output\guardian\guardian_images\guardian_images_dataviz_dedup\guardian_2025-06-05_guardian_fd468c964c_img02.jpg,D:\FR\IGD\IPCC internship\output\guardian\guardian_images_2025.csv
guardian_fd468c964c,The Guardian,2025,"""sea level rise""",Marine heatwave found to have engulfed area of ocean five times the size of Australia,https://www.theguardian.com/environment/2025/jun/05/marine-heatwave-found-to-have-engulfed-area-of-ocean-five-times-the-size-of-australia,2025-06-05,2025-06-05,4,https://i.guim.co.uk/img/media/685e63d8acd9565ed609be4f06194acb7f30aa6c/0_0_954_684/master/954.jpg?width=445&dpr=1&s=none&crop=none,../Scripts/output/guardian/guardian_images/guardian_2025-06-05_guardian_fd468c964c_img04.jpg,"A graph showing temperature differences from 1991 to 2020. Composite: HadCRUT5, Berkeley Earth, NOAAGlobalTemp and GISTEMP",,1,graph,0,,0,likely_visualization,D:\FR\IGD\IPCC internship\output\guardian\guardian_images\guardian_images_dataviz_dedup\guardian_2025-06-05_guardian_fd468c964c_img04.jpg,D:\FR\IGD\IPCC internship\output\guardian\guardian_images_2025.csv
guardian_0e7fc8b74a,The Guardian,2025,"""global temperature""",Great Barrier Reef suffers biggest annual drop in live coral since 1980s after devastating coral bleaching,https://www.theguardian.com/environment/2025/aug/05/great-barrier-reef-suffers-biggest-annual-drop-in-live-coral-since-1980s-after-devastating-coral-bleaching,2025-08-05,2025-08-05,2,https://i.guim.co.uk/img/media/25804ad07a291e908d53563a036e81c8d6793e0a/0_0_2173_2000/master/2173.jpg?width=445&dpr=1&s=none&crop=none,../Scripts/output/guardian/guardian_images/guardian_2025-08-05_guardian_0e7fc8b74a_img02.jpg,Photograph: Aims,,1,graph,2,photo|photograph,0,likely_visualization,D:\FR\IGD\IPCC internship\output\guardian\guardian_images\guardian_images_dataviz_dedup\guardian_2025-08-05_guardian_0e7fc8b74a_img02.jpg,D:\FR\IGD\IPCC internship\output\guardian\guardian_images_2025.csv
guardian_0a73890626,The Guardian,2025,IPCC,‘A structural dependence on heavy industry’: can South Korea wean itself off fossil fuels?,https://www.theguardian.com/environment/2025/aug/16/a-structural-dependence-on-heavy-industry-can-south-korea-wean-itself-off-fossil-fuels,2025-08-16,2025-11-26,1,https://i.guim.co.uk/img/media/a5fd674baa4136e2a132c95be54b572921d0ee91/0_0_5000_3000/master/5000.png?width=465&dpr=1&s=none&crop=none,../Scripts/output/guardian/guardian_images/guardian_2025-08-16_guardian_0a73890626_img01.png,South Korea is the world’s 12th largest economy. Composite: Prina Shah for the Guardian / EPA,,0,,1,epa,1,broad_candidate,D:\FR\IGD\IPCC internship\output\guardian\guardian_images\guardian_images_dataviz_dedup\guardian_2025-08-16_guardian_0a73890626_img01.jpg,D:\FR\IGD\IPCC internship\output\guardian\guardian_images_2025.csv
guardian_acfcec5843,The Guardian,2025,"""sea level rise""",Sydney’s west on frontline for most extreme heat and biggest health risks – but inner city faces water threat,https://www.theguardian.com/australia-news/2025/sep/16/climate-sydney-west-suburbs-most-extreme-heat-biggest-health-risks-inner-city-flooding,2025-09-16,2025-09-16,3,https://i.guim.co.uk/img/media/9d99a0c819240bde01a34613843d83f0ed2b418d/0_0_2065_1854/master/2065.jpg?width=445&dpr=1&s=none&crop=none,../Scripts/output/guardian/guardian_images/guardian_2025-09-16_guardian_acfcec5843_img03.jpg,"Heat-health risk index map of Sydney, provided by the Australian Climate Service",,1,map,0,,0,likely_visualization,D:\FR\IGD\IPCC internship\output\guardian\guardian_images\guardian_images_dataviz_dedup\guardian_2025-09-16_guardian_acfcec5843_img03.jpg,D:\FR\IGD\IPCC internship\output\guardian\guardian_images_2025.csv
guardian_e78cb88393,The Guardian,2025,"""1.5C""",The Crunch: Australia’s horrifying climate future; finding clothes that fit; and charting the perfect coffee,https://www.theguardian.com/news/2025/sep/26/the-crunch-australias-horrifying-climate-future-finding-clothes-that-fit-and-charting-the-perfect-coffee,2025-09-26,2025-10-09,2,https://i.guim.co.uk/img/media/30a8f9dad3c3ffddb4781aff063f28d426c1acd4/0_0_1200_960/master/1200.jpg?width=445&dpr=1&s=none&crop=none,../Scripts/output/guardian/guardian_images/guardian_2025-09-26_guardian_e78cb88393_img02.jpg,Illustration: Guardian Design/Australian Climate Service,,1,chart,0,,0,likely_visualization,D:\FR\IGD\IPCC internship\output\guardian\guardian_images\guardian_images_dataviz_dedup\guardian_2025-09-26_guardian_e78cb88393_img02.jpg,D:\FR\IGD\IPCC internship\output\guardian\guardian_images_2025.csv
guardian_e78cb88393,The Guardian,2025,"""1.5C""",The Crunch: Australia’s horrifying climate future; finding clothes that fit; and charting the perfect coffee,https://www.theguardian.com/news/2025/sep/26/the-crunch-australias-horrifying-climate-future-finding-clothes-that-fit-and-charting-the-perfect-coffee,2025-09-26,2025-10-09,3,https://i.guim.co.uk/img/media/b762e0f295281ac7fb43ec628ead7afdffb85798/0_0_1410_1074/master/1410.jpg?width=445&dpr=1&s=none&crop=none,../Scripts/output/guardian/guardian_images/guardian_2025-09-26_guardian_e78cb88393_img03.jpg,Photograph: Straits Times,,2,chart|graph,2,photo|photograph,0,likely_visualization,D:\FR\IGD\IPCC internship\output\guardian\guardian_images\guardian_images_dataviz_dedup\guardian_2025-09-26_guardian_e78cb88393_img03.jpg,D:\FR\IGD\IPCC internship\output\guardian\guardian_images_2025.csv
guardian_e78cb88393,The Guardian,2025,"""1.5C""",The Crunch: Australia’s horrifying climate future; finding clothes that fit; and charting the perfect coffee,https://www.theguardian.com/news/2025/sep/26/the-crunch-australias-horrifying-climate-future-finding-clothes-that-fit-and-charting-the-perfect-coffee,2025-09-26,2025-10-09,4,https://i.guim.co.uk/img/media/10a2362013f1e8254fe9b9603d882757172c966e/0_0_1434_1278/master/1434.jpg?width=445&dpr=1&s=none&crop=none,../Scripts/output/guardian/guardian_images/guardian_2025-09-26_guardian_e78cb88393_img04.jpg,Illustration: Alex Lim/ABC News,,1,chart,0,,0,likely_visualization,D:\FR\IGD\IPCC internship\output\guardian\guardian_images\guardian_images_dataviz_dedup\guardian_2025-09-26_guardian_e78cb88393_img04.jpg,D:\FR\IGD\IPCC internship\output\guardian\guardian_images_2025.csv
guardian_e78cb88393,The Guardian,2025,"""1.5C""",The Crunch: Australia’s horrifying climate future; finding clothes that fit; and charting the perfect coffee,https://www.theguardian.com/news/2025/sep/26/the-crunch-australias-horrifying-climate-future-finding-clothes-that-fit-and-charting-the-perfect-coffee,2025-09-26,2025-10-09,5,https://i.guim.co.uk/img/media/a00bb5426ed4b92344583b74c463208b8d8b8d1f/0_0_2000_2000/master/2000.jpg?width=445&dpr=1&s=none&crop=none,../Scripts/output/guardian/guardian_images/guardian_2025-09-26_guardian_e78cb88393_img05.jpg,Illustration: Nicola Rennie,,1,chart,0,,0,likely_visualization,D:\FR\IGD\IPCC internship\output\guardian\guardian_images\guardian_images_dataviz_dedup\guardian_2025-09-26_guardian_e78cb88393_img05.jpg,D:\FR\IGD\IPCC internship\output\guardian\guardian_images_2025.csv
guardian_e78cb88393,The Guardian,2025,"""1.5C""",The Crunch: Australia’s horrifying climate future; finding clothes that fit; and charting the perfect coffee,https://www.theguardian.com/news/2025/sep/26/the-crunch-australias-horrifying-climate-future-finding-clothes-that-fit-and-charting-the-perfect-coffee,2025-09-26,2025-10-09,6,https://i.guim.co.uk/img/media/dd924252eb214f8184e99d94c63fbcab48f59209/0_0_1418_902/master/1418.jpg?width=445&dpr=1&s=none&crop=none,../Scripts/output/guardian/guardian_images/guardian_2025-09-26_guardian_e78cb88393_img06.jpg,Illustration: John Burn-Murdoch/Financial Times,,1,chart,0,,0,likely_visualization,D:\FR\IGD\IPCC internship\output\guardian\guardian_images\guardian_images_dataviz_dedup\guardian_2025-09-26_guardian_e78cb88393_img06.jpg,D:\FR\IGD\IPCC internship\output\guardian\guardian_images_2025.csv
guardian_e78cb88393,The Guardian,2025,"""1.5C""",The Crunch: Australia’s horrifying climate future; finding clothes that fit; and charting the perfect coffee,https://www.theguardian.com/news/2025/sep/26/the-crunch-australias-horrifying-climate-future-finding-clothes-that-fit-and-charting-the-perfect-coffee,2025-09-26,2025-10-09,7,https://i.guim.co.uk/img/media/76085de99de76df5084772c7bf143d8b5e7614af/0_0_1370_1190/master/1370.jpg?width=445&dpr=1&s=none&crop=none,../Scripts/output/guardian/guardian_images/guardian_2025-09-26_guardian_e78cb88393_img07.jpg,Illustration: Guardian Design,,1,chart,0,,0,likely_visualization,D:\FR\IGD\IPCC internship\output\guardian\guardian_images\guardian_images_dataviz_dedup\guardian_2025-09-26_guardian_e78cb88393_img07.jpg,D:\FR\IGD\IPCC internship\output\guardian\guardian_images_2025.csv
guardian_1e3dae6070,The Guardian,2025,"""1.5C""","Two dead at Melbourne beach as wild wind batters state, while parts of Sydney hit by record-breaking heat",https://www.theguardian.com/environment/2025/oct/22/sydney-weather-nsw-heat-bom-forecast-wind-warnings-australia,2025-10-22,2025-10-22,1,https://i.guim.co.uk/img/media/b3cbe77e2f3b5d1f87481aef9f03b68cd90fdee5/11_71_2197_1589/master/2197.jpg?width=465&dpr=1&s=none&crop=none,../Scripts/output/guardian/guardian_images/guardian_2025-10-22_guardian_1e3dae6070_img01.jpg,"The extreme heat in New South Wales and Queensland, and damaging winds to the south, were closely connected, according to the BoM. Illustration: Windy.com",,0,,0,,1,broad_candidate,D:\FR\IGD\IPCC internship\output\guardian\guardian_images\guardian_images_dataviz_dedup\guardian_2025-10-22_guardian_1e3dae6070_img01.jpg,D:\FR\IGD\IPCC internship\output\guardian\guardian_images_2025.csv
guardian_38a42fac71,The Guardian,2025,"""1.5C""","‘If you ignore emissions, we did great’: Germany’s challenging fight to go green",https://www.theguardian.com/environment/2025/nov/02/germans-challenging-fight-to-go-green-climate-net-zero,2025-11-02,2025-11-26,1,https://i.guim.co.uk/img/media/9416d8e6e867f50bdbb84af50b3a8e3626e40523/625_0_3750_3000/master/3750.png?width=465&dpr=1&s=none&crop=none,../Scripts/output/guardian/guardian_images/guardian_2025-11-02_guardian_38a42fac71_img01.png,Germany has been able to almost halve the amount of planet-heating pollution it pumps into the atmosphere since 1990. Composite: Prina Shah for the Guardian / Getty Images / iStockphoto,,0,,2,getty|photo,1,broad_candidate,D:\FR\IGD\IPCC internship\output\guardian\guardian_images\guardian_images_dataviz_dedup\guardian_2025-11-02_guardian_38a42fac71_img01.jpg,D:\FR\IGD\IPCC internship\output\guardian\guardian_images_2025.csv
guardian_585793565c,The Guardian,2025,"""global temperature""",Scientists thought Great Barrier Reef doomed if global temperatures rise 1.5C – but a new study finds hope,https://www.theguardian.com/environment/2025/nov/05/great-barrier-reef-coral-bleaching-decline-global-heating-recovery,2025-11-05,2025-11-05,2,https://i.guim.co.uk/img/media/45808f68fb686876234c99521ff7af44a2fdcd0f/0_89_2520_1344/master/2520.jpg?width=445&dpr=1&s=none&crop=none,../Scripts/output/guardian/guardian_images/guardian_2025-11-05_guardian_585793565c_img02.jpg,New research shows the future for the Great Barrier Reef under different levels of global heating. The top panel shows the percentage of individual reefs each year under different heat stress levels. The lower panel shows changes in the amount of coral across the entire Great Barrier Reef under different levels of warming. Illustration: Yves-Marie Bozec/University of Queensland,,0,,0,,1,broad_candidate,D:\FR\IGD\IPCC internship\output\guardian\guardian_images\guardian_images_dataviz_dedup\guardian_2025-11-05_guardian_585793565c_img02.jpg,D:\FR\IGD\IPCC internship\output\guardian\guardian_images_2025.csv
guardian_cddc5c593f,The Guardian,2025,"""1.5C""",Confidential Western Australian government report warns gas exports risk slowing Asia’s move to clean energy,https://www.theguardian.com/australia-news/2025/nov/06/confidential-western-australian-government-report-warns-gas-exports-risk-slowing-asias-move-to-clean-energy,2025-11-05,2025-11-05,2,https://i.guim.co.uk/img/media/136cb15ee7cd554512924b2968160c00516a657f/0_0_598_480/master/598.jpg?width=445&dpr=1&s=none&crop=none,../Scripts/output/guardian/guardian_images/guardian_2025-11-05_guardian_cddc5c593f_img02.jpg,Gas imports (measured in exajoules of energy) is expected to fall in established markets. Illustration: Deloitte report to WA government,,0,,0,,1,broad_candidate,D:\FR\IGD\IPCC internship\output\guardian\guardian_images\guardian_images_dataviz_dedup\guardian_2025-11-05_guardian_cddc5c593f_img02.jpg,D:\FR\IGD\IPCC internship\output\guardian\guardian_images_2025.csv
guardian_cddc5c593f,The Guardian,2025,"""1.5C""",Confidential Western Australian government report warns gas exports risk slowing Asia’s move to clean energy,https://www.theguardian.com/australia-news/2025/nov/06/confidential-western-australian-government-report-warns-gas-exports-risk-slowing-asias-move-to-clean-energy,2025-11-05,2025-11-05,3,https://i.guim.co.uk/img/media/ccb7f75d0d19b3284ea9c01e107cbd7151e70b63/0_0_596_482/master/596.jpg?width=445&dpr=1&s=none&crop=none,../Scripts/output/guardian/guardian_images/guardian_2025-11-05_guardian_cddc5c593f_img03.jpg,Gas use is predicted to grow in China and India before reducing. Illustration: Deloitte report to WA government,,0,,0,,1,broad_candidate,D:\FR\IGD\IPCC internship\output\guardian\guardian_images\guardian_images_dataviz_dedup\guardian_2025-11-05_guardian_cddc5c593f_img03.jpg,D:\FR\IGD\IPCC internship\output\guardian\guardian_images_2025.csv
guardian_c84f68a629,The Guardian,2025,"""1.5C""",Monday briefing: What to expect from Cop30 as the crucial climate conference kicks off in Brazil,https://www.theguardian.com/world/2025/nov/10/first-edition-cop30,2025-11-10,2025-11-10,9,https://i.guim.co.uk/img/media/c23c26ae688b0f5e6feb9ec2deab7370621ded4b/0_1_1681_1345/master/1681.jpg?width=445&dpr=1&s=none&crop=none,../Scripts/output/guardian/guardian_images/guardian_2025-11-10_guardian_c84f68a629_img09.jpg,Illustration: Edith Pritchett/The Guardian,,0,,0,,1,broad_candidate,D:\FR\IGD\IPCC internship\output\guardian\guardian_images\guardian_images_dataviz_dedup\guardian_2025-11-10_guardian_c84f68a629_img09.jpg,D:\FR\IGD\IPCC internship\output\guardian\guardian_images_2025.csv
guardian_a5013fb6a5,The Guardian,2025,"""1.5C""","Cop30: ‘We will exterminate ourselves’ if we keep extracting fossil fuels, activists say – as it happened",https://www.theguardian.com/environment/live/2025/nov/13/cop30-live-calls-for-just-transition-plan-grow-as-report-warns-world-on-track-for-26c-of-heating,2025-11-13,2025-11-13,11,https://i.guim.co.uk/img/media/08142cbb16cef0f51122e5ebdf2e389052279ccf/0_0_1317_1600/master/1317.jpg?width=465&dpr=1&s=none&crop=none,../Scripts/output/guardian/guardian_images/guardian_2025-11-13_guardian_a5013fb6a5_img11.jpg,A chart shows how the likelihood of Cops overrunning has increased over the years. Photograph: Carbon Brief,,2,chart|graph,2,photo|photograph,0,likely_visualization,D:\FR\IGD\IPCC internship\output\guardian\guardian_images\guardian_images_dataviz_dedup\guardian_2025-11-13_guardian_a5013fb6a5_img11.jpg,D:\FR\IGD\IPCC internship\output\guardian\guardian_images_2025.csv
guardian_d2f9c644c3,The Guardian,2025,"""climate change""",‘We can no longer predict the seasons’: why Indonesia’s coal mindset has to change,https://www.theguardian.com/environment/2025/nov/20/indonesia-coal-mindset-climate-crisis-cop30,2025-11-20,2025-11-20,1,https://i.guim.co.uk/img/media/130a027a9c4b5077ef7e6d4b924db433834460b6/831_0_3750_3000/master/3750.png?width=465&dpr=1&s=none&crop=none,../Scripts/output/guardian/guardian_images/guardian_2025-11-20_guardian_d2f9c644c3_img01.png,Jakarta. Indonesia’s growth has been powered by carbon-intensive resources at a steep cost to the environment. Composite: Prina Shah for the Guardian/AFP/Getty,,0,,2,afp|getty,1,broad_candidate,D:\FR\IGD\IPCC internship\output\guardian\guardian_images\guardian_images_dataviz_dedup\guardian_2025-11-20_guardian_d2f9c644c3_img01.jpg,D:\FR\IGD\IPCC internship\output\guardian\guardian_images_2025.csv
guardian_de01187cbd,The Guardian,2025,"""climate change""",The Crunch: the climate crisis is expensive; it’s Ashes time; and what a Cop out,https://www.theguardian.com/news/2025/nov/21/crunch-climate-crisis-ashes-cop30-climate-summit,2025-11-21,2025-11-21,1,https://i.guim.co.uk/img/media/7e44af97cb3c704961328e852a2b26c109dc6e0a/273_0_1440_1152/master/1440.jpg?width=465&dpr=1&s=none&crop=none,../Scripts/output/guardian/guardian_images/guardian_2025-11-21_guardian_de01187cbd_img01.jpg,WNBA player Dana Evans and Australian spin-bowler Nathan Lyon both feature in this week’s edition of The Crunch. Composite: Getty,,0,,1,getty,1,broad_candidate,D:\FR\IGD\IPCC internship\output\guardian\guardian_images\guardian_images_dataviz_dedup\guardian_2025-11-21_guardian_de01187cbd_img01.jpg,D:\FR\IGD\IPCC internship\output\guardian\guardian_images_2025.csv
guardian_de01187cbd,The Guardian,2025,"""climate change""",The Crunch: the climate crisis is expensive; it’s Ashes time; and what a Cop out,https://www.theguardian.com/news/2025/nov/21/crunch-climate-crisis-ashes-cop30-climate-summit,2025-11-21,2025-11-21,2,https://i.guim.co.uk/img/media/7f11a30f63d5431c8eae681de99079fa010990d3/0_0_2160_2160/master/2160.jpg?width=445&dpr=1&s=none&crop=none,../Scripts/output/guardian/guardian_images/guardian_2025-11-21_guardian_de01187cbd_img02.jpg,,,0,,0,,1,broad_candidate,D:\FR\IGD\IPCC internship\output\guardian\guardian_images\guardian_images_dataviz_dedup\guardian_2025-11-21_guardian_de01187cbd_img02.jpg,D:\FR\IGD\IPCC internship\output\guardian\guardian_images_2025.csv
guardian_de01187cbd,The Guardian,2025,"""climate change""",The Crunch: the climate crisis is expensive; it’s Ashes time; and what a Cop out,https://www.theguardian.com/news/2025/nov/21/crunch-climate-crisis-ashes-cop30-climate-summit,2025-11-21,2025-11-21,3,https://i.guim.co.uk/img/media/e3b36706404457265dbbdff379c8c922fe0c37c7/0_0_1272_1272/master/1272.jpg?width=445&dpr=1&s=none&crop=none,../Scripts/output/guardian/guardian_images/guardian_2025-11-21_guardian_de01187cbd_img03.jpg,,,0,,0,,1,broad_candidate,D:\FR\IGD\IPCC internship\output\guardian\guardian_images\guardian_images_dataviz_dedup\guardian_2025-11-21_guardian_de01187cbd_img03.jpg,D:\FR\IGD\IPCC internship\output\guardian\guardian_images_2025.csv
guardian_de01187cbd,The Guardian,2025,"""climate change""",The Crunch: the climate crisis is expensive; it’s Ashes time; and what a Cop out,https://www.theguardian.com/news/2025/nov/21/crunch-climate-crisis-ashes-cop30-climate-summit,2025-11-21,2025-11-21,4,https://i.guim.co.uk/img/media/5821130c7c19d1d590736f9808a87b49b30d0fed/0_0_640_483/master/640.jpg?width=445&dpr=1&s=none&crop=none,../Scripts/output/guardian/guardian_images/guardian_2025-11-21_guardian_de01187cbd_img04.jpg,Illustration: The Hindu,,0,,0,,1,broad_candidate,D:\FR\IGD\IPCC internship\output\guardian\guardian_images\guardian_images_dataviz_dedup\guardian_2025-11-21_guardian_de01187cbd_img04.jpg,D:\FR\IGD\IPCC internship\output\guardian\guardian_images_2025.csv
guardian_de01187cbd,The Guardian,2025,"""climate change""",The Crunch: the climate crisis is expensive; it’s Ashes time; and what a Cop out,https://www.theguardian.com/news/2025/nov/21/crunch-climate-crisis-ashes-cop30-climate-summit,2025-11-21,2025-11-21,5,https://i.guim.co.uk/img/media/c82fdcc4a2c664d25628ceb49095ba59244cbc26/0_0_1571_1171/master/1571.jpg?width=445&dpr=1&s=none&crop=none,../Scripts/output/guardian/guardian_images/guardian_2025-11-21_guardian_de01187cbd_img05.jpg,Illustration: Glen Peters/Creative commons chart from Bluesky user Glen Peters,,1,chart,0,,0,likely_visualization,D:\FR\IGD\IPCC internship\output\guardian\guardian_images\guardian_images_dataviz_dedup\guardian_2025-11-21_guardian_de01187cbd_img05.jpg,D:\FR\IGD\IPCC internship\output\guardian\guardian_images_2025.csv
guardian_de01187cbd,The Guardian,2025,"""climate change""",The Crunch: the climate crisis is expensive; it’s Ashes time; and what a Cop out,https://www.theguardian.com/news/2025/nov/21/crunch-climate-crisis-ashes-cop30-climate-summit,2025-11-21,2025-11-21,6,https://i.guim.co.uk/img/media/249e48d6edaa242ba17b73b2e488ad4b4fc23f25/0_0_1284_706/master/1284.jpg?width=445&dpr=1&s=none&crop=none,../Scripts/output/guardian/guardian_images/guardian_2025-11-21_guardian_de01187cbd_img06.jpg,"Illustration: Alberto Cairo, School of Communications at University of Miami,Trans Journalists Association, and Polygraph",,1,graph,0,,0,likely_visualization,D:\FR\IGD\IPCC internship\output\guardian\guardian_images\guardian_images_dataviz_dedup\guardian_2025-11-21_guardian_de01187cbd_img06.jpg,D:\FR\IGD\IPCC internship\output\guardian\guardian_images_2025.csv
guardian_de01187cbd,The Guardian,2025,"""climate change""",The Crunch: the climate crisis is expensive; it’s Ashes time; and what a Cop out,https://www.theguardian.com/news/2025/nov/21/crunch-climate-crisis-ashes-cop30-climate-summit,2025-11-21,2025-11-21,7,https://i.guim.co.uk/img/media/d13d0f5e05539e17df3e1d66cc47e1b1efcb7434/0_0_1158_551/master/1158.jpg?width=445&dpr=1&s=none&crop=none,../Scripts/output/guardian/guardian_images/guardian_2025-11-21_guardian_de01187cbd_img07.jpg,"Illustration: Alberto Cairo, School of Communications at University of Miami,Trans Journalists Association, and Polygraph",,1,graph,0,,0,likely_visualization,D:\FR\IGD\IPCC internship\output\guardian\guardian_images\guardian_images_dataviz_dedup\guardian_2025-11-21_guardian_de01187cbd_img07.jpg,D:\FR\IGD\IPCC internship\output\guardian\guardian_images_2025.csv
guardian_de01187cbd,The Guardian,2025,"""climate change""",The Crunch: the climate crisis is expensive; it’s Ashes time; and what a Cop out,https://www.theguardian.com/news/2025/nov/21/crunch-climate-crisis-ashes-cop30-climate-summit,2025-11-21,2025-11-21,8,https://i.guim.co.uk/img/media/5bbdca0f06cf5e72bc4429b0a464f8e377173491/0_0_476_705/master/476.jpg?width=445&dpr=1&s=none&crop=none,../Scripts/output/guardian/guardian_images/guardian_2025-11-21_guardian_de01187cbd_img08.jpg,Illustration: Sportsball / Instagram,,0,,0,,1,broad_candidate,D:\FR\IGD\IPCC internship\output\guardian\guardian_images\guardian_images_dataviz_dedup\guardian_2025-11-21_guardian_de01187cbd_img08.jpg,D:\FR\IGD\IPCC internship\output\guardian\guardian_images_2025.csv
guardian_0e4e2f2c95,The Guardian,2025,"""net zero""","UK politics: Risk of Maccabi Tel Aviv facing antisemitic attacks not ‘predominant’ reason for match ban, police tell MPs – as it happened",https://www.theguardian.com/politics/live/2025/nov/24/budget-labour-rachel-reeves-criticism-conservatives-nigel-farage-latest-news-updates,2025-11-24,2025-11-25,2,https://i.guim.co.uk/img/media/7981d1e3f10d3d46d2290037e47b71897ee7a979/0_0_1902_1058/master/1902.jpg?width=465&dpr=1&s=none&crop=none,../Scripts/output/guardian/guardian_images/guardian_2025-11-24_guardian_0e4e2f2c95_img02.jpg,Polling on budget Photograph: More in Common,,1,graph,2,photo|photograph,0,likely_visualization,D:\FR\IGD\IPCC internship\output\guardian\guardian_images\guardian_images_dataviz_dedup\guardian_2025-11-24_guardian_0e4e2f2c95_img02.jpg,D:\FR\IGD\IPCC internship\output\guardian\guardian_images_2025.csv
guardian_0e4e2f2c95,The Guardian,2025,"""net zero""","UK politics: Risk of Maccabi Tel Aviv facing antisemitic attacks not ‘predominant’ reason for match ban, police tell MPs – as it happened",https://www.theguardian.com/politics/live/2025/nov/24/budget-labour-rachel-reeves-criticism-conservatives-nigel-farage-latest-news-updates,2025-11-24,2025-11-25,4,https://i.guim.co.uk/img/media/ae7c1d2fd322e3f15e61e9d8314e4fb0c1d6cf10/0_0_1894_1066/master/1894.jpg?width=465&dpr=1&s=none&crop=none,../Scripts/output/guardian/guardian_images/guardian_2025-11-24_guardian_0e4e2f2c95_img04.jpg,Polling on budget Photograph: More in Common,,1,graph,2,photo|photograph,0,likely_visualization,D:\FR\IGD\IPCC internship\output\guardian\guardian_images\guardian_images_dataviz_dedup\guardian_2025-11-24_guardian_0e4e2f2c95_img04.jpg,D:\FR\IGD\IPCC internship\output\guardian\guardian_images_2025.csv
guardian_0e4e2f2c95,The Guardian,2025,"""net zero""","UK politics: Risk of Maccabi Tel Aviv facing antisemitic attacks not ‘predominant’ reason for match ban, police tell MPs – as it happened",https://www.theguardian.com/politics/live/2025/nov/24/budget-labour-rachel-reeves-criticism-conservatives-nigel-farage-latest-news-updates,2025-11-24,2025-11-25,5,https://i.guim.co.uk/img/media/aabf30648c8ea7f34ec99836b7f70e533520a411/0_0_1904_1058/master/1904.jpg?width=465&dpr=1&s=none&crop=none,../Scripts/output/guardian/guardian_images/guardian_2025-11-24_guardian_0e4e2f2c95_img05.jpg,Polling on budget Photograph: More in Common,,1,graph,2,photo|photograph,0,likely_visualization,D:\FR\IGD\IPCC internship\output\guardian\guardian_images\guardian_images_dataviz_dedup\guardian_2025-11-24_guardian_0e4e2f2c95_img05.jpg,D:\FR\IGD\IPCC internship\output\guardian\guardian_images_2025.csv
guardian_0e4e2f2c95,The Guardian,2025,"""net zero""","UK politics: Risk of Maccabi Tel Aviv facing antisemitic attacks not ‘predominant’ reason for match ban, police tell MPs – as it happened",https://www.theguardian.com/politics/live/2025/nov/24/budget-labour-rachel-reeves-criticism-conservatives-nigel-farage-latest-news-updates,2025-11-24,2025-11-25,6,https://i.guim.co.uk/img/media/39478f6cd9ad75de5b9bc23a5803a0b76d441f9b/0_0_1900_1058/master/1900.jpg?width=465&dpr=1&s=none&crop=none,../Scripts/output/guardian/guardian_images/guardian_2025-11-24_guardian_0e4e2f2c95_img06.jpg,Polling on budget Photograph: More in Common,,1,graph,2,photo|photograph,0,likely_visualization,D:\FR\IGD\IPCC internship\output\guardian\guardian_images\guardian_images_dataviz_dedup\guardian_2025-11-24_guardian_0e4e2f2c95_img06.jpg,D:\FR\IGD\IPCC internship\output\guardian\guardian_images_2025.csv
guardian_6035c2fb78,The Guardian,2025,"""net zero""",Budget uncertainty triggers plunge in UK construction activity; Trustpilot shares slump after short-seller claims – as it happened,https://www.theguardian.com/business/live/2025/dec/04/uk-energy-network-28bn-upgrade-ofgem-construction-car-sales-stock-markets-business-live-news-updates,2025-12-04,2025-12-04,1,https://i.guim.co.uk/img/media/b0ce5f9fcf8508285d8c0babf721246b6664b344/0_0_1438_824/master/1438.jpg?width=465&dpr=1&s=none&crop=none,../Scripts/output/guardian/guardian_images/guardian_2025-12-04_guardian_6035c2fb78_img01.jpg,A chart showing UK construction PMI to November 2025 Photograph: S&P Global,,2,chart|graph,2,photo|photograph,0,likely_visualization,D:\FR\IGD\IPCC internship\output\guardian\guardian_images\guardian_images_dataviz_dedup\guardian_2025-12-04_guardian_6035c2fb78_img01.jpg,D:\FR\IGD\IPCC internship\output\guardian\guardian_images_2025.csv
guardian_3e127b2332,The Guardian,2025,"""climate change""",The Crunch: voting in Victoria; gambling in a crypto casino; and the sex lives of gen Z,https://www.theguardian.com/news/2025/dec/05/the-crunch-voting-in-victoria-gambling-in-a-crypto-casino-and-the-sex-lives-of-gen-z,2025-12-05,2025-12-05,2,https://i.guim.co.uk/img/media/4989d427f15f0a102a0696058b62cc447c336201/0_0_1092_1516/master/1092.jpg?width=445&dpr=1&s=none&crop=none,../Scripts/output/guardian/guardian_images/guardian_2025-12-05_guardian_3e127b2332_img02.jpg,Illustration: Guardian Design,,0,,0,,1,broad_candidate,D:\FR\IGD\IPCC internship\output\guardian\guardian_images\guardian_images_dataviz_dedup\guardian_2025-12-05_guardian_3e127b2332_img02.jpg,D:\FR\IGD\IPCC internship\output\guardian\guardian_images_2025.csv
guardian_3e127b2332,The Guardian,2025,"""climate change""",The Crunch: voting in Victoria; gambling in a crypto casino; and the sex lives of gen Z,https://www.theguardian.com/news/2025/dec/05/the-crunch-voting-in-victoria-gambling-in-a-crypto-casino-and-the-sex-lives-of-gen-z,2025-12-05,2025-12-05,3,https://i.guim.co.uk/img/media/5e9ea2e77d6f77c4e004907e9ea7356c3e11eff0/0_0_1184_1620/master/1184.jpg?width=445&dpr=1&s=none&crop=none,../Scripts/output/guardian/guardian_images/guardian_2025-12-05_guardian_3e127b2332_img03.jpg,Illustration: ABC News,,0,,0,,1,broad_candidate,D:\FR\IGD\IPCC internship\output\guardian\guardian_images\guardian_images_dataviz_dedup\guardian_2025-12-05_guardian_3e127b2332_img03.jpg,D:\FR\IGD\IPCC internship\output\guardian\guardian_images_2025.csv
guardian_3e127b2332,The Guardian,2025,"""climate change""",The Crunch: voting in Victoria; gambling in a crypto casino; and the sex lives of gen Z,https://www.theguardian.com/news/2025/dec/05/the-crunch-voting-in-victoria-gambling-in-a-crypto-casino-and-the-sex-lives-of-gen-z,2025-12-05,2025-12-05,5,https://i.guim.co.uk/img/media/2db6e86bc150bf6857ba9e4cb2d8f188ac5aeada/0_0_1266_1022/master/1266.jpg?width=445&dpr=1&s=none&crop=none,../Scripts/output/guardian/guardian_images/guardian_2025-12-05_guardian_3e127b2332_img05.jpg,Illustration: Washington Post,,0,,0,,1,broad_candidate,D:\FR\IGD\IPCC internship\output\guardian\guardian_images\guardian_images_dataviz_dedup\guardian_2025-12-05_guardian_3e127b2332_img05.jpg,D:\FR\IGD\IPCC internship\output\guardian\guardian_images_2025.csv
guardian_3e127b2332,The Guardian,2025,"""climate change""",The Crunch: voting in Victoria; gambling in a crypto casino; and the sex lives of gen Z,https://www.theguardian.com/news/2025/dec/05/the-crunch-voting-in-victoria-gambling-in-a-crypto-casino-and-the-sex-lives-of-gen-z,2025-12-05,2025-12-05,6,https://i.guim.co.uk/img/media/6825c38f9c6920cdc6948750642b554e0b23d5a6/0_0_1484_1206/master/1484.jpg?width=445&dpr=1&s=none&crop=none,../Scripts/output/guardian/guardian_images/guardian_2025-12-05_guardian_3e127b2332_img06.jpg,Illustration: Works in Progress,,0,,0,,1,broad_candidate,D:\FR\IGD\IPCC internship\output\guardian\guardian_images\guardian_images_dataviz_dedup\guardian_2025-12-05_guardian_3e127b2332_img06.jpg,D:\FR\IGD\IPCC internship\output\guardian\guardian_images_2025.csv
guardian_3e127b2332,The Guardian,2025,"""climate change""",The Crunch: voting in Victoria; gambling in a crypto casino; and the sex lives of gen Z,https://www.theguardian.com/news/2025/dec/05/the-crunch-voting-in-victoria-gambling-in-a-crypto-casino-and-the-sex-lives-of-gen-z,2025-12-05,2025-12-05,7,https://i.guim.co.uk/img/media/a56a0f9995b40715a744bb4235595fa000cd42a2/0_0_4688_7060/master/4688.jpg?width=445&dpr=1&s=none&crop=none,../Scripts/output/guardian/guardian_images/guardian_2025-12-05_guardian_3e127b2332_img07.jpg,Illustration: Mona Chalabi/The Guardian,,0,,0,,1,broad_candidate,D:\FR\IGD\IPCC internship\output\guardian\guardian_images\guardian_images_dataviz_dedup\guardian_2025-12-05_guardian_3e127b2332_img07.jpg,D:\FR\IGD\IPCC internship\output\guardian\guardian_images_2025.csv
guardian_b756ed3f13,The Guardian,2025,"""climate change""","World Cup 2026 draw: England to meet Croatia, Brazil await Scotland, USA will face Australia – as it happened",https://www.theguardian.com/football/live/2025/dec/05/world-cup-2026-draw-updates-usa-mexico-canada,2025-12-05,2025-12-06,1,https://i.guim.co.uk/img/media/acd2adf427bbb11921e9a903233849b17bcb2af0/695_246_2247_1235/master/2247.jpg?width=465&dpr=1&s=none&crop=none,../Scripts/output/guardian/guardian_images/guardian_2025-12-05_guardian_b756ed3f13_img01.jpg,The World Cup 2026 draw Photograph: Shawn Thew/EPA,,1,graph,3,epa|photo|photograph,0,likely_visualization,D:\FR\IGD\IPCC internship\output\guardian\guardian_images\guardian_images_dataviz_dedup\guardian_2025-12-05_guardian_b756ed3f13_img01.jpg,D:\FR\IGD\IPCC internship\output\guardian\guardian_images_2025.csv
guardian_3f87f5fcce,The Guardian,2025,"""climate change""",Trump speech on affordability ramps up bigotry and false statements – as it happened,https://www.theguardian.com/us-news/live/2025/dec/09/hegseth-rubio-venezuela-trump-tariffs-pennsylvania-nvidia-china-us-politics-latest-news-updates,2025-12-09,2025-12-10,1,https://i.guim.co.uk/img/media/667d885ad64ebee3ba4bc3e795d60ddb83929c77/0_0_5327_3551/master/5327.jpg?width=465&dpr=1&s=none&crop=none,../Scripts/output/guardian/guardian_images/guardian_2025-12-09_guardian_3f87f5fcce_img01.jpg,"A chart during Trump’s remarks in Mount Pocono, Pennsylvania, on 9 December. Photograph: Alex Brandon/AP",,2,chart|graph,2,photo|photograph,0,likely_visualization,D:\FR\IGD\IPCC internship\output\guardian\guardian_images\guardian_images_dataviz_dedup\guardian_2025-12-09_guardian_3f87f5fcce_img01.jpg,D:\FR\IGD\IPCC internship\output\guardian\guardian_images_2025.csv
guardian_f9fc3d8647,The Guardian,2025,"""net zero""",Badenoch says teaching boys about misogyny shouldn’t be a priority because migrants more dangerous to women and girls – as it happened,https://www.theguardian.com/politics/live/2025/dec/18/violence-women-girls-strategy-labour-conservatives-badenoch-starmer-latest-news-updates,2025-12-18,2025-12-18,3,https://i.guim.co.uk/img/media/9346d451d9dae8bb3b539797a613077f9141415b/0_0_1542_2000/master/1542.jpg?width=465&dpr=1&s=none&crop=none,../Scripts/output/guardian/guardian_images/guardian_2025-12-18_guardian_f9fc3d8647_img03.jpg,How UK compares with other countries on social mobility Photograph: Social Mobility Commission,,1,graph,2,photo|photograph,0,likely_visualization,D:\FR\IGD\IPCC internship\output\guardian\guardian_images\guardian_images_dataviz_dedup\guardian_2025-12-18_guardian_f9fc3d8647_img03.jpg,D:\FR\IGD\IPCC internship\output\guardian\guardian_images_2025.csv
guardian_757e6fc326,The Guardian,2025,"""climate change""",Tropical Cyclone Hayley bears down on Derby in WA as man dies in north Queensland floods,https://www.theguardian.com/environment/2025/dec/30/weather-tropical-cyclone-hayley-wa-north-queensland-floods,2025-12-30,2025-12-30,2,https://i.guim.co.uk/img/media/1a96f470a58e0e27643d6d90a9b3ed08a7b2390e/0_0_1288_932/master/1288.jpg?width=445&dpr=1&s=none&crop=none,../Scripts/output/guardian/guardian_images/guardian_2025-12-30_guardian_757e6fc326_img02.jpg,Tropical Cyclone Hayley made landfall near Derby in northern WA. Illustration: Bureau of meteorology,,0,,0,,1,broad_candidate,D:\FR\IGD\IPCC internship\output\guardian\guardian_images\guardian_images_dataviz_dedup\guardian_2025-12-30_guardian_757e6fc326_img02.jpg,D:\FR\IGD\IPCC internship\output\guardian\guardian_images_2025.csv
guardian_fcb6739c28,The Guardian,2025,"""net zero""",‘People are wrestling with the burden’: Japan pivots to focus on nuclear power ‘maximisation’ alongside renewables,https://www.theguardian.com/environment/2025/dec/31/japan-pivots-nuclear-power-maximisation-renewables,2025-12-31,2026-01-14,1,https://i.guim.co.uk/img/media/880f51121336f1b2d5f81ca2b02c3e2314aae327/625_0_3750_3000/master/3750.png?width=465&dpr=1&s=none&crop=none,../Scripts/output/guardian/guardian_images/guardian_2025-12-31_guardian_fcb6739c28_img01.png,"Japan is the world’s fifth-biggest emitter of greenhouse gases, but has had some success in reducing its carbon footprint. Composite: Prina Shah for the Guardian AFP / Getty Images",,0,,2,afp|getty,1,broad_candidate,D:\FR\IGD\IPCC internship\output\guardian\guardian_images\guardian_images_dataviz_dedup\guardian_2025-12-31_guardian_fcb6739c28_img01.jpg,D:\FR\IGD\IPCC internship\output\guardian\guardian_images_2025.csv
