article_id,newspaper,year_window,search_term,article_title,article_url,published_date,updated_date,image_index,image_url,local_image_path,caption,credit,positive_chart_signal_count,positive_chart_signals,negative_photo_signal_count,negative_photo_signals,review_priority,auto_review_label
11ab4828-c79a-50e8-b7ba-4eaa6d27cecb,The New York Times,2024,"""global temperature""",What’s Going On in This Graph? | 2023 Global Temperatures,https://www.nytimes.com/2024/02/01/learning/whats-going-on-in-this-graph-feb-7-2024.html,2024-02-01,,1,https://static01.nyt.com/images/2024/01/19/learning/ShatteredRecordsGraphLN/ShatteredRecordsGraphLN-articleLarge.png,../Scripts/output/nytimes/nytimes_images/nytimes_2024-02-01_11ab4828-c79a-50e8-b7ba-4eaa6d27cecb_img01.png,,,1,graph,0,,0,likely_visualization
11ab4828-c79a-50e8-b7ba-4eaa6d27cecb,The New York Times,2024,"""global temperature""",What’s Going On in This Graph? | 2023 Global Temperatures,https://www.nytimes.com/2024/02/01/learning/whats-going-on-in-this-graph-feb-7-2024.html,2024-02-01,,2,https://static01.nyt.com/images/2024/01/19/learning/ShatteredRecordsGraphLN/ShatteredRecordsGraphLN-thumbStandard.png,../Scripts/output/nytimes/nytimes_images/nytimes_2024-02-01_11ab4828-c79a-50e8-b7ba-4eaa6d27cecb_img02.png,,,1,graph,0,,0,likely_visualization
e7356739-5d9d-5d62-8c77-15eab6f90221,The New York Times,2024,"""sea level rise""",Mapping the Decline of Eelgrass Along Maine’s Coast,https://www.nytimes.com/2024/09/17/science/eelgrass-climate-change-maine.html,2024-09-17,,1,https://static01.nyt.com/images/2024/09/17/multimedia/00sci-eelgrass-05-mhft/00sci-eelgrass-05-mhft-articleLarge.jpg,../Scripts/output/nytimes/nytimes_images/nytimes_2024-09-17_e7356739-5d9d-5d62-8c77-15eab6f90221_img01.jpg,,,1,map,0,,0,likely_visualization
e7356739-5d9d-5d62-8c77-15eab6f90221,The New York Times,2024,"""sea level rise""",Mapping the Decline of Eelgrass Along Maine’s Coast,https://www.nytimes.com/2024/09/17/science/eelgrass-climate-change-maine.html,2024-09-17,,2,https://static01.nyt.com/images/2024/09/17/multimedia/00sci-eelgrass-05-mhft/00sci-eelgrass-05-mhft-thumbStandard.jpg,../Scripts/output/nytimes/nytimes_images/nytimes_2024-09-17_e7356739-5d9d-5d62-8c77-15eab6f90221_img02.jpg,,,1,map,0,,0,likely_visualization
8dedefd2-2d4f-5bf6-8d10-b743130f84fd,The New York Times,2024,"""net zero""",Intel’s Chips on the Table,https://www.nytimes.com/2024/09/23/business/dealbook/intels-chips-qualcomm-apollo.html,2024-09-23,,1,https://static01.nyt.com/images/2024/09/23/multimedia/DB23-intel-pgkh/DB23-intel-pgkh-articleLarge.jpg,../Scripts/output/nytimes/nytimes_images/nytimes_2024-09-23_8dedefd2-2d4f-5bf6-8d10-b743130f84fd_img01.jpg,,,1,table,0,,0,likely_visualization
8dedefd2-2d4f-5bf6-8d10-b743130f84fd,The New York Times,2024,"""net zero""",Intel’s Chips on the Table,https://www.nytimes.com/2024/09/23/business/dealbook/intels-chips-qualcomm-apollo.html,2024-09-23,,2,https://static01.nyt.com/images/2024/09/23/multimedia/DB23-intel-pgkh/DB23-intel-pgkh-thumbStandard.jpg,../Scripts/output/nytimes/nytimes_images/nytimes_2024-09-23_8dedefd2-2d4f-5bf6-8d10-b743130f84fd_img02.jpg,,,1,table,0,,0,likely_visualization
0a0adebc-c488-5ef6-bbdb-5d18db200b50,The New York Times,2024,"""climate change""",2024 Notable Deaths,https://www.nytimes.com/interactive/2024/obituaries/notable-deaths.html,2024-12-27,,1,https://static01.nyt.com/images/2024/12/26/obituaries/notable-deaths-promo/notable-deaths-promo-articleLarge.jpg,../Scripts/output/nytimes/nytimes_images/nytimes_2024-12-27_0a0adebc-c488-5ef6-bbdb-5d18db200b50_img01.jpg,,,1,table,0,,0,likely_visualization
0a0adebc-c488-5ef6-bbdb-5d18db200b50,The New York Times,2024,"""climate change""",2024 Notable Deaths,https://www.nytimes.com/interactive/2024/obituaries/notable-deaths.html,2024-12-27,,2,https://static01.nyt.com/images/2024/12/26/obituaries/notable-deaths-promo/notable-deaths-promo-thumbStandard.jpg,../Scripts/output/nytimes/nytimes_images/nytimes_2024-12-27_0a0adebc-c488-5ef6-bbdb-5d18db200b50_img02.jpg,,,1,table,0,,0,likely_visualization
e72570f2-5665-58ba-ba5c-3eb811eb0912,The New York Times,2024,"""climate change""",These 10 Charts Will Help You Understand 2024,https://www.nytimes.com/interactive/2024/12/29/opinion/year-in-charts-2024.html,2024-12-29,,1,https://static01.nyt.com/images/2024/12/20/opinion/20RattnerStill/20RattnerStill-articleLarge.jpg,../Scripts/output/nytimes/nytimes_images/nytimes_2024-12-29_e72570f2-5665-58ba-ba5c-3eb811eb0912_img01.jpg,,,1,chart,0,,0,likely_visualization
e72570f2-5665-58ba-ba5c-3eb811eb0912,The New York Times,2024,"""climate change""",These 10 Charts Will Help You Understand 2024,https://www.nytimes.com/interactive/2024/12/29/opinion/year-in-charts-2024.html,2024-12-29,,2,https://static01.nyt.com/images/2024/12/20/opinion/20RattnerStill/20RattnerStill-thumbStandard.jpg,../Scripts/output/nytimes/nytimes_images/nytimes_2024-12-29_e72570f2-5665-58ba-ba5c-3eb811eb0912_img02.jpg,,,1,chart,0,,0,likely_visualization
763ddd17-a500-56e0-aaaf-4af159f10be1,The New York Times,2024,"""global temperature""",John Kerry Bows Out as U.S. Climate Envoy,https://www.nytimes.com/2024/01/13/climate/john-kerry-climate-envoy.html,2024-01-13,,1,https://static01.nyt.com/images/2024/01/13/multimedia/13cli-Kerry-kvwb/13cli-Kerry-kvwb-articleLarge.jpg,../Scripts/output/nytimes/nytimes_images/nytimes_2024-01-13_763ddd17-a500-56e0-aaaf-4af159f10be1_img01.jpg,,,0,,0,,1,broad_candidate
763ddd17-a500-56e0-aaaf-4af159f10be1,The New York Times,2024,"""global temperature""",John Kerry Bows Out as U.S. Climate Envoy,https://www.nytimes.com/2024/01/13/climate/john-kerry-climate-envoy.html,2024-01-13,,2,https://static01.nyt.com/images/2024/01/13/multimedia/13cli-Kerry-kvwb/13cli-Kerry-kvwb-thumbStandard.jpg,../Scripts/output/nytimes/nytimes_images/nytimes_2024-01-13_763ddd17-a500-56e0-aaaf-4af159f10be1_img02.jpg,,,0,,0,,1,broad_candidate
762f5598-7121-5c55-9fda-18f6186a11d6,The New York Times,2024,"""global temperature""",Six Spongy Sea Creatures Suggest Warming Might Be Worse Than Thought,https://www.nytimes.com/2024/02/05/climate/global-warming-sponges.html,2024-02-05,,1,https://static01.nyt.com/images/2024/02/05/climate/05cli-hotoceans/05cli-hotoceans-articleLarge.jpg,../Scripts/output/nytimes/nytimes_images/nytimes_2024-02-05_762f5598-7121-5c55-9fda-18f6186a11d6_img01.jpg,,,0,,0,,1,broad_candidate
762f5598-7121-5c55-9fda-18f6186a11d6,The New York Times,2024,"""global temperature""",Six Spongy Sea Creatures Suggest Warming Might Be Worse Than Thought,https://www.nytimes.com/2024/02/05/climate/global-warming-sponges.html,2024-02-05,,2,https://static01.nyt.com/images/2024/02/05/climate/05cli-hotoceans/05cli-hotoceans-thumbStandard.jpg,../Scripts/output/nytimes/nytimes_images/nytimes_2024-02-05_762f5598-7121-5c55-9fda-18f6186a11d6_img02.jpg,,,0,,0,,1,broad_candidate
b49ed40d-ceaf-5385-ae15-e6139b52392b,The New York Times,2024,"""global temperature""",Just How Many People Will Die From Climate Change?,https://www.nytimes.com/2024/02/22/opinion/environment/climate-change-death-toll.html,2024-02-22,,1,https://static01.nyt.com/images/2024/02/25/magazine/25mag-climate-02/25mag-climate-02-articleLarge.jpg,../Scripts/output/nytimes/nytimes_images/nytimes_2024-02-22_b49ed40d-ceaf-5385-ae15-e6139b52392b_img01.jpg,,,0,,0,,1,broad_candidate
b49ed40d-ceaf-5385-ae15-e6139b52392b,The New York Times,2024,"""global temperature""",Just How Many People Will Die From Climate Change?,https://www.nytimes.com/2024/02/22/opinion/environment/climate-change-death-toll.html,2024-02-22,,2,https://static01.nyt.com/images/2024/02/25/magazine/25mag-climate-02/25mag-climate-02-thumbStandard.jpg,../Scripts/output/nytimes/nytimes_images/nytimes_2024-02-22_b49ed40d-ceaf-5385-ae15-e6139b52392b_img02.jpg,,,0,,0,,1,broad_candidate
c60612c2-8590-5c32-8965-30a0a7532855,The New York Times,2024,"""global temperature""",Are Anti-Trump Voters Feeling ‘Burned Out’?,https://www.nytimes.com/2024/02/22/opinion/anti-trump-voters-burnout.html,2024-02-22,,1,https://static01.nyt.com/images/2024/02/20/multimedia/20pol-exhaustion-print-02/20pol-exhaustion-print-02-ktpq-articleLarge.jpg,../Scripts/output/nytimes/nytimes_images/nytimes_2024-02-22_c60612c2-8590-5c32-8965-30a0a7532855_img01.jpg,,,0,,0,,1,broad_candidate
c60612c2-8590-5c32-8965-30a0a7532855,The New York Times,2024,"""global temperature""",Are Anti-Trump Voters Feeling ‘Burned Out’?,https://www.nytimes.com/2024/02/22/opinion/anti-trump-voters-burnout.html,2024-02-22,,2,https://static01.nyt.com/images/2024/02/20/multimedia/20pol-exhaustion-print-02/20pol-exhaustion-print-02-ktpq-thumbStandard.jpg,../Scripts/output/nytimes/nytimes_images/nytimes_2024-02-22_c60612c2-8590-5c32-8965-30a0a7532855_img02.jpg,,,0,,0,,1,broad_candidate
fa1e0129-8d41-52ec-92b4-73915751550f,The New York Times,2024,"""global temperature""","Global Warming Is Particularly Bad for Women-Led Families, Study Says",https://www.nytimes.com/2024/03/05/climate/women-families-poverty-global-warming.html,2024-03-05,,1,https://static01.nyt.com/images/2024/03/05/multimedia/05CLI-ruralwomen-kcmj/05CLI-ruralwomen-kcmj-articleLarge.jpg,../Scripts/output/nytimes/nytimes_images/nytimes_2024-03-05_fa1e0129-8d41-52ec-92b4-73915751550f_img01.jpg,,,0,,0,,1,broad_candidate
fa1e0129-8d41-52ec-92b4-73915751550f,The New York Times,2024,"""global temperature""","Global Warming Is Particularly Bad for Women-Led Families, Study Says",https://www.nytimes.com/2024/03/05/climate/women-families-poverty-global-warming.html,2024-03-05,,2,https://static01.nyt.com/images/2024/03/05/multimedia/05CLI-ruralwomen-kcmj/05CLI-ruralwomen-kcmj-thumbStandard.jpg,../Scripts/output/nytimes/nytimes_images/nytimes_2024-03-05_fa1e0129-8d41-52ec-92b4-73915751550f_img02.jpg,,,0,,0,,1,broad_candidate
956ccd9e-6400-5de2-ad9c-b7f49c606d8e,The New York Times,2024,"""global temperature""","Weirdly Warm Winter Has Climate Fingerprints All Over It, Study Says",https://www.nytimes.com/2024/03/06/climate/winter-february-heat-wave.html,2024-03-07,,1,https://static01.nyt.com/images/2024/03/06/multimedia/06CLI-hotwinter-wbzk/06CLI-hotwinter-wbzk-articleLarge.jpg,../Scripts/output/nytimes/nytimes_images/nytimes_2024-03-07_956ccd9e-6400-5de2-ad9c-b7f49c606d8e_img01.jpg,,,0,,0,,1,broad_candidate
956ccd9e-6400-5de2-ad9c-b7f49c606d8e,The New York Times,2024,"""global temperature""","Weirdly Warm Winter Has Climate Fingerprints All Over It, Study Says",https://www.nytimes.com/2024/03/06/climate/winter-february-heat-wave.html,2024-03-07,,2,https://static01.nyt.com/images/2024/03/06/multimedia/06CLI-hotwinter-wbzk/06CLI-hotwinter-wbzk-thumbStandard.jpg,../Scripts/output/nytimes/nytimes_images/nytimes_2024-03-07_956ccd9e-6400-5de2-ad9c-b7f49c606d8e_img02.jpg,,,0,,0,,1,broad_candidate
2fed95b1-9f8a-50c4-9b4e-f77162823b73,The New York Times,2024,"""global temperature""",Friday Briefing,https://www.nytimes.com/2024/03/08/briefing/biden-trump-speech-gaza.html,2024-03-08,,1,https://static01.nyt.com/images/2024/03/08/multimedia/08ambriefing-euro-promo/08ambriefing-euro-SOTU-qhkw-articleLarge.jpg,../Scripts/output/nytimes/nytimes_images/nytimes_2024-03-08_2fed95b1-9f8a-50c4-9b4e-f77162823b73_img01.jpg,,,0,,0,,1,broad_candidate
2fed95b1-9f8a-50c4-9b4e-f77162823b73,The New York Times,2024,"""global temperature""",Friday Briefing,https://www.nytimes.com/2024/03/08/briefing/biden-trump-speech-gaza.html,2024-03-08,,2,https://static01.nyt.com/images/2024/03/08/multimedia/08ambriefing-euro-promo/08ambriefing-euro-SOTU-qhkw-thumbStandard.jpg,../Scripts/output/nytimes/nytimes_images/nytimes_2024-03-08_2fed95b1-9f8a-50c4-9b4e-f77162823b73_img02.jpg,,,0,,0,,1,broad_candidate
e197e9e0-a4b4-5a15-a51c-7461343347a6,The New York Times,2024,"""global temperature""",Can We Engineer Our Way Out of the Climate Crisis?,https://www.nytimes.com/2024/03/31/climate/climate-change-carbon-capture-ccs.html,2024-03-31,,1,https://static01.nyt.com/images/2024/03/31/multimedia/00cli-iceland-top-fgvj/00cli-iceland-top-fgvj-articleLarge.jpg,../Scripts/output/nytimes/nytimes_images/nytimes_2024-03-31_e197e9e0-a4b4-5a15-a51c-7461343347a6_img01.jpg,,,0,,0,,1,broad_candidate
e197e9e0-a4b4-5a15-a51c-7461343347a6,The New York Times,2024,"""global temperature""",Can We Engineer Our Way Out of the Climate Crisis?,https://www.nytimes.com/2024/03/31/climate/climate-change-carbon-capture-ccs.html,2024-03-31,,2,https://static01.nyt.com/images/2024/03/31/multimedia/00cli-iceland-top-fgvj/00cli-iceland-top-fgvj-thumbStandard.jpg,../Scripts/output/nytimes/nytimes_images/nytimes_2024-03-31_e197e9e0-a4b4-5a15-a51c-7461343347a6_img02.jpg,,,0,,0,,1,broad_candidate
9dc8a5a3-eb58-5255-8748-9a2cefd5a243,The New York Times,2024,"""carbon budget""","In Landmark Climate Ruling, European Court Faults Switzerland",https://www.nytimes.com/2024/04/09/world/europe/climate-human-rights.html,2024-04-09,,1,https://static01.nyt.com/images/2024/04/09/multimedia/09europe-climate-cqhg/09europe-climate-cqhg-articleLarge-v2.jpg,../Scripts/output/nytimes/nytimes_images/nytimes_2024-04-09_9dc8a5a3-eb58-5255-8748-9a2cefd5a243_img01.jpg,,,0,,0,,1,broad_candidate
9dc8a5a3-eb58-5255-8748-9a2cefd5a243,The New York Times,2024,"""carbon budget""","In Landmark Climate Ruling, European Court Faults Switzerland",https://www.nytimes.com/2024/04/09/world/europe/climate-human-rights.html,2024-04-09,,2,https://static01.nyt.com/images/2024/04/09/multimedia/09europe-climate-cqhg/09europe-climate-cqhg-thumbStandard.jpg,../Scripts/output/nytimes/nytimes_images/nytimes_2024-04-09_9dc8a5a3-eb58-5255-8748-9a2cefd5a243_img02.jpg,,,0,,0,,1,broad_candidate
494fa4e3-bf10-5c21-8994-ea36f4eee712,The New York Times,2024,"""carbon budget""",Carbon Dioxide Levels Have Passed a New Milestone,https://www.nytimes.com/interactive/2024/04/20/upshot/carbon-dioxide-growth.html,2024-04-20,,1,https://static01.nyt.com/images/2024/04/18/multimedia/2024-03-25-carbon-growth-index/2024-03-25-carbon-growth-index-articleLarge-v5.png,../Scripts/output/nytimes/nytimes_images/nytimes_2024-04-20_494fa4e3-bf10-5c21-8994-ea36f4eee712_img01.png,,,0,,0,,1,broad_candidate
494fa4e3-bf10-5c21-8994-ea36f4eee712,The New York Times,2024,"""carbon budget""",Carbon Dioxide Levels Have Passed a New Milestone,https://www.nytimes.com/interactive/2024/04/20/upshot/carbon-dioxide-growth.html,2024-04-20,,2,https://static01.nyt.com/images/2024/04/18/multimedia/2024-03-25-carbon-growth-index/2024-03-25-carbon-growth-index-thumbStandard-v5.png,../Scripts/output/nytimes/nytimes_images/nytimes_2024-04-20_494fa4e3-bf10-5c21-8994-ea36f4eee712_img02.png,,,0,,0,,1,broad_candidate
2a54c3d1-ca58-5e0d-8d34-23881faf690c,The New York Times,2024,"""global temperature""",Heat Stress Is Hitting Caribbean Reefs Earlier Than Ever This Year,https://www.nytimes.com/2024/05/16/climate/coral-reefs-heat-stress-bleaching.html,2024-05-16,,1,https://static01.nyt.com/images/2024/05/16/multimedia/16cli-coral-vwlb/16cli-coral-vwlb-articleLarge.jpg,../Scripts/output/nytimes/nytimes_images/nytimes_2024-05-16_2a54c3d1-ca58-5e0d-8d34-23881faf690c_img01.jpg,,,0,,0,,1,broad_candidate
2a54c3d1-ca58-5e0d-8d34-23881faf690c,The New York Times,2024,"""global temperature""",Heat Stress Is Hitting Caribbean Reefs Earlier Than Ever This Year,https://www.nytimes.com/2024/05/16/climate/coral-reefs-heat-stress-bleaching.html,2024-05-16,,2,https://static01.nyt.com/images/2024/05/16/multimedia/16cli-coral-vwlb/16cli-coral-vwlb-thumbStandard.jpg,../Scripts/output/nytimes/nytimes_images/nytimes_2024-05-16_2a54c3d1-ca58-5e0d-8d34-23881faf690c_img02.jpg,,,0,,0,,1,broad_candidate
f5e1a428-4dcb-5a7c-99a6-313bbc99704c,The New York Times,2024,"""1.5C""",Read the lawsuit against Live Nation,https://www.nytimes.com/interactive/2024/05/23/us/23livenation-lawsuit.html,2024-05-23,,1,https://static01.nyt.com/images/2024/05/23/doc-e771b7dc-bed8-4d41-9ef3-9-promo/doc-e771b7dc-bed8-4d41-9ef3-9-promo-articleLarge.png,../Scripts/output/nytimes/nytimes_images/nytimes_2024-05-23_f5e1a428-4dcb-5a7c-99a6-313bbc99704c_img01.png,,,0,,0,,1,broad_candidate
f5e1a428-4dcb-5a7c-99a6-313bbc99704c,The New York Times,2024,"""1.5C""",Read the lawsuit against Live Nation,https://www.nytimes.com/interactive/2024/05/23/us/23livenation-lawsuit.html,2024-05-23,,2,https://static01.nyt.com/images/2024/05/23/doc-e771b7dc-bed8-4d41-9ef3-9-promo/doc-e771b7dc-bed8-4d41-9ef3-9-promo-thumbStandard.png,../Scripts/output/nytimes/nytimes_images/nytimes_2024-05-23_f5e1a428-4dcb-5a7c-99a6-313bbc99704c_img02.png,,,0,,0,,1,broad_candidate
072e9cd6-2980-5a02-9039-d4f4b7fa4025,The New York Times,2024,"""global temperature""",The Right Kind of Tipping Point,https://www.nytimes.com/2024/05/30/climate/carbon-emissions-falling-global.html,2024-05-30,,1,https://static01.nyt.com/images/2024/05/30/multimedia/30cli-newsletter-01-lpjw/30cli-newsletter-01-lpjw-articleLarge.jpg,../Scripts/output/nytimes/nytimes_images/nytimes_2024-05-30_072e9cd6-2980-5a02-9039-d4f4b7fa4025_img01.jpg,,,0,,0,,1,broad_candidate
072e9cd6-2980-5a02-9039-d4f4b7fa4025,The New York Times,2024,"""global temperature""",The Right Kind of Tipping Point,https://www.nytimes.com/2024/05/30/climate/carbon-emissions-falling-global.html,2024-05-30,,2,https://static01.nyt.com/images/2024/05/30/multimedia/30cli-newsletter-01-lpjw/30cli-newsletter-01-lpjw-thumbStandard.jpg,../Scripts/output/nytimes/nytimes_images/nytimes_2024-05-30_072e9cd6-2980-5a02-9039-d4f4b7fa4025_img02.jpg,,,0,,0,,1,broad_candidate
0cd7beb7-41bd-50be-928f-db3f2770745d,The New York Times,2024,"""global temperature""",Republican Leaders Seek to Avenge Trump,https://www.nytimes.com/2024/06/05/briefing/trump-republicans-revenge-new-york-tolls.html,2024-06-05,,1,https://static01.nyt.com/images/2024/06/05/multimedia/05evening-nl-trump-mjhf/05evening-nl-trump-mjhf-articleLarge.jpg,../Scripts/output/nytimes/nytimes_images/nytimes_2024-06-05_0cd7beb7-41bd-50be-928f-db3f2770745d_img01.jpg,,,0,,0,,1,broad_candidate
0cd7beb7-41bd-50be-928f-db3f2770745d,The New York Times,2024,"""global temperature""",Republican Leaders Seek to Avenge Trump,https://www.nytimes.com/2024/06/05/briefing/trump-republicans-revenge-new-york-tolls.html,2024-06-05,,2,https://static01.nyt.com/images/2024/06/05/multimedia/05evening-nl-trump-mjhf/05evening-nl-trump-mjhf-thumbStandard.jpg,../Scripts/output/nytimes/nytimes_images/nytimes_2024-06-05_0cd7beb7-41bd-50be-928f-db3f2770745d_img02.jpg,,,0,,0,,1,broad_candidate
4dc6b298-aa69-5388-84bd-27714288f6f3,The New York Times,2024,"""global temperature""",Thursday Briefing: A Special Report From Sudan,https://www.nytimes.com/2024/06/05/world/asia/sudan-israel-heat-dday-india-asia.html,2024-06-05,,1,https://static01.nyt.com/images/2024/06/06/multimedia/06ambriefing-asia-nl-hjqt/06ambriefing-asia-nl-hjqt-articleLarge-v2.jpg,../Scripts/output/nytimes/nytimes_images/nytimes_2024-06-05_4dc6b298-aa69-5388-84bd-27714288f6f3_img01.jpg,,,0,,0,,1,broad_candidate
4dc6b298-aa69-5388-84bd-27714288f6f3,The New York Times,2024,"""global temperature""",Thursday Briefing: A Special Report From Sudan,https://www.nytimes.com/2024/06/05/world/asia/sudan-israel-heat-dday-india-asia.html,2024-06-05,,2,https://static01.nyt.com/images/2024/06/06/multimedia/06ambriefing-asia-nl-hjqt/06ambriefing-asia-nl-hjqt-thumbStandard-v2.jpg,../Scripts/output/nytimes/nytimes_images/nytimes_2024-06-05_4dc6b298-aa69-5388-84bd-27714288f6f3_img02.jpg,,,0,,0,,1,broad_candidate
83dc1a86-fcd8-5d7f-90c5-4d8e5f5dbd81,The New York Times,2024,"""global temperature""",‘Hanging by a Thread’: U.N. Chief Warns of Missing a Key Climate Target,https://www.nytimes.com/2024/06/05/climate/global-warming-outlook.html,2024-06-05,,1,https://static01.nyt.com/images/2024/06/05/multimedia/05cli-un-heat-01-fhlk/05cli-un-heat-01-fhlk-articleLarge.jpg,../Scripts/output/nytimes/nytimes_images/nytimes_2024-06-05_83dc1a86-fcd8-5d7f-90c5-4d8e5f5dbd81_img01.jpg,,,0,,0,,1,broad_candidate
83dc1a86-fcd8-5d7f-90c5-4d8e5f5dbd81,The New York Times,2024,"""global temperature""",‘Hanging by a Thread’: U.N. Chief Warns of Missing a Key Climate Target,https://www.nytimes.com/2024/06/05/climate/global-warming-outlook.html,2024-06-05,,2,https://static01.nyt.com/images/2024/06/05/multimedia/05cli-un-heat-01-fhlk/05cli-un-heat-01-fhlk-thumbStandard.jpg,../Scripts/output/nytimes/nytimes_images/nytimes_2024-06-05_83dc1a86-fcd8-5d7f-90c5-4d8e5f5dbd81_img02.jpg,,,0,,0,,1,broad_candidate
106ee8b5-4246-51cd-9d49-6e495678b8f2,The New York Times,2024,"""global temperature""",Thursday Briefing,https://www.nytimes.com/2024/06/06/briefing/sudan-war-israel-influence.html,2024-06-06,,1,https://static01.nyt.com/images/2024/06/06/multimedia/06ambriefing-europe-nl/06ambriefing-asia-nl-gcvl-articleLarge-v2.jpg,../Scripts/output/nytimes/nytimes_images/nytimes_2024-06-06_106ee8b5-4246-51cd-9d49-6e495678b8f2_img01.jpg,,,0,,0,,1,broad_candidate
106ee8b5-4246-51cd-9d49-6e495678b8f2,The New York Times,2024,"""global temperature""",Thursday Briefing,https://www.nytimes.com/2024/06/06/briefing/sudan-war-israel-influence.html,2024-06-06,,2,https://static01.nyt.com/images/2024/06/06/multimedia/06ambriefing-europe-nl/06ambriefing-asia-nl-gcvl-thumbStandard-v2.jpg,../Scripts/output/nytimes/nytimes_images/nytimes_2024-06-06_106ee8b5-4246-51cd-9d49-6e495678b8f2_img02.jpg,,,0,,0,,1,broad_candidate
1fc01c13-ff5d-55d2-b283-53ddb681e058,The New York Times,2024,"""global temperature""",5 Numbers to Know About the Coming Heat Wave,https://www.nytimes.com/2024/06/16/us/heat-wave-by-numbers.html,2024-06-16,,1,https://static01.nyt.com/images/2024/06/16/multimedia/16nat-heat-numbers-hfjb/16nat-heat-numbers-hfjb-articleLarge.jpg,../Scripts/output/nytimes/nytimes_images/nytimes_2024-06-16_1fc01c13-ff5d-55d2-b283-53ddb681e058_img01.jpg,,,0,,0,,1,broad_candidate
1fc01c13-ff5d-55d2-b283-53ddb681e058,The New York Times,2024,"""global temperature""",5 Numbers to Know About the Coming Heat Wave,https://www.nytimes.com/2024/06/16/us/heat-wave-by-numbers.html,2024-06-16,,2,https://static01.nyt.com/images/2024/06/16/multimedia/16nat-heat-numbers-hfjb/16nat-heat-numbers-hfjb-thumbStandard.jpg,../Scripts/output/nytimes/nytimes_images/nytimes_2024-06-16_1fc01c13-ff5d-55d2-b283-53ddb681e058_img02.jpg,,,0,,0,,1,broad_candidate
69769f56-1053-54dd-945e-8426d231e645,The New York Times,2024,"""global temperature""",An Early Heat Wave Is Sweeping the Country,https://www.nytimes.com/2024/06/17/briefing/heat-wave-midwest-social-media-warning-labels.html,2024-06-17,,1,https://static01.nyt.com/images/2024/06/17/multimedia/17evening-nl-cbkf/17evening-nl-cbkf-articleLarge.jpg,../Scripts/output/nytimes/nytimes_images/nytimes_2024-06-17_69769f56-1053-54dd-945e-8426d231e645_img01.jpg,,,0,,0,,1,broad_candidate
69769f56-1053-54dd-945e-8426d231e645,The New York Times,2024,"""global temperature""",An Early Heat Wave Is Sweeping the Country,https://www.nytimes.com/2024/06/17/briefing/heat-wave-midwest-social-media-warning-labels.html,2024-06-17,,2,https://static01.nyt.com/images/2024/06/17/multimedia/17evening-nl-cbkf/17evening-nl-cbkf-thumbStandard.jpg,../Scripts/output/nytimes/nytimes_images/nytimes_2024-06-17_69769f56-1053-54dd-945e-8426d231e645_img02.jpg,,,0,,0,,1,broad_candidate
e1520c2a-4eb6-5d60-aecf-b6f2d39b0f67,The New York Times,2024,"""global temperature""","The Mysterious, Deep-Dwelling Microbes That Sculpt Our Planet",https://www.nytimes.com/2024/06/24/magazine/earth-geomicrobiology-microbes.html,2024-06-24,,1,https://static01.nyt.com/images/2024/06/30/magazine/30Mag-Earth-1/30Mag-Earth-1-articleLarge-v2.jpg,../Scripts/output/nytimes/nytimes_images/nytimes_2024-06-24_e1520c2a-4eb6-5d60-aecf-b6f2d39b0f67_img01.jpg,,,0,,0,,1,broad_candidate
e1520c2a-4eb6-5d60-aecf-b6f2d39b0f67,The New York Times,2024,"""global temperature""","The Mysterious, Deep-Dwelling Microbes That Sculpt Our Planet",https://www.nytimes.com/2024/06/24/magazine/earth-geomicrobiology-microbes.html,2024-06-24,,2,https://static01.nyt.com/images/2024/06/30/magazine/30Mag-Earth-1/30Mag-Earth-1-thumbStandard-v3.jpg,../Scripts/output/nytimes/nytimes_images/nytimes_2024-06-24_e1520c2a-4eb6-5d60-aecf-b6f2d39b0f67_img02.jpg,,,0,,0,,1,broad_candidate
877b0639-cb2e-5b96-89a4-91ef60e01f2b,The New York Times,2024,"""global temperature""","In New York, Protesting the Backers of Big Oil With Die-Ins, Drums and Song",https://www.nytimes.com/2024/07/11/climate/citibank-protests-climate-fossil-fuel-nyc.html,2024-07-11,,1,https://static01.nyt.com/images/2024/07/11/multimedia/11cli-protest-01-cbtm/11cli-protest-01-cbtm-articleLarge.jpg,../Scripts/output/nytimes/nytimes_images/nytimes_2024-07-11_877b0639-cb2e-5b96-89a4-91ef60e01f2b_img01.jpg,,,0,,0,,1,broad_candidate
877b0639-cb2e-5b96-89a4-91ef60e01f2b,The New York Times,2024,"""global temperature""","In New York, Protesting the Backers of Big Oil With Die-Ins, Drums and Song",https://www.nytimes.com/2024/07/11/climate/citibank-protests-climate-fossil-fuel-nyc.html,2024-07-11,,2,https://static01.nyt.com/images/2024/07/11/multimedia/11cli-protest-01-cbtm/11cli-protest-01-cbtm-thumbStandard.jpg,../Scripts/output/nytimes/nytimes_images/nytimes_2024-07-11_877b0639-cb2e-5b96-89a4-91ef60e01f2b_img02.jpg,,,0,,0,,1,broad_candidate
8b6943ce-e166-5b1a-bec8-cb85b5a3fd75,The New York Times,2024,"""global temperature""","At the Republican National Convention, Climate Change Isn’t a Problem",https://www.nytimes.com/2024/07/15/climate/republicans-climate-change-fossil-fuels.html,2024-07-15,,1,https://static01.nyt.com/images/2024/07/12/multimedia/00cli-gopclimate-fckh/00cli-gopclimate-fckh-articleLarge.jpg,../Scripts/output/nytimes/nytimes_images/nytimes_2024-07-15_8b6943ce-e166-5b1a-bec8-cb85b5a3fd75_img01.jpg,,,0,,0,,1,broad_candidate
8b6943ce-e166-5b1a-bec8-cb85b5a3fd75,The New York Times,2024,"""global temperature""","At the Republican National Convention, Climate Change Isn’t a Problem",https://www.nytimes.com/2024/07/15/climate/republicans-climate-change-fossil-fuels.html,2024-07-15,,2,https://static01.nyt.com/images/2024/07/12/multimedia/00cli-gopclimate-fckh/00cli-gopclimate-fckh-thumbStandard.jpg,../Scripts/output/nytimes/nytimes_images/nytimes_2024-07-15_8b6943ce-e166-5b1a-bec8-cb85b5a3fd75_img02.jpg,,,0,,0,,1,broad_candidate
07aa10df-fbef-5560-a102-06dd33de7fa5,The New York Times,2024,"""net zero""","Britain Needs to Move Faster on Climate, Monitoring Group Says",https://www.nytimes.com/2024/07/17/business/britain-climate-change-energy-transition.html,2024-07-17,,1,https://static01.nyt.com/images/2024/07/17/multimedia/17uk-climate-fhpw/17uk-climate-fhpw-articleLarge.jpg,../Scripts/output/nytimes/nytimes_images/nytimes_2024-07-17_07aa10df-fbef-5560-a102-06dd33de7fa5_img01.jpg,,,0,,0,,1,broad_candidate
07aa10df-fbef-5560-a102-06dd33de7fa5,The New York Times,2024,"""net zero""","Britain Needs to Move Faster on Climate, Monitoring Group Says",https://www.nytimes.com/2024/07/17/business/britain-climate-change-energy-transition.html,2024-07-17,,2,https://static01.nyt.com/images/2024/07/17/multimedia/17uk-climate-fhpw/17uk-climate-fhpw-thumbStandard.jpg,../Scripts/output/nytimes/nytimes_images/nytimes_2024-07-17_07aa10df-fbef-5560-a102-06dd33de7fa5_img02.jpg,,,0,,0,,1,broad_candidate
0b29ef25-d066-5373-991a-dc521aa60c7b,The New York Times,2024,"""net zero""",Promise of a Changed U.K. Comes Wrapped in Royal Tradition,https://www.nytimes.com/2024/07/17/world/europe/kings-speech-uk.html,2024-07-17,,1,https://static01.nyt.com/images/2024/07/17/multimedia/17uk-king-01-vmjc/17uk-king-01-vmjc-articleLarge.jpg,../Scripts/output/nytimes/nytimes_images/nytimes_2024-07-17_0b29ef25-d066-5373-991a-dc521aa60c7b_img01.jpg,,,0,,0,,1,broad_candidate
0b29ef25-d066-5373-991a-dc521aa60c7b,The New York Times,2024,"""net zero""",Promise of a Changed U.K. Comes Wrapped in Royal Tradition,https://www.nytimes.com/2024/07/17/world/europe/kings-speech-uk.html,2024-07-17,,2,https://static01.nyt.com/images/2024/07/17/multimedia/17uk-king-01-vmjc/17uk-king-01-vmjc-thumbStandard.jpg,../Scripts/output/nytimes/nytimes_images/nytimes_2024-07-17_0b29ef25-d066-5373-991a-dc521aa60c7b_img02.jpg,,,0,,0,,1,broad_candidate
99be3063-d205-5943-9756-1d51d2ff07f1,The New York Times,2024,"""net zero""",Friday Briefing,https://www.nytimes.com/2024/07/19/briefing/trump-biden-gaza-france.html,2024-07-19,,1,https://static01.nyt.com/images/2024/07/19/multimedia/19ambriefing-europe-nl-trump-blpg/19ambriefing-europe-nl-trump-blpg-articleLarge.jpg,../Scripts/output/nytimes/nytimes_images/nytimes_2024-07-19_99be3063-d205-5943-9756-1d51d2ff07f1_img01.jpg,,,0,,0,,1,broad_candidate
99be3063-d205-5943-9756-1d51d2ff07f1,The New York Times,2024,"""net zero""",Friday Briefing,https://www.nytimes.com/2024/07/19/briefing/trump-biden-gaza-france.html,2024-07-19,,2,https://static01.nyt.com/images/2024/07/19/multimedia/19ambriefing-europe-nl-trump-blpg/19ambriefing-europe-nl-trump-blpg-thumbStandard.jpg,../Scripts/output/nytimes/nytimes_images/nytimes_2024-07-19_99be3063-d205-5943-9756-1d51d2ff07f1_img02.jpg,,,0,,0,,1,broad_candidate
a0c87257-0f40-5fab-b04e-6b693c5f928f,The New York Times,2024,"""net zero""",Can Kamala Harris Finish Biden’s Climate Agenda?,https://www.nytimes.com/2024/07/23/climate/kamala-harris-biden-climate-policy.html,2024-07-23,,1,https://static01.nyt.com/images/2024/07/23/multimedia/23cli-newsletter-fcbm/23cli-newsletter-fcbm-articleLarge.jpg,../Scripts/output/nytimes/nytimes_images/nytimes_2024-07-23_a0c87257-0f40-5fab-b04e-6b693c5f928f_img01.jpg,,,0,,0,,1,broad_candidate
a0c87257-0f40-5fab-b04e-6b693c5f928f,The New York Times,2024,"""net zero""",Can Kamala Harris Finish Biden’s Climate Agenda?,https://www.nytimes.com/2024/07/23/climate/kamala-harris-biden-climate-policy.html,2024-07-23,,2,https://static01.nyt.com/images/2024/07/23/multimedia/23cli-newsletter-fcbm/23cli-newsletter-fcbm-thumbStandard.jpg,../Scripts/output/nytimes/nytimes_images/nytimes_2024-07-23_a0c87257-0f40-5fab-b04e-6b693c5f928f_img02.jpg,,,0,,0,,1,broad_candidate
f6bcc01a-2c1c-542d-a8a7-bd4ae3ce68ed,The New York Times,2024,"""global temperature""",Planet Sets Record for Hottest Day Twice in a Row,https://www.nytimes.com/2024/07/24/climate/hottest-day-earth-record.html,2024-07-24,,1,https://static01.nyt.com/images/2024/07/24/travel/24xp-globaltemp/24xp-globaltemp-articleLarge.jpg,../Scripts/output/nytimes/nytimes_images/nytimes_2024-07-24_f6bcc01a-2c1c-542d-a8a7-bd4ae3ce68ed_img01.jpg,,,0,,0,,1,broad_candidate
f6bcc01a-2c1c-542d-a8a7-bd4ae3ce68ed,The New York Times,2024,"""global temperature""",Planet Sets Record for Hottest Day Twice in a Row,https://www.nytimes.com/2024/07/24/climate/hottest-day-earth-record.html,2024-07-24,,2,https://static01.nyt.com/images/2024/07/24/travel/24xp-globaltemp/24xp-globaltemp-thumbStandard.jpg,../Scripts/output/nytimes/nytimes_images/nytimes_2024-07-24_f6bcc01a-2c1c-542d-a8a7-bd4ae3ce68ed_img02.jpg,,,0,,0,,1,broad_candidate
8a441bfd-fbca-5daa-9797-1c4eeb8f5b73,The New York Times,2024,"""global temperature""",Earth’s Hottest Days Ever,https://www.nytimes.com/2024/07/25/climate/earths-hottest-days-ever.html,2024-07-25,,1,https://static01.nyt.com/images/2024/07/25/multimedia/25cli-newsletter-hqjw/25cli-newsletter-hqjw-articleLarge.jpg,../Scripts/output/nytimes/nytimes_images/nytimes_2024-07-25_8a441bfd-fbca-5daa-9797-1c4eeb8f5b73_img01.jpg,,,0,,0,,1,broad_candidate
8a441bfd-fbca-5daa-9797-1c4eeb8f5b73,The New York Times,2024,"""global temperature""",Earth’s Hottest Days Ever,https://www.nytimes.com/2024/07/25/climate/earths-hottest-days-ever.html,2024-07-25,,2,https://static01.nyt.com/images/2024/07/25/multimedia/25cli-newsletter-hqjw/25cli-newsletter-hqjw-thumbStandard.jpg,../Scripts/output/nytimes/nytimes_images/nytimes_2024-07-25_8a441bfd-fbca-5daa-9797-1c4eeb8f5b73_img02.jpg,,,0,,0,,1,broad_candidate
86617635-eb7b-520b-a3d1-d77b37167b4f,The New York Times,2024,"""net zero""",Inside Silicon Valley’s Political Rift,https://www.nytimes.com/2024/07/30/business/dealbook/silicon-valley-politics.html,2024-07-30,,1,https://static01.nyt.com/images/2024/07/30/multimedia/DB30-Harris-Trump-zlvc/DB30-Harris-Trump-zlvc-articleLarge.jpg,../Scripts/output/nytimes/nytimes_images/nytimes_2024-07-30_86617635-eb7b-520b-a3d1-d77b37167b4f_img01.jpg,,,0,,0,,1,broad_candidate
86617635-eb7b-520b-a3d1-d77b37167b4f,The New York Times,2024,"""net zero""",Inside Silicon Valley’s Political Rift,https://www.nytimes.com/2024/07/30/business/dealbook/silicon-valley-politics.html,2024-07-30,,2,https://static01.nyt.com/images/2024/07/30/multimedia/DB30-Harris-Trump-zlvc/DB30-Harris-Trump-zlvc-thumbStandard.jpg,../Scripts/output/nytimes/nytimes_images/nytimes_2024-07-30_86617635-eb7b-520b-a3d1-d77b37167b4f_img02.jpg,,,0,,0,,1,broad_candidate
a0216946-a0f0-50c4-92d6-61fd2aa4e3f3,The New York Times,2024,"""sea level rise""",Underwater Robot Reveals ‘Enigmatic’ Shapes on the Bottom of Antarctic Ice,https://www.nytimes.com/2024/07/31/climate/antarctic-glacier-underside.html,2024-07-31,,1,https://static01.nyt.com/images/2024/07/31/multimedia/31cli-glacier-07-mbvk/31cli-glacier-07-mbvk-articleLarge.jpg,../Scripts/output/nytimes/nytimes_images/nytimes_2024-07-31_a0216946-a0f0-50c4-92d6-61fd2aa4e3f3_img01.jpg,,,0,,0,,1,broad_candidate
a0216946-a0f0-50c4-92d6-61fd2aa4e3f3,The New York Times,2024,"""sea level rise""",Underwater Robot Reveals ‘Enigmatic’ Shapes on the Bottom of Antarctic Ice,https://www.nytimes.com/2024/07/31/climate/antarctic-glacier-underside.html,2024-07-31,,2,https://static01.nyt.com/images/2024/07/31/multimedia/31cli-glacier-07-mbvk/31cli-glacier-07-mbvk-thumbStandard.jpg,../Scripts/output/nytimes/nytimes_images/nytimes_2024-07-31_a0216946-a0f0-50c4-92d6-61fd2aa4e3f3_img02.jpg,,,0,,0,,1,broad_candidate
0baa6fe3-b524-535c-8b91-2fe5584031dd,The New York Times,2024,"""net zero""",Tim Walz Has Championed Climate as Governor,https://www.nytimes.com/2024/08/06/climate/tim-walz-climate-change.html,2024-08-06,,1,https://static01.nyt.com/images/2024/08/05/climate/00cli-walzclimate-HFO/00cli-walzclimate-HFO-articleLarge.jpg,../Scripts/output/nytimes/nytimes_images/nytimes_2024-08-06_0baa6fe3-b524-535c-8b91-2fe5584031dd_img01.jpg,,,0,,0,,1,broad_candidate
0baa6fe3-b524-535c-8b91-2fe5584031dd,The New York Times,2024,"""net zero""",Tim Walz Has Championed Climate as Governor,https://www.nytimes.com/2024/08/06/climate/tim-walz-climate-change.html,2024-08-06,,2,https://static01.nyt.com/images/2024/08/05/climate/00cli-walzclimate-HFO/00cli-walzclimate-HFO-thumbStandard.jpg,../Scripts/output/nytimes/nytimes_images/nytimes_2024-08-06_0baa6fe3-b524-535c-8b91-2fe5584031dd_img02.jpg,,,0,,0,,1,broad_candidate
f0f3158e-eca7-5494-9f6b-73edd1dcef37,The New York Times,2024,"""net zero""",Where Tim Walz Stands on the Issues,https://www.nytimes.com/2024/08/06/us/politics/tim-walz-harris-vp-policies.html,2024-08-06,,1,https://static01.nyt.com/images/2024/08/05/multimedia/00issues-walz-top-qpwf/00issues-walz-top-qpwf-articleLarge.jpg,../Scripts/output/nytimes/nytimes_images/nytimes_2024-08-06_f0f3158e-eca7-5494-9f6b-73edd1dcef37_img01.jpg,,,0,,0,,1,broad_candidate
f0f3158e-eca7-5494-9f6b-73edd1dcef37,The New York Times,2024,"""net zero""",Where Tim Walz Stands on the Issues,https://www.nytimes.com/2024/08/06/us/politics/tim-walz-harris-vp-policies.html,2024-08-06,,2,https://static01.nyt.com/images/2024/08/05/multimedia/00issues-walz-top-qpwf/00issues-walz-top-qpwf-thumbStandard.jpg,../Scripts/output/nytimes/nytimes_images/nytimes_2024-08-06_f0f3158e-eca7-5494-9f6b-73edd1dcef37_img02.jpg,,,0,,0,,1,broad_candidate
cf4a0bf9-1442-5757-bc87-c896a9cd1ca5,The New York Times,2024,"""sea level rise""","After Breaking Free, World’s Largest Iceberg Is Stuck Spinning in Circles",https://www.nytimes.com/2024/08/07/science/a23a-iceberg-antarctica-spinning.html,2024-08-07,,1,https://static01.nyt.com/images/2024/08/13/multimedia/00xp-iceberg/00xp-iceberg-articleLarge.jpg,../Scripts/output/nytimes/nytimes_images/nytimes_2024-08-07_cf4a0bf9-1442-5757-bc87-c896a9cd1ca5_img01.jpg,,,0,,0,,1,broad_candidate
cf4a0bf9-1442-5757-bc87-c896a9cd1ca5,The New York Times,2024,"""sea level rise""","After Breaking Free, World’s Largest Iceberg Is Stuck Spinning in Circles",https://www.nytimes.com/2024/08/07/science/a23a-iceberg-antarctica-spinning.html,2024-08-07,,2,https://static01.nyt.com/images/2024/08/13/multimedia/00xp-iceberg/00xp-iceberg-thumbStandard.jpg,../Scripts/output/nytimes/nytimes_images/nytimes_2024-08-07_cf4a0bf9-1442-5757-bc87-c896a9cd1ca5_img02.jpg,,,0,,0,,1,broad_candidate
01f17153-d338-582f-9ca7-76518e43d12c,The New York Times,2024,"""net zero""",Thread Component,https://www.nytimes.com/2024/08/07/crosswords/daily-puzzle-2024-08-08.html,2024-08-08,,1,https://static01.nyt.com/images/2024/08/08/crosswords/08wordplay-threads/08wordplay-threads-articleLarge.jpg,../Scripts/output/nytimes/nytimes_images/nytimes_2024-08-08_01f17153-d338-582f-9ca7-76518e43d12c_img01.jpg,,,0,,0,,1,broad_candidate
01f17153-d338-582f-9ca7-76518e43d12c,The New York Times,2024,"""net zero""",Thread Component,https://www.nytimes.com/2024/08/07/crosswords/daily-puzzle-2024-08-08.html,2024-08-08,,2,https://static01.nyt.com/images/2024/08/08/crosswords/08wordplay-threads/08wordplay-threads-thumbStandard.jpg,../Scripts/output/nytimes/nytimes_images/nytimes_2024-08-08_01f17153-d338-582f-9ca7-76518e43d12c_img02.jpg,,,0,,0,,1,broad_candidate
233dc6a3-6764-5629-a577-a855a7fbc353,The New York Times,2024,"""net zero""",What’s Driving the Topsy-Turvy Markets,https://www.nytimes.com/2024/08/08/business/dealbook/markets-jobless-claims-recession.html,2024-08-08,,1,https://static01.nyt.com/images/2024/08/08/multimedia/08db-stocks-mglc/08db-stocks-mglc-articleLarge.jpg,../Scripts/output/nytimes/nytimes_images/nytimes_2024-08-08_233dc6a3-6764-5629-a577-a855a7fbc353_img01.jpg,,,0,,0,,1,broad_candidate
233dc6a3-6764-5629-a577-a855a7fbc353,The New York Times,2024,"""net zero""",What’s Driving the Topsy-Turvy Markets,https://www.nytimes.com/2024/08/08/business/dealbook/markets-jobless-claims-recession.html,2024-08-08,,2,https://static01.nyt.com/images/2024/08/08/multimedia/08db-stocks-mglc/08db-stocks-mglc-thumbStandard.jpg,../Scripts/output/nytimes/nytimes_images/nytimes_2024-08-08_233dc6a3-6764-5629-a577-a855a7fbc353_img02.jpg,,,0,,0,,1,broad_candidate
27c2afaa-2275-566b-8127-4c88a956f722,The New York Times,2024,"""sea level rise""",Tropical Storm Debby Highlights the Southeast’s Climate Vulnerabilities,https://www.nytimes.com/2024/08/08/climate/tropical-storm-debby-climate-change-southeast.html,2024-08-08,,1,https://static01.nyt.com/images/2024/08/08/multimedia/08cli-newsletter-hfcl/08cli-newsletter-hfcl-articleLarge.jpg,../Scripts/output/nytimes/nytimes_images/nytimes_2024-08-08_27c2afaa-2275-566b-8127-4c88a956f722_img01.jpg,,,0,,0,,1,broad_candidate
27c2afaa-2275-566b-8127-4c88a956f722,The New York Times,2024,"""sea level rise""",Tropical Storm Debby Highlights the Southeast’s Climate Vulnerabilities,https://www.nytimes.com/2024/08/08/climate/tropical-storm-debby-climate-change-southeast.html,2024-08-08,,2,https://static01.nyt.com/images/2024/08/08/multimedia/08cli-newsletter-hfcl/08cli-newsletter-hfcl-thumbStandard.jpg,../Scripts/output/nytimes/nytimes_images/nytimes_2024-08-08_27c2afaa-2275-566b-8127-4c88a956f722_img02.jpg,,,0,,0,,1,broad_candidate
7db7a662-415a-5f69-818a-b54b2c71472a,The New York Times,2024,"""sea level rise""",How Close Are the Planet’s Climate Tipping Points?,https://www.nytimes.com/interactive/2024/08/11/climate/earth-warming-climate-tipping-points.html,2024-08-11,,1,https://static01.nyt.com/images/2024/08/07/climate/00cli-tippingpoints-promo/00cli-tippingpoints-promo-articleLarge.png,../Scripts/output/nytimes/nytimes_images/nytimes_2024-08-11_7db7a662-415a-5f69-818a-b54b2c71472a_img01.png,,,0,,0,,1,broad_candidate
7db7a662-415a-5f69-818a-b54b2c71472a,The New York Times,2024,"""sea level rise""",How Close Are the Planet’s Climate Tipping Points?,https://www.nytimes.com/interactive/2024/08/11/climate/earth-warming-climate-tipping-points.html,2024-08-11,,2,https://static01.nyt.com/images/2024/08/07/climate/00cli-tippingpoints-promo/00cli-tippingpoints-promo-thumbStandard.png,../Scripts/output/nytimes/nytimes_images/nytimes_2024-08-11_7db7a662-415a-5f69-818a-b54b2c71472a_img02.png,,,0,,0,,1,broad_candidate
81ce3b41-a73a-5583-91ad-a4e3cc978834,The New York Times,2024,"""sea level rise""","9 Things Musk and Trump Said About Climate Change, Annotated",https://www.nytimes.com/2024/08/13/climate/elon-musk-trump-climate.html,2024-08-13,,1,https://static01.nyt.com/images/2024/08/12/multimedia/13cli-ELON-TRUMP/13cli-ELON-TRUMP-articleLarge.jpg,../Scripts/output/nytimes/nytimes_images/nytimes_2024-08-13_81ce3b41-a73a-5583-91ad-a4e3cc978834_img01.jpg,,,0,,0,,1,broad_candidate
81ce3b41-a73a-5583-91ad-a4e3cc978834,The New York Times,2024,"""sea level rise""","9 Things Musk and Trump Said About Climate Change, Annotated",https://www.nytimes.com/2024/08/13/climate/elon-musk-trump-climate.html,2024-08-13,,2,https://static01.nyt.com/images/2024/08/12/multimedia/13cli-ELON-TRUMP/13cli-ELON-TRUMP-thumbStandard.jpg,../Scripts/output/nytimes/nytimes_images/nytimes_2024-08-13_81ce3b41-a73a-5583-91ad-a4e3cc978834_img02.jpg,,,0,,0,,1,broad_candidate
6dc2f861-344e-52b0-8c83-187dc6c9ed19,The New York Times,2024,"""sea level rise""","Another Outer Banks Home Collapses Into Ocean, a Stark Reminder of Climate Change",https://www.nytimes.com/2024/08/17/us/north-carolina-house-collapse-ernesto.html,2024-08-17,,1,https://static01.nyt.com/images/2024/08/17/multimedia/nat-house-collapse-hgzb/nat-house-collapse-hgzb-articleLarge.jpg,../Scripts/output/nytimes/nytimes_images/nytimes_2024-08-17_6dc2f861-344e-52b0-8c83-187dc6c9ed19_img01.jpg,,,0,,0,,1,broad_candidate
6dc2f861-344e-52b0-8c83-187dc6c9ed19,The New York Times,2024,"""sea level rise""","Another Outer Banks Home Collapses Into Ocean, a Stark Reminder of Climate Change",https://www.nytimes.com/2024/08/17/us/north-carolina-house-collapse-ernesto.html,2024-08-17,,2,https://static01.nyt.com/images/2024/08/17/multimedia/nat-house-collapse-hgzb/nat-house-collapse-hgzb-thumbStandard.jpg,../Scripts/output/nytimes/nytimes_images/nytimes_2024-08-17_6dc2f861-344e-52b0-8c83-187dc6c9ed19_img02.jpg,,,0,,0,,1,broad_candidate
9194b09d-2a87-5c78-87d2-5aab921baba1,The New York Times,2024,"""sea level rise""","‘Worst-Case’ Disaster for Antarctic Ice Looks Less Likely, Study Finds",https://www.nytimes.com/2024/08/21/climate/antarctic-ice-cliff-collapse.html,2024-08-21,,1,https://static01.nyt.com/images/2024/08/21/multimedia/21cli-antarctica-pchq/21cli-antarctica-pchq-articleLarge.jpg,../Scripts/output/nytimes/nytimes_images/nytimes_2024-08-21_9194b09d-2a87-5c78-87d2-5aab921baba1_img01.jpg,,,0,,0,,1,broad_candidate
9194b09d-2a87-5c78-87d2-5aab921baba1,The New York Times,2024,"""sea level rise""","‘Worst-Case’ Disaster for Antarctic Ice Looks Less Likely, Study Finds",https://www.nytimes.com/2024/08/21/climate/antarctic-ice-cliff-collapse.html,2024-08-21,,2,https://static01.nyt.com/images/2024/08/21/multimedia/21cli-antarctica-pchq/21cli-antarctica-pchq-thumbStandard.jpg,../Scripts/output/nytimes/nytimes_images/nytimes_2024-08-21_9194b09d-2a87-5c78-87d2-5aab921baba1_img02.jpg,,,0,,0,,1,broad_candidate
d2b44785-ee0d-5d90-9cfd-46883d8da42c,The New York Times,2024,"""sea level rise""",Climate Workers Wanted,https://www.nytimes.com/2024/08/22/climate/climate-workers-wanted.html,2024-08-22,,1,https://static01.nyt.com/images/2024/08/22/multimedia/22cli-newsletter-workforce-01-tcwq/22cli-newsletter-workforce-01-tcwq-articleLarge.jpg,../Scripts/output/nytimes/nytimes_images/nytimes_2024-08-22_d2b44785-ee0d-5d90-9cfd-46883d8da42c_img01.jpg,,,0,,0,,1,broad_candidate
d2b44785-ee0d-5d90-9cfd-46883d8da42c,The New York Times,2024,"""sea level rise""",Climate Workers Wanted,https://www.nytimes.com/2024/08/22/climate/climate-workers-wanted.html,2024-08-22,,2,https://static01.nyt.com/images/2024/08/22/multimedia/22cli-newsletter-workforce-01-tcwq/22cli-newsletter-workforce-01-tcwq-thumbStandard.jpg,../Scripts/output/nytimes/nytimes_images/nytimes_2024-08-22_d2b44785-ee0d-5d90-9cfd-46883d8da42c_img02.jpg,,,0,,0,,1,broad_candidate
f0b8953c-b702-520f-b9de-3d8717635c6d,The New York Times,2024,"""net zero""",How Psychedelic Research Got High on Its Own Supply,https://www.nytimes.com/2024/08/23/opinion/psychedelics-mdma-mental-health.html,2024-08-23,,1,https://static01.nyt.com/images/2024/08/23/opinion/23enders-image/23enders-image-articleLarge-v2.jpg,../Scripts/output/nytimes/nytimes_images/nytimes_2024-08-23_f0b8953c-b702-520f-b9de-3d8717635c6d_img01.jpg,,,0,,0,,1,broad_candidate
f0b8953c-b702-520f-b9de-3d8717635c6d,The New York Times,2024,"""net zero""",How Psychedelic Research Got High on Its Own Supply,https://www.nytimes.com/2024/08/23/opinion/psychedelics-mdma-mental-health.html,2024-08-23,,2,https://static01.nyt.com/images/2024/08/23/opinion/23enders-image/23enders-image-thumbStandard.jpg,../Scripts/output/nytimes/nytimes_images/nytimes_2024-08-23_f0b8953c-b702-520f-b9de-3d8717635c6d_img02.jpg,,,0,,0,,1,broad_candidate
5cab9acc-a6e7-5df7-9600-a481be68df8d,The New York Times,2024,"""net zero""",Another Icon-of-the-Seas-Style Megaship? Make That 3 More.,https://www.nytimes.com/2024/08/27/travel/icon-of-the-seas-new-ships.html,2024-08-27,,1,https://static01.nyt.com/images/2024/08/27/multimedia/27iconoftheseas-travel-gzjq/27iconoftheseas-travel-gzjq-articleLarge.jpg,../Scripts/output/nytimes/nytimes_images/nytimes_2024-08-27_5cab9acc-a6e7-5df7-9600-a481be68df8d_img01.jpg,,,0,,0,,1,broad_candidate
5cab9acc-a6e7-5df7-9600-a481be68df8d,The New York Times,2024,"""net zero""",Another Icon-of-the-Seas-Style Megaship? Make That 3 More.,https://www.nytimes.com/2024/08/27/travel/icon-of-the-seas-new-ships.html,2024-08-27,,2,https://static01.nyt.com/images/2024/08/27/multimedia/27iconoftheseas-travel-gzjq/27iconoftheseas-travel-gzjq-thumbStandard.jpg,../Scripts/output/nytimes/nytimes_images/nytimes_2024-08-27_5cab9acc-a6e7-5df7-9600-a481be68df8d_img02.jpg,,,0,,0,,1,broad_candidate
fd74e0bb-618e-56a4-a6d7-39c35d107020,The New York Times,2024,"""global temperature""",Word of the Day: ensemble,https://www.nytimes.com/2024/09/04/learning/word-of-the-day-ensemble.html,2024-09-04,,1,https://static01.nyt.com/images/2024/08/02/learning/WOTD-ensemble/WOTD-ensemble-articleLarge.png,../Scripts/output/nytimes/nytimes_images/nytimes_2024-09-04_fd74e0bb-618e-56a4-a6d7-39c35d107020_img01.png,,,0,,0,,1,broad_candidate
fd74e0bb-618e-56a4-a6d7-39c35d107020,The New York Times,2024,"""global temperature""",Word of the Day: ensemble,https://www.nytimes.com/2024/09/04/learning/word-of-the-day-ensemble.html,2024-09-04,,2,https://static01.nyt.com/images/2024/08/02/learning/WOTD-ensemble/WOTD-ensemble-thumbStandard.png,../Scripts/output/nytimes/nytimes_images/nytimes_2024-09-04_fd74e0bb-618e-56a4-a6d7-39c35d107020_img02.png,,,0,,0,,1,broad_candidate
2d4b2aad-73f0-59a9-9e87-220f87677492,The New York Times,2024,"""net zero""",Where Kamala Harris and Donald Trump Stand on the Issues,https://www.nytimes.com/interactive/2024/us/politics/trump-harris-issues-election.html,2024-09-10,,1,https://static01.nyt.com/images/2024/09/09/us/politics/promo-harris-trump-issues/promo-harris-trump-issues-articleLarge-v2.jpg,../Scripts/output/nytimes/nytimes_images/nytimes_2024-09-10_2d4b2aad-73f0-59a9-9e87-220f87677492_img01.jpg,,,0,,0,,1,broad_candidate
2d4b2aad-73f0-59a9-9e87-220f87677492,The New York Times,2024,"""net zero""",Where Kamala Harris and Donald Trump Stand on the Issues,https://www.nytimes.com/interactive/2024/us/politics/trump-harris-issues-election.html,2024-09-10,,2,https://static01.nyt.com/images/2024/09/09/us/politics/promo-harris-trump-issues/promo-harris-trump-issues-thumbStandard-v2.jpg,../Scripts/output/nytimes/nytimes_images/nytimes_2024-09-10_2d4b2aad-73f0-59a9-9e87-220f87677492_img02.jpg,,,0,,0,,1,broad_candidate
751da992-6997-58c7-a8e9-360c58e0db87,The New York Times,2024,"""net zero""",Tyson Faces Lawsuit Over Labeling of ‘Climate-Smart’ Beef,https://www.nytimes.com/2024/09/18/climate/tyson-beef-climate-lawsuit.html,2024-09-18,,1,https://static01.nyt.com/images/2024/09/18/multimedia/18cli-beef-lawsuit-lbzg/18cli-beef-lawsuit-lbzg-articleLarge.jpg,../Scripts/output/nytimes/nytimes_images/nytimes_2024-09-18_751da992-6997-58c7-a8e9-360c58e0db87_img01.jpg,,,0,,0,,1,broad_candidate
751da992-6997-58c7-a8e9-360c58e0db87,The New York Times,2024,"""net zero""",Tyson Faces Lawsuit Over Labeling of ‘Climate-Smart’ Beef,https://www.nytimes.com/2024/09/18/climate/tyson-beef-climate-lawsuit.html,2024-09-18,,2,https://static01.nyt.com/images/2024/09/18/multimedia/18cli-beef-lawsuit-lbzg/18cli-beef-lawsuit-lbzg-thumbStandard.jpg,../Scripts/output/nytimes/nytimes_images/nytimes_2024-09-18_751da992-6997-58c7-a8e9-360c58e0db87_img02.jpg,,,0,,0,,1,broad_candidate
2661fe56-bc31-5c03-b69a-030dbb6008e8,The New York Times,2024,"""net zero""",A Next Generation Approach to Heating and Cooling Buildings,https://www.nytimes.com/2024/09/25/climate/fifth-generation-heat-pumps.html,2024-09-25,,1,https://static01.nyt.com/images/2024/09/25/multimedia/25sp-cli-5thgen-01-zgfl/25sp-cli-5thgen-01-zgfl-articleLarge.jpg,../Scripts/output/nytimes/nytimes_images/nytimes_2024-09-25_2661fe56-bc31-5c03-b69a-030dbb6008e8_img01.jpg,,,0,,0,,1,broad_candidate
2661fe56-bc31-5c03-b69a-030dbb6008e8,The New York Times,2024,"""net zero""",A Next Generation Approach to Heating and Cooling Buildings,https://www.nytimes.com/2024/09/25/climate/fifth-generation-heat-pumps.html,2024-09-25,,2,https://static01.nyt.com/images/2024/09/25/multimedia/25sp-cli-5thgen-01-zgfl/25sp-cli-5thgen-01-zgfl-thumbStandard.jpg,../Scripts/output/nytimes/nytimes_images/nytimes_2024-09-25_2661fe56-bc31-5c03-b69a-030dbb6008e8_img02.jpg,,,0,,0,,1,broad_candidate
7c5daab7-f9dd-50a0-ac96-e6f35bd1606e,The New York Times,2024,"""sea level rise""",‘A death sentence’: Officials from vulnerable nations say losses from climate change have already begun.,https://www.nytimes.com/live/2024/09/25/world/united-nations-zelensky-speeches/a-death-sentence-officials-from-vulnerable-nations-say-losses-from-climate-change-have-already-begun,2024-09-25,,1,https://static01.nyt.com/images/2024/09/25/multimedia/25unga-live-climate-tgvc/25unga-live-climate-tgvc-articleLarge.jpg,../Scripts/output/nytimes/nytimes_images/nytimes_2024-09-25_7c5daab7-f9dd-50a0-ac96-e6f35bd1606e_img01.jpg,,,0,,0,,1,broad_candidate
7c5daab7-f9dd-50a0-ac96-e6f35bd1606e,The New York Times,2024,"""sea level rise""",‘A death sentence’: Officials from vulnerable nations say losses from climate change have already begun.,https://www.nytimes.com/live/2024/09/25/world/united-nations-zelensky-speeches/a-death-sentence-officials-from-vulnerable-nations-say-losses-from-climate-change-have-already-begun,2024-09-25,,2,https://static01.nyt.com/images/2024/09/25/multimedia/25unga-live-climate-tgvc/25unga-live-climate-tgvc-thumbStandard.jpg,../Scripts/output/nytimes/nytimes_images/nytimes_2024-09-25_7c5daab7-f9dd-50a0-ac96-e6f35bd1606e_img02.jpg,,,0,,0,,1,broad_candidate
94cf99d9-0024-55b5-a03d-ff8187b8e789,The New York Times,2024,"""net zero""",Oil company CEO calls climate change ‘a crisis’ and defends carbon capture investments.,https://www.nytimes.com/live/2024/09/25/climate/goodall-weather-change/oil-company-ceo-calls-climate-change-a-crisis-and-defends-carbon-capture-investments,2024-09-25,,1,https://static01.nyt.com/images/2024/09/25/multimedia/25cf-event-hollub-session-kvtc/25cf-event-hollub-session-kvtc-articleLarge-v3.jpg,../Scripts/output/nytimes/nytimes_images/nytimes_2024-09-25_94cf99d9-0024-55b5-a03d-ff8187b8e789_img01.jpg,,,0,,0,,1,broad_candidate
94cf99d9-0024-55b5-a03d-ff8187b8e789,The New York Times,2024,"""net zero""",Oil company CEO calls climate change ‘a crisis’ and defends carbon capture investments.,https://www.nytimes.com/live/2024/09/25/climate/goodall-weather-change/oil-company-ceo-calls-climate-change-a-crisis-and-defends-carbon-capture-investments,2024-09-25,,2,https://static01.nyt.com/images/2024/09/25/multimedia/25cf-event-hollub-session-kvtc/25cf-event-hollub-session-kvtc-thumbStandard-v3.jpg,../Scripts/output/nytimes/nytimes_images/nytimes_2024-09-25_94cf99d9-0024-55b5-a03d-ff8187b8e789_img02.jpg,,,0,,0,,1,broad_candidate
47dd8d8c-8004-5350-89bc-2bf797f6f3b2,The New York Times,2024,"""sea level rise""",An Oil C.E.O. Answers Our Questions,https://www.nytimes.com/2024/09/26/climate/climate-forward-vicki-hollub-interview.html,2024-09-26,,1,https://static01.nyt.com/images/2024/09/26/multimedia/26cli-newsletter-conference-04-mwzb/26cli-newsletter-conference-04-mwzb-articleLarge.jpg,../Scripts/output/nytimes/nytimes_images/nytimes_2024-09-26_47dd8d8c-8004-5350-89bc-2bf797f6f3b2_img01.jpg,,,0,,0,,1,broad_candidate
47dd8d8c-8004-5350-89bc-2bf797f6f3b2,The New York Times,2024,"""sea level rise""",An Oil C.E.O. Answers Our Questions,https://www.nytimes.com/2024/09/26/climate/climate-forward-vicki-hollub-interview.html,2024-09-26,,2,https://static01.nyt.com/images/2024/09/26/multimedia/26cli-newsletter-conference-04-mwzb/26cli-newsletter-conference-04-mwzb-thumbStandard.jpg,../Scripts/output/nytimes/nytimes_images/nytimes_2024-09-26_47dd8d8c-8004-5350-89bc-2bf797f6f3b2_img02.jpg,,,0,,0,,1,broad_candidate
55d3ba8f-f254-5b47-bf9b-612848e19d30,The New York Times,2024,"""sea level rise""","How Helene Wrought So Much Havoc, So Far From the Coasts",https://www.nytimes.com/2024/09/30/climate/hurricane-helene-inland-rains.html,2024-09-30,,1,https://static01.nyt.com/images/2024/09/30/multimedia/30cli-helene-science-vbhk/30cli-helene-science-vbhk-articleLarge.jpg,../Scripts/output/nytimes/nytimes_images/nytimes_2024-09-30_55d3ba8f-f254-5b47-bf9b-612848e19d30_img01.jpg,,,0,,0,,1,broad_candidate
55d3ba8f-f254-5b47-bf9b-612848e19d30,The New York Times,2024,"""sea level rise""","How Helene Wrought So Much Havoc, So Far From the Coasts",https://www.nytimes.com/2024/09/30/climate/hurricane-helene-inland-rains.html,2024-09-30,,2,https://static01.nyt.com/images/2024/09/30/multimedia/30cli-helene-science-vbhk/30cli-helene-science-vbhk-thumbStandard.jpg,../Scripts/output/nytimes/nytimes_images/nytimes_2024-09-30_55d3ba8f-f254-5b47-bf9b-612848e19d30_img02.jpg,,,0,,0,,1,broad_candidate
bb67bfb1-4e2a-5200-b45d-57fa6a4de75f,The New York Times,2024,"""sea level rise""",The People Fleeing Climate Disasters Are Going to Transform the American South,https://www.nytimes.com/2024/10/02/opinion/hurricane-helene-florida-insurance.html,2024-10-02,,1,https://static01.nyt.com/images/2024/10/04/multimedia/02lustgarten-hzbc/02lustgarten-hzbc-articleLarge.jpg,../Scripts/output/nytimes/nytimes_images/nytimes_2024-10-02_bb67bfb1-4e2a-5200-b45d-57fa6a4de75f_img01.jpg,,,0,,0,,1,broad_candidate
bb67bfb1-4e2a-5200-b45d-57fa6a4de75f,The New York Times,2024,"""sea level rise""",The People Fleeing Climate Disasters Are Going to Transform the American South,https://www.nytimes.com/2024/10/02/opinion/hurricane-helene-florida-insurance.html,2024-10-02,,2,https://static01.nyt.com/images/2024/10/04/multimedia/02lustgarten-hzbc/02lustgarten-hzbc-thumbStandard.jpg,../Scripts/output/nytimes/nytimes_images/nytimes_2024-10-02_bb67bfb1-4e2a-5200-b45d-57fa6a4de75f_img02.jpg,,,0,,0,,1,broad_candidate
a7f0cf43-490d-55d7-a434-66ec01d3387b,The New York Times,2024,"""sea level rise""",How the North Carolina Legislature Left Homes Vulnerable to Helene,https://www.nytimes.com/2024/10/03/climate/north-carolina-homes-helene-building-codes.html,2024-10-03,,1,https://static01.nyt.com/images/2024/10/03/multimedia/03cli-HELENE-BUILDINGS-01-tbhz/03cli-HELENE-BUILDINGS-01-tbhz-articleLarge.jpg,../Scripts/output/nytimes/nytimes_images/nytimes_2024-10-03_a7f0cf43-490d-55d7-a434-66ec01d3387b_img01.jpg,,,0,,0,,1,broad_candidate
a7f0cf43-490d-55d7-a434-66ec01d3387b,The New York Times,2024,"""sea level rise""",How the North Carolina Legislature Left Homes Vulnerable to Helene,https://www.nytimes.com/2024/10/03/climate/north-carolina-homes-helene-building-codes.html,2024-10-03,,2,https://static01.nyt.com/images/2024/10/03/multimedia/03cli-HELENE-BUILDINGS-01-tbhz/03cli-HELENE-BUILDINGS-01-tbhz-thumbStandard.jpg,../Scripts/output/nytimes/nytimes_images/nytimes_2024-10-03_a7f0cf43-490d-55d7-a434-66ec01d3387b_img02.jpg,,,0,,0,,1,broad_candidate
b5fe5ec5-7af6-5f80-b715-7fe9ddfa3426,The New York Times,2024,"""global temperature""",Helene Knocked Out a Key Facility for Monitoring the Global Climate,https://www.nytimes.com/2024/10/03/climate/asheville-noaa-center.html,2024-10-03,,1,https://static01.nyt.com/images/2024/10/03/climate/03cli-helene-noaa/03cli-helene-noaa-articleLarge.jpg,../Scripts/output/nytimes/nytimes_images/nytimes_2024-10-03_b5fe5ec5-7af6-5f80-b715-7fe9ddfa3426_img01.jpg,,,0,,0,,1,broad_candidate
b5fe5ec5-7af6-5f80-b715-7fe9ddfa3426,The New York Times,2024,"""global temperature""",Helene Knocked Out a Key Facility for Monitoring the Global Climate,https://www.nytimes.com/2024/10/03/climate/asheville-noaa-center.html,2024-10-03,,2,https://static01.nyt.com/images/2024/10/03/climate/03cli-helene-noaa/03cli-helene-noaa-thumbStandard.jpg,../Scripts/output/nytimes/nytimes_images/nytimes_2024-10-03_b5fe5ec5-7af6-5f80-b715-7fe9ddfa3426_img02.jpg,,,0,,0,,1,broad_candidate
4ad530e0-e15c-511d-8d22-11899d7d111a,The New York Times,2024,"""net zero""",Britain Backs Plan to Store Carbon Dioxide Under the Sea,https://www.nytimes.com/2024/10/04/business/britain-carbon-capture.html,2024-10-04,,1,https://static01.nyt.com/images/2024/10/04/multimedia/04uk-emissions1-lfhp/04uk-emissions1-lfhp-articleLarge.jpg,../Scripts/output/nytimes/nytimes_images/nytimes_2024-10-04_4ad530e0-e15c-511d-8d22-11899d7d111a_img01.jpg,,,0,,0,,1,broad_candidate
4ad530e0-e15c-511d-8d22-11899d7d111a,The New York Times,2024,"""net zero""",Britain Backs Plan to Store Carbon Dioxide Under the Sea,https://www.nytimes.com/2024/10/04/business/britain-carbon-capture.html,2024-10-04,,2,https://static01.nyt.com/images/2024/10/04/multimedia/04uk-emissions1-lfhp/04uk-emissions1-lfhp-thumbStandard.jpg,../Scripts/output/nytimes/nytimes_images/nytimes_2024-10-04_4ad530e0-e15c-511d-8d22-11899d7d111a_img02.jpg,,,0,,0,,1,broad_candidate
a730d9a7-e46e-5e9f-8a9f-d2aadabaec73,The New York Times,2024,"""sea level rise""",Will Climate Change Transform the Florida Dream?,https://www.nytimes.com/2024/10/10/climate/will-climate-change-transform-the-florida-dream.html,2024-10-10,,1,https://static01.nyt.com/images/2024/10/15/multimedia/09cli-newsletter-Future-of-Florida-01-zhfv/09cli-newsletter-Future-of-Florida-01-zhfv-articleLarge.jpg,../Scripts/output/nytimes/nytimes_images/nytimes_2024-10-10_a730d9a7-e46e-5e9f-8a9f-d2aadabaec73_img01.jpg,,,0,,0,,1,broad_candidate
a730d9a7-e46e-5e9f-8a9f-d2aadabaec73,The New York Times,2024,"""sea level rise""",Will Climate Change Transform the Florida Dream?,https://www.nytimes.com/2024/10/10/climate/will-climate-change-transform-the-florida-dream.html,2024-10-10,,2,https://static01.nyt.com/images/2024/10/15/multimedia/09cli-newsletter-Future-of-Florida-01-zhfv/09cli-newsletter-Future-of-Florida-01-zhfv-thumbStandard.jpg,../Scripts/output/nytimes/nytimes_images/nytimes_2024-10-10_a730d9a7-e46e-5e9f-8a9f-d2aadabaec73_img02.jpg,,,0,,0,,1,broad_candidate
65693bec-5fc8-5f31-83a9-c16b3d640785,The New York Times,2024,"""global temperature""","Hurricanes, Climate Change and the 2024 Election",https://www.nytimes.com/2024/10/11/opinion/letters/hurricanes-climate-change-election.html,2024-10-11,,1,https://static01.nyt.com/images/2024/10/11/multimedia/11hurricane-milton-climate-attribution-qmgz/11hurricane-milton-climate-attribution-qmgz-articleLarge.jpg,../Scripts/output/nytimes/nytimes_images/nytimes_2024-10-11_65693bec-5fc8-5f31-83a9-c16b3d640785_img01.jpg,,,0,,0,,1,broad_candidate
65693bec-5fc8-5f31-83a9-c16b3d640785,The New York Times,2024,"""global temperature""","Hurricanes, Climate Change and the 2024 Election",https://www.nytimes.com/2024/10/11/opinion/letters/hurricanes-climate-change-election.html,2024-10-11,,2,https://static01.nyt.com/images/2024/10/11/multimedia/11hurricane-milton-climate-attribution-qmgz/11hurricane-milton-climate-attribution-qmgz-thumbStandard.jpg,../Scripts/output/nytimes/nytimes_images/nytimes_2024-10-11_65693bec-5fc8-5f31-83a9-c16b3d640785_img02.jpg,,,0,,0,,1,broad_candidate
07dfba64-24c1-524a-b764-2f0ae57ff698,The New York Times,2024,"""net zero""",A Climate Resistant Community Passed Two Hurricane Tests,https://www.nytimes.com/2024/10/15/climate/florida-climate-resilience-babcock-ranch.html,2024-10-15,,1,https://static01.nyt.com/images/2024/10/15/multimedia/15CLI-BABCOCK-RESILIENCE-01-vzpc/15CLI-BABCOCK-RESILIENCE-01-vzpc-articleLarge.jpg,../Scripts/output/nytimes/nytimes_images/nytimes_2024-10-15_07dfba64-24c1-524a-b764-2f0ae57ff698_img01.jpg,,,0,,0,,1,broad_candidate
07dfba64-24c1-524a-b764-2f0ae57ff698,The New York Times,2024,"""net zero""",A Climate Resistant Community Passed Two Hurricane Tests,https://www.nytimes.com/2024/10/15/climate/florida-climate-resilience-babcock-ranch.html,2024-10-15,,2,https://static01.nyt.com/images/2024/10/15/multimedia/15CLI-BABCOCK-RESILIENCE-01-vzpc/15CLI-BABCOCK-RESILIENCE-01-vzpc-thumbStandard.jpg,../Scripts/output/nytimes/nytimes_images/nytimes_2024-10-15_07dfba64-24c1-524a-b764-2f0ae57ff698_img02.jpg,,,0,,0,,1,broad_candidate
930a160b-cceb-57d5-87ee-5d62557a6ec0,The New York Times,2024,"""sea level rise""",The Flood-Protection Rule That Trump Rolled Back,https://www.nytimes.com/2024/10/15/climate/trump-flood-protection-rules-infrastructure.html,2024-10-15,,1,https://static01.nyt.com/images/2024/10/15/multimedia/15cli-newsletter-flood-standards-01-wmbg/15cli-newsletter-flood-standards-01-wmbg-articleLarge.jpg,../Scripts/output/nytimes/nytimes_images/nytimes_2024-10-15_930a160b-cceb-57d5-87ee-5d62557a6ec0_img01.jpg,,,0,,0,,1,broad_candidate
930a160b-cceb-57d5-87ee-5d62557a6ec0,The New York Times,2024,"""sea level rise""",The Flood-Protection Rule That Trump Rolled Back,https://www.nytimes.com/2024/10/15/climate/trump-flood-protection-rules-infrastructure.html,2024-10-15,,2,https://static01.nyt.com/images/2024/10/15/multimedia/15cli-newsletter-flood-standards-01-wmbg/15cli-newsletter-flood-standards-01-wmbg-thumbStandard.jpg,../Scripts/output/nytimes/nytimes_images/nytimes_2024-10-15_930a160b-cceb-57d5-87ee-5d62557a6ec0_img02.jpg,,,0,,0,,1,broad_candidate
c2717493-4c36-50ec-8ddd-c5a95a105ed8,The New York Times,2024,"""net zero""",Prediction Markets Tell a Different Story From the Polls,https://www.nytimes.com/2024/10/15/business/dealbook/prediction-markets-trump-harris.html,2024-10-15,,1,https://static01.nyt.com/images/2024/10/15/multimedia/15db-newsletter-trump-hvjg/15db-newsletter-trump-hvjg-articleLarge.jpg,../Scripts/output/nytimes/nytimes_images/nytimes_2024-10-15_c2717493-4c36-50ec-8ddd-c5a95a105ed8_img01.jpg,,,0,,0,,1,broad_candidate
c2717493-4c36-50ec-8ddd-c5a95a105ed8,The New York Times,2024,"""net zero""",Prediction Markets Tell a Different Story From the Polls,https://www.nytimes.com/2024/10/15/business/dealbook/prediction-markets-trump-harris.html,2024-10-15,,2,https://static01.nyt.com/images/2024/10/15/multimedia/15db-newsletter-trump-hvjg/15db-newsletter-trump-hvjg-thumbStandard.jpg,../Scripts/output/nytimes/nytimes_images/nytimes_2024-10-15_c2717493-4c36-50ec-8ddd-c5a95a105ed8_img02.jpg,,,0,,0,,1,broad_candidate
0a4fb646-8bb5-5b60-9f20-e794e150531d,The New York Times,2024,"""net zero""",The World’s Carbon Sinks Are on Fire,https://www.nytimes.com/2024/10/17/climate/carbon-fires-forests-global-warming.html,2024-10-17,,1,https://static01.nyt.com/images/2024/10/17/science/17cli-forest-fires/17cli-forest-fires-articleLarge.jpg,../Scripts/output/nytimes/nytimes_images/nytimes_2024-10-17_0a4fb646-8bb5-5b60-9f20-e794e150531d_img01.jpg,,,0,,0,,1,broad_candidate
0a4fb646-8bb5-5b60-9f20-e794e150531d,The New York Times,2024,"""net zero""",The World’s Carbon Sinks Are on Fire,https://www.nytimes.com/2024/10/17/climate/carbon-fires-forests-global-warming.html,2024-10-17,,2,https://static01.nyt.com/images/2024/10/17/science/17cli-forest-fires/17cli-forest-fires-thumbStandard.jpg,../Scripts/output/nytimes/nytimes_images/nytimes_2024-10-17_0a4fb646-8bb5-5b60-9f20-e794e150531d_img02.jpg,,,0,,0,,1,broad_candidate
9fd5ac13-cccc-52ce-93bc-81bcf27b8bdf,The New York Times,2024,"""net zero""",The A.I. Power Grab,https://www.nytimes.com/2024/10/22/climate/ai-big-tech-emissions.html,2024-10-22,,1,https://static01.nyt.com/images/2024/10/27/multimedia/22cli-newsletter-ai-01-gzvb/22cli-newsletter-ai-01-gzvb-articleLarge.jpg,../Scripts/output/nytimes/nytimes_images/nytimes_2024-10-22_9fd5ac13-cccc-52ce-93bc-81bcf27b8bdf_img01.jpg,,,0,,0,,1,broad_candidate
9fd5ac13-cccc-52ce-93bc-81bcf27b8bdf,The New York Times,2024,"""net zero""",The A.I. Power Grab,https://www.nytimes.com/2024/10/22/climate/ai-big-tech-emissions.html,2024-10-22,,2,https://static01.nyt.com/images/2024/10/27/multimedia/22cli-newsletter-ai-01-gzvb/22cli-newsletter-ai-01-gzvb-thumbStandard.jpg,../Scripts/output/nytimes/nytimes_images/nytimes_2024-10-22_9fd5ac13-cccc-52ce-93bc-81bcf27b8bdf_img02.jpg,,,0,,0,,1,broad_candidate
f06d2365-5df8-55ae-9966-b4ebebc2b3ef,The New York Times,2024,"""net zero""",Can Biological Engineering Change the World?,https://www.nytimes.com/2024/10/24/climate/biological-engineering-climate-change.html,2024-10-24,,1,https://static01.nyt.com/images/2024/10/24/multimedia/24CLI-FORWARD-01-bvtf/24CLI-FORWARD-01-bvtf-articleLarge.jpg,../Scripts/output/nytimes/nytimes_images/nytimes_2024-10-24_f06d2365-5df8-55ae-9966-b4ebebc2b3ef_img01.jpg,,,0,,0,,1,broad_candidate
f06d2365-5df8-55ae-9966-b4ebebc2b3ef,The New York Times,2024,"""net zero""",Can Biological Engineering Change the World?,https://www.nytimes.com/2024/10/24/climate/biological-engineering-climate-change.html,2024-10-24,,2,https://static01.nyt.com/images/2024/10/24/multimedia/24CLI-FORWARD-01-bvtf/24CLI-FORWARD-01-bvtf-thumbStandard.jpg,../Scripts/output/nytimes/nytimes_images/nytimes_2024-10-24_f06d2365-5df8-55ae-9966-b4ebebc2b3ef_img02.jpg,,,0,,0,,1,broad_candidate
35f4200f-ae5c-5545-8a8d-04645fa29b42,The New York Times,2024,"""net zero""",The ‘Greenest Governor’ Fights to Save a Landmark Climate Law,https://www.nytimes.com/2024/10/25/us/washington-state-climate-initiative-2117.html,2024-10-25,,1,https://static01.nyt.com/images/2024/10/24/multimedia/00nat-inslee-climate-promo-1-pvzf/00nat-inslee-climate-promo-1-pvzf-articleLarge.jpg,../Scripts/output/nytimes/nytimes_images/nytimes_2024-10-25_35f4200f-ae5c-5545-8a8d-04645fa29b42_img01.jpg,,,0,,0,,1,broad_candidate
35f4200f-ae5c-5545-8a8d-04645fa29b42,The New York Times,2024,"""net zero""",The ‘Greenest Governor’ Fights to Save a Landmark Climate Law,https://www.nytimes.com/2024/10/25/us/washington-state-climate-initiative-2117.html,2024-10-25,,2,https://static01.nyt.com/images/2024/10/24/multimedia/00nat-inslee-climate-promo-1-pvzf/00nat-inslee-climate-promo-1-pvzf-thumbStandard.jpg,../Scripts/output/nytimes/nytimes_images/nytimes_2024-10-25_35f4200f-ae5c-5545-8a8d-04645fa29b42_img02.jpg,,,0,,0,,1,broad_candidate
6013ab4a-e559-5caa-922f-5eb0b8f7553d,The New York Times,2024,"""carbon budget""",The Art World Explores Concrete Ways to Fight Climate Change,https://www.nytimes.com/2024/10/25/arts/climate-change-museums.html,2024-10-25,,1,https://static01.nyt.com/images/2024/10/27/multimedia/27sp-finearts-climate-03-mvjk/27sp-finearts-climate-03-mvjk-articleLarge.jpg,../Scripts/output/nytimes/nytimes_images/nytimes_2024-10-25_6013ab4a-e559-5caa-922f-5eb0b8f7553d_img01.jpg,,,0,,0,,1,broad_candidate
6013ab4a-e559-5caa-922f-5eb0b8f7553d,The New York Times,2024,"""carbon budget""",The Art World Explores Concrete Ways to Fight Climate Change,https://www.nytimes.com/2024/10/25/arts/climate-change-museums.html,2024-10-25,,2,https://static01.nyt.com/images/2024/10/27/multimedia/27sp-finearts-climate-03-mvjk/27sp-finearts-climate-03-mvjk-thumbStandard.jpg,../Scripts/output/nytimes/nytimes_images/nytimes_2024-10-25_6013ab4a-e559-5caa-922f-5eb0b8f7553d_img02.jpg,,,0,,0,,1,broad_candidate
7eb7700b-312a-557b-84b5-8217ef9df166,The New York Times,2024,"""sea level rise""",A Pivotal Choice: Trump vs. Harris on Climate Change,https://www.nytimes.com/2024/10/28/climate/trump-harris-climate-change.html,2024-10-28,,1,https://static01.nyt.com/images/2024/10/25/multimedia/28CLI-CLIMATESTAKES-01b-mwfb/00CLI-CLIMATESTAKES-01b-mwfb-articleLarge.jpg,../Scripts/output/nytimes/nytimes_images/nytimes_2024-10-28_7eb7700b-312a-557b-84b5-8217ef9df166_img01.jpg,,,0,,0,,1,broad_candidate
7eb7700b-312a-557b-84b5-8217ef9df166,The New York Times,2024,"""sea level rise""",A Pivotal Choice: Trump vs. Harris on Climate Change,https://www.nytimes.com/2024/10/28/climate/trump-harris-climate-change.html,2024-10-28,,2,https://static01.nyt.com/images/2024/10/25/multimedia/28CLI-CLIMATESTAKES-01b-mwfb/28CLI-CLIMATESTAKES-01b-mwfb-thumbStandard-v2.jpg,../Scripts/output/nytimes/nytimes_images/nytimes_2024-10-28_7eb7700b-312a-557b-84b5-8217ef9df166_img02.jpg,,,0,,0,,1,broad_candidate
0a8fa71e-500a-5693-8f9b-0a586417c4f0,The New York Times,2024,"""sea level rise""","2024 Temperatures Are on Track for a Record High, Researchers Find",https://www.nytimes.com/2024/11/06/climate/2024-temperatures-hottest-year.html,2024-11-07,,1,https://static01.nyt.com/images/2024/11/07/multimedia/07cli-global-temps-lhbw/07cli-global-temps-lhbw-articleLarge.jpg,../Scripts/output/nytimes/nytimes_images/nytimes_2024-11-07_0a8fa71e-500a-5693-8f9b-0a586417c4f0_img01.jpg,,,0,,0,,1,broad_candidate
0a8fa71e-500a-5693-8f9b-0a586417c4f0,The New York Times,2024,"""sea level rise""","2024 Temperatures Are on Track for a Record High, Researchers Find",https://www.nytimes.com/2024/11/06/climate/2024-temperatures-hottest-year.html,2024-11-07,,2,https://static01.nyt.com/images/2024/11/07/multimedia/07cli-global-temps-lhbw/07cli-global-temps-lhbw-thumbStandard.jpg,../Scripts/output/nytimes/nytimes_images/nytimes_2024-11-07_0a8fa71e-500a-5693-8f9b-0a586417c4f0_img02.jpg,,,0,,0,,1,broad_candidate
ba1541ee-73d5-5d03-93e3-374c741c81e2,The New York Times,2024,"""sea level rise""","The World Isn’t Spending Nearly Enough to Adapt to Climate Shocks, U.N. Says",https://www.nytimes.com/2024/11/07/climate/climate-adaptation-cop29-trump-un.html,2024-11-07,,1,https://static01.nyt.com/images/2024/11/07/multimedia/07cli-adaptationgap-blqc/07cli-adaptationgap-blqc-articleLarge.jpg,../Scripts/output/nytimes/nytimes_images/nytimes_2024-11-07_ba1541ee-73d5-5d03-93e3-374c741c81e2_img01.jpg,,,0,,0,,1,broad_candidate
ba1541ee-73d5-5d03-93e3-374c741c81e2,The New York Times,2024,"""sea level rise""","The World Isn’t Spending Nearly Enough to Adapt to Climate Shocks, U.N. Says",https://www.nytimes.com/2024/11/07/climate/climate-adaptation-cop29-trump-un.html,2024-11-07,,2,https://static01.nyt.com/images/2024/11/07/multimedia/07cli-adaptationgap-blqc/07cli-adaptationgap-blqc-thumbStandard.jpg,../Scripts/output/nytimes/nytimes_images/nytimes_2024-11-07_ba1541ee-73d5-5d03-93e3-374c741c81e2_img02.jpg,,,0,,0,,1,broad_candidate
2c3b6715-4f1e-5613-b5a7-cdede0a6995c,The New York Times,2024,"""net zero""",Exxon Chief to Trump: Don’t Withdraw From Paris Climate Deal,https://www.nytimes.com/2024/11/12/business/energy-environment/exxon-mobil-baku-climate-cop29.html,2024-11-12,,1,https://static01.nyt.com/images/2024/11/12/multimedia/COP-EXXON-01-cjtv/COP-EXXON-01-cjtv-articleLarge.jpg,../Scripts/output/nytimes/nytimes_images/nytimes_2024-11-12_2c3b6715-4f1e-5613-b5a7-cdede0a6995c_img01.jpg,,,0,,0,,1,broad_candidate
2c3b6715-4f1e-5613-b5a7-cdede0a6995c,The New York Times,2024,"""net zero""",Exxon Chief to Trump: Don’t Withdraw From Paris Climate Deal,https://www.nytimes.com/2024/11/12/business/energy-environment/exxon-mobil-baku-climate-cop29.html,2024-11-12,,2,https://static01.nyt.com/images/2024/11/12/multimedia/COP-EXXON-01-cjtv/COP-EXXON-01-cjtv-thumbStandard.jpg,../Scripts/output/nytimes/nytimes_images/nytimes_2024-11-12_2c3b6715-4f1e-5613-b5a7-cdede0a6995c_img02.jpg,,,0,,0,,1,broad_candidate
02c1514d-8372-599a-bbf5-453e069805c7,The New York Times,2024,"""sea level rise""",We Study Climate Change. We Can’t Explain What We’re Seeing.,https://www.nytimes.com/2024/11/13/opinion/climate-change-heat-planet.html,2024-11-13,,1,https://static01.nyt.com/images/2024/11/13/opinion/13schmidt-hausfatherNEW/13schmidt-hausfatherNEW-articleLarge.jpg,../Scripts/output/nytimes/nytimes_images/nytimes_2024-11-13_02c1514d-8372-599a-bbf5-453e069805c7_img01.jpg,,,0,,0,,1,broad_candidate
02c1514d-8372-599a-bbf5-453e069805c7,The New York Times,2024,"""sea level rise""",We Study Climate Change. We Can’t Explain What We’re Seeing.,https://www.nytimes.com/2024/11/13/opinion/climate-change-heat-planet.html,2024-11-13,,2,https://static01.nyt.com/images/2024/11/13/opinion/13schmidt-hausfatherNEW/13schmidt-hausfatherNEW-thumbStandard.jpg,../Scripts/output/nytimes/nytimes_images/nytimes_2024-11-13_02c1514d-8372-599a-bbf5-453e069805c7_img02.jpg,,,0,,0,,1,broad_candidate
2bd33be7-781b-59a4-9ae3-0e499992642a,The New York Times,2024,"""global temperature""",A Big Climate Goal Is Getting Farther Out of Reach,https://www.nytimes.com/2024/11/14/climate/climate-action-tracker-temperatures-emissions.html,2024-11-14,,1,https://static01.nyt.com/images/2024/11/13/multimedia/2024-10-19-climate-progress-index/2024-10-19-climate-progress-index-articleLarge.png,../Scripts/output/nytimes/nytimes_images/nytimes_2024-11-14_2bd33be7-781b-59a4-9ae3-0e499992642a_img01.png,,,0,,0,,1,broad_candidate
2bd33be7-781b-59a4-9ae3-0e499992642a,The New York Times,2024,"""global temperature""",A Big Climate Goal Is Getting Farther Out of Reach,https://www.nytimes.com/2024/11/14/climate/climate-action-tracker-temperatures-emissions.html,2024-11-14,,2,https://static01.nyt.com/images/2024/11/13/multimedia/2024-10-19-climate-progress-index/2024-10-19-climate-progress-index-thumbStandard-v2.png,../Scripts/output/nytimes/nytimes_images/nytimes_2024-11-14_2bd33be7-781b-59a4-9ae3-0e499992642a_img02.png,,,0,,0,,1,broad_candidate
415e3e82-b5e5-5675-9498-ffb5e9bad39f,The New York Times,2024,"""sea level rise""",Climate Talks Head Into the Final Stretch With Negotiators Far Apart,https://www.nytimes.com/2024/11/18/climate/cop29-climate-summit-final-stretch.html,2024-11-18,,1,https://static01.nyt.com/images/2024/11/18/multimedia/18cli-cop-midpoint1-mcjp/18cli-cop-midpoint1-mcjp-articleLarge.jpg,../Scripts/output/nytimes/nytimes_images/nytimes_2024-11-18_415e3e82-b5e5-5675-9498-ffb5e9bad39f_img01.jpg,,,0,,0,,1,broad_candidate
415e3e82-b5e5-5675-9498-ffb5e9bad39f,The New York Times,2024,"""sea level rise""",Climate Talks Head Into the Final Stretch With Negotiators Far Apart,https://www.nytimes.com/2024/11/18/climate/cop29-climate-summit-final-stretch.html,2024-11-18,,2,https://static01.nyt.com/images/2024/11/18/multimedia/18cli-cop-midpoint1-mcjp/18cli-cop-midpoint1-mcjp-thumbStandard.jpg,../Scripts/output/nytimes/nytimes_images/nytimes_2024-11-18_415e3e82-b5e5-5675-9498-ffb5e9bad39f_img02.jpg,,,0,,0,,1,broad_candidate
0011c060-68b6-50cc-83f7-95b9883be9db,The New York Times,2024,"""carbon budget""",Travel Pledged to Help Cut Carbon Emissions. How Has It Done?,https://www.nytimes.com/2024/11/19/travel/tourism-climate-cop29.html,2024-11-19,,1,https://static01.nyt.com/images/2024/11/19/multimedia/19climate-change-glasgow-01-wgzj/19climate-change-glasgow-01-wgzj-articleLarge.jpg,../Scripts/output/nytimes/nytimes_images/nytimes_2024-11-19_0011c060-68b6-50cc-83f7-95b9883be9db_img01.jpg,,,0,,0,,1,broad_candidate
0011c060-68b6-50cc-83f7-95b9883be9db,The New York Times,2024,"""carbon budget""",Travel Pledged to Help Cut Carbon Emissions. How Has It Done?,https://www.nytimes.com/2024/11/19/travel/tourism-climate-cop29.html,2024-11-19,,2,https://static01.nyt.com/images/2024/11/19/multimedia/19climate-change-glasgow-01-wgzj/19climate-change-glasgow-01-wgzj-thumbStandard.jpg,../Scripts/output/nytimes/nytimes_images/nytimes_2024-11-19_0011c060-68b6-50cc-83f7-95b9883be9db_img02.jpg,,,0,,0,,1,broad_candidate
525f6086-87e0-5ca0-aa67-6921bc8b0274,The New York Times,2024,"""net zero""",U.K. Farmers Protest in London Over Inheritance Tax Change,https://www.nytimes.com/2024/11/19/world/europe/uk-farmers-protest-inheritance-tax.html,2024-11-19,,1,https://static01.nyt.com/images/2024/11/19/multimedia/19uk-farmers-001sub-vbfk/19uk-farmers-001sub-vbfk-articleLarge.jpg,../Scripts/output/nytimes/nytimes_images/nytimes_2024-11-19_525f6086-87e0-5ca0-aa67-6921bc8b0274_img01.jpg,,,0,,0,,1,broad_candidate
525f6086-87e0-5ca0-aa67-6921bc8b0274,The New York Times,2024,"""net zero""",U.K. Farmers Protest in London Over Inheritance Tax Change,https://www.nytimes.com/2024/11/19/world/europe/uk-farmers-protest-inheritance-tax.html,2024-11-19,,2,https://static01.nyt.com/images/2024/11/19/multimedia/19uk-farmers-001sub-vbfk/19uk-farmers-001sub-vbfk-thumbStandard.jpg,../Scripts/output/nytimes/nytimes_images/nytimes_2024-11-19_525f6086-87e0-5ca0-aa67-6921bc8b0274_img02.jpg,,,0,,0,,1,broad_candidate
5f2ef024-54ee-5815-8fe6-ad8f68e23f5b,The New York Times,2024,"""global temperature""","Climate Talks Teeter, With Rich and Poor Countries in a Tug of War",https://www.nytimes.com/2024/11/21/climate/cop20-climate-summit-negotiations.html,2024-11-21,,1,https://static01.nyt.com/images/2024/11/21/multimedia/21CLI-COP-CRUNCHTIME-tfwk/21CLI-COP-CRUNCHTIME-tfwk-articleLarge.jpg,../Scripts/output/nytimes/nytimes_images/nytimes_2024-11-21_5f2ef024-54ee-5815-8fe6-ad8f68e23f5b_img01.jpg,,,0,,0,,1,broad_candidate
5f2ef024-54ee-5815-8fe6-ad8f68e23f5b,The New York Times,2024,"""global temperature""","Climate Talks Teeter, With Rich and Poor Countries in a Tug of War",https://www.nytimes.com/2024/11/21/climate/cop20-climate-summit-negotiations.html,2024-11-21,,2,https://static01.nyt.com/images/2024/11/21/multimedia/21CLI-COP-CRUNCHTIME-tfwk/21CLI-COP-CRUNCHTIME-tfwk-thumbStandard.jpg,../Scripts/output/nytimes/nytimes_images/nytimes_2024-11-21_5f2ef024-54ee-5815-8fe6-ad8f68e23f5b_img02.jpg,,,0,,0,,1,broad_candidate
c3f223ec-eba6-5d33-97df-fdd8b904968d,The New York Times,2024,"""net zero""",The Bessent Bounce — Markets Cheer Trump’s Treasury Pick,https://www.nytimes.com/2024/11/25/business/dealbook/markets-trump-treasury-bessent.html,2024-11-25,,1,https://static01.nyt.com/images/2024/11/25/multimedia/25db-bessent-qmpt/25db-bessent-qmpt-articleLarge.jpg,../Scripts/output/nytimes/nytimes_images/nytimes_2024-11-25_c3f223ec-eba6-5d33-97df-fdd8b904968d_img01.jpg,,,0,,0,,1,broad_candidate
c3f223ec-eba6-5d33-97df-fdd8b904968d,The New York Times,2024,"""net zero""",The Bessent Bounce — Markets Cheer Trump’s Treasury Pick,https://www.nytimes.com/2024/11/25/business/dealbook/markets-trump-treasury-bessent.html,2024-11-25,,2,https://static01.nyt.com/images/2024/11/25/multimedia/25db-bessent-qmpt/25db-bessent-qmpt-thumbStandard.jpg,../Scripts/output/nytimes/nytimes_images/nytimes_2024-11-25_c3f223ec-eba6-5d33-97df-fdd8b904968d_img02.jpg,,,0,,0,,1,broad_candidate
0d118bb0-9370-5c0f-9c92-1e0588cb955d,The New York Times,2024,"""sea level rise""",Are All These U.N. Climate Talks Doing Any Good?,https://www.nytimes.com/2024/11/26/climate/cop29-un-climate-negotiations.html,2024-11-26,,1,https://static01.nyt.com/images/2024/11/26/multimedia/26cli-newsletter-COP-01-hgkm/26cli-newsletter-COP-01-hgkm-articleLarge.jpg,../Scripts/output/nytimes/nytimes_images/nytimes_2024-11-26_0d118bb0-9370-5c0f-9c92-1e0588cb955d_img01.jpg,,,0,,0,,1,broad_candidate
0d118bb0-9370-5c0f-9c92-1e0588cb955d,The New York Times,2024,"""sea level rise""",Are All These U.N. Climate Talks Doing Any Good?,https://www.nytimes.com/2024/11/26/climate/cop29-un-climate-negotiations.html,2024-11-26,,2,https://static01.nyt.com/images/2024/11/26/multimedia/26cli-newsletter-COP-01-hgkm/26cli-newsletter-COP-01-hgkm-thumbStandard-v2.jpg,../Scripts/output/nytimes/nytimes_images/nytimes_2024-11-26_0d118bb0-9370-5c0f-9c92-1e0588cb955d_img02.jpg,,,0,,0,,1,broad_candidate
6f967e6f-fb0f-5584-8e1d-72b0843d1921,The New York Times,2024,"""sea level rise""",Maine Becomes the Latest State to Sue Oil Companies Over Climate Change,https://www.nytimes.com/2024/11/27/climate/maine-climate-change-oil-company-lawsuit.html,2024-11-27,,1,https://static01.nyt.com/images/2024/11/27/multimedia/27cli-maine-gvmh/27cli-maine-gvmh-articleLarge.jpg,../Scripts/output/nytimes/nytimes_images/nytimes_2024-11-27_6f967e6f-fb0f-5584-8e1d-72b0843d1921_img01.jpg,,,0,,0,,1,broad_candidate
6f967e6f-fb0f-5584-8e1d-72b0843d1921,The New York Times,2024,"""sea level rise""",Maine Becomes the Latest State to Sue Oil Companies Over Climate Change,https://www.nytimes.com/2024/11/27/climate/maine-climate-change-oil-company-lawsuit.html,2024-11-27,,2,https://static01.nyt.com/images/2024/11/27/multimedia/27cli-maine-gvmh/27cli-maine-gvmh-thumbStandard.jpg,../Scripts/output/nytimes/nytimes_images/nytimes_2024-11-27_6f967e6f-fb0f-5584-8e1d-72b0843d1921_img02.jpg,,,0,,0,,1,broad_candidate
d98c1403-ca0b-5070-8a7f-31c8a7d37a96,The New York Times,2024,"""net zero""",Battle of the Mega-Ships? A European Behemoth Heads to the Caribbean.,https://www.nytimes.com/2024/11/27/travel/mega-cruise-ship-caribbean-msc.html,2024-11-27,,1,https://static01.nyt.com/images/2024/11/25/25visualUploader-13521-cover/25visualUploader-13521-cover-articleLarge.jpg,../Scripts/output/nytimes/nytimes_images/nytimes_2024-11-27_d98c1403-ca0b-5070-8a7f-31c8a7d37a96_img01.jpg,,,0,,0,,1,broad_candidate
d98c1403-ca0b-5070-8a7f-31c8a7d37a96,The New York Times,2024,"""net zero""",Battle of the Mega-Ships? A European Behemoth Heads to the Caribbean.,https://www.nytimes.com/2024/11/27/travel/mega-cruise-ship-caribbean-msc.html,2024-11-27,,2,https://static01.nyt.com/images/2024/11/25/25visualUploader-13521-cover/25visualUploader-13521-cover-thumbStandard.jpg,../Scripts/output/nytimes/nytimes_images/nytimes_2024-11-27_d98c1403-ca0b-5070-8a7f-31c8a7d37a96_img02.jpg,,,0,,0,,1,broad_candidate
e0a59cf1-f7dd-56c0-a42a-48c36570481e,The New York Times,2024,"""sea level rise""",What Can the World’s Top Court Do About Climate Change?,https://www.nytimes.com/2024/12/02/world/icj-climate-change-opinion-hearings.html,2024-12-02,,1,https://static01.nyt.com/images/2024/12/02/multimedia/02icj-explainer-1-pkcz/02icj-explainer-1-pkcz-articleLarge.jpg,../Scripts/output/nytimes/nytimes_images/nytimes_2024-12-02_e0a59cf1-f7dd-56c0-a42a-48c36570481e_img01.jpg,,,0,,0,,1,broad_candidate
e0a59cf1-f7dd-56c0-a42a-48c36570481e,The New York Times,2024,"""sea level rise""",What Can the World’s Top Court Do About Climate Change?,https://www.nytimes.com/2024/12/02/world/icj-climate-change-opinion-hearings.html,2024-12-02,,2,https://static01.nyt.com/images/2024/12/02/multimedia/02icj-explainer-1-pkcz/02icj-explainer-1-pkcz-thumbStandard.jpg,../Scripts/output/nytimes/nytimes_images/nytimes_2024-12-02_e0a59cf1-f7dd-56c0-a42a-48c36570481e_img02.jpg,,,0,,0,,1,broad_candidate
3e1bbfb2-c81c-5e15-8065-f19c59dd1ff0,The New York Times,2024,"""sea level rise""",What Trump’s Cabinet Picks and Advisers Say About Climate Change,https://www.nytimes.com/2024/12/04/climate/trump-cabinet-stefanik-zeldin-wright.html,2024-12-04,,1,https://static01.nyt.com/images/2024/12/02/climate/00cli-cabinet-promo/00cli-cabinet-promo-articleLarge.jpg,../Scripts/output/nytimes/nytimes_images/nytimes_2024-12-04_3e1bbfb2-c81c-5e15-8065-f19c59dd1ff0_img01.jpg,,,0,,0,,1,broad_candidate
3e1bbfb2-c81c-5e15-8065-f19c59dd1ff0,The New York Times,2024,"""sea level rise""",What Trump’s Cabinet Picks and Advisers Say About Climate Change,https://www.nytimes.com/2024/12/04/climate/trump-cabinet-stefanik-zeldin-wright.html,2024-12-04,,2,https://static01.nyt.com/images/2024/12/02/climate/00cli-cabinet-promo/00cli-cabinet-promo-thumbStandard.jpg,../Scripts/output/nytimes/nytimes_images/nytimes_2024-12-04_3e1bbfb2-c81c-5e15-8065-f19c59dd1ff0_img02.jpg,,,0,,0,,1,broad_candidate
4a0b1fae-17b6-532a-903c-ec05598aadb2,The New York Times,2024,"""sea level rise""",What to Know About a Landmark Court Case,https://www.nytimes.com/2024/12/05/climate/icj-climate-case-hague.html,2024-12-05,,1,https://static01.nyt.com/images/2024/12/05/multimedia/05cli-newsletter-ICJ-bfkl/05cli-newsletter-ICJ-bfkl-articleLarge.jpg,../Scripts/output/nytimes/nytimes_images/nytimes_2024-12-05_4a0b1fae-17b6-532a-903c-ec05598aadb2_img01.jpg,,,0,,0,,1,broad_candidate
4a0b1fae-17b6-532a-903c-ec05598aadb2,The New York Times,2024,"""sea level rise""",What to Know About a Landmark Court Case,https://www.nytimes.com/2024/12/05/climate/icj-climate-case-hague.html,2024-12-05,,2,https://static01.nyt.com/images/2024/12/05/multimedia/05cli-newsletter-ICJ-bfkl/05cli-newsletter-ICJ-bfkl-thumbStandard.jpg,../Scripts/output/nytimes/nytimes_images/nytimes_2024-12-05_4a0b1fae-17b6-532a-903c-ec05598aadb2_img02.jpg,,,0,,0,,1,broad_candidate
5bd365a5-1b28-5e25-af27-338de3058c13,The New York Times,2024,"""sea level rise""",Mortgage Regulators Are Shrugging Off Climate Risk. It Could Cost Taxpayers Billions.,https://www.nytimes.com/2024/12/07/business/economy/mortgages-climate-risk-fannie-freddie.html,2024-12-07,,1,https://static01.nyt.com/images/2024/12/03/multimedia/MORTGAGE-RISK-08-hbgt/MORTGAGE-RISK-08-hbgt-articleLarge.jpg,../Scripts/output/nytimes/nytimes_images/nytimes_2024-12-07_5bd365a5-1b28-5e25-af27-338de3058c13_img01.jpg,,,0,,0,,1,broad_candidate
5bd365a5-1b28-5e25-af27-338de3058c13,The New York Times,2024,"""sea level rise""",Mortgage Regulators Are Shrugging Off Climate Risk. It Could Cost Taxpayers Billions.,https://www.nytimes.com/2024/12/07/business/economy/mortgages-climate-risk-fannie-freddie.html,2024-12-07,,2,https://static01.nyt.com/images/2024/12/03/multimedia/MORTGAGE-RISK-08-hbgt/MORTGAGE-RISK-08-hbgt-thumbStandard.jpg,../Scripts/output/nytimes/nytimes_images/nytimes_2024-12-07_5bd365a5-1b28-5e25-af27-338de3058c13_img02.jpg,,,0,,0,,1,broad_candidate
2a33062c-5e5d-576a-af4c-90ec8859697f,The New York Times,2024,"""sea level rise""",Panic at Pepperdine University in Malibu as Wildfires Threaten City,https://www.nytimes.com/2024/12/10/us/franklin-fire-malibu-evacuations.html,2024-12-11,,1,https://static01.nyt.com/images/2024/12/10/multimedia/10nat-malibu-fire-twhb/10nat-malibu-fire-twhb-articleLarge.jpg,../Scripts/output/nytimes/nytimes_images/nytimes_2024-12-11_2a33062c-5e5d-576a-af4c-90ec8859697f_img01.jpg,,,0,,0,,1,broad_candidate
2a33062c-5e5d-576a-af4c-90ec8859697f,The New York Times,2024,"""sea level rise""",Panic at Pepperdine University in Malibu as Wildfires Threaten City,https://www.nytimes.com/2024/12/10/us/franklin-fire-malibu-evacuations.html,2024-12-11,,2,https://static01.nyt.com/images/2024/12/10/multimedia/10nat-malibu-fire-twhb/10nat-malibu-fire-twhb-thumbStandard.jpg,../Scripts/output/nytimes/nytimes_images/nytimes_2024-12-11_2a33062c-5e5d-576a-af4c-90ec8859697f_img02.jpg,,,0,,0,,1,broad_candidate
4b8f53fe-5b78-54c9-974e-fc99792336d3,The New York Times,2024,"""net zero""",Three Questions From Cutting-Edge Climate Science,https://www.nytimes.com/2024/12/12/climate/three-questions-from-cutting-edge-climate-science.html,2024-12-12,,1,https://static01.nyt.com/images/2024/12/12/multimedia/12cli-newsletter-AGU-qwvf/12cli-newsletter-AGU-qwvf-articleLarge.jpg,../Scripts/output/nytimes/nytimes_images/nytimes_2024-12-12_4b8f53fe-5b78-54c9-974e-fc99792336d3_img01.jpg,,,0,,0,,1,broad_candidate
4b8f53fe-5b78-54c9-974e-fc99792336d3,The New York Times,2024,"""net zero""",Three Questions From Cutting-Edge Climate Science,https://www.nytimes.com/2024/12/12/climate/three-questions-from-cutting-edge-climate-science.html,2024-12-12,,2,https://static01.nyt.com/images/2024/12/12/multimedia/12cli-newsletter-AGU-qwvf/12cli-newsletter-AGU-qwvf-thumbStandard.jpg,../Scripts/output/nytimes/nytimes_images/nytimes_2024-12-12_4b8f53fe-5b78-54c9-974e-fc99792336d3_img02.jpg,,,0,,0,,1,broad_candidate
e97a3d34-8ef8-5db3-929e-6cceb0fc8ead,The New York Times,2024,IPCC,Trump’s Choice to Run Energy Says Fossil Fuels Are Virtuous,https://www.nytimes.com/2024/12/12/climate/wright-trump-oil-gas-energy.html,2024-12-12,,1,https://static01.nyt.com/images/2024/12/12/multimedia/12CLI-moralgas-01-ckhb/12CLI-moralgas-01-ckhb-articleLarge.jpg,../Scripts/output/nytimes/nytimes_images/nytimes_2024-12-12_e97a3d34-8ef8-5db3-929e-6cceb0fc8ead_img01.jpg,,,0,,0,,1,broad_candidate
e97a3d34-8ef8-5db3-929e-6cceb0fc8ead,The New York Times,2024,IPCC,Trump’s Choice to Run Energy Says Fossil Fuels Are Virtuous,https://www.nytimes.com/2024/12/12/climate/wright-trump-oil-gas-energy.html,2024-12-12,,2,https://static01.nyt.com/images/2024/12/12/multimedia/12CLI-moralgas-01-ckhb/12CLI-moralgas-01-ckhb-thumbStandard.jpg,../Scripts/output/nytimes/nytimes_images/nytimes_2024-12-12_e97a3d34-8ef8-5db3-929e-6cceb0fc8ead_img02.jpg,,,0,,0,,1,broad_candidate
74b57b75-25ad-5a3d-abfd-d0a370e1c427,The New York Times,2024,"""sea level rise""","Orrin H. Pilkey, Warrior in a Fight to Save Imperiled Beaches, Dies at 90",https://www.nytimes.com/2024/12/16/science/orrin-h-pilkey-dead.html,2024-12-16,,1,https://static01.nyt.com/images/2024/12/17/obituaries/16pilkey-5/16pilkey-5-articleLarge.jpg,../Scripts/output/nytimes/nytimes_images/nytimes_2024-12-16_74b57b75-25ad-5a3d-abfd-d0a370e1c427_img01.jpg,,,0,,0,,1,broad_candidate
74b57b75-25ad-5a3d-abfd-d0a370e1c427,The New York Times,2024,"""sea level rise""","Orrin H. Pilkey, Warrior in a Fight to Save Imperiled Beaches, Dies at 90",https://www.nytimes.com/2024/12/16/science/orrin-h-pilkey-dead.html,2024-12-16,,2,https://static01.nyt.com/images/2024/12/17/obituaries/16pilkey-5/16pilkey-5-thumbStandard.jpg,../Scripts/output/nytimes/nytimes_images/nytimes_2024-12-16_74b57b75-25ad-5a3d-abfd-d0a370e1c427_img02.jpg,,,0,,0,,1,broad_candidate
da51724e-3e29-5035-a4f2-a7c43d6516c7,The New York Times,2024,"""sea level rise""",Insurers Are Deserting Homeowners as Climate Shocks Worsen,https://www.nytimes.com/interactive/2024/12/18/climate/insurance-non-renewal-climate-crisis.html,2024-12-18,,1,https://static01.nyt.com/images/2024/12/17/multimedia/2024-12-09-nonrenewals-insurance-index/2024-12-09-nonrenewals-insurance-index-articleLarge-v6.jpg,../Scripts/output/nytimes/nytimes_images/nytimes_2024-12-18_da51724e-3e29-5035-a4f2-a7c43d6516c7_img01.jpg,,,0,,0,,1,broad_candidate
da51724e-3e29-5035-a4f2-a7c43d6516c7,The New York Times,2024,"""sea level rise""",Insurers Are Deserting Homeowners as Climate Shocks Worsen,https://www.nytimes.com/interactive/2024/12/18/climate/insurance-non-renewal-climate-crisis.html,2024-12-18,,2,https://static01.nyt.com/images/2024/12/17/multimedia/2024-12-09-nonrenewals-insurance-index/2024-12-09-nonrenewals-insurance-index-thumbStandard-v6.jpg,../Scripts/output/nytimes/nytimes_images/nytimes_2024-12-18_da51724e-3e29-5035-a4f2-a7c43d6516c7_img02.jpg,,,0,,0,,1,broad_candidate
2bbfd9a0-b962-5c59-b066-9b58e70a8269,The New York Times,2024,"""net zero""",I Never Felt Like This in China Before,https://www.nytimes.com/2024/12/24/opinion/us-china-relationship.html,2024-12-24,,1,https://static01.nyt.com/images/2024/12/26/opinion/24friedman/24friedman-articleLarge.jpg,../Scripts/output/nytimes/nytimes_images/nytimes_2024-12-24_2bbfd9a0-b962-5c59-b066-9b58e70a8269_img01.jpg,,,0,,0,,1,broad_candidate
2bbfd9a0-b962-5c59-b066-9b58e70a8269,The New York Times,2024,"""net zero""",I Never Felt Like This in China Before,https://www.nytimes.com/2024/12/24/opinion/us-china-relationship.html,2024-12-24,,2,https://static01.nyt.com/images/2024/12/26/opinion/24friedman/24friedman-thumbStandard.jpg,../Scripts/output/nytimes/nytimes_images/nytimes_2024-12-24_2bbfd9a0-b962-5c59-b066-9b58e70a8269_img02.jpg,,,0,,0,,1,broad_candidate
78ab1cdf-bcc7-5d15-b758-2d0f211282ef,The New York Times,2024,"""climate change""",Will Trump Cut Short the Biden Clean-Energy Boom? Investors Are Nervous.,https://www.nytimes.com/2024/12/25/business/energy-environment/trump-clean-energy-finance.html,2024-12-25,,1,https://static01.nyt.com/images/2024/12/23/multimedia/CLIMATE-FINANCE-01-jhzg/CLIMATE-FINANCE-01-jhzg-articleLarge.jpg,../Scripts/output/nytimes/nytimes_images/nytimes_2024-12-25_78ab1cdf-bcc7-5d15-b758-2d0f211282ef_img01.jpg,,,0,,0,,1,broad_candidate
78ab1cdf-bcc7-5d15-b758-2d0f211282ef,The New York Times,2024,"""climate change""",Will Trump Cut Short the Biden Clean-Energy Boom? Investors Are Nervous.,https://www.nytimes.com/2024/12/25/business/energy-environment/trump-clean-energy-finance.html,2024-12-25,,2,https://static01.nyt.com/images/2024/12/23/multimedia/CLIMATE-FINANCE-01-jhzg/CLIMATE-FINANCE-01-jhzg-thumbStandard.jpg,../Scripts/output/nytimes/nytimes_images/nytimes_2024-12-25_78ab1cdf-bcc7-5d15-b758-2d0f211282ef_img02.jpg,,,0,,0,,1,broad_candidate
0ef0eb27-d8ff-5e64-85bf-5beb424f2352,The New York Times,2024,"""climate change""",The Secrets of the World’s Favorite Smell,https://www.nytimes.com/2024/12/26/opinion/vanilla-bean-climate-change.html,2024-12-26,,1,https://static01.nyt.com/images/2024/12/24/opinion/24opinions-nezhukamatatil/24opinions-nezhukamatatil-articleLarge.png,../Scripts/output/nytimes/nytimes_images/nytimes_2024-12-26_0ef0eb27-d8ff-5e64-85bf-5beb424f2352_img01.png,,,0,,0,,1,broad_candidate
0ef0eb27-d8ff-5e64-85bf-5beb424f2352,The New York Times,2024,"""climate change""",The Secrets of the World’s Favorite Smell,https://www.nytimes.com/2024/12/26/opinion/vanilla-bean-climate-change.html,2024-12-26,,2,https://static01.nyt.com/images/2024/12/24/opinion/24opinions-nezhukamatatil/24opinions-nezhukamatatil-thumbStandard.png,../Scripts/output/nytimes/nytimes_images/nytimes_2024-12-26_0ef0eb27-d8ff-5e64-85bf-5beb424f2352_img02.png,,,0,,0,,1,broad_candidate
76594d01-e795-586c-a4f0-631e08188123,The New York Times,2024,"""climate change""",Hochul Signs Law That Penalizes Companies for Greenhouse Gas Emissions,https://www.nytimes.com/2024/12/26/nyregion/hochul-climate-change-superfund-law.html,2024-12-26,,1,https://static01.nyt.com/images/2024/12/30/multimedia/30NY-LAWS-01-lzmc/30NY-LAWS-01-lzmc-articleLarge.jpg,../Scripts/output/nytimes/nytimes_images/nytimes_2024-12-26_76594d01-e795-586c-a4f0-631e08188123_img01.jpg,,,0,,0,,1,broad_candidate
76594d01-e795-586c-a4f0-631e08188123,The New York Times,2024,"""climate change""",Hochul Signs Law That Penalizes Companies for Greenhouse Gas Emissions,https://www.nytimes.com/2024/12/26/nyregion/hochul-climate-change-superfund-law.html,2024-12-26,,2,https://static01.nyt.com/images/2024/12/30/multimedia/30NY-LAWS-01-lzmc/30NY-LAWS-01-lzmc-thumbStandard.jpg,../Scripts/output/nytimes/nytimes_images/nytimes_2024-12-26_76594d01-e795-586c-a4f0-631e08188123_img02.jpg,,,0,,0,,1,broad_candidate
a1699658-9baa-5853-9904-c2ded7ca15c7,The New York Times,2024,"""climate change""",Trump Wants U.S. Control of the Panama Canal. Here Are 3 Things to Know.,https://www.nytimes.com/2024/12/26/us/politics/trump-panama-canal.html,2024-12-26,,1,https://static01.nyt.com/images/2024/12/26/multimedia/26DC-PANAMA-bzmf/26DC-PANAMA-bzmf-articleLarge.jpg,../Scripts/output/nytimes/nytimes_images/nytimes_2024-12-26_a1699658-9baa-5853-9904-c2ded7ca15c7_img01.jpg,,,0,,0,,1,broad_candidate
a1699658-9baa-5853-9904-c2ded7ca15c7,The New York Times,2024,"""climate change""",Trump Wants U.S. Control of the Panama Canal. Here Are 3 Things to Know.,https://www.nytimes.com/2024/12/26/us/politics/trump-panama-canal.html,2024-12-26,,2,https://static01.nyt.com/images/2024/12/26/multimedia/26DC-PANAMA-bzmf/26DC-PANAMA-bzmf-thumbStandard.jpg,../Scripts/output/nytimes/nytimes_images/nytimes_2024-12-26_a1699658-9baa-5853-9904-c2ded7ca15c7_img02.jpg,,,0,,0,,1,broad_candidate
06310f25-5d4a-569b-a833-7c2bd2468a3c,The New York Times,2024,"""climate change""",Tesla Investors Are Still Bullish. Can Elon Musk Deliver?,https://www.nytimes.com/2024/12/27/business/tesla-sales-stock-elon-musk.html,2024-12-27,,1,https://static01.nyt.com/images/2024/12/24/multimedia/TESLA-SALES-01-cwvq/TESLA-SALES-01-cwvq-articleLarge.jpg,../Scripts/output/nytimes/nytimes_images/nytimes_2024-12-27_06310f25-5d4a-569b-a833-7c2bd2468a3c_img01.jpg,,,0,,0,,1,broad_candidate
06310f25-5d4a-569b-a833-7c2bd2468a3c,The New York Times,2024,"""climate change""",Tesla Investors Are Still Bullish. Can Elon Musk Deliver?,https://www.nytimes.com/2024/12/27/business/tesla-sales-stock-elon-musk.html,2024-12-27,,2,https://static01.nyt.com/images/2024/12/24/multimedia/TESLA-SALES-01-cwvq/TESLA-SALES-01-cwvq-thumbStandard.jpg,../Scripts/output/nytimes/nytimes_images/nytimes_2024-12-27_06310f25-5d4a-569b-a833-7c2bd2468a3c_img02.jpg,,,0,,0,,1,broad_candidate
104de6fc-7b9c-5768-812a-528967b0758b,The New York Times,2024,"""climate change""",Elon Musk Needs to Teach Our Government How to Lose More Money,https://www.nytimes.com/2024/12/27/opinion/elon-musk-industrial-policy.html,2024-12-27,,1,https://static01.nyt.com/images/2024/12/27/opinion/27zoffer/27zoffer-articleLarge-v2.jpg,../Scripts/output/nytimes/nytimes_images/nytimes_2024-12-27_104de6fc-7b9c-5768-812a-528967b0758b_img01.jpg,,,0,,0,,1,broad_candidate
104de6fc-7b9c-5768-812a-528967b0758b,The New York Times,2024,"""climate change""",Elon Musk Needs to Teach Our Government How to Lose More Money,https://www.nytimes.com/2024/12/27/opinion/elon-musk-industrial-policy.html,2024-12-27,,2,https://static01.nyt.com/images/2024/12/27/opinion/27zoffer/27zoffer-thumbStandard-v2.jpg,../Scripts/output/nytimes/nytimes_images/nytimes_2024-12-27_104de6fc-7b9c-5768-812a-528967b0758b_img02.jpg,,,0,,0,,1,broad_candidate
22ffd29e-ef84-5a40-aba4-d180e5147e9d,The New York Times,2024,"""climate change""","In a Political Year, Some Deaths Spoke to the Struggles for Democracy",https://www.nytimes.com/2024/12/27/obituaries/in-a-political-year-some-deaths-spoke-to-the-struggles-for-democracy.html,2024-12-27,,1,https://static01.nyt.com/images/2024/12/26/multimedia/00obityear-Subb-qmjh/00obityear-Subb-qmjh-articleLarge-v5.jpg,../Scripts/output/nytimes/nytimes_images/nytimes_2024-12-27_22ffd29e-ef84-5a40-aba4-d180e5147e9d_img01.jpg,,,0,,0,,1,broad_candidate
22ffd29e-ef84-5a40-aba4-d180e5147e9d,The New York Times,2024,"""climate change""","In a Political Year, Some Deaths Spoke to the Struggles for Democracy",https://www.nytimes.com/2024/12/27/obituaries/in-a-political-year-some-deaths-spoke-to-the-struggles-for-democracy.html,2024-12-27,,2,https://static01.nyt.com/images/2024/12/26/multimedia/00obityear-Subb-qmjh/00obityear-Subb-qmjh-thumbStandard-v4.jpg,../Scripts/output/nytimes/nytimes_images/nytimes_2024-12-27_22ffd29e-ef84-5a40-aba4-d180e5147e9d_img02.jpg,,,0,,0,,1,broad_candidate
234d34b6-ee98-5822-9524-7795da1f85e1,The New York Times,2024,"""climate change""","Berrien Moore III, Pioneering Scholar of Earth Science, Dies at 83",https://www.nytimes.com/2024/12/27/climate/berrien-moore-dead.html,2024-12-27,,1,https://static01.nyt.com/images/2024/12/30/multimedia/23cli-moore-obit-ltjg/23cli-moore-obit-ltjg-articleLarge.jpg,../Scripts/output/nytimes/nytimes_images/nytimes_2024-12-27_234d34b6-ee98-5822-9524-7795da1f85e1_img01.jpg,,,0,,0,,1,broad_candidate
234d34b6-ee98-5822-9524-7795da1f85e1,The New York Times,2024,"""climate change""","Berrien Moore III, Pioneering Scholar of Earth Science, Dies at 83",https://www.nytimes.com/2024/12/27/climate/berrien-moore-dead.html,2024-12-27,,2,https://static01.nyt.com/images/2024/12/30/multimedia/23cli-moore-obit-ltjg/23cli-moore-obit-ltjg-thumbStandard.jpg,../Scripts/output/nytimes/nytimes_images/nytimes_2024-12-27_234d34b6-ee98-5822-9524-7795da1f85e1_img02.jpg,,,0,,0,,1,broad_candidate
52534b46-8ecc-5522-8a19-2c3dee24ec73,The New York Times,2024,"""climate change""",Trump Disparaged Africa. So Why Are Some Africans Optimistic?,https://www.nytimes.com/2024/12/27/world/africa/trump-africa.html,2024-12-27,,1,https://static01.nyt.com/images/2024/12/18/multimedia/00trump-africa-top-cjfb/00trump-africa-top-cjfb-articleLarge.jpg,../Scripts/output/nytimes/nytimes_images/nytimes_2024-12-27_52534b46-8ecc-5522-8a19-2c3dee24ec73_img01.jpg,,,0,,0,,1,broad_candidate
52534b46-8ecc-5522-8a19-2c3dee24ec73,The New York Times,2024,"""climate change""",Trump Disparaged Africa. So Why Are Some Africans Optimistic?,https://www.nytimes.com/2024/12/27/world/africa/trump-africa.html,2024-12-27,,2,https://static01.nyt.com/images/2024/12/18/multimedia/00trump-africa-top-cjfb/00trump-africa-top-cjfb-thumbStandard.jpg,../Scripts/output/nytimes/nytimes_images/nytimes_2024-12-27_52534b46-8ecc-5522-8a19-2c3dee24ec73_img02.jpg,,,0,,0,,1,broad_candidate
9dc38642-d295-554c-9bbb-616ca27ce7a4,The New York Times,2024,"""global temperature""","A Century of Human Detritus, Visualized",https://www.nytimes.com/2024/12/27/science/biomass-garbage-construction.html,2024-12-27,,1,https://static01.nyt.com/images/2024/12/18/science/00SCI-OUTTHERE-TRASH-promo/00SCI-OUTTHERE-TRASH-promo-articleLarge.jpg,../Scripts/output/nytimes/nytimes_images/nytimes_2024-12-27_9dc38642-d295-554c-9bbb-616ca27ce7a4_img01.jpg,,,0,,0,,1,broad_candidate
9dc38642-d295-554c-9bbb-616ca27ce7a4,The New York Times,2024,"""global temperature""","A Century of Human Detritus, Visualized",https://www.nytimes.com/2024/12/27/science/biomass-garbage-construction.html,2024-12-27,,2,https://static01.nyt.com/images/2024/12/18/science/00SCI-OUTTHERE-TRASH-promo/00SCI-OUTTHERE-TRASH-promo-thumbStandard.jpg,../Scripts/output/nytimes/nytimes_images/nytimes_2024-12-27_9dc38642-d295-554c-9bbb-616ca27ce7a4_img02.jpg,,,0,,0,,1,broad_candidate
0c590090-ca6f-54c4-ba2b-7c7617059c11,The New York Times,2024,"""climate change""",Why Coffee Prices Are Soaring (Again),https://www.nytimes.com/2024/12/28/business/coffee-prices-climate-change.html,2024-12-28,,1,https://static01.nyt.com/images/2024/12/23/multimedia/00cofeeprices-promo-zftq/00cofeeprices-promo-zftq-articleLarge.jpg,../Scripts/output/nytimes/nytimes_images/nytimes_2024-12-28_0c590090-ca6f-54c4-ba2b-7c7617059c11_img01.jpg,,,0,,0,,1,broad_candidate
0c590090-ca6f-54c4-ba2b-7c7617059c11,The New York Times,2024,"""climate change""",Why Coffee Prices Are Soaring (Again),https://www.nytimes.com/2024/12/28/business/coffee-prices-climate-change.html,2024-12-28,,2,https://static01.nyt.com/images/2024/12/23/multimedia/00cofeeprices-promo-zftq/00cofeeprices-promo-zftq-thumbStandard.jpg,../Scripts/output/nytimes/nytimes_images/nytimes_2024-12-28_0c590090-ca6f-54c4-ba2b-7c7617059c11_img02.jpg,,,0,,0,,1,broad_candidate
1e8c8760-213a-58a7-9a67-cd2d9376189b,The New York Times,2024,"""climate change""",Playing to Win: How a First Nation Turned Around Its Fortunes,https://www.nytimes.com/2024/12/28/world/canada/clearwater-membertou-cape-breton.html,2024-12-28,,1,https://static01.nyt.com/images/2024/12/28/world/28canadaletter/28canadaletter-articleLarge.jpg,../Scripts/output/nytimes/nytimes_images/nytimes_2024-12-28_1e8c8760-213a-58a7-9a67-cd2d9376189b_img01.jpg,,,0,,0,,1,broad_candidate
1e8c8760-213a-58a7-9a67-cd2d9376189b,The New York Times,2024,"""climate change""",Playing to Win: How a First Nation Turned Around Its Fortunes,https://www.nytimes.com/2024/12/28/world/canada/clearwater-membertou-cape-breton.html,2024-12-28,,2,https://static01.nyt.com/images/2024/12/28/world/28canadaletter/28canadaletter-thumbStandard.jpg,../Scripts/output/nytimes/nytimes_images/nytimes_2024-12-28_1e8c8760-213a-58a7-9a67-cd2d9376189b_img02.jpg,,,0,,0,,1,broad_candidate
4d774073-691f-5be6-a1e6-d0c465826096,The New York Times,2024,"""climate change""",7 People (and One Coyote) Who Made New York City a Better Place in 2024,https://www.nytimes.com/2024/12/28/nyregion/best-new-yorkers-2024.html,2024-12-28,,1,https://static01.nyt.com/images/2024/12/27/nyregion/27big-top/27big-top-articleLarge.jpg,../Scripts/output/nytimes/nytimes_images/nytimes_2024-12-28_4d774073-691f-5be6-a1e6-d0c465826096_img01.jpg,,,0,,0,,1,broad_candidate
4d774073-691f-5be6-a1e6-d0c465826096,The New York Times,2024,"""climate change""",7 People (and One Coyote) Who Made New York City a Better Place in 2024,https://www.nytimes.com/2024/12/28/nyregion/best-new-yorkers-2024.html,2024-12-28,,2,https://static01.nyt.com/images/2024/12/27/nyregion/27big-top/27big-top-thumbStandard.jpg,../Scripts/output/nytimes/nytimes_images/nytimes_2024-12-28_4d774073-691f-5be6-a1e6-d0c465826096_img02.jpg,,,0,,0,,1,broad_candidate
aa6afa5c-2f42-51fe-a613-49910a91ee6c,The New York Times,2024,"""climate change""",I Won’t Feel Good About Flying Until the Airlines Solve This,https://www.nytimes.com/2024/12/28/opinion/air-travel-airlines-carbon-capture-climate-change.html,2024-12-28,,1,https://static01.nyt.com/images/2025/01/02/opinion/28miodownik/28miodownik-articleLarge.jpg,../Scripts/output/nytimes/nytimes_images/nytimes_2024-12-28_aa6afa5c-2f42-51fe-a613-49910a91ee6c_img01.jpg,,,0,,0,,1,broad_candidate
aa6afa5c-2f42-51fe-a613-49910a91ee6c,The New York Times,2024,"""climate change""",I Won’t Feel Good About Flying Until the Airlines Solve This,https://www.nytimes.com/2024/12/28/opinion/air-travel-airlines-carbon-capture-climate-change.html,2024-12-28,,2,https://static01.nyt.com/images/2025/01/02/opinion/28miodownik/28miodownik-thumbStandard.jpg,../Scripts/output/nytimes/nytimes_images/nytimes_2024-12-28_aa6afa5c-2f42-51fe-a613-49910a91ee6c_img02.jpg,,,0,,0,,1,broad_candidate
0f53493c-bdeb-5aa0-92ff-e2b872461d46,The New York Times,2024,"""climate change""",12 Predictions for Life in 2025,https://www.nytimes.com/2024/12/29/style/trends-predictions-2025.html,2024-12-29,,1,https://static01.nyt.com/images/2025/01/29/fashion/29PREDICTIONS-SUB-PRINT/29PREDICTIONS-SUB-PRINT-articleLarge.jpg,../Scripts/output/nytimes/nytimes_images/nytimes_2024-12-29_0f53493c-bdeb-5aa0-92ff-e2b872461d46_img01.jpg,,,0,,0,,1,broad_candidate
0f53493c-bdeb-5aa0-92ff-e2b872461d46,The New York Times,2024,"""climate change""",12 Predictions for Life in 2025,https://www.nytimes.com/2024/12/29/style/trends-predictions-2025.html,2024-12-29,,2,https://static01.nyt.com/images/2025/01/29/fashion/29PREDICTIONS-SUB-PRINT/29PREDICTIONS-SUB-PRINT-thumbStandard.jpg,../Scripts/output/nytimes/nytimes_images/nytimes_2024-12-29_0f53493c-bdeb-5aa0-92ff-e2b872461d46_img02.jpg,,,0,,0,,1,broad_candidate
ddb708c2-fe4a-50ff-8baf-bcd2203adc9b,The New York Times,2024,"""climate change""",The Case for Resolutions,https://www.nytimes.com/2024/12/29/briefing/the-case-for-resolutions.html,2024-12-29,,1,https://static01.nyt.com/images/2024/12/29/multimedia/29themorning-nl-lede-02-phqk/29themorning-nl-lede-02-phqk-articleLarge.jpg,../Scripts/output/nytimes/nytimes_images/nytimes_2024-12-29_ddb708c2-fe4a-50ff-8baf-bcd2203adc9b_img01.jpg,,,0,,0,,1,broad_candidate
ddb708c2-fe4a-50ff-8baf-bcd2203adc9b,The New York Times,2024,"""climate change""",The Case for Resolutions,https://www.nytimes.com/2024/12/29/briefing/the-case-for-resolutions.html,2024-12-29,,2,https://static01.nyt.com/images/2024/12/29/multimedia/29themorning-nl-lede-02-phqk/29themorning-nl-lede-02-phqk-thumbStandard.jpg,../Scripts/output/nytimes/nytimes_images/nytimes_2024-12-29_ddb708c2-fe4a-50ff-8baf-bcd2203adc9b_img02.jpg,,,0,,0,,1,broad_candidate
f6cad3e9-48fb-5239-9230-5e67ca50df28,The New York Times,2024,"""climate change""","From Scorn to Respect, Carter’s Legacy Evolved After His Presidency",https://www.nytimes.com/2024/12/29/us/politics/jimmy-carter-legacy-presidency.html,2024-12-29,,1,https://static01.nyt.com/images/2023/02/18/multimedia/18-carter-legacy--1-kfpb/18-carter-legacy--1-kfpb-articleLarge-v3.jpg,../Scripts/output/nytimes/nytimes_images/nytimes_2024-12-29_f6cad3e9-48fb-5239-9230-5e67ca50df28_img01.jpg,,,0,,0,,1,broad_candidate
f6cad3e9-48fb-5239-9230-5e67ca50df28,The New York Times,2024,"""climate change""","From Scorn to Respect, Carter’s Legacy Evolved After His Presidency",https://www.nytimes.com/2024/12/29/us/politics/jimmy-carter-legacy-presidency.html,2024-12-29,,2,https://static01.nyt.com/images/2023/02/18/multimedia/18-carter-legacy--1-kfpb/18-carter-legacy--1-kfpb-thumbStandard-v3.jpg,../Scripts/output/nytimes/nytimes_images/nytimes_2024-12-29_f6cad3e9-48fb-5239-9230-5e67ca50df28_img02.jpg,,,0,,0,,1,broad_candidate
0692ecd3-938f-5ecc-8bd2-815e8948ecf2,The New York Times,2024,"""climate change""",What Period Products Are Best for the Environment?,https://www.nytimes.com/2024/12/30/climate/period-products-menstruation-environment.html,2024-12-30,,1,https://static01.nyt.com/images/2025/01/07/climate/00ci-askclimate-cup/00ci-askclimate-cup-articleLarge.jpg,../Scripts/output/nytimes/nytimes_images/nytimes_2024-12-30_0692ecd3-938f-5ecc-8bd2-815e8948ecf2_img01.jpg,,,0,,0,,1,broad_candidate
0692ecd3-938f-5ecc-8bd2-815e8948ecf2,The New York Times,2024,"""climate change""",What Period Products Are Best for the Environment?,https://www.nytimes.com/2024/12/30/climate/period-products-menstruation-environment.html,2024-12-30,,2,https://static01.nyt.com/images/2025/01/07/climate/00ci-askclimate-cup/00ci-askclimate-cup-thumbStandard.jpg,../Scripts/output/nytimes/nytimes_images/nytimes_2024-12-30_0692ecd3-938f-5ecc-8bd2-815e8948ecf2_img02.jpg,,,0,,0,,1,broad_candidate
15017a54-ae10-51ff-868f-e5b096f6a04a,The New York Times,2024,"""climate change""",What if Reagan Had Been More Like Carter?,https://www.nytimes.com/2024/12/30/opinion/jimmy-carter-ronald-reagan.html,2024-12-30,,1,https://static01.nyt.com/images/2025/01/05/opinion/05friedman-FHO/24friedman-FHO-articleLarge.jpg,../Scripts/output/nytimes/nytimes_images/nytimes_2024-12-30_15017a54-ae10-51ff-868f-e5b096f6a04a_img01.jpg,,,0,,0,,1,broad_candidate
15017a54-ae10-51ff-868f-e5b096f6a04a,The New York Times,2024,"""climate change""",What if Reagan Had Been More Like Carter?,https://www.nytimes.com/2024/12/30/opinion/jimmy-carter-ronald-reagan.html,2024-12-30,,2,https://static01.nyt.com/images/2025/01/05/opinion/05friedman-FHO/24friedman-FHO-thumbStandard.jpg,../Scripts/output/nytimes/nytimes_images/nytimes_2024-12-30_15017a54-ae10-51ff-868f-e5b096f6a04a_img02.jpg,,,0,,0,,1,broad_candidate
5340f26f-3bab-5fe4-8a79-66c5c5e1339e,The New York Times,2024,"""climate change""",Read Walter Mondale’s Eulogy of Jimmy Carter,https://www.nytimes.com/interactive/2024/12/30/us/politics/walter-mondale-eulogy.html,2024-12-30,,1,https://static01.nyt.com/images/2024/12/30/doc-e6a4adb9-4cdb-4ca5-ad25-b-promo/doc-e6a4adb9-4cdb-4ca5-ad25-b-promo-articleLarge.png,../Scripts/output/nytimes/nytimes_images/nytimes_2024-12-30_5340f26f-3bab-5fe4-8a79-66c5c5e1339e_img01.png,,,0,,0,,1,broad_candidate
5340f26f-3bab-5fe4-8a79-66c5c5e1339e,The New York Times,2024,"""climate change""",Read Walter Mondale’s Eulogy of Jimmy Carter,https://www.nytimes.com/interactive/2024/12/30/us/politics/walter-mondale-eulogy.html,2024-12-30,,2,https://static01.nyt.com/images/2024/12/30/doc-e6a4adb9-4cdb-4ca5-ad25-b-promo/doc-e6a4adb9-4cdb-4ca5-ad25-b-promo-thumbStandard.png,../Scripts/output/nytimes/nytimes_images/nytimes_2024-12-30_5340f26f-3bab-5fe4-8a79-66c5c5e1339e_img02.png,,,0,,0,,1,broad_candidate
66ac9f18-b31f-521f-a4af-958ac5d04734,The New York Times,2024,"""climate change""",Dark Doldrums Overshadow Europe’s Energy Markets,https://www.nytimes.com/2024/12/30/business/energy-environment/europe-energy-solar-wind.html,2024-12-30,,1,https://static01.nyt.com/images/2024/12/30/multimedia/30europe-doldrums-02-blzj/30europe-doldrums-02-blzj-articleLarge.jpg,../Scripts/output/nytimes/nytimes_images/nytimes_2024-12-30_66ac9f18-b31f-521f-a4af-958ac5d04734_img01.jpg,,,0,,0,,1,broad_candidate
66ac9f18-b31f-521f-a4af-958ac5d04734,The New York Times,2024,"""climate change""",Dark Doldrums Overshadow Europe’s Energy Markets,https://www.nytimes.com/2024/12/30/business/energy-environment/europe-energy-solar-wind.html,2024-12-30,,2,https://static01.nyt.com/images/2024/12/30/multimedia/30europe-doldrums-02-blzj/30europe-doldrums-02-blzj-thumbStandard.jpg,../Scripts/output/nytimes/nytimes_images/nytimes_2024-12-30_66ac9f18-b31f-521f-a4af-958ac5d04734_img02.jpg,,,0,,0,,1,broad_candidate
7075cf4a-7aaa-535a-965e-e18f9f78599c,The New York Times,2024,"""climate change""",The Rivers Run Dry and the Lights Go Out: A Warming Nation’s Doom Loop,https://www.nytimes.com/2024/12/30/world/americas/ecuador-hydropower-drought.html,2024-12-30,,1,https://static01.nyt.com/images/2024/12/22/multimedia/00ecuador-energy-crisis-01-pzwl/00ecuador-energy-crisis-01-pzwl-articleLarge-v2.jpg,../Scripts/output/nytimes/nytimes_images/nytimes_2024-12-30_7075cf4a-7aaa-535a-965e-e18f9f78599c_img01.jpg,,,0,,0,,1,broad_candidate
7075cf4a-7aaa-535a-965e-e18f9f78599c,The New York Times,2024,"""climate change""",The Rivers Run Dry and the Lights Go Out: A Warming Nation’s Doom Loop,https://www.nytimes.com/2024/12/30/world/americas/ecuador-hydropower-drought.html,2024-12-30,,2,https://static01.nyt.com/images/2024/12/22/multimedia/00ecuador-energy-crisis-01-pzwl/00ecuador-energy-crisis-01-pzwl-thumbStandard-v2.jpg,../Scripts/output/nytimes/nytimes_images/nytimes_2024-12-30_7075cf4a-7aaa-535a-965e-e18f9f78599c_img02.jpg,,,0,,0,,1,broad_candidate
ba7514bd-f633-5f71-995e-d3bb882f820e,The New York Times,2024,"""climate change""","This New Year, Resolve to Green Up Your News Feed",https://www.nytimes.com/2024/12/30/opinion/climate-change-news-coverage-2025.html,2024-12-30,,1,https://static01.nyt.com/images/2024/12/30/opinion/30renkl/30renkl-articleLarge.jpg,../Scripts/output/nytimes/nytimes_images/nytimes_2024-12-30_ba7514bd-f633-5f71-995e-d3bb882f820e_img01.jpg,,,0,,0,,1,broad_candidate
ba7514bd-f633-5f71-995e-d3bb882f820e,The New York Times,2024,"""climate change""","This New Year, Resolve to Green Up Your News Feed",https://www.nytimes.com/2024/12/30/opinion/climate-change-news-coverage-2025.html,2024-12-30,,2,https://static01.nyt.com/images/2024/12/30/opinion/30renkl/30renkl-thumbStandard.jpg,../Scripts/output/nytimes/nytimes_images/nytimes_2024-12-30_ba7514bd-f633-5f71-995e-d3bb882f820e_img02.jpg,,,0,,0,,1,broad_candidate
d6950843-2f54-519c-9bd2-7f636ebe3d51,The New York Times,2024,"""climate change""","From the Grave, Mondale to Eulogize the Man Who Made Him Vice President",https://www.nytimes.com/2024/12/30/us/politics/mondale-carter-eulogy.html,2024-12-30,,1,https://static01.nyt.com/images/2023/02/28/multimedia/00carter-blog-mondale-01-chgj/00carter-blog-mondale-01-chgj-articleLarge.jpg,../Scripts/output/nytimes/nytimes_images/nytimes_2024-12-30_d6950843-2f54-519c-9bd2-7f636ebe3d51_img01.jpg,,,0,,0,,1,broad_candidate
d6950843-2f54-519c-9bd2-7f636ebe3d51,The New York Times,2024,"""climate change""","From the Grave, Mondale to Eulogize the Man Who Made Him Vice President",https://www.nytimes.com/2024/12/30/us/politics/mondale-carter-eulogy.html,2024-12-30,,2,https://static01.nyt.com/images/2023/02/28/multimedia/00carter-blog-mondale-01-chgj/00carter-blog-mondale-01-chgj-thumbStandard.jpg,../Scripts/output/nytimes/nytimes_images/nytimes_2024-12-30_d6950843-2f54-519c-9bd2-7f636ebe3d51_img02.jpg,,,0,,0,,1,broad_candidate
5b266d34-f333-5416-8567-26c9ba182425,The New York Times,2024,"""climate change""","‘Hanging Out With Jimmy Carter,’ Biden Faces the Echoes of History",https://www.nytimes.com/2024/12/30/us/politics/jimmy-carter-joe-biden-history.html,2024-12-31,,1,https://static01.nyt.com/images/2024/12/30/multimedia/30dc-carter-biden-gqht/30dc-carter-biden-gqht-articleLarge.jpg,../Scripts/output/nytimes/nytimes_images/nytimes_2024-12-31_5b266d34-f333-5416-8567-26c9ba182425_img01.jpg,,,0,,0,,1,broad_candidate
5b266d34-f333-5416-8567-26c9ba182425,The New York Times,2024,"""climate change""","‘Hanging Out With Jimmy Carter,’ Biden Faces the Echoes of History",https://www.nytimes.com/2024/12/30/us/politics/jimmy-carter-joe-biden-history.html,2024-12-31,,2,https://static01.nyt.com/images/2024/12/30/multimedia/30dc-carter-biden-gqht/30dc-carter-biden-gqht-thumbStandard-v5.jpg,../Scripts/output/nytimes/nytimes_images/nytimes_2024-12-31_5b266d34-f333-5416-8567-26c9ba182425_img02.jpg,,,0,,0,,1,broad_candidate
a0f385b1-e388-5b60-9334-85fba9f5557e,The New York Times,2024,"""climate change""",New Jersey Asks Judge to Delay Congestion Pricing Plan,https://www.nytimes.com/2024/12/31/nyregion/congestion-pricing-new-york-new-jersey.html,2024-12-31,,1,https://static01.nyt.com/images/2024/12/31/multimedia/31congestion-suit-folo-01-pczh/31congestion-suit-folo-01-pczh-articleLarge.jpg,../Scripts/output/nytimes/nytimes_images/nytimes_2024-12-31_a0f385b1-e388-5b60-9334-85fba9f5557e_img01.jpg,,,0,,0,,1,broad_candidate
a0f385b1-e388-5b60-9334-85fba9f5557e,The New York Times,2024,"""climate change""",New Jersey Asks Judge to Delay Congestion Pricing Plan,https://www.nytimes.com/2024/12/31/nyregion/congestion-pricing-new-york-new-jersey.html,2024-12-31,,2,https://static01.nyt.com/images/2024/12/31/multimedia/31congestion-suit-folo-01-pczh/31congestion-suit-folo-01-pczh-thumbStandard.jpg,../Scripts/output/nytimes/nytimes_images/nytimes_2024-12-31_a0f385b1-e388-5b60-9334-85fba9f5557e_img02.jpg,,,0,,0,,1,broad_candidate
f6c5cdf2-21e8-5344-9007-0b27744ea49e,The New York Times,2024,"""climate change""",Trump Wants Greenland and the Panama Canal. It’s About Climate.,https://www.nytimes.com/2024/12/31/climate/trump-greenland-panama-canal-climate-change.html,2024-12-31,,1,https://static01.nyt.com/images/2024/12/31/climate/31cli-newsletter-Trump-Panama-Greenland/31cli-newsletter-Trump-Panama-Greenland-articleLarge.jpg,../Scripts/output/nytimes/nytimes_images/nytimes_2024-12-31_f6c5cdf2-21e8-5344-9007-0b27744ea49e_img01.jpg,,,0,,0,,1,broad_candidate
f6c5cdf2-21e8-5344-9007-0b27744ea49e,The New York Times,2024,"""climate change""",Trump Wants Greenland and the Panama Canal. It’s About Climate.,https://www.nytimes.com/2024/12/31/climate/trump-greenland-panama-canal-climate-change.html,2024-12-31,,2,https://static01.nyt.com/images/2024/12/31/climate/31cli-newsletter-Trump-Panama-Greenland/31cli-newsletter-Trump-Panama-Greenland-thumbStandard.jpg,../Scripts/output/nytimes/nytimes_images/nytimes_2024-12-31_f6c5cdf2-21e8-5344-9007-0b27744ea49e_img02.jpg,,,0,,0,,1,broad_candidate
daae620d-7c90-501e-89e8-732f96ae2aa7,The New York Times,2024,"""climate change""","Jimmy Carter, the President and the Man",https://www.nytimes.com/2024/12/30/opinion/letters/jimmy-carter-readers-react.html,2024-12-30,,1,https://static01.nyt.com/images/2023/08/21/multimedia/00Carter-Jimmy-LifeinPhotos-2017-qjzk-copy/00Carter-Jimmy-LifeinPhotos-2017-qjzk-articleLarge.jpg,../Scripts/output/nytimes/nytimes_images/nytimes_2024-12-30_daae620d-7c90-501e-89e8-732f96ae2aa7_img01.jpg,,,0,,1,photo,1,broad_candidate
daae620d-7c90-501e-89e8-732f96ae2aa7,The New York Times,2024,"""climate change""","Jimmy Carter, the President and the Man",https://www.nytimes.com/2024/12/30/opinion/letters/jimmy-carter-readers-react.html,2024-12-30,,2,https://static01.nyt.com/images/2023/08/21/multimedia/00Carter-Jimmy-LifeinPhotos-2017-qjzk-copy/00Carter-Jimmy-LifeinPhotos-2017-qjzk-copy-thumbStandard-v2.jpg,../Scripts/output/nytimes/nytimes_images/nytimes_2024-12-30_daae620d-7c90-501e-89e8-732f96ae2aa7_img02.jpg,,,0,,1,photo,1,broad_candidate
49b32380-d87b-5533-87d8-dc68bb3a43be,The New York Times,2024,"""climate change""",Flood-Soaked Homeowners Face a Costly Choice: Raise or Raze,https://www.nytimes.com/2024/12/27/realestate/home-lifts-flooding-climate-change.html,2024-12-27,,1,https://static01.nyt.com/images/2024/12/20/autossell/20-home-raising-beach-move-video-cover/Screenshot-2024-12-18-at-10-articleLarge.jpg,../Scripts/output/nytimes/nytimes_images/nytimes_2024-12-27_49b32380-d87b-5533-87d8-dc68bb3a43be_img01.jpg,,,0,,2,screenshot|video,1,broad_candidate
49b32380-d87b-5533-87d8-dc68bb3a43be,The New York Times,2024,"""climate change""",Flood-Soaked Homeowners Face a Costly Choice: Raise or Raze,https://www.nytimes.com/2024/12/27/realestate/home-lifts-flooding-climate-change.html,2024-12-27,,2,https://static01.nyt.com/images/2024/12/20/autossell/20-home-raising-beach-move-video-cover/Screenshot-2024-12-18-at-10-thumbStandard.jpg,../Scripts/output/nytimes/nytimes_images/nytimes_2024-12-27_49b32380-d87b-5533-87d8-dc68bb3a43be_img02.jpg,,,0,,2,screenshot|video,1,broad_candidate
