article_id,newspaper,year_window,search_term,article_title,article_url,published_date,updated_date,image_index,image_url,local_image_path,caption,credit,positive_chart_signal_count,positive_chart_signals,negative_photo_signal_count,negative_photo_signals,review_priority,auto_review_label
guardian_baf843287f,The Guardian,2016,"""global temperature""",Climate change in charts: from record global temperatures to science denial,https://www.theguardian.com/environment/planet-oz/2016/feb/02/climate-change-in-charts-from-record-global-temperatures-to-science-denial,2016-02-02,2021-08-25,2,https://i.guim.co.uk/img/media/08c2c36b96cbac6bbd688ff0356bb1047cfbdafe/0_0_738_525/master/738.jpg?width=445&dpr=1&s=none&crop=none,../Scripts/output/guardian/guardian_images/guardian_2016-02-02_guardian_baf843287f_img02.jpg,"Chart showing average global temperatures from 1850 to 2015 according to three major datasets Photograph: Met Office, UK",,3,chart|data|graph,2,photo|photograph,0,likely_visualization
guardian_a1be5e1fef,The Guardian,2016,"""sea level rise""",Sea ice extent in Arctic and Antarctic reached record lows in November,https://www.theguardian.com/environment/2016/dec/06/arctic-antarctic-ice-melt-november-record,2016-12-06,2021-08-25,2,https://i.guim.co.uk/img/media/95a7a2c0bd8115ec1bd6a62931e27f5ce15b8cb1/0_0_1460_1740/master/1460.jpg?width=445&dpr=1&s=none&crop=none,../Scripts/output/guardian/guardian_images/guardian_2016-12-06_guardian_a1be5e1fef_img02.jpg,A map from NSIDC showing the sea ice extent compared to the historical average from 1981 to 2010. Photograph: National Snow and Ice Data Center,,3,data|graph|map,2,photo|photograph,0,likely_visualization
guardian_ddb14a45eb,The Guardian,2016,IPCC,Republicans' favorite climate chart has some serious problems,https://www.theguardian.com/environment/climate-consensus-97-per-cent/2016/feb/19/republicans-favorite-climate-chart-has-some-serious-problems,2016-02-19,2021-08-25,5,https://i.guim.co.uk/img/media/77c019e4b08d6714bbe6df53bc7684d197e1c160/0_0_2164_1578/master/2164.jpg?width=445&dpr=1&s=none&crop=none,../Scripts/output/guardian/guardian_images/guardian_2016-02-19_guardian_ddb14a45eb_img05.jpg,"Estimated changes in the observed global annual mean sea level (GMSL) since 1950 relative to 1961–1990. Estimated changes in global annual sea level anomalies are presented based on tide gauge data and based on sea surface altimetry. The shading shows the largest model projected range of global annual sea level rise from 1950 to 2035 for the IPCC First Assessment Report (FAR), Second (SAR), Third (TAR), and for Church et al. (2011) based on the CMIP3 model results. Illustration: IPCC AR5",,2,chart|data,0,,0,likely_visualization
guardian_4158a1354d,The Guardian,2016,"""sea level rise""",Oceanographers offer clues to Malaysian airlines crash,https://www.theguardian.com/environment/climate-consensus-97-per-cent/2016/dec/14/oceanographers-offer-clues-to-malaysian-airlines-crash,2016-12-14,2021-08-25,3,https://i.guim.co.uk/img/media/35e3e4b102f29cd7436b08cb6fc05cf248d64c62/0_0_679_891/master/679.jpg?width=445&dpr=1&s=none&crop=none,../Scripts/output/guardian/guardian_images/guardian_2016-12-14_guardian_4158a1354d_img03.jpg,Diagram of a drifter. Illustration: NOAA,,2,diagram|graph,0,,0,likely_visualization
guardian_dfcbd6bb53,The Guardian,2016,IPCC,"Era of climate science denial is not over, study finds",https://www.theguardian.com/environment/planet-oz/2016/jan/07/era-of-climate-science-denial-is-not-over-study-finds,2016-01-07,2021-08-25,2,https://i.guim.co.uk/img/media/7f65eab39c81435d8dc640cfa4154404da4096a1/0_0_750_450/master/750.jpg?width=445&dpr=1&s=none&crop=none,../Scripts/output/guardian/guardian_images/guardian_2016-01-07_guardian_dfcbd6bb53_img02.jpg,Chart from a 2016 study in the journal Global Environmental Change showing the output of conservative thinktanks on climate change between 1998 and 2013. Photograph: Global Environmental Change,,2,chart|graph,2,photo|photograph,0,likely_visualization
guardian_0cad45d1c4,The Guardian,2016,"""1.5C""","2015 smashes record for hottest year, final figures confirm",https://www.theguardian.com/environment/2016/jan/20/2015-smashes-record-for-hottest-year-final-figures-confirm,2016-01-20,2021-08-25,1,https://i.guim.co.uk/img/media/7d75854948eee4d53311c5f86102757ca920937f/0_0_1920_1080/master/1920.jpg?width=445&dpr=1&s=none&crop=none,../Scripts/output/guardian/guardian_images/guardian_2016-01-20_guardian_0cad45d1c4_img01.jpg,Nasa map of temperature anomalies in 2015 compared to the long-term average. Photograph: NASA,,2,graph|map,2,photo|photograph,0,likely_visualization
guardian_baf843287f,The Guardian,2016,"""global temperature""",Climate change in charts: from record global temperatures to science denial,https://www.theguardian.com/environment/planet-oz/2016/feb/02/climate-change-in-charts-from-record-global-temperatures-to-science-denial,2016-02-02,2021-08-25,3,https://i.guim.co.uk/img/media/c2a7c3df2bfd7a3213995b869e083e8c8d9b3923/0_0_600_382/master/600.jpg?width=445&dpr=1&s=none&crop=none,../Scripts/output/guardian/guardian_images/guardian_2016-02-02_guardian_baf843287f_img03.jpg,Chart showing the MetOffice estimate of global temperatures in the upcoming five years to 2020 Photograph: Met Office,,2,chart|graph,2,photo|photograph,0,likely_visualization
guardian_baf843287f,The Guardian,2016,"""global temperature""",Climate change in charts: from record global temperatures to science denial,https://www.theguardian.com/environment/planet-oz/2016/feb/02/climate-change-in-charts-from-record-global-temperatures-to-science-denial,2016-02-02,2021-08-25,4,https://i.guim.co.uk/img/media/58134b896cdb9fc3bce1c3aec9fa0c8ed9e7d352/0_0_566_380/master/566.jpg?width=445&dpr=1&s=none&crop=none,../Scripts/output/guardian/guardian_images/guardian_2016-02-02_guardian_baf843287f_img04.jpg,Chart showing the rising heat content of the world’s oceans Photograph: NOAA,,2,chart|graph,2,photo|photograph,0,likely_visualization
guardian_baf843287f,The Guardian,2016,"""global temperature""",Climate change in charts: from record global temperatures to science denial,https://www.theguardian.com/environment/planet-oz/2016/feb/02/climate-change-in-charts-from-record-global-temperatures-to-science-denial,2016-02-02,2021-08-25,5,https://i.guim.co.uk/img/media/551ceb8b5e8599bb59b99fa4ca3b6234be3953f2/0_0_630_618/master/630.jpg?width=445&dpr=1&s=none&crop=none,../Scripts/output/guardian/guardian_images/guardian_2016-02-02_guardian_baf843287f_img05.jpg,Chart showing how often thinktanks that oppose climate action argue that CO2 is good and how those funded by Exxon or the Koch brothers make that argument more often. Photograph: Proceedings of the National Academy of Sciences,,2,chart|graph,2,photo|photograph,0,likely_visualization
guardian_baf843287f,The Guardian,2016,"""global temperature""",Climate change in charts: from record global temperatures to science denial,https://www.theguardian.com/environment/planet-oz/2016/feb/02/climate-change-in-charts-from-record-global-temperatures-to-science-denial,2016-02-02,2021-08-25,6,https://i.guim.co.uk/img/media/78ff6c694cfc7337a661b66ca46f9b637b42fddf/0_0_814_775/master/814.jpg?width=445&dpr=1&s=none&crop=none,../Scripts/output/guardian/guardian_images/guardian_2016-02-02_guardian_baf843287f_img06.jpg,Chart showing the views of Australians on the causes of climate change. The dashed line shows each group’s opinion and the bars show how many people they think agree with them. Photograph: Nature Climate Change,,2,chart|graph,2,photo|photograph,0,likely_visualization
guardian_baf843287f,The Guardian,2016,"""global temperature""",Climate change in charts: from record global temperatures to science denial,https://www.theguardian.com/environment/planet-oz/2016/feb/02/climate-change-in-charts-from-record-global-temperatures-to-science-denial,2016-02-02,2021-08-25,7,https://i.guim.co.uk/img/media/ff96234fd36c260b735cf943d99e36c558b7a57c/0_0_1105_727/master/1105.jpg?width=445&dpr=1&s=none&crop=none,../Scripts/output/guardian/guardian_images/guardian_2016-02-02_guardian_baf843287f_img07.jpg,Chart showing global CO2 emissions from fossil-fuel use and industry since 1990 and emissions intensity CO2 /GDP. The red symbols are projections for 2015. Photograph: Nature Climate Change,,2,chart|graph,2,photo|photograph,0,likely_visualization
guardian_b51e6532d7,The Guardian,2016,"""global temperature""",No climate conspiracy: NOAA temperature adjustments bring data closer to pristine,https://www.theguardian.com/environment/climate-consensus-97-per-cent/2016/feb/08/no-climate-conspiracy-noaa-temperature-adjustments-bring-data-closer-to-pristine,2016-02-08,2021-08-25,1,https://i.guim.co.uk/img/media/3f82f741e75a6a07b833e60550578f55d1f040ba/0_13_1022_613/master/1022.jpg?width=465&dpr=1&s=none&crop=none,../Scripts/output/guardian/guardian_images/guardian_2016-02-08_guardian_b51e6532d7_img01.jpg,"The U.S. Climate Reference Network consists of 114 stations, including this one in Capitol Reef National Park, Torrey, Utah. Photograph: NOAA",,2,data|graph,2,photo|photograph,0,likely_visualization
guardian_e80ddcac2a,The Guardian,2016,IPCC,"CSIRO climate cuts will cost Australia dear, world scientists warn government",https://www.theguardian.com/australia-news/2016/feb/08/csiro-climate-cuts-will-cost-australia-dear-world-scientists-warn-government,2016-02-08,2021-08-25,2,https://i.guim.co.uk/img/media/d3706fba7254f8a49de2c0c19653dab36cfd6ada/0_107_3264_1957/master/3264.jpg?width=445&dpr=1&s=none&crop=none,../Scripts/output/guardian/guardian_images/guardian_2016-02-08_guardian_e80ddcac2a_img02.jpg,More than 200 scientists donned blue armbands at a protest against CSIRO cuts outside the Australian Meteorological and Oceanographic Society’s annual conference in Melbourne on Monday. Photograph: Calla Wahlquist for Guardian Australia/Calla Wahlquist,,2,graph|graphic,2,photo|photograph,0,likely_visualization
guardian_5cd41c6e3c,The Guardian,2016,IPCC,Stephen Lawrence's family criticise police over alleged spy plot,https://www.theguardian.com/uk-news/2016/mar/02/stephen-lawrence-former-police-officer-avoids-charges-over-alleged-spying,2016-03-02,2018-01-11,1,https://i.guim.co.uk/img/media/94a67df7c9d6211392480c60b946d6a90a0a429c/0_214_3500_2100/master/3500.jpg?width=465&dpr=1&s=none&crop=none,../Scripts/output/guardian/guardian_images/guardian_2016-03-02_guardian_5cd41c6e3c_img01.jpg,Former head of Met police counter-terrorism command Richard Walton retired in January. Photograph: Lauren Hurley/PA,,2,graph|plot,2,photo|photograph,0,likely_visualization
guardian_520ce55a8e,The Guardian,2016,IPCC,Mentally ill people more likely to die after police use force – watchdog,https://www.theguardian.com/society/2016/mar/06/mentally-ill-people-more-likely-to-die-after-police-use-force-says-watchdog,2016-03-06,2018-01-11,1,https://i.guim.co.uk/img/media/985a7a9010f39de78b27e3f053a761270cbbe72d/0_0_3057_1836/master/3057.jpg?width=465&dpr=1&s=none&crop=none,../Scripts/output/guardian/guardian_images/guardian_2016-03-06_guardian_520ce55a8e_img01.jpg,The data suggests there is a correlation between scant mental health services at night and the police’s use of force. Photograph: Paul Faith/PA,,2,data|graph,2,photo|photograph,0,likely_visualization
guardian_efebdcfbad,The Guardian,2016,"""sea level rise""",Sea levels set to 'rise far more rapidly than expected',https://www.theguardian.com/environment/2016/mar/30/sea-levels-set-to-rise-far-more-rapidly-than-expected,2016-03-30,2021-08-25,1,https://i.guim.co.uk/img/media/9a418a5e138892131d1251f533fa5b03c7830a4b/0_130_2500_1499/master/2500.jpg?width=465&dpr=1&s=none&crop=none,../Scripts/output/guardian/guardian_images/guardian_2016-03-30_guardian_efebdcfbad_img01.jpg,Antarctica’s snowfall was expected to keep the ice sheet in balance but it is less stable than previously thought. Photograph: Steve Mandel / Barcroft Media,,2,graph|table,2,photo|photograph,0,likely_visualization
guardian_702d425906,The Guardian,2016,"""global temperature""","Global warming may be far worse than thought, cloud analysis suggests",https://www.theguardian.com/environment/2016/apr/07/clouds-climate-change-analysis-liquid-ice-global-warming,2016-04-07,2021-08-25,1,https://i.guim.co.uk/img/media/6944808eac624de404a0d944cfce22105f93c486/0_170_2550_1530/master/2550.jpg?width=465&dpr=1&s=none&crop=none,../Scripts/output/guardian/guardian_images/guardian_2016-04-07_guardian_702d425906_img01.jpg,"Under a blanket of clouds, tourists watch a meltwater waterfall on an icecap. Photograph: Ralph Lee Hopkins/National Geographic Society/Corbis",,2,graph|graphic,2,photo|photograph,0,likely_visualization
guardian_faacd7109f,The Guardian,2016,"""sea level rise""",Climate change: website reveals which homes will be swamped by rising sea levels,https://www.theguardian.com/environment/2016/apr/15/climate-change-website-reveals-which-homes-will-be-swamped-by-rising-sea-levels,2016-04-14,2021-08-25,1,https://i.guim.co.uk/img/media/8fd9d29c3726cc7d0d2e3f287712138809299108/0_36_501_301/master/501.jpg?width=465&dpr=1&s=none&crop=none,../Scripts/output/guardian/guardian_images/guardian_2016-04-14_guardian_faacd7109f_img01.jpg,A visualisation of Melbourne in 2100 under a five-metre sea level rise scenario. Photograph: Coastal Risk Australia,,2,graph|visualisation,2,photo|photograph,0,likely_visualization
guardian_faacd7109f,The Guardian,2016,"""sea level rise""",Climate change: website reveals which homes will be swamped by rising sea levels,https://www.theguardian.com/environment/2016/apr/15/climate-change-website-reveals-which-homes-will-be-swamped-by-rising-sea-levels,2016-04-14,2021-08-25,2,https://i.guim.co.uk/img/media/e2e6baf3b9a54163ee79d8fe7b7bdcb8f72cc5fc/0_0_866_436/master/866.jpg?width=445&dpr=1&s=none&crop=none,../Scripts/output/guardian/guardian_images/guardian_2016-04-14_guardian_faacd7109f_img02.jpg,"A visualisation of Sydney’s eastern suburbs in 2100, under the five-metre sea level rise scenario. Photograph: Coastal Risk Australia",,2,graph|visualisation,2,photo|photograph,0,likely_visualization
guardian_36fcb13eb7,The Guardian,2016,"""sea level rise""",Exercises of perception in scallywag land,https://www.theguardian.com/environment/2016/apr/22/exercises-of-perception-in-scallywag-land,2016-04-22,2017-11-28,1,https://i.guim.co.uk/img/media/de78c83cd10d7ee46cdd078c472a4d8d425ca70b/0_92_2755_1652/master/2755.jpg?width=465&dpr=1&s=none&crop=none,../Scripts/output/guardian/guardian_images/guardian_2016-04-22_guardian_36fcb13eb7_img01.jpg,A Cambridgeshire map noting Adventurers’ Land. Photograph: Simon Ingram,,2,graph|map,2,photo|photograph,0,likely_visualization
guardian_08844b1a25,The Guardian,2016,IPCC,Former chief constable calls for public inquiry into Orgreave clashes and beyond,https://www.theguardian.com/politics/2016/may/04/police-fahy-inquiry-1980s-miners-strike-scargill-orgreave-thatcher-hillsborough,2016-05-04,2017-09-20,1,https://i.guim.co.uk/img/media/969a479d43f2a60677b5d5451ae2f467043e7d06/0_0_4047_2428/master/4047.jpg?width=465&dpr=1&s=none&crop=none,../Scripts/output/guardian/guardian_images/guardian_2016-05-04_guardian_08844b1a25_img01.jpg,"Police at Orgreave, Rotherham, June 1984, dealing with the miners’ strike. Photograph: PA",,2,graph|table,2,photo|photograph,0,likely_visualization
guardian_40a40d57ba,The Guardian,2016,"""sea level rise""","Massive mangrove die-off on Gulf of Carpentaria worst in the world, says expert",https://www.theguardian.com/environment/2016/jul/11/massive-mangrove-die-off-on-gulf-of-carpentaria-worst-in-the-world-says-expert,2016-07-11,2021-08-25,2,https://i.guim.co.uk/img/media/c31b45bf8081ffb7d50ff45f184ca53b254de205/11_1_707_632/master/707.jpg?width=445&dpr=1&s=none&crop=none,../Scripts/output/guardian/guardian_images/guardian_2016-07-11_guardian_40a40d57ba_img02.jpg,A graphic showing how much rainfall was above or below average in the northern Australian wet season of 2016. Photograph: Australian Bureau of Meteorology,,2,graph|graphic,2,photo|photograph,0,likely_visualization
guardian_40a40d57ba,The Guardian,2016,"""sea level rise""","Massive mangrove die-off on Gulf of Carpentaria worst in the world, says expert",https://www.theguardian.com/environment/2016/jul/11/massive-mangrove-die-off-on-gulf-of-carpentaria-worst-in-the-world-says-expert,2016-07-11,2021-08-25,3,https://i.guim.co.uk/img/media/fce29813a557d4e4a81427fdb9bf1c3587d19845/12_0_711_629/master/711.jpg?width=445&dpr=1&s=none&crop=none,../Scripts/output/guardian/guardian_images/guardian_2016-07-11_guardian_40a40d57ba_img03.jpg,A graphic showing how much rainfall was above or below average in the northern Australian wet season of 2015. Photograph: Australian Bureau of Meteorology,,2,graph|graphic,2,photo|photograph,0,likely_visualization
guardian_e0de682494,The Guardian,2016,"""sea level rise""","Earliest Americans could not have arrived by dry land, study indicates",https://www.theguardian.com/science/2016/aug/10/earliest-americans-could-not-have-arrived-by-dry-land-study-indicates,2016-08-10,2018-02-14,2,https://i.guim.co.uk/img/media/1a43e07f53142dfc32b50b94a5792e105439cf75/0_0_2129_2330/master/2129.jpg?width=445&dpr=1&s=none&crop=none,../Scripts/output/guardian/guardian_images/guardian_2016-08-10_guardian_e0de682494_img02.jpg,Map outlining the opening of human migration routes in North America as proposed by the new study. Photograph: Mikkel Winther Pedersen,,2,graph|map,2,photo|photograph,0,likely_visualization
guardian_c53db45df7,The Guardian,2016,IPCC,Timeline of Taser controversies in the UK,https://www.theguardian.com/world/2016/aug/16/timeline-of-taser-controversies-in-the-uk,2016-08-16,2017-09-20,1,https://i.guim.co.uk/img/media/b04193d3ebd697bd0691cd6117f4bfe32f04f5ac/7_0_3161_1896/master/3161.jpg?width=465&dpr=1&s=none&crop=none,../Scripts/output/guardian/guardian_images/guardian_2016-08-16_guardian_c53db45df7_img01.jpg,A police officer using a Taser. Photograph: Gareth Fuller/PA,,2,graph|timeline,2,photo|photograph,0,likely_visualization
guardian_c53db45df7,The Guardian,2016,IPCC,Timeline of Taser controversies in the UK,https://www.theguardian.com/world/2016/aug/16/timeline-of-taser-controversies-in-the-uk,2016-08-16,2017-09-20,2,https://i.guim.co.uk/img/media/22c4ea45da8ff255aca0a21f16ac8743f05e2087/4_361_1771_1062/master/1771.jpg?width=445&dpr=1&s=none&crop=none,../Scripts/output/guardian/guardian_images/guardian_2016-08-16_guardian_c53db45df7_img02.jpg,Raoul Moat. Photograph: Rex/Shutterstock,,2,graph|timeline,2,photo|photograph,0,likely_visualization
guardian_c53db45df7,The Guardian,2016,IPCC,Timeline of Taser controversies in the UK,https://www.theguardian.com/world/2016/aug/16/timeline-of-taser-controversies-in-the-uk,2016-08-16,2017-09-20,3,https://i.guim.co.uk/img/media/cd34f1f0d138b5be172c959685892e9b52b0e133/0_117_1739_1043/master/1739.jpg?width=445&dpr=1&s=none&crop=none,../Scripts/output/guardian/guardian_images/guardian_2016-08-16_guardian_c53db45df7_img03.jpg,Jordan Begley. Photograph: Rex Features,,2,graph|timeline,2,photo|photograph,0,likely_visualization
guardian_9561997a98,The Guardian,2016,"""global temperature""","Australia will need to remove CO2 from air to keep warming below 2C, climate body says",https://www.theguardian.com/environment/2016/aug/23/australia-will-need-to-remove-co2-from-air-to-keep-warming-below-2c-says-climate-body,2016-08-23,2021-08-25,1,https://i.guim.co.uk/img/media/7cb95c94fa14fe6ebbf61de7983c00a4848d6d1b/3_84_1649_989/master/1649.jpg?width=465&dpr=1&s=none&crop=none,../Scripts/output/guardian/guardian_images/guardian_2016-08-23_guardian_9561997a98_img01.jpg,"2C of global warming would move the world into ‘uncharted territory’, analysis by Climate Analytics found. Photograph: John Giles/PA",,2,chart|graph,2,photo|photograph,0,likely_visualization
guardian_c9bc86e8d1,The Guardian,2016,"""sea level rise""",Senate passes Everglades restoration measure to fight toxic algae blooms,https://www.theguardian.com/environment/2016/sep/16/florida-everglades-restoration-bill-toxic-algae-blooms,2016-09-16,2017-07-14,2,https://i.guim.co.uk/img/media/5ba7ea83653d50658d6d7ff6552abba4ca15b11d/0_0_1321_2247/master/1321.jpg?width=445&dpr=1&s=none&crop=none,../Scripts/output/guardian/guardian_images/guardian_2016-09-16_guardian_c9bc86e8d1_img02.jpg,Map of Florida Everglades. Photograph: Central Everglades Planning Project,,2,graph|map,2,photo|photograph,0,likely_visualization
guardian_9f03a8f85c,The Guardian,2016,IPCC,Hillsborough families attack decision not to investigate David Crompton,https://www.theguardian.com/football/2016/oct/12/hillsborough-families-attack-decision-not-to-investigate-david-crompton,2016-10-12,2017-11-28,1,https://i.guim.co.uk/img/media/44fcc354116a2c7634b2ae73ea7d74763164400a/0_150_3076_1846/master/3076.jpg?width=465&dpr=1&s=none&crop=none,../Scripts/output/guardian/guardian_images/guardian_2016-10-12_guardian_9f03a8f85c_img01.jpg,The suspended South Yorkshire chief constable David Crompton. Photograph: Anna Gowthorpe/PA,,2,graph|table,2,photo|photograph,0,likely_visualization
guardian_ec80bec442,The Guardian,2016,"""net zero""",Australian unions call for 'just transition' from coal-generated electricity,https://www.theguardian.com/australia-news/2016/nov/08/australian-unions-call-for-just-transition-from-coal-generated-electricity,2016-11-07,2021-08-25,1,https://i.guim.co.uk/img/media/6cbcde8e5250fbb704bed9c7dbb8299858f69926/0_346_5184_3110/master/5184.jpg?width=465&dpr=1&s=none&crop=none,../Scripts/output/guardian/guardian_images/guardian_2016-11-07_guardian_ec80bec442_img01.jpg,Last week it was announced that the coal-fired Hazelwood power station in Victoria will close in March 2017. The Australian Council of Trade Unions said on Tuesday the transition away from fossil fuels in the power sector was inevitable. Photograph: David Crosling/AAP,,2,graph|table,2,photo|photograph,0,likely_visualization
guardian_b020d935bd,The Guardian,2016,"""sea level rise""",Huge deposit of untapped oil could be largest ever discovered in US,https://www.theguardian.com/environment/2016/nov/17/untapped-oil-texas-permian-basin-900-billion,2016-11-17,2017-07-14,2,https://i.guim.co.uk/img/media/89ef08328c6204e13c47ae45dbd20b4c929d0ec9/0_0_601_806/master/601.jpg?width=445&dpr=1&s=none&crop=none,../Scripts/output/guardian/guardian_images/guardian_2016-11-17_guardian_b020d935bd_img02.jpg,Midland Basin map. Photograph: US Geological Survey,,2,graph|map,2,photo|photograph,0,likely_visualization
guardian_2e0e75455a,The Guardian,2016,IPCC,Hillsborough: Sir Norman Bettison is seeking to deny the truth,https://www.theguardian.com/football/2016/nov/18/hillsborough-untold-sir-norman-bettison-is-seeking-to-deny-the-truth,2016-11-18,2018-01-11,1,https://i.guim.co.uk/img/media/95b05b192955c9eaf1efb788f6701786f1441d77/59_0_2067_1240/master/2067.jpg?width=465&dpr=1&s=none&crop=none,../Scripts/output/guardian/guardian_images/guardian_2016-11-18_guardian_2e0e75455a_img01.jpg,Former Merseyside chief constable Sir Norman Bettison toured TV and radio studios this week exonerating himself from any wrongdoing in the disaster. Photograph: Peter Byrne/PA,,2,graph|table,2,photo|photograph,0,likely_visualization
guardian_e39f9f548a,The Guardian,2016,IPCC,Fires and drought cook Tennessee - a state represented by climate deniers,https://www.theguardian.com/environment/climate-consensus-97-per-cent/2016/dec/02/fires-and-drought-cook-tennessee-a-state-represented-by-climate-deniers,2016-12-02,2021-08-25,3,https://i.guim.co.uk/img/media/23c27e3aa0cd6e5bbf09e249dad30084ee573327/0_0_805_663/master/805.png?width=445&dpr=1&s=none&crop=none,../Scripts/output/guardian/guardian_images/guardian_2016-12-02_guardian_e39f9f548a_img03.png,U.S. high temperatures map for 29 November 2016. Photograph: NOAA,,2,graph|map,2,photo|photograph,0,likely_visualization
guardian_12c6374b92,The Guardian,2016,"""climate change""",Will the internet of things sacrifice or save the environment?,https://www.theguardian.com/sustainable-business/2016/dec/12/will-the-internet-of-things-sacrifice-or-save-the-environment,2016-12-11,2020-02-03,1,https://i.guim.co.uk/img/media/3f37594c31bf13ef582e481069dc68778586cb0b/0_192_5760_3456/master/5760.jpg?width=465&dpr=1&s=none&crop=none,../Scripts/output/guardian/guardian_images/guardian_2016-12-11_guardian_12c6374b92_img01.jpg,"The Facebook Luleå data centre in northern Sweden, which takes advantage of a climate that allows for outside air to be used for cooling rather than using air conditioning. Photograph: David Levene/The Guardian",,2,data|graph,2,photo|photograph,0,likely_visualization
guardian_6a209ff461,The Guardian,2016,"""climate change""","Privilege check on the pale, stale male",https://www.theguardian.com/society/2016/dec/16/privilege-check-on-the-pale-stale-male,2016-12-16,2017-11-28,1,https://i.guim.co.uk/img/media/7780d521e0d64d61c01674bff24702ee90705402/0_0_2548_1529/master/2548.jpg?width=465&dpr=1&s=none&crop=none,../Scripts/output/guardian/guardian_images/guardian_2016-12-16_guardian_6a209ff461_img01.jpg,"Nigel Farage and Donald Trump together during the US presidential camapign. ‘Simon Jenkins threatens that “pale, stale males” will have their revenge. Judging from 2016, it appears they already have,’ writes Derrick Cameron. Photograph: Gerald Herbert/AP",,2,graph|map,2,photo|photograph,0,likely_visualization
guardian_6c1d825bce,The Guardian,2016,"""climate change""",White Christmases in the UK over the years – in data,https://www.theguardian.com/world/datablog/2016/dec/24/white-christmases-in-the-uk-over-the-years-in-data,2016-12-24,2021-08-25,1,https://i.guim.co.uk/img/media/1df9889d33378691b729cf0baeb3342dcd00af60/0_46_1850_1110/master/1850.jpg?width=465&dpr=1&s=none&crop=none,../Scripts/output/guardian/guardian_images/guardian_2016-12-24_guardian_6c1d825bce_img01.jpg,A snowy scene in Yorkshire in December 2001. Photograph: John Giles/PA,,2,data|graph,2,photo|photograph,0,likely_visualization
guardian_677af10726,The Guardian,2016,"""climate change""",The rise of fascism is not inevitable – just look at Bridges Not Walls,https://www.theguardian.com/commentisfree/2016/dec/27/bridges-not-walls-protest-trump-20-january,2016-12-27,2018-02-09,1,https://i.guim.co.uk/img/media/954c628c0aec2a12c3bc9ec092a79b5352fb843b/0_96_3000_1800/master/3000.jpg?width=465&dpr=1&s=none&crop=none,../Scripts/output/guardian/guardian_images/guardian_2016-12-27_guardian_677af10726_img01.jpg,"‘No one regrets fighting for a better world, and even after a terrible year, I still think the world can be better.’ Photograph: McGregr/Pacific/Barcroft Images",,2,graph|table,2,photo|photograph,0,likely_visualization
guardian_503d28401a,The Guardian,2016,"""climate change""",Eight charts that show 2016 wasn't as bad as you think,https://www.theguardian.com/world/2016/dec/30/eight-charts-that-show-2016-wasnt-as-bad-as-you-think,2016-12-30,2022-10-19,2,https://i.guim.co.uk/img/media/c43f039c435988d2a3715a1174b9ec8ee2b34dbc/23_155_1462_877/master/1462.jpg?width=445&dpr=1&s=none&crop=none,../Scripts/output/guardian/guardian_images/guardian_2016-12-30_guardian_503d28401a_img02.jpg,Boko Haram. Photograph: AP,,2,chart|graph,2,photo|photograph,0,likely_visualization
guardian_503d28401a,The Guardian,2016,"""climate change""",Eight charts that show 2016 wasn't as bad as you think,https://www.theguardian.com/world/2016/dec/30/eight-charts-that-show-2016-wasnt-as-bad-as-you-think,2016-12-30,2022-10-19,4,https://i.guim.co.uk/img/media/c11e532da1ffe144863064e216ce631a316b6e68/0_0_5492_3296/master/5492.jpg?width=445&dpr=1&s=none&crop=none,../Scripts/output/guardian/guardian_images/guardian_2016-12-30_guardian_503d28401a_img04.jpg,Cybercrime. Photograph: Cultura/Rex/Shutterstock,,2,chart|graph,2,photo|photograph,0,likely_visualization
guardian_503d28401a,The Guardian,2016,"""climate change""",Eight charts that show 2016 wasn't as bad as you think,https://www.theguardian.com/world/2016/dec/30/eight-charts-that-show-2016-wasnt-as-bad-as-you-think,2016-12-30,2022-10-19,5,https://i.guim.co.uk/img/media/0d28a6c9b2c7235f697d6d17b3db3562835bf3c5/0_377_6144_3685/master/6144.jpg?width=445&dpr=1&s=none&crop=none,../Scripts/output/guardian/guardian_images/guardian_2016-12-30_guardian_503d28401a_img05.jpg,"A reproductive health volunteer gives a condom demonstration to a young family in Kasese, Uganda. Photograph: Jake Lyell/Alamy",,2,chart|graph,2,photo|photograph,0,likely_visualization
guardian_df378bb82a,The Guardian,2016,"""climate change""",Displaced: faces of some of the world’s 63 million people fleeing disaster,https://www.theguardian.com/world/2016/dec/31/far-from-home-60-million-people-displaced-un-war-climate-change-terrorism,2016-12-31,2018-04-14,3,https://i.guim.co.uk/img/media/a6e6f4f788acc6dd0e91ef77d881f774e877bd8c/0_0_5294_3529/master/5294.jpg?width=445&dpr=1&s=none&crop=none,../Scripts/output/guardian/guardian_images/guardian_2016-12-31_guardian_df378bb82a_img03.jpg,"Having fled the war in Syria, Zonan and Mustapha’s family live in a former stable for horses which they share with other families in Salinufra, Turkey. Photograph: Muse Mohammed/IOM",,2,graph|table,2,photo|photograph,0,likely_visualization
guardian_baf843287f,The Guardian,2016,"""global temperature""",Climate change in charts: from record global temperatures to science denial,https://www.theguardian.com/environment/planet-oz/2016/feb/02/climate-change-in-charts-from-record-global-temperatures-to-science-denial,2016-02-02,2021-08-25,1,https://i.guim.co.uk/img/media/8c0b8811895d1ef005e8ab20e196fc5efc9d990d/0_127_3000_1804/master/3000.jpg?width=465&dpr=1&s=none&crop=none,../Scripts/output/guardian/guardian_images/guardian_2016-02-02_guardian_baf843287f_img01.jpg,The year 2015 was the hottest on the modern record. Photograph: Peter Macdiarmid/Getty Images,,2,chart|graph,3,getty|photo|photograph,0,likely_visualization
guardian_07505891b6,The Guardian,2016,"""1.5C""",Europe places bets on natural gas to secure energy future,https://www.theguardian.com/environment/2016/feb/16/europe-places-bets-on-natural-gas-to-secure-energy-future,2016-02-16,2021-08-25,1,https://i.guim.co.uk/img/media/a061c627c8fed0ed6422de774fa8c365e66b1f77/0_60_4000_2401/master/4000.jpg?width=465&dpr=1&s=none&crop=none,../Scripts/output/guardian/guardian_images/guardian_2016-02-16_guardian_07505891b6_img01.jpg,A Gazprom maps shows gas distribution throughout Europe. Campaigners said EC plans would ‘roll out the red carpet for Gazprom’. Photograph: Andrey Rudakov/Getty Images,,2,graph|map,3,getty|photo|photograph,0,likely_visualization
guardian_ddb14a45eb,The Guardian,2016,IPCC,Republicans' favorite climate chart has some serious problems,https://www.theguardian.com/environment/climate-consensus-97-per-cent/2016/feb/19/republicans-favorite-climate-chart-has-some-serious-problems,2016-02-19,2021-08-25,1,https://i.guim.co.uk/img/media/07de2a06d27cfbd11b1437536adb6c4740eba2e1/0_80_3072_1844/master/3072.jpg?width=465&dpr=1&s=none&crop=none,../Scripts/output/guardian/guardian_images/guardian_2016-02-19_guardian_ddb14a45eb_img01.jpg,"Lamar Smith (R-TX), Chairman of the Science, Space, and Technology Committee at which John Christy’s misleading chart was recently presented. Photograph: Scott J. Ferrell/Congressional Quarterly/Getty Im",,2,chart|graph,3,getty|photo|photograph,0,likely_visualization
guardian_5cd41c6e3c,The Guardian,2016,IPCC,Stephen Lawrence's family criticise police over alleged spy plot,https://www.theguardian.com/uk-news/2016/mar/02/stephen-lawrence-former-police-officer-avoids-charges-over-alleged-spying,2016-03-02,2018-01-11,2,https://i.guim.co.uk/img/media/91b8aa4e6d35ee8b45cc93d70e08daca3ebf3e46/435_255_3065_1839/master/3065.jpg?width=445&dpr=1&s=none&crop=none,../Scripts/output/guardian/guardian_images/guardian_2016-03-02_guardian_5cd41c6e3c_img02.jpg,"Doreen Lawrence, the mother of Stephen Lawrence, addresses the media, with her son Stuart (right) and the Lawrence family solicitor Imran Khan in 2013. Photograph: Oli Scarff/Getty Images",,2,graph|plot,3,getty|photo|photograph,0,likely_visualization
guardian_5283d414a9,The Guardian,2016,"""global temperature""",The ice cold war: fight for sealife in remote wilds of Antarctica,https://www.theguardian.com/world/2016/may/07/antarctica-ross-sea-sancturay-marine-life-russia-china-fishing,2016-05-07,2021-10-29,1,https://i.guim.co.uk/img/media/07d9dd98cd7e957c993d85ff484d1055d95bd5c7/0_277_5120_3072/master/5120.jpg?width=465&dpr=1&s=none&crop=none,../Scripts/output/guardian/guardian_images/guardian_2016-05-07_guardian_5283d414a9_img01.jpg,Emperor penguins in the Ross Sea in Antarctica. Photograph: Getty Images/National Geographic Creative,,2,graph|graphic,3,getty|photo|photograph,0,likely_visualization
guardian_d531111022,The Guardian,2016,IPCC,Police watchdog to investigate Hillsborough inquest spin claims,https://www.theguardian.com/football/2016/may/12/police-watchdog-ipcc-investigate-hillsborough-inquest-spin-claims,2016-05-12,2018-01-11,1,https://i.guim.co.uk/img/media/2dd8d6a49fd2956e5c11fa52550932f8f5d5de3c/0_200_3000_1800/master/3000.jpg?width=445&dpr=1&s=none&crop=none,../Scripts/output/guardian/guardian_images/guardian_2016-05-12_guardian_d531111022_img01.jpg,Former South Yorkshire police chief constable David Crompton was removed from his post after the inquiry. Photograph: Matthew Lloyd/Getty Images,,2,graph|table,3,getty|photo|photograph,0,likely_visualization
guardian_3ada197e50,The Guardian,2016,"""global temperature""",ExxonMobil CEO: ending oil production 'not acceptable for humanity',https://www.theguardian.com/business/2016/may/25/exxonmobil-ceo-oil-climate-change-oil-production,2016-05-25,2021-08-25,1,https://i.guim.co.uk/img/media/654c435339a7578aa023e9d937ef6c5c3658c822/0_135_4096_2457/master/4096.jpg?width=465&dpr=1&s=none&crop=none,../Scripts/output/guardian/guardian_images/guardian_2016-05-25_guardian_3ada197e50_img01.jpg,"Rex Tillerson, at left, at an energy committee hearing in Washington, June 2010. Tillerson faced frustrated shareholders at ExxonMobil’s annual meeting on 25 May 2016. Photograph: Michael Reynolds/EPA",,2,graph|table,3,epa|photo|photograph,0,likely_visualization
guardian_32a8f67e17,The Guardian,2016,"""sea level rise""","Homeowners kept in dark about climate change risk to houses, says report",https://www.theguardian.com/environment/2016/may/30/homeowners-kept-in-dark-about-climate-change-risk-to-houses-says-report,2016-05-29,2021-08-25,1,https://i.guim.co.uk/img/media/f41f7ca745dab5b7085642a8d0ddaddcca16ad66/0_73_3000_1800/master/3000.jpg?width=465&dpr=1&s=none&crop=none,../Scripts/output/guardian/guardian_images/guardian_2016-05-29_guardian_32a8f67e17_img01.jpg,"Houses in some areas of Australia are likely to become uninsurable, dilapidated and uninhabitable due to climate change, says the Climate Institute. Photograph: Chris Hyde/Getty Images",,2,graph|table,3,getty|photo|photograph,0,likely_visualization
guardian_f856141e55,The Guardian,2016,"""sea level rise""","A 400-year-old shark, fracking 'bribes' and Hinkley C – green news roundup",https://www.theguardian.com/environment/2016/aug/12/a-400-year-old-shark-fracking-bribes-and-hinkley-c-green-news-roundup,2016-08-12,2021-07-26,1,https://i.guim.co.uk/img/media/ffcb136117c013b40ace6039c8801d5898808ded/0_6_2121_1273/master/2121.jpg?width=465&dpr=1&s=none&crop=none,../Scripts/output/guardian/guardian_images/guardian_2016-08-12_guardian_f856141e55_img01.jpg,"A Greenland shark, born during the reign of James I, is the world’s oldest vertebrate animal. Photograph: Paul Nicklen/National Geographic Creative/Getty Images",,2,graph|graphic,3,getty|photo|photograph,0,likely_visualization
guardian_31a06ab189,The Guardian,2016,"""global temperature""",Debunking Malcolm Roberts: the case against a climate science denier,https://www.theguardian.com/environment/2016/sep/14/debunking-malcolm-roberts-the-case-against-a-climate-science-denier,2016-09-14,2021-08-25,1,https://i.guim.co.uk/img/media/148b50cba4b583612fe4a23711862026e833a109/0_79_3000_1800/master/3000.jpg?width=465&dpr=1&s=none&crop=none,../Scripts/output/guardian/guardian_images/guardian_2016-09-14_guardian_31a06ab189_img01.jpg,"One Nation senator Malcolm Roberts argues that all the major science organisations around the world have collaborated, manipulating climate data to suppress temperatures in the 1930s and 40s, thereby making today’s temperatures look unusual. Photograph: Phil Noble/Reuters",,2,data|graph,3,photo|photograph|reuters,0,likely_visualization
guardian_7acfbd1609,The Guardian,2016,"""global temperature""",Hazelwood's closure was inevitable. So where was the transition plan?,https://www.theguardian.com/commentisfree/2016/nov/04/hazelwoods-closure-was-inevitable-so-where-was-the-transition-plan,2016-11-03,2018-03-13,1,https://i.guim.co.uk/img/media/2700adca1d88290291bada97d3711735ae2ee51a/0_0_3424_2689/master/3424.jpg?width=465&dpr=1&s=none&crop=none,../Scripts/output/guardian/guardian_images/guardian_2016-11-03_guardian_7acfbd1609_img01.jpg,"‘This ageing, groaning, hulk of a power station is serviced by a giant open-cut coal mine just a few hundred metres from the town of Morwell, east of Melbourne.’ Photograph: Reuters",,2,graph|table,3,photo|photograph|reuters,0,likely_visualization
guardian_5ac291f28a,The Guardian,2016,"""climate change""","Great Barrier Reef not likely to survive if warming trend continues, says report",https://www.theguardian.com/environment/2016/dec/09/great-barrier-reef-not-likely-to-survive-if-warming-trend-continues-says-report,2016-12-09,2016-12-09,1,https://i.guim.co.uk/img/media/d066f3d1850e0072e06f580aab9f4029b3181625/0_391_4000_2399/master/4000.jpg?width=465&dpr=1&s=none&crop=none,../Scripts/output/guardian/guardian_images/guardian_2016-12-09_guardian_5ac291f28a_img01.jpg,"Dead table corals killed by bleaching on Zenith reef, on the northern Great Barrier Reef, Queensland. Photograph: Greg Torda/EPA",,2,graph|table,3,epa|photo|photograph,0,likely_visualization
guardian_e56b44a369,The Guardian,2016,"""climate change""",Who are Generation Z? The latest data on today's teens,https://www.theguardian.com/lifeandstyle/2016/dec/10/generation-z-latest-data-teens,2016-12-10,2023-11-24,1,https://i.guim.co.uk/img/media/996228be7a868efc8b58cd4bdc8db8e5ecaf0696/123_34_3648_2188/master/3648.jpg?width=465&dpr=1&s=none&crop=none,../Scripts/output/guardian/guardian_images/guardian_2016-12-10_guardian_e56b44a369_img01.jpg,The contradictions of connectivity are a challenge for Generation Z. Photograph: Jupiterimages/Getty Images,,2,data|graph,3,getty|photo|photograph,0,likely_visualization
guardian_e56b44a369,The Guardian,2016,"""climate change""",Who are Generation Z? The latest data on today's teens,https://www.theguardian.com/lifeandstyle/2016/dec/10/generation-z-latest-data-teens,2016-12-10,2023-11-24,2,https://i.guim.co.uk/img/media/abc8e09da17aa9cd742fe0eb444c2d348d6bf956/5_166_5660_3396/master/5660.jpg?width=445&dpr=1&s=none&crop=none,../Scripts/output/guardian/guardian_images/guardian_2016-12-10_guardian_e56b44a369_img02.jpg,How happy is Generation Z? Photograph: Tempura/Getty Images,,2,data|graph,3,getty|photo|photograph,0,likely_visualization
guardian_e56b44a369,The Guardian,2016,"""climate change""",Who are Generation Z? The latest data on today's teens,https://www.theguardian.com/lifeandstyle/2016/dec/10/generation-z-latest-data-teens,2016-12-10,2023-11-24,3,https://i.guim.co.uk/img/media/d82fdc91e302852b9432caf44cd1f0bde76aee64/42_18_5681_3409/master/5681.jpg?width=445&dpr=1&s=none&crop=none,../Scripts/output/guardian/guardian_images/guardian_2016-12-10_guardian_e56b44a369_img03.jpg,The feelings of social isolation reported by many teenagers can be hard for older people to understand. Photograph: Getty Images/Hero Images,,2,data|graph,3,getty|photo|photograph,0,likely_visualization
guardian_3d749d9526,The Guardian,2016,"""climate change""",The 12 key science moments of 2016,https://www.theguardian.com/science/2016/dec/18/12-most-important-science-moments-2016-space-sharks-zika-virus-proxima-b,2016-12-18,2021-10-29,6,https://i.guim.co.uk/img/media/ffcb136117c013b40ace6039c8801d5898808ded/0_12_2121_1273/master/2121.jpg?width=445&dpr=1&s=none&crop=none,../Scripts/output/guardian/guardian_images/guardian_2016-12-18_guardian_3d749d9526_img06.jpg,"A Greenland shark in Lancaster Sound, Nunavut, Northwest Territories, Canada. Photograph: Paul Nicklen/National Geographic Creative/Getty Images",,2,graph|graphic,3,getty|photo|photograph,0,likely_visualization
guardian_503d28401a,The Guardian,2016,"""climate change""",Eight charts that show 2016 wasn't as bad as you think,https://www.theguardian.com/world/2016/dec/30/eight-charts-that-show-2016-wasnt-as-bad-as-you-think,2016-12-30,2022-10-19,3,https://i.guim.co.uk/img/media/8b67e1270c6ecebe90838314607917a428167302/0_275_4500_2700/master/4500.jpg?width=445&dpr=1&s=none&crop=none,../Scripts/output/guardian/guardian_images/guardian_2016-12-30_guardian_503d28401a_img03.jpg,"A disused mine in Pumarabule, Spain, where the struggling coal mining industry is on its way out. Photograph: David Ramos/Getty Images",,2,chart|graph,3,getty|photo|photograph,0,likely_visualization
guardian_7769a74895,The Guardian,2016,"""sea level rise""","Obama's offshore drilling puts whales and dolphins in peril, groups warn",https://www.theguardian.com/environment/2016/aug/24/offshore-driling-oil-obama-dolphins-whales-climate,2016-08-24,2021-08-25,1,https://i.guim.co.uk/img/media/fc396efb849df7a61749c7a05c5e81e9b2f3d803/0_208_4848_2908/master/4848.jpg?width=465&dpr=1&s=none&crop=none,../Scripts/output/guardian/guardian_images/guardian_2016-08-24_guardian_7769a74895_img01.jpg,"Research shows bottlenose dolphins, fin, humpback (seen here) and sperm whales are all present in areas deemed suitable for the airgun testing. Photograph: Miguel Medina/AFP/Getty Images",,2,graph|table,4,afp|getty|photo|photograph,0,likely_visualization
guardian_30fb8afa1b,The Guardian,2016,"""global temperature""",Fossil-fuel CO2 emissions nearly stable for third year in row,https://www.theguardian.com/environment/2016/nov/14/fossil-fuel-co2-emissions-nearly-stable-for-third-year-in-row,2016-11-14,2021-08-25,1,https://i.guim.co.uk/img/media/eb82aad7857f3c0aaec514f9ecec30afb64eb283/0_2_4250_2550/master/4250.jpg?width=465&dpr=1&s=none&crop=none,../Scripts/output/guardian/guardian_images/guardian_2016-11-14_guardian_30fb8afa1b_img01.jpg,Demonstrators in Marrakech on the sidelines of the COP22 climate conference. Photograph: Fadel Senna/AFP/Getty Images,,2,graph|table,4,afp|getty|photo|photograph,0,likely_visualization
guardian_a1be5e1fef,The Guardian,2016,"""sea level rise""",Sea ice extent in Arctic and Antarctic reached record lows in November,https://www.theguardian.com/environment/2016/dec/06/arctic-antarctic-ice-melt-november-record,2016-12-06,2021-08-25,1,https://i.guim.co.uk/img/media/2511e8ba6232031069d0050a3ab8daeef241c43a/0_312_4283_2570/master/4283.jpg?width=465&dpr=1&s=none&crop=none,../Scripts/output/guardian/guardian_images/guardian_2016-12-06_guardian_a1be5e1fef_img01.jpg,"Scientists at the National Snow and Ice Data Center said that Arctic sea ice dipped for a short time in mid-November by around 50,000 sq km. Photograph: John Weller/AFP/Getty Images",,2,data|graph,4,afp|getty|photo|photograph,0,likely_visualization
guardian_503d28401a,The Guardian,2016,"""climate change""",Eight charts that show 2016 wasn't as bad as you think,https://www.theguardian.com/world/2016/dec/30/eight-charts-that-show-2016-wasnt-as-bad-as-you-think,2016-12-30,2022-10-19,1,https://i.guim.co.uk/img/media/0dda3de19e3f043429f5c47c342b198b8f664914/0_19_5112_3067/master/5112.jpg?width=465&dpr=1&s=none&crop=none,../Scripts/output/guardian/guardian_images/guardian_2016-12-30_guardian_503d28401a_img01.jpg,"The Arctic ice cap is 20C above its normal winter temperature, but at least global warming emissions are abating. Photograph: Mario Hoppmann/AFP/Getty",,2,chart|graph,4,afp|getty|photo|photograph,0,likely_visualization
guardian_503d28401a,The Guardian,2016,"""climate change""",Eight charts that show 2016 wasn't as bad as you think,https://www.theguardian.com/world/2016/dec/30/eight-charts-that-show-2016-wasnt-as-bad-as-you-think,2016-12-30,2022-10-19,6,https://i.guim.co.uk/img/media/2c51adcc6df44361f7547d8ebff313922107b942/0_405_6016_3611/master/6016.jpg?width=445&dpr=1&s=none&crop=none,../Scripts/output/guardian/guardian_images/guardian_2016-12-30_guardian_503d28401a_img06.jpg,Gang members are escorted after their arrival at the maximum security prison in Zacatecoluca El Salvador. Photograph: Marvin Recinos/AFP/Getty Images,,2,chart|graph,4,afp|getty|photo|photograph,0,likely_visualization
guardian_5325c5789e,The Guardian,2016,"""global temperature""",Record hot 2015 gave us a glimpse at the future of global warming,https://www.theguardian.com/environment/climate-consensus-97-per-cent/2016/jan/25/record-hot-2015-gave-us-a-glimpse-at-the-future-of-global-warming,2016-01-25,2021-08-25,2,https://i.guim.co.uk/img/media/103a02b2bda6b58cbfd09a9389d8819df0c1ce34/0_0_1000_727/master/1000.jpg?width=445&dpr=1&s=none&crop=none,../Scripts/output/guardian/guardian_images/guardian_2016-01-25_guardian_5325c5789e_img02.jpg,"Various global surface temperature datasets, 1850–2015. Illustration: Zeke Hausfather",,1,data,0,,0,likely_visualization
guardian_5325c5789e,The Guardian,2016,"""global temperature""",Record hot 2015 gave us a glimpse at the future of global warming,https://www.theguardian.com/environment/climate-consensus-97-per-cent/2016/jan/25/record-hot-2015-gave-us-a-glimpse-at-the-future-of-global-warming,2016-01-25,2021-08-25,5,https://i.guim.co.uk/img/media/65b29f230e04d7f0c2c3c41f0f96e03a841eb7e4/0_0_747_496/master/747.jpg?width=445&dpr=1&s=none&crop=none,../Scripts/output/guardian/guardian_images/guardian_2016-01-25_guardian_5325c5789e_img05.jpg,Ocean heat uptake as a percentage of 1865-2015 change for CMIP5 model average. Large grey cross indicates that 50% of the total uptake occurred in 1997. Source: Gleckler et al. (2016). Illustration: Nature Climate Change,Gleckler et al. (2016). Illustration: Nature Climate Change,1,source:,0,,0,likely_visualization
guardian_b51e6532d7,The Guardian,2016,"""global temperature""",No climate conspiracy: NOAA temperature adjustments bring data closer to pristine,https://www.theguardian.com/environment/climate-consensus-97-per-cent/2016/feb/08/no-climate-conspiracy-noaa-temperature-adjustments-bring-data-closer-to-pristine,2016-02-08,2021-08-25,2,https://i.guim.co.uk/img/media/9951524278f9d06ad0cfc6a0135028a61b5e1bce/0_0_2000_1454/master/2000.jpg?width=445&dpr=1&s=none&crop=none,../Scripts/output/guardian/guardian_images/guardian_2016-02-08_guardian_b51e6532d7_img02.jpg,NOAA adjusted (green) and raw data (red). The dashed black line shows the difference created by the adjustments. Illustration: Zeke Hausfather,,1,data,0,,0,likely_visualization
guardian_b51e6532d7,The Guardian,2016,"""global temperature""",No climate conspiracy: NOAA temperature adjustments bring data closer to pristine,https://www.theguardian.com/environment/climate-consensus-97-per-cent/2016/feb/08/no-climate-conspiracy-noaa-temperature-adjustments-bring-data-closer-to-pristine,2016-02-08,2021-08-25,3,https://i.guim.co.uk/img/media/e41c8a1e937f6b99c55bdfc8e32231cfcf395f4a/0_0_2000_834/master/2000.jpg?width=445&dpr=1&s=none&crop=none,../Scripts/output/guardian/guardian_images/guardian_2016-02-08_guardian_b51e6532d7_img03.jpg,"Comparison of monthly average adjusted USHCN (historical network of adjusted data) and USCRN (reference network) temperatures between January 2004 and October 2015. Illustration: Hausfather et al. (2016), Geophysical Research Letters",,1,data,0,,0,likely_visualization
guardian_b51e6532d7,The Guardian,2016,"""global temperature""",No climate conspiracy: NOAA temperature adjustments bring data closer to pristine,https://www.theguardian.com/environment/climate-consensus-97-per-cent/2016/feb/08/no-climate-conspiracy-noaa-temperature-adjustments-bring-data-closer-to-pristine,2016-02-08,2021-08-25,4,https://i.guim.co.uk/img/media/359e28e0d3ec2cb951a4c2dfc5f86fa309933922/0_0_2000_1454/master/2000.jpg?width=445&dpr=1&s=none&crop=none,../Scripts/output/guardian/guardian_images/guardian_2016-02-08_guardian_b51e6532d7_img04.jpg,"Comparison of the distribution of temperature trend differences between proximate raw (blue), adjusted (red), and reference network (green) station pairs. If the raw or adjusted data had identical trends to the reference network, they would match the green shaded area perfectly. Illustration: Hausfather et al. (2016), Geophysical Research Letters",,1,data,0,,0,likely_visualization
guardian_ddb14a45eb,The Guardian,2016,IPCC,Republicans' favorite climate chart has some serious problems,https://www.theguardian.com/environment/climate-consensus-97-per-cent/2016/feb/19/republicans-favorite-climate-chart-has-some-serious-problems,2016-02-19,2021-08-25,2,https://i.guim.co.uk/img/media/9bd23ecade619be9d7546bd6f103825356deaf53/0_0_720_405/master/720.jpg?width=445&dpr=1&s=none&crop=none,../Scripts/output/guardian/guardian_images/guardian_2016-02-19_guardian_ddb14a45eb_img02.jpg,"John Christy’s chart, annotated to detail its problems. Illustration: Dana Nuccitelli",,1,chart,0,,0,likely_visualization
guardian_ddb14a45eb,The Guardian,2016,IPCC,Republicans' favorite climate chart has some serious problems,https://www.theguardian.com/environment/climate-consensus-97-per-cent/2016/feb/19/republicans-favorite-climate-chart-has-some-serious-problems,2016-02-19,2021-08-25,3,https://i.guim.co.uk/img/media/d486718f9fe01b12592031340949dc18d1be6543/0_0_1023_597/master/1023.jpg?width=445&dpr=1&s=none&crop=none,../Scripts/output/guardian/guardian_images/guardian_2016-02-19_guardian_ddb14a45eb_img03.jpg,"Temperature of the atmosphere to the mid-troposphere in the tropics, comparing model simulations (gray envelope) to observational estimates from satellites (colored lines). Illustration: Gavin Schmidt",,1,chart,0,,0,likely_visualization
guardian_ddb14a45eb,The Guardian,2016,IPCC,Republicans' favorite climate chart has some serious problems,https://www.theguardian.com/environment/climate-consensus-97-per-cent/2016/feb/19/republicans-favorite-climate-chart-has-some-serious-problems,2016-02-19,2021-08-25,4,https://i.guim.co.uk/img/media/3cefcfc153a66e1478bcc8951a30a720ff575a4e/0_0_600_588/master/600.jpg?width=445&dpr=1&s=none&crop=none,../Scripts/output/guardian/guardian_images/guardian_2016-02-19_guardian_ddb14a45eb_img04.jpg,Global mean surface temperature series (red) along with five different Monte Carlo surrogates based on forced signal + ARMA noise realizations (gray) using CMIP5 all-forcing experiments. Illustration: Mann et al. (2015),,1,chart,0,,0,likely_visualization
guardian_ddb14a45eb,The Guardian,2016,IPCC,Republicans' favorite climate chart has some serious problems,https://www.theguardian.com/environment/climate-consensus-97-per-cent/2016/feb/19/republicans-favorite-climate-chart-has-some-serious-problems,2016-02-19,2021-08-25,6,https://i.guim.co.uk/img/media/b79fccc2715602f30624ceb1ee743f739603f487/0_0_709_482/master/709.jpg?width=445&dpr=1&s=none&crop=none,../Scripts/output/guardian/guardian_images/guardian_2016-02-19_guardian_ddb14a45eb_img06.jpg,Projected vs. observed September Arctic sea ice extent. Illustration: Stroeve et al. (2012),,1,chart,0,,0,likely_visualization
guardian_ddb14a45eb,The Guardian,2016,IPCC,Republicans' favorite climate chart has some serious problems,https://www.theguardian.com/environment/climate-consensus-97-per-cent/2016/feb/19/republicans-favorite-climate-chart-has-some-serious-problems,2016-02-19,2021-08-25,7,https://i.guim.co.uk/img/media/c853697cd5de8f65d94915034758c7ece2454847/0_0_746_585/master/746.jpg?width=445&dpr=1&s=none&crop=none,../Scripts/output/guardian/guardian_images/guardian_2016-02-19_guardian_ddb14a45eb_img07.jpg,Observed (red) vs. CMIP5 model simulated (gray and black) ocean heat content. Illustration: Cheng et al. (2015),,1,chart,0,,0,likely_visualization
guardian_893b5ca54d,The Guardian,2016,"""sea level rise""",Climate denial arguments fail a blind test,https://www.theguardian.com/environment/climate-consensus-97-per-cent/2016/may/23/climate-denial-arguments-fail-a-blind-test,2016-05-23,2021-08-26,2,https://i.guim.co.uk/img/media/87c39209d4336655d94d555703f5f2610812a239/0_0_780_677/master/780.jpg?width=445&dpr=1&s=none&crop=none,../Scripts/output/guardian/guardian_images/guardian_2016-05-23_guardian_893b5ca54d_img02.jpg,"Mean correctness scores and 95% confidence intervals for expert economists. Any negative value indicates that a claim was judged to be incorrect or misleading, whereas any positive value indicates that a claim was found to be accurate or in accord with the data. Illustration: Lewandowsky et al. (2016), Global Environmental Change",,1,data,0,,0,likely_visualization
guardian_621af05d81,The Guardian,2016,"""sea level rise""",Donald Trump wants to build a wall – to save his golf course from global warming,https://www.theguardian.com/environment/climate-consensus-97-per-cent/2016/may/26/donald-trump-wants-to-build-a-wall-to-save-his-golf-course-from-global-warming,2016-05-26,2021-08-25,2,https://i.guim.co.uk/img/media/8ce404a7067a3bd98c1f1f774f63504b5b5d5fd7/0_0_677_461/master/677.jpg?width=445&dpr=1&s=none&crop=none,../Scripts/output/guardian/guardian_images/guardian_2016-05-26_guardian_621af05d81_img02.jpg,"Concern about climate change (0-6 point scale) vs. average correct score on questions relevant to its causes in six countries. Illustration: Dana Nuccitelli, data from Shi et al. (2016).",,1,data,0,,0,likely_visualization
guardian_31a06ab189,The Guardian,2016,"""global temperature""",Debunking Malcolm Roberts: the case against a climate science denier,https://www.theguardian.com/environment/2016/sep/14/debunking-malcolm-roberts-the-case-against-a-climate-science-denier,2016-09-14,2021-08-25,5,https://i.guim.co.uk/img/media/f0a9b1cdc4443a531b0e1ac57914249d78a8b72c/0_0_725_248/master/725.jpg?width=445&dpr=1&s=none&crop=none,../Scripts/output/guardian/guardian_images/guardian_2016-09-14_guardian_31a06ab189_img05.jpg,Graphs from a 1999 Nasa paper comparing how scientists then interpreted US temperatures with global temperatures.,,1,graph,0,,0,likely_visualization
guardian_840a88130a,The Guardian,2016,"""sea level rise""","Global sea levels are rising fast, so where does that leave the cities most at risk?",https://www.theguardian.com/cities/2016/oct/14/global-sea-levels-rising-fast-cities-most-at-risk-flooding-un-habitat,2016-10-14,2021-08-25,2,https://i.guim.co.uk/img/media/c8f3d1db3d630cbde025334799a45a15cc294641/12_42_1628_813/master/1628.jpg?width=445&dpr=1&s=none&crop=none,../Scripts/output/guardian/guardian_images/guardian_2016-10-14_guardian_840a88130a_img02.jpg,"The 20 world cities with the highest number of people at risk from flooding, accounting for future climate and socioeconomic change. Source: OECD",OECD,1,source:,0,,0,likely_visualization
guardian_4158a1354d,The Guardian,2016,"""sea level rise""",Oceanographers offer clues to Malaysian airlines crash,https://www.theguardian.com/environment/climate-consensus-97-per-cent/2016/dec/14/oceanographers-offer-clues-to-malaysian-airlines-crash,2016-12-14,2021-08-25,4,https://i.guim.co.uk/img/media/b5487b15a95252c0fc000eeb24dfb1991d342847/0_0_757_285/master/757.jpg?width=445&dpr=1&s=none&crop=none,../Scripts/output/guardian/guardian_images/guardian_2016-12-14_guardian_4158a1354d_img04.jpg,Trajectories calculated from computer simulations. Illustration: NOAA,,1,graph,0,,0,likely_visualization
guardian_4158a1354d,The Guardian,2016,"""sea level rise""",Oceanographers offer clues to Malaysian airlines crash,https://www.theguardian.com/environment/climate-consensus-97-per-cent/2016/dec/14/oceanographers-offer-clues-to-malaysian-airlines-crash,2016-12-14,2021-08-25,5,https://i.guim.co.uk/img/media/011a031bb15d1ca992b3775b523704a3deaa4e59/0_0_2910_3424/master/2910.jpg?width=120&dpr=1&s=none&crop=none,../Scripts/output/guardian/guardian_images/guardian_2016-12-14_guardian_4158a1354d_img05.jpg,Dr. Joaquin Trinanes,,1,graph,0,,0,likely_visualization
guardian_5ab0d07c62,The Guardian,2016,"""climate change""",'I was so hungry I ate water lilies': southern Africa's food crisis in a dozen dishes,https://www.theguardian.com/global-development/2016/dec/17/hungry-ate-water-lilies-southern-africa-food-crisis-dozen-dishes-crop-failure-drought-john-vidal,2016-12-17,2022-10-19,4,https://i.guim.co.uk/img/media/7e04a3b2e674a45c342764e0e2d019d705cd6b13/0_0_4000_2667/master/4000.jpg?width=445&dpr=1&s=none&crop=none,../Scripts/output/guardian/guardian_images/guardian_2016-12-17_guardian_5ab0d07c62_img04.jpg,"Mudzingwa’s meal of rice, vegetables and chicken",,1,table,0,,0,likely_visualization
guardian_5ab0d07c62,The Guardian,2016,"""climate change""",'I was so hungry I ate water lilies': southern Africa's food crisis in a dozen dishes,https://www.theguardian.com/global-development/2016/dec/17/hungry-ate-water-lilies-southern-africa-food-crisis-dozen-dishes-crop-failure-drought-john-vidal,2016-12-17,2022-10-19,6,https://i.guim.co.uk/img/media/51e7fb8945043c47faaf4801383b5c9c9273313d/130_0_3763_2667/master/3763.jpg?width=445&dpr=1&s=none&crop=none,../Scripts/output/guardian/guardian_images/guardian_2016-12-17_guardian_5ab0d07c62_img06.jpg,"Lucia Bello’s meal of nsima and vegetables, which she shares with eight family members",,1,table,0,,0,likely_visualization
guardian_5ab0d07c62,The Guardian,2016,"""climate change""",'I was so hungry I ate water lilies': southern Africa's food crisis in a dozen dishes,https://www.theguardian.com/global-development/2016/dec/17/hungry-ate-water-lilies-southern-africa-food-crisis-dozen-dishes-crop-failure-drought-john-vidal,2016-12-17,2022-10-19,18,https://i.guim.co.uk/img/media/863beda8b2df045018a52493f5e44110e632c764/0_0_3807_2667/master/3807.jpg?width=445&dpr=1&s=none&crop=none,../Scripts/output/guardian/guardian_images/guardian_2016-12-17_guardian_5ab0d07c62_img18.jpg,Phiri’s meal: sadza (Zimbabwe’s version of nsima) with vegetables and meat,,1,table,0,,0,likely_visualization
guardian_d2cd5a2149,The Guardian,2016,"""climate change""",2016's best bits: why culture was crucial,https://www.theguardian.com/lifeandstyle/2016/dec/24/adele-beyonce-culture-vital-2016,2016-12-24,2017-12-01,1,https://i.guim.co.uk/img/media/27c673bfa65a824f583cd76582f250ba75a19399/23_222_5559_3335/master/5559.jpg?width=445&dpr=1&s=none&crop=none,../Scripts/output/guardian/guardian_images/guardian_2016-12-24_guardian_d2cd5a2149_img01.jpg,Beyoncé’s chart-topping Lemonade,,1,chart,0,,0,likely_visualization
guardian_585a0ba993,The Guardian,2016,"""1.5C""",What does the Paris agreement mean for the world's other 8 million species?,https://www.theguardian.com/environment/radical-conservation/2016/jan/06/-paris-agreement-biodiversity-coral-reefs-forests,2016-01-06,2021-10-29,1,https://i.guim.co.uk/img/media/d558525400ee678bc6724bd7934c21027d37e194/0_0_640_384/master/640.jpg?width=465&dpr=1&s=none&crop=none,../Scripts/output/guardian/guardian_images/guardian_2016-01-06_guardian_585a0ba993_img01.jpg,A snorkeler encounters a whale shark. Photograph: Alamy,,1,graph,2,photo|photograph,0,likely_visualization
guardian_585a0ba993,The Guardian,2016,"""1.5C""",What does the Paris agreement mean for the world's other 8 million species?,https://www.theguardian.com/environment/radical-conservation/2016/jan/06/-paris-agreement-biodiversity-coral-reefs-forests,2016-01-06,2021-10-29,2,https://i.guim.co.uk/img/media/363c72965e25d0d6d2069894d0e3feabec8dbdc3/0_368_5143_3088/master/5143.jpg?width=445&dpr=1&s=none&crop=none,../Scripts/output/guardian/guardian_images/guardian_2016-01-06_guardian_585a0ba993_img02.jpg,"Chinstrap penguins in Half Moon Bay in the South Shetlands, Antarctica. Chinstrap penguin populations have plummeted in recent years with research pointing to climate change as a likely cause. Chinstrap penguins depend on krill populations, but these may be in decline due to less sea ice. Photograph: Paul Goldstein/Exodus/REX/Shutterstock",,1,graph,2,photo|photograph,0,likely_visualization
guardian_585a0ba993,The Guardian,2016,"""1.5C""",What does the Paris agreement mean for the world's other 8 million species?,https://www.theguardian.com/environment/radical-conservation/2016/jan/06/-paris-agreement-biodiversity-coral-reefs-forests,2016-01-06,2021-10-29,3,https://i.guim.co.uk/img/media/3ad253deab2fcad47c5171fc58e92d6b571c58b0/0_0_2000_1199/master/2000.jpg?width=445&dpr=1&s=none&crop=none,../Scripts/output/guardian/guardian_images/guardian_2016-01-06_guardian_585a0ba993_img03.jpg,"A southern Corroboree frog sits on the hand of Taronga zoo keeper Adam Skidmore in 2006. Once an abundant species, today it is listed as Critically Endangered due to the chytrid fungus, which may have been exacerbated by climate change. Photograph: Mark Baker/AP",,1,graph,2,photo|photograph,0,likely_visualization
guardian_585a0ba993,The Guardian,2016,"""1.5C""",What does the Paris agreement mean for the world's other 8 million species?,https://www.theguardian.com/environment/radical-conservation/2016/jan/06/-paris-agreement-biodiversity-coral-reefs-forests,2016-01-06,2021-10-29,4,https://i.guim.co.uk/img/media/3377219f2c41961b5ff17d6ae804d298eb775019/0_0_5500_3300/master/5500.jpg?width=445&dpr=1&s=none&crop=none,../Scripts/output/guardian/guardian_images/guardian_2016-01-06_guardian_585a0ba993_img04.jpg,Coral reef showing a diversity of corals in Fiji. Photograph: Pete Oxford/Minden Pictures/Corbis,,1,graph,2,photo|photograph,0,likely_visualization
guardian_585a0ba993,The Guardian,2016,"""1.5C""",What does the Paris agreement mean for the world's other 8 million species?,https://www.theguardian.com/environment/radical-conservation/2016/jan/06/-paris-agreement-biodiversity-coral-reefs-forests,2016-01-06,2021-10-29,5,https://i.guim.co.uk/img/media/654f1d422cfcd37c8c5208a1b418f869da97a3d7/0_279_4368_2623/master/4368.jpg?width=445&dpr=1&s=none&crop=none,../Scripts/output/guardian/guardian_images/guardian_2016-01-06_guardian_585a0ba993_img05.jpg,Cloud forest in the Alerce Andino National Park in Chile. Photograph: FLPA/REX Shutterstock,,1,graph,2,photo|photograph,0,likely_visualization
guardian_b11b300520,The Guardian,2016,IPCC,Sian Blake: boyfriend of missing actor may have fled to Ghana,https://www.theguardian.com/uk-news/2016/jan/06/sian-blake-eastenders-boyfriend-arthur-simpson-kent-may-have-fled-ghana,2016-01-06,2017-09-20,1,https://i.guim.co.uk/img/media/655292a7937bbf12a9b2bbd434a93a6b56b78d29/0_375_3347_2009/master/3347.jpg?width=465&dpr=1&s=none&crop=none,../Scripts/output/guardian/guardian_images/guardian_2016-01-06_guardian_b11b300520_img01.jpg,Police officers search house of missing EastEnders actor Sian Blake. Photograph: Gareth Fuller/PA,,1,graph,2,photo|photograph,0,likely_visualization
guardian_b11b300520,The Guardian,2016,IPCC,Sian Blake: boyfriend of missing actor may have fled to Ghana,https://www.theguardian.com/uk-news/2016/jan/06/sian-blake-eastenders-boyfriend-arthur-simpson-kent-may-have-fled-ghana,2016-01-06,2017-09-20,2,https://i.guim.co.uk/img/media/80289190c2ed94d7ccc2afe1f0ae5c48b72d05ec/19_171_1446_1956/master/1446.jpg?width=120&dpr=1&s=none&crop=none,../Scripts/output/guardian/guardian_images/guardian_2016-01-06_guardian_b11b300520_img02.jpg,Sian Blake. Photograph: Metropolitan Police/PA,,1,graph,2,photo|photograph,0,likely_visualization
guardian_b11b300520,The Guardian,2016,IPCC,Sian Blake: boyfriend of missing actor may have fled to Ghana,https://www.theguardian.com/uk-news/2016/jan/06/sian-blake-eastenders-boyfriend-arthur-simpson-kent-may-have-fled-ghana,2016-01-06,2017-09-20,3,https://i.guim.co.uk/img/media/fed1e67f590142a7ef5c4adacbc21887c4ab9432/0_193_2808_1686/master/2808.jpg?width=445&dpr=1&s=none&crop=none,../Scripts/output/guardian/guardian_images/guardian_2016-01-06_guardian_b11b300520_img03.jpg,"Arthur Simpson-Kent and Amon, four, the partner and son of Sian Blake Photograph: Metropolitan Police/PA",,1,graph,2,photo|photograph,0,likely_visualization
guardian_cc6344faff,The Guardian,2016,IPCC,Met police handling of Sian Blake case referred to watchdog,https://www.theguardian.com/uk-news/2016/jan/06/met-police-handling-of-sian-blake-case-referred-to-watchdog,2016-01-06,2017-11-29,1,https://i.guim.co.uk/img/media/ec55b91ed999ccfff623a5304125d57fe4e1a9eb/0_314_1921_1152/master/1921.jpg?width=465&dpr=1&s=none&crop=none,../Scripts/output/guardian/guardian_images/guardian_2016-01-06_guardian_cc6344faff_img01.jpg,Police fear the bodies dug up are those of Blake and her two young sons. Photograph: Metropolitan police/PA,,1,graph,2,photo|photograph,0,likely_visualization
guardian_cc6344faff,The Guardian,2016,IPCC,Met police handling of Sian Blake case referred to watchdog,https://www.theguardian.com/uk-news/2016/jan/06/met-police-handling-of-sian-blake-case-referred-to-watchdog,2016-01-06,2017-11-29,2,https://i.guim.co.uk/img/media/edd7717e94a3c9a0c1f167232350102b9ffb0f09/0_76_3144_1886/master/3144.jpg?width=445&dpr=1&s=none&crop=none,../Scripts/output/guardian/guardian_images/guardian_2016-01-06_guardian_cc6344faff_img02.jpg,"Sian Blake’s sons, Zachary (left) and Amon. Photograph: Metropolitan Police/PA",,1,graph,2,photo|photograph,0,likely_visualization
guardian_acc7262725,The Guardian,2016,IPCC,Ghanaian witnesses describe arrest of Sian Blake murder suspect,https://www.theguardian.com/uk-news/2016/jan/11/arthur-simpson-kent-ghanaian-locals-describe-arrest-of-sian-blake-suspect,2016-01-11,2017-11-29,2,https://i.guim.co.uk/img/media/c63e7ddd89f41890b82f15c76c1a01fe992fc198/0_113_2784_1669/master/2784.jpg?width=445&dpr=1&s=none&crop=none,../Scripts/output/guardian/guardian_images/guardian_2016-01-11_guardian_acc7262725_img02.jpg,Coconut shells at the makeshift campsite where murder suspect Arthur Simpson-Kent was hiding before his arrest. Photograph: Christian Thompson/AP,,1,graph,2,photo|photograph,0,likely_visualization
guardian_acc7262725,The Guardian,2016,IPCC,Ghanaian witnesses describe arrest of Sian Blake murder suspect,https://www.theguardian.com/uk-news/2016/jan/11/arthur-simpson-kent-ghanaian-locals-describe-arrest-of-sian-blake-suspect,2016-01-11,2017-11-29,4,https://i.guim.co.uk/img/media/44446916a23ddba7827b8e933e6f1ee2ce352fcd/0_0_3023_1814/master/3023.jpg?width=445&dpr=1&s=none&crop=none,../Scripts/output/guardian/guardian_images/guardian_2016-01-11_guardian_acc7262725_img04.jpg,"The body of Sian Blake, centre, was found in the garden of her property in Kent alongside those of her sons, Amon and Zachary. Photograph: PA",,1,graph,2,photo|photograph,0,likely_visualization
guardian_55cdb2e821,The Guardian,2016,"""1.5C""",Rapid switch to renewable energy can put Paris climate goals within reach,https://www.theguardian.com/environment/2016/jan/16/rapid-switch-to-renewable-energy-can-put-paris-climate-goals-within-reach,2016-01-16,2021-08-25,1,https://i.guim.co.uk/img/media/e23473fa8d73ecc107e2b33dd87ac64d6142d677/388_0_3292_1975/master/3292.jpg?width=465&dpr=1&s=none&crop=none,../Scripts/output/guardian/guardian_images/guardian_2016-01-16_guardian_55cdb2e821_img01.jpg,The sixth International Renewable Energy Agency assembly takes place in Abu Dhabi from 15-22 January. Photograph: IRENA,,1,graph,2,photo|photograph,0,likely_visualization
guardian_86fb6af351,The Guardian,2016,IPCC,"Lord Janner escaped prosecution due to CPS and police failings, report finds",https://www.theguardian.com/uk-news/2016/jan/19/lord-janner-escaped-prosecution-due-to-cps-and-police-failings-report-finds,2016-01-19,2017-11-29,1,https://i.guim.co.uk/img/media/7a0c30a1896d621a0e3998f1f0601294880ca800/427_432_3938_2363/master/3938.jpg?width=465&dpr=1&s=none&crop=none,../Scripts/output/guardian/guardian_images/guardian_2016-01-19_guardian_86fb6af351_img01.jpg,Allegations that Janner had sexually abused children first emerged publicly in 1991. Photograph: ITN/REX Shutterstock,,1,graph,2,photo|photograph,0,likely_visualization
guardian_ca4b64f63c,The Guardian,2016,IPCC,"Poppi Worthington death: toddler was sexually assaulted by father, says judge",https://www.theguardian.com/uk-news/2016/jan/19/poppi-worthington-death-toddler-sexually-assaulted-father-judge,2016-01-19,2017-11-29,1,https://i.guim.co.uk/img/media/40dfb775de9b743a209e7d3fed3ffda7d3ab0a71/0_0_2734_1641/master/2734.jpg?width=465&dpr=1&s=none&crop=none,../Scripts/output/guardian/guardian_images/guardian_2016-01-19_guardian_ca4b64f63c_img01.jpg,"Poppi Worthington’s father, Paul Worthington, leaves court in December 2015. Photograph: Peter Byrne/PA",,1,graph,2,photo|photograph,0,likely_visualization
guardian_fe26a7c2fc,The Guardian,2016,IPCC,"Poppi Worthington: toddler was sexually assaulted before death, says judge",https://www.theguardian.com/uk-news/2016/jan/19/poppi-worthington-baby-was-sexually-assaulted-before-death-says-judge,2016-01-19,2024-11-08,1,https://i.guim.co.uk/img/media/a521f34d9fc5f0b5f6ee5022bdf20cc912888ffe/0_0_1600_897/master/1600.jpg?width=465&dpr=1&s=none&crop=none,../Scripts/output/guardian/guardian_images/guardian_2016-01-19_guardian_fe26a7c2fc_img01.jpg,"Poppi Worthington was found with serious injuries at her home in Barrow-in-Furness, Cumbria, in December 2012. She was pronounced dead in hospital. Photograph: Internet",,1,graph,2,photo|photograph,0,likely_visualization
guardian_0cad45d1c4,The Guardian,2016,"""1.5C""","2015 smashes record for hottest year, final figures confirm",https://www.theguardian.com/environment/2016/jan/20/2015-smashes-record-for-hottest-year-final-figures-confirm,2016-01-20,2021-08-25,3,https://i.guim.co.uk/img/media/3ef4ebcd9087fe9bb8d0be5cb944f405b6df5a1e/0_0_958_360/master/958.jpg?width=445&dpr=1&s=none&crop=none,../Scripts/output/guardian/guardian_images/guardian_2016-01-20_guardian_0cad45d1c4_img03.jpg,Link between global average temperatures and El Niño. Photograph: NASA,,1,graph,2,photo|photograph,0,likely_visualization
guardian_ac1add8350,The Guardian,2016,IPCC,"Poppi Worthington death: second police inquiry needed, MP says",https://www.theguardian.com/uk-news/2016/jan/20/poppi-worthington-death-second-police-inquiry-needed-mp-says,2016-01-20,2017-11-29,1,https://i.guim.co.uk/img/media/7192039faf5c277e6c1f92d57f4197e758910ad4/0_100_3500_2099/master/3500.jpg?width=465&dpr=1&s=none&crop=none,../Scripts/output/guardian/guardian_images/guardian_2016-01-20_guardian_ac1add8350_img01.jpg,"John Woodcock, MP for Barrow and Furness, said it was important to ‘salvage some prospect of justice for [Poppi’s] life’. Photograph: Laura Lean/PA",,1,graph,2,photo|photograph,0,likely_visualization
guardian_ac1add8350,The Guardian,2016,IPCC,"Poppi Worthington death: second police inquiry needed, MP says",https://www.theguardian.com/uk-news/2016/jan/20/poppi-worthington-death-second-police-inquiry-needed-mp-says,2016-01-20,2017-11-29,2,https://i.guim.co.uk/img/media/a521f34d9fc5f0b5f6ee5022bdf20cc912888ffe/0_0_1600_897/master/1600.jpg?width=445&dpr=1&s=none&crop=none,../Scripts/output/guardian/guardian_images/guardian_2016-01-20_guardian_ac1add8350_img02.jpg,Poppi Worthington. Photograph: Internet,,1,graph,2,photo|photograph,0,likely_visualization
guardian_033692d185,The Guardian,2016,IPCC,"Poppi Worthington's father has fled abroad after death threats, says sister",https://www.theguardian.com/uk-news/2016/jan/21/poppi-worthington-father-paul-in-hiding-death-threats,2016-01-21,2017-11-29,1,https://i.guim.co.uk/img/media/40dfb775de9b743a209e7d3fed3ffda7d3ab0a71/1075_118_1526_915/master/1526.jpg?width=465&dpr=1&s=none&crop=none,../Scripts/output/guardian/guardian_images/guardian_2016-01-21_guardian_033692d185_img01.jpg,Paul Worthington leaves Liverpool civil and family courts on 25 November 2015. Photograph: Peter Byrne/PA,,1,graph,2,photo|photograph,0,likely_visualization
guardian_033692d185,The Guardian,2016,IPCC,"Poppi Worthington's father has fled abroad after death threats, says sister",https://www.theguardian.com/uk-news/2016/jan/21/poppi-worthington-father-paul-in-hiding-death-threats,2016-01-21,2017-11-29,2,https://i.guim.co.uk/img/media/a521f34d9fc5f0b5f6ee5022bdf20cc912888ffe/46_0_1340_804/master/1340.jpg?width=445&dpr=1&s=none&crop=none,../Scripts/output/guardian/guardian_images/guardian_2016-01-21_guardian_033692d185_img02.jpg,"Poppi Worthington, who died in December 2012. Photograph: Internet",,1,graph,2,photo|photograph,0,likely_visualization
guardian_aca9e8696c,The Guardian,2016,IPCC,Report into Stephen Lawrence spying claims expected to be published soon,https://www.theguardian.com/uk-news/undercover-with-paul-lewis-and-rob-evans/2016/jan/22/report-into-stephen-lawrence-spying-claims-expected-to-be-published-soon,2016-01-22,2018-01-11,1,https://i.guim.co.uk/img/media/94a67df7c9d6211392480c60b946d6a90a0a429c/0_0_3500_2100/master/3500.jpg?width=465&dpr=1&s=none&crop=none,../Scripts/output/guardian/guardian_images/guardian_2016-01-22_guardian_aca9e8696c_img01.jpg,"Former Metropolitan Police commander Richard Walton, who led the Met’s Counter Terrorism Command (SO15) until Wednesday. Photograph: Lauren Hurley/PA",,1,graph,2,photo|photograph,0,likely_visualization
guardian_b1dd3009fc,The Guardian,2016,IPCC,Benidorm review – it’s like an embarrassing uncle who’s stuck in the 1970s,https://www.theguardian.com/tv-and-radio/2016/jan/26/benidorm-review-silent-witness,2016-01-26,2018-06-19,1,https://i.guim.co.uk/img/media/1836c892dde0c6acc2ea0b81490cf4be5f056c5b/0_160_5244_3152/master/5244.jpg?width=465&dpr=1&s=none&crop=none,../Scripts/output/guardian/guardian_images/guardian_2016-01-26_guardian_b1dd3009fc_img01.jpg,"Danny Walters, Stephen Marcus and Nathan Bryon in Benidorm. Photograph: ITV",,1,graph,2,photo|photograph,0,likely_visualization
guardian_42926c9524,The Guardian,2016,"""global temperature""","Study finds slim odds of record heat, but not as slim as reported",https://www.theguardian.com/environment/climate-consensus-97-per-cent/2016/jan/27/study-finds-slim-odds-of-record-heat-but-not-as-slim-as-reported,2016-01-27,2021-08-25,2,https://i.guim.co.uk/img/media/beab301af6075e02159b1999ca8687aa5f8e54b8/0_15_337_202/master/337.jpg?width=120&dpr=1&s=none&crop=none,../Scripts/output/guardian/guardian_images/guardian_2016-01-27_guardian_42926c9524_img02.jpg,Dr. Stefan Rahmstorf (left) and Dr. Michael Mann (right). Photograph: Phil Coates,,1,graph,2,photo|photograph,0,likely_visualization
guardian_e303281681,The Guardian,2016,"""global temperature""","No need to tighten UK carbon budget in light of Paris deal, say climate advisers",https://www.theguardian.com/environment/2016/jan/28/no-need-to-increase-uk-carbon-budget-in-light-of-paris-deal-say-climate-advisers,2016-01-28,2021-08-25,1,https://i.guim.co.uk/img/media/c8cc04e3cd1bf7996acbd1bd3ff62309971ad23e/0_333_4999_2999/master/4999.jpg?width=465&dpr=1&s=none&crop=none,../Scripts/output/guardian/guardian_images/guardian_2016-01-28_guardian_e303281681_img01.jpg,"Energy and climate change secretary, Amber Rudd, rides in a cherry picker during a visit to UK Power Network training centre. Photograph: Ciaran McCrickard/DECC",,1,graph,2,photo|photograph,0,likely_visualization
guardian_ab3b9a8ed1,The Guardian,2016,IPCC,Two police officers could face charges over death of man in custody,https://www.theguardian.com/uk-news/2016/feb/01/two-police-officers-face-possible-charges-over-the-death-of-a-man-in-custody,2016-02-01,2017-09-20,1,https://i.guim.co.uk/img/media/2563587b6df6958c36408710fe405bfdf6f86072/0_137_1773_1064/master/1773.jpg?width=465&dpr=1&s=none&crop=none,../Scripts/output/guardian/guardian_images/guardian_2016-02-01_guardian_ab3b9a8ed1_img01.jpg,"James Herbert, who died in 2010 after suffering cardiac arrest while in the custody of Avon and Somerset police. Photograph: PA",,1,graph,2,photo|photograph,0,likely_visualization
guardian_b8bf0226a0,The Guardian,2016,IPCC,Republicans reject climate change fears despite rebukes from scientists,https://www.theguardian.com/us-news/2016/feb/01/republicans-ted-cruz-marco-rubio-climate-change-scientists,2016-02-01,2021-08-25,2,https://i.guim.co.uk/img/media/2daab4b42a6c5ee9e8a20b6ad674e733427839b7/0_0_4721_2835/master/4721.jpg?width=445&dpr=1&s=none&crop=none,../Scripts/output/guardian/guardian_images/guardian_2016-02-01_guardian_b8bf0226a0_img02.jpg,Ted Cruz campaigns in New Hampshire. Photograph: John Minchillo/AP,,1,graph,2,photo|photograph,0,likely_visualization
guardian_a7de439dab,The Guardian,2016,"""carbon budget""",Queensland gives Adani environmental permit for Carmichael coalmine,https://www.theguardian.com/environment/2016/feb/02/queensland-gives-adani-environmental-permit-for-carmichael-coalmine,2016-02-02,2021-08-25,1,https://i.guim.co.uk/img/media/6fca376d656db4ae1c84365111691260a0987a5c/166_281_2093_1256/master/2093.jpg?width=465&dpr=1&s=none&crop=none,../Scripts/output/guardian/guardian_images/guardian_2016-02-02_guardian_a7de439dab_img01.jpg,The Abbot Point coal terminal is due for huge expansion if Adani’s Carmichael coalmine goes ahead. Photograph: Tom Jefferson/Tom Jefferson / Greenpeace,,1,graph,2,photo|photograph,0,likely_visualization
guardian_9c99b1696c,The Guardian,2016,"""carbon budget""",Senior CSIRO scientist derides chief executive's claim climate change is 'answered',https://www.theguardian.com/australia-news/2016/feb/05/senior-csiro-scientist-derides-chief-executives-claim-climate-change-is-answered,2016-02-05,2021-08-25,1,https://i.guim.co.uk/img/media/f0145d6bfde930fdfd3e604675f2f8a5ddacbb6b/877_32_2937_1762/master/2937.jpg?width=465&dpr=1&s=none&crop=none,../Scripts/output/guardian/guardian_images/guardian_2016-02-05_guardian_9c99b1696c_img01.jpg,"CSIRO chief executive Dr Larry Marshall says that since climate change has been proved to be real, the national science agency can now shift its research focus. Photograph: Mick Tsikas/AAP",,1,graph,2,photo|photograph,0,likely_visualization
guardian_585f93c111,The Guardian,2016,"""1.5C""",CSIRO climate cuts attack a national treasure when we need it most,https://www.theguardian.com/australia-news/2016/feb/08/csiro-climate-cuts-would-be-attacking-a-national-treasure-when-we-need-it-most,2016-02-08,2021-08-25,1,https://i.guim.co.uk/img/media/913fdff01dde05996c7770069b90b6cc23eb942e/0_5_4667_2800/master/4667.jpg?width=465&dpr=1&s=none&crop=none,../Scripts/output/guardian/guardian_images/guardian_2016-02-08_guardian_585f93c111_img01.jpg,Members of the Community and Public Sector Union rally in Brisbane last year. This year will be the 100th anniversary of the body that eventually grew into the CSIRO. Photograph: Dan Peled/AAP,,1,graph,2,photo|photograph,0,likely_visualization
guardian_585f93c111,The Guardian,2016,"""1.5C""",CSIRO climate cuts attack a national treasure when we need it most,https://www.theguardian.com/australia-news/2016/feb/08/csiro-climate-cuts-would-be-attacking-a-national-treasure-when-we-need-it-most,2016-02-08,2021-08-25,2,https://i.guim.co.uk/img/media/f0145d6bfde930fdfd3e604675f2f8a5ddacbb6b/0_93_3814_2288/master/3814.jpg?width=445&dpr=1&s=none&crop=none,../Scripts/output/guardian/guardian_images/guardian_2016-02-08_guardian_585f93c111_img02.jpg,"The chief executive of the CSIRO, Dr Larry Marshall, says the question of whether climate change is real has been answered. Photograph: Mick Tsikas/AAP",,1,graph,2,photo|photograph,0,likely_visualization
guardian_585f93c111,The Guardian,2016,"""1.5C""",CSIRO climate cuts attack a national treasure when we need it most,https://www.theguardian.com/australia-news/2016/feb/08/csiro-climate-cuts-would-be-attacking-a-national-treasure-when-we-need-it-most,2016-02-08,2021-08-25,3,https://i.guim.co.uk/img/media/54c982eff331754004c877e4b84a6f9d2da537fc/0_0_2855_1714/master/2855.jpg?width=445&dpr=1&s=none&crop=none,../Scripts/output/guardian/guardian_images/guardian_2016-02-08_guardian_585f93c111_img03.jpg,"The prime minister, Malcolm Turnbull, announces his innovation statement at the Discovery Centre at the CSIRO in December last year. Photograph: Mick Tsikas/AAP",,1,graph,2,photo|photograph,0,likely_visualization
guardian_e80ddcac2a,The Guardian,2016,IPCC,"CSIRO climate cuts will cost Australia dear, world scientists warn government",https://www.theguardian.com/australia-news/2016/feb/08/csiro-climate-cuts-will-cost-australia-dear-world-scientists-warn-government,2016-02-08,2021-08-25,1,https://i.guim.co.uk/img/media/b8ba9c0d9990c68e8985487142d7b0071576b79b/0_315_6000_3601/master/6000.jpg?width=465&dpr=1&s=none&crop=none,../Scripts/output/guardian/guardian_images/guardian_2016-02-08_guardian_e80ddcac2a_img01.jpg,The letter signed by 600 world experts says the CSIRO cuts jeopardise Australia’s ability to meet the Paris climate targets. Photograph: Li Genxing/Xinhua Press/Corbis,,1,graph,2,photo|photograph,0,likely_visualization
guardian_1a0901fb10,The Guardian,2016,IPCC,Police officers jailed over Bijan Ebrahimi murder case,https://www.theguardian.com/uk-news/2016/feb/09/bijan-ebrahimi-murder-bristol-police-sentenced,2016-02-09,2017-09-20,1,https://i.guim.co.uk/img/media/50f1552463a7eda529d0df243a4f34cfe22ef01c/0_141_2506_1503/master/2506.jpg?width=465&dpr=1&s=none&crop=none,../Scripts/output/guardian/guardian_images/guardian_2016-02-09_guardian_1a0901fb10_img01.jpg,Bijan Ebrahimi was killed by his neighbour in Bristol who mistakenly believed him to be a paedophile. Photograph: PA,,1,graph,2,photo|photograph,0,likely_visualization
guardian_1a0901fb10,The Guardian,2016,IPCC,Police officers jailed over Bijan Ebrahimi murder case,https://www.theguardian.com/uk-news/2016/feb/09/bijan-ebrahimi-murder-bristol-police-sentenced,2016-02-09,2017-09-20,2,https://i.guim.co.uk/img/media/ae81af6d21ed7f66fc36834206442d9610098acf/0_33_3500_2100/master/3500.jpg?width=445&dpr=1&s=none&crop=none,../Scripts/output/guardian/guardian_images/guardian_2016-02-09_guardian_1a0901fb10_img02.jpg,Andrew Passmore (left) and Kevin Duffy have been dismissed from Avon and Somerset police. Photograph: Ben Birchall/PA,,1,graph,2,photo|photograph,0,likely_visualization
guardian_1a0901fb10,The Guardian,2016,IPCC,Police officers jailed over Bijan Ebrahimi murder case,https://www.theguardian.com/uk-news/2016/feb/09/bijan-ebrahimi-murder-bristol-police-sentenced,2016-02-09,2017-09-20,3,https://i.guim.co.uk/img/media/1475020f11031a3fdfcc2450d41dd290ed0394e0/0_68_3021_1814/master/3021.jpg?width=445&dpr=1&s=none&crop=none,../Scripts/output/guardian/guardian_images/guardian_2016-02-09_guardian_1a0901fb10_img03.jpg,Bijan Ebrahimi’s sisters Manizhah Moores (centre) and Ladin Ebrahimi with their solicitor Tony Murphy outside court. Photograph: Claire Hayhurst/PA,,1,graph,2,photo|photograph,0,likely_visualization
guardian_c275625fc8,The Guardian,2016,IPCC,New law could confuse police misconduct with criminal offence,https://www.theguardian.com/public-leaders-network/2016/feb/09/law-confuse-police-misconduct-criminal-offence,2016-02-09,2017-09-20,1,https://i.guim.co.uk/img/media/bda7b3de6591f17cbeb525449e8cc7a6550b8e08/0_0_2000_1201/master/2000.jpg?width=465&dpr=1&s=none&crop=none,../Scripts/output/guardian/guardian_images/guardian_2016-02-09_guardian_c275625fc8_img01.jpg,"While the intention was to deal with gaps in the law, the new police corruption offence could criminalise matters previously investigated as misconduct. Photograph: Max Nash/AP",,1,graph,2,photo|photograph,0,likely_visualization
guardian_0f52ef219f,The Guardian,2016,"""net zero""",Women in property industry must speak up on gender equality: Green buildings CEO,https://www.theguardian.com/sustainable-business/2016/feb/10/women-in-property-industry-must-speak-up-on-gender-equality-green-buildings-ceo,2016-02-10,2016-02-12,1,https://i.guim.co.uk/img/media/28170ad9d49ade5578b1b07858bebb4d2174e016/0_0_3500_2103/master/3500.jpg?width=465&dpr=1&s=none&crop=none,../Scripts/output/guardian/guardian_images/guardian_2016-02-10_guardian_0f52ef219f_img01.jpg,"Romilly Madew, the chief executive of the Green Building Council of Australia, says those in senior managerial positions should ‘consciously look at choosing women’. Photograph: Brendan Read/Green Building Council Australia",,1,graph,2,photo|photograph,0,likely_visualization
guardian_f2d158c978,The Guardian,2016,"""carbon budget""",Five reasons Greg Hunt may not be the best minister in the world,https://www.theguardian.com/australia-news/2016/feb/10/five-reasons-greg-hunt-may-not-be-the-best-minister-in-the-world,2016-02-10,2018-03-13,1,https://i.guim.co.uk/img/media/269361a52dc3998349ad41d9e9665515ab14848e/0_93_3065_1840/master/3065.jpg?width=465&dpr=1&s=none&crop=none,../Scripts/output/guardian/guardian_images/guardian_2016-02-10_guardian_f2d158c978_img01.jpg,Greg Hunt at question time last week. He was named the ‘world’s best minister’ at a summit in Dubai. Photograph: Mick Tsikas/AAP,,1,graph,2,photo|photograph,0,likely_visualization
guardian_01992f591f,The Guardian,2016,"""global temperature""",Checking Ted Cruz's climate science denial howlers,https://www.theguardian.com/environment/planet-oz/2016/feb/11/checking-ted-cruzs-climate-science-denial-clangers,2016-02-11,2021-08-25,1,https://i.guim.co.uk/img/media/2daab4b42a6c5ee9e8a20b6ad674e733427839b7/0_0_4721_2833/master/4721.jpg?width=465&dpr=1&s=none&crop=none,../Scripts/output/guardian/guardian_images/guardian_2016-02-11_guardian_01992f591f_img01.jpg,Republican presidential hopeful Ted Cruz has been answering climate change questions at hustings and getting everything wrong. Photograph: John Minchillo/AP,,1,graph,2,photo|photograph,0,likely_visualization
guardian_096a200b64,The Guardian,2016,"""global temperature""","Climate change may have helped spread Zika virus, according to WHO scientists",https://www.theguardian.com/world/2016/feb/11/climate-change-zika-virus-south-central-america-mosquitos,2016-02-11,2022-10-19,1,https://i.guim.co.uk/img/media/2dbb5723ab1743443292de19de8171e1de3e9159/0_226_3400_2040/master/3400.jpg?width=465&dpr=1&s=none&crop=none,../Scripts/output/guardian/guardian_images/guardian_2016-02-11_guardian_096a200b64_img01.jpg,"Tamires da Costa, 16, who is four months pregnant, stands in a street with standing flood water next to her home in the Parque Sao Bento shantytown of Rio de Janeiro, Brazil on 29 January 2016. Photograph: Leo Correa/AP",,1,graph,2,photo|photograph,0,likely_visualization
guardian_4a8fcaa1b6,The Guardian,2016,"""global temperature""",Republican candidates race to catch Trump as 2016 race heats up – as it happened,https://www.theguardian.com/us-news/live/2016/feb/11/2016-us-presidential-election-south-carolina-primary-trump-sanders-clinton-kasich-bush-cruz-rubio,2016-02-11,2020-02-26,1,https://i.guim.co.uk/img/media/9bbbf698e7485e62471bbbc9648488ae03c12bec/0_0_3296_3575/master/3296.jpg?width=465&dpr=1&s=none&crop=none,../Scripts/output/guardian/guardian_images/guardian_2016-02-11_guardian_4a8fcaa1b6_img01.jpg,This is our favorite picture of Donald Trump ever. Photograph: MediaPunch/REX/Shutterstock,,1,graph,2,photo|photograph,0,likely_visualization
guardian_4a8fcaa1b6,The Guardian,2016,"""global temperature""",Republican candidates race to catch Trump as 2016 race heats up – as it happened,https://www.theguardian.com/us-news/live/2016/feb/11/2016-us-presidential-election-south-carolina-primary-trump-sanders-clinton-kasich-bush-cruz-rubio,2016-02-11,2020-02-26,3,https://i.guim.co.uk/img/media/4e79a98337c1ea9ef401ed04b1c5711a7022d8d1/0_0_3500_2329/master/3500.jpg?width=465&dpr=1&s=none&crop=none,../Scripts/output/guardian/guardian_images/guardian_2016-02-11_guardian_4a8fcaa1b6_img03.jpg,"Bernie Sanders speaks during his victory speech at Concord High School in Concord, New Hampshire. Photograph: UPI / Barcroft Media",,1,graph,2,photo|photograph,0,likely_visualization
guardian_4a8fcaa1b6,The Guardian,2016,"""global temperature""",Republican candidates race to catch Trump as 2016 race heats up – as it happened,https://www.theguardian.com/us-news/live/2016/feb/11/2016-us-presidential-election-south-carolina-primary-trump-sanders-clinton-kasich-bush-cruz-rubio,2016-02-11,2020-02-26,5,https://i.guim.co.uk/img/media/7c02ce9755de4749e510967d12c1fb7190dbf504/0_0_3368_3443/master/3368.jpg?width=465&dpr=1&s=none&crop=none,../Scripts/output/guardian/guardian_images/guardian_2016-02-11_guardian_4a8fcaa1b6_img05.jpg,Hail to the Trump. Photograph: Matt Baron/BEI/Shutterstock,,1,graph,2,photo|photograph,0,likely_visualization
guardian_9c70e00ddd,The Guardian,2016,IPCC,Rape victims have a right to be believed by the police,https://www.theguardian.com/commentisfree/2016/feb/11/raoe-victims-police-bernard-hogan-howe,2016-02-11,2017-09-20,1,https://i.guim.co.uk/img/media/028c4a3935c37aa91085f6565b700769d45ff8fa/0_0_5184_3109/master/5184.jpg?width=465&dpr=1&s=none&crop=none,../Scripts/output/guardian/guardian_images/guardian_2016-02-11_guardian_9c70e00ddd_img01.jpg,Bernard Hogan-Howe: ‘I’m also unconvinced by [his] suggestion that men facing allegations … should be offered anonymity until they are charged.’ Photograph: Steve Parsons/PA,,1,graph,2,photo|photograph,0,likely_visualization
guardian_b56be89b83,The Guardian,2016,"""net zero""",Europe's climate change goals 'need profound lifestyle changes',https://www.theguardian.com/environment/2016/feb/15/europe-climate-change-goals-need-profound-lifestyle-changes-european-commission,2016-02-15,2021-08-25,1,https://i.guim.co.uk/img/media/8c76fe286a49df9a1e0b0a0079c0cf3e569f4786/0_104_3500_2101/master/3500.jpg?width=465&dpr=1&s=none&crop=none,../Scripts/output/guardian/guardian_images/guardian_2016-02-15_guardian_b56be89b83_img01.jpg,"The power station at Ratcliffe-on-Soar, Nottinghamshire. ‘CO2 removal’ could suck emissions out of the air. Photograph: David Davies/PA",,1,graph,2,photo|photograph,0,likely_visualization
guardian_488ccef058,The Guardian,2016,"""net zero""",Masdar's zero-carbon dream could become world’s first green ghost town,https://www.theguardian.com/environment/2016/feb/16/masdars-zero-carbon-dream-could-become-worlds-first-green-ghost-town,2016-02-16,2021-08-25,1,https://i.guim.co.uk/img/media/f47127a76cc7915d9dd51fd0f65ea1d350c8533f/0_343_5141_3083/master/5141.jpg?width=465&dpr=1&s=none&crop=none,../Scripts/output/guardian/guardian_images/guardian_2016-02-16_guardian_488ccef058_img01.jpg,"Only 300 people so far live on site in Masdar City. All are students at the Institute of Science and Technology, seen here. Photograph: Iain Masterton/incamerastock/Corbis",,1,graph,2,photo|photograph,0,likely_visualization
guardian_488ccef058,The Guardian,2016,"""net zero""",Masdar's zero-carbon dream could become world’s first green ghost town,https://www.theguardian.com/environment/2016/feb/16/masdars-zero-carbon-dream-could-become-worlds-first-green-ghost-town,2016-02-16,2021-08-25,2,https://i.guim.co.uk/img/media/cb4214354cee6c798464399adc5cd0c36fc20413/0_0_4050_2700/master/4050.jpg?width=445&dpr=1&s=none&crop=none,../Scripts/output/guardian/guardian_images/guardian_2016-02-16_guardian_488ccef058_img02.jpg,A wind tower within Masdar. The city has given up on its original aim to be net zero. Photograph: Clint McLean/Corbis,,1,graph,2,photo|photograph,0,likely_visualization
guardian_5e9d4dc0f0,The Guardian,2016,"""net zero""",UK councils warned of 'severe penalties' of fossil fuel divestment,https://www.theguardian.com/environment/2016/feb/18/uk-councils-warned-of-severe-penalties-of-fossil-fuel-divestment,2016-02-18,2016-02-19,1,https://i.guim.co.uk/img/media/fda9f7326be2d63b54f39e8faa0e7df037276aaf/246_532_4388_2633/master/4388.jpg?width=465&dpr=1&s=none&crop=none,../Scripts/output/guardian/guardian_images/guardian_2016-02-18_guardian_5e9d4dc0f0_img01.jpg,#EndFossilFuelSubsidies London petition delivery. Photograph: Stephen Brown/350.org,,1,graph,2,photo|photograph,0,likely_visualization
guardian_ab0be9dad9,The Guardian,2016,IPCC,Police recruit more investigators for Edward Heath inquiry,https://www.theguardian.com/politics/2016/feb/19/edward-heath-inquiry-police-recruit-more-investigators,2016-02-19,2018-01-11,1,https://i.guim.co.uk/img/media/d70780f76d61169685879af604fe7f492646d686/485_404_2451_1471/master/2451.jpg?width=465&dpr=1&s=none&crop=none,../Scripts/output/guardian/guardian_images/guardian_2016-02-19_guardian_ab0be9dad9_img01.jpg,Friends of Edward Heath have been angered by the damage done to his reputation by the allegations. Photograph: Nick Rogers/Rex/Shutterstock,,1,graph,2,photo|photograph,0,likely_visualization
guardian_a3818afc01,The Guardian,2016,"""1.5C""","295,000 US deaths may be prevented by 2030 with cuts to greenhouse gas",https://www.theguardian.com/environment/2016/feb/22/us-deaths-greenhouse-gas-295000-emission-cuts-climate-change,2016-02-22,2021-08-25,1,https://i.guim.co.uk/img/media/af0e5199024111e69fc1af24f6295d849f5a5bd5/0_0_5616_3370/master/5616.jpg?width=465&dpr=1&s=none&crop=none,../Scripts/output/guardian/guardian_images/guardian_2016-02-22_guardian_a3818afc01_img01.jpg,"According to the World Health Organisation, about seven million people died in 2012 as a result of air pollution. Photograph: Les Stone/Corbis",,1,graph,2,photo|photograph,0,likely_visualization
guardian_068fc2a26e,The Guardian,2016,"""global temperature""",Carbon emissions: here's what we can do to hit 'science-based targets',https://www.theguardian.com/sustainable-business/2016/feb/23/science-based-targets-ghg-emissions-carbon-climate-change-environment,2016-02-23,2021-08-25,2,https://i.guim.co.uk/img/media/5c57cc45c6eccce14d44124fb76d6bfa09820dab/0_28_1050_630/master/1050.jpg?width=445&dpr=1&s=none&crop=none,../Scripts/output/guardian/guardian_images/guardian_2016-02-23_guardian_068fc2a26e_img02.jpg,"Sea level change during each of the twenty centuries of the Common Era. Photograph: Climate Central, based on Kopp et al. (2016), published in the Proceedings of the National Academy of Sciences.",,1,graph,2,photo|photograph,0,likely_visualization
guardian_388a6bb9f0,The Guardian,2016,"""net zero""",Green investment bank 'no longer required by law to invest in green projects',https://www.theguardian.com/environment/2016/feb/23/green-investment-bank-will-no-longer-be-required-by-law-to-invest-in-green-projects,2016-02-23,2018-02-14,1,https://i.guim.co.uk/img/media/06bb824d3bdcf34d2800255d4751edb48d68c335/0_1083_1970_1182/master/1970.jpg?width=465&dpr=1&s=none&crop=none,../Scripts/output/guardian/guardian_images/guardian_2016-02-23_guardian_388a6bb9f0_img01.jpg,"The £3.8bn green investment bank was set up in 2012 to ‘accelerate the UK’s transition to a greener, stronger economy’. Photograph: Guy Bell/Alamy",,1,graph,2,photo|photograph,0,likely_visualization
guardian_03293fdd3d,The Guardian,2016,IPCC,Rotherham child abuse trial: four men and two women found guilty,https://www.theguardian.com/uk-news/2016/feb/24/child-sex-abuse-rotherham-guilty-gang-hussain,2016-02-24,2019-01-08,1,https://i.guim.co.uk/img/media/e666ae981274f17733b3603a10ef19c0f6089e93/0_50_2353_1411/master/2353.jpg?width=445&dpr=1&s=none&crop=none,../Scripts/output/guardian/guardian_images/guardian_2016-02-24_guardian_03293fdd3d_img01.jpg,Karen MacGregor lured two of the victims into her house before forcing them into sexual relations. Photograph: PA,,1,graph,2,photo|photograph,0,likely_visualization
guardian_53cff9479e,The Guardian,2016,"""global temperature""",Earth is warming 50x faster than when it comes out of an ice age,https://www.theguardian.com/environment/climate-consensus-97-per-cent/2016/feb/24/earth-is-warming-is-50x-faster-than-when-it-comes-out-of-an-ice-age,2016-02-24,2021-08-25,1,https://i.guim.co.uk/img/media/4567d585d6cc229e8681ccbe0e1d88c6f2c51bb9/0_60_3000_1801/master/3000.jpg?width=465&dpr=1&s=none&crop=none,../Scripts/output/guardian/guardian_images/guardian_2016-02-24_guardian_53cff9479e_img01.jpg,"A parking lot full of yellow cabs is flooded as a result of Superstorm Sandy in Hoboken, NJ. So far we’re already committed to about 1.7 meters (5.5 feet) of eventual sea level rise. Photograph: Charles Sykes/AP",,1,graph,2,photo|photograph,0,likely_visualization
guardian_6850c17b21,The Guardian,2016,IPCC,Poppi Worthington case police chief under investigation,https://www.theguardian.com/uk-news/2016/feb/26/poppi-worthington-case-police-chief-under-investigation,2016-02-26,2017-09-20,1,https://i.guim.co.uk/img/media/c3c1e127c2f956fbb996777394876f58b86438fe/0_0_1801_1081/master/1801.jpg?width=465&dpr=1&s=none&crop=none,../Scripts/output/guardian/guardian_images/guardian_2016-02-26_guardian_6850c17b21_img01.jpg,Michelle Skeer was criticised after she took more than a month to hold a meeting about a judgment in the Poppi Worthington case. Photograph: Cumbria police,,1,graph,2,photo|photograph,0,likely_visualization
guardian_2837b0f511,The Guardian,2016,"""global temperature""",Why is 2016 smashing heat records?,https://www.theguardian.com/environment/2016/mar/04/is-el-nino-or-climate-change-behind-the-run-of-record-temperatures,2016-03-04,2021-08-25,1,https://i.guim.co.uk/img/media/c199d930169877d9a82226419dd9695866dfac00/0_190_3000_1800/master/3000.jpg?width=465&dpr=1&s=none&crop=none,../Scripts/output/guardian/guardian_images/guardian_2016-03-04_guardian_2837b0f511_img01.jpg,"The Arctic experienced terrific warmth throughout the winter, with temperatures at the north pole approaching 0C in late December – 30C to 35C above average. Photograph: AP",,1,graph,2,photo|photograph,0,likely_visualization
guardian_2837b0f511,The Guardian,2016,"""global temperature""",Why is 2016 smashing heat records?,https://www.theguardian.com/environment/2016/mar/04/is-el-nino-or-climate-change-behind-the-run-of-record-temperatures,2016-03-04,2021-08-25,2,https://i.guim.co.uk/img/media/09aa35a7940232ed9bbdc4f5821ba554627b24fb/0_0_760_448/master/760.jpg?width=445&dpr=1&s=none&crop=none,../Scripts/output/guardian/guardian_images/guardian_2016-03-04_guardian_2837b0f511_img02.jpg,"Global land and ocean temperature anomalies, January-December. Photograph: Noaa",,1,graph,2,photo|photograph,0,likely_visualization
guardian_14cd309690,The Guardian,2016,"""1.5C""",Russians make world's deepest dive under ice,https://www.theguardian.com/world/2016/mar/06/russia-worlds-deepest-dive-under-ice-white-sea,2016-03-06,2017-11-29,1,https://i.guim.co.uk/img/media/aacd5c4a718842f1b1be924eabbf58721a5d758a/0_70_5400_3240/master/5400.jpg?width=465&dpr=1&s=none&crop=none,../Scripts/output/guardian/guardian_images/guardian_2016-03-06_guardian_14cd309690_img01.jpg,A dive beneath the White Sea ice in 2012. Photograph: Alamy,,1,graph,2,photo|photograph,0,likely_visualization
guardian_b2dee22798,The Guardian,2016,"""net zero""",UK must aim for zero emissions at home too,https://www.theguardian.com/environment/2016/mar/06/uk-must-aim-for-zero-emissions-at-home-too,2016-03-06,2021-08-25,1,https://i.guim.co.uk/img/media/b8ba9c0d9990c68e8985487142d7b0071576b79b/0_61_6000_3598/master/6000.jpg?width=465&dpr=1&s=none&crop=none,../Scripts/output/guardian/guardian_images/guardian_2016-03-06_guardian_b2dee22798_img01.jpg,‘The UK can build on the momentum from Paris by supporting the idea of enshrining net zero emissions in UK domestic law.’ Above: the slogan ‘Climatesign’ was projected onto the Eiffel Tower after the climate talks in Paris in December 2015. Photograph: Li Genxing/Xinhua Press/Corbis,,1,graph,2,photo|photograph,0,likely_visualization
guardian_f9e7dcf150,The Guardian,2016,"""net zero""",Ed Miliband calls for law to make CO2 emissions target legally binding,https://www.theguardian.com/environment/2016/mar/06/ed-miliband-calls-for-law-co2-emissions-target-legally-binding-paris-climate-talks,2016-03-06,2021-08-25,1,https://i.guim.co.uk/img/media/382c5860841f4780a974e03bff1cfbdea9059b3a/0_268_4134_2482/master/4134.jpg?width=465&dpr=1&s=none&crop=none,../Scripts/output/guardian/guardian_images/guardian_2016-03-06_guardian_f9e7dcf150_img01.jpg,Ed Miliband says he is putting his energy into building a ‘high-ambition coalition’ to challenge the government’s ‘backward’ environmental policies. Photograph: Linda Nylind/The Guardian,,1,graph,2,photo|photograph,0,likely_visualization
guardian_42f0324e85,The Guardian,2016,"""carbon budget""",I shower once a week. Here’s why you should too,https://www.theguardian.com/commentisfree/2016/mar/08/shower-once-a-week-polluting-environment,2016-03-08,2021-08-25,1,https://i.guim.co.uk/img/media/5a8412e9236739049a0c0418fea65880e4992969/0_256_3888_2334/master/3888.jpg?width=465&dpr=1&s=none&crop=none,../Scripts/output/guardian/guardian_images/guardian_2016-03-08_guardian_42f0324e85_img01.jpg,‘The daily bath or shower is terrible for the environment and our bank balances’. Photograph: Marko Drobnjakovic/AP,,1,graph,2,photo|photograph,0,likely_visualization
guardian_f1005759ea,The Guardian,2016,IPCC,Calls for review of police use of restraint over lung cancer patient's death,https://www.theguardian.com/uk-news/2016/mar/08/philmore-mills-coroner-review-police-use-restraint-lung-cancer-patient-death,2016-03-08,2017-11-29,1,https://i.guim.co.uk/img/media/f8d5bc7c7fcc22dfa978390b59e0c7e61e129c06/44_7_513_308/master/513.jpg?width=465&dpr=1&s=none&crop=none,../Scripts/output/guardian/guardian_images/guardian_2016-03-08_guardian_f1005759ea_img01.jpg,Philmore Mills had been admitted to Wexham Park hospital in 2011 with a chest infection and irregular heartbeat. Photograph: Family,,1,graph,2,photo|photograph,0,likely_visualization
guardian_f1005759ea,The Guardian,2016,IPCC,Calls for review of police use of restraint over lung cancer patient's death,https://www.theguardian.com/uk-news/2016/mar/08/philmore-mills-coroner-review-police-use-restraint-lung-cancer-patient-death,2016-03-08,2017-11-29,2,https://i.guim.co.uk/img/media/4ea8c61c29e2c0aa60ac087521fcb02dca35d50c/537_29_2331_1400/master/2331.jpg?width=445&dpr=1&s=none&crop=none,../Scripts/output/guardian/guardian_images/guardian_2016-03-08_guardian_f1005759ea_img02.jpg,"Philmore Mills, wearing an oxygen mask, pictured with his family on Boxing Day 2011. Photograph: Family photo",,1,graph,2,photo|photograph,0,likely_visualization
guardian_6275029c9e,The Guardian,2016,IPCC,Excessive force: it's ludicrous to blame TV cops for the public's fear of police,https://www.theguardian.com/tv-and-radio/tvandradioblog/2016/mar/09/ipcc-happy-valley-peaky-blinders-line-of-duty,2016-03-09,2018-01-11,1,https://i.guim.co.uk/img/media/ce009fc417d769787a74fc3d00408f4474bbb4df/0_136_4287_2571/master/4287.jpg?width=465&dpr=1&s=none&crop=none,../Scripts/output/guardian/guardian_images/guardian_2016-03-09_guardian_6275029c9e_img01.jpg,Catherine (Sarah Lancashire) employs a Taser in Happy Valley. Photograph: Ben Blackall/BBC/Red Productions,,1,graph,2,photo|photograph,0,likely_visualization
guardian_6275029c9e,The Guardian,2016,IPCC,Excessive force: it's ludicrous to blame TV cops for the public's fear of police,https://www.theguardian.com/tv-and-radio/tvandradioblog/2016/mar/09/ipcc-happy-valley-peaky-blinders-line-of-duty,2016-03-09,2018-01-11,2,https://i.guim.co.uk/img/media/9f00c047d495ca9b89aca57eba445e1aa3769015/331_0_4281_2571/master/4281.jpg?width=445&dpr=1&s=none&crop=none,../Scripts/output/guardian/guardian_images/guardian_2016-03-09_guardian_6275029c9e_img02.jpg,Living in fear of being slashed by a razor back in 1919? Peaky Blinders. Photograph: Robert Viglasky/BBC/Tiger Aspect,,1,graph,2,photo|photograph,0,likely_visualization
guardian_15b1f50496,The Guardian,2016,IPCC,Sea level rise is accelerating; how much it costs is up to us,https://www.theguardian.com/environment/climate-consensus-97-per-cent/2016/mar/11/sea-level-rise-is-accelerating-how-much-it-costs-is-up-to-us,2016-03-11,2021-08-25,1,https://i.guim.co.uk/img/media/390b858bb63fb5abc24c6bb70d17a3f3bc5cb3f2/0_199_4000_2399/master/4000.jpg?width=465&dpr=1&s=none&crop=none,../Scripts/output/guardian/guardian_images/guardian_2016-03-11_guardian_15b1f50496_img01.jpg,"The Perito Moreno Glacier’s ice bridge collapses into Lake Argentina, at Los Glaciares National Park, near El Calafate, in Argentina’s Patagonia region, Thursday, March 10, 2016. Photograph: Francisco Munoz/AP",,1,graph,2,photo|photograph,0,likely_visualization
guardian_1e03c02e57,The Guardian,2016,IPCC,"CSIRO climate cuts 'a catastrophic failure of public policy', Senate told",https://www.theguardian.com/australia-news/2016/mar/11/csiro-climate-cuts-a-catastrophic-failure-of-public-policy-senate-told,2016-03-11,2021-08-25,1,https://i.guim.co.uk/img/media/5a2a2933db0bbc55720a31b777874256f972f9de/392_234_4117_2473/master/4117.jpg?width=465&dpr=1&s=none&crop=none,../Scripts/output/guardian/guardian_images/guardian_2016-03-11_guardian_1e03c02e57_img01.jpg,The Senate committee was told the staff cuts at the CSIRO would be wasting millions of dollars of investment in expertise. Photograph: Alan Porritt/AAP,,1,graph,2,photo|photograph,0,likely_visualization
guardian_238854643d,The Guardian,2016,"""carbon budget""",Zero carbon emissions target to be enshrined in UK law,https://www.theguardian.com/environment/2016/mar/14/zero-carbon-emissions-target-enshrined-uk-law,2016-03-14,2021-08-25,1,https://i.guim.co.uk/img/media/88c72eee42c401dea0fef60b49a9d19fb58e9e0e/8_313_5140_3088/master/5140.jpg?width=465&dpr=1&s=none&crop=none,../Scripts/output/guardian/guardian_images/guardian_2016-03-14_guardian_238854643d_img01.jpg,The UK is already committed to reducing carbon emissions 80% by 2050. Photograph: Robert Harding/Rex Shutterstock,,1,graph,2,photo|photograph,0,likely_visualization
guardian_15923d1122,The Guardian,2016,"""sea level rise""",Louisiana's vanishing island: the climate 'refugees' resettling for $52m,https://www.theguardian.com/environment/2016/mar/15/louisiana-isle-de-jean-charles-island-sea-level-resettlement,2016-03-15,2021-08-25,1,https://i.guim.co.uk/img/media/b3bb53b70748f431b367893ddd6728f1949f020b/0_134_2399_1437/master/2399.jpg?width=465&dpr=1&s=none&crop=none,../Scripts/output/guardian/guardian_images/guardian_2016-03-15_guardian_15923d1122_img01.jpg,"Wenceslaus Billiot, father of deputy chief Boyo Billiot. The proud world war two veteran and tribal elder may be forced to leave the home he has known all his life. Photograph: Charlie Varley/The Guardian",,1,graph,2,photo|photograph,0,likely_visualization
guardian_15923d1122,The Guardian,2016,"""sea level rise""",Louisiana's vanishing island: the climate 'refugees' resettling for $52m,https://www.theguardian.com/environment/2016/mar/15/louisiana-isle-de-jean-charles-island-sea-level-resettlement,2016-03-15,2021-08-25,2,https://i.guim.co.uk/img/media/8b8c596c1a46e95e97e4e4124cfdd01f4126c914/0_130_2400_1441/master/2400.jpg?width=445&dpr=1&s=none&crop=none,../Scripts/output/guardian/guardian_images/guardian_2016-03-15_guardian_15923d1122_img02.jpg,"‘It used to be all you could see was trees and woods,’ said Wenceslaus, father of deputy chief Boyo Billiot. Photograph: Charlie Varley/The Guardian",,1,graph,2,photo|photograph,0,likely_visualization
guardian_15923d1122,The Guardian,2016,"""sea level rise""",Louisiana's vanishing island: the climate 'refugees' resettling for $52m,https://www.theguardian.com/environment/2016/mar/15/louisiana-isle-de-jean-charles-island-sea-level-resettlement,2016-03-15,2021-08-25,3,https://i.guim.co.uk/img/media/fc6f6a6fb9bac8cdec0903f00f7a789025329bea/0_24_2400_1441/master/2400.jpg?width=445&dpr=1&s=none&crop=none,../Scripts/output/guardian/guardian_images/guardian_2016-03-15_guardian_15923d1122_img03.jpg,"Chief Albert Naquin, Chris Brunet of the tribal council and deputy Chief Boyo Billiot. The tribe has recently been awarded $52m to resettle on higher ground. Photograph: Charlie Varley/The Guardian",,1,graph,2,photo|photograph,0,likely_visualization
guardian_15923d1122,The Guardian,2016,"""sea level rise""",Louisiana's vanishing island: the climate 'refugees' resettling for $52m,https://www.theguardian.com/environment/2016/mar/15/louisiana-isle-de-jean-charles-island-sea-level-resettlement,2016-03-15,2021-08-25,4,https://i.guim.co.uk/img/media/f9a1e181abd95d8a11a9d4fcdd16289fe2a77be8/0_29_2400_1441/master/2400.jpg?width=445&dpr=1&s=none&crop=none,../Scripts/output/guardian/guardian_images/guardian_2016-03-15_guardian_15923d1122_img04.jpg,Scenes from the disappearing bayou. Photograph: Charlie Varley/The Guardian,,1,graph,2,photo|photograph,0,likely_visualization
guardian_15923d1122,The Guardian,2016,"""sea level rise""",Louisiana's vanishing island: the climate 'refugees' resettling for $52m,https://www.theguardian.com/environment/2016/mar/15/louisiana-isle-de-jean-charles-island-sea-level-resettlement,2016-03-15,2021-08-25,5,https://i.guim.co.uk/img/media/951b78d57a91f42fd2f2df2b1f49a7b86db02bd0/0_92_2400_1441/master/2400.jpg?width=445&dpr=1&s=none&crop=none,../Scripts/output/guardian/guardian_images/guardian_2016-03-15_guardian_15923d1122_img05.jpg,A defiant sign is posted next to a survival pod from an oil rig. Photograph: Charlie Varley/The Guardian,,1,graph,2,photo|photograph,0,likely_visualization
guardian_15923d1122,The Guardian,2016,"""sea level rise""",Louisiana's vanishing island: the climate 'refugees' resettling for $52m,https://www.theguardian.com/environment/2016/mar/15/louisiana-isle-de-jean-charles-island-sea-level-resettlement,2016-03-15,2021-08-25,6,https://i.guim.co.uk/img/media/9bf5ee9b1068829bb335ad00d154565e9faec96a/0_37_2400_1441/master/2400.jpg?width=445&dpr=1&s=none&crop=none,../Scripts/output/guardian/guardian_images/guardian_2016-03-15_guardian_15923d1122_img06.jpg,"‘The storms have made life difficult, if not untenable’. Photograph: Charlie Varley/The Guardian",,1,graph,2,photo|photograph,0,likely_visualization
guardian_15923d1122,The Guardian,2016,"""sea level rise""",Louisiana's vanishing island: the climate 'refugees' resettling for $52m,https://www.theguardian.com/environment/2016/mar/15/louisiana-isle-de-jean-charles-island-sea-level-resettlement,2016-03-15,2021-08-25,7,https://i.guim.co.uk/img/media/0b048d121fc4f1a524c37d0a3b5e63b63dc06054/0_119_2400_1441/master/2400.jpg?width=445&dpr=1&s=none&crop=none,../Scripts/output/guardian/guardian_images/guardian_2016-03-15_guardian_15923d1122_img07.jpg,"‘It used to be all you could see was trees and woods,’ said Wenceslaus. Photograph: Charlie Varley/The Guardian",,1,graph,2,photo|photograph,0,likely_visualization
guardian_4d6ba32c82,The Guardian,2016,"""global temperature""",Record-breaking temperatures 'have robbed the Arctic of its winter',https://www.theguardian.com/environment/2016/mar/15/record-breaking-temperatures-have-robbed-the-arctic-of-its-winter,2016-03-15,2021-08-25,1,https://i.guim.co.uk/img/media/e4152dc0fdbb0b4e1020faf047535d73fa5ebd59/0_0_3839_2304/master/3839.jpg?width=465&dpr=1&s=none&crop=none,../Scripts/output/guardian/guardian_images/guardian_2016-03-15_guardian_4d6ba32c82_img01.jpg,A lack of snow in south central Alaska forced race organisers to move the Iditarod dog sled race north. Photograph: Loren Holmes/AP,,1,graph,2,photo|photograph,0,likely_visualization
guardian_4d6ba32c82,The Guardian,2016,"""global temperature""",Record-breaking temperatures 'have robbed the Arctic of its winter',https://www.theguardian.com/environment/2016/mar/15/record-breaking-temperatures-have-robbed-the-arctic-of-its-winter,2016-03-15,2021-08-25,2,https://i.guim.co.uk/img/media/a68cdf3c9607571f8be375a38f59c136b87d48c9/0_0_3000_1799/master/3000.jpg?width=445&dpr=1&s=none&crop=none,../Scripts/output/guardian/guardian_images/guardian_2016-03-15_guardian_4d6ba32c82_img02.jpg,"Persistent above-freezing temperatures have melted much of the local snow in Anchorage, leading to snow being sent in by train for the start of the famous Iditarod dog sled race. Photograph: Rachel D'Oro/AP",,1,graph,2,photo|photograph,0,likely_visualization
guardian_5c5a017a05,The Guardian,2016,"""carbon budget""",Why graduates of a top Canadian university are returning their diplomas,https://www.theguardian.com/environment/true-north/2016/mar/15/why-graduates-of-a-top-canadian-university-are-returning-our-diplomas,2016-03-15,2018-02-14,1,https://i.guim.co.uk/img/media/643a16ae91dc00ddeb3ea5618e7736884b22b9a0/0_390_6016_3610/master/6016.jpg?width=465&dpr=1&s=none&crop=none,../Scripts/output/guardian/guardian_images/guardian_2016-03-15_guardian_5c5a017a05_img01.jpg,"McGill students protest during a camp-out calling on the university administration to divest its holdings from fossil fuels in September, 2015. Photograph: Zaliqa Rosli",,1,graph,2,photo|photograph,0,likely_visualization
guardian_71ecc71b0b,The Guardian,2016,"""1.5C""",The Guardian view on February’s record warmth: nasty weather for the time of year,https://www.theguardian.com/commentisfree/2016/mar/15/the-guardian-view-on-februarys-record-warmth-nasty-weather-for-the-time-of-year,2016-03-15,2021-08-25,1,https://i.guim.co.uk/img/media/88dbf3691a2c50697fb0276079b7a5c64153a1d7/0_113_5760_3455/master/5760.jpg?width=465&dpr=1&s=none&crop=none,../Scripts/output/guardian/guardian_images/guardian_2016-03-15_guardian_71ecc71b0b_img01.jpg,"A coal barge travels up the Kanawha River, passing the Dupont chemical plant at Charleston, West Virginia, US. ‘Only one of the Republican candidates in the race to succeed the president accepts that global warming has a significant man-made element.’ Photograph: Andrew Lichtenstein/Corbis",,1,graph,2,photo|photograph,0,likely_visualization
guardian_87343371f1,The Guardian,2016,"""global temperature""",Shorten attacks 'weather vane' Turnbull over latest policy backflip – politics live,https://www.theguardian.com/australia-news/live/2016/mar/16/government-mps-launch-round-two-in-opposing-the-safe-schools-program-politics-live,2016-03-15,2018-03-13,1,https://i.guim.co.uk/img/media/4552bb65de43fa06a05bfab923af9e283e8fa91e/0_0_4500_3000/master/4500.jpg?width=465&dpr=1&s=none&crop=none,../Scripts/output/guardian/guardian_images/guardian_2016-03-15_guardian_87343371f1_img01.jpg,"The Government sits on the opposition time during a division in question time in the House of Representatives in Canberra this afternoon, Wednesday 16th March 2016. Photograph: Mike Bowers/The Guardian",,1,graph,2,photo|photograph,0,likely_visualization
guardian_89ad75d97b,The Guardian,2016,"""net zero""",Malcolm Turnbull risks Australia's economy with inaction on climate change,https://www.theguardian.com/sustainable-business/2016/mar/15/malcolm-turnbull-risks-australias-economy-with-inaction-on-climate-change,2016-03-15,2021-08-25,1,https://i.guim.co.uk/img/media/43ae6be2cc49408897a2544244eed4ce3602b387/0_97_850_510/master/850.jpg?width=465&dpr=1&s=none&crop=none,../Scripts/output/guardian/guardian_images/guardian_2016-03-15_guardian_89ad75d97b_img01.jpg,Jonathon Porritt speaks at The Road Post-Paris event organised by NSW Office of Environment and Heritage. Photograph: Jojo Fuller/NSW Office of Environment and Heritage,,1,graph,2,photo|photograph,0,likely_visualization
guardian_b09bf44f56,The Guardian,2016,"""global temperature""",Record global temperatures are shocking — and yet we don't respond seriously,https://www.theguardian.com/environment/2016/mar/15/record-global-temperatures-are-shocking-and-yet-we-dont-respond-seriously,2016-03-15,2021-08-25,1,https://i.guim.co.uk/img/media/f9d657cae9c1159309212ac6d3c02b3bcb6dd046/0_0_3952_2370/master/3952.jpg?width=465&dpr=1&s=none&crop=none,../Scripts/output/guardian/guardian_images/guardian_2016-03-15_guardian_b09bf44f56_img01.jpg,"A man takes a nap as New York experiences record temperatures in March. ‘We appear uninterested in the environmental changes happening right in front of our eyes,’ says James Dyke. Photograph: ddp USA/REX/Shutterstock",,1,graph,2,photo|photograph,0,likely_visualization
guardian_bffbad982a,The Guardian,2016,"""global temperature""",Scotland urged to adopt more ambitious carbon emissions target,https://www.theguardian.com/uk-news/2016/mar/15/scotland-urged-adopt-ambitious-carbon-emissions-target,2016-03-15,2021-08-25,1,https://i.guim.co.uk/img/media/59beb0b68fad7631e6a9b2f75c40389c2a7ceb48/0_22_2095_1259/master/2095.jpg?width=465&dpr=1&s=none&crop=none,../Scripts/output/guardian/guardian_images/guardian_2016-03-15_guardian_bffbad982a_img01.jpg,"An electricity pylon at Sherrifmuir near Dunblane, with the Braes of Doune windfarm in the background. Photograph: Andrew Milligan/PA",,1,graph,2,photo|photograph,0,likely_visualization
guardian_fcd04477c9,The Guardian,2016,"""global temperature""",Environmental and economic impact of British energy policy,https://www.theguardian.com/business/2016/mar/15/environmental-and-economic-impact-of-british-energy-policy,2016-03-15,2021-08-25,1,https://i.guim.co.uk/img/media/7129b24f506257aa8ff53506335d94c635121cf9/0_205_4064_2438/master/4064.jpg?width=465&dpr=1&s=none&crop=none,../Scripts/output/guardian/guardian_images/guardian_2016-03-15_guardian_fcd04477c9_img01.jpg,"A wind farm and solar panels at Camelford, Cornwall. ‘As it happens, the current cost per megawatt of providing wind and solar power is about the same as that for building Hinkley Point,’ writes Harvey Cole. Photograph: Alamy",,1,graph,2,photo|photograph,0,likely_visualization
guardian_30afba42ee,The Guardian,2016,"""1.5C""","Australia a bad neighbour to Pacific islands on climate, says former Irish president",https://www.theguardian.com/science/2016/mar/16/australia-a-bad-neighbour-to-pacific-islands-on-climate-says-former-irish-president,2016-03-16,2021-08-25,1,https://i.guim.co.uk/img/media/a7ac8204ddddef35ab0ced2c0149dd9f56b2c9d4/157_32_1497_898/master/1497.jpg?width=465&dpr=1&s=none&crop=none,../Scripts/output/guardian/guardian_images/guardian_2016-03-16_guardian_30afba42ee_img01.jpg,"Mary Robinson, the former Irish president turned climate change campaigner, says Australia should consider its impact on the Pacific islands. Photograph: ABC",,1,graph,2,photo|photograph,0,likely_visualization
guardian_9c08f55271,The Guardian,2016,"""net zero""",Rainwater harvesting and rooftop solar: world's greenest shopping centre could be Australian,https://www.theguardian.com/sustainable-business/2016/mar/18/rainwater-harvesting-and-rooftop-solar-worlds-greenest-shopping-centre-could-be-australian,2016-03-17,2022-10-19,1,https://i.guim.co.uk/img/media/9d49bf22fa112b310786a462ab7d81bd56e3c452/0_87_2256_1352/master/2256.jpg?width=465&dpr=1&s=none&crop=none,../Scripts/output/guardian/guardian_images/guardian_2016-03-17_guardian_9c08f55271_img01.jpg,"The Ponds shopping centre in Kellyville Ridge, New South Wales, is the first retail centre to be awarded a six-star Green Star Design rating for sustainability. Photograph: The Ponds",,1,graph,2,photo|photograph,0,likely_visualization
guardian_0cc41c28be,The Guardian,2016,"""sea level rise""",Sea-level rises: why flooding is the next big business risk,https://www.theguardian.com/sustainable-business/2016/mar/18/sea-level-rises-flooding-business-household-risk-uk,2016-03-18,2016-03-18,1,https://i.guim.co.uk/img/media/d62106d1e299553d0c58d5c31fa9004498662a32/0_0_3504_2102/master/3504.jpg?width=465&dpr=1&s=none&crop=none,../Scripts/output/guardian/guardian_images/guardian_2016-03-18_guardian_0cc41c28be_img01.jpg,"Floodwaters from Hurricane Katrina caused widespread devastation to the city of New Orleans, Louisiana, in 2005. Photograph: David J. Phillip/AP",,1,graph,2,photo|photograph,0,likely_visualization
guardian_d25de21378,The Guardian,2016,"""global temperature""","Emissions stall, orca breeding and hunted turtle doves – green news roundup",https://www.theguardian.com/environment/2016/mar/18/emissions-stall-orca-breeding-and-hunted-turtle-doves-green-news-roundup,2016-03-18,2021-07-26,1,https://i.guim.co.uk/img/media/5cef7032068cbbebeb83b22e6308ef3ba8c1cfb8/0_0_3010_1808/master/3010.jpg?width=465&dpr=1&s=none&crop=none,../Scripts/output/guardian/guardian_images/guardian_2016-03-18_guardian_d25de21378_img01.jpg,Turtle Dove (Streptopelia turtur) in flight. Hunters in Malta will be allowed to kill thousands this year despite them being added to the Red List of endangered species. Photograph: NPL/Alamy,,1,graph,2,photo|photograph,0,likely_visualization
guardian_d8b97bd724,The Guardian,2016,IPCC,"Poppi Worthington's father faces intimidation every day, coroner told",https://www.theguardian.com/uk-news/2016/mar/18/poppi-worthingtons-father-faces-intimidation-every-day-coroner-told,2016-03-18,2017-11-29,1,https://i.guim.co.uk/img/media/a521f34d9fc5f0b5f6ee5022bdf20cc912888ffe/105_0_1495_897/master/1495.jpg?width=465&dpr=1&s=none&crop=none,../Scripts/output/guardian/guardian_images/guardian_2016-03-18_guardian_d8b97bd724_img01.jpg,Poppi Worthington died in December 2012. Photograph: Internet,,1,graph,2,photo|photograph,0,likely_visualization
guardian_d8b97bd724,The Guardian,2016,IPCC,"Poppi Worthington's father faces intimidation every day, coroner told",https://www.theguardian.com/uk-news/2016/mar/18/poppi-worthingtons-father-faces-intimidation-every-day-coroner-told,2016-03-18,2017-11-29,2,https://i.guim.co.uk/img/media/9e1e897f2fccf0bc54edbc2e931a8d5ca33952ea/1141_0_1406_1758/master/1406.jpg?width=445&dpr=1&s=none&crop=none,../Scripts/output/guardian/guardian_images/guardian_2016-03-18_guardian_d8b97bd724_img02.jpg,Paul Worthington. Photograph: Peter Byrne/PA,,1,graph,2,photo|photograph,0,likely_visualization
guardian_4e7caaabe6,The Guardian,2016,"""global temperature""","February was the warmest month in recorded history, climate experts say",https://www.theguardian.com/environment/2016/mar/20/february-was-the-warmest-month-in-recorded-history-climate-experts-say,2016-03-20,2021-08-25,2,https://i.guim.co.uk/img/media/ef723876a1f841020c70d311dd3a843eccf6eadd/0_311_5000_2998/master/5000.jpg?width=445&dpr=1&s=none&crop=none,../Scripts/output/guardian/guardian_images/guardian_2016-03-20_guardian_4e7caaabe6_img02.jpg,"Fire fighters rush to douse a fire on a sago plantation caused by hot, dry weather in Meranti Islands, Indonesia. Photograph: Riau Images/Barcroft India",,1,graph,2,photo|photograph,0,likely_visualization
guardian_4e7caaabe6,The Guardian,2016,"""global temperature""","February was the warmest month in recorded history, climate experts say",https://www.theguardian.com/environment/2016/mar/20/february-was-the-warmest-month-in-recorded-history-climate-experts-say,2016-03-20,2021-08-25,3,https://i.guim.co.uk/img/media/40229f8a3df6f8123b72da76a13952198e68f950/0_245_6840_4101/master/6840.jpg?width=445&dpr=1&s=none&crop=none,../Scripts/output/guardian/guardian_images/guardian_2016-03-20_guardian_4e7caaabe6_img03.jpg,"A farmer shows his failed crops on his parched farm in Megenta area of Afar, Ethiopia. Photograph: Mulugeta Ayene/AP",,1,graph,2,photo|photograph,0,likely_visualization
guardian_403b92b422,The Guardian,2016,"""1.5C""","Climate change warnings for coral reef may have come to pass, scientists say",https://www.theguardian.com/environment/2016/mar/22/climate-change-warnings-coral-reef-great-barrier-reef-experts-projections-scientists,2016-03-22,2021-10-29,2,https://i.guim.co.uk/img/media/495ce225383cf7939d353cabb3e366ffeb55907c/0_0_5373_3223/master/5373.jpg?width=445&dpr=1&s=none&crop=none,../Scripts/output/guardian/guardian_images/guardian_2016-03-22_guardian_403b92b422_img02.jpg,"Aerial views of the Heart Reef in the spectacular Great Barrier Reef near the Whitsunday Islands in Queensland, Australia. Photograph: Alamy",,1,graph,2,photo|photograph,0,likely_visualization
guardian_a1a79fefd5,The Guardian,2016,"""sea level rise""",The lucky ones: Native American tribe receives $48m to flee climate change,https://www.theguardian.com/environment/2016/mar/23/native-american-tribes-first-nations-climate-change-environment-indican-removal-act,2016-03-23,2021-08-25,1,https://i.guim.co.uk/img/media/7e4d43d4ac1f70cedda3d1728a43560e8a7cf45d/0_154_2400_1440/master/2400.jpg?width=465&dpr=1&s=none&crop=none,../Scripts/output/guardian/guardian_images/guardian_2016-03-23_guardian_a1a79fefd5_img01.jpg,The Biloxi-Chitimacha-Choctaw tribe in Louisiana has found money to relocate due to the impact of climate change. Others aren’t so lucky. Photograph: Charlie Varley/The Guardian,,1,graph,2,photo|photograph,0,likely_visualization
guardian_a1a79fefd5,The Guardian,2016,"""sea level rise""",The lucky ones: Native American tribe receives $48m to flee climate change,https://www.theguardian.com/environment/2016/mar/23/native-american-tribes-first-nations-climate-change-environment-indican-removal-act,2016-03-23,2021-08-25,2,https://i.guim.co.uk/img/media/0b553fca8d9c7ea31c7729edbcdd7afe255375d6/0_0_2400_1600/master/2400.jpg?width=445&dpr=1&s=none&crop=none,../Scripts/output/guardian/guardian_images/guardian_2016-03-23_guardian_a1a79fefd5_img02.jpg,"The disappearing bayou in Louisiana, where land is rapidly consumed by erosion from the Gulf of Mexico. Photograph: Charlie Varley/The Guardian",,1,graph,2,photo|photograph,0,likely_visualization
guardian_d1a42cc573,The Guardian,2016,"""sea level rise""",Bacteria could be speeding up the darkening of Greenland's ice,https://www.theguardian.com/science/2016/mar/23/bacteria-speeding-up-darkening-greenlands-ice-climate-change,2016-03-23,2021-08-25,1,https://i.guim.co.uk/img/media/3b7ad2da07ae83410c407e9404a9d8987806be3a/0_177_1489_893/master/1489.jpg?width=465&dpr=1&s=none&crop=none,../Scripts/output/guardian/guardian_images/guardian_2016-03-23_guardian_d1a42cc573_img01.jpg,Microbes and glaciers Photograph: Dr Arwyn Edwards,,1,graph,2,photo|photograph,0,likely_visualization
guardian_6deb972057,The Guardian,2016,"""sea level rise""",Has veteran climate scientist James Hansen foretold the ‘loss of all coastal cities’ with latest study?,https://www.theguardian.com/environment/planet-oz/2016/mar/24/has-veteran-climate-scientist-james-hansen-foretold-the-loss-of-all-coastal-cities-with-latest-study,2016-03-24,2021-08-25,1,https://i.guim.co.uk/img/media/6e04fa7fc237edde953c466183f9d7319f16ab1a/0_376_5613_3368/master/5613.jpg?width=465&dpr=1&s=none&crop=none,../Scripts/output/guardian/guardian_images/guardian_2016-03-24_guardian_6deb972057_img01.jpg,"Dr James Hansen, pictured in 2012 Photograph: Murdo MacLeod/The Guardian",,1,graph,2,photo|photograph,0,likely_visualization
guardian_aa9020cb6a,The Guardian,2016,IPCC,Police 'too slow' to recognise exploitation of girls in Bristol,https://www.theguardian.com/uk-news/2016/mar/24/police-serious-case-review-exploitation-girls-in-bristol,2016-03-24,2016-03-24,1,https://i.guim.co.uk/img/media/d6d997af2841dcaae9168c976868bfcd8f1e94ec/1401_56_1385_832/master/1385.jpg?width=465&dpr=1&s=none&crop=none,../Scripts/output/guardian/guardian_images/guardian_2016-03-24_guardian_aa9020cb6a_img01.jpg,"Mustapha Farah and Omar Jumale, two of the Somali men who were convicted in Bristol of running an inner-city sex ring. Photograph: Avon and Somerset Police/PA",,1,graph,2,photo|photograph,0,likely_visualization
guardian_aa9020cb6a,The Guardian,2016,IPCC,Police 'too slow' to recognise exploitation of girls in Bristol,https://www.theguardian.com/uk-news/2016/mar/24/police-serious-case-review-exploitation-girls-in-bristol,2016-03-24,2016-03-24,2,https://i.guim.co.uk/img/media/4b361f576cb2b4c6f38370d1203799b58e77772d/0_234_2791_1675/master/2791.jpg?width=445&dpr=1&s=none&crop=none,../Scripts/output/guardian/guardian_images/guardian_2016-03-24_guardian_aa9020cb6a_img02.jpg,CCTV still showing Jusef Abdirizak booking a room in a Premier Inn in Bristol. He was one of the men convicted of running a sex ring involving the abuse of young girls. Photograph: Avon and Somerset Police/PA,,1,graph,2,photo|photograph,0,likely_visualization
guardian_d9d209302e,The Guardian,2016,"""global temperature""",The impact of environmental disaster and the injustice of a community left behind,https://www.theguardian.com/commentisfree/2016/mar/24/the-impact-of-environmental-disaster-and-the-injustice-of-a-community-left-behind,2016-03-24,2018-02-14,1,https://i.guim.co.uk/img/media/d4eb39d84199f6d11c0e9fb655b6ac8a620d6af0/64_132_3418_2047/master/3418.jpg?width=465&dpr=1&s=none&crop=none,../Scripts/output/guardian/guardian_images/guardian_2016-03-24_guardian_d9d209302e_img01.jpg,‘What comes through the inquiry’s reports is a sense of guilt about what has happened to Morwell.’ Picture - Hazelwood mines in Morwell. Photograph: Meredith O'Shea/The Guardian,,1,graph,2,photo|photograph,0,likely_visualization
guardian_1d1a7e0612,The Guardian,2016,IPCC,Rajendra Pachauri speaks out over sexual harassment claims,https://www.theguardian.com/environment/2016/mar/26/rajendra-pachauri-hits-back-harassed-female-colleague-claims,2016-03-26,2021-08-25,1,https://i.guim.co.uk/img/media/557cfbfbe2d5c8e707620e1bfd3bfb4ea52a6439/0_0_5485_3291/master/5485.jpg?width=465&dpr=1&s=none&crop=none,../Scripts/output/guardian/guardian_images/guardian_2016-03-26_guardian_1d1a7e0612_img01.jpg,Rajendra Pachauri says his computers and telephone were hacked and that he has ‘repeatedly received anonymous death threats’. Photograph: Alamy,,1,graph,2,photo|photograph,0,likely_visualization
guardian_a6c7ea4c52,The Guardian,2016,"""sea level rise""",Could Miami's rail project be test model that could change mass transit in US?,https://www.theguardian.com/business/2016/mar/26/miami-light-rail-project-mass-transit-hitachi-ansaldo,2016-03-26,2017-07-14,1,https://i.guim.co.uk/img/media/fffebadd0a06f942aadb274b56604e9c07ee50ec/0_0_6048_3629/master/6048.jpg?width=465&dpr=1&s=none&crop=none,../Scripts/output/guardian/guardian_images/guardian_2016-03-26_guardian_a6c7ea4c52_img01.jpg,"Cars drive on Washington Avenue in Miami Beach, Florida: can light rail tackle the growing traffic problem? Photograph: Arny Raedts/Alamy",,1,graph,2,photo|photograph,0,likely_visualization
guardian_a6c7ea4c52,The Guardian,2016,"""sea level rise""",Could Miami's rail project be test model that could change mass transit in US?,https://www.theguardian.com/business/2016/mar/26/miami-light-rail-project-mass-transit-hitachi-ansaldo,2016-03-26,2017-07-14,2,https://i.guim.co.uk/img/media/56d291b1f8e9bb4037dc07606d09a641188b419e/0_64_1280_768/master/1280.jpg?width=445&dpr=1&s=none&crop=none,../Scripts/output/guardian/guardian_images/guardian_2016-03-26_guardian_a6c7ea4c52_img02.jpg,Hitachi’s proposed light rail cars for Miami. Photograph: Hitachi,,1,graph,2,photo|photograph,0,likely_visualization
guardian_b10834a1b1,The Guardian,2016,"""sea level rise""",Climate change may be a burning issue – but election campaign tells another story,https://www.theguardian.com/us-news/2016/mar/26/climate-change-may-be-a-burning-issue-but-election-campaign-tells-another-story,2016-03-26,2021-08-25,1,https://i.guim.co.uk/img/media/ae68f94fd3ed8f34f9ec5b468eb99b98d2ae2180/298_0_2587_1553/master/2587.jpg?width=465&dpr=1&s=none&crop=none,../Scripts/output/guardian/guardian_images/guardian_2016-03-26_guardian_b10834a1b1_img01.jpg,Tons of snow are brought into Anchorage by train earlier this month to provide a backdrop for the start of the Iditarod dog sled race. The city has experienced record high winter temperatures. Photograph: Rachel D'Oro/AP,,1,graph,2,photo|photograph,0,likely_visualization
guardian_b10834a1b1,The Guardian,2016,"""sea level rise""",Climate change may be a burning issue – but election campaign tells another story,https://www.theguardian.com/us-news/2016/mar/26/climate-change-may-be-a-burning-issue-but-election-campaign-tells-another-story,2016-03-26,2021-08-25,2,https://i.guim.co.uk/img/media/2b688987cb6686379181ff20020ca9e99d2b8148/0_0_3450_4800/master/3450.jpg?width=445&dpr=1&s=none&crop=none,../Scripts/output/guardian/guardian_images/guardian_2016-03-26_guardian_b10834a1b1_img02.jpg,"The Almaden reservoir in San Jose on 7 February 2014, below, and on 14 March 2016, above, showing the effects of California’s drought. Photograph: Marcio Jose Sanchez/AP",,1,graph,2,photo|photograph,0,likely_visualization
guardian_c03ee40c1a,The Guardian,2016,"""1.5C""",Scientists fly glacial ice to south pole to unlock secrets of global warming,https://www.theguardian.com/environment/2016/mar/27/saving-glaciers-ice-cores-shipped-mont-blanc-antarctica-climate-change,2016-03-27,2021-08-25,1,https://i.guim.co.uk/img/media/8cb94a7850a85571fd91ac6f51c2b8c8f652621e/0_0_5184_3110/master/5184.jpg?width=465&dpr=1&s=none&crop=none,../Scripts/output/guardian/guardian_images/guardian_2016-03-27_guardian_c03ee40c1a_img01.jpg,Scientists on the Col du Dôme site on the slopes of Mont Blanc. Photograph: Bruno Jourdain/LGGE / OSUG / UGA,,1,graph,2,photo|photograph,0,likely_visualization
guardian_c03ee40c1a,The Guardian,2016,"""1.5C""",Scientists fly glacial ice to south pole to unlock secrets of global warming,https://www.theguardian.com/environment/2016/mar/27/saving-glaciers-ice-cores-shipped-mont-blanc-antarctica-climate-change,2016-03-27,2021-08-25,2,https://i.guim.co.uk/img/media/94245318d71adf90e0fc96cea8bb7ebf99f8a7ed/0_96_2717_1630/master/2717.jpg?width=445&dpr=1&s=none&crop=none,../Scripts/output/guardian/guardian_images/guardian_2016-03-27_guardian_c03ee40c1a_img02.jpg,Project leader Jérôme Chappellaz examines a sample. Photograph: Lucia Simion,,1,graph,2,photo|photograph,0,likely_visualization
guardian_c03ee40c1a,The Guardian,2016,"""1.5C""",Scientists fly glacial ice to south pole to unlock secrets of global warming,https://www.theguardian.com/environment/2016/mar/27/saving-glaciers-ice-cores-shipped-mont-blanc-antarctica-climate-change,2016-03-27,2021-08-25,3,https://i.guim.co.uk/img/media/9a0d4ddd6937679f182333f12b37c935f1156afc/0_166_5184_3111/master/5184.jpg?width=445&dpr=1&s=none&crop=none,../Scripts/output/guardian/guardian_images/guardian_2016-03-27_guardian_c03ee40c1a_img03.jpg,"Freshly harvested ice from the Mont Blanc site. Photograph: Bruno Jourdain, LGGE / OSUG / UGA",,1,graph,2,photo|photograph,0,likely_visualization
guardian_384bb2a629,The Guardian,2016,IPCC,Jean Charles de Menezes ruling due in European court of human rights,https://www.theguardian.com/uk-news/2016/mar/30/jean-charles-de-menezes-ruling-due-in-european-court-of-human-rights,2016-03-30,2017-11-29,1,https://i.guim.co.uk/img/media/43f5d01ab562c2267a8428b2107a11c912d65b76/0_0_2832_1699/master/2832.jpg?width=465&dpr=1&s=none&crop=none,../Scripts/output/guardian/guardian_images/guardian_2016-03-30_guardian_384bb2a629_img01.jpg,"Patricia Armani Da Silva, right, arrives at the inquest on 24 September 2008 into the death of Jean Charles de Menezes. Photograph: Alastair Grant/AP",,1,graph,2,photo|photograph,0,likely_visualization
guardian_5841ac654c,The Guardian,2016,IPCC,Jean Charles de Menezes: family lose fight for police officers to be prosecuted,https://www.theguardian.com/uk-news/2016/mar/30/jean-charles-de-menezes-police-officers-shouldshould-not-be-prosecuted-echr,2016-03-30,2017-11-29,1,https://i.guim.co.uk/img/media/a0616fcf7b4d9988afde81b6009ef937e49ee6a2/0_36_4368_2621/master/4368.jpg?width=465&dpr=1&s=none&crop=none,../Scripts/output/guardian/guardian_images/guardian_2016-03-30_guardian_5841ac654c_img01.jpg,"A memorial to Jean Charles de Menezes in Stockwell, south London. Photograph: Stephen Kelly/PA",,1,graph,2,photo|photograph,0,likely_visualization
guardian_3950bd6887,The Guardian,2016,"""sea level rise""",Does climate change make it immoral to have kids?,https://www.theguardian.com/commentisfree/2016/apr/02/does-climate-change-make-it-immoral-to-have-kids,2016-04-02,2021-08-25,1,https://i.guim.co.uk/img/media/be7e29895b782bdd1e3fe575a4a503faf3cb9fd9/0_140_4572_2742/master/4572.jpg?width=465&dpr=1&s=none&crop=none,../Scripts/output/guardian/guardian_images/guardian_2016-04-02_guardian_3950bd6887_img01.jpg,Having a child is like discovering there’s a whole other part of your brain that you never knew was there before. Photograph: Lionel Wotton / Alamy/Alamy,,1,graph,2,photo|photograph,0,likely_visualization
guardian_5f86ee79ea,The Guardian,2016,IPCC,Line of Duty: why I think accuracy in police drama is so important,https://www.theguardian.com/tv-and-radio/2016/apr/02/line-of-duty-bbc-police-kate-london,2016-04-02,2017-12-19,2,https://i.guim.co.uk/img/media/3776e66f1496de98b038379f370c6e9b6ff9e884/0_125_4245_2547/master/4245.jpg?width=445&dpr=1&s=none&crop=none,../Scripts/output/guardian/guardian_images/guardian_2016-04-02_guardian_5f86ee79ea_img02.jpg,"Detective Sergeant Steve Arnott, played by Martin Compston. Photograph: Steffan Hill/BBC/World Productions/Steffan Hill",,1,graph,2,photo|photograph,0,likely_visualization
guardian_d524ce62e7,The Guardian,2016,"""net zero""",Massive carbon capture investment 'needed to slow global warming',https://www.theguardian.com/environment/2016/apr/04/massive-carbon-capture-investment-needed-to-slow-global-warming,2016-04-04,2021-08-25,1,https://i.guim.co.uk/img/media/3b3d047b6e76683a8210b51fb5922ad72e3ff7af/0_353_4934_2959/master/4934.jpg?width=465&dpr=1&s=none&crop=none,../Scripts/output/guardian/guardian_images/guardian_2016-04-04_guardian_d524ce62e7_img01.jpg,"Carbon disposal consists chiefly of the burial of carbon dioxide in underground caverns, known as carbon capture and storage (CCS). Photograph: Sipa Press / Rex Features",,1,graph,2,photo|photograph,0,likely_visualization
guardian_7d1df460c3,The Guardian,2016,"""sea level rise""","CSIRO cuts were about taking focus off 'public-good research', emails show",https://www.theguardian.com/australia-news/2016/apr/06/csiro-climate-cuts-about-cutting-public-good-research-documents-show,2016-04-06,2021-08-25,1,https://i.guim.co.uk/img/media/f0145d6bfde930fdfd3e604675f2f8a5ddacbb6b/0_0_3814_2287/master/3814.jpg?width=465&dpr=1&s=none&crop=none,../Scripts/output/guardian/guardian_images/guardian_2016-04-06_guardian_7d1df460c3_img01.jpg,CSIRO chief executive Dr Larry Marshall. Executives told a Senate committee the organisation was not moving away from ‘public-good science’. Photograph: Mick Tsikas/AAP,,1,graph,2,photo|photograph,0,likely_visualization
guardian_cf4dffca0b,The Guardian,2016,IPCC,"Police response to domestic abuse needs much more work, charities say",https://www.theguardian.com/society/2016/apr/08/police-response-domestic-abuse-charities-ipcc,2016-04-08,2017-11-28,1,https://i.guim.co.uk/img/media/ef2f77ac35002d1a173f778fe832353387b75aa8/0_159_4284_2570/master/4284.jpg?width=465&dpr=1&s=none&crop=none,../Scripts/output/guardian/guardian_images/guardian_2016-04-08_guardian_cf4dffca0b_img01.jpg,"Victim of domestic abuse Sabrina, who appeared on the BBC TV programme Behind Closed Doors, with a photo of herself after being beaten by her partner. Photograph: Tom Read/Erica Gornalll/BBC/True Vision Aire",,1,graph,2,photo|photograph,0,likely_visualization
guardian_0650c2ddaf,The Guardian,2016,"""global temperature""",Great Barrier Reef: new chapter opens in the fight to save natural wonder from mining,https://www.theguardian.com/environment/2016/apr/10/great-barrier-reef-new-chapter-opens-in-the-fight-to-save-natural-wonder-from-mining,2016-04-10,2021-10-29,1,https://i.guim.co.uk/img/media/bb03c3f606ed4db8ab00b448a8b65708567ceeb8/0_0_2000_1201/master/2000.jpg?width=465&dpr=1&s=none&crop=none,../Scripts/output/guardian/guardian_images/guardian_2016-04-10_guardian_0650c2ddaf_img01.jpg,Turtles are part of the bustling ecosystem around Heron Island on the Great Barrier Reef. Photograph: Xanthe Rivett,,1,graph,2,photo|photograph,0,likely_visualization
guardian_0650c2ddaf,The Guardian,2016,"""global temperature""",Great Barrier Reef: new chapter opens in the fight to save natural wonder from mining,https://www.theguardian.com/environment/2016/apr/10/great-barrier-reef-new-chapter-opens-in-the-fight-to-save-natural-wonder-from-mining,2016-04-10,2021-10-29,2,https://i.guim.co.uk/img/media/bfd3204b283a48ccb8b6ebc492dcc46e6b03e3f5/0_63_2000_1201/master/2000.jpg?width=445&dpr=1&s=none&crop=none,../Scripts/output/guardian/guardian_images/guardian_2016-04-10_guardian_0650c2ddaf_img02.jpg,Marine life from the Australian Conservation Foundation’s trip to Heron Island on the Great Barrier Reef. Photograph: Xanthe Rivett,,1,graph,2,photo|photograph,0,likely_visualization
guardian_0650c2ddaf,The Guardian,2016,"""global temperature""",Great Barrier Reef: new chapter opens in the fight to save natural wonder from mining,https://www.theguardian.com/environment/2016/apr/10/great-barrier-reef-new-chapter-opens-in-the-fight-to-save-natural-wonder-from-mining,2016-04-10,2021-10-29,3,https://i.guim.co.uk/img/media/18ac4f530e7aecc8f0685cc44b3c334d74d4a2d2/0_77_2000_1201/master/2000.jpg?width=445&dpr=1&s=none&crop=none,../Scripts/output/guardian/guardian_images/guardian_2016-04-10_guardian_0650c2ddaf_img03.jpg,"Selina Ward, a marine biologist from the University of Queensland, and Kelly O’Shanassy, chief executive of the Australian Conservation Foundation. Photograph: Xanthe Rivett",,1,graph,2,photo|photograph,0,likely_visualization
guardian_0650c2ddaf,The Guardian,2016,"""global temperature""",Great Barrier Reef: new chapter opens in the fight to save natural wonder from mining,https://www.theguardian.com/environment/2016/apr/10/great-barrier-reef-new-chapter-opens-in-the-fight-to-save-natural-wonder-from-mining,2016-04-10,2021-10-29,4,https://i.guim.co.uk/img/media/35ef7ef357ff0504f1554c8c84273902ea3176a6/0_132_2000_1201/master/2000.jpg?width=445&dpr=1&s=none&crop=none,../Scripts/output/guardian/guardian_images/guardian_2016-04-10_guardian_0650c2ddaf_img04.jpg,One of the white-capped noddies that often sit around in small groups on Heron Island. Photograph: Xanthe Rivett,,1,graph,2,photo|photograph,0,likely_visualization
guardian_0650c2ddaf,The Guardian,2016,"""global temperature""",Great Barrier Reef: new chapter opens in the fight to save natural wonder from mining,https://www.theguardian.com/environment/2016/apr/10/great-barrier-reef-new-chapter-opens-in-the-fight-to-save-natural-wonder-from-mining,2016-04-10,2021-10-29,5,https://i.guim.co.uk/img/media/c0a7f628d9fd4833a428bfa3bf96d16806ce05bf/0_132_2000_1201/master/2000.jpg?width=445&dpr=1&s=none&crop=none,../Scripts/output/guardian/guardian_images/guardian_2016-04-10_guardian_0650c2ddaf_img05.jpg,There are kilometres of gorgeous coral at Heron Island on the Great Barrier Reef. Photograph: Xanthe Rivett,,1,graph,2,photo|photograph,0,likely_visualization
guardian_0650c2ddaf,The Guardian,2016,"""global temperature""",Great Barrier Reef: new chapter opens in the fight to save natural wonder from mining,https://www.theguardian.com/environment/2016/apr/10/great-barrier-reef-new-chapter-opens-in-the-fight-to-save-natural-wonder-from-mining,2016-04-10,2021-10-29,6,https://i.guim.co.uk/img/media/159a8cc9f9f3bf43923acfcd34ca8721da4fcd01/377_0_5071_3045/master/5071.jpg?width=445&dpr=1&s=none&crop=none,../Scripts/output/guardian/guardian_images/guardian_2016-04-10_guardian_0650c2ddaf_img06.jpg,"Heron Island, a small sandy coral cay near the southern end of the Great Barrier Reef. Photograph: Graeme Robertson/The Guardian",,1,graph,2,photo|photograph,0,likely_visualization
guardian_0650c2ddaf,The Guardian,2016,"""global temperature""",Great Barrier Reef: new chapter opens in the fight to save natural wonder from mining,https://www.theguardian.com/environment/2016/apr/10/great-barrier-reef-new-chapter-opens-in-the-fight-to-save-natural-wonder-from-mining,2016-04-10,2021-10-29,7,https://i.guim.co.uk/img/media/26a3f094a5075f54b59efe40e6274a4994cdddba/0_315_1333_1679/master/1333.jpg?width=445&dpr=1&s=none&crop=none,../Scripts/output/guardian/guardian_images/guardian_2016-04-10_guardian_0650c2ddaf_img07.jpg,Coral reefs on Heron Island support mind-boggling biodiversity. Photograph: Xanthe Rivett,,1,graph,2,photo|photograph,0,likely_visualization
guardian_caefdef70e,The Guardian,2016,"""global temperature""",BP to face flak over green targets and pay at AGM,https://www.theguardian.com/business/2016/apr/10/bp-environment-targets-pay-agm-shareaction,2016-04-10,2018-02-14,1,https://i.guim.co.uk/img/media/f13e77fcf8d7947525bef1b45014792d979a2e40/0_127_4962_2977/master/4962.jpg?width=465&dpr=1&s=none&crop=none,../Scripts/output/guardian/guardian_images/guardian_2016-04-10_guardian_caefdef70e_img01.jpg,ShareAction said BP’s chief executive Bob Dudley was paid almost $20m last year based on incentives that continue to encourage fossil fuel exploration. Photograph: Savostyanov Sergei/Corbis,,1,graph,2,photo|photograph,0,likely_visualization
guardian_0e94c675c2,The Guardian,2016,IPCC,Why it's time to dispel the myths about nuclear power,https://www.theguardian.com/science/blog/2016/apr/11/time-dispel-myths-about-nuclear-power-chernobyl-fukushima,2016-04-11,2018-02-14,2,https://i.guim.co.uk/img/media/0c95e41f0039646981c5ebcfeb3bc39eab3ad4b4/0_297_3488_2093/master/3488.jpg?width=445&dpr=1&s=none&crop=none,../Scripts/output/guardian/guardian_images/guardian_2016-04-11_guardian_0e94c675c2_img02.jpg,The Chernobyl exclusion zone has become a tourist attraction. Photograph: Lynn Hilton/Rex/Shutterstock,,1,graph,2,photo|photograph,0,likely_visualization
guardian_5a78392d52,The Guardian,2016,"""carbon budget""",BP is playing fast and loose with our future,https://www.theguardian.com/environment/2016/apr/12/bill-mckibben-bp-investors-playing-fast-and-loose-with-our-future,2016-04-12,2021-08-25,1,https://i.guim.co.uk/img/media/765488a6168b758f04361488f1d3b87604cdde55/180_0_5400_3240/master/5400.jpg?width=465&dpr=1&s=none&crop=none,../Scripts/output/guardian/guardian_images/guardian_2016-04-12_guardian_5a78392d52_img01.jpg,A protest outside the 2015 BP AGM. BP is continuing to search for more oil even though scientists are clear that we can’t burn most of the reserves we already know about. Photograph: Irene Baque/The Guardian,,1,graph,2,photo|photograph,0,likely_visualization
guardian_86ebb646ef,The Guardian,2016,"""1.5C""","'We have lost the science of building cities' – meet Joan Clos, the unofficial world leader for cities",https://www.theguardian.com/cities/2016/apr/18/lost-science-building-cities-joan-clos-un-habitat,2016-04-18,2020-02-03,5,https://i.guim.co.uk/img/media/22b053e684a0f8365d9675edc804f38f32fb9d1c/0_112_3770_2262/master/3770.jpg?width=445&dpr=1&s=none&crop=none,../Scripts/output/guardian/guardian_images/guardian_2016-04-18_guardian_86ebb646ef_img05.jpg,"The cost of London: anti-gentrification protesters in Brixton, April 2015. Photograph: James Evans/Demotix/Corbis",,1,graph,2,photo|photograph,0,likely_visualization
guardian_240a7b7f7b,The Guardian,2016,"""global temperature""",Study reveals greater climate impacts of 2C temperature rise,https://www.theguardian.com/environment/2016/apr/21/study-reveals-greater-climate-impacts-of-2c-temperature-rise-heatwaves,2016-04-21,2022-10-19,1,https://i.guim.co.uk/img/media/c15a59291af66379ba6d1205de9161f7bb863470/0_0_4801_2881/master/4801.jpg?width=465&dpr=1&s=none&crop=none,../Scripts/output/guardian/guardian_images/guardian_2016-04-21_guardian_240a7b7f7b_img01.jpg,"Local villagers on the dried river bed in Satkhira, Bangladesh, one of the most vulnerable continental countries to climate change. Photograph: Zakir Hossain Chowdhury / Barcro",,1,graph,2,photo|photograph,0,likely_visualization
guardian_12a2625ea1,The Guardian,2016,"""1.5C""",Paris climate deal set to be signed by record number of states,https://www.theguardian.com/environment/2016/apr/22/paris-climate-deal-set-signed-record-number-states-un,2016-04-22,2021-08-25,1,https://i.guim.co.uk/img/media/598e1e73a5e4dcc19a007fdbcc9e43782f268536/0_139_5654_3392/master/5654.jpg?width=465&dpr=1&s=none&crop=none,../Scripts/output/guardian/guardian_images/guardian_2016-04-22_guardian_12a2625ea1_img01.jpg,"Josaia Voreqe Bainimarama (centre), prime minister of the Republic of Fiji at UN headquarters in New York. Photograph: Evan Schneider/UN Photo",,1,graph,2,photo|photograph,0,likely_visualization
guardian_3b9fc7c61a,The Guardian,2016,"""sea level rise""","Facebook, Google campuses at risk of being flooded due to sea level rise",https://www.theguardian.com/technology/2016/apr/22/silicon-valley-sea-level-rise-google-facebook-flood-risk,2016-04-22,2021-08-25,1,https://i.guim.co.uk/img/media/44a761b2d86683caee9521d68cddd21fa4f77b17/0_122_3088_1853/master/3088.jpg?width=445&dpr=1&s=none&crop=none,../Scripts/output/guardian/guardian_images/guardian_2016-04-22_guardian_3b9fc7c61a_img01.jpg,"The situation is a little better for Google, located in Mountain View and also unwilling to discuss sea level rise. Photograph: Sipa USA/REX",,1,graph,2,photo|photograph,0,likely_visualization
guardian_a68f2d80f4,The Guardian,2016,"""global temperature""",Leonardo DiCaprio and Fred Krupp: five ways to deliver on the Paris climate talks,https://www.theguardian.com/commentisfree/2016/apr/22/leonardo-dicaprio-climate-talks-paris-agreement,2016-04-22,2021-08-25,1,https://i.guim.co.uk/img/media/13537f53dba6babbc43892848c9425efe3f5788c/0_72_4770_2863/master/4770.jpg?width=465&dpr=1&s=none&crop=none,../Scripts/output/guardian/guardian_images/guardian_2016-04-22_guardian_a68f2d80f4_img01.jpg,"‘Summits at Copenhagen, Kyoto and Montreal were attempts to pull us back from the brink of disaster. But they came up short. Paris is a critical breakthrough.’ Photograph: Francois Mori/AP",,1,graph,2,photo|photograph,0,likely_visualization
guardian_fac995afce,The Guardian,2016,"""sea level rise""",Satellite Eye on Earth: March 2016 - in pictures,https://www.theguardian.com/environment/2016/apr/25/satellite-eye-on-earth-march-2016-in-pictures,2016-04-25,2018-02-14,3,https://i.guim.co.uk/img/media/c4315c3ebbe372cce344a20e86205d4610065d94/640_608_757_585/master/757.jpg?width=445&dpr=1&s=none&crop=none,../Scripts/output/guardian/guardian_images/guardian_2016-04-25_guardian_fac995afce_img03.jpg,Credits: VIIRS/Suomi NPP/NASA Photograph: VIIRS/Suomi NPP/NASA,,1,graph,2,photo|photograph,0,likely_visualization
guardian_fac995afce,The Guardian,2016,"""sea level rise""",Satellite Eye on Earth: March 2016 - in pictures,https://www.theguardian.com/environment/2016/apr/25/satellite-eye-on-earth-march-2016-in-pictures,2016-04-25,2018-02-14,4,https://i.guim.co.uk/img/media/48d98a589bacba2b3ea33e8466c742acab0f5627/49_0_2002_1201/master/2002.jpg?width=445&dpr=1&s=none&crop=none,../Scripts/output/guardian/guardian_images/guardian_2016-04-25_guardian_fac995afce_img04.jpg,Photograph: AIRS/Aqua/NASA,,1,graph,2,photo|photograph,0,likely_visualization
guardian_318545ce28,The Guardian,2016,IPCC,Hillsborough disaster: deadly mistakes and lies that lasted decades,https://www.theguardian.com/football/2016/apr/26/hillsborough-disaster-deadly-mistakes-and-lies-that-lasted-decades,2016-04-26,2019-03-24,2,https://i.guim.co.uk/img/media/15afcdd93ae2813e7a5392840d6aaf85feb07205/0_255_4956_2973/master/4956.jpg?width=445&dpr=1&s=none&crop=none,../Scripts/output/guardian/guardian_images/guardian_2016-04-26_guardian_318545ce28_img02.jpg,The confrontation between riot police and miners at Orgreave in 1984. Photograph: Photofusion/Rex,,1,graph,2,photo|photograph,0,likely_visualization
guardian_318545ce28,The Guardian,2016,IPCC,Hillsborough disaster: deadly mistakes and lies that lasted decades,https://www.theguardian.com/football/2016/apr/26/hillsborough-disaster-deadly-mistakes-and-lies-that-lasted-decades,2016-04-26,2019-03-24,3,https://i.guim.co.uk/img/media/847b1fbdc33451105272a98747f96a4c398839bd/349_71_1222_733/master/1222.jpg?width=445&dpr=1&s=none&crop=none,../Scripts/output/guardian/guardian_images/guardian_2016-04-26_guardian_318545ce28_img03.jpg,The crowd builds up with 20 minutes to go before the game. Photograph: The Guardian,,1,graph,2,photo|photograph,0,likely_visualization
guardian_318545ce28,The Guardian,2016,IPCC,Hillsborough disaster: deadly mistakes and lies that lasted decades,https://www.theguardian.com/football/2016/apr/26/hillsborough-disaster-deadly-mistakes-and-lies-that-lasted-decades,2016-04-26,2019-03-24,4,https://i.guim.co.uk/img/media/c7fcc76104f8d3e4bd6f90b942a9dca7515c94ff/0_590_3500_2100/master/3500.jpg?width=445&dpr=1&s=none&crop=none,../Scripts/output/guardian/guardian_images/guardian_2016-04-26_guardian_318545ce28_img04.jpg,An image of the gate that was opened to allow fans in. Photograph: Hillsborough Inquests/PA,,1,graph,2,photo|photograph,0,likely_visualization
guardian_318545ce28,The Guardian,2016,IPCC,Hillsborough disaster: deadly mistakes and lies that lasted decades,https://www.theguardian.com/football/2016/apr/26/hillsborough-disaster-deadly-mistakes-and-lies-that-lasted-decades,2016-04-26,2019-03-24,6,https://i.guim.co.uk/img/media/1e185bf8addf20e8ee28bdd3e873deb566cdbf31/657_53_781_977/master/781.jpg?width=445&dpr=1&s=none&crop=none,../Scripts/output/guardian/guardian_images/guardian_2016-04-26_guardian_318545ce28_img06.jpg,Roger Marshall in the crowd outside the stadium. Photograph: The Guardian,,1,graph,2,photo|photograph,0,likely_visualization
guardian_318545ce28,The Guardian,2016,IPCC,Hillsborough disaster: deadly mistakes and lies that lasted decades,https://www.theguardian.com/football/2016/apr/26/hillsborough-disaster-deadly-mistakes-and-lies-that-lasted-decades,2016-04-26,2019-03-24,7,https://i.guim.co.uk/img/media/6bda8c3041f46ab98524e41a4aa6653515aad77d/0_112_1466_880/master/1466.jpg?width=445&dpr=1&s=none&crop=none,../Scripts/output/guardian/guardian_images/guardian_2016-04-26_guardian_318545ce28_img07.jpg,The tunnel at the Leppings Lane end of Sheffield Wednesday’s Hillsborough ground. Photograph: PA,,1,graph,2,photo|photograph,0,likely_visualization
guardian_318545ce28,The Guardian,2016,IPCC,Hillsborough disaster: deadly mistakes and lies that lasted decades,https://www.theguardian.com/football/2016/apr/26/hillsborough-disaster-deadly-mistakes-and-lies-that-lasted-decades,2016-04-26,2019-03-24,11,https://i.guim.co.uk/img/media/faf8a34b63530987858f08c56da1cddef62ad3ef/0_262_2971_1782/master/2971.jpg?width=445&dpr=1&s=none&crop=none,../Scripts/output/guardian/guardian_images/guardian_2016-04-26_guardian_318545ce28_img11.jpg,An injured fan on the pitch. Photograph: PA,,1,graph,2,photo|photograph,0,likely_visualization
guardian_318545ce28,The Guardian,2016,IPCC,Hillsborough disaster: deadly mistakes and lies that lasted decades,https://www.theguardian.com/football/2016/apr/26/hillsborough-disaster-deadly-mistakes-and-lies-that-lasted-decades,2016-04-26,2019-03-24,12,https://i.guim.co.uk/img/media/d23a2ed2f6511c5d1f69fcfc3562881a366110dd/354_74_1212_727/master/1212.jpg?width=445&dpr=1&s=none&crop=none,../Scripts/output/guardian/guardian_images/guardian_2016-04-26_guardian_318545ce28_img12.jpg,"Margaret Thatcher visits the Hillsborough ground. Photograph: ITN, ITV News",,1,graph,2,photo|photograph,0,likely_visualization
guardian_318545ce28,The Guardian,2016,IPCC,Hillsborough disaster: deadly mistakes and lies that lasted decades,https://www.theguardian.com/football/2016/apr/26/hillsborough-disaster-deadly-mistakes-and-lies-that-lasted-decades,2016-04-26,2019-03-24,14,https://i.guim.co.uk/img/media/df50b9b1db967efb6348ad777af300776efda471/350_102_1220_732/master/1220.jpg?width=445&dpr=1&s=none&crop=none,../Scripts/output/guardian/guardian_images/guardian_2016-04-26_guardian_318545ce28_img14.jpg,"The scene at Hillsborough at 4.17pm, an hour after the disaster unfolded. Photograph: The Guardian",,1,graph,2,photo|photograph,0,likely_visualization
guardian_94d1238b55,The Guardian,2016,IPCC,Hillsborough inquest verdict - as it happened,https://www.theguardian.com/uk-news/live/2016/apr/26/hillsborough-disaster-inquest-jury-returns-verdict-live-updates,2016-04-26,2016-04-27,1,https://i.guim.co.uk/img/media/50ea3b69f830564aab176a35cc1158d284e86f31/0_2_3500_2100/master/3500.jpg?width=465&dpr=1&s=none&crop=none,../Scripts/output/guardian/guardian_images/guardian_2016-04-26_guardian_94d1238b55_img01.jpg,St George’s Hall in Liverpool after the inquest decision. Photograph: PA,,1,graph,2,photo|photograph,0,likely_visualization
guardian_94d1238b55,The Guardian,2016,IPCC,Hillsborough inquest verdict - as it happened,https://www.theguardian.com/uk-news/live/2016/apr/26/hillsborough-disaster-inquest-jury-returns-verdict-live-updates,2016-04-26,2016-04-27,2,https://i.guim.co.uk/img/media/72bfcd3b0ca24606ec834c121d2cca0a7f037ed9/0_109_4324_2595/master/4324.jpg?width=465&dpr=1&s=none&crop=none,../Scripts/output/guardian/guardian_images/guardian_2016-04-26_guardian_94d1238b55_img02.jpg,"From left: Patrick Roche, Michael Mansfield, Jenni Hicks, Marcia Willis Stewart, Margaret Aspinall, Trevor Hicks and Sue Roberts. Photograph: Owen Humphreys/PA",,1,graph,2,photo|photograph,0,likely_visualization
guardian_94d1238b55,The Guardian,2016,IPCC,Hillsborough inquest verdict - as it happened,https://www.theguardian.com/uk-news/live/2016/apr/26/hillsborough-disaster-inquest-jury-returns-verdict-live-updates,2016-04-26,2016-04-27,3,https://i.guim.co.uk/img/media/b88b43b3d6edf8f584a1e1f8bb13891b7c31f32d/0_100_5184_3110/master/5184.jpg?width=465&dpr=1&s=none&crop=none,../Scripts/output/guardian/guardian_images/guardian_2016-04-26_guardian_94d1238b55_img03.jpg,Labour MP Andy Burnham joins relatives at the press conference in Warrington. Photograph: Owen Humphreys/PA,,1,graph,2,photo|photograph,0,likely_visualization
guardian_c8e54f5553,The Guardian,2016,IPCC,Abandon hype in climate models,https://www.theguardian.com/science/political-science/2016/apr/26/abandon-hype-in-climate-models,2016-04-26,2021-08-25,1,https://i.guim.co.uk/img/media/526474b99e24ca1e32a6db3f809ca0f03dd6128d/0_5_4267_2562/master/4267.jpg?width=465&dpr=1&s=none&crop=none,../Scripts/output/guardian/guardian_images/guardian_2016-04-26_guardian_c8e54f5553_img01.jpg,"Jochen Flasbarth, State Secretary of the German Enviroment Ministry, Rejendra K. Pachauri, Chairman of the IPCC, and Jochen Schuette, State Secretary of the German Sience Ministry, from left, share a light moment prior to a meeting of the Intergovernmental Panel on Climate Change, IPCC, in Berlin, Germany, Monday, April 7, 2014. Photograph: Michael Sohn/AP",,1,graph,2,photo|photograph,0,likely_visualization
guardian_e0e3944e64,The Guardian,2016,"""sea level rise""",San Diego Republican mayor pushes plan to run on 100% renewable energy,https://www.theguardian.com/us-news/2016/apr/26/san-diego-mayor-renewable-energy-plan-kevin-faulconer,2016-04-26,2021-08-25,1,https://i.guim.co.uk/img/media/6b5f8281713814d2aaaf7fa34f2ab35d00127de5/0_177_4752_2851/master/4752.jpg?width=465&dpr=1&s=none&crop=none,../Scripts/output/guardian/guardian_images/guardian_2016-04-26_guardian_e0e3944e64_img01.jpg,San Diego is among a large group of cities impatient with federal government bickering over climate change. Photograph: Gregory Bull/AP,,1,graph,2,photo|photograph,0,likely_visualization
guardian_11bd5cf0aa,The Guardian,2016,IPCC,Hillsborough: public interest in prosecuting police 'overwhelming',https://www.theguardian.com/football/2016/apr/27/hillsborough-public-interest-prosecuting-police-overwhelming-lord-macdonald,2016-04-27,2017-09-20,1,https://i.guim.co.uk/img/media/91da0319a464565aa35406caed97e70fb240aa5e/0_106_3767_2261/master/3767.jpg?width=445&dpr=1&s=none&crop=none,../Scripts/output/guardian/guardian_images/guardian_2016-04-27_guardian_11bd5cf0aa_img01.jpg,Lord Macdonald said it could take a year for prosecutors to make a a decision. Photograph: Tim Ireland/PA,,1,graph,2,photo|photograph,0,likely_visualization
guardian_23db0c4c6c,The Guardian,2016,"""net zero""",Why Coalition climate scare campaign is not credible and makes no sense,https://www.theguardian.com/australia-news/2016/apr/27/why-coalition-climate-scare-campaign-is-not-credible-and-makes-no-sense,2016-04-27,2021-08-25,1,https://i.guim.co.uk/img/media/0dfa6a9dc40b923cfb56ae8480b1e48a4f8e722d/0_138_3000_1800/master/3000.jpg?width=465&dpr=1&s=none&crop=none,../Scripts/output/guardian/guardian_images/guardian_2016-04-27_guardian_23db0c4c6c_img01.jpg,Malcolm Turnbull at a building site near Brisbane on Wednesday. The prime minister has gone on the attack since Labor released its climate policy. Photograph: Glenn Hunt/AAP,,1,graph,2,photo|photograph,0,likely_visualization
guardian_df0920b430,The Guardian,2016,"""carbon budget""",MPs urge parliament to approve 2030 carbon target,https://www.theguardian.com/environment/2016/apr/27/mps-urge-parliament-to-approve-2030-carbon-target,2016-04-27,2021-08-25,1,https://i.guim.co.uk/img/media/3289a46c8ccafd3eb6358028179425aa1dcd8654/0_3_5486_3293/master/5486.jpg?width=465&dpr=1&s=none&crop=none,../Scripts/output/guardian/guardian_images/guardian_2016-04-27_guardian_df0920b430_img01.jpg,Youth representative Gertrude Clement of Tanzania speaks at the opening of the signing ceremony for the Paris agreement on climate change. Photograph: Mark Garten/UN Photo,,1,graph,2,photo|photograph,0,likely_visualization
guardian_9c1802df7d,The Guardian,2016,"""global temperature""",Obama declares disaster as Marshall Islands suffers worst-ever drought,https://www.theguardian.com/world/2016/apr/28/obama-marshall-islands-drought,2016-04-28,2021-08-25,1,https://i.guim.co.uk/img/media/a7aebc76dd61105b9a265c9df495814e0e08a001/0_0_5315_3189/master/5315.jpg?width=465&dpr=1&s=none&crop=none,../Scripts/output/guardian/guardian_images/guardian_2016-04-28_guardian_9c1802df7d_img01.jpg,The Marshall Islands were one of the most vocal nations calling for a 1.5C limit to the global temperature increase at the Paris climate talks last year. Photograph: Alamy,,1,graph,2,photo|photograph,0,likely_visualization
guardian_3a1618b2ef,The Guardian,2016,"""sea level rise""",Blocking highs and jet stream kinks,https://www.theguardian.com/environment/2016/may/02/blocking-highs-and-jet-stream-kinks,2016-05-02,2021-08-25,1,https://i.guim.co.uk/img/media/db41a2e543c47193c842f4a9fd93bffdec952cd9/0_187_5616_3370/master/5616.jpg?width=465&dpr=1&s=none&crop=none,../Scripts/output/guardian/guardian_images/guardian_2016-05-02_guardian_3a1618b2ef_img01.jpg,Dirty ice surrounds a meltwater stream near the margin of the Greenland ice sheet. Photograph: Henrik Egede Lassen/Alpha Film,,1,graph,2,photo|photograph,0,likely_visualization
guardian_7bf276fa2a,The Guardian,2016,IPCC,Police officers sacked over Bijan Ebrahimi murder case,https://www.theguardian.com/uk-news/2016/may/03/police-officers-sacked-over-bijan-ebrahimi-case,2016-05-03,2017-11-28,1,https://i.guim.co.uk/img/media/9287c628888b9723b7007ce2d43dd18bb24fcf4a/0_0_2506_1504/master/2506.jpg?width=465&dpr=1&s=none&crop=none,../Scripts/output/guardian/guardian_images/guardian_2016-05-03_guardian_7bf276fa2a_img01.jpg,Bijan Ebrahimi was murdered after being wrongly branded a paedophile by Lee James. Photograph: PA,,1,graph,2,photo|photograph,0,likely_visualization
guardian_ba58691d7c,The Guardian,2016,"""1.5C""",Climate protesters invade UK's largest opencast coalmine,https://www.theguardian.com/environment/2016/may/03/climate-protesters-invade-uks-largest-opencast-coal-mine,2016-05-03,2021-08-25,1,https://i.guim.co.uk/img/media/0e4fe4178ca0d8b94435bd901a3bb925b41590ea/0_0_3840_2304/master/3840.jpg?width=465&dpr=1&s=none&crop=none,../Scripts/output/guardian/guardian_images/guardian_2016-05-03_guardian_ba58691d7c_img01.jpg,"Environmental activists in red boiler suits demonstrate at Ffos-y-fran mine, near Merthyr Tydfil in south Wales. Photograph: Kristian Buus",,1,graph,2,photo|photograph,0,likely_visualization
guardian_baa892b81c,The Guardian,2016,"""sea level rise""","Phasing out coal, oil and gas extraction in US would drastically cut emissions",https://www.theguardian.com/environment/2016/may/03/climate-change-greenhouse-gas-emissions-us-federal-land,2016-05-03,2021-08-25,1,https://i.guim.co.uk/img/media/56ad1e1bf0a1c0d92658b3a395f47486e7079e06/147_203_2170_1302/master/2170.jpg?width=465&dpr=1&s=none&crop=none,../Scripts/output/guardian/guardian_images/guardian_2016-05-03_guardian_baa892b81c_img01.jpg,A quarter of US fossil fuel extraction occurs on 650m acres of federal land. Photograph: Matthew Brown/AP,,1,graph,2,photo|photograph,0,likely_visualization
guardian_c29fe94114,The Guardian,2016,"""sea level rise""",The time has come to turn up the heat on those who are wrecking planet Earth,https://www.theguardian.com/environment/2016/may/03/the-time-has-come-to-turn-up-the-heat-on-those-who-are-wrecking-planet-earth,2016-05-03,2021-08-25,1,https://i.guim.co.uk/img/media/6996de57c6e623eba6f45807fb442b64e1778be1/0_256_3840_2304/master/3840.jpg?width=465&dpr=1&s=none&crop=none,../Scripts/output/guardian/guardian_images/guardian_2016-05-03_guardian_c29fe94114_img01.jpg,Global direct action began with hundreds of environmental activists invading the UK’s largest opencast coal mine in south Wales on Tuesday. Photograph: Kristian Buus/The Guardian,,1,graph,2,photo|photograph,0,likely_visualization
guardian_056c5442d0,The Guardian,2016,"""carbon budget""",Tory MPs tell Cameron to accept steep cuts needed for UK's fifth carbon budget,https://www.theguardian.com/environment/2016/may/05/tory-mps-tell-cameron-to-accept-steep-cuts-needed-for-uks-fifth-carbon-budget,2016-05-05,2021-08-25,1,https://i.guim.co.uk/img/media/596f55df78be22fd4b017794395032de8fa68093/0_120_1533_920/master/1533.jpg?width=465&dpr=1&s=none&crop=none,../Scripts/output/guardian/guardian_images/guardian_2016-05-05_guardian_056c5442d0_img01.jpg,"David Cameron could face significant opposition from his MPs over UK’s fifth carbon budget, under which emissions must fall by 57% below 1990 levels by 2032. Photograph: PA",,1,graph,2,photo|photograph,0,likely_visualization
guardian_729671ba2b,The Guardian,2016,"""carbon budget""","Green news roundup: Leopard decline, air pollution and coal protests",https://www.theguardian.com/environment/2016/may/06/green-news-roundup-leopard-decline-air-pollution-and-coal-protests,2016-05-06,2021-07-26,1,https://i.guim.co.uk/img/media/527b38eb6a3a093e8c27e44fa8ec0ac5c7bfb1a3/0_98_4272_2563/master/4272.jpg?width=465&dpr=1&s=none&crop=none,../Scripts/output/guardian/guardian_images/guardian_2016-05-06_guardian_729671ba2b_img01.jpg,New research shows leopards’ global range has shrunk by a shocking amount over the last 250 years. Photograph: Joseph Lemeris Jr/ZSL,,1,graph,2,photo|photograph,0,likely_visualization
guardian_da54a997e9,The Guardian,2016,IPCC,South Yorkshire interim police chief welcomes Orgreave inquiry,https://www.theguardian.com/uk-news/2016/may/06/south-yorkshire-interim-police-chief-welcomes-orgreave-inquiry,2016-05-06,2017-11-28,1,https://i.guim.co.uk/img/media/ccf5072755f910ead49e9465d4edf40521d9074d/0_149_2112_1267/master/2112.jpg?width=465&dpr=1&s=none&crop=none,../Scripts/output/guardian/guardian_images/guardian_2016-05-06_guardian_da54a997e9_img01.jpg,An arrested miner is taken to an ambulance for treatment during the 1984 miners’ strike in Orgreave. Photograph: Rex Features,,1,graph,2,photo|photograph,0,likely_visualization
guardian_875b3d479f,The Guardian,2016,IPCC,Saturday's best TV: The Hollow Crown; Attenborough's Passion Project; Miranda,https://www.theguardian.com/tv-and-radio/2016/may/07/saturdays-best-tv-the-hollow-crown-attenboroughs-passion-project-miranda,2016-05-07,2018-06-19,1,https://i.guim.co.uk/img/media/4748def2da626eb667f3e8cb12490e334dbbf97c/0_78_4284_2570/master/4284.jpg?width=465&dpr=1&s=none&crop=none,../Scripts/output/guardian/guardian_images/guardian_2016-05-07_guardian_875b3d479f_img01.jpg,Tom Sturridge in The Hollow Crown. Photograph: Robert Viglasky/BBC/Carnival Film & Television Ltd,,1,graph,2,photo|photograph,0,likely_visualization
guardian_875b3d479f,The Guardian,2016,IPCC,Saturday's best TV: The Hollow Crown; Attenborough's Passion Project; Miranda,https://www.theguardian.com/tv-and-radio/2016/may/07/saturdays-best-tv-the-hollow-crown-attenboroughs-passion-project-miranda,2016-05-07,2018-06-19,2,https://i.guim.co.uk/img/media/72cf62d826f0346bf9e883201d000d3c14b7549b/0_211_3467_2080/master/3467.jpg?width=445&dpr=1&s=none&crop=none,../Scripts/output/guardian/guardian_images/guardian_2016-05-07_guardian_875b3d479f_img02.jpg,"Logan Marshall Green, Noomi Rapace and Michael Fassbender in Prometheus Photograph: Allstar/TWENTIETH CENTURY FOX FI/Sportsphoto Ltd./Allstar",,1,graph,2,photo|photograph,0,likely_visualization
guardian_8c4157d1d9,The Guardian,2016,IPCC,The coming refugee crisis: when home leaves us,https://www.theguardian.com/global/commentisfree/2016/may/08/climate-change-refugees-louisiana-rising-seas-vicki-arroyo,2016-05-08,2021-08-26,1,https://i.guim.co.uk/img/media/fd5c72b98becd72acdac568ab22361aca740ccbf/0_165_3344_2006/master/3344.jpg?width=465&dpr=1&s=none&crop=none,../Scripts/output/guardian/guardian_images/guardian_2016-05-08_guardian_8c4157d1d9_img01.jpg,A car lies upside down at the edge of a marsh amid other storm debris from Hurricane Katrina. Photograph: Robert F. Bukaty/AP,,1,graph,2,photo|photograph,0,likely_visualization
guardian_f7a0fe711a,The Guardian,2016,IPCC,UK drone strikes 'could leave all those involved facing murder charges',https://www.theguardian.com/politics/2016/may/10/uk-drone-strikes-murder-charges-clarify-legal-basis-targeted-kill-policy-isis,2016-05-09,2021-08-31,1,https://i.guim.co.uk/img/media/1dd9e011f03c418998fe7caabca2ae2b1d366e0d/0_168_3000_1800/master/3000.jpg?width=465&dpr=1&s=none&crop=none,../Scripts/output/guardian/guardian_images/guardian_2016-05-09_guardian_f7a0fe711a_img01.jpg,An RAF drone. Confusion over the legal framework for strikes outside warzones exposes pilots through to ministers to ‘criminal prosecution’. Photograph: Cpl Steve Bain ABIPP/PA,,1,graph,2,photo|photograph,0,likely_visualization
guardian_f7a0fe711a,The Guardian,2016,IPCC,UK drone strikes 'could leave all those involved facing murder charges',https://www.theguardian.com/politics/2016/may/10/uk-drone-strikes-murder-charges-clarify-legal-basis-targeted-kill-policy-isis,2016-05-09,2021-08-31,3,https://i.guim.co.uk/img/media/b818e76ffd5a05287a148f70bef1b93e4faf32a4/0_0_2000_1200/master/2000.jpg?width=445&dpr=1&s=none&crop=none,../Scripts/output/guardian/guardian_images/guardian_2016-05-09_guardian_f7a0fe711a_img03.jpg,"Reyaad Khan, left, and Ruhul Amin, two British citizens fighting for Isis who were killed in an RAF drone attack in Syria. Photograph: YouTube/PA",,1,graph,2,photo|photograph,0,likely_visualization
guardian_aab22a4222,The Guardian,2016,"""sea level rise""",Headlines 'exaggerated' climate link to sinking of Pacific islands,https://www.theguardian.com/environment/2016/may/10/headlines-exaggerated-climate-link-to-sinking-of-pacific-islands,2016-05-10,2021-08-25,1,https://i.guim.co.uk/img/media/497e0188e4424192a966a15e5f93d2a69daa41ef/0_335_5019_3011/master/5019.jpg?width=465&dpr=1&s=none&crop=none,../Scripts/output/guardian/guardian_images/guardian_2016-05-10_guardian_aab22a4222_img01.jpg,The study blamed the loss of five Solomon Islands on a combination of sea-level rise and high wave energy. Photograph: Oliver Forstner / Alamy Stock Ph/Alamy Stock Photo,,1,graph,2,photo|photograph,0,likely_visualization
guardian_ddccc7f90c,The Guardian,2016,IPCC,Hillsborough verdict sparks call to rebalance police and criminal justice system,https://www.theguardian.com/football/2016/may/11/hillsborough-verdict-sparks-call-to-rebalance-police-and-criminal-justice-system,2016-05-10,2017-09-20,1,https://i.guim.co.uk/img/media/7981de28ffc939c569dbf5886d52e1d03fffd225/0_258_2484_1489/master/2484.jpg?width=465&dpr=1&s=none&crop=none,../Scripts/output/guardian/guardian_images/guardian_2016-05-10_guardian_ddccc7f90c_img01.jpg,"Andy Burnham with Margaret Aspinall, who is due to address MPs about the 27-year struggle of Hillsborough families to get justice. Photograph: Owen Humphreys/PA",,1,graph,2,photo|photograph,0,likely_visualization
guardian_0142880172,The Guardian,2016,"""global temperature""","Coal made its best case against climate change, and lost",https://www.theguardian.com/environment/climate-consensus-97-per-cent/2016/may/11/coal-made-its-best-case-against-climate-change-and-lost,2016-05-11,2021-08-25,2,https://i.guim.co.uk/img/media/ac8a312de8222a287947bc90ac69ff6fca17523a/0_0_800_418/master/800.jpg?width=445&dpr=1&s=none&crop=none,../Scripts/output/guardian/guardian_images/guardian_2016-05-11_guardian_0142880172_img02.jpg,"Summary of the fallacies commonly found in climate myths and misinformation, and the techniques used to distort climate science. Photograph: John Cook, SkepticalScience.com.",,1,graph,2,photo|photograph,0,likely_visualization
guardian_c259cbb5cb,The Guardian,2016,IPCC,"Imitation Uzi was in car in which man was shot dead by police, jury told",https://www.theguardian.com/uk-news/2016/may/11/imitation-uzi-was-in-car-in-which-man-was-shot-dead-by-police-jury-told,2016-05-11,2016-05-11,1,https://i.guim.co.uk/img/media/972797f07eaa920f76d8dd8f68e852b786af04f2/0_105_3200_1920/master/3200.jpg?width=465&dpr=1&s=none&crop=none,../Scripts/output/guardian/guardian_images/guardian_2016-05-11_guardian_c259cbb5cb_img01.jpg,"Jermaine Baker, 28, from Tottenham, north London, was shot dead by police during an alleged attempt to free convicts from a prison van outside Wood Green crown court. Photograph: Rex/Shutterstock",,1,graph,2,photo|photograph,0,likely_visualization
guardian_ed96954690,The Guardian,2016,"""sea level rise""",How scared or hopeful should we be in a warming world?,https://www.theguardian.com/environment/2016/may/12/how-scared-or-hopeful-should-we-be-in-a-warming-world,2016-05-12,2021-08-25,2,https://i.guim.co.uk/img/media/fc457400c5577ef06fde2050143f5b45f68de703/0_0_926_506/master/926.jpg?width=445&dpr=1&s=none&crop=none,../Scripts/output/guardian/guardian_images/guardian_2016-05-12_guardian_ed96954690_img02.jpg,Global average surface temperature change Photograph: The Conversation/AR surfacetempproj.,,1,graph,2,photo|photograph,0,likely_visualization
guardian_22ecf83104,The Guardian,2016,IPCC,"Accept blame, then learn from it: this should be a police credo",https://www.theguardian.com/commentisfree/2016/may/13/blame-police-culture-force,2016-05-13,2017-09-20,1,https://i.guim.co.uk/img/media/cfe6f4147b5f636a9c1a210af99b506c3c77b563/0_18_3568_2141/master/3568.jpg?width=465&dpr=1&s=none&crop=none,../Scripts/output/guardian/guardian_images/guardian_2016-05-13_guardian_22ecf83104_img01.jpg,"‘If you ask operational officers how we achieve a more open, transparent and honest police culture, they’re pretty cynical.’ Photograph: Rex Features",,1,graph,2,photo|photograph,0,likely_visualization
guardian_a35325dd3c,The Guardian,2016,"""1.5C""",Civil disobedience is the only way left to fight climate change,https://www.theguardian.com/commentisfree/2016/may/13/civil-disobedience-climate-change-protesters,2016-05-13,2021-08-25,1,https://i.guim.co.uk/img/media/c0259915d7634e2e5827f3451868d447c0f47dda/0_0_5577_3346/master/5577.jpg?width=465&dpr=1&s=none&crop=none,../Scripts/output/guardian/guardian_images/guardian_2016-05-13_guardian_a35325dd3c_img01.jpg,"Protesters close Ffos-y-Fran opencast coal mine in Merthyr Tydfill, south Wales, earlier this month. Photograph: Natasha Quarmby/REX/Shutterstock",,1,graph,2,photo|photograph,0,likely_visualization
guardian_eb2c432666,The Guardian,2016,IPCC,CPS reminds police that dead cannot be prosecuted over past child abuse,https://www.theguardian.com/uk-news/2016/may/13/cps-reminds-police-that-dead-cannot-be-prosecuted-over-past-child-abuse,2016-05-13,2017-11-28,1,https://i.guim.co.uk/img/media/26f5e65bf6281172dcb1c779632bc779045f2e2c/0_73_5688_3413/master/5688.jpg?width=465&dpr=1&s=none&crop=none,../Scripts/output/guardian/guardian_images/guardian_2016-05-13_guardian_eb2c432666_img01.jpg,"Alison Saunders, director of public prosecutions, reminded senior officers that only the living can be prosecuted. Photograph: David Levene/The Guardian",,1,graph,2,photo|photograph,0,likely_visualization
guardian_87da7ad37c,The Guardian,2016,IPCC,Former UN climate change chief to face trial for sexual harassment of an employee,https://www.theguardian.com/environment/2016/may/14/un-climate-chief-pachauri-faces-sexual-abuse-trial,2016-05-14,2017-12-02,2,https://i.guim.co.uk/img/media/f33ff95d78e4c7e3f43b900d1300abfb8a53d431/0_207_5450_3270/master/5450.jpg?width=445&dpr=1&s=none&crop=none,../Scripts/output/guardian/guardian_images/guardian_2016-05-14_guardian_87da7ad37c_img02.jpg,Rajendra Pachauri denies harassment and claims his email account was hacked. Photograph: Alamy,,1,graph,2,photo|photograph,0,likely_visualization
guardian_41b2aa0753,The Guardian,2016,IPCC,Orgreave inquiry calls grow after damning Hillsborough verdict for police,https://www.theguardian.com/politics/2016/may/16/orgreave-inquiry-calls-grow-after-damning-hillsborough-verdict-for-south-yorkshire-police,2016-05-16,2017-11-28,1,https://i.guim.co.uk/img/media/dd43687737b0894e7a9e66f824521f9f780c39d0/0_137_4034_2421/master/4034.jpg?width=465&dpr=1&s=none&crop=none,../Scripts/output/guardian/guardian_images/guardian_2016-05-16_guardian_41b2aa0753_img01.jpg,Police arrest a miner outside the Orgreave coking plant in 1984. Photograph: PA/PA Archive/Press Association Images,,1,graph,2,photo|photograph,0,likely_visualization
guardian_41b2aa0753,The Guardian,2016,IPCC,Orgreave inquiry calls grow after damning Hillsborough verdict for police,https://www.theguardian.com/politics/2016/may/16/orgreave-inquiry-calls-grow-after-damning-hillsborough-verdict-for-south-yorkshire-police,2016-05-16,2017-11-28,2,https://i.guim.co.uk/img/media/565238dc42bb4ad19783d972003dddf6f39b9a48/0_304_4552_2731/master/4552.jpg?width=445&dpr=1&s=none&crop=none,../Scripts/output/guardian/guardian_images/guardian_2016-05-16_guardian_41b2aa0753_img02.jpg,Miners and police clash in Orgreave. Photograph: Don McPhee/The Guardian,,1,graph,2,photo|photograph,0,likely_visualization
guardian_41b2aa0753,The Guardian,2016,IPCC,Orgreave inquiry calls grow after damning Hillsborough verdict for police,https://www.theguardian.com/politics/2016/may/16/orgreave-inquiry-calls-grow-after-damning-hillsborough-verdict-for-south-yorkshire-police,2016-05-16,2017-11-28,3,https://i.guim.co.uk/img/media/6d56ba24fe66f25c89ae3aa884b9790f69a2c565/0_71_2254_1352/master/2254.jpg?width=445&dpr=1&s=none&crop=none,../Scripts/output/guardian/guardian_images/guardian_2016-05-16_guardian_41b2aa0753_img03.jpg,"Crowds of Liverpool supporters try to escape the crush on the Leppings Lane terrace at Hillsborough, prior to the 1989 FA Cup semi-final between Liverpool and Nottingham Forest. Photograph: Frank Baron/The Guardian",,1,graph,2,photo|photograph,0,likely_visualization
guardian_41b2aa0753,The Guardian,2016,IPCC,Orgreave inquiry calls grow after damning Hillsborough verdict for police,https://www.theguardian.com/politics/2016/may/16/orgreave-inquiry-calls-grow-after-damning-hillsborough-verdict-for-south-yorkshire-police,2016-05-16,2017-11-28,4,https://i.guim.co.uk/img/media/73ed88de4c06fa75c6e48aa96f1a597b1200b746/54_0_3355_2013/master/3355.jpg?width=445&dpr=1&s=none&crop=none,../Scripts/output/guardian/guardian_images/guardian_2016-05-16_guardian_41b2aa0753_img04.jpg,Liverpool fans with a banner during the league match against Swansea. Photograph: David Davies/PA,,1,graph,2,photo|photograph,0,likely_visualization
guardian_cf29a6fc1d,The Guardian,2016,IPCC,Independent scrutiny of armed officers,https://www.theguardian.com/uk-news/2016/may/16/independent-scrutiny-of-armed-officers,2016-05-16,2017-11-28,1,https://i.guim.co.uk/img/media/d8aa9d4eee64e326479f7a015b1d04d18c5d5229/0_295_3500_2100/master/3500.jpg?width=465&dpr=1&s=none&crop=none,../Scripts/output/guardian/guardian_images/guardian_2016-05-16_guardian_cf29a6fc1d_img01.jpg,"A police firearms officer. ‘Our independent scrutiny should not cause any officer to be concerned about taking on a firearms role,’ writes Dame Anne Owers. Photograph: Nick Ansell/PA",,1,graph,2,photo|photograph,0,likely_visualization
guardian_8873ee8d7d,The Guardian,2016,IPCC,Reporter exonerated after long battle with Metropolitan police,https://www.theguardian.com/media/greenslade/2016/may/17/reporter-exonerated-after-long-battle-with-metropolitan-police,2016-05-17,2018-01-11,1,https://i.guim.co.uk/img/media/b96ec287327ed58b132d59e69cbd5c014f742ed6/0_484_1574_944/master/1574.jpg?width=465&dpr=1&s=none&crop=none,../Scripts/output/guardian/guardian_images/guardian_2016-05-17_guardian_8873ee8d7d_img01.jpg,"Gareth Davies, a reporter punished for doing his job. Photograph: Gareth Davies/PA",,1,graph,2,photo|photograph,0,likely_visualization
guardian_94ea805a4a,The Guardian,2016,IPCC,IPCC says fears armed officers will be treated as suspects are unfounded,https://www.theguardian.com/politics/2016/may/17/fears-armed-officers-suspects-unfounded-ipcc-police-paris-style-attack,2016-05-17,2018-01-11,1,https://i.guim.co.uk/img/media/3f62918d823ae22b8fd1d80ad0b028cf50360d1f/0_6_3500_2101/master/3500.jpg?width=465&dpr=1&s=none&crop=none,../Scripts/output/guardian/guardian_images/guardian_2016-05-17_guardian_94ea805a4a_img01.jpg,Armed police officers patrol outside London Stansted airport after security was stepped up after the terrorist bomb attacks in Brussels in March. Photograph: Chris Radburn/PA,,1,graph,2,photo|photograph,0,likely_visualization
guardian_94ea805a4a,The Guardian,2016,IPCC,IPCC says fears armed officers will be treated as suspects are unfounded,https://www.theguardian.com/politics/2016/may/17/fears-armed-officers-suspects-unfounded-ipcc-police-paris-style-attack,2016-05-17,2018-01-11,2,https://i.guim.co.uk/img/media/2cef6391d0fa85731392cbb7cbbcffdee7a45570/0_278_4256_2554/master/4256.jpg?width=445&dpr=1&s=none&crop=none,../Scripts/output/guardian/guardian_images/guardian_2016-05-17_guardian_94ea805a4a_img02.jpg,Anne Owers said the IPCC had only arrested a firearms officer once in 12 years of investigating fatal shootings. Photograph: Linda Nylind/The Guardian,,1,graph,2,photo|photograph,0,likely_visualization
guardian_13d40d7444,The Guardian,2016,IPCC,IPCC launches inquiry into collapse of gang-rape case,https://www.theguardian.com/politics/2016/may/18/ipcc-launches-inquiry-into-collapse-of-gang-case,2016-05-18,2018-01-11,1,https://i.guim.co.uk/img/media/3aa945160779bb9079b710263d1e292583f8ad6a/0_631_3840_2304/master/3840.jpg?width=465&dpr=1&s=none&crop=none,../Scripts/output/guardian/guardian_images/guardian_2016-05-18_guardian_13d40d7444_img01.jpg,The IPCC said it would ‘carefully examine the actions of the officers involved’. Photograph: Christopher Thomond/The Guardian,,1,graph,2,photo|photograph,0,likely_visualization
guardian_d9a1307cbe,The Guardian,2016,"""sea level rise""",Greenpeace activists scale British Museum to protest BP sponsorship,https://www.theguardian.com/environment/2016/may/19/greenpeace-activists-scale-british-museum-to-protest-bp-sponsorship,2016-05-19,2023-02-24,1,https://i.guim.co.uk/img/media/6e94cb8dd5010d777effd70c599735a7826f0032/0_0_1920_1152/master/1920.jpg?width=465&dpr=1&s=none&crop=none,../Scripts/output/guardian/guardian_images/guardian_2016-05-19_guardian_d9a1307cbe_img01.jpg,Greenpeace climbers unfurl eight huge banners down the front columns of the British Museum Photograph: Jiri Rezac/Greenpeace,,1,graph,2,photo|photograph,0,likely_visualization
guardian_1b8c977ece,The Guardian,2016,"""global temperature""","Record temperatures, bees and pizzly bears – green news roundup",https://www.theguardian.com/environment/2016/may/20/record-temperatures-bees-and-pizzly-bears-green-news-roundup,2016-05-20,2021-07-26,1,https://i.guim.co.uk/img/media/9f789151a2cb72450a36e25bd7c60b6dfb7ffc7a/0_134_960_576/master/960.jpg?width=465&dpr=1&s=none&crop=none,../Scripts/output/guardian/guardian_images/guardian_2016-05-20_guardian_1b8c977ece_img01.jpg,Pizzly or grolar bear: grizzly-polar hybrid is a new result of climate change. Photograph: Didji Ishalook/Facebook,,1,graph,2,photo|photograph,0,likely_visualization
guardian_d46d920aac,The Guardian,2016,"""net zero""",How circadian rhythms and Roman baths are transforming Australian cities,https://www.theguardian.com/sustainable-business/2016/may/20/environmental-design-we-design-the-stuff-you-feel-not-the-stuff-you-see,2016-05-20,2022-10-19,1,https://i.guim.co.uk/img/media/0e0b45e195c655a207019c6faca211f70817ab10/0_250_4800_2880/master/4800.jpg?width=465&dpr=1&s=none&crop=none,../Scripts/output/guardian/guardian_images/guardian_2016-05-20_guardian_d46d920aac_img01.jpg,The facade of South Australian Health & Medical Research Institute balances daylight levels within the interior while providing views across the city. Photograph: Peter Clarke/Woods Bagot,,1,graph,2,photo|photograph,0,likely_visualization
guardian_d46d920aac,The Guardian,2016,"""net zero""",How circadian rhythms and Roman baths are transforming Australian cities,https://www.theguardian.com/sustainable-business/2016/may/20/environmental-design-we-design-the-stuff-you-feel-not-the-stuff-you-see,2016-05-20,2022-10-19,2,https://i.guim.co.uk/img/media/80a1658ebabef54175de9fed700a5395f96e0286/0_12_1000_600/master/1000.jpg?width=445&dpr=1&s=none&crop=none,../Scripts/output/guardian/guardian_images/guardian_2016-05-20_guardian_d46d920aac_img02.jpg,Singapore Gardens by the Bay uses biomass from waste to cool the domes. Photograph: Atelier Ten / Wilkinson Eyre Architects,,1,graph,2,photo|photograph,0,likely_visualization
guardian_d46d920aac,The Guardian,2016,"""net zero""",How circadian rhythms and Roman baths are transforming Australian cities,https://www.theguardian.com/sustainable-business/2016/may/20/environmental-design-we-design-the-stuff-you-feel-not-the-stuff-you-see,2016-05-20,2022-10-19,3,https://i.guim.co.uk/img/media/e0cf4efc4414ff00fe02f1c7568a1486d8392dd1/466_0_5865_3522/master/5865.jpg?width=445&dpr=1&s=none&crop=none,../Scripts/output/guardian/guardian_images/guardian_2016-05-20_guardian_d46d920aac_img03.jpg,The world’s largest decoupled airside thermal storage system cools Melbourne’s Federation Square. Photograph: Atelier Ten / LAB Architecture,,1,graph,2,photo|photograph,0,likely_visualization
guardian_d46d920aac,The Guardian,2016,"""net zero""",How circadian rhythms and Roman baths are transforming Australian cities,https://www.theguardian.com/sustainable-business/2016/may/20/environmental-design-we-design-the-stuff-you-feel-not-the-stuff-you-see,2016-05-20,2022-10-19,4,https://i.guim.co.uk/img/media/963a02b6f87388e55ed0509a04f88d8e37607b43/0_0_4896_3264/master/4896.jpg?width=445&dpr=1&s=none&crop=none,../Scripts/output/guardian/guardian_images/guardian_2016-05-20_guardian_d46d920aac_img04.jpg,Research into circadian rhythms inspired the facade of South Australian Health and Medical Research Institute. Photograph: Alamy,,1,graph,2,photo|photograph,0,likely_visualization
guardian_d46d920aac,The Guardian,2016,"""net zero""",How circadian rhythms and Roman baths are transforming Australian cities,https://www.theguardian.com/sustainable-business/2016/may/20/environmental-design-we-design-the-stuff-you-feel-not-the-stuff-you-see,2016-05-20,2022-10-19,5,https://i.guim.co.uk/img/media/7bc9a35056259c8c06a9aa5ddc92b9de990e8626/0_120_3600_2160/master/3600.jpg?width=445&dpr=1&s=none&crop=none,../Scripts/output/guardian/guardian_images/guardian_2016-05-20_guardian_d46d920aac_img05.jpg,Barangaroo South in Sydney was recently awarded six stars in the Green Star sustainability rating system. Photograph: Lendlease,,1,graph,2,photo|photograph,0,likely_visualization
guardian_893b5ca54d,The Guardian,2016,"""sea level rise""",Climate denial arguments fail a blind test,https://www.theguardian.com/environment/climate-consensus-97-per-cent/2016/may/23/climate-denial-arguments-fail-a-blind-test,2016-05-23,2021-08-26,1,https://i.guim.co.uk/img/media/fabb6a02304038ecaeea300fdcc1adacfc982aa9/0_81_4608_2763/master/4608.jpg?width=465&dpr=1&s=none&crop=none,../Scripts/output/guardian/guardian_images/guardian_2016-05-23_guardian_893b5ca54d_img01.jpg,Visually impaired Alexei Orlov (R) guides a touch tour around the city of St. Petersburg. Photograph: Ruslan Shamukov/TASS,,1,graph,2,photo|photograph,0,likely_visualization
guardian_2c0e0804e3,The Guardian,2016,"""sea level rise""",Trump wins Washington primary as protests erupt by Albuquerque rally – as it happened,https://www.theguardian.com/us-news/live/2016/may/24/donald-trump-hillary-clinton-poll-campaign-live-sanders-election,2016-05-24,2018-02-09,1,https://i.guim.co.uk/img/media/b9b568fa3e42a0da80f0bb156726488dc3650cfb/0_170_5029_3018/master/5029.jpg?width=465&dpr=1&s=none&crop=none,../Scripts/output/guardian/guardian_images/guardian_2016-05-24_guardian_2c0e0804e3_img01.jpg,Riot police respond to anti-Trump protests Photograph: Brennan Linsley/AP,,1,graph,2,photo|photograph,0,likely_visualization
guardian_2c0e0804e3,The Guardian,2016,"""sea level rise""",Trump wins Washington primary as protests erupt by Albuquerque rally – as it happened,https://www.theguardian.com/us-news/live/2016/may/24/donald-trump-hillary-clinton-poll-campaign-live-sanders-election,2016-05-24,2018-02-09,2,https://i.guim.co.uk/img/media/7bd02543dc12067e787f757157b57a36bd654df4/0_408_4000_2400/master/4000.jpg?width=465&dpr=1&s=none&crop=none,../Scripts/output/guardian/guardian_images/guardian_2016-05-24_guardian_2c0e0804e3_img02.jpg,Riot police appear to pepper spray anti-Trump protesters outside the Albuquerque Convention Center Photograph: REX/Shutterstock,,1,graph,2,photo|photograph,0,likely_visualization
guardian_770f12bfc8,The Guardian,2016,"""global temperature""",NSW last in class on Climate Council report card for renewable energy use,https://www.theguardian.com/environment/2016/may/25/nsw-last-in-class-on-climate-council-report-card-for-renewable-energy-use,2016-05-24,2018-02-14,1,https://i.guim.co.uk/img/media/a8f245e88be81a7e8fa782a8ad497a2d0fcb813f/298_404_4494_2698/master/4494.jpg?width=465&dpr=1&s=none&crop=none,../Scripts/output/guardian/guardian_images/guardian_2016-05-24_guardian_770f12bfc8_img01.jpg,In New South Wales the percentage of electricity sourced from renewables dropped from 7% to 6% in 2013-14. Photograph: Dan Peled/AAP,,1,graph,2,photo|photograph,0,likely_visualization
guardian_acd74da737,The Guardian,2016,"""sea level rise""",Has Donald Trump dug himself into a bunker with his climate change views?,https://www.theguardian.com/commentisfree/2016/may/24/donald-trump-bunker-climate-change-views,2016-05-24,2021-08-25,1,https://i.guim.co.uk/img/media/6e9137ffa1009261b86aef20bb6017f83ec5500a/0_130_2400_1440/master/2400.jpg?width=465&dpr=1&s=none&crop=none,../Scripts/output/guardian/guardian_images/guardian_2016-05-24_guardian_acd74da737_img01.jpg,‘To suggest that Trump is willing to put his business interests ahead of his beliefs would be to imply he has beliefs in the first place.’ Donald Trump in a golf buggy on the Turnberry golf course in Scotland. Photograph: Scott Heppell/AP,,1,graph,2,photo|photograph,0,likely_visualization
guardian_acd74da737,The Guardian,2016,"""sea level rise""",Has Donald Trump dug himself into a bunker with his climate change views?,https://www.theguardian.com/commentisfree/2016/may/24/donald-trump-bunker-climate-change-views,2016-05-24,2021-08-25,2,https://i.guim.co.uk/img/media/b116b5269b2cc1c0d9faf0dbc60d09eb67c39909/0_44_4256_2554/master/4256.jpg?width=445&dpr=1&s=none&crop=none,../Scripts/output/guardian/guardian_images/guardian_2016-05-24_guardian_acd74da737_img02.jpg,‘I too have faced the withering accusation Webb’s daughter levelled at him.’ Photograph: Linda Nylind/The Guardian,,1,graph,2,photo|photograph,0,likely_visualization
guardian_8bf724bd44,The Guardian,2016,IPCC,MPs write to Theresa May to demand inquiry into Orgreave policing,https://www.theguardian.com/politics/2016/may/25/mps-write-to-theresa-may-to-demand-inquiry-into-battle-of-orgreave,2016-05-25,2017-09-20,1,https://i.guim.co.uk/img/media/b68862e81bc2dd9ed4310db3c478cb16955c0852/0_20_4543_2726/master/4543.jpg?width=465&dpr=1&s=none&crop=none,../Scripts/output/guardian/guardian_images/guardian_2016-05-25_guardian_8bf724bd44_img01.jpg,"MPs across the political spectrum signed the letter, including Sir Peter Bottomley, who was an employment minister at the time of the strike. Photograph: Don McPhee/The Guardian",,1,graph,2,photo|photograph,0,likely_visualization
guardian_9a02b51dc9,The Guardian,2016,IPCC,ExxonMobil tried to censor climate scientists to Congress during Bush era,https://www.theguardian.com/business/2016/may/25/exxonmobil-climate-change-scientists-congress-george-w-bush,2016-05-25,2021-08-25,1,https://i.guim.co.uk/img/media/156849c6365ef2c4a98a2de4714689862bf34a8c/0_0_3304_1982/master/3304.jpg?width=465&dpr=1&s=none&crop=none,../Scripts/output/guardian/guardian_images/guardian_2016-05-25_guardian_9a02b51dc9_img01.jpg,"ExxonMobil moved to squash the well-established series just nine days after the presidential inauguration of George W Bush, a former oil executive. Photograph: J. Scott Applewhite/AP",,1,graph,2,photo|photograph,0,likely_visualization
guardian_659a3f2762,The Guardian,2016,"""1.5C""",Australia scrubbed from UN climate change report after government intervention,https://www.theguardian.com/environment/2016/may/27/australia-scrubbed-from-un-climate-change-report-after-government-intervention,2016-05-26,2017-11-28,2,https://i.guim.co.uk/img/media/d0ad235c15374f29a5775223c62cc3fed5fe6b54/0_0_1600_1067/master/1600.jpg?width=445&dpr=1&s=none&crop=none,../Scripts/output/guardian/guardian_images/guardian_2016-05-26_guardian_659a3f2762_img02.jpg,Burnt alpine vegetation at the Lake Mackenzie fire in Tasmania. Photograph: Rob Blakers/The Guardian,,1,graph,2,photo|photograph,0,likely_visualization
guardian_b2e92e3448,The Guardian,2016,"""sea level rise""",Story of cities #future: what will our growing megacities really look like?,https://www.theguardian.com/cities/2016/may/26/story-cities-future-growing-megacities-waste-floating-smart,2016-05-26,2020-09-23,1,https://i.guim.co.uk/img/media/dca24e914bea879ee7d8f17cb727b993ecfef1f1/0_333_5184_3111/master/5184.jpg?width=465&dpr=1&s=none&crop=none,../Scripts/output/guardian/guardian_images/guardian_2016-05-26_guardian_b2e92e3448_img01.jpg,Terreform One’s vision of New York as a smart city. Photograph: Mitchell Joachim/Terreform One,,1,graph,2,photo|photograph,0,likely_visualization
guardian_b2e92e3448,The Guardian,2016,"""sea level rise""",Story of cities #future: what will our growing megacities really look like?,https://www.theguardian.com/cities/2016/may/26/story-cities-future-growing-megacities-waste-floating-smart,2016-05-26,2020-09-23,2,https://i.guim.co.uk/img/media/389436e3d6030d254bdb85f490a2faf9087dbc51/0_0_3036_1372/master/3036.jpg?width=445&dpr=1&s=none&crop=none,../Scripts/output/guardian/guardian_images/guardian_2016-05-26_guardian_b2e92e3448_img02.jpg,Blade Runner’s futuristic city scene. Photograph: Allstar/Cinetext/Warner Bros,,1,graph,2,photo|photograph,0,likely_visualization
guardian_b2e92e3448,The Guardian,2016,"""sea level rise""",Story of cities #future: what will our growing megacities really look like?,https://www.theguardian.com/cities/2016/may/26/story-cities-future-growing-megacities-waste-floating-smart,2016-05-26,2020-09-23,3,https://i.guim.co.uk/img/media/57ffeda92d03b6081fdc44d3934452db4d130cdc/0_0_2448_2448/master/2448.jpg?width=445&dpr=1&s=none&crop=none,../Scripts/output/guardian/guardian_images/guardian_2016-05-26_guardian_b2e92e3448_img03.jpg,Terreform One’s Ecotarium project in the North Pole is based on the premise of massive human migration to the north to escape severe flooding and increased temperatures. Photograph: Mitchell Joachim/Terreform One,,1,graph,2,photo|photograph,0,likely_visualization
guardian_b2e92e3448,The Guardian,2016,"""sea level rise""",Story of cities #future: what will our growing megacities really look like?,https://www.theguardian.com/cities/2016/may/26/story-cities-future-growing-megacities-waste-floating-smart,2016-05-26,2020-09-23,4,https://i.guim.co.uk/img/media/6d7e1f50dae485f751aac71f978d4d77e6c0601e/0_285_4272_2563/master/4272.jpg?width=445&dpr=1&s=none&crop=none,../Scripts/output/guardian/guardian_images/guardian_2016-05-26_guardian_b2e92e3448_img04.jpg,The City of Blubber imagines converting Hong Kong’s food waste into a productive bioplastic material. Photograph: Mcdowellespinosa,,1,graph,2,photo|photograph,0,likely_visualization
guardian_b2e92e3448,The Guardian,2016,"""sea level rise""",Story of cities #future: what will our growing megacities really look like?,https://www.theguardian.com/cities/2016/may/26/story-cities-future-growing-megacities-waste-floating-smart,2016-05-26,2020-09-23,5,https://i.guim.co.uk/img/media/d80cbe90af82f74519609ebb67fd6fe1ea4af3a5/0_0_5184_3110/master/5184.jpg?width=445&dpr=1&s=none&crop=none,../Scripts/output/guardian/guardian_images/guardian_2016-05-26_guardian_b2e92e3448_img05.jpg,"The Rapid Re(f)use project supposes an extended New York reconstituted from its own landfill material. Photograph: Mitchell Joachim, Terreform ONE",,1,graph,2,photo|photograph,0,likely_visualization
guardian_b2e92e3448,The Guardian,2016,"""sea level rise""",Story of cities #future: what will our growing megacities really look like?,https://www.theguardian.com/cities/2016/may/26/story-cities-future-growing-megacities-waste-floating-smart,2016-05-26,2020-09-23,6,https://i.guim.co.uk/img/media/fc57b3cab69fec8a0afd2da3cd719a248fecab34/0_0_2000_1850/master/2000.jpg?width=445&dpr=1&s=none&crop=none,../Scripts/output/guardian/guardian_images/guardian_2016-05-26_guardian_b2e92e3448_img06.jpg,Aqualta by Clouds Architecture Office illustrates New York adapting to rising waters. Photograph: Clouds AO,,1,graph,2,photo|photograph,0,likely_visualization
guardian_a241aefdf5,The Guardian,2016,"""sea level rise""",Revealed: report for Unesco on the Great Barrier Reef that Australia didn't want world to see,https://www.theguardian.com/environment/2016/may/27/revealed-the-report-on-the-great-barrier-reef-that-australia-didnt-want-the-world-to-see,2016-05-27,2021-08-25,2,https://i.guim.co.uk/img/media/976025223df7e52aa04a61d9883f9e8963ccffd5/0_138_2638_1583/master/2638.jpg?width=445&dpr=1&s=none&crop=none,../Scripts/output/guardian/guardian_images/guardian_2016-05-27_guardian_a241aefdf5_img02.jpg,"Coral bleaching seen at Loomis Reef, off Lizard Island, Great Barrier Reef, Australia. Photograph: Essential Media",,1,graph,2,photo|photograph,0,likely_visualization
guardian_c50cf86d17,The Guardian,2016,"""sea level rise""",ExxonMobil is in its climate change bunker and won’t let reality in,https://www.theguardian.com/commentisfree/2016/may/27/exxonmobil-climate-change-bunker,2016-05-27,2018-02-14,1,https://i.guim.co.uk/img/media/81c11d9559a6da3d0e0a10f654c829e25e963da7/0_0_3752_2109/master/3752.jpg?width=465&dpr=1&s=none&crop=none,../Scripts/output/guardian/guardian_images/guardian_2016-05-27_guardian_c50cf86d17_img01.jpg,"Protesters outside the Morton H Meyerson Symphony Center in Dallas, where the ExxonMobil AGM took place. Photograph: Jae S. Lee/AP",,1,graph,2,photo|photograph,0,likely_visualization
guardian_64bfca2377,The Guardian,2016,"""sea level rise""",Australia covered up UN climate change fears for Tasmania forests and Kakadu,https://www.theguardian.com/environment/2016/may/29/australia-covered-up-un-climate-change-fears-for-tasmania-forests-and-kakadu,2016-05-29,2021-08-25,1,https://i.guim.co.uk/img/media/b78b2197a9c6f629ce5f13228a49ca831ddb180b/0_0_2259_1355/master/2259.jpg?width=465&dpr=1&s=none&crop=none,../Scripts/output/guardian/guardian_images/guardian_2016-05-29_guardian_64bfca2377_img01.jpg,"An intermediate egret takes flight in Yellow Water billabong in the world heritage-listed Kakadu national park in Australia’s Northern Territory. A draft UN report on climate change warned that fresh-water wetlands such as those in Kakadu are at risk from sea level rise, as they are likely to be inundated with salt water. Photograph: Dean Lewins/AAP",,1,graph,2,photo|photograph,0,likely_visualization
guardian_ba84191ea5,The Guardian,2016,"""1.5C""",Josh Frydenberg targets Labor candidates opposed to new coalmines,https://www.theguardian.com/australia-news/2016/may/31/josh-frydenberg-targets-labor-candidates-opposed-to-new-coalmines,2016-05-31,2018-03-13,1,https://i.guim.co.uk/img/media/7d4e184ba0df64db0a9553e883e2fd6e4116aaf4/0_34_3709_2226/master/3709.jpg?width=465&dpr=1&s=none&crop=none,../Scripts/output/guardian/guardian_images/guardian_2016-05-31_guardian_ba84191ea5_img01.jpg,"The resources minister, Josh Frydenberg, says Labor is ‘trying to walk on both sides of the street’ on coalmining. Photograph: Joel Carrett/AAP",,1,graph,2,photo|photograph,0,likely_visualization
guardian_66e224883a,The Guardian,2016,"""sea level rise""",Queensland bankrolls council projects that mitigate effects of rising sea levels,https://www.theguardian.com/environment/2016/jun/02/queensland-bankrolls-council-projects-that-mitigate-against-rising-sea-levels,2016-06-02,2021-08-25,1,https://i.guim.co.uk/img/media/6a6abdda83c03ad77c4555a053b0d49017a0eeaf/0_67_3456_2074/master/3456.jpg?width=465&dpr=1&s=none&crop=none,../Scripts/output/guardian/guardian_images/guardian_2016-06-02_guardian_66e224883a_img01.jpg,The QLD state government says it will bankroll projects by coastal councils to mitigate against rising sea levels. Photograph: Dave Hunt/AAP,,1,graph,2,photo|photograph,0,likely_visualization
guardian_df7c0a83b0,The Guardian,2016,"""1.5C""",The Great Barrier Reef: a catastrophe laid bare,https://www.theguardian.com/environment/2016/jun/07/the-great-barrier-reef-a-catastrophe-laid-bare,2016-06-06,2021-08-25,1,https://i.guim.co.uk/img/media/93193be50d32b6f45b22f17a6dc77d0f3cf58b82/510_172_878_1097/master/878.jpg?width=445&dpr=1&s=none&crop=none,../Scripts/output/guardian/guardian_images/guardian_2016-06-06_guardian_df7c0a83b0_img01.jpg,"Richard Vevers, the founder and chief executive of the Ocean Agency, a not-for-profit that is documenting the longest coral bleaching event in history. Photograph: the Ocean Agency",,1,graph,2,photo|photograph,0,likely_visualization
guardian_32dc438d13,The Guardian,2016,"""1.5C""",The Guardian view on the Great Barrier Reef: the crisis they prefer to downplay,https://www.theguardian.com/commentisfree/2016/jun/07/the-guardian-view-on-the-great-barrier-reef-the-crisis-they-prefer-to-downplay,2016-06-07,2021-08-25,1,https://i.guim.co.uk/img/media/2a4f5715d55a469161b97295cc5fac1836869839/0_331_5000_3002/master/5000.jpg?width=465&dpr=1&s=none&crop=none,../Scripts/output/guardian/guardian_images/guardian_2016-06-07_guardian_32dc438d13_img01.jpg,Dead and dying coral covered by seaweed after coral bleaching at Lizard Island on Australia’s Great Barrier Reef. Photograph: the Ocean Agency,,1,graph,2,photo|photograph,0,likely_visualization
guardian_170dfba98e,The Guardian,2016,IPCC,Using spit hoods on children has no place in a civilised society,https://www.theguardian.com/commentisfree/2016/jun/08/spit-hoods-children-police-sussex-disability,2016-06-08,2018-01-11,1,https://i.guim.co.uk/img/media/b871d6aa7f05ca72e91fdb31098e07e62056a84d/0_2010_3603_2161/master/3603.jpg?width=465&dpr=1&s=none&crop=none,../Scripts/output/guardian/guardian_images/guardian_2016-06-08_guardian_170dfba98e_img01.jpg,Theresa May has pledged to ban the use of police cells to detain children with mental health problems. Photograph: Paul Doyle/Alamy,,1,graph,2,photo|photograph,0,likely_visualization
guardian_3f395eb8dd,The Guardian,2016,IPCC,IPCC criticises Sussex police over hooding of disabled 11-year-old girl,https://www.theguardian.com/politics/2016/jun/08/ipcc-criticises-sussex-police-treatment-11-year-old-disabled-girl,2016-06-08,2018-01-11,1,https://i.guim.co.uk/img/media/812da3f478133131ed22bf9b5e4299c39786bbd4/0_408_5976_3584/master/5976.jpg?width=465&dpr=1&s=none&crop=none,../Scripts/output/guardian/guardian_images/guardian_2016-06-08_guardian_3f395eb8dd_img01.jpg,The girl’s mother called on Sussex police to drop its policy of using spit hoods on disabled children. Photograph: Graeme Robertson/The Guardian,,1,graph,2,photo|photograph,0,likely_visualization
guardian_e8ea8a9694,The Guardian,2016,IPCC,CO2 turned into stone in Iceland in climate change breakthrough,https://www.theguardian.com/environment/2016/jun/09/co2-turned-into-stone-in-iceland-in-climate-change-breakthrough,2016-06-09,2021-08-25,1,https://i.guim.co.uk/img/media/e04d6120f514bcdf12490e6cfbe778a980c35ef2/0_109_4512_2706/master/4512.jpg?width=465&dpr=1&s=none&crop=none,../Scripts/output/guardian/guardian_images/guardian_2016-06-09_guardian_e8ea8a9694_img01.jpg,"Site close to the Hellisheidi geothermal powerplant, where CO2 was injected into volcanic rock. In two years it was almost completely mineralised. Photograph: Juerg Matter/Science",,1,graph,2,photo|photograph,0,likely_visualization
guardian_e8ea8a9694,The Guardian,2016,IPCC,CO2 turned into stone in Iceland in climate change breakthrough,https://www.theguardian.com/environment/2016/jun/09/co2-turned-into-stone-in-iceland-in-climate-change-breakthrough,2016-06-09,2021-08-25,2,https://i.guim.co.uk/img/media/8cda9b7d971184885edf363498a8417a75337606/0_0_3000_4512/master/3000.jpg?width=445&dpr=1&s=none&crop=none,../Scripts/output/guardian/guardian_images/guardian_2016-06-09_guardian_e8ea8a9694_img02.jpg,Members of the CarbFix science team handling rock core recovered during drilling at the CO2 injection site. Photograph: Juerg Matter/Science,,1,graph,2,photo|photograph,0,likely_visualization
guardian_fb331aa892,The Guardian,2016,IPCC,Carbon dioxide levels in atmosphere forecast to shatter milestone,https://www.theguardian.com/environment/2016/jun/13/carbon-dioxide-levels-in-atmosphere-forecast-to-shatter-milestone,2016-06-13,2021-08-25,1,https://i.guim.co.uk/img/media/2aaef4c2118c46b7b8f3d1ef0f0fb66b54218285/0_22_1593_956/master/1593.jpg?width=465&dpr=1&s=none&crop=none,../Scripts/output/guardian/guardian_images/guardian_2016-06-13_guardian_fb331aa892_img01.jpg,The Met Office forecasts 2016 will see annual CO2 concentrations breach 400 parts per million. To keep below global warming of 2C - the ‘safe’ level - concentrations must be kept below 450ppm. Photograph: OCO-2 /JPL-Caltech/NASA,,1,graph,2,photo|photograph,0,likely_visualization
guardian_73eb1f4c22,The Guardian,2016,"""sea level rise""",Revealed: first mammal species wiped out by human-induced climate change,https://www.theguardian.com/environment/2016/jun/14/first-case-emerges-of-mammal-species-wiped-out-by-human-induced-climate-change,2016-06-14,2021-08-25,1,https://i.guim.co.uk/img/media/0d8e0abd4264ae6751bae71b4a5994afc23e82d0/26_0_873_524/master/873.jpg?width=465&dpr=1&s=none&crop=none,../Scripts/output/guardian/guardian_images/guardian_2016-06-14_guardian_73eb1f4c22_img01.jpg,"The Bramble Cay melomys has become extinct, Australian scientists say. Photograph: Queensland government",,1,graph,2,photo|photograph,0,likely_visualization
guardian_c636444cb8,The Guardian,2016,IPCC,Brexit voters almost twice as likely to disbelieve in manmade climate change,https://www.theguardian.com/environment/2016/jun/16/brexit-voters-almost-twice-as-likely-to-disbelieve-in-manmade-climate-change,2016-06-16,2021-08-25,1,https://i.guim.co.uk/img/media/2de58b50d49528c04f320608f1519cb6513259cb/0_13_2048_1229/master/2048.jpg?width=465&dpr=1&s=none&crop=none,../Scripts/output/guardian/guardian_images/guardian_2016-06-16_guardian_c636444cb8_img01.jpg,Many prominent leave campaigners are openly opposed to action on climate change or have cast doubt on man’s role in it. Photograph: Johnny Green/PA,,1,graph,2,photo|photograph,0,likely_visualization
guardian_5174a1d64a,The Guardian,2016,"""global temperature""",Businesses have seen the light with solar energy and it's finally paying off,https://www.theguardian.com/sustainable-business/2016/jun/17/solar-energy-fortune-500-apple-bloomberg-business,2016-06-17,2021-08-25,1,https://i.guim.co.uk/img/media/c9fe3617bd2ba7cabee3846a6ecf85f0907527ff/0_287_4300_2580/master/4300.jpg?width=465&dpr=1&s=none&crop=none,../Scripts/output/guardian/guardian_images/guardian_2016-06-17_guardian_5174a1d64a_img01.jpg,"A solar powered water pump in Lodwar, north-western Kenya. Africa is a key front in the Paris climate agreement’s quest to limit the global temperature rise to under 2C. Photograph: Joerg Boethling/Alamy Stock Photo",,1,graph,2,photo|photograph,0,likely_visualization
guardian_950c73a85d,The Guardian,2016,"""1.5C""","Green news roundup: Russian wildfires, microbeads ban and hot May",https://www.theguardian.com/environment/2016/jun/17/green-news-roundup-russian-wildfires-microbeads-ban-and-hot-may,2016-06-17,2021-07-26,1,https://i.guim.co.uk/img/media/f378d40ac70fff692debd2d21c57f3dcbfce3e0e/0_83_2500_1500/master/2500.jpg?width=465&dpr=1&s=none&crop=none,../Scripts/output/guardian/guardian_images/guardian_2016-06-17_guardian_950c73a85d_img01.jpg,"Fire Fighting in Baikal Region in Russia. Local volunteer Andrey Polomoshnov suppresses grass fires in Zabaikalsky region, Siberia, Russia. Photograph: Maria Vasileva/Greenpeace",,1,graph,2,photo|photograph,0,likely_visualization
guardian_14e84f00a8,The Guardian,2016,"""sea level rise""",Obama at Yosemite attacks 'lip service' to natural beauty amid climate inaction,https://www.theguardian.com/us-news/2016/jun/18/yosemite-obama-national-parks-climate-change,2016-06-18,2021-08-25,2,https://i.guim.co.uk/img/media/368abd2f103c0037cdf7740c821f18966d853555/0_340_5106_3064/master/5106.jpg?width=445&dpr=1&s=none&crop=none,../Scripts/output/guardian/guardian_images/guardian_2016-06-18_guardian_14e84f00a8_img02.jpg,Barack and Michelle Obama take a photograph with children. Photograph: Jacquelyn Martin/AP,,1,graph,2,photo|photograph,0,likely_visualization
guardian_20f957620d,The Guardian,2016,"""net zero""",Climate change: poll finds support for strong action at highest level since 2008,https://www.theguardian.com/environment/2016/jun/22/climate-change-poll-finds-support-for-strong-action-at-highest-level-since-2008,2016-06-21,2021-08-25,1,https://i.guim.co.uk/img/media/8761f2daf30862997a6c364b7520fae93bdafc17/0_0_4264_2557/master/4264.jpg?width=465&dpr=1&s=none&crop=none,../Scripts/output/guardian/guardian_images/guardian_2016-06-21_guardian_20f957620d_img01.jpg,Protesters in favour of action on climate change in Melbourne. The Climate Institute found the Greens’ and Glenn Lazarus Team’s policies on climate change were the strongest and most credible. Photograph: Ratnayake/Rex Shutterstock,,1,graph,2,photo|photograph,0,likely_visualization
guardian_9515ae88b0,The Guardian,2016,"""sea level rise""",Climate change: John Hewson accuses Coalition of 'national disgrace',https://www.theguardian.com/science/2016/jun/26/climate-change-john-hewson-accuses-coalition-of-national-disgrace,2016-06-26,2021-08-25,1,https://i.guim.co.uk/img/media/f3c52bebda0773175e9355aa41fdb28d83130c0c/0_0_2362_1575/master/2362.jpg?width=465&dpr=1&s=none&crop=none,../Scripts/output/guardian/guardian_images/guardian_2016-06-26_guardian_9515ae88b0_img01.jpg,The former Liberal leader and Wentworth MP John Hewson says the wider community is ‘way ahead’ of political and business leaders on climate change. Photograph: Michael Slezak/The Guardian,,1,graph,2,photo|photograph,0,likely_visualization
guardian_9515ae88b0,The Guardian,2016,"""sea level rise""",Climate change: John Hewson accuses Coalition of 'national disgrace',https://www.theguardian.com/science/2016/jun/26/climate-change-john-hewson-accuses-coalition-of-national-disgrace,2016-06-26,2021-08-25,2,https://i.guim.co.uk/img/media/bc67ac74d897bf3cbecabdc915ebdd8e9455feba/0_0_2362_1575/master/2362.jpg?width=445&dpr=1&s=none&crop=none,../Scripts/output/guardian/guardian_images/guardian_2016-06-26_guardian_9515ae88b0_img02.jpg,Protestors in fancy dress at the #climatefizza rally. Photograph: Michael Slezak/The Guardian,,1,graph,2,photo|photograph,0,likely_visualization
guardian_2458b7d79c,The Guardian,2016,IPCC,"Teenager knew police were chasing him before fatal crash, inquest finds",https://www.theguardian.com/uk-news/2016/jun/28/london-teenager-henry-hicks-died-police-police-chase-coroner,2016-06-28,2017-11-28,1,https://i.guim.co.uk/img/media/dd6ea91ef78379adc03a76d2fcb6aa497b056b2d/2_36_558_335/master/558.jpg?width=465&dpr=1&s=none&crop=none,../Scripts/output/guardian/guardian_images/guardian_2016-06-28_guardian_2458b7d79c_img01.jpg,Police argued that Henry Hicks was not aware they were following him in two unmarked cars with sirens on and lights flashing. Photograph: Unknown,,1,graph,2,photo|photograph,0,likely_visualization
guardian_3d1b58e6a1,The Guardian,2016,"""net zero""",What will fill the hole left by coal?,https://www.theguardian.com/australia-news/2016/jun/29/what-will-fill-the-hole-left-by-coal,2016-06-28,2018-03-13,1,https://i.guim.co.uk/img/media/0c85373300ff1878f456fd4ee5dcba51d73de8a6/0_0_4608_3456/master/4608.jpg?width=445&dpr=1&s=none&crop=none,../Scripts/output/guardian/guardian_images/guardian_2016-06-28_guardian_3d1b58e6a1_img01.jpg,"Latrobe Valley power worker Greg Dunn. ‘I love the fact that I generate electricity,’ he says. Photograph: Kate Stanton/The Citizen",,1,graph,2,photo|photograph,0,likely_visualization
guardian_3d1b58e6a1,The Guardian,2016,"""net zero""",What will fill the hole left by coal?,https://www.theguardian.com/australia-news/2016/jun/29/what-will-fill-the-hole-left-by-coal,2016-06-28,2018-03-13,2,https://i.guim.co.uk/img/media/d870cb63ce37d1a94e3db7bf334328718ab4fd58/39_121_3439_2201/master/3439.jpg?width=465&dpr=1&s=none&crop=none,../Scripts/output/guardian/guardian_images/guardian_2016-06-28_guardian_3d1b58e6a1_img02.jpg,"Morwell, where a giant open cut coalmine was built just a few hundred metres from the town. In 2014, the mine caught fire and burned for 45 days - one of the biggest environmental disasters in Victoria’s history. Photograph: Meredith O'Shea/The Guardian",,1,graph,2,photo|photograph,0,likely_visualization
guardian_3d1b58e6a1,The Guardian,2016,"""net zero""",What will fill the hole left by coal?,https://www.theguardian.com/australia-news/2016/jun/29/what-will-fill-the-hole-left-by-coal,2016-06-28,2018-03-13,3,https://i.guim.co.uk/img/media/81524bf118039f757c739028dd649a646e14bf3b/0_0_1083_704/master/1083.jpg?width=445&dpr=1&s=none&crop=none,../Scripts/output/guardian/guardian_images/guardian_2016-06-28_guardian_3d1b58e6a1_img03.jpg,Greg Dunn’s grandfather Nic Tabaczynski (second from left). Photograph: Dunn family,,1,graph,2,photo|photograph,0,likely_visualization
guardian_3d1b58e6a1,The Guardian,2016,"""net zero""",What will fill the hole left by coal?,https://www.theguardian.com/australia-news/2016/jun/29/what-will-fill-the-hole-left-by-coal,2016-06-28,2018-03-13,4,https://i.guim.co.uk/img/media/6e25bb8afa84d07c76fcf4fd0c562fe4b97458af/0_585_3280_4343/master/3280.jpg?width=120&dpr=1&s=none&crop=none,../Scripts/output/guardian/guardian_images/guardian_2016-06-28_guardian_3d1b58e6a1_img04.jpg,"Andrew Vesey, managing director of AGL. The company intends to get out of coal-fired electricity, but set itself a deadline of 2050. Photograph: Julian Smith/AAP",,1,graph,2,photo|photograph,0,likely_visualization
guardian_3d1b58e6a1,The Guardian,2016,"""net zero""",What will fill the hole left by coal?,https://www.theguardian.com/australia-news/2016/jun/29/what-will-fill-the-hole-left-by-coal,2016-06-28,2018-03-13,5,https://i.guim.co.uk/img/media/6155a658b145ed11238d4de8a20f98d0cf7e283e/52_52_3425_2285/master/3425.jpg?width=465&dpr=1&s=none&crop=none,../Scripts/output/guardian/guardian_images/guardian_2016-06-28_guardian_3d1b58e6a1_img05.jpg,"Morwell at night. Some are pinning the coal industry’s hopes for the future on the development of ‘clean coal’ technology, that would drastically reduce emissions. Photograph: Meredith O'Shea/The Guardian",,1,graph,2,photo|photograph,0,likely_visualization
guardian_3d1b58e6a1,The Guardian,2016,"""net zero""",What will fill the hole left by coal?,https://www.theguardian.com/australia-news/2016/jun/29/what-will-fill-the-hole-left-by-coal,2016-06-28,2018-03-13,6,https://i.guim.co.uk/img/media/6424892b5d08f0b2d3954c5d239b4fef47df46c0/71_113_3407_2045/master/3407.jpg?width=445&dpr=1&s=none&crop=none,../Scripts/output/guardian/guardian_images/guardian_2016-06-28_guardian_3d1b58e6a1_img06.jpg,"Wendy Farmer, president of Voices of the Valley in Morwell. Photograph: Meredith O'Shea/The Guardian",,1,graph,2,photo|photograph,0,likely_visualization
guardian_65be6a4296,The Guardian,2016,"""carbon budget""",UK ministers to approve world-leading carbon emissions target,https://www.theguardian.com/environment/2016/jun/28/uk-ministers-world-leading-carbon-emissions-reduction-target-climate-change,2016-06-28,2021-08-25,2,https://i.guim.co.uk/img/media/f13242db68ddde069ca4e4e9c55cf55d0e07f817/0_370_3332_1999/master/3332.jpg?width=445&dpr=1&s=none&crop=none,../Scripts/output/guardian/guardian_images/guardian_2016-06-28_guardian_65be6a4296_img02.jpg,Christiana Figueres speaks in London on Tuesday. Photograph: Matt Alexander/PA,,1,graph,2,photo|photograph,0,likely_visualization
guardian_712cf5ebe8,The Guardian,2016,"""net zero""",Climate change: communities and councils fill void on zero emissions targets,https://www.theguardian.com/sustainable-business/2016/jun/28/climate-change-communities-and-councils-fill-void-on-zero-emissions-targets,2016-06-28,2018-02-14,1,https://i.guim.co.uk/img/media/123809d8364c1fa6c6b812ca8bcfba7da5c27b98/0_100_1333_800/master/1333.jpg?width=465&dpr=1&s=none&crop=none,../Scripts/output/guardian/guardian_images/guardian_2016-06-28_guardian_712cf5ebe8_img01.jpg,Rooftop solar panels in Yackandandah in north-eastern Victoria. Photograph: TRY,,1,graph,2,photo|photograph,0,likely_visualization
guardian_e22c4b09b7,The Guardian,2016,"""carbon budget""","Leave vote makes UK's transition to clean energy harder, say experts",https://www.theguardian.com/environment/2016/jun/28/leave-vote-makes-uks-transition-to-clean-energy-harder-say-experts,2016-06-28,2020-02-03,1,https://i.guim.co.uk/img/media/f7971da76b954daad73c586bd55601c1124c465a/231_326_3269_1962/master/3269.jpg?width=465&dpr=1&s=none&crop=none,../Scripts/output/guardian/guardian_images/guardian_2016-06-28_guardian_e22c4b09b7_img01.jpg,"Planned new reactors at Hinkley Point nuclear power station could be the biggest energy casualty of the referendum, now a new government is likely to be formed. Photograph: EDF Energy/PA",,1,graph,2,photo|photograph,0,likely_visualization
guardian_0a606be5fb,The Guardian,2016,IPCC,Why are the police failing too many victims of disability hate crime?,https://www.theguardian.com/society/2016/jun/29/police-failing-victims-disability-hate-crime-daniel-smith,2016-06-29,2025-02-07,1,https://i.guim.co.uk/img/media/8c44cb472b899522b31253ae3363611c96761ff5/0_83_5760_3456/master/5760.jpg?width=465&dpr=1&s=none&crop=none,../Scripts/output/guardian/guardian_images/guardian_2016-06-29_guardian_0a606be5fb_img01.jpg,"Owen Smith (left) with his son Daniel. The family is making a complaint to the IPCC over what Smith says is the police’s mistreatment of Daniel, who was denied proper support when he was arrested Photograph: David Sillitoe/The Guardian",,1,graph,2,photo|photograph,0,likely_visualization
guardian_2f05dfcc89,The Guardian,2016,IPCC,Climate change is disrupting seasonal behaviour of Britain's wildlife,https://www.theguardian.com/environment/2016/jun/29/climate-change-is-disrupting-seasonal-behaviour-of-britains-wildlife,2016-06-29,2021-10-29,1,https://i.guim.co.uk/img/media/c9d016d42059e57f4d502e4416cfca9e729c6064/0_172_5100_3060/master/5100.jpg?width=465&dpr=1&s=none&crop=none,../Scripts/output/guardian/guardian_images/guardian_2016-06-29_guardian_2f05dfcc89_img01.jpg,Cuckoos are now migrating later than their host species - on which they depend on for a nest. Photograph: Arterra Picture Library / Alamy/Alamy,,1,graph,2,photo|photograph,0,likely_visualization
guardian_2f05dfcc89,The Guardian,2016,IPCC,Climate change is disrupting seasonal behaviour of Britain's wildlife,https://www.theguardian.com/environment/2016/jun/29/climate-change-is-disrupting-seasonal-behaviour-of-britains-wildlife,2016-06-29,2021-10-29,2,https://i.guim.co.uk/img/media/05dd68875ae9c54ad5d5af8abc48ceb05a0780aa/0_382_4800_2881/master/4800.jpg?width=445&dpr=1&s=none&crop=none,../Scripts/output/guardian/guardian_images/guardian_2016-06-29_guardian_2f05dfcc89_img02.jpg,The UK has a rich history of biological recording by scientists and ‘citizen scientists’ who document the first signs of spring. Photograph: Alamy,,1,graph,2,photo|photograph,0,likely_visualization
guardian_35c5e0133c,The Guardian,2016,IPCC,South Wales police criticised over handling of abuse claims,https://www.theguardian.com/uk-news/2016/jun/30/south-wales-police-criticised-child-protection-inspection,2016-06-29,2017-09-20,1,https://i.guim.co.uk/img/media/d08fc51c76d9f8831c684b1f09a6b9430ba3419e/88_444_3152_1890/master/3152.jpg?width=465&dpr=1&s=none&crop=none,../Scripts/output/guardian/guardian_images/guardian_2016-06-29_guardian_35c5e0133c_img01.jpg,A police officer taking notes. Photograph: Joe Giddens/PA,,1,graph,2,photo|photograph,0,likely_visualization
guardian_0f746ce353,The Guardian,2016,"""carbon budget""","Don't panic, Brexit doesn't have to spell gloom for the environment",https://www.theguardian.com/environment/2016/jun/30/dont-panic-brexit-doesnt-have-to-spell-gloom-for-the-environment,2016-06-30,2021-08-25,1,https://i.guim.co.uk/img/media/4147adffad5749077caf03eba75f93cfbf4cbece/0_423_4245_2547/master/4245.jpg?width=465&dpr=1&s=none&crop=none,../Scripts/output/guardian/guardian_images/guardian_2016-06-30_guardian_0f746ce353_img01.jpg,‘There are many reasons for despair at the referendum result but the imminent destruction of the UK’s environmental policy need not be one of them.’ Photograph: Nick Moore / Alamy/Alamy,,1,graph,2,photo|photograph,0,likely_visualization
guardian_62264d1492,The Guardian,2016,"""carbon budget""",UK sets ambitious new 2030s carbon target,https://www.theguardian.com/environment/2016/jun/30/uk-sets-ambitious-new-2030s-carbon-target,2016-06-30,2021-08-25,1,https://i.guim.co.uk/img/media/ca99cbd74bc6ecdfab032eb2aad0fd17553c0118/0_136_4080_2448/master/4080.jpg?width=465&dpr=1&s=none&crop=none,../Scripts/output/guardian/guardian_images/guardian_2016-06-30_guardian_62264d1492_img01.jpg,The legally binding ‘fifth carbon budget’ is tougher than the target the UK signed up to as part of the EU. Photograph: Murdo Macleod/The Guardian,,1,graph,2,photo|photograph,0,likely_visualization
guardian_c65cc109b1,The Guardian,2016,"""sea level rise""",Florida declares state of local emergency over influx of ‘God-awful’ toxic algae,https://www.theguardian.com/us-news/2016/jun/30/florida-emergency-toxic-algae-treasure-coast,2016-06-30,2017-07-14,1,https://i.guim.co.uk/img/media/66e985ca10d4663fde812351b0d83df3bf4e1314/0_109_2400_1440/master/2400.jpg?width=465&dpr=1&s=none&crop=none,../Scripts/output/guardian/guardian_images/guardian_2016-06-30_guardian_c65cc109b1_img01.jpg,"An aerial photo shows blue-green algae enveloping an area along the St Lucie River in Stuart, Florida. Photograph: Greg Lovett/AP",,1,graph,2,photo|photograph,0,likely_visualization
guardian_c65cc109b1,The Guardian,2016,"""sea level rise""",Florida declares state of local emergency over influx of ‘God-awful’ toxic algae,https://www.theguardian.com/us-news/2016/jun/30/florida-emergency-toxic-algae-treasure-coast,2016-06-30,2017-07-14,2,https://i.guim.co.uk/img/media/fbf489ff83ddfb6f568a085969a4b76733dbda1b/0_195_2400_1441/master/2400.jpg?width=445&dpr=1&s=none&crop=none,../Scripts/output/guardian/guardian_images/guardian_2016-06-30_guardian_c65cc109b1_img02.jpg,"Boats docked at Central Marina in Stuart, Florida, are surrounded by blue green algae Wednesday. Photograph: Greg Lovett/AP",,1,graph,2,photo|photograph,0,likely_visualization
guardian_80b509a793,The Guardian,2016,IPCC,Ian Watkins case: three South Wales detectives face misconduct inquiry,https://www.theguardian.com/cardiff/2016/jul/01/ian-watkins-case-three-south-wales-detectives-face-misconduct-inquiry,2016-07-01,2017-11-28,1,https://i.guim.co.uk/img/media/74913ffef1a86de4b0c1bc278759b8b06ddb5209/0_982_2200_1320/master/2200.jpg?width=465&dpr=1&s=none&crop=none,../Scripts/output/guardian/guardian_images/guardian_2016-07-01_guardian_80b509a793_img01.jpg,Ian Watkins is serving a 35-year sentence for child sexual abuse. Photograph: South Wales police/PA,,1,graph,2,photo|photograph,0,likely_visualization
guardian_fa98b8f77f,The Guardian,2016,"""1.5C""","This election, what hope is there for the Great Barrier Reef?",https://www.theguardian.com/environment/2016/jul/01/this-election-what-hope-is-there-forthe-great-barrier-reef,2016-07-01,2018-03-13,1,https://i.guim.co.uk/img/media/fd8b0632c93277e4b36e9d8fcc5026a80edfe43e/213_0_4980_2988/master/4980.jpg?width=465&dpr=1&s=none&crop=none,../Scripts/output/guardian/guardian_images/guardian_2016-07-01_guardian_fa98b8f77f_img01.jpg,"To give the Great Barrier Reef a fighting chance, scientists estimate $10bn needs to be spent to reduce water pollution over the next 10 years. Photograph: Alison Godfrey/AAP",,1,graph,2,photo|photograph,0,likely_visualization
guardian_fa98b8f77f,The Guardian,2016,"""1.5C""","This election, what hope is there for the Great Barrier Reef?",https://www.theguardian.com/environment/2016/jul/01/this-election-what-hope-is-there-forthe-great-barrier-reef,2016-07-01,2018-03-13,2,https://i.guim.co.uk/img/media/3462c88866c4ea31c1eafa253f21a434fdc7c788/0_203_3291_1975/master/3291.jpg?width=445&dpr=1&s=none&crop=none,../Scripts/output/guardian/guardian_images/guardian_2016-07-01_guardian_fa98b8f77f_img02.jpg,"Local MP Ewan Jones (left), PM Malcolm Turnbull and environment minister Greg Hunt in front of Magnetic Island near Townsville. Photograph: Lukas Coch/AAP",,1,graph,2,photo|photograph,0,likely_visualization
guardian_30c29655d1,The Guardian,2016,"""carbon budget""",But what does it mean? Key election policy issues analysed by our expert panel,https://www.theguardian.com/commentisfree/2016/jul/03/but-what-does-it-mean-key-election-policy-issues-analysed-by-our-expert-panel,2016-07-03,2018-03-13,1,https://i.guim.co.uk/img/media/50f6672053576db0d094c0ea015f5358d67370b1/1185_416_2826_1697/master/2826.jpg?width=465&dpr=1&s=none&crop=none,../Scripts/output/guardian/guardian_images/guardian_2016-07-03_guardian_30c29655d1_img01.jpg,"One Nation’s Pauline Hanson reacts during a live television cross at her election-night function in Ipswich, west of Brisbane on Saturday night. Photograph: Dan Peled/AAP",,1,graph,2,photo|photograph,0,likely_visualization
guardian_30c29655d1,The Guardian,2016,"""carbon budget""",But what does it mean? Key election policy issues analysed by our expert panel,https://www.theguardian.com/commentisfree/2016/jul/03/but-what-does-it-mean-key-election-policy-issues-analysed-by-our-expert-panel,2016-07-03,2018-03-13,3,https://i.guim.co.uk/img/media/feecc80201439f55c87940a241558fd4dc08134a/0_11_4892_2936/master/4892.jpg?width=445&dpr=1&s=none&crop=none,../Scripts/output/guardian/guardian_images/guardian_2016-07-03_guardian_30c29655d1_img03.jpg,‘The new treasurer has a difficult choice.’ Photograph: Craig Golding/AAP,,1,graph,2,photo|photograph,0,likely_visualization
guardian_30c29655d1,The Guardian,2016,"""carbon budget""",But what does it mean? Key election policy issues analysed by our expert panel,https://www.theguardian.com/commentisfree/2016/jul/03/but-what-does-it-mean-key-election-policy-issues-analysed-by-our-expert-panel,2016-07-03,2018-03-13,4,https://i.guim.co.uk/img/media/9f0655ec5c624e6789ad15424463cd34de30bdcb/0_0_3488_2325/master/3488.jpg?width=445&dpr=1&s=none&crop=none,../Scripts/output/guardian/guardian_images/guardian_2016-07-03_guardian_30c29655d1_img04.jpg,‘It is encouraging that we will have people like Linda Burney entering the fray.’ Photograph: Paul Miller/AAP,,1,graph,2,photo|photograph,0,likely_visualization
guardian_8af6e8c883,The Guardian,2016,"""net zero""",Welcome to the new Toronto: the most fascinatingly boring city in the world,https://www.theguardian.com/cities/2016/jul/04/new-toronto-most-fascinatingly-boring-city-guardian-canada-week,2016-07-04,2020-02-03,1,https://i.guim.co.uk/img/media/5db8fea958d0486487c66fdcda5ca7b329ec8de0/0_288_5400_3240/master/5400.jpg?width=465&dpr=1&s=none&crop=none,../Scripts/output/guardian/guardian_images/guardian_2016-07-04_guardian_8af6e8c883_img01.jpg,Toronto’s multicultural waterparks show the true radical potential of the city. Photograph: Alamy,,1,graph,2,photo|photograph,0,likely_visualization
guardian_8af6e8c883,The Guardian,2016,"""net zero""",Welcome to the new Toronto: the most fascinatingly boring city in the world,https://www.theguardian.com/cities/2016/jul/04/new-toronto-most-fascinatingly-boring-city-guardian-canada-week,2016-07-04,2020-02-03,2,https://i.guim.co.uk/img/media/4db3b4fadcd330fca833be9dbfc89b85e135f112/0_0_4730_2839/master/4730.jpg?width=445&dpr=1&s=none&crop=none,../Scripts/output/guardian/guardian_images/guardian_2016-07-04_guardian_8af6e8c883_img02.jpg,The population of the greater Toronto area is expected to reach 7.45 million by 2031 – and approaching from the water almost every building you see was built in the past two decades. Photograph: Mark Blinch/AP,,1,graph,2,photo|photograph,0,likely_visualization
guardian_847037955c,The Guardian,2016,"""sea level rise""","Water world: rising tides close in on Trump, the climate change denier",https://www.theguardian.com/us-news/2016/jul/06/donald-trump-climate-change-florida-resort,2016-07-06,2021-08-25,1,https://i.guim.co.uk/img/media/87be981e138ec6dbc2020f0d9261fef850446629/0_0_6042_3626/master/6042.jpg?width=465&dpr=1&s=none&crop=none,../Scripts/output/guardian/guardian_images/guardian_2016-07-06_guardian_847037955c_img01.jpg,"In 30 years, the grounds of Donald Trump’s Mar-a-Lago could be under at least a foot of water for 210 days a year. Photograph: Alamy",,1,graph,2,photo|photograph,0,likely_visualization
guardian_847037955c,The Guardian,2016,"""sea level rise""","Water world: rising tides close in on Trump, the climate change denier",https://www.theguardian.com/us-news/2016/jul/06/donald-trump-climate-change-florida-resort,2016-07-06,2021-08-25,2,https://i.guim.co.uk/img/media/692a2d73b83cc34c6a0420910b0e089f51320f40/46_131_2278_3469/master/2278.jpg?width=445&dpr=1&s=none&crop=none,../Scripts/output/guardian/guardian_images/guardian_2016-07-06_guardian_847037955c_img02.jpg,"Donald Trump, Melania Trump and Barron Trump at the Trump Invitational Grand Prix at Club Mar-a-Lago in Palm Beach last year. Photograph: Larry Marano/Rex/Shutterstock",,1,graph,2,photo|photograph,0,likely_visualization
guardian_2f17c3606e,The Guardian,2016,"""global temperature""",The great tide: is Britain really equipped to cope with global warming?,https://www.theguardian.com/world/2016/jul/07/great-tide-is-britain-equipped-cope-glbal-warming,2016-07-07,2021-08-25,1,https://i.guim.co.uk/img/media/91bc1cf4a29a661182e4b1f7b66ab010f5d5c507/0_213_3312_1987/master/3312.jpg?width=445&dpr=1&s=none&crop=none,../Scripts/output/guardian/guardian_images/guardian_2016-07-07_guardian_2f17c3606e_img01.jpg,The River Thames at Putney in west London during the flood of 1953. Photograph: Daily Mail/REX/Shutterstock,,1,graph,2,photo|photograph,0,likely_visualization
guardian_2f17c3606e,The Guardian,2016,"""global temperature""",The great tide: is Britain really equipped to cope with global warming?,https://www.theguardian.com/world/2016/jul/07/great-tide-is-britain-equipped-cope-glbal-warming,2016-07-07,2021-08-25,2,https://i.guim.co.uk/img/media/c91e7dd600a4814858f7eb696caf80ec5e8334a5/0_0_5431_4345/master/5431.jpg?width=445&dpr=1&s=none&crop=none,../Scripts/output/guardian/guardian_images/guardian_2016-07-07_guardian_2f17c3606e_img02.jpg,"London As Venice by Robert Graves and Didier Madoc-Jones, aerial photograph by Jason Hawkes ©www.postcardsfromthefuture.com @futurepostcards. Photograph: Robert Graves and Didier Madoc-Jones",,1,graph,2,photo|photograph,0,likely_visualization
guardian_2f17c3606e,The Guardian,2016,"""global temperature""",The great tide: is Britain really equipped to cope with global warming?,https://www.theguardian.com/world/2016/jul/07/great-tide-is-britain-equipped-cope-glbal-warming,2016-07-07,2021-08-25,4,https://i.guim.co.uk/img/media/623062e430867af7dd0025665e8f081872e72ab7/0_220_4896_2938/master/4896.jpg?width=445&dpr=1&s=none&crop=none,../Scripts/output/guardian/guardian_images/guardian_2016-07-07_guardian_2f17c3606e_img04.jpg,Lincoln Miles at his survivalist store Preppers Shop UK in Bedfordshire. Photograph: Frantzesco Kangaris/The Guardian,,1,graph,2,photo|photograph,0,likely_visualization
guardian_6d46142065,The Guardian,2016,"""global temperature""",Arctic sea ice crashes to record low for June,https://www.theguardian.com/environment/2016/jul/07/arctic-sea-ice-crashes-to-record-low-for-june,2016-07-07,2021-08-25,2,https://i.guim.co.uk/img/media/1a613b81deee1869a5159a16c2ee63441190719d/0_66_1050_766/master/1050.jpg?width=445&dpr=1&s=none&crop=none,../Scripts/output/guardian/guardian_images/guardian_2016-07-07_guardian_6d46142065_img02.jpg,A graph of the Arctic sea ice extent. Photograph: NSIDC,,1,graph,2,photo|photograph,0,likely_visualization
guardian_eaab69b3dc,The Guardian,2016,"""net zero""","Samuel Beckett, the maestro of failure",https://www.theguardian.com/books/booksblog/2016/jul/07/samuel-beckett-the-maestro-of-failure,2016-07-07,2019-08-21,1,https://i.guim.co.uk/img/media/d61999f3349dcf34218dda571fa8d0481c0001f2/113_145_1844_1106/master/1844.jpg?width=465&dpr=1&s=none&crop=none,../Scripts/output/guardian/guardian_images/guardian_2016-07-07_guardian_eaab69b3dc_img01.jpg,‘Granite of no common variety assuredly’ … Samuel Beckett. Photograph: taken from picture library,,1,graph,2,photo|photograph,0,likely_visualization
guardian_eaab69b3dc,The Guardian,2016,"""net zero""","Samuel Beckett, the maestro of failure",https://www.theguardian.com/books/booksblog/2016/jul/07/samuel-beckett-the-maestro-of-failure,2016-07-07,2019-08-21,2,https://i.guim.co.uk/img/media/ecfc734385c2743e508ebb02910230131ece02d3/0_0_2358_3124/master/2358.jpg?width=445&dpr=1&s=none&crop=none,../Scripts/output/guardian/guardian_images/guardian_2016-07-07_guardian_eaab69b3dc_img02.jpg,A page from Beckett’s notebooks. The text reads: ‘What is my life but preference for the ginger biscuit?’ Photograph: Sotheby's/PA,,1,graph,2,photo|photograph,0,likely_visualization
guardian_40a40d57ba,The Guardian,2016,"""sea level rise""","Massive mangrove die-off on Gulf of Carpentaria worst in the world, says expert",https://www.theguardian.com/environment/2016/jul/11/massive-mangrove-die-off-on-gulf-of-carpentaria-worst-in-the-world-says-expert,2016-07-11,2021-08-25,1,https://i.guim.co.uk/img/media/233e83c9307d1364ac49e367ebef33bca5b176cc/0_168_5184_3110/master/5184.jpg?width=465&dpr=1&s=none&crop=none,../Scripts/output/guardian/guardian_images/guardian_2016-07-11_guardian_40a40d57ba_img01.jpg,Aerial footage of ‘unprecedented’ mangrove die-off in the Gulf of Carpentaria in mid 2016. The die-off is thought to be a result of low rainfall and warm temperatures. Photograph: Professor Norm Duke/James Cook University,,1,graph,2,photo|photograph,0,likely_visualization
guardian_8d29c2c41a,The Guardian,2016,IPCC,Student launches legal action against IPCC over CS spray incident,https://www.theguardian.com/uk-news/2016/jul/12/student-lawrence-green-police-assault-warwick-ipcc-watchdog-high-court,2016-07-12,2018-01-11,1,https://i.guim.co.uk/img/media/7ab480b02c0319fe483b8aef08df9bd3c05d09d5/0_47_1417_850/master/1417.jpg?width=465&dpr=1&s=none&crop=none,../Scripts/output/guardian/guardian_images/guardian_2016-07-12_guardian_8d29c2c41a_img01.jpg,"Warwick University, where the fees protest took place in December 2014. Photograph: Paul Cooper",,1,graph,2,photo|photograph,0,likely_visualization
guardian_909e2f42db,The Guardian,2016,"""global temperature""","As climate change worsens wildfires, smokejumpers fight blazes from the sky",https://www.theguardian.com/world/2016/jul/13/smokejumpers-fight-wildfires-us-drought-climate-change,2016-07-13,2021-08-25,1,https://i.guim.co.uk/img/media/01a7488848d58f0f4f9d043e02777f7d8e5fab62/0_0_640_480/master/640.jpg?width=445&dpr=1&s=none&crop=none,../Scripts/output/guardian/guardian_images/guardian_2016-07-13_guardian_909e2f42db_img01.jpg,Smokejumpers training. Photograph: Rory Carroll/The Guardian,,1,graph,2,photo|photograph,0,likely_visualization
guardian_909e2f42db,The Guardian,2016,"""global temperature""","As climate change worsens wildfires, smokejumpers fight blazes from the sky",https://www.theguardian.com/world/2016/jul/13/smokejumpers-fight-wildfires-us-drought-climate-change,2016-07-13,2021-08-25,2,https://i.guim.co.uk/img/media/a93f42646043cb60bba9cc0d6d38a019af48d81b/0_0_640_480/master/640.jpg?width=445&dpr=1&s=none&crop=none,../Scripts/output/guardian/guardian_images/guardian_2016-07-13_guardian_909e2f42db_img02.jpg,Smokejumpers do a final drill before boarding a flight for a practice jump. Photograph: Rory Carroll/The Guardian,,1,graph,2,photo|photograph,0,likely_visualization
guardian_909e2f42db,The Guardian,2016,"""global temperature""","As climate change worsens wildfires, smokejumpers fight blazes from the sky",https://www.theguardian.com/world/2016/jul/13/smokejumpers-fight-wildfires-us-drought-climate-change,2016-07-13,2021-08-25,3,https://i.guim.co.uk/img/media/f26af02866fe7db6c6244474dcb6c7b17ba6951c/0_0_640_480/master/640.jpg?width=445&dpr=1&s=none&crop=none,../Scripts/output/guardian/guardian_images/guardian_2016-07-13_guardian_909e2f42db_img03.jpg,Smokejumpers make a practice jump into a meadow. Photograph: Rory Carroll/The Guardian,,1,graph,2,photo|photograph,0,likely_visualization
guardian_909e2f42db,The Guardian,2016,"""global temperature""","As climate change worsens wildfires, smokejumpers fight blazes from the sky",https://www.theguardian.com/world/2016/jul/13/smokejumpers-fight-wildfires-us-drought-climate-change,2016-07-13,2021-08-25,4,https://i.guim.co.uk/img/media/ed684d759fe89ddc1e6c725fe6b1f7ffaebf9a1b/0_0_640_480/master/640.jpg?width=445&dpr=1&s=none&crop=none,../Scripts/output/guardian/guardian_images/guardian_2016-07-13_guardian_909e2f42db_img04.jpg,Smokejumpers train at their base. Photograph: Rory Carroll/The Guardian,,1,graph,2,photo|photograph,0,likely_visualization
guardian_0112cdbef2,The Guardian,2016,"""sea level rise""",A climate report that we ignore at our peril,https://www.theguardian.com/environment/2016/jul/14/a-climate-report-that-we-ignore-at-our-peril,2016-07-14,2021-08-25,1,https://i.guim.co.uk/img/media/e90e5aa4f7d4982e4002b321acc99c3fc1e57f82/60_0_1800_1080/master/1800.jpg?width=465&dpr=1&s=none&crop=none,../Scripts/output/guardian/guardian_images/guardian_2016-07-14_guardian_0112cdbef2_img01.jpg,Satellite imaging shows the extent of this spring’s sea ice and snow melt in northern Alaska. Photograph: NOAA,,1,graph,2,photo|photograph,0,likely_visualization
guardian_02f0b3177e,The Guardian,2016,"""1.5C""",Bank of England leaves UK interest rates on hold at 0.5%,https://www.theguardian.com/business/2016/jul/14/bank-of-england-leaves-uk-interest-rates-on-hold-at-05,2016-07-14,2020-02-03,1,https://i.guim.co.uk/img/media/bdeed9ae4f9dc06b0a4ed3988ea6a371dd4087f8/0_522_5371_3222/master/5371.jpg?width=465&dpr=1&s=none&crop=none,../Scripts/output/guardian/guardian_images/guardian_2016-07-14_guardian_02f0b3177e_img01.jpg,The Bank of England has kept rates on hold. Photograph: Graham Turner/The Guardian,,1,graph,2,photo|photograph,0,likely_visualization
guardian_e208913ac8,The Guardian,2016,IPCC,IPCC to investigate teenager's death in Liverpool,https://www.theguardian.com/uk-news/2016/jul/14/ipcc-to-investigate-black-teenagers-death-in-custody-in-liverpool,2016-07-14,2018-01-11,1,https://i.guim.co.uk/img/media/5814d3e6e745aaff3cd8b6cd62c85c019dee1c96/122_0_5006_3004/master/5006.jpg?width=465&dpr=1&s=none&crop=none,../Scripts/output/guardian/guardian_images/guardian_2016-07-14_guardian_e208913ac8_img01.jpg,Liverpool’s One shopping centre. Photograph: Jeff Blackler/Rex Features,,1,graph,2,photo|photograph,0,likely_visualization
guardian_141dad3255,The Guardian,2016,"""global temperature""",Clean energy won’t save us – only a new economic system can,https://www.theguardian.com/global-development-professionals-network/2016/jul/15/clean-energy-wont-save-us-economic-system-can,2016-07-15,2021-08-25,1,https://i.guim.co.uk/img/media/af274dac27cc3205718130d4041988c43f26b0f9/0_169_5161_3096/master/5161.jpg?width=465&dpr=1&s=none&crop=none,../Scripts/output/guardian/guardian_images/guardian_2016-07-15_guardian_141dad3255_img01.jpg,‘That 30% chunk of greenhouse gases that comes from non-fossil fuel sources isn’t static. It is adding more to the atmosphere each year.’ Photograph: Ashley Cooper/Global Warming Images/Alamy,,1,graph,2,photo|photograph,0,likely_visualization
guardian_141dad3255,The Guardian,2016,"""global temperature""",Clean energy won’t save us – only a new economic system can,https://www.theguardian.com/global-development-professionals-network/2016/jul/15/clean-energy-wont-save-us-economic-system-can,2016-07-15,2021-08-25,3,https://i.guim.co.uk/img/media/7f4bcf3f381927a0f2bcbbefa7f4b2883d73a9cf/0_0_5352_3681/master/5352.jpg?width=445&dpr=1&s=none&crop=none,../Scripts/output/guardian/guardian_images/guardian_2016-07-15_guardian_141dad3255_img03.jpg,"Current projections show that by 2040 we will more than double the world’s shipping miles, air miles, and trucking miles. Photograph: Feature China/Barcroft Images",,1,graph,2,photo|photograph,0,likely_visualization
guardian_e478ea0950,The Guardian,2016,IPCC,Met police officers could face sack after black firefighter was Tasered,https://www.theguardian.com/uk-news/2016/jul/18/met-police-officers-disciplinary-panel-black-firefighter-tasered,2016-07-18,2017-11-28,1,https://i.guim.co.uk/img/media/6e610af076732e2508a8725f09a2dffa33223238/0_152_2220_1332/master/2220.jpg?width=465&dpr=1&s=none&crop=none,../Scripts/output/guardian/guardian_images/guardian_2016-07-18_guardian_e478ea0950_img01.jpg,Edric Kennedy-Macfoy says police dragged him from his car and subjected him to a violent attack. Photograph: Sean Dempsey/PA,,1,graph,2,photo|photograph,0,likely_visualization
guardian_a244cf6617,The Guardian,2016,"""sea level rise""",New York's remodelled Governors Island has built-in climate change defense,https://www.theguardian.com/us-news/2016/jul/19/governors-island-remodelled-climate-change-new-york,2016-07-19,2021-08-25,1,https://i.guim.co.uk/img/media/f1f0ba9118be0d5d63752a4662b2c38212a66642/0_267_4000_2400/master/4000.jpg?width=465&dpr=1&s=none&crop=none,../Scripts/output/guardian/guardian_images/guardian_2016-07-19_guardian_a244cf6617_img01.jpg,Governors Island’s remodelling is to be unveiled to the public on Tuesday. Photograph: Iwan Baan/Courtesy of the Governors Island Trust,,1,graph,2,photo|photograph,0,likely_visualization
guardian_a244cf6617,The Guardian,2016,"""sea level rise""",New York's remodelled Governors Island has built-in climate change defense,https://www.theguardian.com/us-news/2016/jul/19/governors-island-remodelled-climate-change-new-york,2016-07-19,2021-08-25,2,https://i.guim.co.uk/img/media/a7b4f727abb33004693a77c16a36511e5d16c10c/0_161_4856_2915/master/4856.jpg?width=445&dpr=1&s=none&crop=none,../Scripts/output/guardian/guardian_images/guardian_2016-07-19_guardian_a244cf6617_img02.jpg,The architecture firm West 8 has been behind the revitalization of an area to be known as ‘the Hills’. Photograph: Mary Altaffer/AP,,1,graph,2,photo|photograph,0,likely_visualization
guardian_a244cf6617,The Guardian,2016,"""sea level rise""",New York's remodelled Governors Island has built-in climate change defense,https://www.theguardian.com/us-news/2016/jul/19/governors-island-remodelled-climate-change-new-york,2016-07-19,2021-08-25,3,https://i.guim.co.uk/img/media/f8ee04d883af7c43ef34f82cac971c049b762191/0_461_3600_2160/master/3600.jpg?width=445&dpr=1&s=none&crop=none,../Scripts/output/guardian/guardian_images/guardian_2016-07-19_guardian_a244cf6617_img03.jpg,‘This is really the first park to be really designed as a resilient landscape.’ Photograph: Kreg Holt/Courtesy of the Governors Island Trust,,1,graph,2,photo|photograph,0,likely_visualization
guardian_a244cf6617,The Guardian,2016,"""sea level rise""",New York's remodelled Governors Island has built-in climate change defense,https://www.theguardian.com/us-news/2016/jul/19/governors-island-remodelled-climate-change-new-york,2016-07-19,2021-08-25,4,https://i.guim.co.uk/img/media/68c9b7252ec72b86c9b113258f2a0df42f12e440/0_0_5184_3110/master/5184.jpg?width=445&dpr=1&s=none&crop=none,../Scripts/output/guardian/guardian_images/guardian_2016-07-19_guardian_a244cf6617_img04.jpg,‘It’s all integrated with the idea of visitor experience.’ Photograph: Mary Altaffer/AP,,1,graph,2,photo|photograph,0,likely_visualization
guardian_a244cf6617,The Guardian,2016,"""sea level rise""",New York's remodelled Governors Island has built-in climate change defense,https://www.theguardian.com/us-news/2016/jul/19/governors-island-remodelled-climate-change-new-york,2016-07-19,2021-08-25,5,https://i.guim.co.uk/img/media/1174604ae8774591566befdfb43eea035e9f94ac/0_663_4000_2400/master/4000.jpg?width=445&dpr=1&s=none&crop=none,../Scripts/output/guardian/guardian_images/guardian_2016-07-19_guardian_a244cf6617_img05.jpg,The remodelling has been designed with the assumption that the tide will rise 2ft by 2100. Photograph: Kreg Holt/Courtesy of the Governors Island Trust,,1,graph,2,photo|photograph,0,likely_visualization
guardian_a244cf6617,The Guardian,2016,"""sea level rise""",New York's remodelled Governors Island has built-in climate change defense,https://www.theguardian.com/us-news/2016/jul/19/governors-island-remodelled-climate-change-new-york,2016-07-19,2021-08-25,6,https://i.guim.co.uk/img/media/1dd4b9424c110fc826a5b5739801c228bd1f6715/0_75_3500_2101/master/3500.jpg?width=445&dpr=1&s=none&crop=none,../Scripts/output/guardian/guardian_images/guardian_2016-07-19_guardian_a244cf6617_img06.jpg,Raised areas will offer a series of defenses against the seas. Photograph: Richard Drew/AP,,1,graph,2,photo|photograph,0,likely_visualization
guardian_a2c82b9204,The Guardian,2016,"""sea level rise""",Are seawalls the best answer to rising sea levels – or is retreat a better option?,https://www.theguardian.com/sustainable-business/2016/jul/19/are-seawalls-the-best-answer-to-rising-sea-levels-or-is-retreat-a-better-option,2016-07-19,2021-08-25,1,https://i.guim.co.uk/img/media/6227b687ca9542c7f448b5b2abf1f641f5fcc321/0_25_4928_2959/master/4928.jpg?width=465&dpr=1&s=none&crop=none,../Scripts/output/guardian/guardian_images/guardian_2016-07-19_guardian_a2c82b9204_img01.jpg,June’s devastating storms damaged beachfront homes on Sydney’s northern beaches. Some are calling for a seawall to be put in place. Photograph: Dean Lewins/AAP,,1,graph,2,photo|photograph,0,likely_visualization
guardian_bc4aa0975d,The Guardian,2016,IPCC,Matthew Canavan says there is 'uncertainty' around impact of climate change,https://www.theguardian.com/australia-news/2016/jul/19/matthew-canavan-says-there-is-uncertainty-around-cause-of-climate-change,2016-07-19,2021-08-25,1,https://i.guim.co.uk/img/media/f5406939216f99df37e9f4ceb953d8534c8e4ea6/0_20_4132_2482/master/4132.jpg?width=465&dpr=1&s=none&crop=none,../Scripts/output/guardian/guardian_images/guardian_2016-07-19_guardian_bc4aa0975d_img01.jpg,"The resources minister, Matthew Canavan, accused ‘certain interest groups’ of exaggerating the effects of carbon emissions. Photograph: Mick Tsikas/AAP",,1,graph,2,photo|photograph,0,likely_visualization
guardian_707fa22910,The Guardian,2016,"""sea level rise""","Antarctic peninsula temperatures have fallen, study shows",https://www.theguardian.com/environment/2016/jul/20/antarctic-peninsula-temperatures-have-fallen-study-shows,2016-07-20,2021-08-25,1,https://i.guim.co.uk/img/media/3dcea7383a70a8c47378059f3ca5d3941cc39657/0_278_4256_2554/master/4256.jpg?width=465&dpr=1&s=none&crop=none,../Scripts/output/guardian/guardian_images/guardian_2016-07-20_guardian_707fa22910_img01.jpg,Icebergs in Yalour Islands in the Antarctic peninsula. Photograph: Nick Garbutt / Barcroft Media,,1,graph,2,photo|photograph,0,likely_visualization
guardian_1c3fcfefe3,The Guardian,2016,"""global temperature""",These are the best arguments from the 3% of climate scientist 'skeptics.' Really.,https://www.theguardian.com/environment/climate-consensus-97-per-cent/2016/jul/25/these-are-the-best-arguments-from-the-3-of-climate-scientist-skeptics-really,2016-07-25,2021-08-25,1,https://i.guim.co.uk/img/media/2312c1fa6762b7e2e08f5d9d00ccaf2a5caf75a9/394_0_2441_1467/master/2441.jpg?width=465&dpr=1&s=none&crop=none,../Scripts/output/guardian/guardian_images/guardian_2016-07-25_guardian_1c3fcfefe3_img01.jpg,Chewbacca and Han Solo from ‘Star Wars: Episode VII’. The best case made by climate contrarian scientists amounts to little more than ‘the Chewbacca defense’. Photograph: Allstar/DISNEY/LUCASFILM,,1,graph,2,photo|photograph,0,likely_visualization
guardian_ba9afe8a92,The Guardian,2016,IPCC,Goddard inquiry to contact UK spies for any Lord Janner intelligence,https://www.theguardian.com/society/2016/jul/26/goddard-inquiry-to-contact-uk-spies-for-any-lord-janner-intelligence,2016-07-26,2017-09-20,1,https://i.guim.co.uk/img/media/446e420ce3502966b601ba04fd44d2289cb9fec4/3_675_2138_1281/master/2138.jpg?width=465&dpr=1&s=none&crop=none,../Scripts/output/guardian/guardian_images/guardian_2016-07-26_guardian_ba9afe8a92_img01.jpg,A file photo of Greville Janner outside the high court in London in 2005. Photograph: Nick Razzell/Rex Shutterstock,,1,graph,2,photo|photograph,0,likely_visualization
guardian_60ed057e52,The Guardian,2016,"""sea level rise""",Climate models are accurately predicting ocean and global warming,https://www.theguardian.com/environment/climate-consensus-97-per-cent/2016/jul/27/climate-models-are-accurately-predicting-ocean-and-global-warming,2016-07-27,2021-08-25,1,https://i.guim.co.uk/img/media/b2fea07a132bb404d316e55dcec6766f90130480/0_203_5171_3104/master/5171.jpg?width=465&dpr=1&s=none&crop=none,../Scripts/output/guardian/guardian_images/guardian_2016-07-27_guardian_60ed057e52_img01.jpg,Scenic sunset over the ocean. Photograph: Horizon International Images Lim/Alamy,,1,graph,2,photo|photograph,0,likely_visualization
guardian_60ed057e52,The Guardian,2016,"""sea level rise""",Climate models are accurately predicting ocean and global warming,https://www.theguardian.com/environment/climate-consensus-97-per-cent/2016/jul/27/climate-models-are-accurately-predicting-ocean-and-global-warming,2016-07-27,2021-08-25,2,https://i.guim.co.uk/img/media/3d85d62ebc0efe8a03cb7bbe3b6ee51909a1686a/0_0_320_569/master/320.jpg?width=120&dpr=1&s=none&crop=none,../Scripts/output/guardian/guardian_images/guardian_2016-07-27_guardian_60ed057e52_img02.jpg,Me and my colleague Dr. Lijing Cheng in China. Photograph: John Abraham,,1,graph,2,photo|photograph,0,likely_visualization
guardian_bac252473b,The Guardian,2016,IPCC,IPCC bungled case against officers accused of abusing firefighter,https://www.theguardian.com/uk-news/2016/jul/27/ipcc-bungled-case-against-officers-accused-of-racially-abusing-firefighter,2016-07-27,2018-01-11,1,https://i.guim.co.uk/img/media/3a65f7fde4a671efec78d23854739ed6ea2b08be/0_61_3121_1873/master/3121.jpg?width=465&dpr=1&s=none&crop=none,../Scripts/output/guardian/guardian_images/guardian_2016-07-27_guardian_bac252473b_img01.jpg,The Metropolitan police apologised to Edric Kennedy-Macfoy. Photograph: Dominic Lipinski/PA,,1,graph,2,photo|photograph,0,likely_visualization
guardian_81042f9e7a,The Guardian,2016,"""global temperature""",What the Earth's frozen burps tell us about global warming,https://www.theguardian.com/environment/planet-oz/2016/jul/29/antarctic-ice-core-study-has-probably-just-made-the-job-of-cutting-fossil-fuel-emissions-even-more-urgent,2016-07-29,2021-08-25,1,https://i.guim.co.uk/img/media/08d11f4e5db25011d0148db236cba99fdef8cac3/0_54_2184_1310/master/2184.jpg?width=445&dpr=1&s=none&crop=none,../Scripts/output/guardian/guardian_images/guardian_2016-07-29_guardian_81042f9e7a_img01.jpg,Bubbles trapped in a slice of an Antarctic ice core Photograph: David Etheridge,,1,graph,2,photo|photograph,0,likely_visualization
guardian_fd73efab7b,The Guardian,2016,IPCC,Teenager's drowning death 'accidental' says coroner,https://www.theguardian.com/uk-news/2016/aug/02/teenagers-drowning-death-accidental-says-coroner,2016-08-02,2016-08-02,1,https://i.guim.co.uk/img/media/e0ca327aa31a72742843501cefb96c997bdb493c/0_181_2560_1536/master/2560.jpg?width=465&dpr=1&s=none&crop=none,../Scripts/output/guardian/guardian_images/guardian_2016-08-02_guardian_fd73efab7b_img01.jpg,Ellis Downes drowned in the Thames. Photograph: Facebook,,1,graph,2,photo|photograph,0,likely_visualization
guardian_0e9ff2a913,The Guardian,2016,"""carbon budget""",Britain shouts about immigration but is silent on one of the root causes: climate change,https://www.theguardian.com/environment/2016/aug/03/britain-shouts-about-immigration-but-is-silent-on-one-of-the-root-causes-climate-change,2016-08-03,2022-10-19,1,https://i.guim.co.uk/img/media/7bd4b53cc64da155fdaf5a3041ebd70fae4e12dd/0_30_4480_2689/master/4480.jpg?width=465&dpr=1&s=none&crop=none,../Scripts/output/guardian/guardian_images/guardian_2016-08-03_guardian_0e9ff2a913_img01.jpg,"Nigel Farage launches UKIP’s EU Referendum poster campaign in London, 16 June. Photograph: REX/Shutterstock",,1,graph,2,photo|photograph,0,likely_visualization
guardian_5bb706cd81,The Guardian,2016,"""sea level rise""",New research shows penguins will suffer in a warming world,https://www.theguardian.com/environment/climate-consensus-97-per-cent/2016/aug/03/new-research-shows-penguins-will-suffer-in-a-warming-world,2016-08-03,2021-10-29,2,https://i.guim.co.uk/img/media/f2bc3266019307bb9de61801c6051a4b61651d24/0_0_278_209/master/278.jpg?width=120&dpr=1&s=none&crop=none,../Scripts/output/guardian/guardian_images/guardian_2016-08-03_guardian_5bb706cd81_img02.jpg,Megan Cimino and Matthew Oliver. Photograph: University of Delaware/Megan Cimino,,1,graph,2,photo|photograph,0,likely_visualization
guardian_802295f523,The Guardian,2016,"""global temperature""",The climate crisis is already here – but no one’s telling us,https://www.theguardian.com/commentisfree/2016/aug/03/climate-crisis-media-relegates-greatest-challenge-hurtle-us-collapse-planet,2016-08-03,2021-08-25,1,https://i.guim.co.uk/img/media/acd2404b5db1da87631297d5639b29121735cc6b/0_187_5616_3370/master/5616.jpg?width=465&dpr=1&s=none&crop=none,../Scripts/output/guardian/guardian_images/guardian_2016-08-03_guardian_802295f523_img01.jpg,‘Arctic sea ice covered a smaller area last winter than in any winter since records began.’ Photograph: Alamy,,1,graph,2,photo|photograph,0,likely_visualization
guardian_802295f523,The Guardian,2016,"""global temperature""",The climate crisis is already here – but no one’s telling us,https://www.theguardian.com/commentisfree/2016/aug/03/climate-crisis-media-relegates-greatest-challenge-hurtle-us-collapse-planet,2016-08-03,2021-08-25,3,https://i.guim.co.uk/img/media/d2de8e6cc71ae1231871fb064a2a68a0810181d1/0_149_5100_3060/master/5100.jpg?width=445&dpr=1&s=none&crop=none,../Scripts/output/guardian/guardian_images/guardian_2016-08-03_guardian_802295f523_img03.jpg,"‘Trump’s manifesto reads like a love letter to the coal industry.’ A coal-fired power station near Page, Arizona. Photograph: Alamy",,1,graph,2,photo|photograph,0,likely_visualization
guardian_e3c8ec57de,The Guardian,2016,IPCC,IPCC overturns its own decision on Jordan Begley Taser death,https://www.theguardian.com/world/2016/aug/03/ipcc-overturns-own-decision-jordan-begley-taser-death,2016-08-03,2018-01-11,1,https://i.guim.co.uk/img/media/cd34f1f0d138b5be172c959685892e9b52b0e133/0_139_1735_1041/master/1735.jpg?width=465&dpr=1&s=none&crop=none,../Scripts/output/guardian/guardian_images/guardian_2016-08-03_guardian_e3c8ec57de_img01.jpg,Jordan Begley died in hospital two hours after being shot by a Taser in July 2013. Photograph: Rex Features,,1,graph,2,photo|photograph,0,likely_visualization
guardian_5fc7670d30,The Guardian,2016,"""1.5C""",Scientists warn world will miss key climate target,https://www.theguardian.com/science/2016/aug/06/global-warming-target-miss-scientists-warn,2016-08-06,2021-08-25,1,https://i.guim.co.uk/img/media/bd915bfb06a3c65b4efa23136f4d48257446d2f1/0_114_5400_3240/master/5400.jpg?width=465&dpr=1&s=none&crop=none,../Scripts/output/guardian/guardian_images/guardian_2016-08-06_guardian_5fc7670d30_img01.jpg,A tropical coral reef off Fiji. Photograph: Alamy,,1,graph,2,photo|photograph,0,likely_visualization
guardian_db850a9ad5,The Guardian,2016,IPCC,Why activists brought the Black Lives Matter movement to the UK,https://www.theguardian.com/uk-news/2016/aug/06/black-lives-matter-uk-found-vital-social-justice,2016-08-06,2020-06-12,1,https://i.guim.co.uk/img/media/68513464c3e8a10168c6942188c149e8c0c1602b/0_111_3840_2304/master/3840.jpg?width=465&dpr=1&s=none&crop=none,../Scripts/output/guardian/guardian_images/guardian_2016-08-06_guardian_db850a9ad5_img01.jpg,Activists outside Nottingham Theatre Royal shut down part of the city centre tram and bus network to protest for social justice movement Black Lives Matter. Photograph: Edward Smith/PA,,1,graph,2,photo|photograph,0,likely_visualization
guardian_db850a9ad5,The Guardian,2016,IPCC,Why activists brought the Black Lives Matter movement to the UK,https://www.theguardian.com/uk-news/2016/aug/06/black-lives-matter-uk-found-vital-social-justice,2016-08-06,2020-06-12,2,https://i.guim.co.uk/img/media/eca6eb6ee63c9313f31a6e3aecb22ac83be6b0fe/68_364_3395_2037/master/3395.jpg?width=445&dpr=1&s=none&crop=none,../Scripts/output/guardian/guardian_images/guardian_2016-08-06_guardian_db850a9ad5_img02.jpg,"Natalie Jeffers, co-founder of Black Lives Matter UK. Photograph: Will Hood",,1,graph,2,photo|photograph,0,likely_visualization
guardian_fad7ec2c8f,The Guardian,2016,"""sea level rise""",Rejection of experts spreads from Brexit to climate change with 'Clexit',https://www.theguardian.com/environment/climate-consensus-97-per-cent/2016/aug/08/rejection-of-experts-spreads-from-brexit-to-climate-change-with-clexit,2016-08-08,2021-08-25,1,https://i.guim.co.uk/img/media/d3188315cdaa1875c11da7350469b3d562bf26b6/0_374_5616_3370/master/5616.jpg?width=465&dpr=1&s=none&crop=none,../Scripts/output/guardian/guardian_images/guardian_2016-08-08_guardian_fad7ec2c8f_img01.jpg,Brexit Leave campaigner Nigel Farage with Clexit president Christopher Monckton in Aberdeen. Photograph: Murdo MacLeod/The Guardian,,1,graph,2,photo|photograph,0,likely_visualization
guardian_5e043265d5,The Guardian,2016,IPCC,Why Malcolm Roberts' demand for 'empirical evidence' on climate change is misleading,https://www.theguardian.com/environment/planet-oz/2016/aug/09/why-one-nation-senator-malcolm-roberts-demand-for-empirical-evidence-on-climate-change-is-misleading-bunk,2016-08-09,2021-08-25,1,https://i.guim.co.uk/img/media/b18edd75160b4e9a10e827d991f024399804d53a/0_28_3884_2330/master/3884.jpg?width=465&dpr=1&s=none&crop=none,../Scripts/output/guardian/guardian_images/guardian_2016-08-09_guardian_5e043265d5_img01.jpg,Pauline Hanson and Malcolm Roberts. His brand of climate denial is now in the national spotlight. Photograph: Dan Peled/AAP,,1,graph,2,photo|photograph,0,likely_visualization
guardian_d723328f6a,The Guardian,2016,"""1.5C""",Nobody can buy the silence of a climate spinning out of control,https://www.theguardian.com/commentisfree/2016/aug/09/climate-ministers-bribe-local-fracking-environment,2016-08-09,2021-08-25,1,https://i.guim.co.uk/img/media/af5ad3827ec9feb67ab86d18a6902a05cd889524/466_575_3765_2259/master/3765.jpg?width=465&dpr=1&s=none&crop=none,../Scripts/output/guardian/guardian_images/guardian_2016-08-09_guardian_d723328f6a_img01.jpg,".Kathryn McWhirter, who had never protested before, found herself in the forefront of the campaign against proposals for fracking in Balcombe, West Sussex. Photograph: Martin Godwin/The Guardian",,1,graph,2,photo|photograph,0,likely_visualization
guardian_d723328f6a,The Guardian,2016,"""1.5C""",Nobody can buy the silence of a climate spinning out of control,https://www.theguardian.com/commentisfree/2016/aug/09/climate-ministers-bribe-local-fracking-environment,2016-08-09,2021-08-25,2,https://i.guim.co.uk/img/media/ae8e59cd7a8f5f89519e14ecb265a2020f9ed736/0_0_5760_3456/master/5760.jpg?width=445&dpr=1&s=none&crop=none,../Scripts/output/guardian/guardian_images/guardian_2016-08-09_guardian_d723328f6a_img02.jpg,Anti-fracking campaigners in Blackpool. Photograph: Christopher Thomond/The Guardian,,1,graph,2,photo|photograph,0,likely_visualization
guardian_fcad87ff93,The Guardian,2016,"""net zero""",How Florida and Colorado are trying to build smart cities from the ground up,https://www.theguardian.com/sustainable-business/2016/aug/09/florida-colorado-smart-cities-sustainable-solar-babcock-ranch-pena,2016-08-09,2018-02-14,2,https://i.guim.co.uk/img/media/5b6d0727c2373454c3a66e3047975ddd1a7901d3/0_0_3000_3000/master/3000.jpg?width=445&dpr=1&s=none&crop=none,../Scripts/output/guardian/guardian_images/guardian_2016-08-09_guardian_fcad87ff93_img02.jpg,"Illustration of the plaza at Peña Station. Photograph: L C Fullenwider, Inc",,1,graph,2,photo|photograph,0,likely_visualization
guardian_fcad87ff93,The Guardian,2016,"""net zero""",How Florida and Colorado are trying to build smart cities from the ground up,https://www.theguardian.com/sustainable-business/2016/aug/09/florida-colorado-smart-cities-sustainable-solar-babcock-ranch-pena,2016-08-09,2018-02-14,3,https://i.guim.co.uk/img/media/d3f6e33ec7e3d0fa0e43ecfb37a90b9f8a9b5252/0_0_1920_1080/master/1920.jpg?width=445&dpr=1&s=none&crop=none,../Scripts/output/guardian/guardian_images/guardian_2016-08-09_guardian_fcad87ff93_img03.jpg,An aerial shot of Babcock Ranch. Photograph: Babcock Ranch,,1,graph,2,photo|photograph,0,likely_visualization
guardian_5a990baaa4,The Guardian,2016,"""sea level rise""",Agriculture and overuse greater threats to wildlife than climate change – study,https://www.theguardian.com/environment/2016/aug/10/agriculture-and-overuse-greater-threats-to-wildlife-than-climate-change-study,2016-08-10,2021-10-29,1,https://i.guim.co.uk/img/media/20906c5b53dedfdcf74233c5e6f7683b00f86e1b/187_0_2812_1687/master/2812.jpg?width=465&dpr=1&s=none&crop=none,../Scripts/output/guardian/guardian_images/guardian_2016-08-10_guardian_5a990baaa4_img01.jpg,"The African wild dog is one of more than 4,600 species under threat from land conversion for food, fodder or fuel crops. Photograph: Will Burrard - Lucas / Barcroft/Will Burrard-Lucas / Barcroft",,1,graph,2,photo|photograph,0,likely_visualization
guardian_78aef3061f,The Guardian,2016,"""sea level rise""",Climate scientists make a bold prediction about sea level rise,https://www.theguardian.com/environment/climate-consensus-97-per-cent/2016/aug/10/climate-scientists-make-a-bold-prediction-about-sea-level-rise,2016-08-10,2021-08-25,1,https://i.guim.co.uk/img/media/8bc02f6abfb8248461205bac7ef30dedc90c9025/0_215_5760_3456/master/5760.jpg?width=465&dpr=1&s=none&crop=none,../Scripts/output/guardian/guardian_images/guardian_2016-08-10_guardian_78aef3061f_img01.jpg,"A child looking at a ship is pictured on June 11, 2016 in Ghoramara Island, India. Ghoramara Island is an island 92 km south of Kolkata, in the Sundarban Delta complex of the Bay of Bengal. The island is roughly five square kilometers in area, and is quickly disappearing due to erosion and rise in sea level. Photograph: Sushavan Nandy / Barcroft Image",,1,graph,2,photo|photograph,0,likely_visualization
guardian_cf5b39b8cc,The Guardian,2016,IPCC,Woman killed in Wandsworth police chase named,https://www.theguardian.com/uk-news/2016/aug/10/woman-died-police-car-chase-crash-prison-drone-acacia-smith,2016-08-10,2016-08-10,1,https://i.guim.co.uk/img/media/e572a9202aa593c599db60fad7eb886eb6f75b5f/0_0_650_390/master/650.jpg?width=465&dpr=1&s=none&crop=none,../Scripts/output/guardian/guardian_images/guardian_2016-08-10_guardian_cf5b39b8cc_img01.jpg,"Acacia Smith, who died in a car crash in Wandsworth. Photograph: Facebook",,1,graph,2,photo|photograph,0,likely_visualization
guardian_e0de682494,The Guardian,2016,"""sea level rise""","Earliest Americans could not have arrived by dry land, study indicates",https://www.theguardian.com/science/2016/aug/10/earliest-americans-could-not-have-arrived-by-dry-land-study-indicates,2016-08-10,2018-02-14,1,https://i.guim.co.uk/img/media/6df52a3565c6e5f6fd6f67cf95f25450d8416ae5/0_67_3984_2390/master/3984.jpg?width=465&dpr=1&s=none&crop=none,../Scripts/output/guardian/guardian_images/guardian_2016-08-10_guardian_e0de682494_img01.jpg,"A present day view north in the area where the retreating ice sheets created the ice free corridor more than 13,000 years ago. Photograph: Mikkel Winther Pedersen",,1,graph,2,photo|photograph,0,likely_visualization
guardian_10d75c91b0,The Guardian,2016,IPCC,"As the mercury soars, fear grows over ‘air-con effect’",https://www.theguardian.com/global-development/2016/aug/15/increase-air-conditioning-accelerate-climate-change,2016-08-15,2022-10-19,1,https://i.guim.co.uk/img/media/2d9cb9e0b66de35a3ba275cce638ca3585cfe3f6/0_45_3110_1866/master/3110.jpg?width=465&dpr=1&s=none&crop=none,../Scripts/output/guardian/guardian_images/guardian_2016-08-15_guardian_10d75c91b0_img01.jpg,Office workers enjoy the sunshine on the Thames as the UK basks in a heatwave. A combination of high temperatures and increasing demand in developing countries is driving sales of air conditioners. Photograph: Alamy Stock Photo,,1,graph,2,photo|photograph,0,likely_visualization
guardian_133d53b858,The Guardian,2016,"""global temperature""","Lost cities #6: how Thonis-Heracleion resurfaced after 1,000 years under water",https://www.theguardian.com/cities/2016/aug/15/lost-cities-6-thonis-heracleion-egypt-sunken-sea,2016-08-15,2020-02-03,1,https://i.guim.co.uk/img/media/63ec0adc4718e80dcbfcf8efee07f82ad64f0b75/0_89_3500_2100/master/3500.jpg?width=445&dpr=1&s=none&crop=none,../Scripts/output/guardian/guardian_images/guardian_2016-08-15_guardian_133d53b858_img01.jpg,The British Museum exhibition opens with the reassembled Hapy. Photograph: Stefan Rousseau/PA,,1,graph,2,photo|photograph,0,likely_visualization
guardian_133d53b858,The Guardian,2016,"""global temperature""","Lost cities #6: how Thonis-Heracleion resurfaced after 1,000 years under water",https://www.theguardian.com/cities/2016/aug/15/lost-cities-6-thonis-heracleion-egypt-sunken-sea,2016-08-15,2020-02-03,2,https://i.guim.co.uk/img/media/8e652bf224efe3126eb05db7788d8ad2a46a549a/0_0_5102_3260/master/5102.jpg?width=445&dpr=1&s=none&crop=none,../Scripts/output/guardian/guardian_images/guardian_2016-08-15_guardian_133d53b858_img02.jpg,A recreation of what the city may have looked like. Photograph: Yann Bernard © Franck Goddio / Hilti Foundation.,,1,graph,2,photo|photograph,0,likely_visualization
guardian_133d53b858,The Guardian,2016,"""global temperature""","Lost cities #6: how Thonis-Heracleion resurfaced after 1,000 years under water",https://www.theguardian.com/cities/2016/aug/15/lost-cities-6-thonis-heracleion-egypt-sunken-sea,2016-08-15,2020-02-03,3,https://i.guim.co.uk/img/media/0db669ef2a2755f1b1a2c2f345a6629486b9b2c6/0_195_5392_6736/master/5392.jpg?width=445&dpr=1&s=none&crop=none,../Scripts/output/guardian/guardian_images/guardian_2016-08-15_guardian_133d53b858_img03.jpg,The 5.4 metres tall statue of the god Hapy. Photograph: Christoph Gerigk/Franck Goddio/Hilti Foundation,,1,graph,2,photo|photograph,0,likely_visualization
guardian_133d53b858,The Guardian,2016,"""global temperature""","Lost cities #6: how Thonis-Heracleion resurfaced after 1,000 years under water",https://www.theguardian.com/cities/2016/aug/15/lost-cities-6-thonis-heracleion-egypt-sunken-sea,2016-08-15,2020-02-03,4,https://i.guim.co.uk/img/media/3e3960e1779d4fdb05deb2d9d2108665e49e4f50/0_169_5906_3545/master/5906.jpg?width=445&dpr=1&s=none&crop=none,../Scripts/output/guardian/guardian_images/guardian_2016-08-15_guardian_133d53b858_img04.jpg,This stele reveals that Thonis (Egyptian) and Heracleion (Greek) were the same city. Photograph: Christoph Gerigk/Franck Goddio/Hilti Foundation,,1,graph,2,photo|photograph,0,likely_visualization
guardian_133d53b858,The Guardian,2016,"""global temperature""","Lost cities #6: how Thonis-Heracleion resurfaced after 1,000 years under water",https://www.theguardian.com/cities/2016/aug/15/lost-cities-6-thonis-heracleion-egypt-sunken-sea,2016-08-15,2020-02-03,5,https://i.guim.co.uk/img/media/263abca10bb3877191573df0b675049eb10dac3d/0_491_7368_4421/master/7368.jpg?width=445&dpr=1&s=none&crop=none,../Scripts/output/guardian/guardian_images/guardian_2016-08-15_guardian_133d53b858_img05.jpg,Archaeologists have so far only discovered a fraction of the city. Photograph: Christoph Gerigk © Franck Goddio / Hilti Foundation,,1,graph,2,photo|photograph,0,likely_visualization
guardian_28fad2b927,The Guardian,2016,IPCC,The Guardian view on police Taser use: time to tighten up the rules,https://www.theguardian.com/commentisfree/2016/aug/16/the-guardian-view-on-police-taser-use-time-to-tighten-up-the-rules,2016-08-16,2018-01-11,1,https://i.guim.co.uk/img/media/b89b81cb15e125275c6e929cc30c45abd988145a/0_161_2491_1494/master/2491.jpg?width=465&dpr=1&s=none&crop=none,../Scripts/output/guardian/guardian_images/guardian_2016-08-16_guardian_28fad2b927_img01.jpg,‘The home secretary must do more to reassure the public that each use of Tasers is a last resort.’ Photograph: Scott Heppell/PA,,1,graph,2,photo|photograph,0,likely_visualization
guardian_7eadf17332,The Guardian,2016,IPCC,"Disasters like Louisiana floods will worsen as planet warms, scientists warn",https://www.theguardian.com/environment/2016/aug/16/louisiana-flooding-natural-disaster-weather-climate-change,2016-08-16,2021-08-25,1,https://i.guim.co.uk/img/media/d7e0fbbbf6008e077a229d057c837009a9e0b38c/0_19_3246_1948/master/3246.jpg?width=465&dpr=1&s=none&crop=none,../Scripts/output/guardian/guardian_images/guardian_2016-08-16_guardian_7eadf17332_img01.jpg,"Close to two feet of rain fell over a 48-hour period in parts of southern Louisiana, causing residents to scramble to safety from flooded homes and cars. Photograph: John Oubre/AP",,1,graph,2,photo|photograph,0,likely_visualization
guardian_8dc36bc618,The Guardian,2016,"""1.5C""",World's hottest month shows challenges global warming will bring,https://www.theguardian.com/environment/2016/aug/16/worlds-hottest-month-shows-challenges-global-warming-will-bring,2016-08-16,2021-08-25,2,https://i.guim.co.uk/img/media/0acd0a15f04709bf8d89d0891ab8975c423085f0/0_0_5760_3840/master/5760.jpg?width=445&dpr=1&s=none&crop=none,../Scripts/output/guardian/guardian_images/guardian_2016-08-16_guardian_8dc36bc618_img02.jpg,"Nasa’s Operation IceBridge has been measuring sea ice changes in the Antarctic and Arctic, where the peak of the summer melt season now covers an area 40% smaller than it was in the late 1970s and early 1980s. Photograph: Operation IceBridge/Goddard/NASA",,1,graph,2,photo|photograph,0,likely_visualization
guardian_976bc77e30,The Guardian,2016,IPCC,Dalian Atkinson death raises concerns about police Taser use,https://www.theguardian.com/world/2016/aug/16/dalian-atkinson-taser-death-police-institutional-racism,2016-08-16,2018-01-11,2,https://i.guim.co.uk/img/media/cc81e1d16fd88d6ea9cae91c2c344e5ba9d2f5e4/0_0_3285_2366/master/3285.jpg?width=445&dpr=1&s=none&crop=none,../Scripts/output/guardian/guardian_images/guardian_2016-08-16_guardian_976bc77e30_img02.jpg,"A Black Lives Matter rally in London, earlier this month. Photograph: Marc Ward/Rex/Shutterstock",,1,graph,2,photo|photograph,0,likely_visualization
guardian_c83f3f7564,The Guardian,2016,IPCC,UK police watchdog to investigate use of spit hood on black man,https://www.theguardian.com/uk-news/2016/aug/16/uk-police-watchdog-investigate-spit-hood-black-man-ik-aihie,2016-08-16,2018-01-11,1,https://i.guim.co.uk/img/media/7c11abbf73bbb46aeaf4a2c1dabe44f105823763/0_586_1065_639/master/1065.jpg?width=465&dpr=1&s=none&crop=none,../Scripts/output/guardian/guardian_images/guardian_2016-08-16_guardian_c83f3f7564_img01.jpg,Footage shows Aihie in a spit hood as police officers hold him on the ground. Photograph: Facebook,,1,graph,2,photo|photograph,0,likely_visualization
guardian_8a34942b57,The Guardian,2016,"""sea level rise""",The coral die-off crisis is a climate crime and Exxon fired the gun,https://www.theguardian.com/environment/2016/aug/17/the-coral-die-off-crisis-is-a-climate-and-exxon-fired-the-gun,2016-08-17,2021-10-29,1,https://i.guim.co.uk/img/media/d926b86095399105f4687eb0c7e72f7b92a21fb0/0_92_2100_1260/master/2100.jpg?width=465&dpr=1&s=none&crop=none,../Scripts/output/guardian/guardian_images/guardian_2016-08-17_guardian_8a34942b57_img01.jpg,350.org underwater protest against Exxon and its responsibility in coral bleaching. Photograph: 350.org,,1,graph,2,photo|photograph,0,likely_visualization
guardian_0e1f39fc3d,The Guardian,2016,IPCC,IPCC to investigate West Yorkshire police over release of dog that killed man,https://www.theguardian.com/politics/2016/aug/18/ipcc-to-investigate-west-yorks-police-over-release-of-dog-that-killed-man,2016-08-18,2018-01-11,1,https://i.guim.co.uk/img/media/e1c936dc3553b150a7b0f4cf999fd4c6705617af/0_420_1568_941/master/1568.jpg?width=465&dpr=1&s=none&crop=none,../Scripts/output/guardian/guardian_images/guardian_2016-08-18_guardian_0e1f39fc3d_img01.jpg,David Ellam was trying to protect his yorkshire terrier when the dog turned on him. Photograph: PA,,1,graph,2,photo|photograph,0,likely_visualization
guardian_2a68e10c45,The Guardian,2016,"""1.5C""",Time to listen to the ice scientists about the Arctic death spiral,https://www.theguardian.com/commentisfree/2016/aug/18/ice-scientists-arctic-ice-disappearing-reduce-emissions-peter-wadhams,2016-08-18,2021-08-25,1,https://i.guim.co.uk/img/media/e90e5aa4f7d4982e4002b321acc99c3fc1e57f82/184_105_1546_927/master/1546.jpg?width=465&dpr=1&s=none&crop=none,../Scripts/output/guardian/guardian_images/guardian_2016-08-18_guardian_2a68e10c45_img01.jpg,Arctic sea ice melt in May. ‘The Arctic sea ice is declining by 13% a decade.’ Photograph: NOAA,,1,graph,2,photo|photograph,0,likely_visualization
guardian_2a68e10c45,The Guardian,2016,"""1.5C""",Time to listen to the ice scientists about the Arctic death spiral,https://www.theguardian.com/commentisfree/2016/aug/18/ice-scientists-arctic-ice-disappearing-reduce-emissions-peter-wadhams,2016-08-18,2021-08-25,2,https://i.guim.co.uk/img/media/6eeabfddac63fb17f179ff984cfb59d9d2328f99/0_0_3888_2333/master/3888.jpg?width=445&dpr=1&s=none&crop=none,../Scripts/output/guardian/guardian_images/guardian_2016-08-18_guardian_2a68e10c45_img02.jpg,"‘Because Peter Wadhams says what other scientists will not, he has been slandered, attacked and vilified by denialists and politicians who have advised caution or non-action.’ Photograph: PR",,1,graph,2,photo|photograph,0,likely_visualization
guardian_16f4a3ab57,The Guardian,2016,IPCC,Dalian Atkinson death asks hard questions of police and football,https://www.theguardian.com/uk-news/2016/aug/19/dalian-atkinson-death-asks-hard-questions-of-police-and-football,2016-08-19,2017-11-28,2,https://i.guim.co.uk/img/media/5017e901d282a84ec1237f237354a3ae43702bef/0_148_3500_2099/master/3500.jpg?width=445&dpr=1&s=none&crop=none,../Scripts/output/guardian/guardian_images/guardian_2016-08-19_guardian_16f4a3ab57_img02.jpg,Atkinson and Aston Villa manager Ron Atkinson holding the Coca-Cola Cup in 1994. Photograph: Tony Harris/PA,,1,graph,2,photo|photograph,0,likely_visualization
guardian_16f4a3ab57,The Guardian,2016,IPCC,Dalian Atkinson death asks hard questions of police and football,https://www.theguardian.com/uk-news/2016/aug/19/dalian-atkinson-death-asks-hard-questions-of-police-and-football,2016-08-19,2017-11-28,3,https://i.guim.co.uk/img/media/1ca4bc9215eec70efcfc90dd12ebb64d57b215cd/0_117_3500_2100/master/3500.jpg?width=445&dpr=1&s=none&crop=none,../Scripts/output/guardian/guardian_images/guardian_2016-08-19_guardian_16f4a3ab57_img03.jpg,The scene outside Ernest Atkinson’s house in the Trench area of Telford. Photograph: Joe Giddens/PA,,1,graph,2,photo|photograph,0,likely_visualization
guardian_c563a9c3c1,The Guardian,2016,IPCC,Student wins lawsuit forcing IPCC to re-examine assault claim,https://www.theguardian.com/uk-news/2016/aug/19/student-wins-lawsuit-forcing-police-watchdog-re-examine-assault-claim,2016-08-19,2018-01-11,1,https://i.guim.co.uk/img/media/7ab480b02c0319fe483b8aef08df9bd3c05d09d5/0_75_1417_850/master/1417.jpg?width=465&dpr=1&s=none&crop=none,../Scripts/output/guardian/guardian_images/guardian_2016-08-19_guardian_c563a9c3c1_img01.jpg,The allegation of assault followed a demonstration at Warwick University. Photograph: Paul Cooper,,1,graph,2,photo|photograph,0,likely_visualization
guardian_0c80ff33f3,The Guardian,2016,"""sea level rise""",Green Party candidate Jill Stein calls for climate state of emergency,https://www.theguardian.com/us-news/2016/aug/20/jill-stein-green-party-climate-state-of-emergency,2016-08-20,2021-08-25,1,https://i.guim.co.uk/img/media/81340c77dfbad845d352ef90eaef9938aa3daa22/859_315_1777_1066/master/1777.jpg?width=465&dpr=1&s=none&crop=none,../Scripts/output/guardian/guardian_images/guardian_2016-08-20_guardian_0c80ff33f3_img01.jpg,Jill Stein: ‘We need to acknowledge the true state of emergency we’re in.’ Photograph: MediaPunch/Rex/Shutterstock,,1,graph,2,photo|photograph,0,likely_visualization
guardian_220c79c723,The Guardian,2016,IPCC,"‘Next year or the year after, the Arctic will be free of ice’",https://www.theguardian.com/environment/2016/aug/21/arctic-will-be-ice-free-in-summer-next-year,2016-08-21,2021-08-25,2,https://i.guim.co.uk/img/media/5d9df49ffc3458b65c76347f968f4bb315813745/78_0_1800_1080/master/1800.jpg?width=445&dpr=1&s=none&crop=none,../Scripts/output/guardian/guardian_images/guardian_2016-08-21_guardian_220c79c723_img02.jpg,"An image from the NOAA/Nasa Suomi NPP satellite taken on May 30, 2016, highlights the Arctic ice retreat off the north-west coast of Alaska. The average Arctic sea ice extent for May 2016 set a new record low since satellite observations began. Photograph: Suomi NPP/NASA/NOAA",,1,graph,2,photo|photograph,0,likely_visualization
guardian_53aa5f20d5,The Guardian,2016,"""sea level rise""",Listen to the sand eels on climate change,https://www.theguardian.com/environment/2016/aug/21/listen-to-the-sand-eels-on-climate-change,2016-08-21,2021-10-29,1,https://i.guim.co.uk/img/media/937197135362dc2affd97dca08469fe6b98ba45b/36_76_2291_1374/master/2291.jpg?width=465&dpr=1&s=none&crop=none,../Scripts/output/guardian/guardian_images/guardian_2016-08-21_guardian_53aa5f20d5_img01.jpg,"Lavernock Point, south of Cardiff, a possible northern end of a Severn barrage. Photograph: Martin Godwin.",,1,graph,2,photo|photograph,0,likely_visualization
guardian_70a626d94d,The Guardian,2016,"""1.5C""",Investing in off-grid renewables in the developing world: what you need to know,https://www.theguardian.com/sustainable-business/2016/aug/24/renewables-developing-countries-clean-energy-off-grid-investment-climate-change-mobile-money,2016-08-24,2021-08-25,1,https://i.guim.co.uk/img/media/f92264a47c9e22a247dadebe45791f9b37856b6d/0_84_5795_3477/master/5795.jpg?width=465&dpr=1&s=none&crop=none,../Scripts/output/guardian/guardian_images/guardian_2016-08-24_guardian_70a626d94d_img01.jpg,"A mother lights a kerosene lamp for her child to study by in Masaka, Uganda. The relative cost of small-scale solar systems compared to kerosene or diesel generators makes renewables an increasingly attractive option for those not connected to the grid. Photograph: Alamy",,1,graph,2,photo|photograph,0,likely_visualization
guardian_a92aa666b5,The Guardian,2016,"""sea level rise""","Global warming is melting the Greenland Ice Sheet, fast",https://www.theguardian.com/environment/climate-consensus-97-per-cent/2016/aug/25/global-warming-is-melting-the-greenland-ice-sheet-fast,2016-08-25,2021-08-25,1,https://i.guim.co.uk/img/media/e5d3984d03ab6d20064048e4a6a7ac1f1a5baaa7/0_262_5616_3370/master/5616.jpg?width=465&dpr=1&s=none&crop=none,../Scripts/output/guardian/guardian_images/guardian_2016-08-25_guardian_a92aa666b5_img01.jpg,"Pools of melted ice form atop Jakobshavn Glacier, near the edge of the vast Greenland ice sheet. Photograph: Brennan Linsley/AP",,1,graph,2,photo|photograph,0,likely_visualization
guardian_a92aa666b5,The Guardian,2016,"""sea level rise""","Global warming is melting the Greenland Ice Sheet, fast",https://www.theguardian.com/environment/climate-consensus-97-per-cent/2016/aug/25/global-warming-is-melting-the-greenland-ice-sheet-fast,2016-08-25,2021-08-25,2,https://i.guim.co.uk/img/media/459049e38885240e7998381ba17186a1a7845f64/0_0_468_351/master/468.jpg?width=445&dpr=1&s=none&crop=none,../Scripts/output/guardian/guardian_images/guardian_2016-08-25_guardian_a92aa666b5_img02.jpg,Greenland Ice Sheet Photograph: Briggs/CPOM,,1,graph,2,photo|photograph,0,likely_visualization
guardian_b67ca0e90d,The Guardian,2016,"""sea level rise""",Climate scientists write another letter warning of unfolding crisis for Turnbull to ignore,https://www.theguardian.com/environment/planet-oz/2016/aug/25/climate-scientists-write-another-open-letter-warning-of-unfolding-crisis-for-prime-minister-malcolm-turnbull-to-ignore,2016-08-25,2021-08-25,1,https://i.guim.co.uk/img/media/0e669f8e34c38ef5a829c7e977ad150aa6de91e6/0_145_4342_2605/master/4342.jpg?width=465&dpr=1&s=none&crop=none,../Scripts/output/guardian/guardian_images/guardian_2016-08-25_guardian_b67ca0e90d_img01.jpg,‘The latest letter to drop into Turnbull’s office/social media feed/sack/bin carries the signatures of more than 150 of Australia’s leading scientists.’ Photograph: Mick Tsikas/AAP,,1,graph,2,photo|photograph,0,likely_visualization
guardian_f11c8c8095,The Guardian,2016,IPCC,Two police officers to be interviewed over death of Dalian Atkinson,https://www.theguardian.com/uk-news/2016/aug/25/two-police-officers-to-be-interviewed-over-death-of-dalian-atkinson,2016-08-25,2017-09-20,1,https://i.guim.co.uk/img/media/14f97ce14b38a9c42b1554f8eaf36ceb6b2f6a7f/0_108_1009_605/master/1009.jpg?width=465&dpr=1&s=none&crop=none,../Scripts/output/guardian/guardian_images/guardian_2016-08-25_guardian_f11c8c8095_img01.jpg,Atkinson’s brother said the ex-footballer was ‘in a manic state’ and depressed at the time of the incident. Photograph: Sean Dempsey/PA,,1,graph,2,photo|photograph,0,likely_visualization
guardian_7267c392cf,The Guardian,2016,IPCC,Activists occupy CPS offices over Kingsley Burrell's death,https://www.theguardian.com/uk-news/2016/aug/26/uk-black-lives-matter-kingsley-burrell-death-protest-cps-birmingham-police,2016-08-26,2017-11-28,1,https://i.guim.co.uk/img/media/bcce90faabeaea77f6696812842ab5ee7dd936e5/0_43_2784_1671/master/2784.jpg?width=465&dpr=1&s=none&crop=none,../Scripts/output/guardian/guardian_images/guardian_2016-08-26_guardian_7267c392cf_img01.jpg,Black Lives Matter protesters occupy the lobby of the CPS after rally in front of Birmingham Cathedral. Photograph: Richard Vernalls/PA,,1,graph,2,photo|photograph,0,likely_visualization
guardian_7267c392cf,The Guardian,2016,IPCC,Activists occupy CPS offices over Kingsley Burrell's death,https://www.theguardian.com/uk-news/2016/aug/26/uk-black-lives-matter-kingsley-burrell-death-protest-cps-birmingham-police,2016-08-26,2017-11-28,2,https://i.guim.co.uk/img/media/353df3129e6a39be1f06f1059bd221beec16e096/0_379_1560_936/master/1560.jpg?width=445&dpr=1&s=none&crop=none,../Scripts/output/guardian/guardian_images/guardian_2016-08-26_guardian_7267c392cf_img02.jpg,"Kingsley Burrell, who was detained under the Mental Health Act, died as a result of neglect by police and ambulance staff who forcibly restrained him, an inquest found. Photograph: PA",,1,graph,2,photo|photograph,0,likely_visualization
guardian_20284ee5e9,The Guardian,2016,"""global temperature""",Greg Hunt's approval of Adani's Queensland mine upheld by federal court,https://www.theguardian.com/australia-news/2016/aug/29/greg-hunts-approval-of-adanis-queensland-mine-upheld-by-federal-court,2016-08-29,2021-08-25,1,https://i.guim.co.uk/img/media/73b482e2ed329244b9cd3a94d08fb4121d1e2ee0/0_0_4032_3024/master/4032.jpg?width=465&dpr=1&s=none&crop=none,../Scripts/output/guardian/guardian_images/guardian_2016-08-29_guardian_20284ee5e9_img01.jpg,More than 100 protesters outside Queensland’s parliament in Brisbane in April rally against the state government granting a mining lease to Adani. Photograph: Nathan Paull/AAP,,1,graph,2,photo|photograph,0,likely_visualization
guardian_86bf2fe103,The Guardian,2016,"""sea level rise""",The Anthropocene epoch: scientists declare dawn of human-influenced age,https://www.theguardian.com/environment/2016/aug/29/declare-anthropocene-epoch-experts-urge-geological-congress-human-impact-earth,2016-08-29,2021-10-29,5,https://i.guim.co.uk/img/media/c8fefb8d64ede01c7f9d65c77b2169c1fa34f535/0_96_5100_3060/master/5100.jpg?width=445&dpr=1&s=none&crop=none,../Scripts/output/guardian/guardian_images/guardian_2016-08-29_guardian_86bf2fe103_img05.jpg,The domestic chicken is a serious contender to be a fossil that defines the Anthropocene for future geologists. Photograph: Alamy,,1,graph,2,photo|photograph,0,likely_visualization
guardian_e556f2b857,The Guardian,2016,IPCC,UK police forces under pressure to stop using spit hoods,https://www.theguardian.com/law/2016/aug/29/uk-police-forces-under-pressure-to-stop-using-spit-hoods,2016-08-29,2018-01-11,1,https://i.guim.co.uk/img/media/9057ccec3b1d116519d9f392e72023ad9c5aff5c/0_0_2088_1253/master/2088.jpg?width=465&dpr=1&s=none&crop=none,../Scripts/output/guardian/guardian_images/guardian_2016-08-29_guardian_e556f2b857_img01.jpg,Police restrain a man in London. The Met police does not sanction the use of spit hoods. Photograph: Martin Godwin/The Guardian,,1,graph,2,photo|photograph,0,likely_visualization
guardian_92f87ab801,The Guardian,2016,"""global temperature""","Nasa: Earth is warming at a pace 'unprecedented in 1,000 years'",https://www.theguardian.com/environment/2016/aug/30/nasa-climate-change-warning-earth-temperature-warming,2016-08-30,2021-08-25,1,https://i.guim.co.uk/img/media/ba9d1ee6e3e6fb9df2f22801f85935ac6298f156/0_240_3376_2025/master/3376.jpg?width=465&dpr=1&s=none&crop=none,../Scripts/output/guardian/guardian_images/guardian_2016-08-30_guardian_92f87ab801_img01.jpg,"The sun sets beyond visitors to Liberty Memorial as the temperature hovers around 100F in Kansas City, Missouri, last month. Photograph: Charlie Riedel/AP",,1,graph,2,photo|photograph,0,likely_visualization
guardian_92f87ab801,The Guardian,2016,"""global temperature""","Nasa: Earth is warming at a pace 'unprecedented in 1,000 years'",https://www.theguardian.com/environment/2016/aug/30/nasa-climate-change-warning-earth-temperature-warming,2016-08-30,2021-08-25,2,https://i.guim.co.uk/img/media/0b7b8b252ecfc279ac981af3fb13976de2a0485f/0_0_720_237/master/720.png?width=445&dpr=1&s=none&crop=none,../Scripts/output/guardian/guardian_images/guardian_2016-08-30_guardian_92f87ab801_img02.png,Proxy-based temperature reconstruction. Photograph: Nasa Earth Observatory,,1,graph,2,photo|photograph,0,likely_visualization
guardian_d9d9491c51,The Guardian,2016,IPCC,Woman and boy die as car chased by police in South London ploughs into family,https://www.theguardian.com/uk-news/2016/aug/31/two-dead-car-chase-police-crashes-into-pedestrians-penge-london,2016-08-31,2017-11-28,1,https://i.guim.co.uk/img/media/b325199bcd01a00ca2812c67a5b103de1e530682/0_0_2540_1524/master/2540.jpg?width=445&dpr=1&s=none&crop=none,../Scripts/output/guardian/guardian_images/guardian_2016-08-31_guardian_d9d9491c51_img01.jpg,Rosie Cooper and nephew Makayah McDermott Photograph: Facebook,,1,graph,2,photo|photograph,0,likely_visualization
guardian_d9d9491c51,The Guardian,2016,IPCC,Woman and boy die as car chased by police in South London ploughs into family,https://www.theguardian.com/uk-news/2016/aug/31/two-dead-car-chase-police-crashes-into-pedestrians-penge-london,2016-08-31,2017-11-28,2,https://i.guim.co.uk/img/media/eb2b02f3ba5b2d88dd7318771483b6735f9639b4/0_117_3500_2101/master/3500.jpg?width=445&dpr=1&s=none&crop=none,../Scripts/output/guardian/guardian_images/guardian_2016-08-31_guardian_d9d9491c51_img02.jpg,"Forensic officers examine a car at the scene in Lennard Road, Penge in south-east London. Photograph: Dominic Lipinski/PA",,1,graph,2,photo|photograph,0,likely_visualization
guardian_d9d9491c51,The Guardian,2016,IPCC,Woman and boy die as car chased by police in South London ploughs into family,https://www.theguardian.com/uk-news/2016/aug/31/two-dead-car-chase-police-crashes-into-pedestrians-penge-london,2016-08-31,2017-11-28,3,https://i.guim.co.uk/img/media/4e7bde4988ba9a8553a8ed6d2a17ec57f112b744/265_21_2883_1730/master/2883.jpg?width=445&dpr=1&s=none&crop=none,../Scripts/output/guardian/guardian_images/guardian_2016-08-31_guardian_d9d9491c51_img03.jpg,Independent Police Complaints Commission investigators make door-to-door visits in Penge. Photograph: Dominic Lipinski/PA,,1,graph,2,photo|photograph,0,likely_visualization
guardian_a9b839fe88,The Guardian,2016,IPCC,Met confirms it has reviewed vehicle pursuit policy,https://www.theguardian.com/uk-news/2016/sep/01/met-confirms-it-has-reviewed-vehicle-pursuit-policy,2016-09-01,2017-11-28,1,https://i.guim.co.uk/img/media/4176dd5b6eeb8ca52ccc69e5eaf2ea273c19edcb/939_402_3986_2391/master/3986.jpg?width=465&dpr=1&s=none&crop=none,../Scripts/output/guardian/guardian_images/guardian_2016-09-01_guardian_a9b839fe88_img01.jpg,"Police attend the scene of the fatal crash on 31 August, reportedly of a stolen car pursued by officers. Photograph: Rex/Shutterstock",,1,graph,2,photo|photograph,0,likely_visualization
guardian_dafaf818e3,The Guardian,2016,"""carbon budget""","'We’re not going anywhere,' say Climate Change Authority dissenters",https://www.theguardian.com/environment/planet-oz/2016/sep/05/were-not-going-anywhere-say-climate-change-authority-dissenters,2016-09-05,2021-08-25,2,https://i.guim.co.uk/img/media/4a37e8c781cdd76d0a3ba9eb69cea509abc28933/2458_824_1459_876/master/1459.jpg?width=445&dpr=1&s=none&crop=none,../Scripts/output/guardian/guardian_images/guardian_2016-09-05_guardian_dafaf818e3_img02.jpg,David Karoly and Clive Hamilton have refused to endorse the Climate Change Authority’s report. Photograph: Alan Porritt/AAP,,1,graph,2,photo|photograph,0,likely_visualization
guardian_5eaeb233bf,The Guardian,2016,"""global temperature""",Corbyn pledges to ban fracking as part of Labour's new green agenda,https://www.theguardian.com/environment/2016/sep/07/fracking-corbyn-pledges-to-ban-as-part-of-labours-new-green-agenda,2016-09-07,2021-08-25,1,https://i.guim.co.uk/img/media/225c7919b591b53d18d09c85c975b72160c1d7a9/0_128_5760_3456/master/5760.jpg?width=465&dpr=1&s=none&crop=none,../Scripts/output/guardian/guardian_images/guardian_2016-09-07_guardian_5eaeb233bf_img01.jpg,Corbyn’s environmental and energy manifesto says that fracking is ‘not compatible with climate change prevention’. Photograph: Christopher Thomond/The Guardian,,1,graph,2,photo|photograph,0,likely_visualization
guardian_fab60b37e6,The Guardian,2016,"""1.5C""",Why Labour is putting energy reform at the heart of its green agenda,https://www.theguardian.com/environment/blog/2016/sep/07/why-labour-is-putting-energy-reform-at-heart-of-its-green-agenda-jeremy-corbyn,2016-09-07,2021-08-25,1,https://i.guim.co.uk/img/media/5313aac76a7f159a45434e4d5e547e526717fdd7/0_327_5120_3074/master/5120.jpg?width=465&dpr=1&s=none&crop=none,../Scripts/output/guardian/guardian_images/guardian_2016-09-07_guardian_fab60b37e6_img01.jpg,"Solar panels on a barn roof in England. Labour estimates they will create 316,000 jobs in wind, solar and wave power. Photograph: Kristian Buus/Alamy",,1,graph,2,photo|photograph,0,likely_visualization
guardian_4848dcd635,The Guardian,2016,"""global temperature""",Flooding: UK government plans for more extreme rainfall,https://www.theguardian.com/environment/2016/sep/08/flooding-uk-government-plans-for-more-extreme-rainfall,2016-09-08,2021-08-25,1,https://i.guim.co.uk/img/media/e096549bba32dc01025447bee7a77521086c9e13/0_540_4252_2551/master/4252.jpg?width=465&dpr=1&s=none&crop=none,../Scripts/output/guardian/guardian_images/guardian_2016-09-08_guardian_4848dcd635_img01.jpg,"Flooding in the village of Aberfeldy, Perthshire, Scotland, 2015. Critical infrastructure, such as water and telecoms, are at serious risk from floods. Photograph: Catriona Webster/PA",,1,graph,2,photo|photograph,0,likely_visualization
guardian_e3df32b65d,The Guardian,2016,"""global temperature""",Brexit is 'opportunity to rethink flood protection',https://www.theguardian.com/environment/2016/sep/08/brexit-is-opportunity-to-rethink-flood-protection,2016-09-08,2020-02-03,1,https://i.guim.co.uk/img/media/0d7f5ac3ac6013eefd6aba520b5349e45054cc09/0_69_2000_1200/master/2000.jpg?width=465&dpr=1&s=none&crop=none,../Scripts/output/guardian/guardian_images/guardian_2016-09-08_guardian_e3df32b65d_img01.jpg,"Flooding in Glenridding, Cumbria, last December. Photograph: Owen Humphreys/PA",,1,graph,2,photo|photograph,0,likely_visualization
guardian_e1bd2baa86,The Guardian,2016,IPCC,Downing Street ‘used police and courts to smear Orgreave miners’,https://www.theguardian.com/politics/2016/sep/10/orgreave-miners-strike-planned-police-attack-evidence-inquiry,2016-09-10,2017-12-02,1,https://i.guim.co.uk/img/media/15afcdd93ae2813e7a5392840d6aaf85feb07205/0_171_4956_2973/master/4956.jpg?width=465&dpr=1&s=none&crop=none,../Scripts/output/guardian/guardian_images/guardian_2016-09-10_guardian_e1bd2baa86_img01.jpg,Striking miners flee a charge by mounted police at Orgreave coking works in south Yorkshire in 1984. Photograph: Rex,,1,graph,2,photo|photograph,0,likely_visualization
guardian_823b2c0de9,The Guardian,2016,IPCC,Mzee Mohammed death: police watchdog seeks female witness,https://www.theguardian.com/uk-news/2016/sep/11/mzee-mohammed-death-police-watchdog-seeks-female-witness,2016-09-11,2018-01-11,1,https://i.guim.co.uk/img/media/5814d3e6e745aaff3cd8b6cd62c85c019dee1c96/0_254_5128_3077/master/5128.jpg?width=465&dpr=1&s=none&crop=none,../Scripts/output/guardian/guardian_images/guardian_2016-09-11_guardian_823b2c0de9_img01.jpg,"Liverpool One shopping centre, where Mzee Mohammed was detained by police. Photograph: Jeff Blackler/Rex Features",,1,graph,2,photo|photograph,0,likely_visualization
guardian_34a6baf0c7,The Guardian,2016,IPCC,Stephen Lawrence police investigate whether bag strap was used for weapon,https://www.theguardian.com/uk-news/2016/sep/12/stephen-lawrence-case-police-think-bag-strap-could-have-been-used-for-weapon,2016-09-12,2017-11-28,1,https://i.guim.co.uk/img/media/49318561f0916673ee65c9cc92361df7899b4216/0_313_3648_2189/master/3648.jpg?width=465&dpr=1&s=none&crop=none,../Scripts/output/guardian/guardian_images/guardian_2016-09-12_guardian_34a6baf0c7_img01.jpg,Photograph issued by the Metropolitan police of the bag strap found at the scene of the murder. Photograph: PA,,1,graph,2,photo|photograph,0,likely_visualization
guardian_31a06ab189,The Guardian,2016,"""global temperature""",Debunking Malcolm Roberts: the case against a climate science denier,https://www.theguardian.com/environment/2016/sep/14/debunking-malcolm-roberts-the-case-against-a-climate-science-denier,2016-09-14,2021-08-25,2,https://i.guim.co.uk/img/media/b18edd75160b4e9a10e827d991f024399804d53a/0_0_3884_2589/master/3884.jpg?width=445&dpr=1&s=none&crop=none,../Scripts/output/guardian/guardian_images/guardian_2016-09-14_guardian_31a06ab189_img02.jpg,"One Nation’s Pauline Hanson with fellow senator Malcolm Roberts, who is a climate science denier. Photograph: Dan Peled/AAP",,1,graph,2,photo|photograph,0,likely_visualization
guardian_31a06ab189,The Guardian,2016,"""global temperature""",Debunking Malcolm Roberts: the case against a climate science denier,https://www.theguardian.com/environment/2016/sep/14/debunking-malcolm-roberts-the-case-against-a-climate-science-denier,2016-09-14,2021-08-25,3,https://i.guim.co.uk/img/media/e4f8d486b734e8fa895310e3fa506096038f71b1/94_41_768_398/master/768.png?width=445&dpr=1&s=none&crop=none,../Scripts/output/guardian/guardian_images/guardian_2016-09-14_guardian_31a06ab189_img03.png,Global surface air and sea surface temperatures between 1998 and 2013. Photograph: Nasa,,1,graph,2,photo|photograph,0,likely_visualization
guardian_31a06ab189,The Guardian,2016,"""global temperature""",Debunking Malcolm Roberts: the case against a climate science denier,https://www.theguardian.com/environment/2016/sep/14/debunking-malcolm-roberts-the-case-against-a-climate-science-denier,2016-09-14,2021-08-25,4,https://i.guim.co.uk/img/media/6470f5aa52ac9dda925867fe1a2d4463c49b407d/0_0_1130_600/master/1130.png?width=445&dpr=1&s=none&crop=none,../Scripts/output/guardian/guardian_images/guardian_2016-09-14_guardian_31a06ab189_img04.png,Global surface air and sea surface temperatures since 1880. The blue box indicates the small region used to suggest global warming had stopped. Photograph: NASA,,1,graph,2,photo|photograph,0,likely_visualization
guardian_31a06ab189,The Guardian,2016,"""global temperature""",Debunking Malcolm Roberts: the case against a climate science denier,https://www.theguardian.com/environment/2016/sep/14/debunking-malcolm-roberts-the-case-against-a-climate-science-denier,2016-09-14,2021-08-25,7,https://i.guim.co.uk/img/media/603c681ff6d8d51433fa41edaed3764e5986c0f1/0_0_550_430/master/550.jpg?width=445&dpr=1&s=none&crop=none,../Scripts/output/guardian/guardian_images/guardian_2016-09-14_guardian_31a06ab189_img07.jpg,Before (top) and after (bottom) adjusting the models so they projected temperatures in a way that could be compared like-for-like with observations. Photograph: Schmidt et al. (2014),,1,graph,2,photo|photograph,0,likely_visualization
guardian_665dbedecd,The Guardian,2016,IPCC,Trump and the Republican Party are doing Big Oil's bidding,https://www.theguardian.com/environment/climate-consensus-97-per-cent/2016/sep/14/trump-and-the-republican-party-are-doing-big-oils-bidding,2016-09-14,2021-08-25,1,https://i.guim.co.uk/img/media/96f44b5a051855021856a31a0c11c52345355dc1/0_0_4386_2632/master/4386.jpg?width=465&dpr=1&s=none&crop=none,../Scripts/output/guardian/guardian_images/guardian_2016-09-14_guardian_665dbedecd_img01.jpg,"Republican presidential candidate Donald Trump walks in the rain with Florida Attorney General Pam Bondi, who is among the Republican attorneys general that received donations from the fossil fuel industry and sued to halt the Clean Power Plan. Photograph: Gerald Herbert/AP",,1,graph,2,photo|photograph,0,likely_visualization
guardian_49e864267e,The Guardian,2016,"""global temperature""",Lives in the balance: climate change and the Marshall Islands,https://www.theguardian.com/environment/2016/sep/15/marshall-islands-climate-change-springdale-arkansas,2016-09-15,2021-08-25,1,https://i.guim.co.uk/img/media/e130dd4cea63b320965914f2cb28e1bb2f85b028/0_0_5760_3840/master/5760.jpg?width=445&dpr=1&s=none&crop=none,../Scripts/output/guardian/guardian_images/guardian_2016-09-15_guardian_49e864267e_img01.jpg,Unemployment in the Marshall Islands is about 36% and many chose to leave in search of employment in the US. Photograph: Mae Ryan/The Guardian,,1,graph,2,photo|photograph,0,likely_visualization
guardian_49e864267e,The Guardian,2016,"""global temperature""",Lives in the balance: climate change and the Marshall Islands,https://www.theguardian.com/environment/2016/sep/15/marshall-islands-climate-change-springdale-arkansas,2016-09-15,2021-08-25,2,https://i.guim.co.uk/img/media/ed8dbe8977aec7305bcb9d6a9a9654031d73e6f3/0_0_5760_3840/master/5760.jpg?width=445&dpr=1&s=none&crop=none,../Scripts/output/guardian/guardian_images/guardian_2016-09-15_guardian_49e864267e_img02.jpg,"A child plays in a cemetery on Majuro, the capital of the Marshall Islands. With the increase in King Tides, some cemeteries on the island are being washed out to sea. Photograph: Mae Ryan/The Guardian",,1,graph,2,photo|photograph,0,likely_visualization
guardian_49e864267e,The Guardian,2016,"""global temperature""",Lives in the balance: climate change and the Marshall Islands,https://www.theguardian.com/environment/2016/sep/15/marshall-islands-climate-change-springdale-arkansas,2016-09-15,2021-08-25,3,https://i.guim.co.uk/img/media/42309f164b7a10318b1c5d8645bfe29fdc4e9c2b/0_0_5760_3840/master/5760.jpg?width=445&dpr=1&s=none&crop=none,../Scripts/output/guardian/guardian_images/guardian_2016-09-15_guardian_49e864267e_img03.jpg,Children play volleyball in Majuro where the minimum wage is $2 and half the population is under 24. Photograph: Mae Ryan/The Guardian,,1,graph,2,photo|photograph,0,likely_visualization
guardian_49e864267e,The Guardian,2016,"""global temperature""",Lives in the balance: climate change and the Marshall Islands,https://www.theguardian.com/environment/2016/sep/15/marshall-islands-climate-change-springdale-arkansas,2016-09-15,2021-08-25,4,https://i.guim.co.uk/img/media/53cb15191f8e729e0e207e9bc15b85d3f9f46137/0_0_5643_3762/master/5643.jpg?width=445&dpr=1&s=none&crop=none,../Scripts/output/guardian/guardian_images/guardian_2016-09-15_guardian_49e864267e_img04.jpg,"Teenagers get ready for the first Marshallese beauty contest in Springdale, Arkansas. This year’s theme is climate change. Photograph: Mae Ryan/The Guardian",,1,graph,2,photo|photograph,0,likely_visualization
guardian_49e864267e,The Guardian,2016,"""global temperature""",Lives in the balance: climate change and the Marshall Islands,https://www.theguardian.com/environment/2016/sep/15/marshall-islands-climate-change-springdale-arkansas,2016-09-15,2021-08-25,5,https://i.guim.co.uk/img/media/d251a2f9ddcae9502082953cac1f831c3e5a4734/0_0_5760_3840/master/5760.jpg?width=445&dpr=1&s=none&crop=none,../Scripts/output/guardian/guardian_images/guardian_2016-09-15_guardian_49e864267e_img05.jpg,"Marshallese men and women celebrate Constitution Day in Springdale, Arkansas. Photograph: Mae Ryan/The Guardian",,1,graph,2,photo|photograph,0,likely_visualization
guardian_49e864267e,The Guardian,2016,"""global temperature""",Lives in the balance: climate change and the Marshall Islands,https://www.theguardian.com/environment/2016/sep/15/marshall-islands-climate-change-springdale-arkansas,2016-09-15,2021-08-25,6,https://i.guim.co.uk/img/media/973dd14993f2bdb8d9c1448bee50eca8bd1acda6/0_0_5289_3526/master/5289.jpg?width=445&dpr=1&s=none&crop=none,../Scripts/output/guardian/guardian_images/guardian_2016-09-15_guardian_49e864267e_img06.jpg,"A child plays with trash in Majuro, the capital of the Marshall Islands, where 20,000 people live. Photograph: Mae Ryan/The Guardian",,1,graph,2,photo|photograph,0,likely_visualization
guardian_5c0d116622,The Guardian,2016,IPCC,Sean Rigg: CPS rules out charges against police over station death,https://www.theguardian.com/uk-news/2016/sep/15/sean-rigg-cps-rules-out-charges-police-officers-death-in-custody,2016-09-15,2018-01-11,1,https://i.guim.co.uk/img/media/9bc4e6fd3710616602928b1959730822590b086e/0_671_1463_878/master/1463.jpg?width=465&dpr=1&s=none&crop=none,../Scripts/output/guardian/guardian_images/guardian_2016-09-15_guardian_5c0d116622_img01.jpg,"Sean Rigg, who died in 2008. Photograph: PA",,1,graph,2,photo|photograph,0,likely_visualization
guardian_8a0f3b64e1,The Guardian,2016,IPCC,Labour presses Amber Rudd for decision on Battle of Orgreave inquiry,https://www.theguardian.com/politics/2016/sep/15/labour-amber-rudd-decision-battle-of-orgreave-inquiry,2016-09-15,2017-09-20,1,https://i.guim.co.uk/img/media/936944e9fc24e3d09a0e797dcaca5f8c8dcde335/0_265_4552_2731/master/4552.jpg?width=465&dpr=1&s=none&crop=none,../Scripts/output/guardian/guardian_images/guardian_2016-09-15_guardian_8a0f3b64e1_img01.jpg,Miners and police clash in Orgreave in 1984. Photograph: Don McPhee/The Guardian,,1,graph,2,photo|photograph,0,likely_visualization
guardian_9861ec5be8,The Guardian,2016,"""global temperature""",Global investment in energy falls but renewables remain strong,https://www.theguardian.com/environment/2016/sep/15/global-investment-in-energy-falls-but-renewables-remain-strong,2016-09-15,2021-08-25,1,https://i.guim.co.uk/img/media/b22d79ebe1c67d248cbbc085af2b89fcdf31c6e8/0_2_6504_3903/master/6504.jpg?width=465&dpr=1&s=none&crop=none,../Scripts/output/guardian/guardian_images/guardian_2016-09-15_guardian_9861ec5be8_img01.jpg,Xinyi solar power station in Songxi. China remained the world’s biggest investor in energy worldwide last year. Photograph: Feature China / Barcroft Images,,1,graph,2,photo|photograph,0,likely_visualization
guardian_d5c8eeedfb,The Guardian,2016,IPCC,Five police may face action over student in vegetative state,https://www.theguardian.com/uk-news/2016/sep/15/five-police-officers-may-face-action-over-arrest-of-university-student-bedfordshire-police,2016-09-15,2018-01-11,1,https://i.guim.co.uk/img/media/22a0aa330aa2a5b064a8c7d94fc1fc0c94afeb63/0_317_960_576/master/960.jpg?width=465&dpr=1&s=none&crop=none,../Scripts/output/guardian/guardian_images/guardian_2016-09-15_guardian_d5c8eeedfb_img01.jpg,Julian Cole after his injuries. Photograph: Family,,1,graph,2,photo|photograph,0,likely_visualization
guardian_d5c8eeedfb,The Guardian,2016,IPCC,Five police may face action over student in vegetative state,https://www.theguardian.com/uk-news/2016/sep/15/five-police-officers-may-face-action-over-arrest-of-university-student-bedfordshire-police,2016-09-15,2018-01-11,2,https://i.guim.co.uk/img/media/22edf95328a530bdbc02887fc3dc971e0b414b3d/17_57_910_546/master/910.jpg?width=445&dpr=1&s=none&crop=none,../Scripts/output/guardian/guardian_images/guardian_2016-09-15_guardian_d5c8eeedfb_img02.jpg,Julian Cole before the incident. Photograph: Family collect,,1,graph,2,photo|photograph,0,likely_visualization
guardian_bafa3aa21d,The Guardian,2016,"""global temperature""",The Observer view on global warming,https://www.theguardian.com/commentisfree/2016/sep/17/arctic-sea-ice-climate-change-britain-must-commit-to-paris-agreement,2016-09-17,2021-08-25,1,https://i.guim.co.uk/img/media/089ad8e50f89a573768c997cabddea38e8a9740b/0_914_6800_4080/master/6800.jpg?width=465&dpr=1&s=none&crop=none,../Scripts/output/guardian/guardian_images/guardian_2016-09-17_guardian_bafa3aa21d_img01.jpg,A Nasa image shows receding ice cover over northern Canada. Photograph: MODIS/Aqua/Nasa,,1,graph,2,photo|photograph,0,likely_visualization
guardian_7aff952001,The Guardian,2016,"""global temperature""",New study undercuts favorite climate myth ‘more CO2 is good for plants’,https://www.theguardian.com/environment/climate-consensus-97-per-cent/2016/sep/19/new-study-undercuts-favorite-climate-myth-more-co2-is-good-for-plants,2016-09-19,2021-08-25,1,https://i.guim.co.uk/img/media/5b326184db8ecc5695be2788d20ffd4d52f3725c/874_0_8333_5000/master/8333.jpg?width=465&dpr=1&s=none&crop=none,../Scripts/output/guardian/guardian_images/guardian_2016-09-19_guardian_7aff952001_img01.jpg,Composite image of Earth from the ring of geostationary satellites in orbit high above above the Earth. Photograph: 2016 EUMETSAT,,1,graph,2,photo|photograph,0,likely_visualization
guardian_f85f8a4bc1,The Guardian,2016,IPCC,The rules on questioning criminal suspects are there for a reason,https://www.theguardian.com/commentisfree/2016/sep/20/rules-questioning-criminal-suspects-steve-fulcher-murderer-chris-halliwell,2016-09-20,2017-09-20,1,https://i.guim.co.uk/img/media/362b3b1821f52b9516403a65237f11eafd07604f/0_491_1770_1062/master/1770.jpg?width=465&dpr=1&s=none&crop=none,../Scripts/output/guardian/guardian_images/guardian_2016-09-20_guardian_f85f8a4bc1_img01.jpg,"Detective Superintendent Steve Fulcher, who obtained a confession from Chris Halliwell that was deemed inadmissible as he had not yet been given access to a lawyer. Photograph: Steve Parsons/PA",,1,graph,2,photo|photograph,0,likely_visualization
guardian_b10bb747a3,The Guardian,2016,"""global temperature""",Paris climate agreement poised to come into force,https://www.theguardian.com/environment/2016/sep/21/paris-climate-agreement-poised-to-come-into-force,2016-09-21,2021-08-25,1,https://i.guim.co.uk/img/media/bf0eab51152f9048070d0fb5c4f7ab833858cb8b/0_0_3500_2100/master/3500.jpg?width=465&dpr=1&s=none&crop=none,../Scripts/output/guardian/guardian_images/guardian_2016-09-21_guardian_b10bb747a3_img01.jpg,"The US secretary of state, John Kerry, speaking at the UN general assembly in New York. He called imminent ratification of the Paris agreement an ‘exciting moment’. Photograph: Richard Drew/AP",,1,graph,2,photo|photograph,0,likely_visualization
guardian_1fa71a7ef3,The Guardian,2016,"""global temperature""","Soil carbon storage not the climate change fix it was thought, research finds",https://www.theguardian.com/environment/2016/sep/22/soil-carbon-storage-not-the-climate-change-fix-it-was-thought-research-finds,2016-09-22,2021-08-25,1,https://i.guim.co.uk/img/media/98d2bff3b78ab7c2550411f05860ca56aaeba955/0_309_3054_1833/master/3054.jpg?width=465&dpr=1&s=none&crop=none,../Scripts/output/guardian/guardian_images/guardian_2016-09-22_guardian_1fa71a7ef3_img01.jpg,Scientists have found that a large amount of the greenhouse gas that it was previously thought could be stored in the soil will actually stay in the atmosphere. Photograph: Bullit Marquez/AP,,1,graph,2,photo|photograph,0,likely_visualization
guardian_89c9a17845,The Guardian,2016,"""carbon budget""",Galilee basin coal must be left in ground as a ‘priority’ – new report,https://www.theguardian.com/environment/2016/sep/22/galilee-basin-coal-must-be-left-in-ground-as-a-priority-new-report,2016-09-22,2021-08-25,1,https://i.guim.co.uk/img/media/0e3a85bcb46a55eb109c5013276055f564e97e9c/723_365_1775_1065/master/1775.jpg?width=465&dpr=1&s=none&crop=none,../Scripts/output/guardian/guardian_images/guardian_2016-09-22_guardian_89c9a17845_img01.jpg,A coalmine in the Galilee basin in central Queensland. A new report shows that existing fossil fuel projects worldwide are enough to push global warming beyond 2C. Photograph: Andrew Quilty/Greenpeace/AAP,,1,graph,2,photo|photograph,0,likely_visualization
guardian_1d573d43ea,The Guardian,2016,"""sea level rise""","US emissions set to miss 2025 target in Paris climate change deal, research finds",https://www.theguardian.com/science/2016/sep/26/us-climate-change-emissions-miss-2025-target-research,2016-09-26,2021-08-25,1,https://i.guim.co.uk/img/media/5db72c1af8cd0e8e4d6fe27536c17d8b3ee17c86/0_164_4912_2948/master/4912.jpg?width=465&dpr=1&s=none&crop=none,../Scripts/output/guardian/guardian_images/guardian_2016-09-26_guardian_1d573d43ea_img01.jpg,"A coal-fired power station on the Ohio river near Shippingport, Pennsylvania. Photograph: Alamy",,1,graph,2,photo|photograph,0,likely_visualization
guardian_62ba9a2a97,The Guardian,2016,"""1.5C""",Climate change challenge to Gina Rinehart’s Alpha mine dismissed by court,https://www.theguardian.com/environment/2016/sep/27/climate-change-challenge-to-gina-rineharts-alpha-mine-dismissed-by-court,2016-09-27,2021-08-25,1,https://i.guim.co.uk/img/media/c306b6dbe95825c8c90b5807b674403fea23bd87/0_160_2500_1500/master/2500.jpg?width=465&dpr=1&s=none&crop=none,../Scripts/output/guardian/guardian_images/guardian_2016-09-27_guardian_62ba9a2a97_img01.jpg,Gina Rinehart’s Alpha coal project in Queensland’s Galilee basin. The proposed 30m tonne-a-year mine was challenged in Queensland’s land court and the supreme court. Photograph: Andrew Quilty/AAP,,1,graph,2,photo|photograph,0,likely_visualization
guardian_f61ce9932f,The Guardian,2016,"""1.5C""",Can the aviation industry finally clean up its emissions?,https://www.theguardian.com/environment/2016/sep/27/can-the-aviation-industry-finally-clean-up-its-emissions,2016-09-27,2021-08-25,1,https://i.guim.co.uk/img/media/dfbabd74c38c6c66ffb717492476c999a6d59c23/0_0_2100_1260/master/2100.jpg?width=465&dpr=1&s=none&crop=none,../Scripts/output/guardian/guardian_images/guardian_2016-09-27_guardian_f61ce9932f_img01.jpg,"There have been around 2,500 flights powered by biofuels, while aviation emissions are expected to quadruple by 2050. Photograph: Jeffrey Milstein/Gatwick Airport/PA",,1,graph,2,photo|photograph,0,likely_visualization
guardian_20f100fdc3,The Guardian,2016,IPCC,"Scientists are giving advice, but are governments listening?",https://www.theguardian.com/science/political-science/2016/sep/28/scientists-are-giving-advice-but-are-governments-listening,2016-09-28,2017-05-09,1,https://i.guim.co.uk/img/media/69345686d863cef6302b80028bf42a130c5bcd93/0_19_580_348/master/580.jpg?width=465&dpr=1&s=none&crop=none,../Scripts/output/guardian/guardian_images/guardian_2016-09-28_guardian_20f100fdc3_img01.jpg,"Members of the high level group of the European Commission’s new Scientific Advice Mechanism, seen here with Commissioner Moedas (centre), are among the contributors to this week’s summit of the International Network for Government Science Advice. Photograph: European Commission",,1,graph,2,photo|photograph,0,likely_visualization
guardian_2d5297019c,The Guardian,2016,"""global temperature""",BP and Shell investors urged to reward bosses for backing green energy,https://www.theguardian.com/business/2016/sep/29/bp-shell-investors-green-energy-climate-change-shareholders-oil-pay-policies-vote,2016-09-28,2021-08-25,1,https://i.guim.co.uk/img/media/70b99add8be6f2ec919446e4712871985e9bc705/0_0_5616_3370/master/5616.jpg?width=465&dpr=1&s=none&crop=none,../Scripts/output/guardian/guardian_images/guardian_2016-09-28_guardian_2d5297019c_img01.jpg,BP’s Sullom Voe oil terminal in the Shetland Islands. Photograph: Murdo MacLeod/The Guardian,,1,graph,2,photo|photograph,0,likely_visualization
guardian_2d5297019c,The Guardian,2016,"""global temperature""",BP and Shell investors urged to reward bosses for backing green energy,https://www.theguardian.com/business/2016/sep/29/bp-shell-investors-green-energy-climate-change-shareholders-oil-pay-policies-vote,2016-09-28,2021-08-25,2,https://i.guim.co.uk/img/media/e242a0c3cf896c89315bfc124768a943ee423966/431_112_3315_4141/master/3315.jpg?width=445&dpr=1&s=none&crop=none,../Scripts/output/guardian/guardian_images/guardian_2016-09-28_guardian_2d5297019c_img02.jpg,Catherine Howarth has called for BP and Shell investors to ‘walk the talk’ next year. Photograph: Linda Nylind/The Guardian,,1,graph,2,photo|photograph,0,likely_visualization
guardian_a70311379c,The Guardian,2016,"""sea level rise""",New York City accelerates emissions efforts in face of daunting sea level rise,https://www.theguardian.com/us-news/2016/sep/27/new-york-city-emissions-sea-level-rise-climate-change,2016-09-28,2021-08-25,1,https://i.guim.co.uk/img/media/0b82c921b32483502de534cca2b978030521f258/0_188_2912_1747/master/2912.jpg?width=465&dpr=1&s=none&crop=none,../Scripts/output/guardian/guardian_images/guardian_2016-09-28_guardian_a70311379c_img01.jpg,Solar panels on a Rockefeller Center rooftop in midtown Manhattan in New York. Photograph: Mark Lennihan/AP,,1,graph,2,photo|photograph,0,likely_visualization
guardian_48ff96ca13,The Guardian,2016,"""carbon budget""",Chief scientist defends Climate Change Authority review against dissenters,https://www.theguardian.com/science/2016/sep/30/chief-scientist-defends-climate-change-authority-review-against-dissenters,2016-09-30,2021-08-25,1,https://i.guim.co.uk/img/media/e0c95a45a9c36f33f322abe36c90fbb0db11aa2f/177_128_3124_1876/master/3124.jpg?width=465&dpr=1&s=none&crop=none,../Scripts/output/guardian/guardian_images/guardian_2016-09-30_guardian_48ff96ca13_img01.jpg,"The chief scientist, Alan Finkel, has come to the defence of the Climate Change Authority report on emissions strategy. Photograph: Mick Tsikas/AAP",,1,graph,2,photo|photograph,0,likely_visualization
guardian_586734a8d7,The Guardian,2016,IPCC,Retired police to back miners over 1984 ‘battle of Orgreave’,https://www.theguardian.com/politics/2016/oct/01/orgreave-miners-strike-retired-police-evidence-cover-up,2016-10-01,2017-12-02,1,https://i.guim.co.uk/img/media/1b860ba580a52eab29d5af6a4f03999ffc4db350/826_723_2674_1604/master/2674.jpg?width=465&dpr=1&s=none&crop=none,../Scripts/output/guardian/guardian_images/guardian_2016-10-01_guardian_586734a8d7_img01.jpg,A picket is led away during the Orgreave clash in 1984. Photograph: PA,,1,graph,2,photo|photograph,0,likely_visualization
guardian_e18d94d18b,The Guardian,2016,IPCC,‘He died like a slave’: the tragic death of Mzee Mohammed,https://www.theguardian.com/us-news/2016/oct/02/he-died-like-slave-mzee-mohammed-black-lives-matter-jamaica,2016-10-01,2020-06-12,1,https://i.guim.co.uk/img/media/8783132577c3f54fbc10719d974979b3421ca852/1043_709_4011_2407/master/4011.jpg?width=465&dpr=1&s=none&crop=none,../Scripts/output/guardian/guardian_images/guardian_2016-10-01_guardian_e18d94d18b_img01.jpg,"Finding peace: family members carry the coffin of Mzee Mohammed to its final resting place in Mandeville, Jamaica. Photograph: William Richards/The Observer",,1,graph,2,photo|photograph,0,likely_visualization
guardian_e18d94d18b,The Guardian,2016,IPCC,‘He died like a slave’: the tragic death of Mzee Mohammed,https://www.theguardian.com/us-news/2016/oct/02/he-died-like-slave-mzee-mohammed-black-lives-matter-jamaica,2016-10-01,2020-06-12,2,https://i.guim.co.uk/img/media/a8bb21aa079ebcc76bdeadfa9602fb8075250c83/0_0_599_359/master/599.jpg?width=445&dpr=1&s=none&crop=none,../Scripts/output/guardian/guardian_images/guardian_2016-10-01_guardian_e18d94d18b_img02.jpg,Cut short: Mzee Mohammed died after being detained by police at the Liverpool ONE shopping centre on 13 July 2016. Photograph: Liverpool Echo,,1,graph,2,photo|photograph,0,likely_visualization
guardian_79c002eadb,The Guardian,2016,"""sea level rise""","By failing to rein in climate change, our children's rights are being disregarded",https://www.theguardian.com/environment/blog/2016/oct/04/by-failing-to-rein-in-climate-change-our-childrens-rights-are-being-disregarded,2016-10-04,2021-08-25,1,https://i.guim.co.uk/img/media/8bc02f6abfb8248461205bac7ef30dedc90c9025/0_325_5760_3456/master/5760.jpg?width=465&dpr=1&s=none&crop=none,../Scripts/output/guardian/guardian_images/guardian_2016-10-04_guardian_79c002eadb_img01.jpg,"Ghoramara Island in the Bay of Bengal, India, is quickly disappearing due to erosion and rise in sea level. Photograph: Sushavan Nandy / Barcroft Image",,1,graph,2,photo|photograph,0,likely_visualization
guardian_92552d56a1,The Guardian,2016,"""sea level rise""","Hurricanes will worsen as planet warms and sea levels rise, scientists warn",https://www.theguardian.com/world/2016/oct/05/climate-change-hurricane-matthew-sea-level-rise,2016-10-05,2021-08-25,1,https://i.guim.co.uk/img/media/5619d3d527cf3f467df940d621b70ec6d4c703a7/0_0_3872_2324/master/3872.jpg?width=465&dpr=1&s=none&crop=none,../Scripts/output/guardian/guardian_images/guardian_2016-10-05_guardian_92552d56a1_img01.jpg,Government officials are now confident enough to say there has been a ‘substantial increase’ in Atlantic hurricane activity since the 1980s. Photograph: Ezekiel Abiu Lopez/AP,,1,graph,2,photo|photograph,0,likely_visualization
guardian_554114c0e7,The Guardian,2016,"""global temperature""",It's up to organised people to ensure the new economy serves the greater good,https://www.theguardian.com/sustainable-business/2016/oct/07/its-up-to-organised-people-to-ensure-the-new-economy-serves-the-greater-good,2016-10-06,2017-05-25,1,https://i.guim.co.uk/img/media/c6f0fb143eda3b344ec4efaa0fe885f8b59886c9/74_123_5299_3181/master/5299.jpg?width=465&dpr=1&s=none&crop=none,../Scripts/output/guardian/guardian_images/guardian_2016-10-06_guardian_554114c0e7_img01.jpg,"As the fourth industrial revolution changes our world, we need to consider the politics of a fairer world for all. Photograph: REX/Shutterstock",,1,graph,2,photo|photograph,0,likely_visualization
guardian_47aeba9356,The Guardian,2016,"""1.5C""",Poor countries urge fast action on Paris deal to stop catastrophic warming,https://www.theguardian.com/global-development/2016/oct/07/poor-countries-urge-fast-action-paris-climate-deal-to-stop-catastrophic-warming,2016-10-07,2022-10-19,1,https://i.guim.co.uk/img/media/49a4c1eb72b6c4248e9086288bd93120301166cf/0_0_3000_1801/master/3000.jpg?width=465&dpr=1&s=none&crop=none,../Scripts/output/guardian/guardian_images/guardian_2016-10-07_guardian_47aeba9356_img01.jpg,A young girl stands outside her home where her family’s kitchen was swallowed up by the sea on Diamniadio Island in Senegal’s Saloum Delta. Photograph: Jane Hahn/AP,,1,graph,2,photo|photograph,0,likely_visualization
guardian_b6f1f9d493,The Guardian,2016,IPCC,Global summit to strike deal on phase-out of HFCs,https://www.theguardian.com/environment/2016/oct/10/global-summit-to-strike-deal-on-phase-out-of-hfcs,2016-10-10,2021-08-25,1,https://i.guim.co.uk/img/media/cec45983f8f13d99fe016c63fb5ed19d95fb678a/148_515_4756_2855/master/4756.jpg?width=465&dpr=1&s=none&crop=none,../Scripts/output/guardian/guardian_images/guardian_2016-10-10_guardian_b6f1f9d493_img01.jpg,"HFCs used in refrigerators, air conditioners and inhalers have been estimated to emit the equivalent of nearly 300 coal-fired power plants every single year. Photograph: Alamy",,1,graph,2,photo|photograph,0,likely_visualization
guardian_1c0ea14e83,The Guardian,2016,"""sea level rise""","Donald Trump's comments described sexual assault, White House says – as it happened",https://www.theguardian.com/us-news/live/2016/oct/11/trump-tape-paul-ryan-support,2016-10-11,2018-02-09,1,https://i.guim.co.uk/img/media/7b5182d106017461280ce8b5c51f562cffb57e3e/0_0_3500_2696/master/3500.jpg?width=465&dpr=1&s=none&crop=none,../Scripts/output/guardian/guardian_images/guardian_2016-10-11_guardian_1c0ea14e83_img01.jpg,Hillary Clinton and Al Gore Photograph: UPI / Barcroft Images,,1,graph,2,photo|photograph,0,likely_visualization
guardian_1c0ea14e83,The Guardian,2016,"""sea level rise""","Donald Trump's comments described sexual assault, White House says – as it happened",https://www.theguardian.com/us-news/live/2016/oct/11/trump-tape-paul-ryan-support,2016-10-11,2018-02-09,3,https://i.guim.co.uk/img/media/fe3209781868eda4821ab85cee08f4f3d0a1a389/0_462_5138_3085/master/5138.jpg?width=465&dpr=1&s=none&crop=none,../Scripts/output/guardian/guardian_images/guardian_2016-10-11_guardian_1c0ea14e83_img03.jpg,Hillary Clinton and Al Gore. Photograph: Sun-Sentinel vi/REX/Shutterstock,,1,graph,2,photo|photograph,0,likely_visualization
guardian_b1c27ab83f,The Guardian,2016,"""sea level rise""",Hurricane Sandy-level flooding is rising so sharply that it could become normal,https://www.theguardian.com/environment/2016/oct/11/hurricane-flooding-us-climate-change,2016-10-11,2021-08-25,2,https://i.guim.co.uk/img/media/0b83d369726b4b54c26fbc8baf365da3bb251d65/0_0_2450_1594/master/2450.jpg?width=445&dpr=1&s=none&crop=none,../Scripts/output/guardian/guardian_images/guardian_2016-10-11_guardian_b1c27ab83f_img02.jpg,Indicator: Start of Spring. Photograph: US Global Change Research Program,,1,graph,2,photo|photograph,0,likely_visualization
guardian_b8cb848efa,The Guardian,2016,IPCC,Three police officers charged over evidence given into death of student,https://www.theguardian.com/uk-news/2016/oct/12/three-police-officers-charged-over-evidence-given-into-death-of-student-kingsley-burrell,2016-10-12,2017-11-28,2,https://i.guim.co.uk/img/media/8a5366171054082cc9bb40a569ee695ccaf65727/0_97_4252_2553/master/4252.jpg?width=445&dpr=1&s=none&crop=none,../Scripts/output/guardian/guardian_images/guardian_2016-10-12_guardian_b8cb848efa_img02.jpg,"Supporters and family members of Kingsley Burrell, Photograph: Richard Vernalls/PA",,1,graph,2,photo|photograph,0,likely_visualization
guardian_5a8e83f156,The Guardian,2016,"""net zero""","UK must focus on carbon removal to meet Paris goals, climate advisers urge",https://www.theguardian.com/environment/2016/oct/13/focus-carbon-removal-meet-paris-goals-uk-committee-climate-change,2016-10-13,2021-08-25,1,https://i.guim.co.uk/img/media/43f2e1da5144864f29341e050eb6304c9a4a662a/0_374_5616_3370/master/5616.jpg?width=465&dpr=1&s=none&crop=none,../Scripts/output/guardian/guardian_images/guardian_2016-10-13_guardian_5a8e83f156_img01.jpg,The UK has pledged to cut emissions by at least 80% by 2050. Photograph: David Sillitoe/The Guardian,,1,graph,2,photo|photograph,0,likely_visualization
guardian_27a99aab71,The Guardian,2016,IPCC,Jermaine Baker shooting: IPCC 'failed to hold Met to account',https://www.theguardian.com/uk-news/2016/oct/14/jermaine-baker-shooting-ipcc-failed-to-hold-met-to-account-family-says,2016-10-14,2018-01-11,2,https://i.guim.co.uk/img/media/ed006c8bb5bd7124f71cff53e6835b5ea9ac37a0/0_189_4500_2700/master/4500.jpg?width=445&dpr=1&s=none&crop=none,../Scripts/output/guardian/guardian_images/guardian_2016-10-14_guardian_27a99aab71_img02.jpg,"Jermaine’s mother, Margaret Smith. Photograph: Linda Nylind/The Guardian",,1,graph,2,photo|photograph,0,likely_visualization
guardian_981dc3b177,The Guardian,2016,IPCC,"Science, cities and innovation in the human age",https://www.theguardian.com/global/2016/oct/16/science-cities-and-innovation-in-the-human-age,2016-10-16,2022-10-19,1,https://i.guim.co.uk/img/media/ee35cc3cad74fda7bdf993b79e0625805a8ca54c/0_347_5200_3120/master/5200.jpg?width=465&dpr=1&s=none&crop=none,../Scripts/output/guardian/guardian_images/guardian_2016-10-16_guardian_981dc3b177_img01.jpg,"Quito, Ecuador, the setting for the UN’s Habitat III conference Photograph: Plinthpics / Alamy/Alamy",,1,graph,2,photo|photograph,0,likely_visualization
guardian_357d193106,The Guardian,2016,"""1.5C""",Norway faces climate lawsuit over Arctic oil exploration plans,https://www.theguardian.com/environment/2016/oct/18/norway-faces-climate-lawsuit-over-oil-exploration-plans,2016-10-18,2021-08-25,1,https://i.guim.co.uk/img/media/dc5ce68756467f6394fdf2c9f4126e0c3b4d2ad0/0_221_5386_3233/master/5386.jpg?width=465&dpr=1&s=none&crop=none,../Scripts/output/guardian/guardian_images/guardian_2016-10-18_guardian_357d193106_img01.jpg,The plaintiffs say that allowing oil companies to drill in the Arctic risks undermining global efforts to address climate change. Photograph: Michael Nolan/REX/Shutterstock,,1,graph,2,photo|photograph,0,likely_visualization
guardian_dde3ad1bac,The Guardian,2016,"""sea level rise""",$5.4 Billion Melanesian ocean economy in peril,https://www.theguardian.com/global/the-coral-triangle/2016/oct/19/54-billion-melanesian-ocean-economy-in-peril,2016-10-19,2016-10-19,1,https://i.guim.co.uk/img/media/4d4555b9cc07ddbee9f5112ab1b8a2a52316607f/0_157_4698_2819/master/4698.jpg?width=465&dpr=1&s=none&crop=none,../Scripts/output/guardian/guardian_images/guardian_2016-10-19_guardian_dde3ad1bac_img01.jpg,"Fish caught just outside the Marine Protected Area (MPA) area in Tikina Wai, Fiji. The MPAs are a WWF project that started in the year 2000 together with mangrove protection. Photograph: Brent Stirton/1521",,1,graph,2,photo|photograph,0,likely_visualization
guardian_2d91a4cc0a,The Guardian,2016,IPCC,IPCC to review decision not to investigate police chief over Hillsborough,https://www.theguardian.com/football/2016/oct/21/ipcc-reconsiders-decision-not-to-investigate-hillsborough-police-chief-david-crompton,2016-10-21,2018-01-11,1,https://i.guim.co.uk/img/media/bb2830f9912974df38706d4837b138d5e1fb8b70/0_95_3076_1846/master/3076.jpg?width=465&dpr=1&s=none&crop=none,../Scripts/output/guardian/guardian_images/guardian_2016-10-21_guardian_2d91a4cc0a_img01.jpg,"South Yorkshire’s most senior police officer, David Crompton. Photograph: Anna Gowthorpe/PA",,1,graph,2,photo|photograph,0,likely_visualization
guardian_66280cdecb,The Guardian,2016,"""sea level rise""",Global warming continues; 2016 will be the hottest year ever recorded,https://www.theguardian.com/environment/climate-consensus-97-per-cent/2016/oct/21/global-warming-continues-2016-will-be-the-hottest-year-ever-recorded,2016-10-21,2021-08-25,1,https://i.guim.co.uk/img/media/e388257a36f24a4fffb476634c5716e5fb1d0241/98_0_1219_732/master/1219.jpg?width=465&dpr=1&s=none&crop=none,../Scripts/output/guardian/guardian_images/guardian_2016-10-21_guardian_66280cdecb_img01.jpg,July 2016 was the hottest month every recorded according to a monthly analysis of global temperatures by scientists at NASA’s Goddard Institute for Space Studies (GISS). Photograph: GISS/NASA,,1,graph,2,photo|photograph,0,likely_visualization
guardian_7d38b59d25,The Guardian,2016,IPCC,Orgreave campaigners tell Amber Rudd trust in police remains broken,https://www.theguardian.com/politics/2016/oct/21/orgreave-campaigners-tell-amber-rudd-trust-in-police-remains-broken,2016-10-21,2017-05-07,1,https://i.guim.co.uk/img/media/fdcd6257d4cbbfa82e2435e83b102d206e024f0a/52_0_3896_2338/master/3896.jpg?width=465&dpr=1&s=none&crop=none,../Scripts/output/guardian/guardian_images/guardian_2016-10-21_guardian_7d38b59d25_img01.jpg,MPs and campaigners attend a rally for the Orgreave Truth and Justice Campaign (OTJC) in London. Photograph: Philip Toscano/PA,,1,graph,2,photo|photograph,0,likely_visualization
guardian_7d38b59d25,The Guardian,2016,IPCC,Orgreave campaigners tell Amber Rudd trust in police remains broken,https://www.theguardian.com/politics/2016/oct/21/orgreave-campaigners-tell-amber-rudd-trust-in-police-remains-broken,2016-10-21,2017-05-07,2,https://i.guim.co.uk/img/media/2d09291717a26c269c906e79543cc8ae2b7932d9/0_122_2112_1267/master/2112.jpg?width=445&dpr=1&s=none&crop=none,../Scripts/output/guardian/guardian_images/guardian_2016-10-21_guardian_7d38b59d25_img02.jpg,An arrested and injured miner being taken to an ambulance in 1984. Photograph: Rex Shutterstock,,1,graph,2,photo|photograph,0,likely_visualization
guardian_7d38b59d25,The Guardian,2016,IPCC,Orgreave campaigners tell Amber Rudd trust in police remains broken,https://www.theguardian.com/politics/2016/oct/21/orgreave-campaigners-tell-amber-rudd-trust-in-police-remains-broken,2016-10-21,2017-05-07,3,https://i.guim.co.uk/img/media/15afcdd93ae2813e7a5392840d6aaf85feb07205/0_379_4956_2973/master/4956.jpg?width=445&dpr=1&s=none&crop=none,../Scripts/output/guardian/guardian_images/guardian_2016-10-21_guardian_7d38b59d25_img03.jpg,Confrontation between riot police and mass picket at Orgreave. Photograph: Photofusion/Rex,,1,graph,2,photo|photograph,0,likely_visualization
guardian_7d38b59d25,The Guardian,2016,IPCC,Orgreave campaigners tell Amber Rudd trust in police remains broken,https://www.theguardian.com/politics/2016/oct/21/orgreave-campaigners-tell-amber-rudd-trust-in-police-remains-broken,2016-10-21,2017-05-07,4,https://i.guim.co.uk/img/media/5642f401985442a1748b5378439b115775de06d5/0_346_5181_3110/master/5181.jpg?width=445&dpr=1&s=none&crop=none,../Scripts/output/guardian/guardian_images/guardian_2016-10-21_guardian_7d38b59d25_img04.jpg,Police and miners outside the Orgreave plant. Photograph: Mike Forster/Associated News/REX,,1,graph,2,photo|photograph,0,likely_visualization
guardian_c435e066c8,The Guardian,2016,IPCC,Why optimism is as scarce as wins around Sunderland,https://www.theguardian.com/football/2016/oct/21/the-fiver-sunderland-david-moyes,2016-10-21,2017-02-20,2,https://i.guim.co.uk/img/media/ae29fc56d9ea5b18868382d9b6138e2b41a62c84/0_125_4899_2939/master/4899.jpg?width=445&dpr=1&s=none&crop=none,../Scripts/output/guardian/guardian_images/guardian_2016-10-21_guardian_c435e066c8_img02.jpg,"‘My [Mr 15%] is always going on at me to learn Spanish and have that in my locker … but the States are getting bigger, China’s getting bigger, the market’s getting bigger.’ Photograph: Tom Jenkins for the Guardian",,1,graph,2,photo|photograph,0,likely_visualization
guardian_e423dff336,The Guardian,2016,IPCC,Met inspector prevented from retiring to avoid disciplinary action,https://www.theguardian.com/uk-news/2016/oct/24/met-inspector-prevented-from-retiring-to-avoid-disciplinary-action,2016-10-24,2017-09-20,1,https://i.guim.co.uk/img/media/fc59e06235dda252fc1105b0a89ec53105717b6a/0_30_3121_1874/master/3121.jpg?width=465&dpr=1&s=none&crop=none,../Scripts/output/guardian/guardian_images/guardian_2016-10-24_guardian_e423dff336_img01.jpg,"New Scotland Yard, headquarters of the Metropolitan police. Photograph: Dominic Lipinski/PA",,1,graph,2,photo|photograph,0,likely_visualization
guardian_3e5a0523d1,The Guardian,2016,"""carbon budget""",Heathrow expansion: Zac Goldsmith to resign over third runway decision - live,https://www.theguardian.com/politics/live/2016/oct/25/heathrow-gatwick-airport-expansion-decision-day-politics-live,2016-10-25,2018-03-13,2,https://i.guim.co.uk/img/media/72e77facd79a8084f3126fbd6d7499f55996477a/23_0_3477_2086/master/3477.jpg?width=465&dpr=1&s=none&crop=none,../Scripts/output/guardian/guardian_images/guardian_2016-10-25_guardian_3e5a0523d1_img02.jpg,Zac Goldsmith speaks after a statement in the House of Commons from transport secretary Chris Grayling on airport expansion Photograph: PA,,1,graph,2,photo|photograph,0,likely_visualization
guardian_3e5a0523d1,The Guardian,2016,"""carbon budget""",Heathrow expansion: Zac Goldsmith to resign over third runway decision - live,https://www.theguardian.com/politics/live/2016/oct/25/heathrow-gatwick-airport-expansion-decision-day-politics-live,2016-10-25,2018-03-13,3,https://i.guim.co.uk/img/media/e2734db097a753bc679c24a78170fca783e1aeb6/0_115_3500_2100/master/3500.jpg?width=465&dpr=1&s=none&crop=none,../Scripts/output/guardian/guardian_images/guardian_2016-10-25_guardian_3e5a0523d1_img03.jpg,Gatwick airport Photograph: Nick Ansell/PA,,1,graph,2,photo|photograph,0,likely_visualization
guardian_3e5a0523d1,The Guardian,2016,"""carbon budget""",Heathrow expansion: Zac Goldsmith to resign over third runway decision - live,https://www.theguardian.com/politics/live/2016/oct/25/heathrow-gatwick-airport-expansion-decision-day-politics-live,2016-10-25,2018-03-13,4,https://i.guim.co.uk/img/media/f37bf6689390b04d355f0663328aad7c16834f49/6_0_3027_1816/master/3027.jpg?width=465&dpr=1&s=none&crop=none,../Scripts/output/guardian/guardian_images/guardian_2016-10-25_guardian_3e5a0523d1_img04.jpg,"Transport secretary Chris Grayling makes a statement on airport expansion in the House of Commons, Photograph: PA",,1,graph,2,photo|photograph,0,likely_visualization
guardian_d75af213f7,The Guardian,2016,"""carbon budget""",Heathrow approval puts business above political and environment issues,https://www.theguardian.com/uk-news/2016/oct/25/heathrow-approval-business-political-environmental-issues,2016-10-25,2021-08-25,2,https://i.guim.co.uk/img/media/e477ea2ac2115ca2fa4014da908cbe2665a66111/0_137_3500_2100/master/3500.jpg?width=445&dpr=1&s=none&crop=none,../Scripts/output/guardian/guardian_images/guardian_2016-10-25_guardian_d75af213f7_img02.jpg,Boris Johnson once pledged to ‘lie down in front of the bulldozers’ if Heathrow’s third runway was approved. Photograph: Stefan Rousseau/PA,,1,graph,2,photo|photograph,0,likely_visualization
guardian_8798ccb1eb,The Guardian,2016,"""1.5C""","Climate change rate to turn southern Spain to desert by 2100, report warns",https://www.theguardian.com/environment/2016/oct/27/climate-change-rate-to-turn-southern-spain-to-desert-by-2100-report-warns,2016-10-27,2021-08-25,1,https://i.guim.co.uk/img/media/8a074291b315ddaa50dc08a2a10bc3379a133306/0_178_2672_1603/master/2672.jpg?width=465&dpr=1&s=none&crop=none,../Scripts/output/guardian/guardian_images/guardian_2016-10-27_guardian_8798ccb1eb_img01.jpg,"Coastal landscape seen from Cape Formentor, Mallorca. Climate change could see Mediterranean vegetation replace deciduous forests in Southern Spain. Photograph: Daniel Pavon/Aix Marseille University/Science",,1,graph,2,photo|photograph,0,likely_visualization
guardian_aec9b28fa6,The Guardian,2016,IPCC,Our ‘subvertising’ continues the fight for justice for those who die in custody,https://www.theguardian.com/commentisfree/2016/oct/28/bus-stop-posters-ufcc-protest-deaths-custody,2016-10-28,2020-06-12,1,https://i.guim.co.uk/img/media/83fb4384cc5e7a66e0b8b9452889792fece80421/1161_575_4324_2595/master/4324.jpg?width=465&dpr=1&s=none&crop=none,../Scripts/output/guardian/guardian_images/guardian_2016-10-28_guardian_aec9b28fa6_img01.jpg,‘The adverts say that the Home Office doesn’t want you to join the memorial procession.’ Photograph: Black Lives Matter,,1,graph,2,photo|photograph,0,likely_visualization
guardian_aec9b28fa6,The Guardian,2016,IPCC,Our ‘subvertising’ continues the fight for justice for those who die in custody,https://www.theguardian.com/commentisfree/2016/oct/28/bus-stop-posters-ufcc-protest-deaths-custody,2016-10-28,2020-06-12,2,https://i.guim.co.uk/img/media/4992540c2352d40f6c7bf0d622c9e3661b39c788/1889_1071_3171_1902/master/3171.jpg?width=445&dpr=1&s=none&crop=none,../Scripts/output/guardian/guardian_images/guardian_2016-10-28_guardian_aec9b28fa6_img02.jpg,‘Every October the UFFC holds a march to remember those they are fighting for.’ Photograph: Black Lives Matter,,1,graph,2,photo|photograph,0,likely_visualization
guardian_a5fdc34739,The Guardian,2016,IPCC,Government rules out Orgreave inquiry,https://www.theguardian.com/politics/2016/oct/31/government-rules-out-orgreave-inquiry,2016-10-31,2017-11-28,1,https://i.guim.co.uk/img/media/15afcdd93ae2813e7a5392840d6aaf85feb07205/0_175_4956_2973/master/4956.jpg?width=465&dpr=1&s=none&crop=none,../Scripts/output/guardian/guardian_images/guardian_2016-10-31_guardian_a5fdc34739_img01.jpg,Striking miners run away from mounted police officers at Orgreave. Photograph: Photofusion/Rex,,1,graph,2,photo|photograph,0,likely_visualization
guardian_39ee24217a,The Guardian,2016,IPCC,Police face misconduct hearings over alleged abuse of ex-Clash roadie,https://www.theguardian.com/uk-news/2016/nov/01/west-midlands-police-face-misconduct-hearings-over-alleged-abuse-of-former-clash-roadie,2016-11-01,2018-01-11,1,https://i.guim.co.uk/img/media/3aa945160779bb9079b710263d1e292583f8ad6a/0_577_3840_2304/master/3840.jpg?width=465&dpr=1&s=none&crop=none,../Scripts/output/guardian/guardian_images/guardian_2016-11-01_guardian_39ee24217a_img01.jpg,Eight police officers and one staff member will face misconduct proceedings after an IPCC investigation. Photograph: Christopher Thomond/The Guardian,,1,graph,2,photo|photograph,0,likely_visualization
guardian_39ee24217a,The Guardian,2016,IPCC,Police face misconduct hearings over alleged abuse of ex-Clash roadie,https://www.theguardian.com/uk-news/2016/nov/01/west-midlands-police-face-misconduct-hearings-over-alleged-abuse-of-former-clash-roadie,2016-11-01,2018-01-11,2,https://i.guim.co.uk/img/media/b4daf4831e26a6ecc4a72c57fba993dfe2cfaf3a/0_212_4413_2648/master/4413.jpg?width=445&dpr=1&s=none&crop=none,../Scripts/output/guardian/guardian_images/guardian_2016-11-01_guardian_39ee24217a_img02.jpg,Donville Lorenzo worked as a roadie for 70s punk band The Clash. Photograph: Ray Stevenson/REX,,1,graph,2,photo|photograph,0,likely_visualization
guardian_4896f3aa94,The Guardian,2016,IPCC,Amber Rudd urged to give MPs evidence used in Orgreave decision,https://www.theguardian.com/politics/2016/nov/02/orgreave-miners-strike-amber-rudd-evidence-inquiry-yvette-cooper,2016-11-02,2017-09-20,2,https://i.guim.co.uk/img/media/a69c1cfd7c83297f3634a896618724d7dccfe941/20_321_4469_2682/master/4469.jpg?width=445&dpr=1&s=none&crop=none,../Scripts/output/guardian/guardian_images/guardian_2016-11-02_guardian_4896f3aa94_img02.jpg,Yvette Cooper: ‘Concern about policing at Orgreave will not go away as long as there are fears that the truth has not come out.’ Photograph: Johnny Armstead/Rex/Shutterstock,,1,graph,2,photo|photograph,0,likely_visualization
guardian_1d439802d3,The Guardian,2016,IPCC,"Asian firearms officer wins £457,000 payout for years of racist abuse",https://www.theguardian.com/uk-news/2016/nov/03/asian-firearms-officer-wins-457000-payout-racist-abuse-nadeem-saddique-cleveland,2016-11-03,2017-11-28,1,https://i.guim.co.uk/img/media/30439d073b99dc41633a17c8d6c414920b61035e/0_120_2504_1502/master/2504.jpg?width=465&dpr=1&s=none&crop=none,../Scripts/output/guardian/guardian_images/guardian_2016-11-03_guardian_1d439802d3_img01.jpg,Nadeem Saddique has been unable to return to work since beginning his battle with Cleveland police in 2011. Photograph: Tom Wilkinson/PA,,1,graph,2,photo|photograph,0,likely_visualization
guardian_98436e9ede,The Guardian,2016,"""carbon budget""",Your carbon footprint destroys 30 square metres of Arctic sea ice a year,https://www.theguardian.com/environment/2016/nov/03/your-carbon-footprint-destroys-30-square-metres-of-arctic-sea-ice-a-year,2016-11-03,2021-08-25,1,https://i.guim.co.uk/img/media/d279c924979ac2062c89423a4f974105c0b6b7aa/0_0_5000_3333/master/5000.jpg?width=465&dpr=1&s=none&crop=none,../Scripts/output/guardian/guardian_images/guardian_2016-11-03_guardian_98436e9ede_img01.jpg,A satellite-based view of the Arctic. Scientists say it will be ice-free in summer in about 20 years under current climate action. Photograph: VIIRS/Suomi NPP/NASA,,1,graph,2,photo|photograph,0,likely_visualization
guardian_6605da86a7,The Guardian,2016,"""net zero""",The Paris climate agreement is a game-changer – and business risks being left behind,https://www.theguardian.com/commentisfree/2016/nov/04/the-paris-climate-agreement-is-a-game-changer-and-business-risks-being-left-behind,2016-11-04,2021-08-25,1,https://i.guim.co.uk/img/media/cdb9fde97a682834c12ea9ed9966a2e74c8a834b/0_0_4500_3226/master/4500.jpg?width=465&dpr=1&s=none&crop=none,../Scripts/output/guardian/guardian_images/guardian_2016-11-04_guardian_6605da86a7_img01.jpg,"‘The mindset of business leaders and regulators around the world has shifted – the business and financial risks climate change poses are not only real and significant, but they are here now.’ Photograph: Michel Euler/AP",,1,graph,2,photo|photograph,0,likely_visualization
guardian_9fccfed9ad,The Guardian,2016,"""global temperature""",Paris climate change agreement enters into force,https://www.theguardian.com/environment/2016/nov/04/paris-climate-change-agreement-enters-into-force,2016-11-04,2021-08-25,1,https://i.guim.co.uk/img/media/06a601ed1c7b68dcd7b77e28f0075d05eae973da/0_173_5184_3110/master/5184.jpg?width=465&dpr=1&s=none&crop=none,../Scripts/output/guardian/guardian_images/guardian_2016-11-04_guardian_9fccfed9ad_img01.jpg,"The Eiffel tower lit up during the Paris climate talks, referencing the 1.5C target that governments have agreed to pursue efforts to hold temperatures to. Photograph: Francois Mori/AP",,1,graph,2,photo|photograph,0,likely_visualization
guardian_20e22d1a53,The Guardian,2016,"""1.5C""","As climate disaster looms, Malcolm Turnbull needs to stop appeasing and start leading",https://www.theguardian.com/business/grogonomics/2016/nov/06/as-climate-disaster-looms-malcolm-turnbull-needs-to-stop-appeasing-and-start-leading,2016-11-05,2021-08-25,1,https://i.guim.co.uk/img/media/3df1968cb633716339d2f069bf9f2fc1ae745ef5/0_86_2592_1555/master/2592.jpg?width=465&dpr=1&s=none&crop=none,../Scripts/output/guardian/guardian_images/guardian_2016-11-05_guardian_20e22d1a53_img01.jpg,"Malcolm Turnbull has long shed the leather jacket persona of his Q&A days, when he took pride in his then principled stand on climate change policy. Photograph: Leigh Winburn/AAP",,1,graph,2,photo|photograph,0,likely_visualization
guardian_796ba72680,The Guardian,2016,"""global temperature""",Nicholas Stern: cost of global warming ‘is worse than I feared’,https://www.theguardian.com/environment/2016/nov/06/nicholas-stern-climate-change-review-10-years-on-interview-decisive-years-humanity,2016-11-06,2021-08-25,2,https://i.guim.co.uk/img/media/30bd22c4c7167d0e62590bf46332af0d6b3eda51/81_0_1263_758/master/1263.jpg?width=445&dpr=1&s=none&crop=none,../Scripts/output/guardian/guardian_images/guardian_2016-11-06_guardian_796ba72680_img02.jpg,"Heathrow’s third runway could be incompatible with the Paris climate targets, says Stern. Photograph: PA",,1,graph,2,photo|photograph,0,likely_visualization
guardian_796ba72680,The Guardian,2016,"""global temperature""",Nicholas Stern: cost of global warming ‘is worse than I feared’,https://www.theguardian.com/environment/2016/nov/06/nicholas-stern-climate-change-review-10-years-on-interview-decisive-years-humanity,2016-11-06,2021-08-25,3,https://i.guim.co.uk/img/media/4449f4300daebd53d35c82d6cdf10fea8f195771/0_241_3404_2043/master/3404.jpg?width=445&dpr=1&s=none&crop=none,../Scripts/output/guardian/guardian_images/guardian_2016-11-06_guardian_796ba72680_img03.jpg,The UK could still cut its carbon emissions from aircraft by 80% by 2050 – if there is a major improvement in aviation technology. Photograph: Steve Parsons/PA,,1,graph,2,photo|photograph,0,likely_visualization
guardian_5bbded7283,The Guardian,2016,"""net zero""",Quentin Bryce in high-powered group calling for coal power to be phased out,https://www.theguardian.com/australia-news/2016/nov/07/quentin-bryce-in-high-powered-group-calling-for-coal-power-to-be-phased-out,2016-11-07,2021-08-25,1,https://i.guim.co.uk/img/media/e5bcd739a93e183ec2a8ef581b4fdb7a92968de0/0_17_4545_2727/master/4545.jpg?width=465&dpr=1&s=none&crop=none,../Scripts/output/guardian/guardian_images/guardian_2016-11-07_guardian_5bbded7283_img01.jpg,Quentin Bryce is calling for an expansion of the national renewable energy target as part of the decarbonisation of the market. Photograph: Dan Himbrechts/AAP,,1,graph,2,photo|photograph,0,likely_visualization
guardian_b06e4b4f1f,The Guardian,2016,"""sea level rise""",Study reveals huge acceleration in erosion of England's white cliffs,https://www.theguardian.com/environment/2016/nov/07/study-reveals-huge-acceleration-in-erosion-of-englands-white-cliffs,2016-11-07,2017-11-28,1,https://i.guim.co.uk/img/media/3d896dae81f00bd0d21c0ed8b11694bb81e35736/0_140_5616_3370/master/5616.jpg?width=465&dpr=1&s=none&crop=none,../Scripts/output/guardian/guardian_images/guardian_2016-11-07_guardian_b06e4b4f1f_img01.jpg,"The South Downs and Beachy Head, lighthouse and Seven Sisters cliffs, Eastbourne, UK. The rate off cliff erosion has been much higher over the past 150 years, the study showed. Photograph: Emma Wood/Alamy Stock Photo",,1,graph,2,photo|photograph,0,likely_visualization
guardian_49bbd43aed,The Guardian,2016,IPCC,Tough choices for the media when climate science deniers are elected,https://www.theguardian.com/environment/planet-oz/2016/nov/08/tough-choices-for-the-media-when-climate-science-deniers-are-elected,2016-11-08,2021-08-25,1,https://i.guim.co.uk/img/media/c452fd6e0fe98d4ec88d7736a718768ad7faf00b/0_202_3428_2057/master/3428.jpg?width=465&dpr=1&s=none&crop=none,../Scripts/output/guardian/guardian_images/guardian_2016-11-08_guardian_49bbd43aed_img01.jpg,"Malcolm Roberts walks out of his press conference with fellow climate science deniers Tony Heller, left, and Tim Ball. Photograph: Mike Bowers/The Guardian",,1,graph,2,photo|photograph,0,likely_visualization
guardian_b5f937b482,The Guardian,2016,IPCC,Operation Midland: Complainant 'Nick' investigated for attempting to pervert course of justice - as it happened,https://www.theguardian.com/uk-news/live/2016/nov/08/operation-midland-report-into-mets-sex-abuse-inquiry-published-live-updates,2016-11-08,2017-09-20,1,https://i.guim.co.uk/img/media/80c3bbac5f70cc7590faa2f1af9c601cd31f6b0e/0_8_3500_2100/master/3500.jpg?width=465&dpr=1&s=none&crop=none,../Scripts/output/guardian/guardian_images/guardian_2016-11-08_guardian_b5f937b482_img01.jpg,Harvey Proctor Photograph: Jonathan Brady/PA,,1,graph,2,photo|photograph,0,likely_visualization
guardian_b5f937b482,The Guardian,2016,IPCC,Operation Midland: Complainant 'Nick' investigated for attempting to pervert course of justice - as it happened,https://www.theguardian.com/uk-news/live/2016/nov/08/operation-midland-report-into-mets-sex-abuse-inquiry-published-live-updates,2016-11-08,2017-09-20,2,https://i.guim.co.uk/img/media/eb6d230bd9d6033aeb7cbe4a0b4dfcd7a84d21bc/0_35_3948_2369/master/3948.jpg?width=465&dpr=1&s=none&crop=none,../Scripts/output/guardian/guardian_images/guardian_2016-11-08_guardian_b5f937b482_img02.jpg,Leon Brittan Photograph: PA,,1,graph,2,photo|photograph,0,likely_visualization
guardian_1a2a6988af,The Guardian,2016,"""global temperature""",What will President Donald Trump do? Predicting his policy agenda,https://www.theguardian.com/us-news/2016/nov/09/donald-trump-president-policy-immigration-agenda-healthcare,2016-11-09,2021-08-25,3,https://i.guim.co.uk/img/media/b3cb8ac47033b0e801a20eb9227fc00a9a5f4840/0_52_3000_1800/master/3000.jpg?width=445&dpr=1&s=none&crop=none,../Scripts/output/guardian/guardian_images/guardian_2016-11-09_guardian_1a2a6988af_img03.jpg,Planned Parenthood supporters rally for women’s access to reproductive health care on 9 September 2o15 in Los Angeles. Photograph: Nick Ut/AP,,1,graph,2,photo|photograph,0,likely_visualization
guardian_448563f799,The Guardian,2016,"""sea level rise""",Climate finance dispute prompts Bangladesh to return £13m of UK aid,https://www.theguardian.com/global-development/2016/nov/10/climate-finance-dispute-bangladesh-returns-13-million-uk-aid-world-bank,2016-11-10,2022-10-19,2,https://i.guim.co.uk/img/media/c15a59291af66379ba6d1205de9161f7bb863470/0_0_4801_2882/master/4801.jpg?width=445&dpr=1&s=none&crop=none,../Scripts/output/guardian/guardian_images/guardian_2016-11-10_guardian_448563f799_img02.jpg,"Villagers walk on a dried-up river bed in Satkhira, Bangladesh, in 2015. Photograph: Zakir Hossain Chowdhury / Barcro",,1,graph,2,photo|photograph,0,likely_visualization
guardian_eb1a57815a,The Guardian,2016,"""net zero""","Josh Frydenberg insists Paris climate deal lives on, despite MPs' claims",https://www.theguardian.com/australia-news/2016/nov/11/josh-frydenberg-insists-paris-climate-deal-lives-on-despite-mps-claims,2016-11-10,2021-08-25,1,https://i.guim.co.uk/img/media/27cec3c044e5ecfbcbd609f88bd82cd8950e86fd/0_132_3911_2346/master/3911.jpg?width=465&dpr=1&s=none&crop=none,../Scripts/output/guardian/guardian_images/guardian_2016-11-10_guardian_eb1a57815a_img01.jpg,"Josh Frydenberg has said it would take four years for the US to pull out of the Paris climate agreement, and it remained very much alive. Photograph: Lukas Coch/AAP",,1,graph,2,photo|photograph,0,likely_visualization
guardian_a5f7682945,The Guardian,2016,IPCC,Jenny Jones calls for IPCC to investigate alleged destruction of her police files,https://www.theguardian.com/uk-news/2016/nov/15/jenny-jones-calls-for-ipcc-to-investigate-alleged-destruction-of-her-police-files,2016-11-15,2017-09-20,1,https://i.guim.co.uk/img/media/ed712f6237c94827d62bb57fa0ca58483957b736/69_1369_2030_1217/master/2030.jpg?width=465&dpr=1&s=none&crop=none,../Scripts/output/guardian/guardian_images/guardian_2016-11-15_guardian_a5f7682945_img01.jpg,Jenny Jones said the incident was ‘gross misconduct by officers who not only monitored an elected politician but then allegedly tried to destroy the evidence’. Photograph: Simon Chapman/Rex/Shutterstock,,1,graph,2,photo|photograph,0,likely_visualization
guardian_0655c5ce21,The Guardian,2016,"""1.5C""",What's it like to represent the coal industry at the Marrakech climate summit?,https://www.theguardian.com/environment/planet-oz/2016/nov/16/whats-it-like-to-represent-the-coal-industry-at-the-marrakech-climate-summit,2016-11-16,2021-08-25,1,https://i.guim.co.uk/img/media/cd84dede04f326bb6128518c120de5d1b8497f2c/0_0_620_372/master/620.jpg?width=465&dpr=1&s=none&crop=none,../Scripts/output/guardian/guardian_images/guardian_2016-11-16_guardian_0655c5ce21_img01.jpg,"Benjamin Sporton, chief executive of the World Coal Association Photograph: World Coal Association",,1,graph,2,photo|photograph,0,likely_visualization
guardian_a5acdb5490,The Guardian,2016,IPCC,Hillsborough families criticise police chief over witch-hunt claim in book,https://www.theguardian.com/football/2016/nov/16/hillsborough-families-criticise-police-chief-over-witch-hunt-claim-in-book,2016-11-16,2017-11-28,1,https://i.guim.co.uk/img/media/65382f3085c3600134b0d203d52ade62db6cfe8f/392_156_2474_1484/master/2474.jpg?width=465&dpr=1&s=none&crop=none,../Scripts/output/guardian/guardian_images/guardian_2016-11-16_guardian_a5acdb5490_img01.jpg,Sir Norman Bettison during the Hillsborough inquest. Photograph: Peter Byrne/PA,,1,graph,2,photo|photograph,0,likely_visualization
guardian_e6559b8f1f,The Guardian,2016,"""1.5C""","Paris climate deal at risk unless countries step up plans, says watchdog",https://www.theguardian.com/environment/2016/nov/16/paris-climate-deal-at-risk-unless-countries-step-up-plans-says-watchdog,2016-11-16,2021-08-25,1,https://i.guim.co.uk/img/media/81d2ad8d33f827ca9363980763c6a34f7928ae28/0_161_3655_2194/master/3655.jpg?width=465&dpr=1&s=none&crop=none,../Scripts/output/guardian/guardian_images/guardian_2016-11-16_guardian_e6559b8f1f_img01.jpg,"Fatih Birol, of the International Energy Agency, which said sweeping changes were needed by governments around the world to bring the Paris agreement into force. Photograph: Pat Sullivan/AP",,1,graph,2,photo|photograph,0,likely_visualization
guardian_2012798353,The Guardian,2016,IPCC,Dalian Atkinson's family tell of agony over footballer's Taser death,https://www.theguardian.com/world/2016/nov/17/dalian-atkinsons-family-tell-of-agony-over-footballers-taser-death,2016-11-17,2017-09-20,1,https://i.guim.co.uk/img/media/ae6966d7e3cb5b248d7251bdd749bdab10560e26/271_257_2497_1498/master/2497.jpg?width=465&dpr=1&s=none&crop=none,../Scripts/output/guardian/guardian_images/guardian_2016-11-17_guardian_2012798353_img01.jpg,Dalian Atkinson after scoring for Aston Villa in 1992. Photograph: Mail On Sunday/REX/Shutterstock,,1,graph,2,photo|photograph,0,likely_visualization
guardian_5d60e31391,The Guardian,2016,"""global temperature""",UK ratifies Paris climate agreement,https://www.theguardian.com/environment/2016/nov/17/uk-boris-johnson-ratifies-paris-climate-agreement,2016-11-17,2021-08-25,1,https://i.guim.co.uk/img/media/4df9674c836e0823930967c4e31ba936eeb291f9/0_69_4252_2552/master/4252.jpg?width=465&dpr=1&s=none&crop=none,../Scripts/output/guardian/guardian_images/guardian_2016-11-17_guardian_5d60e31391_img01.jpg,Boris Johnson signs the Paris agreement which commits countries to limiting global temperature rises to below 2C. Photograph: UK Government/PA,,1,graph,2,photo|photograph,0,likely_visualization
guardian_a9c4ec35a6,The Guardian,2016,IPCC,'We have been almost buried': the Sudanese villages being swallowed by sand,https://www.theguardian.com/environment/2016/nov/17/we-have-been-almost-buried-the-sudanese-villages-being-swallowed-by-sand,2016-11-17,2021-08-25,2,https://i.guim.co.uk/img/media/47da618df1a3fb65c9b89c08f2fb0606d8969b0b/0_0_7360_4912/master/7360.jpg?width=445&dpr=1&s=none&crop=none,../Scripts/output/guardian/guardian_images/guardian_2016-11-17_guardian_a9c4ec35a6_img02.jpg,Former villages are now only visible as brick outlines in the sand. Photograph: Mohammed Basheer/HCENR/UNDP,,1,graph,2,photo|photograph,0,likely_visualization
guardian_a9c4ec35a6,The Guardian,2016,IPCC,'We have been almost buried': the Sudanese villages being swallowed by sand,https://www.theguardian.com/environment/2016/nov/17/we-have-been-almost-buried-the-sudanese-villages-being-swallowed-by-sand,2016-11-17,2021-08-25,3,https://i.guim.co.uk/img/media/9279739351fb4b139a9137f4fab780e96d2d2df9/0_0_7360_4912/master/7360.jpg?width=445&dpr=1&s=none&crop=none,../Scripts/output/guardian/guardian_images/guardian_2016-11-17_guardian_a9c4ec35a6_img03.jpg,"Women in a tree nursery, part of a climate change adaptation project in Nile River state. Photograph: Mohammed Basheer/HCENR/UNDP",,1,graph,2,photo|photograph,0,likely_visualization
guardian_a9c4ec35a6,The Guardian,2016,IPCC,'We have been almost buried': the Sudanese villages being swallowed by sand,https://www.theguardian.com/environment/2016/nov/17/we-have-been-almost-buried-the-sudanese-villages-being-swallowed-by-sand,2016-11-17,2021-08-25,4,https://i.guim.co.uk/img/media/39756d55142ccec42ba08674cc59d24b03a0f347/0_133_2048_1229/master/2048.jpg?width=445&dpr=1&s=none&crop=none,../Scripts/output/guardian/guardian_images/guardian_2016-11-17_guardian_a9c4ec35a6_img04.jpg,"Planting some of over 23,000 tree seedlings along 12km of the edges of the wadi banks to reverse erosion as part of a project by Sudan’s Forests National Corporation. Photograph: UNEP",,1,graph,2,photo|photograph,0,likely_visualization
guardian_93380b32df,The Guardian,2016,"""1.5C""",Climate summit chief pleads with Trump not to ditch Paris treaty,https://www.theguardian.com/environment/2016/nov/18/poor-nations-pledge-deep-emissions-cuts-at-marrakech-climate-change-summit,2016-11-18,2021-08-25,1,https://i.guim.co.uk/img/media/7d68dcf75eed3405f17b8220c5b4e56df9895212/0_0_5760_3840/master/5760.jpg?width=465&dpr=1&s=none&crop=none,../Scripts/output/guardian/guardian_images/guardian_2016-11-18_guardian_93380b32df_img01.jpg,"The climate march at the COP22 climate conference in in Marrakech, Morocco. Photograph: Jeremy Sutton-Hibbert/Greenpeace",,1,graph,2,photo|photograph,0,likely_visualization
guardian_ee67614217,The Guardian,2016,IPCC,"Police chief's Hillsborough book will not affect investigation, says watchdog",https://www.theguardian.com/football/2016/nov/18/police-chiefs-hillsborough-book-will-not-affect-investigation-says-watchdog,2016-11-18,2018-01-11,1,https://i.guim.co.uk/img/media/95b05b192955c9eaf1efb788f6701786f1441d77/1146_35_997_598/master/997.jpg?width=465&dpr=1&s=none&crop=none,../Scripts/output/guardian/guardian_images/guardian_2016-11-18_guardian_ee67614217_img01.jpg,Sir Norman Bettison was a chief inspector in South Yorkshire police at the time of the Hillsborough disaster. Photograph: Peter Byrne/PA,,1,graph,2,photo|photograph,0,likely_visualization
guardian_35974825a0,The Guardian,2016,"""sea level rise""",Malcolm Roberts says Trump's election 'the beginning of the western spring' – as it happened,https://www.theguardian.com/australia-news/live/2016/nov/21/turnbull-government-negotiations-parliament-coalition-high-court-politics-live,2016-11-20,2018-03-13,1,https://i.guim.co.uk/img/media/bac61cf080d5cc81a4119b09ac358ba29ee39b83/0_0_4500_3000/master/4500.jpg?width=465&dpr=1&s=none&crop=none,../Scripts/output/guardian/guardian_images/guardian_2016-11-20_guardian_35974825a0_img01.jpg,Senator David Leyonhjelm during a disallowance motion on the Adler lever-action shot gun importation ban. To be continued... Photograph: Mike Bowers/The Guardian,,1,graph,2,photo|photograph,0,likely_visualization
guardian_35974825a0,The Guardian,2016,"""sea level rise""",Malcolm Roberts says Trump's election 'the beginning of the western spring' – as it happened,https://www.theguardian.com/australia-news/live/2016/nov/21/turnbull-government-negotiations-parliament-coalition-high-court-politics-live,2016-11-20,2018-03-13,2,https://i.guim.co.uk/img/media/6720c20161d673de105fa1aabbeff0b3b8234c1d/0_0_4500_3000/master/4500.jpg?width=465&dpr=1&s=none&crop=none,../Scripts/output/guardian/guardian_images/guardian_2016-11-20_guardian_35974825a0_img02.jpg,One Nation’s Malcolm Roberts in the Senate chamber. Photograph: Mike Bowers/The Guardian,,1,graph,2,photo|photograph,0,likely_visualization
guardian_35974825a0,The Guardian,2016,"""sea level rise""",Malcolm Roberts says Trump's election 'the beginning of the western spring' – as it happened,https://www.theguardian.com/australia-news/live/2016/nov/21/turnbull-government-negotiations-parliament-coalition-high-court-politics-live,2016-11-20,2018-03-13,3,https://i.guim.co.uk/img/media/583df76ff639790495d161a69724ed7529a918a2/0_0_4500_3000/master/4500.jpg?width=465&dpr=1&s=none&crop=none,../Scripts/output/guardian/guardian_images/guardian_2016-11-20_guardian_35974825a0_img03.jpg,Greens senator Nick McKim with a tin foil hat for Malcolm Roberts. Photograph: Mike Bowers/The Guardian,,1,graph,2,photo|photograph,0,likely_visualization
guardian_35974825a0,The Guardian,2016,"""sea level rise""",Malcolm Roberts says Trump's election 'the beginning of the western spring' – as it happened,https://www.theguardian.com/australia-news/live/2016/nov/21/turnbull-government-negotiations-parliament-coalition-high-court-politics-live,2016-11-20,2018-03-13,4,https://i.guim.co.uk/img/media/4b8419cc5abf4fefe4d12c5c2d670f9d56397e82/0_0_4500_3000/master/4500.jpg?width=465&dpr=1&s=none&crop=none,../Scripts/output/guardian/guardian_images/guardian_2016-11-20_guardian_35974825a0_img04.jpg,Queensland senator Malcolm Roberts reacts to Greens senator Nick McKim. Photograph: Mike Bowers/The Guardian,,1,graph,2,photo|photograph,0,likely_visualization
guardian_35974825a0,The Guardian,2016,"""sea level rise""",Malcolm Roberts says Trump's election 'the beginning of the western spring' – as it happened,https://www.theguardian.com/australia-news/live/2016/nov/21/turnbull-government-negotiations-parliament-coalition-high-court-politics-live,2016-11-20,2018-03-13,5,https://i.guim.co.uk/img/media/41cdb1479a8be07ab80549e36652ec6dc0b898e3/0_0_1538_989/master/1538.jpg?width=465&dpr=1&s=none&crop=none,../Scripts/output/guardian/guardian_images/guardian_2016-11-20_guardian_35974825a0_img05.jpg,"The member for Lindsay, Emma Husar, front, and the member for Parramatta, Julie Owens, leave the chamber after being evicted by the speaker under standing order 94A. Photograph: Mike Bowers/The Guardian",,1,graph,2,photo|photograph,0,likely_visualization
guardian_7447877fda,The Guardian,2016,IPCC,Home Office admits to secret files on miners’ strike and Orgreave clashes,https://www.theguardian.com/politics/2016/nov/20/home-office-holds-30-secret-miners-strike-files,2016-11-20,2025-05-23,2,https://i.guim.co.uk/img/media/b66dc8b6add328a9118d86679f4f2b81f3c3ac81/0_180_3449_2069/master/3449.jpg?width=445&dpr=1&s=none&crop=none,../Scripts/output/guardian/guardian_images/guardian_2016-11-20_guardian_7447877fda_img02.jpg,"Barbara Jackson, from the Orgreave Truth and Justice Campaign, said she had no idea about the strike files. Photograph: Danny Lawson/PA",,1,graph,2,photo|photograph,0,likely_visualization
guardian_02bb809b83,The Guardian,2016,"""carbon budget""",The new climate change story must be one of rapid transition,https://www.theguardian.com/environment/2016/nov/23/the-new-climate-change-story-must-be-one-of-rapid-transition,2016-11-23,2021-08-25,1,https://i.guim.co.uk/img/media/92bd50fb5b9e6cb971e8b6ff45bc46b000307c0f/70_0_4469_2682/master/4469.jpg?width=465&dpr=1&s=none&crop=none,../Scripts/output/guardian/guardian_images/guardian_2016-11-23_guardian_02bb809b83_img01.jpg,"A woman and a child walk through water to reach their home during a king tide event on Kili in the Marshall Islands, that are just two meters above sea level in most places. Photograph: AP",,1,graph,2,photo|photograph,0,likely_visualization
guardian_59eb5f5beb,The Guardian,2016,IPCC,Stephen Port's freedom to kill raises difficult questions for the Met,https://www.theguardian.com/uk-news/2016/nov/23/stephen-ports-freedom-kill-difficult-questions-met-police,2016-11-23,2017-11-28,2,https://i.guim.co.uk/img/media/6d2cf6e4ccc1c0e893d8a4dca7b1e053e805ccba/36_35_1125_675/master/1125.jpg?width=445&dpr=1&s=none&crop=none,../Scripts/output/guardian/guardian_images/guardian_2016-11-23_guardian_59eb5f5beb_img02.jpg,Stephen Port. Photograph: Rex/Shutterstock,,1,graph,2,photo|photograph,0,likely_visualization
guardian_59eb5f5beb,The Guardian,2016,IPCC,Stephen Port's freedom to kill raises difficult questions for the Met,https://www.theguardian.com/uk-news/2016/nov/23/stephen-ports-freedom-kill-difficult-questions-met-police,2016-11-23,2017-11-28,4,https://i.guim.co.uk/img/media/0aae87c319d94c762b47cd3c41a6eaf05e0a329e/2827_74_506_633/master/506.jpg?width=120&dpr=1&s=none&crop=none,../Scripts/output/guardian/guardian_images/guardian_2016-11-23_guardian_59eb5f5beb_img04.jpg,Gabriel Kovari. Photograph: Metropolitan Police/PA,,1,graph,2,photo|photograph,0,likely_visualization
guardian_59eb5f5beb,The Guardian,2016,IPCC,Stephen Port's freedom to kill raises difficult questions for the Met,https://www.theguardian.com/uk-news/2016/nov/23/stephen-ports-freedom-kill-difficult-questions-met-police,2016-11-23,2017-11-28,6,https://i.guim.co.uk/img/media/61bb0595640ebc13ed33e70d329567302def95fd/0_39_3500_2100/master/3500.jpg?width=445&dpr=1&s=none&crop=none,../Scripts/output/guardian/guardian_images/guardian_2016-11-23_guardian_59eb5f5beb_img06.jpg,Three of Stephen Port’s victims were found propped against a graveyard wall at St Margaret’s church in Barking. Photograph: Nick Ansell/PA,,1,graph,2,photo|photograph,0,likely_visualization
guardian_5f173de97e,The Guardian,2016,IPCC,Stephen Port convicted of murder of four men,https://www.theguardian.com/uk-news/2016/nov/23/stephen-port-convicted-of-of-four-men,2016-11-23,2017-11-28,1,https://i.guim.co.uk/img/media/d02729c4f576ef64edb2eb02a3610f4d3956fbc4/0_0_1417_850/master/1417.jpg?width=465&dpr=1&s=none&crop=none,../Scripts/output/guardian/guardian_images/guardian_2016-11-23_guardian_5f173de97e_img01.jpg,A CCTV image of Stephen Port issued by the Metropolitan police. Photograph: PA,,1,graph,2,photo|photograph,0,likely_visualization
guardian_5f173de97e,The Guardian,2016,IPCC,Stephen Port convicted of murder of four men,https://www.theguardian.com/uk-news/2016/nov/23/stephen-port-convicted-of-of-four-men,2016-11-23,2017-11-28,2,https://i.guim.co.uk/img/media/0aae87c319d94c762b47cd3c41a6eaf05e0a329e/0_0_3500_1018/master/3500.jpg?width=445&dpr=1&s=none&crop=none,../Scripts/output/guardian/guardian_images/guardian_2016-11-23_guardian_5f173de97e_img02.jpg,"Stephen Port’s victims (from left): Daniel Whitworth, Jack Taylor, Anthony Walgate and Gabriel Kovari. Photograph: Metropolitan police/PA",,1,graph,2,photo|photograph,0,likely_visualization
guardian_5f173de97e,The Guardian,2016,IPCC,Stephen Port convicted of murder of four men,https://www.theguardian.com/uk-news/2016/nov/23/stephen-port-convicted-of-of-four-men,2016-11-23,2017-11-28,3,https://i.guim.co.uk/img/media/61bb0595640ebc13ed33e70d329567302def95fd/0_148_3500_2100/master/3500.jpg?width=445&dpr=1&s=none&crop=none,../Scripts/output/guardian/guardian_images/guardian_2016-11-23_guardian_5f173de97e_img03.jpg,"St Margaret’s churchyard in Barking, where the bodies of three of Stephen Port’s victims were found. Photograph: Nick Ansell/PA",,1,graph,2,photo|photograph,0,likely_visualization
guardian_926377ab83,The Guardian,2016,IPCC,Divers find body in search for man who went missing in storms,https://www.theguardian.com/uk-news/2016/nov/23/divers-find-body-in-search-for-man-who-went-missing-in-storms,2016-11-23,2018-03-03,1,https://i.guim.co.uk/img/media/55df6bf16f214866227501e25ed2d17edef47743/0_189_2438_1462/master/2438.jpg?width=465&dpr=1&s=none&crop=none,../Scripts/output/guardian/guardian_images/guardian_2016-11-23_guardian_926377ab83_img01.jpg,"Russell Sherwood, who went missing on Monday morning. Photograph: South Wales police/PA",,1,graph,2,photo|photograph,0,likely_visualization
guardian_825c70f3ea,The Guardian,2016,IPCC,Man wielding axe in Hull dies after being shot by police,https://www.theguardian.com/uk-news/2016/nov/29/man-wielding-axe-in-hull-street-shot-injured-by-police,2016-11-29,2017-11-28,1,https://i.guim.co.uk/img/media/53953425f87e2423151d02516cfbde1384caf0e3/0_170_3500_2100/master/3500.jpg?width=465&dpr=1&s=none&crop=none,../Scripts/output/guardian/guardian_images/guardian_2016-11-29_guardian_825c70f3ea_img01.jpg,The cordoned-off scene around Charles Street after the 31-year-old man was shot and injured by police. Photograph: Amy Murphy/PA,,1,graph,2,photo|photograph,0,likely_visualization
guardian_d87ac94035,The Guardian,2016,IPCC,Hillsborough: police media officer loses 'coercion to spin' case,https://www.theguardian.com/uk-news/2016/nov/29/hillsborough-police-media-officer-loses-coercion-to-spin-case,2016-11-29,2018-01-11,1,https://i.guim.co.uk/img/media/80afb086efd9f5eb2a14075d0270272742f4fc3d/0_68_5760_3456/master/5760.jpg?width=465&dpr=1&s=none&crop=none,../Scripts/output/guardian/guardian_images/guardian_2016-11-29_guardian_d87ac94035_img01.jpg,Hayley Court said she was instructed to emphasise evidence considered favourable to South Yorkshire police to journalists at the Hillsborough inquests. Photograph: Christopher Thomond/The Guardian,,1,graph,2,photo|photograph,0,likely_visualization
guardian_2e6b9076a4,The Guardian,2016,IPCC,Mzee Mohammed death: plea for witnesses to events before arrest,https://www.theguardian.com/uk-news/2016/dec/01/mzee-mohammed-death-police-seek-witnesses-arrest-liverpool,2016-12-01,2017-11-28,1,https://i.guim.co.uk/img/media/d1bccc7cbfc943e1b5b523fb1b4e5c09ad06ec43/284_0_1309_785/master/1309.jpg?width=465&dpr=1&s=none&crop=none,../Scripts/output/guardian/guardian_images/guardian_2016-12-01_guardian_2e6b9076a4_img01.jpg,Still of witness footage of Mzee Mohammed being pinned down in Liverpool in July. Photograph: Witness footage,,1,graph,2,photo|photograph,0,likely_visualization
guardian_2e6b9076a4,The Guardian,2016,IPCC,Mzee Mohammed death: plea for witnesses to events before arrest,https://www.theguardian.com/uk-news/2016/dec/01/mzee-mohammed-death-police-seek-witnesses-arrest-liverpool,2016-12-01,2017-11-28,2,https://i.guim.co.uk/img/media/8e6721d9b9b94ed23333afa446b7f2e22e122fe4/126_188_1502_901/master/1502.jpg?width=445&dpr=1&s=none&crop=none,../Scripts/output/guardian/guardian_images/guardian_2016-12-01_guardian_2e6b9076a4_img02.jpg,Officers want to speak to the individuals pictured in these CCTV stills in the hope they will be able to shed some light on what happened. Photograph: Lancashire constabulary,,1,graph,2,photo|photograph,0,likely_visualization
guardian_2e6b9076a4,The Guardian,2016,IPCC,Mzee Mohammed death: plea for witnesses to events before arrest,https://www.theguardian.com/uk-news/2016/dec/01/mzee-mohammed-death-police-seek-witnesses-arrest-liverpool,2016-12-01,2017-11-28,3,https://i.guim.co.uk/img/media/678c44ddaee2b3720259988c3491b01942319886/28_52_1630_978/master/1630.jpg?width=445&dpr=1&s=none&crop=none,../Scripts/output/guardian/guardian_images/guardian_2016-12-01_guardian_2e6b9076a4_img03.jpg,Another CCTV still officers hope will prompt witnesses to come forward. Photograph: Lancashire constabulary,,1,graph,2,photo|photograph,0,likely_visualization
guardian_a2436cbbf9,The Guardian,2016,"""sea level rise""",Quitting UN climate change body could be Trump's quickest exit from Paris deal,https://www.theguardian.com/environment/2016/dec/02/trump-break-from-paris-climate-deal-unfccc-exit,2016-12-02,2021-08-25,2,https://i.guim.co.uk/img/media/a33bc70bc35667b3fc1dc10243d60fe487c422c4/0_233_4584_2750/master/4584.jpg?width=445&dpr=1&s=none&crop=none,../Scripts/output/guardian/guardian_images/guardian_2016-12-02_guardian_a2436cbbf9_img02.jpg,"Barack Obama and the UN secretary general, Ban Ki-moon, shake hands during a joint ratification of the Paris climate deal in September. Photograph: How Hwee Young/AP",,1,graph,2,photo|photograph,0,likely_visualization
guardian_e39f9f548a,The Guardian,2016,IPCC,Fires and drought cook Tennessee - a state represented by climate deniers,https://www.theguardian.com/environment/climate-consensus-97-per-cent/2016/dec/02/fires-and-drought-cook-tennessee-a-state-represented-by-climate-deniers,2016-12-02,2021-08-25,1,https://i.guim.co.uk/img/media/297c6f9806d2477dac70d4ca42e30febd49ce785/0_178_5352_3211/master/5352.jpg?width=465&dpr=1&s=none&crop=none,../Scripts/output/guardian/guardian_images/guardian_2016-12-02_guardian_e39f9f548a_img01.jpg,"Local resident Ralph Cogdill checks the debris of his house which was ruined by a wildfire in Pigeon Forge, Tennessee on Nov. 30, 2016. Photograph: Xinhua / Barcroft Images",,1,graph,2,photo|photograph,0,likely_visualization
guardian_10890cabe3,The Guardian,2016,"""global temperature""",Climate scientists condemn article claiming global temperatures are falling,https://www.theguardian.com/environment/2016/dec/03/climate-change-scientists-house-panel-global-temperatures-misleading,2016-12-03,2021-08-25,1,https://i.guim.co.uk/img/media/d25b4afb638a61dece1f796bc587695970ec6b12/0_0_3760_2256/master/3760.jpg?width=465&dpr=1&s=none&crop=none,../Scripts/output/guardian/guardian_images/guardian_2016-12-03_guardian_10890cabe3_img01.jpg,Ethiopia is experiencing its worst drought in 30 years as the direct result of El Niño. Photograph: Jonathan Fontaine/SIPA/REX/Shutterstock,,1,graph,2,photo|photograph,0,likely_visualization
guardian_9e772596e8,The Guardian,2016,"""net zero""",Turnbull warned to expect backbench hostility if he tries to adopt carbon trading,https://www.theguardian.com/australia-news/2016/dec/05/malcolm-turnbull-direct-action-carbon-trading-climate-change,2016-12-05,2021-08-25,1,https://i.guim.co.uk/img/media/4fc57de4520b0dec98f537948e718bb70cdfeecc/0_230_3663_2199/master/3663.jpg?width=465&dpr=1&s=none&crop=none,../Scripts/output/guardian/guardian_images/guardian_2016-12-05_guardian_9e772596e8_img01.jpg,The terms of reference for a review of Malcolm Turnbull’s government’s Direct Action policy do not rule out the option of reinstating a form of carbon trading in the electricity sector. Photograph: Lukas Coch/AAP,,1,graph,2,photo|photograph,0,likely_visualization
guardian_52e24eb557,The Guardian,2016,IPCC,"Lawful Killing: Mark Duggan review – tries and fails to make sense of a bleak, murky case",https://www.theguardian.com/tv-and-radio/2016/dec/06/lawful-killing-mark-duggan-review-bleak-murky-case-docudrama-community-police-broadwater-farm-riot,2016-12-06,2018-06-19,1,https://i.guim.co.uk/img/media/8a30b148da3169d473d9a428e39be252f7eebfb9/0_140_4288_2572/master/4288.jpg?width=465&dpr=1&s=none&crop=none,../Scripts/output/guardian/guardian_images/guardian_2016-12-06_guardian_52e24eb557_img01.jpg,"Actor Louis “Dubz” Downie plays Mark Duggan in Lawful Killing: Mark Duggan, BBC1. Photograph: Des Willie/BBC/Acme Films Ltd",,1,graph,2,photo|photograph,0,likely_visualization
guardian_27a0137148,The Guardian,2016,IPCC,Hundreds of police in England and Wales accused of sexual abuse,https://www.theguardian.com/uk-news/2016/dec/08/hundreds-police-officers-accused-sex-abuse-inquiry-finds,2016-12-08,2017-11-28,1,https://i.guim.co.uk/img/media/81c49da0e08b4310649e16d14df0935c6e07c42f/0_10_1879_1127/master/1879.jpg?width=465&dpr=1&s=none&crop=none,../Scripts/output/guardian/guardian_images/guardian_2016-12-08_guardian_27a0137148_img01.jpg,"Domestic abuse victims, alcohol and drug addicts, sex workers and arrested suspects were among those targeted by officers and staff, HMIC said. Photograph: Chris Young/PA",,1,graph,2,photo|photograph,0,likely_visualization
guardian_42d90da551,The Guardian,2016,"""climate change""",Coag agenda: Turnbull gives ground on homelessness and family violence,https://www.theguardian.com/australia-news/2016/dec/09/coag-agenda-turnbull-gives-ground-on-homelessness-and-family-violence,2016-12-08,2018-08-03,1,https://i.guim.co.uk/img/media/57a41b5fe67c5e22dc4fa81d9a1cb9591eb5d43a/0_222_4500_2701/master/4500.jpg?width=465&dpr=1&s=none&crop=none,../Scripts/output/guardian/guardian_images/guardian_2016-12-08_guardian_42d90da551_img01.jpg,Malcolm Turnbull has announced changes to domestic violence protection orders to make it easier for police to act on breaches. The issue was expected to be a focus of Friday’s Council of Australian Governments meeting. Photograph: Lukas Coch/AAP,,1,graph,2,photo|photograph,0,likely_visualization
guardian_4f4a6eba6d,The Guardian,2016,"""climate change""",On climate policy and power prices Turnbull is talking rubbish. Here are some facts,https://www.theguardian.com/australia-news/2016/dec/09/on-climate-policy-and-power-prices-turnbull-is-talking-rubbish-here-are-some-facts,2016-12-08,2021-08-25,1,https://i.guim.co.uk/img/media/5e230eb0147642edf83d5eb40946f88e570bd75f/0_173_4072_2443/master/4072.jpg?width=465&dpr=1&s=none&crop=none,../Scripts/output/guardian/guardian_images/guardian_2016-12-08_guardian_4f4a6eba6d_img01.jpg,"Ruling out carbon pricing is not, to quote Malcolm Turnbull, doing ‘everything that we can to put downward pressure on energy prices’ – it’s a recipe for keeping prices higher. Photograph: Mick Tsikas/AAP",,1,graph,2,photo|photograph,0,likely_visualization
guardian_51155895d7,The Guardian,2016,"""climate change""",The battle to protect charity lobbying must continue,https://www.theguardian.com/voluntary-sector-network/2016/dec/08/charity-lobbying-government-grant-making-standards,2016-12-08,2017-05-07,1,https://i.guim.co.uk/img/media/a04a18ee3c091b3f175408cdedb43a5a3e3f912e/0_72_5616_3370/master/5616.jpg?width=465&dpr=1&s=none&crop=none,../Scripts/output/guardian/guardian_images/guardian_2016-12-08_guardian_51155895d7_img01.jpg,"Critics of the anti-lobbying clause said it was an attempt to muzzle experts on political issues, including climate change. Photograph: Alamy",,1,graph,2,photo|photograph,0,likely_visualization
guardian_701aafce7e,The Guardian,2016,"""climate change""",The real inconvenient truth about climate change,https://www.theguardian.com/environment/2016/dec/08/the-real-inconvenient-truth-about-climate-change,2016-12-08,2021-08-25,1,https://i.guim.co.uk/img/media/3e246c23c9f7829555964a31258eb04c6f987bfe/0_35_3238_1943/master/3238.jpg?width=465&dpr=1&s=none&crop=none,../Scripts/output/guardian/guardian_images/guardian_2016-12-08_guardian_701aafce7e_img01.jpg,The New Hope Church Food Bank in South Shields. Waldo Gemio contrasts an article on the increase in poverty with our recommendation of a panettone costing £24.99. Photograph: Mark Pinder,,1,graph,2,photo|photograph,0,likely_visualization
guardian_797b098b56,The Guardian,2016,"""climate change""","Giraffes facing extinction after devastating decline, experts warn",https://www.theguardian.com/environment/2016/dec/08/giraffe-red-list-vulnerable-species-extinction,2016-12-08,2021-10-29,1,https://i.guim.co.uk/img/media/9d3c05eeff6734f2a4710f6633d4904bc0005e13/0_0_5293_3529/master/5293.jpg?width=445&dpr=1&s=none&crop=none,../Scripts/output/guardian/guardian_images/guardian_2016-12-08_guardian_797b098b56_img01.jpg,Giraffes grazing in the Nairobi national park. Photograph: Grayling Kenya Photo/Stuart Price/MEAACT Kenya,,1,graph,2,photo|photograph,0,likely_visualization
guardian_797b098b56,The Guardian,2016,"""climate change""","Giraffes facing extinction after devastating decline, experts warn",https://www.theguardian.com/environment/2016/dec/08/giraffe-red-list-vulnerable-species-extinction,2016-12-08,2021-10-29,2,https://i.guim.co.uk/img/media/93d314fdd3935092b2c62a6acd34f04745709488/0_0_4256_2832/master/4256.jpg?width=445&dpr=1&s=none&crop=none,../Scripts/output/guardian/guardian_images/guardian_2016-12-08_guardian_797b098b56_img02.jpg,"African grey parrots in Odzala-Kokoua national park, the Republic of the Congo. The species is at risk from hunting for the pet trade. Photograph: Pete Oxford/Minden Pictures/Alamy",,1,graph,2,photo|photograph,0,likely_visualization
guardian_797b098b56,The Guardian,2016,"""climate change""","Giraffes facing extinction after devastating decline, experts warn",https://www.theguardian.com/environment/2016/dec/08/giraffe-red-list-vulnerable-species-extinction,2016-12-08,2021-10-29,3,https://i.guim.co.uk/img/media/c09cb0f2a2064480cc610b65b9dbdabe1f72a27c/0_0_4032_3024/master/4032.jpg?width=445&dpr=1&s=none&crop=none,../Scripts/output/guardian/guardian_images/guardian_2016-12-08_guardian_797b098b56_img03.jpg,The Kalimantan mango (M angifera casturi ) has already become extinct. Photograph: TopTropicals.com/IUCN,,1,graph,2,photo|photograph,0,likely_visualization
guardian_a2d9a7ea1a,The Guardian,2016,IPCC,The Guardian view on police abuse of women: an offence against society,https://www.theguardian.com/commentisfree/2016/dec/08/the-guardian-view-on-police-abuse-of-women-an-offence-against-society,2016-12-08,2018-01-11,1,https://i.guim.co.uk/img/media/b006af342897edfbf9898a0d7c0336f1c64477f9/0_143_4072_2443/master/4072.jpg?width=465&dpr=1&s=none&crop=none,../Scripts/output/guardian/guardian_images/guardian_2016-12-08_guardian_a2d9a7ea1a_img01.jpg,"Anne Owers, head of the IPCC, which concluded last year that referral of cases involving corruption had been inconsistent across police forces. Photograph: Linda Nylind/The Guardian",,1,graph,2,photo|photograph,0,likely_visualization
guardian_de6223aefe,The Guardian,2016,"""climate change""",Coag: Victoria and Queensland push for new laws on family violence leave,https://www.theguardian.com/society/2016/dec/08/coag-victoria-and-queensland-push-to-legislate-family-violence-leave,2016-12-08,2017-02-02,1,https://i.guim.co.uk/img/media/c7ae05b71fc4ad740a1ba6d52966c6ea4b7827dd/92_177_4608_2766/master/4608.jpg?width=465&dpr=1&s=none&crop=none,../Scripts/output/guardian/guardian_images/guardian_2016-12-08_guardian_de6223aefe_img01.jpg,"The Victorian premier, Daniel Andrews, says family violence leave should be a workplace entitlement. Photograph: Julian Smith/AAP",,1,graph,2,photo|photograph,0,likely_visualization
guardian_ec134d42e0,The Guardian,2016,"""climate change""",Why electric cars are only as clean as their power supply,https://www.theguardian.com/environment/2016/dec/08/electric-car-emissions-climate-change,2016-12-08,2021-08-25,1,https://i.guim.co.uk/img/media/b0480f917179473aaac4e6445b59158d597638f1/0_117_5150_3090/master/5150.jpg?width=465&dpr=1&s=none&crop=none,../Scripts/output/guardian/guardian_images/guardian_2016-12-08_guardian_ec134d42e0_img01.jpg,"Electric cars rely on regular charging from the local electricity network, and the power plants providing that energy aren’t emission-free. Photograph: Alamy",,1,graph,2,photo|photograph,0,likely_visualization
guardian_ec134d42e0,The Guardian,2016,"""climate change""",Why electric cars are only as clean as their power supply,https://www.theguardian.com/environment/2016/dec/08/electric-car-emissions-climate-change,2016-12-08,2021-08-25,3,https://i.guim.co.uk/img/media/e620dae831f9d7ddd36a388a1f310430120c6737/0_331_2544_1525/master/2544.jpg?width=445&dpr=1&s=none&crop=none,../Scripts/output/guardian/guardian_images/guardian_2016-12-08_guardian_ec134d42e0_img03.jpg,"Apart from limiting carbon dioxide emissions, electric cars can also improve the local air quality in cities by moving emissions from cars to power plants. Photograph: Imaginechina/Rex/Shutterstock",,1,graph,2,photo|photograph,0,likely_visualization
guardian_ec134d42e0,The Guardian,2016,"""climate change""",Why electric cars are only as clean as their power supply,https://www.theguardian.com/environment/2016/dec/08/electric-car-emissions-climate-change,2016-12-08,2021-08-25,4,https://i.guim.co.uk/img/media/9acebbb9714eaab8f64a3967dfcc7bf1eb0ab439/35_21_3965_2379/master/3965.jpg?width=445&dpr=1&s=none&crop=none,../Scripts/output/guardian/guardian_images/guardian_2016-12-08_guardian_ec134d42e0_img04.jpg,"Air pollution is one of the world’s most urgent environmental hazards, causing more than 3m premature deaths annually. Photograph: Ben Smith/The Guardian",,1,graph,2,photo|photograph,0,likely_visualization
guardian_004c45330e,The Guardian,2016,"""climate change""",Did Russia vote in the US election?,https://www.theguardian.com/us-news/live/2016/dec/09/russia-hacking-us-election,2016-12-09,2020-12-15,1,https://i.guim.co.uk/img/media/3650e2b0c3cb6a600786242779d9500682b38345/0_40_2000_1200/master/2000.jpg?width=300&quality=85&auto=format&fit=max&s=8589dea39f06d7f546eb455f6bc5bee6,../Scripts/output/guardian/guardian_images/guardian_2016-12-09_guardian_004c45330e_img01.jpg,U mad bro? Photograph: Andrew Harnik/AP,,1,graph,2,photo|photograph,0,likely_visualization
guardian_004c45330e,The Guardian,2016,"""climate change""",Did Russia vote in the US election?,https://www.theguardian.com/us-news/live/2016/dec/09/russia-hacking-us-election,2016-12-09,2020-12-15,3,https://i.guim.co.uk/img/media/2d7d7145e59cf276db971c2876e999779077413f/0_87_3000_1800/master/3000.jpg?width=300&quality=85&auto=format&fit=max&s=ad6da6ca7ffb18b00d2bef4ef1b33b25,../Scripts/output/guardian/guardian_images/guardian_2016-12-09_guardian_004c45330e_img03.jpg,Here’s what Trump was up to in 2007. Photograph: Mathew Imaging/FilmMagic,,1,graph,2,photo|photograph,0,likely_visualization
guardian_04edf67d25,The Guardian,2016,"""climate change""",Turnbull was right in 2009: ruling out emissions trading is 'bullshit',https://www.theguardian.com/australia-news/2016/dec/10/turnbull-was-right-in-2009-ruling-out-emissions-trading-is-bullshit,2016-12-09,2021-08-25,1,https://i.guim.co.uk/img/media/a17ea3ee7b34358f1ffbc0b365732f9fd757b75c/0_21_3005_1803/master/3005.jpg?width=465&dpr=1&s=none&crop=none,../Scripts/output/guardian/guardian_images/guardian_2016-12-09_guardian_04edf67d25_img01.jpg,Tony Abbott is no longer prime minister but the climate sceptics still seem to be calling the shots. Photograph: Sam Mooy/AAP,,1,graph,2,photo|photograph,0,likely_visualization
guardian_1bc6dacc19,The Guardian,2016,"""climate change""","I, Daniel Blake sweeps Evening Standard film awards",https://www.theguardian.com/film/2016/dec/09/i-daniel-blake-sweeps-evening-standard-film-awards,2016-12-09,2018-09-28,1,https://i.guim.co.uk/img/media/91cb1d3a2beb0823ee954e2658098deffa620075/0_330_2333_1400/master/2333.jpg?width=465&dpr=1&s=none&crop=none,../Scripts/output/guardian/guardian_images/guardian_2016-12-09_guardian_1bc6dacc19_img01.jpg,"Hayley Squires, Dave Johns and producer Rebecca O’Brien at the Evening Standard film awards. Photograph: Ian West/PA",,1,graph,2,photo|photograph,0,likely_visualization
guardian_1bc6dacc19,The Guardian,2016,"""climate change""","I, Daniel Blake sweeps Evening Standard film awards",https://www.theguardian.com/film/2016/dec/09/i-daniel-blake-sweeps-evening-standard-film-awards,2016-12-09,2018-09-28,3,https://i.guim.co.uk/img/media/20fe3b28e97c73730eff9d45134865a65e38f5f4/168_281_2297_2980/master/2297.jpg?width=120&dpr=1&s=none&crop=none,../Scripts/output/guardian/guardian_images/guardian_2016-12-09_guardian_1bc6dacc19_img03.jpg,Ed Balls and Helen Fielding with her award for comedy. Photograph: Joel Ryan/Invision/AP,,1,graph,2,photo|photograph,0,likely_visualization
guardian_5ae823ca4b,The Guardian,2016,"""climate change""",Alan Finkel warns investment has stalled over climate policy uncertainty,https://www.theguardian.com/environment/2016/dec/09/alan-finkel-warns-investment-has-stalled-over-climate-policy-uncertainty,2016-12-09,2021-08-25,1,https://i.guim.co.uk/img/media/4ab0824c64bec1380ded34033e5423a7e80b0f71/0_185_4500_2700/master/4500.jpg?width=465&dpr=1&s=none&crop=none,../Scripts/output/guardian/guardian_images/guardian_2016-12-09_guardian_5ae823ca4b_img01.jpg,Finkel’s report has generated fresh embarrassment for the Turnbull government because it implicitly endorses an emissions intensity trading scheme for the electricity industry. Photograph: Mike Bowers/The Guardian,,1,graph,2,photo|photograph,0,likely_visualization
guardian_8a3e478e02,The Guardian,2016,"""climate change""",Best albums of 2016: No 6 Hopelessness by Anohni,https://www.theguardian.com/music/musicblog/2016/dec/09/best-albums-of-2016-no-6-hopelessness-by-anohni,2016-12-09,2018-12-03,1,https://i.guim.co.uk/img/media/864bb3d55adf88beae21337c5a04dcf46192f3ed/0_60_4589_2753/master/4589.jpg?width=465&dpr=1&s=none&crop=none,../Scripts/output/guardian/guardian_images/guardian_2016-12-09_guardian_8a3e478e02_img01.jpg,Formidable … Anohni. Photograph: Murdo MacLeod for the Guardian,,1,graph,2,photo|photograph,0,likely_visualization
guardian_998ec6d4c3,The Guardian,2016,"""climate change""","Anti-fracking activist spared jail after refusing to pay court £55,000",https://www.theguardian.com/environment/2016/dec/09/anti-fracking-activist-spared-jail-after-refusing-to-pay-court-55000,2016-12-09,2017-06-09,2,https://i.guim.co.uk/img/media/2cd6222a94c8cff5e830de4a25ef8993f2ef6f27/0_389_5566_3340/master/5566.jpg?width=445&dpr=1&s=none&crop=none,../Scripts/output/guardian/guardian_images/guardian_2016-12-09_guardian_998ec6d4c3_img02.jpg,Tina Louise Rothery – the Green party candidate – with Tory candidate George Osborne and Labour candidate David Pinto-Duschinsky in a hustings for the Tatton constituency at the 2015 general election. Photograph: Christopher Thomond for the Guardian,,1,graph,2,photo|photograph,0,likely_visualization
guardian_5fc004b5d5,The Guardian,2016,IPCC,"Hundreds of people kill themselves after being in police custody, report finds",https://www.theguardian.com/society/2016/dec/10/hundreds-of-people-kill-themselves-after-being-in-police-custody-report-finds,2016-12-10,2017-09-20,1,https://i.guim.co.uk/img/media/5e0beb5f43cf8894d3e1c2b124ed1806540b6e1c/0_170_4368_2621/master/4368.jpg?width=465&dpr=1&s=none&crop=none,../Scripts/output/guardian/guardian_images/guardian_2016-12-10_guardian_5fc004b5d5_img01.jpg,A cell door in a police station custody suite. Photograph: Alamy Stock Photo,,1,graph,2,photo|photograph,0,likely_visualization
guardian_8e6f2c19d8,The Guardian,2016,"""climate change""","Obama's legacy: Lorrie Moore, Richard Ford, Marilynne Robinson and others look back",https://www.theguardian.com/books/2016/dec/10/obamas-legacy-lorrie-moore-richard-ford-marilynne-robinson-and-more,2016-12-10,2017-11-29,3,https://i.guim.co.uk/img/media/db0700d653dfcfdf00b4644d83f175cabf121ede/0_0_2965_2048/master/2965.jpg?width=445&dpr=1&s=none&crop=none,../Scripts/output/guardian/guardian_images/guardian_2016-12-10_guardian_8e6f2c19d8_img03.jpg,Obama meets with Donald Trump in the Oval Office of the White House in Washington. Photograph: Pablo Martinez Monsivais/AP,,1,graph,2,photo|photograph,0,likely_visualization
guardian_e7d63ea454,The Guardian,2016,IPCC,Football chief under fire for ‘smear’ on Hillsborough supporters,https://www.theguardian.com/football/2016/dec/10/hillsborough-football-chief-under-fire-dave-richards-evidence,2016-12-10,2018-02-15,1,https://i.guim.co.uk/img/media/e23daee0bca696f73fc8cb6578a0eb3eae2e02e6/381_0_922_1152/master/922.jpg?width=120&dpr=1&s=none&crop=none,../Scripts/output/guardian/guardian_images/guardian_2016-12-10_guardian_e7d63ea454_img01.jpg,Sir Dave Richards claimed fans made lewd remarks. Photograph: Don Mcphee/The Observer,,1,graph,2,photo|photograph,0,likely_visualization
guardian_e8d20a2321,The Guardian,2016,"""climate change""",Al Gore announces Sundance debut for follow-up to An Inconvenient Truth,https://www.theguardian.com/film/2016/dec/09/al-gore-inconvenient-truth-sequel-sundance,2016-12-10,2021-08-25,1,https://i.guim.co.uk/img/media/7098810b0ddc1c914f022e0799808502e2683104/0_77_1392_835/master/1392.jpg?width=465&dpr=1&s=none&crop=none,../Scripts/output/guardian/guardian_images/guardian_2016-12-10_guardian_e8d20a2321_img01.jpg,Al Gore who will feature in the follow up said: ‘… we must rededicate ourselves to solving the climate crisis’ Photograph: c.Paramount/Everett / Rex Featur,,1,graph,2,photo|photograph,0,likely_visualization
guardian_12354a1c0b,The Guardian,2016,"""climate change""",Why logs are twice as dirty as diesel,https://www.theguardian.com/environment/2016/dec/11/why-logs-twice-dirty-diesel-pollutionwatch,2016-12-11,2021-08-25,1,https://i.guim.co.uk/img/media/8bf92c9c227c8a26155cf19a940435acafc8ae8a/0_141_5197_3118/master/5197.jpg?width=465&dpr=1&s=none&crop=none,../Scripts/output/guardian/guardian_images/guardian_2016-12-11_guardian_12354a1c0b_img01.jpg,"In south-east England, 16% of households use logs for secondary heating and decoration. Photograph: Alamy",,1,graph,2,photo|photograph,0,likely_visualization
guardian_1f1250bf1c,The Guardian,2016,"""climate change""","So optimists are healthier. And more deluded, perhaps?",https://www.theguardian.com/commentisfree/2016/dec/11/so-optimists-are-healthier-and-more-deluded-perhaps,2016-12-11,2020-02-03,1,https://i.guim.co.uk/img/media/afdaf1854cde4eae9beffaf8b0a384616317c178/742_85_1918_1150/master/1918.jpg?width=465&dpr=1&s=none&crop=none,../Scripts/output/guardian/guardian_images/guardian_2016-12-11_guardian_1f1250bf1c_img01.jpg,Michael Gove said: “The case for leaving is positive and optimistic.” Photograph: Jeff Overs/BBC/PA,,1,graph,2,photo|photograph,0,likely_visualization
guardian_1fc9a27260,The Guardian,2016,"""climate change""",The ethical guide to the Anthropocene,https://www.theguardian.com/environment/2016/dec/11/the-ethical-guide-to-the-anthropocene,2016-12-11,2020-09-23,1,https://i.guim.co.uk/img/media/0a70489bd935dfd218c5ef94fcabd43c6cf3019d/0_208_4850_2911/master/4850.jpg?width=465&dpr=1&s=none&crop=none,../Scripts/output/guardian/guardian_images/guardian_2016-12-11_guardian_1fc9a27260_img01.jpg,Dirty planet: Earth seen from space. Photograph: Alamy Stock Photo,,1,graph,2,photo|photograph,0,likely_visualization
guardian_1fc9a27260,The Guardian,2016,"""climate change""",The ethical guide to the Anthropocene,https://www.theguardian.com/environment/2016/dec/11/the-ethical-guide-to-the-anthropocene,2016-12-11,2020-09-23,3,https://i.guim.co.uk/img/media/10f3068cc807d453a9bd7fd13f51d17901aa4b9b/0_0_4320_2592/master/4320.jpg?width=445&dpr=1&s=none&crop=none,../Scripts/output/guardian/guardian_images/guardian_2016-12-11_guardian_1fc9a27260_img03.jpg,Space suits: Awaytomars. Photograph: GLEESONPAULINO/Gleeson Paulino,,1,graph,2,photo|photograph,0,likely_visualization
guardian_5bf578e2d9,The Guardian,2016,"""climate change""",Rapid rise in methane emissions in 10 years surprises scientists,https://www.theguardian.com/environment/2016/dec/12/rapid-rise-methane-emissions-10-years-surprises-scientists,2016-12-12,2021-08-25,1,https://i.guim.co.uk/img/media/8a83d0c84da0bfeac2e269a32d34c7d3117e5eac/49_0_2002_1201/master/2002.jpg?width=465&dpr=1&s=none&crop=none,../Scripts/output/guardian/guardian_images/guardian_2016-12-12_guardian_5bf578e2d9_img01.jpg,Methane concentrations are higher in the northern hemisphere because both natural- and human-caused sources are more abundant there. Photograph: AIRS/Aqua/Nasa,,1,graph,2,photo|photograph,0,likely_visualization
guardian_7b10ccf034,The Guardian,2016,"""climate change""",Fossil fuel divestment is worth $7tn globally yet Australia still clings to coal,https://www.theguardian.com/sustainable-business/2016/dec/13/fossil-fuel-divestment-is-worth-7tn-globally-yet-australia-still-clings-to-coal,2016-12-12,2021-08-25,1,https://i.guim.co.uk/img/media/bd89cc3d123f1ad57ec5c28dcb8cb19ab1dd71fa/0_80_3684_2210/master/3684.jpg?width=465&dpr=1&s=none&crop=none,../Scripts/output/guardian/guardian_images/guardian_2016-12-12_guardian_7b10ccf034_img01.jpg,Protesters gather in Melbourne last week to demonstrate against the federal government’s offer to Adani of a $1bn taxpayer-funded loan to build a railway line to its Carmichael coalmine. Photograph: Julian Smith/AAP,,1,graph,2,photo|photograph,0,likely_visualization
guardian_ce9deb4ccf,The Guardian,2016,"""climate change""",​‘I can’t abandon my land’: the livelihoods threatened by Kenya’s Tana river​ plans​,https://www.theguardian.com/sustainable-business/2016/dec/12/tana-river-kenya-dam-water-business,2016-12-12,2022-10-19,1,https://i.guim.co.uk/img/media/8b786a1b87cfc4fb193e85f791875db8e8e4a3c6/0_3_1600_960/master/1600.jpg?width=465&dpr=1&s=none&crop=none,../Scripts/output/guardian/guardian_images/guardian_2016-12-12_guardian_ce9deb4ccf_img01.jpg,"The Tana Rriver is the backbone of Kenya’s economy, providing up to 80% of Nairobi’s water and half of the country’s electricity through hydroelectric plants. Photograph: Ron Geatz/TNC",,1,graph,2,photo|photograph,0,likely_visualization
guardian_ce9deb4ccf,The Guardian,2016,"""climate change""",​‘I can’t abandon my land’: the livelihoods threatened by Kenya’s Tana river​ plans​,https://www.theguardian.com/sustainable-business/2016/dec/12/tana-river-kenya-dam-water-business,2016-12-12,2022-10-19,2,https://i.guim.co.uk/img/media/5a0989af1823c094f6753a9446b51fb7d1a2399f/0_34_1024_614/master/1024.jpg?width=445&dpr=1&s=none&crop=none,../Scripts/output/guardian/guardian_images/guardian_2016-12-12_guardian_ce9deb4ccf_img02.jpg,"The Tana river is Kenya’s longest river, starting in the Aberdares National Park and Mount Kenya and finishing in the Tana Delta. Photograph: Wetlands International",,1,graph,2,photo|photograph,0,likely_visualization
guardian_f4c104afe6,The Guardian,2016,"""climate change""",Fossil fuel divestment funds double to $5tn in a year,https://www.theguardian.com/environment/2016/dec/12/fossil-fuel-divestment-funds-double-5tn-in-a-year,2016-12-12,2018-02-14,1,https://i.guim.co.uk/img/media/2c6cd54a02e1cc0d7bf0476de5bc746111580221/0_307_4928_2957/master/4928.jpg?width=465&dpr=1&s=none&crop=none,../Scripts/output/guardian/guardian_images/guardian_2016-12-12_guardian_f4c104afe6_img01.jpg,"A demonstration demanding divestment from fossil fuel at the New York Stock Exchange, Wall Street, New York. Photograph: Dorothy Chi Hung Lam/Courtesy 350.org",,1,graph,2,photo|photograph,0,likely_visualization
guardian_0ed41c8ce5,The Guardian,2016,"""climate change""",Rex Tillerson nominated as Donald Trump's secretary of state,https://www.theguardian.com/us-news/2016/dec/13/rex-tillerson-named-as-donald-trumps-secretary-of-state-exxon-mobil-chief-putin,2016-12-13,2021-01-07,1,https://i.guim.co.uk/img/media/de3ee6f46cf51ea11f02d79bffaac5b7d17d9dcf/0_114_4672_2803/master/4672.jpg?width=445&dpr=1&s=none&crop=none,../Scripts/output/guardian/guardian_images/guardian_2016-12-13_guardian_0ed41c8ce5_img01.jpg,"Republican senators John McCain, left, and Marco Rubio. Both have expressed unease with the idea of Rex Tillerson serving as secretary of state. Photograph: Alex Brandon/AP",,1,graph,2,photo|photograph,0,likely_visualization
guardian_182f8cb9bd,The Guardian,2016,"""climate change""",Closure of Hazelwood power station to add $78 a year to power bills,https://www.theguardian.com/australia-news/2016/dec/14/closure-of-hazelwood-power-station-to-add-78-a-year-to-power-bills,2016-12-13,2021-08-25,1,https://i.guim.co.uk/img/media/d4eb39d84199f6d11c0e9fb655b6ac8a620d6af0/69_165_3376_2027/master/3376.jpg?width=465&dpr=1&s=none&crop=none,../Scripts/output/guardian/guardian_images/guardian_2016-12-13_guardian_182f8cb9bd_img01.jpg,Hazelwood power station’s closure in March is expected to lead to higher power bills. Photograph: Meredith O'Shea/The Guardian,,1,graph,2,photo|photograph,0,likely_visualization
guardian_7f42892500,The Guardian,2016,"""climate change""",Bushfire fears as south-eastern Australia swelters through record heat,https://www.theguardian.com/australia-news/2016/dec/13/bushfire-fears-as-south-eastern-australia-swelters-through-record-heat,2016-12-13,2021-08-25,1,https://i.guim.co.uk/img/media/7c6f24b19e4a3b6eade28295e5dc615243ffe6dc/0_177_4256_2554/master/4256.jpg?width=465&dpr=1&s=none&crop=none,../Scripts/output/guardian/guardian_images/guardian_2016-12-13_guardian_7f42892500_img01.jpg,People cool off in the water at Bondi Beach in Sydney on Tuesday as the city braced itself for the hottest December night since 1972. Photograph: Joel Carrett/AAP,,1,graph,2,photo|photograph,0,likely_visualization
guardian_7f42892500,The Guardian,2016,"""climate change""",Bushfire fears as south-eastern Australia swelters through record heat,https://www.theguardian.com/australia-news/2016/dec/13/bushfire-fears-as-south-eastern-australia-swelters-through-record-heat,2016-12-13,2021-08-25,2,https://i.guim.co.uk/img/media/492341a19a237f3003b47977595bcc2e19861830/0_0_3603_2402/master/3603.jpg?width=445&dpr=1&s=none&crop=none,../Scripts/output/guardian/guardian_images/guardian_2016-12-13_guardian_7f42892500_img02.jpg,A boy jumps from the rocks at north Bondi in Sydney on Tuesday as a blast of summer heat hit Australia’s south-east. Photograph: Joel Carrett/AAP,,1,graph,2,photo|photograph,0,likely_visualization
guardian_7f42892500,The Guardian,2016,"""climate change""",Bushfire fears as south-eastern Australia swelters through record heat,https://www.theguardian.com/australia-news/2016/dec/13/bushfire-fears-as-south-eastern-australia-swelters-through-record-heat,2016-12-13,2021-08-25,3,https://i.guim.co.uk/img/media/a4bd83e7cee78515dc9f93877d100a3ef0d6db8b/0_0_4995_3293/master/4995.jpg?width=445&dpr=1&s=none&crop=none,../Scripts/output/guardian/guardian_images/guardian_2016-12-13_guardian_7f42892500_img03.jpg,A Tasmanian devil at the Australian Reptile Park in NSW is treated to ice – and Christmas decorations – during during hot weather on Tuesday. Photograph: Australian Reptile Park,,1,graph,2,photo|photograph,0,likely_visualization
guardian_bcb65830c4,The Guardian,2016,"""climate change""","Nude selfies, cold shoulders and the Hadids: the year in fashion",https://www.theguardian.com/fashion/2016/dec/13/nude-selfies-cold-shoulders-and-the-hadids-the-year-in-fashion,2016-12-13,2025-04-28,1,https://i.guim.co.uk/img/media/2eb107205c551fc3b368405da466bb086089fb90/0_43_2957_1774/master/2957.jpg?width=465&dpr=1&s=none&crop=none,../Scripts/output/guardian/guardian_images/guardian_2016-12-13_guardian_bcb65830c4_img01.jpg,Gigi and Bella Hadid came out in force this year. Photograph: REX/Shutterstock,,1,graph,2,photo|photograph,0,likely_visualization
guardian_bcb65830c4,The Guardian,2016,"""climate change""","Nude selfies, cold shoulders and the Hadids: the year in fashion",https://www.theguardian.com/fashion/2016/dec/13/nude-selfies-cold-shoulders-and-the-hadids-the-year-in-fashion,2016-12-13,2025-04-28,2,https://i.guim.co.uk/img/media/e563a047d48a9d3c1397f84c827aff788a485633/0_0_1028_1030/master/1028.jpg?width=445&dpr=1&s=none&crop=none,../Scripts/output/guardian/guardian_images/guardian_2016-12-13_guardian_bcb65830c4_img02.jpg,Kim Kardashian’s naked selfie. Photograph: @kimkardashian/instagram,,1,graph,2,photo|photograph,0,likely_visualization
guardian_bcb65830c4,The Guardian,2016,"""climate change""","Nude selfies, cold shoulders and the Hadids: the year in fashion",https://www.theguardian.com/fashion/2016/dec/13/nude-selfies-cold-shoulders-and-the-hadids-the-year-in-fashion,2016-12-13,2025-04-28,3,https://i.guim.co.uk/img/media/293475260566360383fe26af9b4feaae67b2ab03/93_0_1907_3000/master/1907.jpg?width=445&dpr=1&s=none&crop=none,../Scripts/output/guardian/guardian_images/guardian_2016-12-13_guardian_bcb65830c4_img03.jpg,2016 loved clavicles ... Proenza Schouler at New York fashion week. Photograph: Edward James/WireImage,,1,graph,2,photo|photograph,0,likely_visualization
guardian_bcb65830c4,The Guardian,2016,"""climate change""","Nude selfies, cold shoulders and the Hadids: the year in fashion",https://www.theguardian.com/fashion/2016/dec/13/nude-selfies-cold-shoulders-and-the-hadids-the-year-in-fashion,2016-12-13,2025-04-28,4,https://i.guim.co.uk/img/media/d5ff47bb18c5bc150fb2a24e05e19dcc33c06d63/0_0_3000_2107/master/3000.jpg?width=445&dpr=1&s=none&crop=none,../Scripts/output/guardian/guardian_images/guardian_2016-12-13_guardian_bcb65830c4_img04.jpg,Michelle Obama stunned in Versace. Photograph: Leigh Vogel/WireImage,,1,graph,2,photo|photograph,0,likely_visualization
guardian_bcb65830c4,The Guardian,2016,"""climate change""","Nude selfies, cold shoulders and the Hadids: the year in fashion",https://www.theguardian.com/fashion/2016/dec/13/nude-selfies-cold-shoulders-and-the-hadids-the-year-in-fashion,2016-12-13,2025-04-28,5,https://i.guim.co.uk/img/media/10531750ef4cafe70c7cee8f2170fd2475ee7285/0_0_2000_2787/master/2000.jpg?width=445&dpr=1&s=none&crop=none,../Scripts/output/guardian/guardian_images/guardian_2016-12-13_guardian_bcb65830c4_img05.jpg,"The Hadids and their momager, Yolanda. Photograph: Michael Stewart/FilmMagic",,1,graph,2,photo|photograph,0,likely_visualization
guardian_fba7f20abc,The Guardian,2016,"""climate change""",Raoul Martinez on writing this year's essential text for thinking radicals,https://www.theguardian.com/books/2016/dec/13/raoul-martinez-writing-creating-freedom-artist,2016-12-13,2017-11-25,1,https://i.guim.co.uk/img/media/348355b9beeda36d8b8fa754d073b42109c1b977/0_386_5790_3473/master/5790.jpg?width=465&dpr=1&s=none&crop=none,../Scripts/output/guardian/guardian_images/guardian_2016-12-13_guardian_fba7f20abc_img01.jpg,"‘Only through understanding the freedom we lack can we enhance the freedom we possess’: artist, philosopher, and writer Raoul Martinez. Photograph: Sarah Lee/The Guardian",,1,graph,2,photo|photograph,0,likely_visualization
guardian_fc62e657bc,The Guardian,2016,"""climate change""",The surprising key to viable carbon sequestration: build more highways,https://www.theguardian.com/sustainable-business/2016/dec/13/sequester-carbon-blue-planet-climate-change,2016-12-13,2021-08-25,1,https://i.guim.co.uk/img/media/a170d4e907aa01ed4846c369538537bef220e4fc/0_331_5100_3060/master/5100.jpg?width=465&dpr=1&s=none&crop=none,../Scripts/output/guardian/guardian_images/guardian_2016-12-13_guardian_fc62e657bc_img01.jpg,California requires that contractors add ground up waste tires to the asphalt mix on every road project. Blue Planet is now working with the state to pass legislation that would require highway contractors to use carbon recycled rock in their projects. Photograph: Alamy,,1,graph,2,photo|photograph,0,likely_visualization
guardian_4158a1354d,The Guardian,2016,"""sea level rise""",Oceanographers offer clues to Malaysian airlines crash,https://www.theguardian.com/environment/climate-consensus-97-per-cent/2016/dec/14/oceanographers-offer-clues-to-malaysian-airlines-crash,2016-12-14,2021-08-25,2,https://i.guim.co.uk/img/media/6bf9fef7e1c4b8d63877b05ad7515928e3b0581a/0_0_1200_1000/master/1200.jpg?width=445&dpr=1&s=none&crop=none,../Scripts/output/guardian/guardian_images/guardian_2016-12-14_guardian_4158a1354d_img02.jpg,Deployment of a drifter. Photograph: NOAA,,1,graph,2,photo|photograph,0,likely_visualization
guardian_74bfba1e0f,The Guardian,2016,"""climate change""",The Guardian view on Donald Trump’s team: not the new normal,https://www.theguardian.com/commentisfree/2016/dec/14/the-guardian-view-on-donald-trumps-team-not-the-new-normal,2016-12-14,2021-08-31,1,https://i.guim.co.uk/img/media/a46458f8f4e22c3b43b9a90a738cad433815a3b6/0_33_3254_1953/master/3254.jpg?width=465&dpr=1&s=none&crop=none,../Scripts/output/guardian/guardian_images/guardian_2016-12-14_guardian_74bfba1e0f_img01.jpg,"US president-elect Donald Trump. ‘Mr Trump was and remains an abnormal politician because he threatens changes that, with almost no exception, are genuinely destructive to American values and interests.’ Photograph: Paco Anselmi/PA",,1,graph,2,photo|photograph,0,likely_visualization
guardian_999bc50169,The Guardian,2016,"""climate change""",How to make a profit from defeating climate change,https://www.theguardian.com/commentisfree/2016/dec/14/bloomberg-carney-profit-from-climate-change-right-information-investors-deliver-solutions,2016-12-14,2025-03-11,1,https://i.guim.co.uk/img/media/696bd4cc45ed7dc857e8ba777ecc7d54555e8edf/0_100_3000_1800/master/3000.jpg?width=465&dpr=1&s=none&crop=none,../Scripts/output/guardian/guardian_images/guardian_2016-12-14_guardian_999bc50169_img01.jpg,Rising sea levels in the Bay of Bengal: ‘A properly functioning market will price in the risks associated with climate change and reward firms that mitigate them.’ Photograph: Sushavan Nandy/Barcroft Images,,1,graph,2,photo|photograph,0,likely_visualization
guardian_f7a958967f,The Guardian,2016,"""climate change""",Mogwai – 10 of the best,https://www.theguardian.com/music/musicblog/2016/dec/14/mogwai-10-of-the-best,2016-12-14,2018-02-22,1,https://i.guim.co.uk/img/media/ad3a4ff01c08c96234f7e726d005db0e8f9c7c19/0_32_3984_2391/master/3984.jpg?width=465&dpr=1&s=none&crop=none,../Scripts/output/guardian/guardian_images/guardian_2016-12-14_guardian_f7a958967f_img01.jpg,Mogwai … making ears bleed in 2014. Photograph: Isopix/Rex Features,,1,graph,2,photo|photograph,0,likely_visualization
guardian_07f0ee47bf,The Guardian,2016,"""climate change""",Justin Trudeau: 'Globalisation isn't working for ordinary people',https://www.theguardian.com/world/2016/dec/15/justin-trudeau-interview-globalisation-climate-change-trump,2016-12-15,2017-11-28,2,https://i.guim.co.uk/img/media/c42f9d2f724d34459072a0afb03dcd58134729c3/0_14_4896_2938/master/4896.jpg?width=445&dpr=1&s=none&crop=none,../Scripts/output/guardian/guardian_images/guardian_2016-12-15_guardian_07f0ee47bf_img02.jpg,Trudeau has previously said he was ‘disappointed’ in Obama’s decision to reject the plans for TransCanada’s Keystone XL pipeline. Photograph: LM Otero/AP,,1,graph,2,photo|photograph,0,likely_visualization
guardian_0dc47993cb,The Guardian,2016,IPCC,"Met chief gave misleading Hillsborough account, IPCC finds",https://www.theguardian.com/football/2016/dec/15/met-chief-hogan-howe-gave-misleading-account-about-hillsborough-ipcc-finds,2016-12-15,2018-01-11,1,https://i.guim.co.uk/img/media/5fbe63ea318470b41243ad634aa7b831f95d98ae/0_52_3500_2101/master/3500.jpg?width=465&dpr=1&s=none&crop=none,../Scripts/output/guardian/guardian_images/guardian_2016-12-15_guardian_0dc47993cb_img01.jpg,The police watchdog concluded Sir Bernard Hogan-Howe made ‘an unfortunate mistake’ and cleared him of misconduct. Photograph: Gareth Fuller/PA,,1,graph,2,photo|photograph,0,likely_visualization
guardian_1468702a50,The Guardian,2016,"""climate change""",One Nation senator joins new world order of climate change denial,https://www.theguardian.com/environment/planet-oz/2016/dec/15/one-nation-senator-joins-new-world-order-of-climate-change-denial,2016-12-15,2021-08-25,1,https://i.guim.co.uk/img/media/fb39e9bafa2eeae26f6985ed5a2dd6b0092c13c3/0_79_3886_2333/master/3886.jpg?width=465&dpr=1&s=none&crop=none,../Scripts/output/guardian/guardian_images/guardian_2016-12-15_guardian_1468702a50_img01.jpg,One Nation’s Queensland senator Malcolm Roberts attended a gathering with an attendee list that reads like a who’s who of the climate science denial world. Photograph: Dan Peled/AAP,,1,graph,2,photo|photograph,0,likely_visualization
guardian_1468702a50,The Guardian,2016,"""climate change""",One Nation senator joins new world order of climate change denial,https://www.theguardian.com/environment/planet-oz/2016/dec/15/one-nation-senator-joins-new-world-order-of-climate-change-denial,2016-12-15,2021-08-25,2,https://i.guim.co.uk/img/media/8ecd5e6b7abeee4f056e9e8cb3be48bde04e3357/0_0_785_763/master/785.jpg?width=445&dpr=1&s=none&crop=none,../Scripts/output/guardian/guardian_images/guardian_2016-12-15_guardian_1468702a50_img02.jpg,Screengrab of a post on Malcolm Robert’s Facebook page. Photograph: Facebook,,1,graph,2,photo|photograph,0,likely_visualization
guardian_293334f342,The Guardian,2016,"""climate change""",'An epic mistake': environmental groups fume over Rex Tillerson nomination,https://www.theguardian.com/us-news/2016/dec/15/rex-tillerson-environmental-record-exxonmobil,2016-12-15,2021-08-25,2,https://i.guim.co.uk/img/media/be48fd2b09e595581535a9645350d38e4569a625/605_0_4087_2453/master/4087.jpg?width=445&dpr=1&s=none&crop=none,../Scripts/output/guardian/guardian_images/guardian_2016-12-15_guardian_293334f342_img02.jpg,An activist protests outside the ExxonMobil annual shareholder meeting in Dallas. Photograph: Jae S. Lee/AP,,1,graph,2,photo|photograph,0,likely_visualization
guardian_78309e7d10,The Guardian,2016,"""climate change""",Nicholas Stern: Donald Trump may not be as bad for the environment as feared,https://www.theguardian.com/environment/2016/dec/15/nicholas-stern-donald-trump-may-not-be-as-bad-for-the-environment-as-feared,2016-12-15,2021-08-25,1,https://i.guim.co.uk/img/media/b6a9d24cdbdcd8c6a7380691998611c813345d5d/0_129_4191_2515/master/4191.jpg?width=465&dpr=1&s=none&crop=none,../Scripts/output/guardian/guardian_images/guardian_2016-12-15_guardian_78309e7d10_img01.jpg,Donald Trump speaks at rally in Baton Rouge. The president-elect has sent mixed signals on climate change. Photograph: Gerald Herbert/AP,,1,graph,2,photo|photograph,0,likely_visualization
guardian_873c22a48c,The Guardian,2016,"""climate change""",Will Rick Perry's pro-wind power stance carry on in the Trump administration?,https://www.theguardian.com/us-news/2016/dec/15/rick-perry-wind-power-energy-secretary-trump-administration,2016-12-15,2021-01-07,1,https://i.guim.co.uk/img/media/b90c10f4086a265a93eb6e9b89f0d930d16c8f07/0_30_3504_2102/master/3504.jpg?width=465&dpr=1&s=none&crop=none,../Scripts/output/guardian/guardian_images/guardian_2016-12-15_guardian_873c22a48c_img01.jpg,"Rick Perry, left, talks with Antonio Pontes, CEO of Martifer Energy Systems, center, in 2008 after announcing Martifer would begin construction on a wind tower factory in San Angelo, Texas. Photograph: Patrick Dove/AP",,1,graph,2,photo|photograph,0,likely_visualization
guardian_b6a509d642,The Guardian,2016,"""climate change""",Kate Beckinsale: ‘Austen’s Lady Susan is like Emma on steroids’,https://www.theguardian.com/film/2016/dec/15/kate-beckinsale-austens-lady-susan-is-like-emma-on-steroids,2016-12-15,2018-12-03,2,https://i.guim.co.uk/img/media/923bb70f9519dc9a4afb8379b07d0eeda45e925c/0_172_3240_1944/master/3240.jpg?width=445&dpr=1&s=none&crop=none,../Scripts/output/guardian/guardian_images/guardian_2016-12-15_guardian_b6a509d642_img02.jpg,Beckinsale with Chloë Sevigny in The Last Days of Disco. Photograph: Moviestore/REX/Shutterstock,,1,graph,2,photo|photograph,0,likely_visualization
guardian_bc877b0942,The Guardian,2016,"""climate change""",Inside the largest Earth science event: 'The time has never been more urgent',https://www.theguardian.com/environment/2016/dec/15/climate-change-conference-agu-san-francisco-donald-trump,2016-12-15,2021-08-25,1,https://i.guim.co.uk/img/media/d0e176d2179f8ab1d97e6713077e58392880b4e3/0_182_4866_2920/master/4866.jpg?width=465&dpr=1&s=none&crop=none,../Scripts/output/guardian/guardian_images/guardian_2016-12-15_guardian_bc877b0942_img01.jpg,Scientists hold signs during a rally in conjunction with the American Geophysical Union’s fall meeting. Photograph: Marcio Jose Sanchez/AP,,1,graph,2,photo|photograph,0,likely_visualization
guardian_bc877b0942,The Guardian,2016,"""climate change""",Inside the largest Earth science event: 'The time has never been more urgent',https://www.theguardian.com/environment/2016/dec/15/climate-change-conference-agu-san-francisco-donald-trump,2016-12-15,2021-08-25,2,https://i.guim.co.uk/img/media/b291ff10a32f772ff33c4e0711427f0a9260f694/0_37_5301_3184/master/5301.jpg?width=445&dpr=1&s=none&crop=none,../Scripts/output/guardian/guardian_images/guardian_2016-12-15_guardian_bc877b0942_img02.jpg,Scientists rally during the American Geophysical Union meeting. Photograph: Marcio Jose Sanchez/AP,,1,graph,2,photo|photograph,0,likely_visualization
guardian_bc877b0942,The Guardian,2016,"""climate change""",Inside the largest Earth science event: 'The time has never been more urgent',https://www.theguardian.com/environment/2016/dec/15/climate-change-conference-agu-san-francisco-donald-trump,2016-12-15,2021-08-25,3,https://i.guim.co.uk/img/media/f76b389235cfcd255ff4fc2274ac1274f1748ba3/0_176_4744_2846/master/4744.jpg?width=445&dpr=1&s=none&crop=none,../Scripts/output/guardian/guardian_images/guardian_2016-12-15_guardian_bc877b0942_img03.jpg,"At the meeting, scientists were feeling the pressure of a looming Trump administration. Photograph: Marcio Jose Sanchez/AP",,1,graph,2,photo|photograph,0,likely_visualization
guardian_2221a59d17,The Guardian,2016,"""climate change""",Don’t call it post-truth. There’s a simpler word: lies,https://www.theguardian.com/commentisfree/2016/dec/16/not-post-truth-simpler-words-lies-aleppo-trump-mainstream,2016-12-16,2018-04-14,1,https://i.guim.co.uk/img/media/59ab8c70154aa4b23af912a5088f71931c2f5726/0_134_5262_3157/master/5262.jpg?width=465&dpr=1&s=none&crop=none,../Scripts/output/guardian/guardian_images/guardian_2016-12-16_guardian_2221a59d17_img01.jpg,"‘Worse still, Trump and those like him not only lie: they imply that the truth doesn’t matter.’ Photograph: Evan Vucci/AP",,1,graph,2,photo|photograph,0,likely_visualization
guardian_29cb300ca2,The Guardian,2016,"""climate change""",This is not normal – climate researchers take to the streets to protect science,https://www.theguardian.com/environment/climate-consensus-97-per-cent/2016/dec/16/this-is-not-normal-climate-researchers-take-to-the-streets-to-protect-science,2016-12-16,2021-08-25,1,https://i.guim.co.uk/img/media/b291ff10a32f772ff33c4e0711427f0a9260f694/0_40_5301_3181/master/5301.jpg?width=465&dpr=1&s=none&crop=none,../Scripts/output/guardian/guardian_images/guardian_2016-12-16_guardian_29cb300ca2_img01.jpg,"Scientists hold signs during a rally in conjunction with the American Geophysical Union’s fall meeting Tuesday, Dec. 13, 2016, in San Francisco. The rally was to call attention to what scientist believe is unwarranted attacks by the incoming Trump administration against scientists advocating for the issue of climate change and its impacts. Photograph: Marcio Jose Sanchez/AP",,1,graph,2,photo|photograph,0,likely_visualization
guardian_55f6025be4,The Guardian,2016,"""climate change""",How Google's search algorithm spreads false information with a rightwing bias,https://www.theguardian.com/technology/2016/dec/16/google-autocomplete-rightwing-bias-algorithm-political-propaganda,2016-12-16,2017-02-21,1,https://i.guim.co.uk/img/media/96be9c2582c9506757060976779daa55fb75183e/131_0_5053_3032/master/5053.jpg?width=465&dpr=1&s=none&crop=none,../Scripts/output/guardian/guardian_images/guardian_2016-12-16_guardian_55f6025be4_img01.jpg,"Manipulations by Google and third parties trying to game the system impact how search engine users perceive the world, even influencing the way they vote. Photograph: Virginia Mayo/AP",,1,graph,2,photo|photograph,0,likely_visualization
guardian_55f6025be4,The Guardian,2016,"""climate change""",How Google's search algorithm spreads false information with a rightwing bias,https://www.theguardian.com/technology/2016/dec/16/google-autocomplete-rightwing-bias-algorithm-political-propaganda,2016-12-16,2017-02-21,2,https://i.guim.co.uk/img/media/b7badc17eee53325ac225868a99ebd62041e9240/0_0_811_212/master/811.jpg?width=445&dpr=1&s=none&crop=none,../Scripts/output/guardian/guardian_images/guardian_2016-12-16_guardian_55f6025be4_img02.jpg,Photograph: Google,,1,graph,2,photo|photograph,0,likely_visualization
guardian_55f6025be4,The Guardian,2016,"""climate change""",How Google's search algorithm spreads false information with a rightwing bias,https://www.theguardian.com/technology/2016/dec/16/google-autocomplete-rightwing-bias-algorithm-political-propaganda,2016-12-16,2017-02-21,3,https://i.guim.co.uk/img/media/0c97ac5b2f890944702b6de106849691d115c0dd/0_0_787_339/master/787.jpg?width=445&dpr=1&s=none&crop=none,../Scripts/output/guardian/guardian_images/guardian_2016-12-16_guardian_55f6025be4_img03.jpg,Photograph: Google,,1,graph,2,photo|photograph,0,likely_visualization
guardian_55f6025be4,The Guardian,2016,"""climate change""",How Google's search algorithm spreads false information with a rightwing bias,https://www.theguardian.com/technology/2016/dec/16/google-autocomplete-rightwing-bias-algorithm-political-propaganda,2016-12-16,2017-02-21,4,https://i.guim.co.uk/img/media/94e4295e7f464a9d5439d98b3c8b5b3fe046f2d6/0_0_795_178/master/795.jpg?width=445&dpr=1&s=none&crop=none,../Scripts/output/guardian/guardian_images/guardian_2016-12-16_guardian_55f6025be4_img04.jpg,Photograph: Google,,1,graph,2,photo|photograph,0,likely_visualization
guardian_55f6025be4,The Guardian,2016,"""climate change""",How Google's search algorithm spreads false information with a rightwing bias,https://www.theguardian.com/technology/2016/dec/16/google-autocomplete-rightwing-bias-algorithm-political-propaganda,2016-12-16,2017-02-21,5,https://i.guim.co.uk/img/media/6a7109b099a69d7ba6ecc688c91ce0cc4a261655/0_0_803_358/master/803.jpg?width=445&dpr=1&s=none&crop=none,../Scripts/output/guardian/guardian_images/guardian_2016-12-16_guardian_55f6025be4_img05.jpg,Photograph: Google,,1,graph,2,photo|photograph,0,likely_visualization
guardian_55f6025be4,The Guardian,2016,"""climate change""",How Google's search algorithm spreads false information with a rightwing bias,https://www.theguardian.com/technology/2016/dec/16/google-autocomplete-rightwing-bias-algorithm-political-propaganda,2016-12-16,2017-02-21,6,https://i.guim.co.uk/img/media/037bc7df8c0b592582566c5c52484c6ebe047f02/0_0_751_160/master/751.jpg?width=445&dpr=1&s=none&crop=none,../Scripts/output/guardian/guardian_images/guardian_2016-12-16_guardian_55f6025be4_img06.jpg,Photograph: Google,,1,graph,2,photo|photograph,0,likely_visualization
guardian_55f6025be4,The Guardian,2016,"""climate change""",How Google's search algorithm spreads false information with a rightwing bias,https://www.theguardian.com/technology/2016/dec/16/google-autocomplete-rightwing-bias-algorithm-political-propaganda,2016-12-16,2017-02-21,7,https://i.guim.co.uk/img/media/91a2f02a863d7d5ee01163788261a9fd97d4faa5/0_0_794_211/master/794.jpg?width=445&dpr=1&s=none&crop=none,../Scripts/output/guardian/guardian_images/guardian_2016-12-16_guardian_55f6025be4_img07.jpg,Photograph: Google,,1,graph,2,photo|photograph,0,likely_visualization
guardian_55f6025be4,The Guardian,2016,"""climate change""",How Google's search algorithm spreads false information with a rightwing bias,https://www.theguardian.com/technology/2016/dec/16/google-autocomplete-rightwing-bias-algorithm-political-propaganda,2016-12-16,2017-02-21,8,https://i.guim.co.uk/img/media/65e35973621fe379228acdb78017c05cf31b9927/0_0_822_192/master/822.jpg?width=445&dpr=1&s=none&crop=none,../Scripts/output/guardian/guardian_images/guardian_2016-12-16_guardian_55f6025be4_img08.jpg,Photograph: Google,,1,graph,2,photo|photograph,0,likely_visualization
guardian_5c7898a592,The Guardian,2016,"""climate change""",The ethical Christmas gift guide: what to get those who love to give back,https://www.theguardian.com/sustainable-business/2016/dec/16/ethical-gift-christmas-feminist-environment,2016-12-16,2020-09-23,3,https://i.guim.co.uk/img/media/ba39f508769efda0d2629cc89c853fe55f612b02/0_16_600_360/master/600.jpg?width=445&dpr=1&s=none&crop=none,../Scripts/output/guardian/guardian_images/guardian_2016-12-16_guardian_5c7898a592_img03.jpg,"Sex, Etc is a teens magazine helping to improve sex education among American youth. Photograph: Bill Krueger/bkcreative.org",,1,graph,2,photo|photograph,0,likely_visualization
guardian_5c7898a592,The Guardian,2016,"""climate change""",The ethical Christmas gift guide: what to get those who love to give back,https://www.theguardian.com/sustainable-business/2016/dec/16/ethical-gift-christmas-feminist-environment,2016-12-16,2020-09-23,4,https://i.guim.co.uk/img/media/81f75de07b2ae2fa0d503085bb81b41cd2abbf45/0_14_640_384/master/640.jpg?width=445&dpr=1&s=none&crop=none,../Scripts/output/guardian/guardian_images/guardian_2016-12-16_guardian_5c7898a592_img04.jpg,Crooked Trails offers travelers trips centered on social and environmental projects. This photo was from a recent trip to Cameroon. Photograph: Crooked Trails,,1,graph,2,photo|photograph,0,likely_visualization
guardian_5c7898a592,The Guardian,2016,"""climate change""",The ethical Christmas gift guide: what to get those who love to give back,https://www.theguardian.com/sustainable-business/2016/dec/16/ethical-gift-christmas-feminist-environment,2016-12-16,2020-09-23,5,https://i.guim.co.uk/img/media/3abff5bce81c434613a756dd1842cccdfaa496c0/0_31_1200_720/master/1200.jpg?width=445&dpr=1&s=none&crop=none,../Scripts/output/guardian/guardian_images/guardian_2016-12-16_guardian_5c7898a592_img05.jpg,"Thistle Farms products are made by female survivors of prostitution, trafficking and addiction. Photograph: Thistle Farms",,1,graph,2,photo|photograph,0,likely_visualization
guardian_5c7898a592,The Guardian,2016,"""climate change""",The ethical Christmas gift guide: what to get those who love to give back,https://www.theguardian.com/sustainable-business/2016/dec/16/ethical-gift-christmas-feminist-environment,2016-12-16,2020-09-23,7,https://i.guim.co.uk/img/media/bc08bf7450d71871246587bcb84340faf68ed30f/0_9_800_480/master/800.jpg?width=445&dpr=1&s=none&crop=none,../Scripts/output/guardian/guardian_images/guardian_2016-12-16_guardian_5c7898a592_img07.jpg,The Center for Biological Diversity has a range of condoms that raise awareness about endangered species. Photograph: Lori Lieber and Shawn DiCriscio,,1,graph,2,photo|photograph,0,likely_visualization
guardian_5c7898a592,The Guardian,2016,"""climate change""",The ethical Christmas gift guide: what to get those who love to give back,https://www.theguardian.com/sustainable-business/2016/dec/16/ethical-gift-christmas-feminist-environment,2016-12-16,2020-09-23,8,https://i.guim.co.uk/img/media/baa291fe7c83012b741ed68765c7be0a7f46efa8/110_0_677_406/master/677.png?width=445&dpr=1&s=none&crop=none,../Scripts/output/guardian/guardian_images/guardian_2016-12-16_guardian_5c7898a592_img08.png,Casting for Recovery holds fly fishing retreats for women with breast cancer. Photograph: Casting for Recovery,,1,graph,2,photo|photograph,0,likely_visualization
guardian_5c7898a592,The Guardian,2016,"""climate change""",The ethical Christmas gift guide: what to get those who love to give back,https://www.theguardian.com/sustainable-business/2016/dec/16/ethical-gift-christmas-feminist-environment,2016-12-16,2020-09-23,9,https://i.guim.co.uk/img/media/eb49a07b79917534a690b97f867a5d164a1f74f7/0_65_596_358/master/596.png?width=445&dpr=1&s=none&crop=none,../Scripts/output/guardian/guardian_images/guardian_2016-12-16_guardian_5c7898a592_img09.png,"Two turkeys at a Farm Sanctuary animal shelter. Sponsorship provides food and shelter for a needy farm animal, and allows sponsors visitation rights. Photograph: Farm Sanctuary",,1,graph,2,photo|photograph,0,likely_visualization
guardian_5c7898a592,The Guardian,2016,"""climate change""",The ethical Christmas gift guide: what to get those who love to give back,https://www.theguardian.com/sustainable-business/2016/dec/16/ethical-gift-christmas-feminist-environment,2016-12-16,2020-09-23,11,https://i.guim.co.uk/img/media/b83fa409cbee55a352744dc351a62edb5ac4e09c/0_80_640_384/master/640.jpg?width=445&dpr=1&s=none&crop=none,../Scripts/output/guardian/guardian_images/guardian_2016-12-16_guardian_5c7898a592_img11.jpg,A recycled glass nightlight made by Vawn and Mike Gray in their Florida studio. Photograph: Uncommon Goods,,1,graph,2,photo|photograph,0,likely_visualization
guardian_5c7898a592,The Guardian,2016,"""climate change""",The ethical Christmas gift guide: what to get those who love to give back,https://www.theguardian.com/sustainable-business/2016/dec/16/ethical-gift-christmas-feminist-environment,2016-12-16,2020-09-23,12,https://i.guim.co.uk/img/media/810ffa0679f943633b9466774697e2d480db888f/0_72_2960_1775/master/2960.jpg?width=445&dpr=1&s=none&crop=none,../Scripts/output/guardian/guardian_images/guardian_2016-12-16_guardian_5c7898a592_img12.jpg,"Spotlight, a film about the Boston Globe’s investigation into sexual abuse in the Catholic Church, won the 2016 Academy Award for Best Picture. Photograph: Everett/REX/Shutterstock",,1,graph,2,photo|photograph,0,likely_visualization
guardian_5c7898a592,The Guardian,2016,"""climate change""",The ethical Christmas gift guide: what to get those who love to give back,https://www.theguardian.com/sustainable-business/2016/dec/16/ethical-gift-christmas-feminist-environment,2016-12-16,2020-09-23,13,https://i.guim.co.uk/img/media/611e9e26c06aca5313dc93c07dbb0a579704cf58/0_280_5760_3456/master/5760.jpg?width=445&dpr=1&s=none&crop=none,../Scripts/output/guardian/guardian_images/guardian_2016-12-16_guardian_5c7898a592_img13.jpg,Holding a civil debate with conservative relatives can be so challenging during the holidays. Why not sign them up to NPR? Photograph: Alamy Stock Photo,,1,graph,2,photo|photograph,0,likely_visualization
guardian_5c7898a592,The Guardian,2016,"""climate change""",The ethical Christmas gift guide: what to get those who love to give back,https://www.theguardian.com/sustainable-business/2016/dec/16/ethical-gift-christmas-feminist-environment,2016-12-16,2020-09-23,14,https://i.guim.co.uk/img/media/b50e340b6b260694ecccd1c215df2c5b1c6f1b60/0_277_4368_2621/master/4368.jpg?width=445&dpr=1&s=none&crop=none,../Scripts/output/guardian/guardian_images/guardian_2016-12-16_guardian_5c7898a592_img14.jpg,"Books from small, independent co-op bookstores are a great way to support small business. Photograph: Martin Godwin/The Guardian",,1,graph,2,photo|photograph,0,likely_visualization
guardian_b3d8104a87,The Guardian,2016,"""climate change""",If nuclear war broke out where's the safest place on Earth?,https://www.theguardian.com/science/brain-flapping/2016/dec/16/if-nuclear-war-broke-out-wheres-the-safest-place-on-earth,2016-12-16,2018-02-14,1,https://i.guim.co.uk/img/media/d166aa42800977bd1d5a899b6d10aa11dd06def7/0_283_1800_1081/master/1800.jpg?width=465&dpr=1&s=none&crop=none,../Scripts/output/guardian/guardian_images/guardian_2016-12-16_guardian_b3d8104a87_img01.jpg,"We’re not saying a nuclear is definitely going to happen, but if it did, where would be the best place to endure it? Photograph: Alamy",,1,graph,2,photo|photograph,0,likely_visualization
guardian_b3d8104a87,The Guardian,2016,"""climate change""",If nuclear war broke out where's the safest place on Earth?,https://www.theguardian.com/science/brain-flapping/2016/dec/16/if-nuclear-war-broke-out-wheres-the-safest-place-on-earth,2016-12-16,2018-02-14,2,https://i.guim.co.uk/img/media/6385c41847b037ed40806d826fde4ada689ea315/46_0_2909_1746/master/2909.jpg?width=445&dpr=1&s=none&crop=none,../Scripts/output/guardian/guardian_images/guardian_2016-12-16_guardian_b3d8104a87_img02.jpg,A lot of the best places to ride out a nuclear war are surprisingly pleasant. Photograph: Alamy Stock Photo,,1,graph,2,photo|photograph,0,likely_visualization
guardian_b3d8104a87,The Guardian,2016,"""climate change""",If nuclear war broke out where's the safest place on Earth?,https://www.theguardian.com/science/brain-flapping/2016/dec/16/if-nuclear-war-broke-out-wheres-the-safest-place-on-earth,2016-12-16,2018-02-14,3,https://i.guim.co.uk/img/media/2bff5d02f4a7ded7451e9d858d23969df2db7e0a/0_192_5760_3456/master/5760.jpg?width=445&dpr=1&s=none&crop=none,../Scripts/output/guardian/guardian_images/guardian_2016-12-16_guardian_b3d8104a87_img03.jpg,"Easter Island. A nice place to visit, but... Photograph: Kashfi Halford/Bertarelli Foundation",,1,graph,2,photo|photograph,0,likely_visualization
guardian_f4a2db6252,The Guardian,2016,"""climate change""",Centrica has donated to US climate change-denying thinktank,https://www.theguardian.com/environment/2016/dec/16/centrica-has-donated-to-us-climate-change-denying-thinktank,2016-12-16,2021-08-25,1,https://i.guim.co.uk/img/media/d26215758d9cb11cff8959d9bff88c220ad730e9/370_0_3190_1914/master/3190.jpg?width=465&dpr=1&s=none&crop=none,../Scripts/output/guardian/guardian_images/guardian_2016-12-16_guardian_f4a2db6252_img01.jpg,"Rick Perry, Donald Trump’s pick as energy secretary, is one of a number of Republican supporters of Austin-based thinktank TPPF. Photograph: Kathy Willens/AP",,1,graph,2,photo|photograph,0,likely_visualization
guardian_3b91f43c21,The Guardian,2016,"""climate change""",Trump picks budget 'hawk' Mick Mulvaney to lead budget office,https://www.theguardian.com/us-news/2016/dec/17/mick-mulvaney-trump-office-management-budget,2016-12-17,2021-01-07,1,https://i.guim.co.uk/img/media/e7222bd6360d1ec50f80ca447c48486f62845160/1139_71_2787_1672/master/2787.jpg?width=465&dpr=1&s=none&crop=none,../Scripts/output/guardian/guardian_images/guardian_2016-12-17_guardian_3b91f43c21_img01.jpg,Mick Mulvaney has been nominated to lead the Office of Management and Budget. Photograph: Andrew Harnik/AP,,1,graph,2,photo|photograph,0,likely_visualization
guardian_c4de13605c,The Guardian,2016,"""climate change""",Malcolm Turnbull urges plebiscite on republic but opposes direct election model,https://www.theguardian.com/australia-news/2016/dec/18/malcolm-turnbull-urges-plebiscite-on-republic-but-opposes-direct-election-model,2016-12-17,2018-03-13,1,https://i.guim.co.uk/img/media/2a4ba8fd81f0663741984e9e0db515d02f4e067a/0_145_4928_2956/master/4928.jpg?width=465&dpr=1&s=none&crop=none,../Scripts/output/guardian/guardian_images/guardian_2016-12-17_guardian_c4de13605c_img01.jpg,Malcolm Turnbull addresses the Australian Republican Movement’s 25th anniversary dinner in Sydney on Saturday night. Photograph: Dan Himbrechts/AAP,,1,graph,2,photo|photograph,0,likely_visualization
guardian_3a6e26c1dc,The Guardian,2016,"""climate change""",White House faces exodus of foreign policy experts ahead of Trump's arrival,https://www.theguardian.com/us-news/2016/dec/18/national-security-council-exodus-foreign-policy-michael-flynn,2016-12-18,2018-02-09,1,https://i.guim.co.uk/img/media/ad31307d39e320fe2f8d175d241a45ac85564fff/0_279_3722_2233/master/3722.jpg?width=465&dpr=1&s=none&crop=none,../Scripts/output/guardian/guardian_images/guardian_2016-12-18_guardian_3a6e26c1dc_img01.jpg,Michael Flynn reportedly improperly shared classified information with foreign military officers. Photograph: Kathy Willens/AP,,1,graph,2,photo|photograph,0,likely_visualization
guardian_3d749d9526,The Guardian,2016,"""climate change""",The 12 key science moments of 2016,https://www.theguardian.com/science/2016/dec/18/12-most-important-science-moments-2016-space-sharks-zika-virus-proxima-b,2016-12-18,2021-10-29,3,https://i.guim.co.uk/img/media/6f1c64de7b91a27acd256eacc7fef02fe1f74267/0_354_3264_1958/master/3264.jpg?width=445&dpr=1&s=none&crop=none,../Scripts/output/guardian/guardian_images/guardian_2016-12-18_guardian_3d749d9526_img03.jpg,Helium-filled balloons stuck against a ceiling. Photograph: Alamy Stock Photo,,1,graph,2,photo|photograph,0,likely_visualization
guardian_3d749d9526,The Guardian,2016,"""climate change""",The 12 key science moments of 2016,https://www.theguardian.com/science/2016/dec/18/12-most-important-science-moments-2016-space-sharks-zika-virus-proxima-b,2016-12-18,2021-10-29,5,https://i.guim.co.uk/img/media/4590e4c446b2cc73596930e1e9d4751902eb28f6/3_12_957_574/master/957.jpg?width=445&dpr=1&s=none&crop=none,../Scripts/output/guardian/guardian_images/guardian_2016-12-18_guardian_3d749d9526_img05.jpg,"Henry G Molaison, aka HM, was the subject of decades of research by Suzanne Corkin. Photograph: NYT",,1,graph,2,photo|photograph,0,likely_visualization
guardian_3d749d9526,The Guardian,2016,"""climate change""",The 12 key science moments of 2016,https://www.theguardian.com/science/2016/dec/18/12-most-important-science-moments-2016-space-sharks-zika-virus-proxima-b,2016-12-18,2021-10-29,8,https://i.guim.co.uk/img/media/776f269deb89ab97b986b6fd5e8dbaaeb7414813/0_282_5100_3062/master/5100.jpg?width=445&dpr=1&s=none&crop=none,../Scripts/output/guardian/guardian_images/guardian_2016-12-18_guardian_3d749d9526_img08.jpg,Negative emotions in marriage can have surprising effects on health Photograph: Alamy Stock Photo,,1,graph,2,photo|photograph,0,likely_visualization
guardian_3d749d9526,The Guardian,2016,"""climate change""",The 12 key science moments of 2016,https://www.theguardian.com/science/2016/dec/18/12-most-important-science-moments-2016-space-sharks-zika-virus-proxima-b,2016-12-18,2021-10-29,10,https://i.guim.co.uk/img/media/3c9112902137d5d24212435b21fa5b26c7bd9edc/0_164_5130_3080/master/5130.jpg?width=445&dpr=1&s=none&crop=none,../Scripts/output/guardian/guardian_images/guardian_2016-12-18_guardian_3d749d9526_img10.jpg,Increasing the speed at which leaves adapt to shade could raise crop yields by 15% Photograph: Pat Canova/Alamy Stock Photo,,1,graph,2,photo|photograph,0,likely_visualization
guardian_27d4670e48,The Guardian,2016,"""climate change""",Arctic ice melt 'already affecting weather patterns where you live right now',https://www.theguardian.com/environment/2016/dec/19/arctic-ice-melt-already-affecting-weather-patterns-where-you-live-right-now,2016-12-19,2021-08-25,1,https://i.guim.co.uk/img/media/d17f81339411e2cb5604f08ddd1839483f8fa093/0_150_2500_1500/master/2500.jpg?width=465&dpr=1&s=none&crop=none,../Scripts/output/guardian/guardian_images/guardian_2016-12-19_guardian_27d4670e48_img01.jpg,Global warming has driven the loss of about three-quarters of the northern ice cap so far. Photograph: Nick Cobbing/Greenpeace,,1,graph,2,photo|photograph,0,likely_visualization
guardian_27d4670e48,The Guardian,2016,"""climate change""",Arctic ice melt 'already affecting weather patterns where you live right now',https://www.theguardian.com/environment/2016/dec/19/arctic-ice-melt-already-affecting-weather-patterns-where-you-live-right-now,2016-12-19,2021-08-25,2,https://i.guim.co.uk/img/media/4a8fd4aad9bc6f7593ccbed3b603dd8a41053f5d/0_0_3456_2304/master/3456.jpg?width=445&dpr=1&s=none&crop=none,../Scripts/output/guardian/guardian_images/guardian_2016-12-19_guardian_27d4670e48_img02.jpg,"Villagers stand outside their homes during flash floods on the outskirts of Peshawar, Pakistan, on April 2016. Photograph: Mohammad Sajjad/AP",,1,graph,2,photo|photograph,0,likely_visualization
guardian_27d4670e48,The Guardian,2016,"""climate change""",Arctic ice melt 'already affecting weather patterns where you live right now',https://www.theguardian.com/environment/2016/dec/19/arctic-ice-melt-already-affecting-weather-patterns-where-you-live-right-now,2016-12-19,2021-08-25,3,https://i.guim.co.uk/img/media/11d556659cf2927c5833b293246a40430cb52055/0_0_2000_1327/master/2000.jpg?width=445&dpr=1&s=none&crop=none,../Scripts/output/guardian/guardian_images/guardian_2016-12-19_guardian_27d4670e48_img03.jpg,"Damage caused by Hurricane Sandy in Rodanthe, North Carolina, October 2012. Photograph: Steve Earley/AP",,1,graph,2,photo|photograph,0,likely_visualization
guardian_27d4670e48,The Guardian,2016,"""climate change""",Arctic ice melt 'already affecting weather patterns where you live right now',https://www.theguardian.com/environment/2016/dec/19/arctic-ice-melt-already-affecting-weather-patterns-where-you-live-right-now,2016-12-19,2021-08-25,4,https://i.guim.co.uk/img/media/6fdebbf951c1088a9ebc80e02ba41fd0c0470cea/0_0_2500_1667/master/2500.jpg?width=445&dpr=1&s=none&crop=none,../Scripts/output/guardian/guardian_images/guardian_2016-12-19_guardian_27d4670e48_img04.jpg,"A polar bear swims in Svalbard. The fjords there would usually be partially covered with sea ice, but last winter most of the archipelago was surrounded by open water. Photograph: Nick Cobbing/Greenpeace",,1,graph,2,photo|photograph,0,likely_visualization
guardian_81d3aa4a74,The Guardian,2016,"""climate change""",European commission approves Drax biomass subsidy,https://www.theguardian.com/environment/2016/dec/19/power-station-shares-jump-ec-approves-wood-burning-subsidies-coal-switch,2016-12-19,2018-02-14,1,https://i.guim.co.uk/img/media/c69ac9911f10e0525f049be02913189c48495039/0_310_5200_3121/master/5200.jpg?width=465&dpr=1&s=none&crop=none,../Scripts/output/guardian/guardian_images/guardian_2016-12-19_guardian_81d3aa4a74_img01.jpg,"Drax power station near Selby, North Yorkshire, is the largest coal-fired power station in Europe. Photograph: Kippa Limited/Rex Shutterstock",,1,graph,2,photo|photograph,0,likely_visualization
guardian_9da9e41bc6,The Guardian,2016,"""climate change""",The Guardian view on climate change action: don’t delay,https://www.theguardian.com/commentisfree/2016/dec/19/the-guardian-view-on-climate-change-action-dont-delay,2016-12-19,2021-08-25,1,https://i.guim.co.uk/img/media/714352ae0375eaf04c98018454226dfb78f57ebe/0_0_4159_2496/master/4159.jpg?width=465&dpr=1&s=none&crop=none,../Scripts/output/guardian/guardian_images/guardian_2016-12-19_guardian_9da9e41bc6_img01.jpg,"A fisherman drives a boat near the Arctic Circle in Ilulissat, Greenland. ‘Sea ice has shrunk to levels that scientists describe as ‘off the scale’. Photograph: Evan Vucci/AP",,1,graph,2,photo|photograph,0,likely_visualization
guardian_bb18e3da98,The Guardian,2016,"""climate change""",Farmers in Sudan battle climate change and hunger as desert creeps closer,https://www.theguardian.com/global-development/2016/dec/19/sudan-faremers-battle-climate-change-hunger-desertification,2016-12-19,2022-10-19,1,https://i.guim.co.uk/img/media/02fce150780d653f4310ecf8cd03a5de4d2b7be3/0_427_4032_2419/master/4032.jpg?width=465&dpr=1&s=none&crop=none,../Scripts/output/guardian/guardian_images/guardian_2016-12-19_guardian_bb18e3da98_img01.jpg,"A community garden in Siraj Alnour village in Gedaref state, where farmers are benefiting from irrigation projects that can feed gardens and help to grow crops year-round. Photographs: Hannah McNeish",,1,graph,2,photo|photograph,0,likely_visualization
guardian_e48185ba9f,The Guardian,2016,"""climate change""",The seven deadly things we’re doing to trash the planet (and human life with it),https://www.theguardian.com/commentisfree/2016/dec/19/seven-deadly-things-trash-planet-human-life,2016-12-19,2021-10-29,2,https://i.guim.co.uk/img/media/bdce1d43256c165804818ca9d2897a6faf3bd7bb/0_202_5996_3598/master/5996.jpg?width=445&dpr=1&s=none&crop=none,../Scripts/output/guardian/guardian_images/guardian_2016-12-19_guardian_e48185ba9f_img02.jpg,‘Wayward youngster of the herd is the car .’ Photograph: Alamy,,1,graph,2,photo|photograph,0,likely_visualization
guardian_207add3742,The Guardian,2016,IPCC,Essex police force admits failings in 'Goldfinger' murder case,https://www.theguardian.com/uk-news/2016/dec/20/john-goldfinger-palmer-inquest-essex-police-force-admits-failings,2016-12-20,2017-11-28,1,https://i.guim.co.uk/img/media/9b27ddd01d16ffef8678e15f41ecf4ba2140b12c/95_217_1000_600/master/1000.jpg?width=465&dpr=1&s=none&crop=none,../Scripts/output/guardian/guardian_images/guardian_2016-12-20_guardian_207add3742_img01.jpg,John Palmer in 2001. He was cleared of handling proceeds from the £26m Brink’s-Mat raid in 1983. Photograph: Rex Shutterstock,,1,graph,2,photo|photograph,0,likely_visualization
guardian_3924233c07,The Guardian,2016,"""climate change""",This $500 shirt changes color when exposed to air pollution – but who does it help?,https://www.theguardian.com/sustainable-business/2016/dec/20/fashion-air-pollution-environment-nyc,2016-12-20,2018-07-02,1,https://i.guim.co.uk/img/media/3fe58b832e8da616f9bdc22f7a5b6cf60db42f11/52_0_643_386/master/643.jpg?width=465&dpr=1&s=none&crop=none,../Scripts/output/guardian/guardian_images/guardian_2016-12-20_guardian_3924233c07_img01.jpg,"Nikolas Gregory Bentel recently released a new line of long-sleeved t-shirts called Aerochromics , which change colors according to pollution levels in the air. The shirts work similarly to a household carbon monoxide detector. Photograph: Aerochromics",,1,graph,2,photo|photograph,0,likely_visualization
guardian_69dde962df,The Guardian,2016,"""climate change""",Republicans and Democrats alike want more clean energy,https://www.theguardian.com/environment/climate-consensus-97-per-cent/2016/dec/20/republicans-and-democrats-alike-want-more-clean-energy,2016-12-20,2021-08-25,1,https://i.guim.co.uk/img/media/b5189c5c59d450946b9665d8258ea221430e36d7/0_187_5616_3370/master/5616.jpg?width=465&dpr=1&s=none&crop=none,../Scripts/output/guardian/guardian_images/guardian_2016-12-20_guardian_69dde962df_img01.jpg,Wind turbines and solar panels have already become cost-competitive with fossil fuels. Photograph: Alamy,,1,graph,2,photo|photograph,0,likely_visualization
guardian_8bb4da1b90,The Guardian,2016,"""climate change""",The tech winners and losers of 2016 (hint: Facebook – and Facebook),https://www.theguardian.com/technology/2016/dec/20/2016-tech-winners-losers-facebook-peter-thiel,2016-12-20,2017-12-01,6,https://i.guim.co.uk/img/media/43657de430ddd4ccabda60ddfe51f60ba055f4ef/0_225_1280_768/master/1280.png?width=445&dpr=1&s=none&crop=none,../Scripts/output/guardian/guardian_images/guardian_2016-12-20_guardian_8bb4da1b90_img06.png,"Pepe the Frog, a white supremacist hate symbol with its roots in 4chan. Photograph: Matt Furie",,1,graph,2,photo|photograph,0,likely_visualization
guardian_8bb4da1b90,The Guardian,2016,"""climate change""",The tech winners and losers of 2016 (hint: Facebook – and Facebook),https://www.theguardian.com/technology/2016/dec/20/2016-tech-winners-losers-facebook-peter-thiel,2016-12-20,2017-12-01,8,https://i.guim.co.uk/img/media/16868493f399d0b4263cca8272fef95756a950b4/166_0_4980_2988/master/4980.jpg?width=445&dpr=1&s=none&crop=none,../Scripts/output/guardian/guardian_images/guardian_2016-12-20_guardian_8bb4da1b90_img08.jpg,A Minnesota man shows the Samsung Galaxy Note 7 phone that melted in his 13-year-old daughter’s hand. Photograph: Andrew Zuis/AP,,1,graph,2,photo|photograph,0,likely_visualization
guardian_8bb4da1b90,The Guardian,2016,"""climate change""",The tech winners and losers of 2016 (hint: Facebook – and Facebook),https://www.theguardian.com/technology/2016/dec/20/2016-tech-winners-losers-facebook-peter-thiel,2016-12-20,2017-12-01,9,https://i.guim.co.uk/img/media/caa4338d5e2f5b8fba9e7a3c4560e57a3c09296e/0_0_3500_2100/master/3500.jpg?width=445&dpr=1&s=none&crop=none,../Scripts/output/guardian/guardian_images/guardian_2016-12-20_guardian_8bb4da1b90_img09.jpg,2016 was the year a struggling Twitter failed to stop struggling. Photograph: Richard Drew/AP,,1,graph,2,photo|photograph,0,likely_visualization
guardian_a83ec2b207,The Guardian,2016,"""climate change""",One Nation candidate quits after two days over 'inappropriate' tweet,https://www.theguardian.com/australia-news/2016/dec/20/one-nation-candidate-quits-two-days-inappropriate-tweet,2016-12-20,2018-03-13,1,https://i.guim.co.uk/img/media/15975cd434fe0bf77083432a0cd3c24dd7048331/0_357_6000_3600/master/6000.jpg?width=465&dpr=1&s=none&crop=none,../Scripts/output/guardian/guardian_images/guardian_2016-12-20_guardian_a83ec2b207_img01.jpg,"Andy Semple, left, with other One Nation candidates announced on Sunday. Semple quit on Monday night after a disagreement with the party over his Twitter feed. Photograph: AAP",,1,graph,2,photo|photograph,0,likely_visualization
guardian_af20cd795c,The Guardian,2016,"""climate change""",Dancing for a cause: Kiribati’s climate activist Olympic weightlifter,https://www.theguardian.com/sport/2016/dec/21/dancing-for-a-cause-kiribatis-climate-activist-olympic-weightlifter,2016-12-20,2021-08-25,3,https://i.guim.co.uk/img/media/0557d9bde2fae9996bc351a02a0341bdc65683db/0_0_2941_1969/master/2941.jpg?width=445&dpr=1&s=none&crop=none,../Scripts/output/guardian/guardian_images/guardian_2016-12-20_guardian_af20cd795c_img03.jpg,Remnants of storm damage is seen outside the home of Katoatau’s parents in Kiribati. Photograph: Kieran Pender/The Guardian,,1,graph,2,photo|photograph,0,likely_visualization
guardian_af20cd795c,The Guardian,2016,"""climate change""",Dancing for a cause: Kiribati’s climate activist Olympic weightlifter,https://www.theguardian.com/sport/2016/dec/21/dancing-for-a-cause-kiribatis-climate-activist-olympic-weightlifter,2016-12-20,2021-08-25,4,https://i.guim.co.uk/img/media/a5269667e42390c358190bec5b1fa7a30e86fcdb/0_0_2941_1969/master/2941.jpg?width=445&dpr=1&s=none&crop=none,../Scripts/output/guardian/guardian_images/guardian_2016-12-20_guardian_af20cd795c_img04.jpg,Billboards featuring Katoatau are prominent throughout Kiribati. Photograph: Kieran Pender/The Guardian,,1,graph,2,photo|photograph,0,likely_visualization
guardian_af20cd795c,The Guardian,2016,"""climate change""",Dancing for a cause: Kiribati’s climate activist Olympic weightlifter,https://www.theguardian.com/sport/2016/dec/21/dancing-for-a-cause-kiribatis-climate-activist-olympic-weightlifter,2016-12-20,2021-08-25,5,https://i.guim.co.uk/img/media/4c523d26cda803c5affe4d2461df6d276c3161ad/0_0_2625_1969/master/2625.jpg?width=445&dpr=1&s=none&crop=none,../Scripts/output/guardian/guardian_images/guardian_2016-12-20_guardian_af20cd795c_img05.jpg,"Katoatau’s 2014 Commonwealth Games gold, which takes pride of place amongst a staggering collection of medals. Photograph: Kieran Pender/The Guardian",,1,graph,2,photo|photograph,0,likely_visualization
guardian_d88c244be2,The Guardian,2016,"""climate change""","This is the polar bear capital of the world, but the snow has gone",https://www.theguardian.com/environment/2016/dec/20/churchill-canada-hudson-bay-no-snow-sea-ice-polar-bear,2016-12-20,2021-10-29,1,https://i.guim.co.uk/img/media/0e3e43d6e41ccccf9d30b0bc665fa169521e9721/0_168_3543_2126/master/3543.jpg?width=465&dpr=1&s=none&crop=none,../Scripts/output/guardian/guardian_images/guardian_2016-12-20_guardian_d88c244be2_img01.jpg,"A polar bear outside Churchill, Hudson Bay, Canada in November 2016. Without the ice, the bears cannot hunt for seals. Photograph: Lars Ostenfeld",,1,graph,2,photo|photograph,0,likely_visualization
guardian_d88c244be2,The Guardian,2016,"""climate change""","This is the polar bear capital of the world, but the snow has gone",https://www.theguardian.com/environment/2016/dec/20/churchill-canada-hudson-bay-no-snow-sea-ice-polar-bear,2016-12-20,2021-10-29,2,https://i.guim.co.uk/img/media/5bf9a90e30e8d5c4305043b490ce5fa950c7e171/0_0_3543_2362/master/3543.jpg?width=445&dpr=1&s=none&crop=none,../Scripts/output/guardian/guardian_images/guardian_2016-12-20_guardian_d88c244be2_img02.jpg,"Lars Ostenfeld and a polar bear in Churchill, Hudson Bay, Canada, November 2016. Photograph: Simon Gee",,1,graph,2,photo|photograph,0,likely_visualization
guardian_e7add1e5ee,The Guardian,2016,"""climate change""",Barack Obama bans oil and gas drilling in most of Arctic and Atlantic oceans,https://www.theguardian.com/us-news/2016/dec/20/barack-obama-bans-oil-gas-drilling-arctic-atlantic,2016-12-20,2021-08-25,1,https://i.guim.co.uk/img/media/14b2b76d4c4bad91c49ad4e5339e2ceab5e9462e/0_785_6131_3679/master/6131.jpg?width=465&dpr=1&s=none&crop=none,../Scripts/output/guardian/guardian_images/guardian_2016-12-20_guardian_e7add1e5ee_img01.jpg,The drilling ban is a last-ditch effort to lock in environmental protections before Barack Obama hands over to Donald Trump. Photograph: Xinhua/Rex/Shutterstock,,1,graph,2,photo|photograph,0,likely_visualization
guardian_3d3ecaaff8,The Guardian,2016,"""climate change""",It's time for more Australian fund managers to invest in social outcomes,https://www.theguardian.com/sustainable-business/2016/dec/21/its-time-for-more-australian-fund-managers-to-invest-in-social-outcomes,2016-12-21,2017-05-25,1,https://i.guim.co.uk/img/media/c5937f45a0ed687818f57a68881c483427de1b3d/0_0_3951_2371/master/3951.jpg?width=465&dpr=1&s=none&crop=none,../Scripts/output/guardian/guardian_images/guardian_2016-12-21_guardian_3d3ecaaff8_img01.jpg,Impact investing can play a role in public housing. Photograph: Dan Himbrechts/AAP,,1,graph,2,photo|photograph,0,likely_visualization
guardian_4ccad25371,The Guardian,2016,"""climate change""",Ice-melting temperatures forecast for Arctic midwinter,https://www.theguardian.com/environment/2016/dec/22/ice-melting-temperatures-forecast-for-arctic-midwinter,2016-12-21,2021-08-25,1,https://i.guim.co.uk/img/media/7a95939637135c05318bba1baae5c49b460bb326/0_951_7199_4320/master/7199.jpg?width=465&dpr=1&s=none&crop=none,../Scripts/output/guardian/guardian_images/guardian_2016-12-21_guardian_4ccad25371_img01.jpg,A large pool of meltwater over sea ice in the Beaufort Sea in July. Scientists say parts of the Arctic will climb above water’s freezing temperature over the next few days. Photograph: Operation IceBridge/Nasa,,1,graph,2,photo|photograph,0,likely_visualization
guardian_4ccad25371,The Guardian,2016,"""climate change""",Ice-melting temperatures forecast for Arctic midwinter,https://www.theguardian.com/environment/2016/dec/22/ice-melting-temperatures-forecast-for-arctic-midwinter,2016-12-21,2021-08-25,2,https://i.guim.co.uk/img/media/291b83237ca18f690876052d04b9dc6ea43c7bab/0_0_770_911/master/770.jpg?width=445&dpr=1&s=none&crop=none,../Scripts/output/guardian/guardian_images/guardian_2016-12-21_guardian_4ccad25371_img02.jpg,"The five-day forecast maximum temperatures over the Arctic from Tuesday 20 December 2016. Photograph: ClimateReanalyzer.org/Climate change institute, University of Maine",,1,graph,2,photo|photograph,0,likely_visualization
guardian_7e5548eb2d,The Guardian,2016,"""climate change""",A toxic leak left Corpus Christi with no water for days. A taste of things to come?,https://www.theguardian.com/commentisfree/2016/dec/21/corpus-christi-water-toxic-leak-environmental-policy,2016-12-21,2021-01-07,1,https://i.guim.co.uk/img/media/733fdd4e4a3e0d4c6bdd831aee8a1b4104140964/0_179_4127_2476/master/4127.jpg?width=465&dpr=1&s=none&crop=none,../Scripts/output/guardian/guardian_images/guardian_2016-12-21_guardian_7e5548eb2d_img01.jpg,"‘Every time I turn on the tap I hesitate, I hope for the best.’ Photograph: Gabe Hernandez/AP",,1,graph,2,photo|photograph,0,likely_visualization
guardian_92a52e9a4e,The Guardian,2016,"""climate change""",Why is corporate America picking wind power over solar?,https://www.theguardian.com/sustainable-business/2016/dec/21/solar-wind-energy-renewables-google-microsoft-amazon,2016-12-21,2021-08-25,1,https://i.guim.co.uk/img/media/abe794caec7808209e9ab6ac7cd4b8fbee0ee108/213_0_3736_2242/master/3736.jpg?width=465&dpr=1&s=none&crop=none,../Scripts/output/guardian/guardian_images/guardian_2016-12-21_guardian_92a52e9a4e_img01.jpg,"More than half of the 4,000 megawatts of new wind energy contracts last year, and 3,440 megawatts this year, were signed by companies across industries from tech to grocery chains, according to the wind trade association and the Rocky Mountain Institute. Photograph: Mars/PA",,1,graph,2,photo|photograph,0,likely_visualization
guardian_b931c52afe,The Guardian,2016,"""climate change""",Why cutting soot emissions is 'fastest solution' to slowing Arctic ice melt,https://www.theguardian.com/environment/2016/dec/21/cutting-soot-emissions-arctic-ice-melt-climate-change,2016-12-21,2021-08-25,1,https://i.guim.co.uk/img/media/7353cb1333131aa860e982297e3359bdb8fd1ceb/0_0_2000_1335/master/2000.jpg?width=465&dpr=1&s=none&crop=none,../Scripts/output/guardian/guardian_images/guardian_2016-12-21_guardian_b931c52afe_img01.jpg,"The icesheet in the Ilulissat region of Greenland. The dark patches are cryoconite, formed by windblown dust, soot and ash particles that settle on the ice and turn the snow dark. Photograph: Daniel Beltra",,1,graph,2,photo|photograph,0,likely_visualization
guardian_b931c52afe,The Guardian,2016,"""climate change""",Why cutting soot emissions is 'fastest solution' to slowing Arctic ice melt,https://www.theguardian.com/environment/2016/dec/21/cutting-soot-emissions-arctic-ice-melt-climate-change,2016-12-21,2021-08-25,2,https://i.guim.co.uk/img/media/6f0f9431585af1a2b15a7a0d81c0e4401073ab64/0_254_4608_2764/master/4608.jpg?width=445&dpr=1&s=none&crop=none,../Scripts/output/guardian/guardian_images/guardian_2016-12-21_guardian_b931c52afe_img02.jpg,Torches for casing-head gas flaring in the Orenburg region of Russia. Flare stacks are primarily used for burning off flammable gas released by pressure relief valves. Photograph: Alexey Solodov,,1,graph,2,photo|photograph,0,likely_visualization
guardian_b931c52afe,The Guardian,2016,"""climate change""",Why cutting soot emissions is 'fastest solution' to slowing Arctic ice melt,https://www.theguardian.com/environment/2016/dec/21/cutting-soot-emissions-arctic-ice-melt-climate-change,2016-12-21,2021-08-25,3,https://i.guim.co.uk/img/media/c3ca85ff4d9e25e8a2a44fb963027bcfea38ab36/0_283_4242_2545/master/4242.jpg?width=445&dpr=1&s=none&crop=none,../Scripts/output/guardian/guardian_images/guardian_2016-12-21_guardian_b931c52afe_img03.jpg,Chemical pollution has been found to cause brain damage in polar bears. Photograph: Jonnie Hughes/BBC/Silverback Films,,1,graph,2,photo|photograph,0,likely_visualization
guardian_bbe3a2693e,The Guardian,2016,"""climate change""",Fight for a free and independent press – it's crucial to a democratic society,https://www.theguardian.com/membership/2016/dec/21/press-freedom-guardian-membership,2016-12-21,2018-04-23,1,https://i.guim.co.uk/img/media/1348b37b156516676b7208a80c3b650897f4875f/0_41_3000_1800/master/3000.jpg?width=465&dpr=1&s=none&crop=none,../Scripts/output/guardian/guardian_images/guardian_2016-12-21_guardian_bbe3a2693e_img01.jpg,"‘If you’ve studied how societies fall apart and how dictatorships arise, you know that strangling an independent press is key.’ Photograph: McGregor/Pacific/Barcroft Images",,1,graph,2,photo|photograph,0,likely_visualization
guardian_fcd1d51502,The Guardian,2016,"""climate change""","The Earth is flat, Trump is a Democrat … and other great conspiracy theories of 2016",https://www.theguardian.com/world/2016/dec/22/the-earth-is-flat-trump-is-a-democrat-and-other-great-conspiracy-theories-of-2016,2016-12-21,2021-08-25,1,https://i.guim.co.uk/img/media/8ee226a0457bf6af762fdaf3cec7ba104374273a/0_0_5375_3227/master/5375.jpg?width=465&dpr=1&s=none&crop=none,../Scripts/output/guardian/guardian_images/guardian_2016-12-21_guardian_fcd1d51502_img01.jpg,Donald Trump and some of his supporters played a role in many of 2016’s most widely disseminated conspiracy theories. Photograph: Andrew Harnik/AP,,1,graph,2,photo|photograph,0,likely_visualization
guardian_159598316e,The Guardian,2016,IPCC,Parents accuse Met of errors and prejudice in inquiry into son's death,https://www.theguardian.com/uk-news/2016/dec/22/parents-accuse-met-errors-prejudice-inquiry-sons-death-krishna-chummun,2016-12-22,2021-07-01,1,https://i.guim.co.uk/img/media/7cb1557c5187aa4e90e854a120a3b885dc4b5fb5/1462_598_4019_2412/master/4019.jpg?width=465&dpr=1&s=none&crop=none,../Scripts/output/guardian/guardian_images/guardian_2016-12-22_guardian_159598316e_img01.jpg,Medha and Pradeep Chummun with a picture of their son Krishna. Photograph: feli/The Guardian,,1,graph,2,photo|photograph,0,likely_visualization
guardian_159598316e,The Guardian,2016,IPCC,Parents accuse Met of errors and prejudice in inquiry into son's death,https://www.theguardian.com/uk-news/2016/dec/22/parents-accuse-met-errors-prejudice-inquiry-sons-death-krishna-chummun,2016-12-22,2021-07-01,2,https://i.guim.co.uk/img/media/050c96ae769078963e917e71973e11e9a83ad0ac/557_1014_4070_2442/master/4070.jpg?width=445&dpr=1&s=none&crop=none,../Scripts/output/guardian/guardian_images/guardian_2016-12-22_guardian_159598316e_img02.jpg,Krishna Chummun as a young boy. Photograph: Family photo,,1,graph,2,photo|photograph,0,likely_visualization
guardian_159598316e,The Guardian,2016,IPCC,Parents accuse Met of errors and prejudice in inquiry into son's death,https://www.theguardian.com/uk-news/2016/dec/22/parents-accuse-met-errors-prejudice-inquiry-sons-death-krishna-chummun,2016-12-22,2021-07-01,3,https://i.guim.co.uk/img/media/fec87fc169a0c64c39aed45b14d0e1f783bd95df/438_871_4308_2585/master/4308.jpg?width=445&dpr=1&s=none&crop=none,../Scripts/output/guardian/guardian_images/guardian_2016-12-22_guardian_159598316e_img03.jpg,Medha Chummun with a young Krishna. Photograph: Family photo,,1,graph,2,photo|photograph,0,likely_visualization
guardian_159598316e,The Guardian,2016,IPCC,Parents accuse Met of errors and prejudice in inquiry into son's death,https://www.theguardian.com/uk-news/2016/dec/22/parents-accuse-met-errors-prejudice-inquiry-sons-death-krishna-chummun,2016-12-22,2021-07-01,4,https://i.guim.co.uk/img/media/4d704a45bd74b35fdb607d250e2f234ad9865d0a/0_311_3456_4320/master/3456.jpg?width=445&dpr=1&s=none&crop=none,../Scripts/output/guardian/guardian_images/guardian_2016-12-22_guardian_159598316e_img04.jpg,Candles around a photo of Krishna at the family home. Photograph: Family photo,,1,graph,2,photo|photograph,0,likely_visualization
guardian_159598316e,The Guardian,2016,IPCC,Parents accuse Met of errors and prejudice in inquiry into son's death,https://www.theguardian.com/uk-news/2016/dec/22/parents-accuse-met-errors-prejudice-inquiry-sons-death-krishna-chummun,2016-12-22,2021-07-01,5,https://i.guim.co.uk/img/media/6775c76a3565c0017ccd19916bde30cd726314df/0_0_3456_4320/master/3456.jpg?width=445&dpr=1&s=none&crop=none,../Scripts/output/guardian/guardian_images/guardian_2016-12-22_guardian_159598316e_img05.jpg,Krishna Chummun. Photograph: Family photo,,1,graph,2,photo|photograph,0,likely_visualization
guardian_5fee8433a5,The Guardian,2016,"""global temperature""","Federal grant to Bjørn Lomborg centre made in Turnbull era, documents show",https://www.theguardian.com/australia-news/2016/dec/23/federal-grant-to-bjrn-lomborg-centre-made-in-turnbull-era-documents-show,2016-12-22,2021-08-25,1,https://i.guim.co.uk/img/media/87df14096e49dfe62bd982f8fe217f29f9f91118/0_0_1950_1170/master/1950.jpg?width=465&dpr=1&s=none&crop=none,../Scripts/output/guardian/guardian_images/guardian_2016-12-22_guardian_5fee8433a5_img01.jpg,"Danish environmental scientist Prof Bjørn Lomborg. Lomborg’s Copenhagen Consensus Centre was given $640,000 in Australian government funding. Photograph: Alan Porritt/AAP",,1,graph,2,photo|photograph,0,likely_visualization
guardian_6db23d98d8,The Guardian,2016,"""climate change""",Killer comebacks to win every Christmas family argument – from Brexit to Bowie,https://www.theguardian.com/lifeandstyle/2016/dec/22/killer-comebacks-to-win-every-christmas-family-argument-from-brexit-to-bowie,2016-12-22,2020-02-03,1,https://i.guim.co.uk/img/media/0b50905e88b0cb43e7e9ee8b64dcf6ee69349bef/0_22_640_384/master/640.jpg?width=465&dpr=1&s=none&crop=none,../Scripts/output/guardian/guardian_images/guardian_2016-12-22_guardian_6db23d98d8_img01.jpg,“Nan says Farage should be prime minister.” “Tell nan I’ll put her in a home.” Photograph: Alamy Stock Photo,,1,graph,2,photo|photograph,0,likely_visualization
guardian_88b7b50b6d,The Guardian,2016,"""climate change""",Federal resources minister accuses ABC of 'fake news' over Adani coalmine,https://www.theguardian.com/environment/2016/dec/22/federal-resources-minister-accuses-abc-of-fake-news-over-adani-coalmine,2016-12-22,2018-03-13,1,https://i.guim.co.uk/img/media/6e61e25362738fbdd7019dea59214098088ccb8e/964_198_3126_1877/master/3126.jpg?width=465&dpr=1&s=none&crop=none,../Scripts/output/guardian/guardian_images/guardian_2016-12-22_guardian_88b7b50b6d_img01.jpg,"The federal resources minister, Matt Canavan, has accused the ABC of having a ‘massive’ blind spot over its critical reporting of the Carmichael coalmine in Queensland. Photograph: Mick Tsikas/AAP",,1,graph,2,photo|photograph,0,likely_visualization
guardian_cfa83dd4c3,The Guardian,2016,"""climate change""",Richard Di Natale says Greens group that wants end to capitalism does not represent party,https://www.theguardian.com/australia-news/2016/dec/22/richard-di-natale-says-greens-group-that-wants-end-to-capitalism-does-not-represent-party,2016-12-22,2018-03-13,1,https://i.guim.co.uk/img/media/a545cfa7bdd9cbfc9c4b81b17bcc8220a9eedb28/0_132_2829_1697/master/2829.jpg?width=465&dpr=1&s=none&crop=none,../Scripts/output/guardian/guardian_images/guardian_2016-12-22_guardian_cfa83dd4c3_img01.jpg,Richard Di Natale says the overthrow of capitalism is a ridiculous notion and the Greens’ policy platform has been established through a democratic grassroots process. Photograph: Lukas Coch/AAP,,1,graph,2,photo|photograph,0,likely_visualization
guardian_de21fa5085,The Guardian,2016,"""climate change""",'The most inspiring person I've ever met': your aid worker heroes of 2016,https://www.theguardian.com/global-development-professionals-network/2016/dec/22/the-most-inspiring-person-ive-ever-met-your-aid-worker-heroes-of-2016,2016-12-22,2017-10-06,1,https://i.guim.co.uk/img/media/e5e24d789428f6f707e7f0b9b091fe608e4d988e/0_610_3840_2304/master/3840.jpg?width=465&dpr=1&s=none&crop=none,../Scripts/output/guardian/guardian_images/guardian_2016-12-22_guardian_de21fa5085_img01.jpg,"Mike Izava Olendo, one of your NGO heroes of 2016, talks to children in Lamu, Kenya. Photograph: WWF/Jonn Caramanus",,1,graph,2,photo|photograph,0,likely_visualization
guardian_de21fa5085,The Guardian,2016,"""climate change""",'The most inspiring person I've ever met': your aid worker heroes of 2016,https://www.theguardian.com/global-development-professionals-network/2016/dec/22/the-most-inspiring-person-ive-ever-met-your-aid-worker-heroes-of-2016,2016-12-22,2017-10-06,2,https://i.guim.co.uk/img/media/a854e3ee450fc4d71a75430f26f5cfba76f7d7af/234_174_1795_1077/master/1795.jpg?width=445&dpr=1&s=none&crop=none,../Scripts/output/guardian/guardian_images/guardian_2016-12-22_guardian_de21fa5085_img02.jpg,Mario Raimondi (with book) established the El Desafío Foundation after the 2001 economic crisis left 50% of the Argentinean population living in poverty. Photograph: Jorn Wemmenhove,,1,graph,2,photo|photograph,0,likely_visualization
guardian_de21fa5085,The Guardian,2016,"""climate change""",'The most inspiring person I've ever met': your aid worker heroes of 2016,https://www.theguardian.com/global-development-professionals-network/2016/dec/22/the-most-inspiring-person-ive-ever-met-your-aid-worker-heroes-of-2016,2016-12-22,2017-10-06,3,https://i.guim.co.uk/img/media/dbd2e1b4bb26564039e32fb2395ccd87fb5c1cde/0_0_640_427/master/640.jpg?width=445&dpr=1&s=none&crop=none,../Scripts/output/guardian/guardian_images/guardian_2016-12-22_guardian_de21fa5085_img03.jpg,Bassam Hawas Quru organises trips to local towns so that children can have access to vital vaccinations. Photograph: GuardianWitness,,1,graph,2,photo|photograph,0,likely_visualization
guardian_de21fa5085,The Guardian,2016,"""climate change""",'The most inspiring person I've ever met': your aid worker heroes of 2016,https://www.theguardian.com/global-development-professionals-network/2016/dec/22/the-most-inspiring-person-ive-ever-met-your-aid-worker-heroes-of-2016,2016-12-22,2017-10-06,4,https://i.guim.co.uk/img/media/d49daf774c3fdf17e28519abbd8cd8d34599348d/0_0_960_576/master/960.jpg?width=445&dpr=1&s=none&crop=none,../Scripts/output/guardian/guardian_images/guardian_2016-12-22_guardian_de21fa5085_img04.jpg,"Noelene Nabulivou (left) has worked to create a space, in a devout country, where young people can express themselves and their sexuality. Photograph: Marita Manley",,1,graph,2,photo|photograph,0,likely_visualization
guardian_de21fa5085,The Guardian,2016,"""climate change""",'The most inspiring person I've ever met': your aid worker heroes of 2016,https://www.theguardian.com/global-development-professionals-network/2016/dec/22/the-most-inspiring-person-ive-ever-met-your-aid-worker-heroes-of-2016,2016-12-22,2017-10-06,5,https://i.guim.co.uk/img/media/2cc09798215650772ad144d6f543de945b65ec7b/30_0_900_540/master/900.jpg?width=445&dpr=1&s=none&crop=none,../Scripts/output/guardian/guardian_images/guardian_2016-12-22_guardian_de21fa5085_img05.jpg,Hongthong Sirivath at work in Laos. Photograph: GuardianWitness,,1,graph,2,photo|photograph,0,likely_visualization
guardian_de21fa5085,The Guardian,2016,"""climate change""",'The most inspiring person I've ever met': your aid worker heroes of 2016,https://www.theguardian.com/global-development-professionals-network/2016/dec/22/the-most-inspiring-person-ive-ever-met-your-aid-worker-heroes-of-2016,2016-12-22,2017-10-06,6,https://i.guim.co.uk/img/media/44cffc9322ec38a4ada2e2e2f5f1857b80117604/30_30_518_311/master/518.jpg?width=445&dpr=1&s=none&crop=none,../Scripts/output/guardian/guardian_images/guardian_2016-12-22_guardian_de21fa5085_img06.jpg,Maxima risks her own wellbeing while standing up for the right to live on her own land. Photograph: GuardianWitness,,1,graph,2,photo|photograph,0,likely_visualization
guardian_de21fa5085,The Guardian,2016,"""climate change""",'The most inspiring person I've ever met': your aid worker heroes of 2016,https://www.theguardian.com/global-development-professionals-network/2016/dec/22/the-most-inspiring-person-ive-ever-met-your-aid-worker-heroes-of-2016,2016-12-22,2017-10-06,7,https://i.guim.co.uk/img/media/dc994d0fe07a113e1bd77c781cad827f2289ef57/0_0_2556_1533/master/2556.jpg?width=445&dpr=1&s=none&crop=none,../Scripts/output/guardian/guardian_images/guardian_2016-12-22_guardian_de21fa5085_img07.jpg,"Esther (left) spearheaded the IRC’s reproductive health response, enabling more than 20,000 women to access reproductive health services in Borno State, Nigeria. Photograph: IRC",,1,graph,2,photo|photograph,0,likely_visualization
guardian_de21fa5085,The Guardian,2016,"""climate change""",'The most inspiring person I've ever met': your aid worker heroes of 2016,https://www.theguardian.com/global-development-professionals-network/2016/dec/22/the-most-inspiring-person-ive-ever-met-your-aid-worker-heroes-of-2016,2016-12-22,2017-10-06,8,https://i.guim.co.uk/img/media/80ad17d4e2fb67273a13f2a83e715e087ba4557a/0_0_640_427/master/640.jpg?width=445&dpr=1&s=none&crop=none,../Scripts/output/guardian/guardian_images/guardian_2016-12-22_guardian_de21fa5085_img08.jpg,"‘On any given weekend, between 20 and 40 volunteers scavenge for garbage, joined by around eight municipality workers.’ Photograph: GuardianWitness",,1,graph,2,photo|photograph,0,likely_visualization
guardian_fce19636bd,The Guardian,2016,"""climate change""",PepsiCo takes on Coca-Cola with Latin American water plan,https://www.theguardian.com/sustainable-business/2016/dec/22/pepsico-challenges-coca-cola-with-latin-america-water-plan,2016-12-22,2022-10-19,1,https://i.guim.co.uk/img/media/ef24f486433a59b6c566412b911af849dfff2fab/0_245_3264_1958/master/3264.jpg?width=465&dpr=1&s=none&crop=none,../Scripts/output/guardian/guardian_images/guardian_2016-12-22_guardian_fce19636bd_img01.jpg,"PepsiCo’s plan includes planting native trees, bushes and shrubs to reduce soil erosion, restoring and protecting riverbanks. Photograph: Candice Choi/AP",,1,graph,2,photo|photograph,0,likely_visualization
guardian_2c8738908f,The Guardian,2016,"""climate change""",Freedom Caucus wish list: policy areas conservatives want Trump to roll back,https://www.theguardian.com/us-news/2016/dec/23/freedom-caucus-trump-policies-climate-change-net-neutrality,2016-12-23,2021-01-07,1,https://i.guim.co.uk/img/media/50b660884ebf5d9b1dc410cea85afb19a9cddf97/0_331_2633_1581/master/2633.jpg?width=465&dpr=1&s=none&crop=none,../Scripts/output/guardian/guardian_images/guardian_2016-12-23_guardian_2c8738908f_img01.jpg,Representative Jim Jordan heads the Freedom Caucus of the most rightwing congresspeople in the House. Photograph: J Scott Applewhite/AP,,1,graph,2,photo|photograph,0,likely_visualization
guardian_48edfd71fc,The Guardian,2016,"""climate change""","Teargas, trees and oil: my life in the greatest job on earth",https://www.theguardian.com/environment/2016/dec/23/john-vidal-environment-editor-greatest-job-on-earth,2016-12-23,2022-10-19,1,https://i.guim.co.uk/img/media/724bf8943c3d352981256639c2db41bee2baafa3/0_106_2499_1499/master/2499.jpg?width=465&dpr=1&s=none&crop=none,../Scripts/output/guardian/guardian_images/guardian_2016-12-23_guardian_48edfd71fc_img01.jpg,John Vidal on an Arctic ice floe in 2012. Photograph: Daniel Beltrá/Greenpeace,,1,graph,2,photo|photograph,0,likely_visualization
guardian_48edfd71fc,The Guardian,2016,"""climate change""","Teargas, trees and oil: my life in the greatest job on earth",https://www.theguardian.com/environment/2016/dec/23/john-vidal-environment-editor-greatest-job-on-earth,2016-12-23,2022-10-19,2,https://i.guim.co.uk/img/media/8b0120a82ce9efaae50020541e1cdeee6820b088/0_0_2362_1575/master/2362.jpg?width=445&dpr=1&s=none&crop=none,../Scripts/output/guardian/guardian_images/guardian_2016-12-23_guardian_48edfd71fc_img02.jpg,"An emissary of the developing world … Kenyan activist Wangari Maathai, photographed in 2007. Photograph: Martin Godwin/The Guardian",,1,graph,2,photo|photograph,0,likely_visualization
guardian_48edfd71fc,The Guardian,2016,"""climate change""","Teargas, trees and oil: my life in the greatest job on earth",https://www.theguardian.com/environment/2016/dec/23/john-vidal-environment-editor-greatest-job-on-earth,2016-12-23,2022-10-19,4,https://i.guim.co.uk/img/media/461f6bb6c1038c0cc8fa2a739834aa8a470f2044/0_0_4372_2906/master/4372.jpg?width=445&dpr=1&s=none&crop=none,../Scripts/output/guardian/guardian_images/guardian_2016-12-23_guardian_48edfd71fc_img04.jpg,Vidal examining polluted water in the village of Abia in Uganda in 2007. Photograph: Dan Chung/The Guardian,,1,graph,2,photo|photograph,0,likely_visualization
guardian_4cce54c20c,The Guardian,2016,"""climate change""","Arctic ice, fracking and the year's top animal photos – green news roundup",https://www.theguardian.com/environment/2016/dec/23/arctic-ice-fracking-and-the-years-top-animal-photos-green-news-roundup,2016-12-23,2021-07-26,1,https://i.guim.co.uk/img/media/95f5fff4b663dfe3d0b6cf6e66b61ba1d87560f5/0_194_2592_1555/master/2592.jpg?width=465&dpr=1&s=none&crop=none,../Scripts/output/guardian/guardian_images/guardian_2016-12-23_guardian_4cce54c20c_img01.jpg,The Phuket horned tree agamid is one of 163 new species discovered in the Greater Mekong region. Photograph: Montri Sumontha/WWF,,1,graph,2,photo|photograph,0,likely_visualization
guardian_657a0f9ea2,The Guardian,2016,"""climate change""","'It’s like the end of the world, so vast it’s oceanic': Otto Bell on Mongolia",https://www.theguardian.com/travel/2016/dec/23/mongolia-holidays-the-eagle-huntress-director-otto-bell-interivew,2016-12-23,2017-11-29,1,https://i.guim.co.uk/img/media/98e78456b64cb90c863aff8115bf6c452d8eeadc/0_22_1530_918/master/1530.jpg?width=465&dpr=1&s=none&crop=none,../Scripts/output/guardian/guardian_images/guardian_2016-12-23_guardian_657a0f9ea2_img01.jpg,Bird in the hand … Aisholpan Nurgaiv in a still from film The Eagle Huntress Photograph: ©Sony Pictures Classics,,1,graph,2,photo|photograph,0,likely_visualization
guardian_657a0f9ea2,The Guardian,2016,"""climate change""","'It’s like the end of the world, so vast it’s oceanic': Otto Bell on Mongolia",https://www.theguardian.com/travel/2016/dec/23/mongolia-holidays-the-eagle-huntress-director-otto-bell-interivew,2016-12-23,2017-11-29,4,https://i.guim.co.uk/img/media/a2b45a1df3dce4e72869d56ca9bf884594685d3c/60_0_1800_1080/master/1800.jpg?width=445&dpr=1&s=none&crop=none,../Scripts/output/guardian/guardian_images/guardian_2016-12-23_guardian_657a0f9ea2_img04.jpg,Aisholpan and other eagle hunters at the Golden Eagle festival. Photograph: Allstar/Sony Pictures Classics,,1,graph,2,photo|photograph,0,likely_visualization
guardian_7922a9f916,The Guardian,2016,"""climate change""",The Guardian view on Donald Trump: years of living dangerously,https://www.theguardian.com/commentisfree/2016/dec/23/the-guardian-view-on-donald-trump-years-of-living-dangerously,2016-12-23,2020-02-26,1,https://i.guim.co.uk/img/media/d9bd092a9b523baf46a3f0731102fe9cec54ca2b/0_51_2935_1761/master/2935.jpg?width=465&dpr=1&s=none&crop=none,../Scripts/output/guardian/guardian_images/guardian_2016-12-23_guardian_7922a9f916_img01.jpg,‘It is not true that Mr Trump will be bringing steel back to Pennsylvania like it used to be. He can’t. It is not true that he will be putting steel workers and miners back to work. He won’t.’ Photograph: Evan Vucci/AP,,1,graph,2,photo|photograph,0,likely_visualization
guardian_8f6f4d5d60,The Guardian,2016,"""climate change""",Greenland: the country set to cash in on climate change,https://www.theguardian.com/environment/2016/dec/23/climate-change-in-greenland-adaptation-we-simply-refuse-to-be-victimised,2016-12-23,2021-10-29,2,https://i.guim.co.uk/img/media/370a7363df1f361b23aa3a621c9ab6b88f9287d3/0_0_5789_3845/master/5789.jpg?width=445&dpr=1&s=none&crop=none,../Scripts/output/guardian/guardian_images/guardian_2016-12-23_guardian_8f6f4d5d60_img02.jpg,"Dog teams and Inuit hunters in Qaanaaq, Greenland, heading out in the spring during the period of the midnight sun. Photograph: Louise Murray/Alamy",,1,graph,2,photo|photograph,0,likely_visualization
guardian_55e898aa67,The Guardian,2016,"""climate change""",2016's best bits: October to December,https://www.theguardian.com/lifeandstyle/2016/dec/24/good-news-2016-chibok-girls-famous-deaths-prince-harry-driverless-cars,2016-12-24,2021-10-29,2,https://i.guim.co.uk/img/media/10421041bf51dd7af5ec9947e88215778dadf576/0_0_842_1111/master/842.jpg?width=445&dpr=1&s=none&crop=none,../Scripts/output/guardian/guardian_images/guardian_2016-12-24_guardian_55e898aa67_img02.jpg,Ed Balls with dance partner Katya Jones. Photograph: Pixel 8000,,1,graph,2,photo|photograph,0,likely_visualization
guardian_55e898aa67,The Guardian,2016,"""climate change""",2016's best bits: October to December,https://www.theguardian.com/lifeandstyle/2016/dec/24/good-news-2016-chibok-girls-famous-deaths-prince-harry-driverless-cars,2016-12-24,2021-10-29,5,https://i.guim.co.uk/img/media/33e2b17d60d17fd858a00808e34aa294936ccde8/217_81_1980_1187/master/1980.jpg?width=445&dpr=1&s=none&crop=none,../Scripts/output/guardian/guardian_images/guardian_2016-12-24_guardian_55e898aa67_img05.jpg,"Prince Harry, speaking out against racism. Photograph: Tim Rooke/Rex/Shutterstock",,1,graph,2,photo|photograph,0,likely_visualization
guardian_55e898aa67,The Guardian,2016,"""climate change""",2016's best bits: October to December,https://www.theguardian.com/lifeandstyle/2016/dec/24/good-news-2016-chibok-girls-famous-deaths-prince-harry-driverless-cars,2016-12-24,2021-10-29,6,https://i.guim.co.uk/img/media/209a0634c2937bf97fa173dedb44be8cec56c83f/511_305_708_881/master/708.jpg?width=120&dpr=1&s=none&crop=none,../Scripts/output/guardian/guardian_images/guardian_2016-12-24_guardian_55e898aa67_img06.jpg,Harry’s girlfriend Meghan Markle. Photograph: George Pimentel/WireImage,,1,graph,2,photo|photograph,0,likely_visualization
guardian_55e898aa67,The Guardian,2016,"""climate change""",2016's best bits: October to December,https://www.theguardian.com/lifeandstyle/2016/dec/24/good-news-2016-chibok-girls-famous-deaths-prince-harry-driverless-cars,2016-12-24,2021-10-29,7,https://i.guim.co.uk/img/media/69718f581494f2913dd7e50dc087680cb595a5a4/0_0_4458_3210/master/4458.jpg?width=445&dpr=1&s=none&crop=none,../Scripts/output/guardian/guardian_images/guardian_2016-12-24_guardian_55e898aa67_img07.jpg,"Kate Brown, the US’s first openly LGBT governor. Photograph: Don Ryan/AP",,1,graph,2,photo|photograph,0,likely_visualization
guardian_55e898aa67,The Guardian,2016,"""climate change""",2016's best bits: October to December,https://www.theguardian.com/lifeandstyle/2016/dec/24/good-news-2016-chibok-girls-famous-deaths-prince-harry-driverless-cars,2016-12-24,2021-10-29,8,https://i.guim.co.uk/img/media/6061ebdc88ed713cf60aef0999fd1757cf5eef1a/0_13_4644_2786/master/4644.jpg?width=445&dpr=1&s=none&crop=none,../Scripts/output/guardian/guardian_images/guardian_2016-12-24_guardian_55e898aa67_img08.jpg,Alexander Van der Bellen wins in Austria. Photograph: Matthias Schrader/AP,,1,graph,2,photo|photograph,0,likely_visualization
guardian_55e898aa67,The Guardian,2016,"""climate change""",2016's best bits: October to December,https://www.theguardian.com/lifeandstyle/2016/dec/24/good-news-2016-chibok-girls-famous-deaths-prince-harry-driverless-cars,2016-12-24,2021-10-29,9,https://i.guim.co.uk/img/media/1e1f1c82277184e0c43e4717209a24456af70426/0_0_3584_2151/master/3584.jpg?width=445&dpr=1&s=none&crop=none,../Scripts/output/guardian/guardian_images/guardian_2016-12-24_guardian_55e898aa67_img09.jpg,The 2017 I’m A Celebrity… love-in. Photograph: ITV/Rex/Shutterstock,,1,graph,2,photo|photograph,0,likely_visualization
guardian_6569aa2dcd,The Guardian,2016,"""climate change""",Government to outline climate change risks facing UK in new report,https://www.theguardian.com/environment/2016/dec/24/climate-change-risks-report-uk-theresa-may,2016-12-24,2021-08-25,1,https://i.guim.co.uk/img/media/0b0a3a38a46200b3e744b39e7bae91f227074fec/59_0_3441_2064/master/3441.jpg?width=465&dpr=1&s=none&crop=none,../Scripts/output/guardian/guardian_images/guardian_2016-12-24_guardian_6569aa2dcd_img01.jpg,Rescue workers in Carlisle after Storm Desmond in December 2015. Flooding has been particularly costly for the UK in recent years. Photograph: Peter Byrne/PA,,1,graph,2,photo|photograph,0,likely_visualization
guardian_82a6ce8cc1,The Guardian,2016,"""climate change""","Trump's transition reality show: Kanye West, a naked cowboy and a month to go",https://www.theguardian.com/us-news/2016/dec/24/trump-transition-reality-show-kanye-west-naked-cowboy,2016-12-24,2021-01-07,1,https://i.guim.co.uk/img/media/2bf5aab1d7165b51da2542d47aa5d9003e3907c4/0_54_3600_2161/master/3600.jpg?width=465&dpr=1&s=none&crop=none,../Scripts/output/guardian/guardian_images/guardian_2016-12-24_guardian_82a6ce8cc1_img01.jpg,"Kellyanne Conway, Trump’s campaign manager and strategist, visits the lobby of Trump Tower with performers in the Naked Cowboy mold. Photograph: Rex/Shutterstock",,1,graph,2,photo|photograph,0,likely_visualization
guardian_9d0f45cb71,The Guardian,2016,"""climate change""",Climate scientist and Nasa astronaut Piers Sellers dies aged 61,https://www.theguardian.com/science/2016/dec/24/climate-scientist-and-nasa-astronaut-piers-sellers-dies-aged-61,2016-12-24,2021-08-25,1,https://i.guim.co.uk/img/media/2f8b36602dc3b65d576e9445ca7fe941601c250c/0_62_2000_1200/master/2000.jpg?width=465&dpr=1&s=none&crop=none,../Scripts/output/guardian/guardian_images/guardian_2016-12-24_guardian_9d0f45cb71_img01.jpg,"British-born US astronaut Piers Sellers, pictured after his safe return on the space shuttle Discovery in 2006, died on Friday aged 61. Photograph: Pete Cosgrove/AP",,1,graph,2,photo|photograph,0,likely_visualization
guardian_9d0f45cb71,The Guardian,2016,"""climate change""",Climate scientist and Nasa astronaut Piers Sellers dies aged 61,https://www.theguardian.com/science/2016/dec/24/climate-scientist-and-nasa-astronaut-piers-sellers-dies-aged-61,2016-12-24,2021-08-25,2,https://i.guim.co.uk/img/media/361095907ded667db486c725e5a2ec8fd4fe6c1b/0_37_3000_1800/master/3000.jpg?width=445&dpr=1&s=none&crop=none,../Scripts/output/guardian/guardian_images/guardian_2016-12-24_guardian_9d0f45cb71_img02.jpg,"Piers Sellers meets the US Secretary of State, John Kerry with Leonardo DiCaprio and Fisher Stevens at the premiere of Before The Flood. Photograph: Brad Barket/Invision/AP",,1,graph,2,photo|photograph,0,likely_visualization
guardian_c14e440369,The Guardian,2016,"""climate change""",2016's best bits: April to June,https://www.theguardian.com/lifeandstyle/2016/dec/24/good-news-2016-golf-football-leicester-hillsborough-sadiq-khan-antarctica,2016-12-24,2022-10-19,1,https://i.guim.co.uk/img/media/a533f048cfea260871728c6bd39e4d3b9d03126d/0_0_3500_1855/master/3500.jpg?width=445&dpr=1&s=none&crop=none,../Scripts/output/guardian/guardian_images/guardian_2016-12-24_guardian_c14e440369_img01.jpg,"Polar research ship Boaty McBoatface, renamed the Sir David Attenborough. Photograph: NERC/PA",,1,graph,2,photo|photograph,0,likely_visualization
guardian_c14e440369,The Guardian,2016,"""climate change""",2016's best bits: April to June,https://www.theguardian.com/lifeandstyle/2016/dec/24/good-news-2016-golf-football-leicester-hillsborough-sadiq-khan-antarctica,2016-12-24,2022-10-19,4,https://i.guim.co.uk/img/media/b948d9a1e599b881c8d307bfa66f8eda7439a83d/0_0_3500_2333/master/3500.jpg?width=445&dpr=1&s=none&crop=none,../Scripts/output/guardian/guardian_images/guardian_2016-12-24_guardian_c14e440369_img04.jpg,Leicester City fans celebrate their Premier League win. Photograph: Nick Potts/PA,,1,graph,2,photo|photograph,0,likely_visualization
guardian_c14e440369,The Guardian,2016,"""climate change""",2016's best bits: April to June,https://www.theguardian.com/lifeandstyle/2016/dec/24/good-news-2016-golf-football-leicester-hillsborough-sadiq-khan-antarctica,2016-12-24,2022-10-19,5,https://i.guim.co.uk/img/media/097e445428c12fcde6fbdb012e1947e0303e7e40/0_0_8688_5792/master/8688.jpg?width=445&dpr=1&s=none&crop=none,../Scripts/output/guardian/guardian_images/guardian_2016-12-24_guardian_c14e440369_img05.jpg,London mayor Sadiq Khan. Photograph: David Levene/The Guardian,,1,graph,2,photo|photograph,0,likely_visualization
guardian_c14e440369,The Guardian,2016,"""climate change""",2016's best bits: April to June,https://www.theguardian.com/lifeandstyle/2016/dec/24/good-news-2016-golf-football-leicester-hillsborough-sadiq-khan-antarctica,2016-12-24,2022-10-19,6,https://i.guim.co.uk/img/media/a0e91ecfc4c178b43ffad5d68f4ea7c8d7b477c1/0_29_1024_636/master/1024.jpg?width=445&dpr=1&s=none&crop=none,../Scripts/output/guardian/guardian_images/guardian_2016-12-24_guardian_c14e440369_img06.jpg,Fabric clubbers Wladyslaw Nykiel and Stanislawa Zapasnik. Photograph: Courtesy of Jacob Husley,,1,graph,2,photo|photograph,0,likely_visualization
guardian_c14e440369,The Guardian,2016,"""climate change""",2016's best bits: April to June,https://www.theguardian.com/lifeandstyle/2016/dec/24/good-news-2016-golf-football-leicester-hillsborough-sadiq-khan-antarctica,2016-12-24,2022-10-19,8,https://i.guim.co.uk/img/media/47b8657990cbcb453e86f64d57bb29270f1ec318/0_0_1920_1080/master/1920.jpg?width=445&dpr=1&s=none&crop=none,../Scripts/output/guardian/guardian_images/guardian_2016-12-24_guardian_c14e440369_img08.jpg,Tim Peake runs the London Marathon in space. Photograph: ESA/AP,,1,graph,2,photo|photograph,0,likely_visualization
guardian_c14e440369,The Guardian,2016,"""climate change""",2016's best bits: April to June,https://www.theguardian.com/lifeandstyle/2016/dec/24/good-news-2016-golf-football-leicester-hillsborough-sadiq-khan-antarctica,2016-12-24,2022-10-19,9,https://i.guim.co.uk/img/media/6fab38a31516b1fc67d895f9e9cb2f09681119ed/0_0_5100_3387/master/5100.jpg?width=445&dpr=1&s=none&crop=none,../Scripts/output/guardian/guardian_images/guardian_2016-12-24_guardian_c14e440369_img09.jpg,Paradise Bay in Antarctica. Photograph: All Canada Photos/Alamy,,1,graph,2,photo|photograph,0,likely_visualization
guardian_cf04c64300,The Guardian,2016,"""climate change""","So long, 2016: the year of the political earthquake",https://www.theguardian.com/news/2016/dec/24/2016-in-review-world-news-syria-terrorism-brexit-trump-decca-aitkenhead,2016-12-24,2020-02-03,4,https://i.guim.co.uk/img/media/7cdbf4c1d0e86eacd3c642e7e42608a89a2e362d/403_0_1148_2589/master/1148.jpg?width=120&dpr=1&s=none&crop=none,../Scripts/output/guardian/guardian_images/guardian_2016-12-24_guardian_cf04c64300_img04.jpg,A group hug after Cameron resigned. Photograph: Kirsty Wigglesworth/AP,,1,graph,2,photo|photograph,0,likely_visualization
guardian_d2cd5a2149,The Guardian,2016,"""climate change""",2016's best bits: why culture was crucial,https://www.theguardian.com/lifeandstyle/2016/dec/24/adele-beyonce-culture-vital-2016,2016-12-24,2017-12-01,2,https://i.guim.co.uk/img/media/1fae1f78c721c38b7f3098784317f875f9608f00/0_192_5120_3072/master/5120.jpg?width=445&dpr=1&s=none&crop=none,../Scripts/output/guardian/guardian_images/guardian_2016-12-24_guardian_d2cd5a2149_img02.jpg,Planet Earth II: flamingos perform a courtship dance in a salt lake in the High Andes. Photograph: Justin Anderson/BBC NHU,,1,graph,2,photo|photograph,0,likely_visualization
guardian_fdb01cf066,The Guardian,2016,"""climate change""","Weekend reading: Conspiracies, podcasts and how to win a row",https://www.theguardian.com/membership/live/2016/dec/24/weekend-reading-conspiracies-podcasts-and-how-to-win-a-row,2016-12-24,2018-03-30,1,https://i.guim.co.uk/img/media/96ee494041542280d18977ee0357c655ad758a7d/579_371_3498_2099/master/3498.jpg?width=300&quality=85&auto=format&fit=max&s=54c504fb2f7f520c7a45e039351bc6e0,../Scripts/output/guardian/guardian_images/guardian_2016-12-24_guardian_fdb01cf066_img01.jpg,Photograph: Alamy Stock Photo,,1,graph,2,photo|photograph,0,likely_visualization
guardian_fdb01cf066,The Guardian,2016,"""climate change""","Weekend reading: Conspiracies, podcasts and how to win a row",https://www.theguardian.com/membership/live/2016/dec/24/weekend-reading-conspiracies-podcasts-and-how-to-win-a-row,2016-12-24,2018-03-30,2,https://i.guim.co.uk/img/media/a7b7ce3dac0e85d626bc8974baf5f8f45fd0c47c/0_372_4314_2588/master/4314.jpg?width=300&quality=85&auto=format&fit=max&s=ad8e6b3d1dd502919fa012f0c7282b9c,../Scripts/output/guardian/guardian_images/guardian_2016-12-24_guardian_fdb01cf066_img02.jpg,Photograph: Alamy,,1,graph,2,photo|photograph,0,likely_visualization
guardian_75426131c4,The Guardian,2016,"""climate change""",2016 was the end of the world as we know it. So what's next?,https://www.theguardian.com/us-news/2016/dec/25/2016-was-the-end-of-the-world-as-we-know-it-so-whats-next,2016-12-25,2020-02-03,1,https://i.guim.co.uk/img/media/5c9c0047cbb699cd4f96f2dbd5db03e101923e65/0_900_6128_3678/master/6128.jpg?width=465&dpr=1&s=none&crop=none,../Scripts/output/guardian/guardian_images/guardian_2016-12-25_guardian_75426131c4_img01.jpg,Donald Trump and Barack Obama meet in the Oval Office. Photograph: Pablo Martinez Monsivais/AP,,1,graph,2,photo|photograph,0,likely_visualization
guardian_75426131c4,The Guardian,2016,"""climate change""",2016 was the end of the world as we know it. So what's next?,https://www.theguardian.com/us-news/2016/dec/25/2016-was-the-end-of-the-world-as-we-know-it-so-whats-next,2016-12-25,2020-02-03,3,https://i.guim.co.uk/img/media/e154ac1106342d83d240d58205923b13a8d1310f/277_498_4907_2944/master/4907.jpg?width=445&dpr=1&s=none&crop=none,../Scripts/output/guardian/guardian_images/guardian_2016-12-25_guardian_75426131c4_img03.jpg,Marine Le Pen with supporters. Photograph: Claude Paris/AP,,1,graph,2,photo|photograph,0,likely_visualization
guardian_75426131c4,The Guardian,2016,"""climate change""",2016 was the end of the world as we know it. So what's next?,https://www.theguardian.com/us-news/2016/dec/25/2016-was-the-end-of-the-world-as-we-know-it-so-whats-next,2016-12-25,2020-02-03,5,https://i.guim.co.uk/img/media/54cdc775bb5588f2d8d731353d06ac806af7d9f7/0_163_4410_2646/master/4410.jpg?width=445&dpr=1&s=none&crop=none,../Scripts/output/guardian/guardian_images/guardian_2016-12-25_guardian_75426131c4_img05.jpg,A vigil in Dhaka after a terrorist attack at a restaurant in July. Photograph: Zakir Chowdhury/Barcroft Images,,1,graph,2,photo|photograph,0,likely_visualization
guardian_75426131c4,The Guardian,2016,"""climate change""",2016 was the end of the world as we know it. So what's next?,https://www.theguardian.com/us-news/2016/dec/25/2016-was-the-end-of-the-world-as-we-know-it-so-whats-next,2016-12-25,2020-02-03,6,https://i.guim.co.uk/img/media/1e379e820694688b3b48c7dfab4a05457240627a/0_150_4500_2700/master/4500.jpg?width=445&dpr=1&s=none&crop=none,../Scripts/output/guardian/guardian_images/guardian_2016-12-25_guardian_75426131c4_img06.jpg,"A billboard in Shandong province with the slogan: ‘South China Sea, our beautiful motherland, we won’t let go an inch.’ Photograph: AP",,1,graph,2,photo|photograph,0,likely_visualization
guardian_8016ba4ff3,The Guardian,2016,"""climate change""",Progressive causes see 'unprecedented' upswing in donations after US election,https://www.theguardian.com/us-news/2016/dec/25/progressive-donations-us-election-planned-parenthood-aclu,2016-12-25,2021-01-07,2,https://i.guim.co.uk/img/media/18d053d2361c714bbb2d2c717744d6cca29fe8a4/0_0_2152_1730/master/2152.jpg?width=445&dpr=1&s=none&crop=none,../Scripts/output/guardian/guardian_images/guardian_2016-12-25_guardian_8016ba4ff3_img02.jpg,Photograph: donatebigly.com,,1,graph,2,photo|photograph,0,likely_visualization
guardian_d5ded99276,The Guardian,2016,"""sea level rise""",The solar-powered town: a dream for the environment – or a wildlife nightmare?,https://www.theguardian.com/us-news/2016/dec/25/solar-powered-town-babcock-ranch-environmentalist-panther,2016-12-25,2017-07-14,1,https://i.guim.co.uk/img/media/943e5649b00dc9466f46c4bdf6d7f8faec06ff82/0_0_5687_3416/master/5687.jpg?width=465&dpr=1&s=none&crop=none,../Scripts/output/guardian/guardian_images/guardian_2016-12-25_guardian_d5ded99276_img01.jpg,An impression of the town square at the Babcock Ranch development in Florida. Photograph: Babcock Ranch,,1,graph,2,photo|photograph,0,likely_visualization
guardian_d5ded99276,The Guardian,2016,"""sea level rise""",The solar-powered town: a dream for the environment – or a wildlife nightmare?,https://www.theguardian.com/us-news/2016/dec/25/solar-powered-town-babcock-ranch-environmentalist-panther,2016-12-25,2017-07-14,2,https://i.guim.co.uk/img/media/da09289a202dd1d3f002ce87bc3d8f49b1ab6b34/0_912_3593_4488/master/3593.jpg?width=445&dpr=1&s=none&crop=none,../Scripts/output/guardian/guardian_images/guardian_2016-12-25_guardian_d5ded99276_img02.jpg,Environmentalists claim the project threatens the habitat of the Florida panther. Photograph: Alamy,,1,graph,2,photo|photograph,0,likely_visualization
guardian_f8e89ac028,The Guardian,2016,"""climate change""",What will be the big environment events in 2017?,https://www.theguardian.com/news/2016/dec/25/what-will-be-the-big-environment-events-in-2017,2016-12-25,2021-10-29,1,https://i.guim.co.uk/img/media/ca6745284a6f8ed5f6b9ac7c66ec2a2f7eac0d36/0_136_2992_1796/master/2992.jpg?width=465&dpr=1&s=none&crop=none,../Scripts/output/guardian/guardian_images/guardian_2016-12-25_guardian_f8e89ac028_img01.jpg,Exploratory fracking for shale gas will begin in England in 2017. Only 17% of British people are in favour of fracking. Photograph: McCaren/LNP/Rex/Shutterstock,,1,graph,2,photo|photograph,0,likely_visualization
guardian_f8e89ac028,The Guardian,2016,"""climate change""",What will be the big environment events in 2017?,https://www.theguardian.com/news/2016/dec/25/what-will-be-the-big-environment-events-in-2017,2016-12-25,2021-10-29,2,https://i.guim.co.uk/img/media/61504e2d9c6f600477ac860d80bc4e388d0b6626/0_6_3459_2076/master/3459.jpg?width=445&dpr=1&s=none&crop=none,../Scripts/output/guardian/guardian_images/guardian_2016-12-25_guardian_f8e89ac028_img02.jpg,Donald Trump has appointed sceptics to head key agencies responsible for monitoring climate change and has said he wants to increase coal production. Photograph: Steve Helber/AP,,1,graph,2,photo|photograph,0,likely_visualization
guardian_b498ac06d8,The Guardian,2016,"""climate change""",'Cloud fishing' reels in precious water for villagers in rural Morocco,https://www.theguardian.com/global-development/2016/dec/26/cloud-fishing-reels-in-precious-water-villagers-rural-morocco-dar-si-hmad,2016-12-26,2022-10-19,1,https://i.guim.co.uk/img/media/ea6aea3b455189ed4d2ce99280e6cacc84d33fb6/0_177_3133_1880/master/3133.jpg?width=465&dpr=1&s=none&crop=none,../Scripts/output/guardian/guardian_images/guardian_2016-12-26_guardian_b498ac06d8_img01.jpg,Dar Si Hmad’s system of fog nets. Bigger nets will be installed in 2017. Photographs: Dar Si Hmad,,1,graph,2,photo|photograph,0,likely_visualization
guardian_d5c5fb67ee,The Guardian,2016,"""climate change""",How do liberals halt the march of the right? Stand our ground and toughen up,https://www.theguardian.com/commentisfree/2016/dec/26/liberals-far-right,2016-12-26,2020-02-03,1,https://i.guim.co.uk/img/media/353c61827e5db643fcad2d3104cdc83aff8e7861/223_0_1929_1157/master/1929.jpg?width=465&dpr=1&s=none&crop=none,../Scripts/output/guardian/guardian_images/guardian_2016-12-26_guardian_d5c5fb67ee_img01.jpg,"‘Let us consult the wisdom of Sean Connery’s Malone in The Untouchables, and adapt it to our times.’ Andy Garcia, Sean Connery, Kevin Costner and Charles Martin Smith in The Untouchables. Photograph: Everett/Rex Features",,1,graph,2,photo|photograph,0,likely_visualization
guardian_df0c3067ba,The Guardian,2016,"""climate change""","British ash trees may resist dieback disease, research reveals",https://www.theguardian.com/environment/2016/dec/26/british-ash-trees-may-resist-dieback-disease-research-reveals,2016-12-26,2018-02-14,1,https://i.guim.co.uk/img/media/5a1c2250c716755f339e4d9cc1bfb91f22fbb856/0_120_2496_1497/master/2496.jpg?width=465&dpr=1&s=none&crop=none,../Scripts/output/guardian/guardian_images/guardian_2016-12-26_guardian_df0c3067ba_img01.jpg,Ash dieback disease has already affected 90% of trees in Denmark. Photograph: Andrew Hasson/REX/Shutterstock,,1,graph,2,photo|photograph,0,likely_visualization
guardian_20e369de9d,The Guardian,2016,"""climate change""",Balls to Blair: top 10 unpopular politicians’ comebacks of 2016,https://www.theguardian.com/politics/2016/dec/27/balls-to-blair-2016-year-unpopular-politician-comebacks,2016-12-27,2019-07-10,2,https://i.guim.co.uk/img/media/9b7f23bf5069b9570153dd740e228f8ed8d91e52/0_115_2474_1483/master/2474.jpg?width=445&dpr=1&s=none&crop=none,../Scripts/output/guardian/guardian_images/guardian_2016-12-27_guardian_20e369de9d_img02.jpg,Highsteppin’ … Ed Balls. Photograph: Jay Brooks/BBC/PA,,1,graph,2,photo|photograph,0,likely_visualization
guardian_24559523af,The Guardian,2016,"""climate change""",Australia in 2016: the year leaders flailed as populism sailed,https://www.theguardian.com/australia-news/2016/dec/28/australia-in-2016-the-year-leaders-flailed-as-populism-sailed,2016-12-27,2021-08-25,1,https://i.guim.co.uk/img/media/6fc7398e1c6bac8e961646f113289074bce2b989/428_548_4072_2443/master/4072.jpg?width=465&dpr=1&s=none&crop=none,../Scripts/output/guardian/guardian_images/guardian_2016-12-27_guardian_24559523af_img01.jpg,Malcolm Turnbull’s bad-tempered speech to Liberal party members on election night in July echoed through his year: a victory at considerable cost. Photograph: Lukas Coch/AAP,,1,graph,2,photo|photograph,0,likely_visualization
guardian_24559523af,The Guardian,2016,"""climate change""",Australia in 2016: the year leaders flailed as populism sailed,https://www.theguardian.com/australia-news/2016/dec/28/australia-in-2016-the-year-leaders-flailed-as-populism-sailed,2016-12-27,2021-08-25,3,https://i.guim.co.uk/img/media/c185bb652f8a476a0d87b933d0f9f5a307034dd4/0_0_1920_1123/master/1920.jpg?width=445&dpr=1&s=none&crop=none,../Scripts/output/guardian/guardian_images/guardian_2016-12-27_guardian_24559523af_img03.jpg,Footage obtained by the ABC of Dylan Voller being hooded and restrained at the Don Dale juvenile detention centre in the Northern Territory led immediately to a royal commission. Photograph: ABC Four Corners,,1,graph,2,photo|photograph,0,likely_visualization
guardian_24559523af,The Guardian,2016,"""climate change""",Australia in 2016: the year leaders flailed as populism sailed,https://www.theguardian.com/australia-news/2016/dec/28/australia-in-2016-the-year-leaders-flailed-as-populism-sailed,2016-12-27,2021-08-25,4,https://i.guim.co.uk/img/media/d8ca66a9f0e9ece365a7c54b66624775a0d06477/0_0_625_703/master/625.jpg?width=445&dpr=1&s=none&crop=none,../Scripts/output/guardian/guardian_images/guardian_2016-12-27_guardian_24559523af_img04.jpg,"Ms Dhu, who died in police custody in Port Hedland in August 2014. The inquest into her death ‘kicked along the debate about Indigenous people and law enforcement that has simmered, unresolved for decades’. Photograph: supplied by Ms Dhu's family",,1,graph,2,photo|photograph,0,likely_visualization
guardian_24559523af,The Guardian,2016,"""climate change""",Australia in 2016: the year leaders flailed as populism sailed,https://www.theguardian.com/australia-news/2016/dec/28/australia-in-2016-the-year-leaders-flailed-as-populism-sailed,2016-12-27,2021-08-25,5,https://i.guim.co.uk/img/media/3592a041f072c2121dd5f4d5f6895f36882a510e/0_0_2954_1969/master/2954.jpg?width=445&dpr=1&s=none&crop=none,../Scripts/output/guardian/guardian_images/guardian_2016-12-27_guardian_24559523af_img05.jpg,"Crowded House performed to ecstatic crowds for four nights on the steps of Sydney Opera House, 20 years after they gave a farewell concert in the same place. Photograph: Jonny Weeks/The Guardian",,1,graph,2,photo|photograph,0,likely_visualization
guardian_24559523af,The Guardian,2016,"""climate change""",Australia in 2016: the year leaders flailed as populism sailed,https://www.theguardian.com/australia-news/2016/dec/28/australia-in-2016-the-year-leaders-flailed-as-populism-sailed,2016-12-27,2021-08-25,6,https://i.guim.co.uk/img/media/6d368ddf69903aef7d0eb882abddbbef6c573910/0_0_2291_2362/master/2291.jpg?width=445&dpr=1&s=none&crop=none,../Scripts/output/guardian/guardian_images/guardian_2016-12-27_guardian_24559523af_img06.jpg,"Helen Garner found a $200,000 prize in her junk mail. Photograph: Nicholas Purcell Studio / www.nicholaspurcellstudio.com",,1,graph,2,photo|photograph,0,likely_visualization
guardian_99505e55d0,The Guardian,2016,"""climate change""","Growing mega-cities will displace vast tracts of farmland by 2030, study says",https://www.theguardian.com/environment/world-on-a-plate/2016/dec/28/growing-mega-cities-will-displace-vast-tracts-of-farmland-by-2030-study-says,2016-12-27,2017-01-05,1,https://i.guim.co.uk/img/media/e03be3eafc8f16fa3e571c80752d5c9eb4abef45/0_141_2048_1228/master/2048.jpg?width=465&dpr=1&s=none&crop=none,../Scripts/output/guardian/guardian_images/guardian_2016-12-27_guardian_99505e55d0_img01.jpg,"New Delhi, India. Between 1991 and 2016 the population of India’s capital and its suburbs ballooned from 9.4 million to 25 million. The United Nations Report on World Urbanisation projects that Delhi will have 37 million residents by 2030. Photograph: OLI/Landsat 8/USGS/NASA",,1,graph,2,photo|photograph,0,likely_visualization
guardian_99505e55d0,The Guardian,2016,"""climate change""","Growing mega-cities will displace vast tracts of farmland by 2030, study says",https://www.theguardian.com/environment/world-on-a-plate/2016/dec/28/growing-mega-cities-will-displace-vast-tracts-of-farmland-by-2030-study-says,2016-12-27,2017-01-05,2,https://i.guim.co.uk/img/media/81097f03e79303e72b96e9df61f691145707ce12/0_296_3169_1902/master/3169.jpg?width=445&dpr=1&s=none&crop=none,../Scripts/output/guardian/guardian_images/guardian_2016-12-27_guardian_99505e55d0_img02.jpg,"A high-speed train runs across farmland in Binyang County of Nanning, capital of south China’s Guangxi Zhuang Autonomous Region. Photograph: Xinhua / Barcroft Images",,1,graph,2,photo|photograph,0,likely_visualization
guardian_9c7cf7aa6f,The Guardian,2016,"""climate change""","Facts matter, and on climate change, Trump's picks get them wrong",https://www.theguardian.com/environment/climate-consensus-97-per-cent/2016/dec/27/facts-matter-and-on-climate-change-trumps-picks-get-them-wrong,2016-12-27,2021-08-25,1,https://i.guim.co.uk/img/media/ea4d8c469ed68037f7a86f7b6e57ea2123b7505c/0_0_1715_1030/master/1715.jpg?width=465&dpr=1&s=none&crop=none,../Scripts/output/guardian/guardian_images/guardian_2016-12-27_guardian_9c7cf7aa6f_img01.jpg,"Russian Prime Minister Vladimir Putin, right, and Rex Tillerson, ExxonMobil’s chief executive smile during a signing ceremony in the Black Sea resort of Sochi, Russia. Photograph: Alexei Druzhinin/AP",,1,graph,2,photo|photograph,0,likely_visualization
guardian_d5be54b3ea,The Guardian,2016,"""climate change""",‘Get that lie off your bus’: the year’s best slapdowns,https://www.theguardian.com/news/2016/dec/27/get-that-lie-off-your-bus-year-best-slapdowns,2016-12-27,2017-11-25,3,https://i.guim.co.uk/img/media/6a9766adeeb41998e76e48db603345b768a90d41/0_0_2327_1396/master/2327.jpg?width=445&dpr=1&s=none&crop=none,../Scripts/output/guardian/guardian_images/guardian_2016-12-27_guardian_d5be54b3ea_img03.jpg,Brandon Victor Dixon addresses the vice-president-elect from stage. Photograph: AP,,1,graph,2,photo|photograph,0,likely_visualization
guardian_3273f67a29,The Guardian,2016,"""climate change""",App for all seasons could dampen effects of climate change in Mozambique,https://www.theguardian.com/global-development/2016/dec/28/rainwater-harvesting-app-dampen-effects-climate-change-mozambique,2016-12-28,2022-10-19,1,https://i.guim.co.uk/img/media/6a86f9597d8f89dd2be788c1bc29fb889988aa53/121_535_4108_2465/master/4108.jpg?width=465&dpr=1&s=none&crop=none,../Scripts/output/guardian/guardian_images/guardian_2016-12-28_guardian_3273f67a29_img01.jpg,"Children at Mbonambi primary school in South Africa, where a rainwater harvesting app developed by Aline Okello is being trialled. Photograph: James Oatway/The Royal Academy of Engineering",,1,graph,2,photo|photograph,0,likely_visualization
guardian_3273f67a29,The Guardian,2016,"""climate change""",App for all seasons could dampen effects of climate change in Mozambique,https://www.theguardian.com/global-development/2016/dec/28/rainwater-harvesting-app-dampen-effects-climate-change-mozambique,2016-12-28,2022-10-19,2,https://i.guim.co.uk/img/media/c88f6bbea4c5187abbd9c347cd8452901656785b/0_0_4500_3000/master/4500.jpg?width=445&dpr=1&s=none&crop=none,../Scripts/output/guardian/guardian_images/guardian_2016-12-28_guardian_3273f67a29_img02.jpg,Aline Okello’s rainwater harvesting app has earned her a place on the shortlist for the Africa prize for engineering innovation. Photograph: James Oatway/The Royal Academy of Engineering,,1,graph,2,photo|photograph,0,likely_visualization
guardian_ad804019e8,The Guardian,2016,"""climate change""","In hard times, reading fiction reminds us we are human in a way Twitter never can",https://www.theguardian.com/commentisfree/2016/dec/28/hard-times-reading-books-humanity-fiction,2016-12-28,2018-02-22,1,https://i.guim.co.uk/img/media/5e75bba20accfcbb6d006c56f205168cb8c0a1b4/0_1513_3718_2231/master/3718.jpg?width=465&dpr=1&s=none&crop=none,../Scripts/output/guardian/guardian_images/guardian_2016-12-28_guardian_ad804019e8_img01.jpg,"‘Reading teaches us not only about our common humanity, but also about the world.’ Photograph: Antonio Zazueta Olmos/Antonio Olmos",,1,graph,2,photo|photograph,0,likely_visualization
guardian_de131c72e9,The Guardian,2016,"""climate change""",Bob Hawke blames decline in quality of politicians on intrusiveness of media,https://www.theguardian.com/australia-news/2016/dec/28/bob-hawke-blames-decline-in-quality-of-politicians-on-intrusiveness-of-media,2016-12-28,2021-08-25,1,https://i.guim.co.uk/img/media/26066051ba3dfda29538c774589bd8bd66c461ef/0_353_5472_3283/master/5472.jpg?width=465&dpr=1&s=none&crop=none,../Scripts/output/guardian/guardian_images/guardian_2016-12-28_guardian_de131c72e9_img01.jpg,"Former Australian prime minister Bob Hawke has become a drawcard at the Woodford Folk festival, speaking at it for eight years in a row. Photograph: Janine Israel/The Guardian",,1,graph,2,photo|photograph,0,likely_visualization
guardian_e72f49bba5,The Guardian,2016,"""climate change""",Grass was greener but wildlife struggled in muggy 2016,https://www.theguardian.com/environment/2016/dec/28/national-trust-2016-review-wildlife-weather-bees-butterflies,2016-12-28,2021-10-29,1,https://i.guim.co.uk/img/media/d06244c8ddf2e081511fe55d45d76f3334774434/0_299_5400_3240/master/5400.jpg?width=465&dpr=1&s=none&crop=none,../Scripts/output/guardian/guardian_images/guardian_2016-12-28_guardian_e72f49bba5_img01.jpg,"Cutting hay at harvest time at Blaenglyn Farm in the Brecon Beacons national park, south Wales. Photograph: Paul Harris/National Trust Images",,1,graph,2,photo|photograph,0,likely_visualization
guardian_e72f49bba5,The Guardian,2016,"""climate change""",Grass was greener but wildlife struggled in muggy 2016,https://www.theguardian.com/environment/2016/dec/28/national-trust-2016-review-wildlife-weather-bees-butterflies,2016-12-28,2021-10-29,2,https://i.guim.co.uk/img/media/8d1c91bc945dc47f139763f3c805809500781ac8/0_560_4376_2839/master/4376.jpg?width=445&dpr=1&s=none&crop=none,../Scripts/output/guardian/guardian_images/guardian_2016-12-28_guardian_e72f49bba5_img02.jpg,A marbled white butterfly. Lots of grass swamped smaller plants that butterflies feed on. Photograph: Ian Ward/National Trust Images,,1,graph,2,photo|photograph,0,likely_visualization
guardian_e72f49bba5,The Guardian,2016,"""climate change""",Grass was greener but wildlife struggled in muggy 2016,https://www.theguardian.com/environment/2016/dec/28/national-trust-2016-review-wildlife-weather-bees-butterflies,2016-12-28,2021-10-29,3,https://i.guim.co.uk/img/media/da8baeda48cb2b39767829d48daae957e24d0258/0_0_5320_3540/master/5320.jpg?width=445&dpr=1&s=none&crop=none,../Scripts/output/guardian/guardian_images/guardian_2016-12-28_guardian_e72f49bba5_img03.jpg,"Apples at Barrington Court, Somerset, where well-timed rain made this year’s crop juicy and sweet. Photograph: John Millar/National Trust Images",,1,graph,2,photo|photograph,0,likely_visualization
guardian_a030f44d41,The Guardian,2016,"""climate change""",The US could be vastly different a year from now. Here's how,https://www.theguardian.com/commentisfree/2016/dec/29/donald-trump-first-year-in-office-different-america,2016-12-29,2024-06-20,1,https://i.guim.co.uk/img/media/b3a165cac1f69b568b74f9b016207be939e7aa14/37_5_3653_2192/master/3653.jpg?width=465&dpr=1&s=none&crop=none,../Scripts/output/guardian/guardian_images/guardian_2016-12-29_guardian_a030f44d41_img01.jpg,"With a Republican-controlled House and Senate, our new chief executive could make headway rolling back Obama’s agenda. Photograph: REX/Shutterstock",,1,graph,2,photo|photograph,0,likely_visualization
guardian_a030f44d41,The Guardian,2016,"""climate change""",The US could be vastly different a year from now. Here's how,https://www.theguardian.com/commentisfree/2016/dec/29/donald-trump-first-year-in-office-different-america,2016-12-29,2024-06-20,2,https://i.guim.co.uk/img/media/69d87fa1ac231b2f6d3ea6c3f751dc47a4c1c258/0_0_3000_1800/master/3000.jpg?width=445&dpr=1&s=none&crop=none,../Scripts/output/guardian/guardian_images/guardian_2016-12-29_guardian_a030f44d41_img02.jpg,Women protest against Donald Trump’s position on their rights on 12 December. Photograph: McGregor/Pacific/Barcroft Images,,1,graph,2,photo|photograph,0,likely_visualization
guardian_a2054eff48,The Guardian,2016,"""climate change""","Another, more beautiful America is rising. Trump will be resisted",https://www.theguardian.com/commentisfree/2016/dec/29/america-trump-californian-senate,2016-12-29,2021-08-25,1,https://i.guim.co.uk/img/media/5e23b0d0ee9015152d3d9966db450adb611605a3/0_162_4480_2689/master/4480.jpg?width=465&dpr=1&s=none&crop=none,../Scripts/output/guardian/guardian_images/guardian_2016-12-29_guardian_a2054eff48_img01.jpg,An anti-Trump protest in Atlanta. ‘Many people are still trying to figure out what to do; others are doing it.’ Photograph: Zuma/Rex/Shutterstock,,1,graph,2,photo|photograph,0,likely_visualization
guardian_db2e0ba6e6,The Guardian,2016,"""climate change""","If we win the fight to let refugees into Fortress Britain, the world will take note",https://www.theguardian.com/commentisfree/2016/dec/29/refugees-fortress-britain-volunteer-greece,2016-12-29,2017-11-28,1,https://i.guim.co.uk/img/media/634fabd61c970f3c3670fa0710a2282b87004adc/0_170_5099_3059/master/5099.jpg?width=465&dpr=1&s=none&crop=none,../Scripts/output/guardian/guardian_images/guardian_2016-12-29_guardian_db2e0ba6e6_img01.jpg,"‘War is becoming real for us, for the first time in a long time.’ Volunteers help refugees arriving on the Greek island of Lesbos, November 2015. Photograph: Santi Palacios/AP",,1,graph,2,photo|photograph,0,likely_visualization
guardian_deecd8a512,The Guardian,2016,"""climate change""","Climate deniers, conspiracists and one-percenters: Trump's cabinet of characters",https://www.theguardian.com/us-news/2016/dec/28/donald-trump-cabinet-climate-deniers-conspiracy-wealth,2016-12-29,2021-08-25,13,https://i.guim.co.uk/img/media/67e47107a4570f65343425c30cbc94a6ff01f191/0_0_320_320/master/320.png?width=120&dpr=1&s=none&crop=none,../Scripts/output/guardian/guardian_images/guardian_2016-12-29_guardian_deecd8a512_img13.png,Photograph: Carlo Allegri,,1,graph,2,photo|photograph,0,likely_visualization
guardian_ecdfa1795e,The Guardian,2016,"""climate change""",Fearless teenagers and Teen Vogue could transform a bleak-looking future,https://www.theguardian.com/commentisfree/2016/dec/29/future-bleak-teenagers-race-change-society,2016-12-29,2017-05-07,1,https://i.guim.co.uk/img/media/dc38ca5f3b702342d2b2f01c0ea9f3d60e05589e/0_0_5128_3076/master/5128.jpg?width=465&dpr=1&s=none&crop=none,../Scripts/output/guardian/guardian_images/guardian_2016-12-29_guardian_ecdfa1795e_img01.jpg,‘I can’t help but think that this new generation of driven change-makers will tip the balance of a social change that those before them haven’t yet achieved.’ Photograph: Jon Parker Lee/Alamy,,1,graph,2,photo|photograph,0,likely_visualization
guardian_13647b7ae9,The Guardian,2016,"""climate change""",Butterfly protector who informed climate change policy gets OBE,https://www.theguardian.com/environment/2016/dec/30/butterfly-protector-who-influenced-climate-change-policy-awarded-obe-dr-martin-warren,2016-12-30,2021-10-29,1,https://i.guim.co.uk/img/media/15cddbf9a57193d9b228d3d7d5f7ce020fccf879/0_91_1602_961/master/1602.jpg?width=465&dpr=1&s=none&crop=none,../Scripts/output/guardian/guardian_images/guardian_2016-12-30_guardian_13647b7ae9_img01.jpg,Heath fritillary butterflies would probably not exist today if not for the work of Dr Martin Warren. Photograph: Gareth Fuller/PA,,1,graph,2,photo|photograph,0,likely_visualization
guardian_4ca3baa1ac,The Guardian,2016,"""climate change""",'Walking buses' and council housing: a wishlist for world cities in 2017,https://www.theguardian.com/cities/2016/dec/30/walking-buses-council-housing-wishlist-world-cities-2017,2016-12-30,2020-02-03,1,https://i.guim.co.uk/img/media/3e3750755cef0bbf459f222c10401d0cfe2b69aa/0_104_5616_3370/master/5616.jpg?width=465&dpr=1&s=none&crop=none,../Scripts/output/guardian/guardian_images/guardian_2016-12-30_guardian_4ca3baa1ac_img01.jpg,Rio de Janeiro’s Alemão favela seen from a cable car. Photograph: AF Rodrigues/Horniman Museum,,1,graph,2,photo|photograph,0,likely_visualization
guardian_4ca3baa1ac,The Guardian,2016,"""climate change""",'Walking buses' and council housing: a wishlist for world cities in 2017,https://www.theguardian.com/cities/2016/dec/30/walking-buses-council-housing-wishlist-world-cities-2017,2016-12-30,2020-02-03,4,https://i.guim.co.uk/img/media/decec3d8d283244354f88056c38d7da0016683a4/0_384_5760_3456/master/5760.jpg?width=445&dpr=1&s=none&crop=none,../Scripts/output/guardian/guardian_images/guardian_2016-12-30_guardian_4ca3baa1ac_img04.jpg,‘I dream of a city where all women could walk without fear.’ Photograph: Hassan Ammar/AP,,1,graph,2,photo|photograph,0,likely_visualization
guardian_79f5e903c7,The Guardian,2016,"""climate change""",A year-end plea: don't let politics overshadow life's splendor,https://www.theguardian.com/commentisfree/2016/dec/30/2016-2017-plea-enjoy-life,2016-12-30,2021-01-07,1,https://i.guim.co.uk/img/media/57acd5eb5ed404c737dedbbaf7045e6b5113d773/0_245_3264_1958/master/3264.jpg?width=465&dpr=1&s=none&crop=none,../Scripts/output/guardian/guardian_images/guardian_2016-12-30_guardian_79f5e903c7_img01.jpg,‘We can’t let four-year chunks of time over determine our emotions and gloss over the gift of our very own lives.’ Photograph: Jon Bozak / Barcroft Images,,1,graph,2,photo|photograph,0,likely_visualization
guardian_97526ca218,The Guardian,2016,"""climate change""",The year's top development stories: 2016 in review,https://www.theguardian.com/global-development/2016/dec/30/the-years-top-development-stories-2016-in-review,2016-12-30,2022-10-19,2,https://i.guim.co.uk/img/media/872da5d07199c9947c669b5327ae6d49bc51974a/0_0_2500_1667/master/2500.jpg?width=445&dpr=1&s=none&crop=none,../Scripts/output/guardian/guardian_images/guardian_2016-12-30_guardian_97526ca218_img02.jpg,"Ellen Phiri, 23, maternity bag contents: torch, black plastic sheet, razor blade, string, 200 Malawian kwacha note and three large sarongs. Simulemba Health Centre, Malawi, 2015. Photograph: Jenny Lewis/WaterAid",,1,graph,2,photo|photograph,0,likely_visualization
guardian_97526ca218,The Guardian,2016,"""climate change""",The year's top development stories: 2016 in review,https://www.theguardian.com/global-development/2016/dec/30/the-years-top-development-stories-2016-in-review,2016-12-30,2022-10-19,3,https://i.guim.co.uk/img/media/0fe9d707d99b59239cae18972f3142895636a979/0_0_5184_3456/master/5184.jpg?width=445&dpr=1&s=none&crop=none,../Scripts/output/guardian/guardian_images/guardian_2016-12-30_guardian_97526ca218_img03.jpg,Paula and her son sit in a sexual violence refuge in the Papua New Guinean city of Lae. She escaped with her two children from her violent husband after he repeatedly attacked her with a machete. Photograph: Helen Davidson,,1,graph,2,photo|photograph,0,likely_visualization
guardian_97526ca218,The Guardian,2016,"""climate change""",The year's top development stories: 2016 in review,https://www.theguardian.com/global-development/2016/dec/30/the-years-top-development-stories-2016-in-review,2016-12-30,2022-10-19,6,https://i.guim.co.uk/img/media/e4fabd453053628253059da28746a02046fd1596/0_0_3500_2333/master/3500.jpg?width=445&dpr=1&s=none&crop=none,../Scripts/output/guardian/guardian_images/guardian_2016-12-30_guardian_97526ca218_img06.jpg,"Charlize Theron with young participants of one of her project’s grantees, WhizzKids United, which helps young people gain self-confidence through football. Photograph: Leigh Page",,1,graph,2,photo|photograph,0,likely_visualization
guardian_97526ca218,The Guardian,2016,"""climate change""",The year's top development stories: 2016 in review,https://www.theguardian.com/global-development/2016/dec/30/the-years-top-development-stories-2016-in-review,2016-12-30,2022-10-19,7,https://i.guim.co.uk/img/media/eacb6236e69fe9193d06773d8b0591b7a6cf3513/0_0_5457_3412/master/5457.jpg?width=445&dpr=1&s=none&crop=none,../Scripts/output/guardian/guardian_images/guardian_2016-12-30_guardian_97526ca218_img07.jpg,"Women feed their malnourished children at a centre run by Médecins Sans Frontières in Maiduguri, in northern Nigeria. Photograph: Sunday Alamba/AP",,1,graph,2,photo|photograph,0,likely_visualization
guardian_97526ca218,The Guardian,2016,"""climate change""",The year's top development stories: 2016 in review,https://www.theguardian.com/global-development/2016/dec/30/the-years-top-development-stories-2016-in-review,2016-12-30,2022-10-19,8,https://i.guim.co.uk/img/media/8a81657f31ec272ef822ce537a3c2821700d0677/0_0_5760_3840/master/5760.jpg?width=445&dpr=1&s=none&crop=none,../Scripts/output/guardian/guardian_images/guardian_2016-12-30_guardian_97526ca218_img08.jpg,Afghan women and their children who have just returned from Pakistan are shown how to spot a landmine at a UNHCR reception centre on the outskirts of Kabul. Photograph: Kate Holt/The Guardian,,1,graph,2,photo|photograph,0,likely_visualization
guardian_b82350d0da,The Guardian,2016,"""climate change""",Anti-fracking protesters to see in new year at Yorkshire site,https://www.theguardian.com/environment/2016/dec/30/anti-fracking-protesters-kirby-misperton-yorkshire-third-energy,2016-12-30,2018-02-14,1,https://i.guim.co.uk/img/media/8dccf3e85d9703e7912df994be2322182deaab1a/0_99_3500_2101/master/3500.jpg?width=465&dpr=1&s=none&crop=none,../Scripts/output/guardian/guardian_images/guardian_2016-12-30_guardian_b82350d0da_img01.jpg,The protestors moved to the private farmland just before Christmas after the high court rejected a legal move to stop fracking plans in Kirby Misperton. Photograph: Danny Lawson/PA,,1,graph,2,photo|photograph,0,likely_visualization
guardian_c72206285d,The Guardian,2016,"""climate change""",A good year for Xi Jinping – but trouble is heading his way,https://www.theguardian.com/world/2016/dec/30/chinese-president-xi-jinping-challenges-half-way-point-tenure,2016-12-30,2017-11-28,1,https://i.guim.co.uk/img/media/18bd938bc82f4ffdc9b6f3df5b90c2b2b671e1ca/0_262_3500_2099/master/3500.jpg?width=465&dpr=1&s=none&crop=none,../Scripts/output/guardian/guardian_images/guardian_2016-12-30_guardian_c72206285d_img01.jpg,The Chinese People Political Consultative Conference in Beijing in March. Photograph: UPI / Barcroft Media,,1,graph,2,photo|photograph,0,likely_visualization
guardian_cdb564d9cc,The Guardian,2016,"""climate change""","If you think a progressive alliance will save us, better think again",https://www.theguardian.com/commentisfree/2016/dec/30/progressive-alliance-labour-tories,2016-12-30,2017-11-28,2,https://i.guim.co.uk/img/media/fd5df351b2e8f6976bb1a66371f721af97daa21c/0_243_4256_2554/master/4256.jpg?width=445&dpr=1&s=none&crop=none,../Scripts/output/guardian/guardian_images/guardian_2016-12-30_guardian_cdb564d9cc_img02.jpg,"‘Copeland, a seat dominated by the Sellafield plant, may prove a tough nut for the Tories to crack.’ Photograph: Owen Humphreys/PA",,1,graph,2,photo|photograph,0,likely_visualization
guardian_d51c24d81c,The Guardian,2016,"""climate change""",Our favourite global development stories of 2016,https://www.theguardian.com/global-development-professionals-network/2016/dec/30/favourite-global-development-stories-2016,2016-12-30,2025-02-07,2,https://i.guim.co.uk/img/media/408ca136864c19b3d89053ed234446834a19d39f/0_0_1664_928/master/1664.png?width=445&dpr=1&s=none&crop=none,../Scripts/output/guardian/guardian_images/guardian_2016-12-30_guardian_d51c24d81c_img02.png,Disability rights around the world from 1944 to the present day. Photograph: Guardian,,1,graph,2,photo|photograph,0,likely_visualization
guardian_d51c24d81c,The Guardian,2016,"""climate change""",Our favourite global development stories of 2016,https://www.theguardian.com/global-development-professionals-network/2016/dec/30/favourite-global-development-stories-2016,2016-12-30,2025-02-07,3,https://i.guim.co.uk/img/media/376ed975ad3b9d40b876bfab3adaaa7197a6b2b8/0_0_1200_720/master/1200.jpg?width=445&dpr=1&s=none&crop=none,../Scripts/output/guardian/guardian_images/guardian_2016-12-30_guardian_d51c24d81c_img03.jpg,Syrian artist Mahmoud Hariri creates a model of Palmyra using clay and wooden kebab skewers. Photograph: Christopher Herwig/UNHCR,,1,graph,2,photo|photograph,0,likely_visualization
guardian_d51c24d81c,The Guardian,2016,"""climate change""",Our favourite global development stories of 2016,https://www.theguardian.com/global-development-professionals-network/2016/dec/30/favourite-global-development-stories-2016,2016-12-30,2025-02-07,5,https://i.guim.co.uk/img/media/a1403dd6f85a8f4f705eabfbd33d2d9541fb17fa/0_201_4933_2960/master/4933.jpg?width=445&dpr=1&s=none&crop=none,../Scripts/output/guardian/guardian_images/guardian_2016-12-30_guardian_d51c24d81c_img05.jpg,"‘Aid agencies are all about empowering the communities they serve, but overlook equal treatment of staff in their own organisations.’ Photograph: Alamy",,1,graph,2,photo|photograph,0,likely_visualization
guardian_d51c24d81c,The Guardian,2016,"""climate change""",Our favourite global development stories of 2016,https://www.theguardian.com/global-development-professionals-network/2016/dec/30/favourite-global-development-stories-2016,2016-12-30,2025-02-07,6,https://i.guim.co.uk/img/media/1197d6291bd8c58c03f3b9c84112a4da8f5df794/76_0_1732_1040/master/1732.png?width=445&dpr=1&s=none&crop=none,../Scripts/output/guardian/guardian_images/guardian_2016-12-30_guardian_d51c24d81c_img06.png,A girl s view of the 17 sustainable development goals - in pictures Photograph: Guardian,,1,graph,2,photo|photograph,0,likely_visualization
guardian_d51c24d81c,The Guardian,2016,"""climate change""",Our favourite global development stories of 2016,https://www.theguardian.com/global-development-professionals-network/2016/dec/30/favourite-global-development-stories-2016,2016-12-30,2025-02-07,7,https://i.guim.co.uk/img/media/773bc4dc24930b98b0cc93d820d832c4120a83ba/0_0_1500_900/master/1500.jpg?width=445&dpr=1&s=none&crop=none,../Scripts/output/guardian/guardian_images/guardian_2016-12-30_guardian_d51c24d81c_img07.jpg,A pilot’s view of Bangladesh – in pictures Photograph: Shamim Shorif Susom,,1,graph,2,photo|photograph,0,likely_visualization
guardian_d51c24d81c,The Guardian,2016,"""climate change""",Our favourite global development stories of 2016,https://www.theguardian.com/global-development-professionals-network/2016/dec/30/favourite-global-development-stories-2016,2016-12-30,2025-02-07,8,https://i.guim.co.uk/img/media/46b4c71abbbae3c1e747e82eba3fc603bf9fc5c0/0_0_1760_2199/master/1760.jpg?width=445&dpr=1&s=none&crop=none,../Scripts/output/guardian/guardian_images/guardian_2016-12-30_guardian_d51c24d81c_img08.jpg,The Ghanaian villages destroyed by climate change – in pictures Photograph: Nyani Quarmyne/Panos Pictures,,1,graph,2,photo|photograph,0,likely_visualization
guardian_f8594375a4,The Guardian,2016,"""climate change""",Teddies and teargas canisters: what remained in the Calais camp,https://www.theguardian.com/world/2016/dec/30/teddies-tear-gas-canisters-what-remained-calais-camp,2016-12-30,2020-03-26,1,https://i.guim.co.uk/img/media/b9a07b73a2878bfd285b3b9dc097debf49698efb/346_611_5263_6390/master/5263.jpg?width=465&dpr=1&s=none&crop=none,../Scripts/output/guardian/guardian_images/guardian_2016-12-30_guardian_f8594375a4_img01.jpg,Gideon Mendel found the teddy bear on 27 October. Photograph: Gideon Mendel,,1,graph,2,photo|photograph,0,likely_visualization
guardian_f8594375a4,The Guardian,2016,"""climate change""",Teddies and teargas canisters: what remained in the Calais camp,https://www.theguardian.com/world/2016/dec/30/teddies-tear-gas-canisters-what-remained-calais-camp,2016-12-30,2020-03-26,2,https://i.guim.co.uk/img/media/3aa934584a6431c909a6b213793d6cb61753c18a/0_0_6379_7974/master/6379.jpg?width=445&dpr=1&s=none&crop=none,../Scripts/output/guardian/guardian_images/guardian_2016-12-30_guardian_f8594375a4_img02.jpg,Empty teargas canisters remade into hanging plant pots. Photograph: Gideon Mendel,,1,graph,2,photo|photograph,0,likely_visualization
guardian_f8594375a4,The Guardian,2016,"""climate change""",Teddies and teargas canisters: what remained in the Calais camp,https://www.theguardian.com/world/2016/dec/30/teddies-tear-gas-canisters-what-remained-calais-camp,2016-12-30,2020-03-26,3,https://i.guim.co.uk/img/media/29370a1c15d4588c21311ba39e785d11cd1c8fe8/38_37_1487_1205/master/1487.jpg?width=445&dpr=1&s=none&crop=none,../Scripts/output/guardian/guardian_images/guardian_2016-12-30_guardian_f8594375a4_img03.jpg,"Assorted toys and clothing collected between May and October this year. With no electricity in the camp, many possessions were accidentally burned. Photograph: Gideon Mendel",,1,graph,2,photo|photograph,0,likely_visualization
guardian_f8594375a4,The Guardian,2016,"""climate change""",Teddies and teargas canisters: what remained in the Calais camp,https://www.theguardian.com/world/2016/dec/30/teddies-tear-gas-canisters-what-remained-calais-camp,2016-12-30,2020-03-26,4,https://i.guim.co.uk/img/media/e2097ddb901b865ac50774041cec6182b80a59ef/0_0_7517_6014/master/7517.jpg?width=445&dpr=1&s=none&crop=none,../Scripts/output/guardian/guardian_images/guardian_2016-12-30_guardian_f8594375a4_img04.jpg,Gideon Mendel lined up footwear abandoned or lost by child refugees. Photograph: Gideon Mendel,,1,graph,2,photo|photograph,0,likely_visualization
guardian_f8594375a4,The Guardian,2016,"""climate change""",Teddies and teargas canisters: what remained in the Calais camp,https://www.theguardian.com/world/2016/dec/30/teddies-tear-gas-canisters-what-remained-calais-camp,2016-12-30,2020-03-26,5,https://i.guim.co.uk/img/media/af4f6d17b616dd5813296f3540542e3d422fd8d3/0_762_6473_6421/master/6473.jpg?width=445&dpr=1&s=none&crop=none,../Scripts/output/guardian/guardian_images/guardian_2016-12-30_guardian_f8594375a4_img05.jpg,A doll’s head found in the Calais mud. Photograph: Gideon Mendel,,1,graph,2,photo|photograph,0,likely_visualization
guardian_f8594375a4,The Guardian,2016,"""climate change""",Teddies and teargas canisters: what remained in the Calais camp,https://www.theguardian.com/world/2016/dec/30/teddies-tear-gas-canisters-what-remained-calais-camp,2016-12-30,2020-03-26,6,https://i.guim.co.uk/img/media/a1c0f758f54a8c98607023f610a2c260c989e227/0_0_8415_6732/master/8415.jpg?width=445&dpr=1&s=none&crop=none,../Scripts/output/guardian/guardian_images/guardian_2016-12-30_guardian_f8594375a4_img06.jpg,"‘There was such chaos, I had an instinct to make things as organised and neat as I could’: a shot of 83 toothbrushes found in the Calais mud. Photograph: Gideon Mendel",,1,graph,2,photo|photograph,0,likely_visualization
guardian_f8594375a4,The Guardian,2016,"""climate change""",Teddies and teargas canisters: what remained in the Calais camp,https://www.theguardian.com/world/2016/dec/30/teddies-tear-gas-canisters-what-remained-calais-camp,2016-12-30,2020-03-26,7,https://i.guim.co.uk/img/media/151f74dd82c2bad9ee902c47f1fceb95a8622b7b/0_0_7756_6205/master/7756.jpg?width=445&dpr=1&s=none&crop=none,../Scripts/output/guardian/guardian_images/guardian_2016-12-30_guardian_f8594375a4_img07.jpg,"Pages from children’s books, including The Tiger Who Came To Tea by Judith Kerr. Photograph: Gideon Mendel",,1,graph,2,photo|photograph,0,likely_visualization
guardian_f8594375a4,The Guardian,2016,"""climate change""",Teddies and teargas canisters: what remained in the Calais camp,https://www.theguardian.com/world/2016/dec/30/teddies-tear-gas-canisters-what-remained-calais-camp,2016-12-30,2020-03-26,8,https://i.guim.co.uk/img/media/30350ad9479ca0593f0bbf7742404e4aa8d0bc1d/0_0_2917_2386/master/2917.jpg?width=445&dpr=1&s=none&crop=none,../Scripts/output/guardian/guardian_images/guardian_2016-12-30_guardian_f8594375a4_img08.jpg,"While scouring the site, Gideon Mendel found spent shotgun shells, predating its use as a refugee camp. Photograph: Gideon Mendel",,1,graph,2,photo|photograph,0,likely_visualization
guardian_2425338bef,The Guardian,2016,"""climate change""",Conservationist Terry Tempest Williams puts herself on frontline of climate fight,https://www.theguardian.com/environment/2016/dec/31/terry-tempest-williams-books-conservationist-public-lands-fight,2016-12-31,2017-01-11,1,https://i.guim.co.uk/img/media/9c2be2553a599861609dfb0f13b70349ebc0149a/0_90_3008_1805/master/3008.jpg?width=465&dpr=1&s=none&crop=none,../Scripts/output/guardian/guardian_images/guardian_2016-12-31_guardian_2425338bef_img01.jpg,"This year, Terry Tempest Williams both authored a book about the importance of public land and attempted to save some of it by buying oil and gas leases through the Bureau of Land Management Photograph: Debra Anderson",,1,graph,2,photo|photograph,0,likely_visualization
guardian_2425338bef,The Guardian,2016,"""climate change""",Conservationist Terry Tempest Williams puts herself on frontline of climate fight,https://www.theguardian.com/environment/2016/dec/31/terry-tempest-williams-books-conservationist-public-lands-fight,2016-12-31,2017-01-11,2,https://i.guim.co.uk/img/media/2cb367e6ae8e01ba38723f9d098f27de6b6b054d/0_0_3872_2592/master/3872.jpg?width=445&dpr=1&s=none&crop=none,../Scripts/output/guardian/guardian_images/guardian_2016-12-31_guardian_2425338bef_img02.jpg,Blue Whale at the American Museum of Natural History Photograph: Breakyunit,,1,graph,2,photo|photograph,0,likely_visualization
guardian_2425338bef,The Guardian,2016,"""climate change""",Conservationist Terry Tempest Williams puts herself on frontline of climate fight,https://www.theguardian.com/environment/2016/dec/31/terry-tempest-williams-books-conservationist-public-lands-fight,2016-12-31,2017-01-11,3,https://i.guim.co.uk/img/media/d71769949a52915113981e182a2af6ced983dd4b/0_0_2048_1357/master/2048.jpg?width=445&dpr=1&s=none&crop=none,../Scripts/output/guardian/guardian_images/guardian_2016-12-31_guardian_2425338bef_img03.jpg,The Hall of North American Mammals Photograph: edwardhblake,,1,graph,2,photo|photograph,0,likely_visualization
guardian_df378bb82a,The Guardian,2016,"""climate change""",Displaced: faces of some of the world’s 63 million people fleeing disaster,https://www.theguardian.com/world/2016/dec/31/far-from-home-60-million-people-displaced-un-war-climate-change-terrorism,2016-12-31,2018-04-14,1,https://i.guim.co.uk/img/media/653417dc9dc3be8274e9454d89d2717c72354698/0_0_5760_3840/master/5760.jpg?width=465&dpr=1&s=none&crop=none,../Scripts/output/guardian/guardian_images/guardian_2016-12-31_guardian_df378bb82a_img01.jpg,"Mike and Alice from Killerton, Papua New Guinea. They had to move their house – by sawing it in half – when it was threatened by flooding in 2007. Photograph: Muse Mohammed/IOM",,1,graph,2,photo|photograph,0,likely_visualization
guardian_df378bb82a,The Guardian,2016,"""climate change""",Displaced: faces of some of the world’s 63 million people fleeing disaster,https://www.theguardian.com/world/2016/dec/31/far-from-home-60-million-people-displaced-un-war-climate-change-terrorism,2016-12-31,2018-04-14,2,https://i.guim.co.uk/img/media/1b214542a028890c5630c6da5bc0c750935a9ea7/0_191_5760_3649/master/5760.jpg?width=445&dpr=1&s=none&crop=none,../Scripts/output/guardian/guardian_images/guardian_2016-12-31_guardian_df378bb82a_img02.jpg,"A woman and her child pose in front of their house made of cardboard in the Farm Centre Internally Displaced Persons camp in Maiduguri, Nigeria. Photograph: Muse Mohammed/IOM",,1,graph,2,photo|photograph,0,likely_visualization
guardian_df378bb82a,The Guardian,2016,"""climate change""",Displaced: faces of some of the world’s 63 million people fleeing disaster,https://www.theguardian.com/world/2016/dec/31/far-from-home-60-million-people-displaced-un-war-climate-change-terrorism,2016-12-31,2018-04-14,4,https://i.guim.co.uk/img/media/0621e48a24674aa1d6cc3bf75ef71e2ee1731b21/0_0_5535_3690/master/5535.jpg?width=445&dpr=1&s=none&crop=none,../Scripts/output/guardian/guardian_images/guardian_2016-12-31_guardian_df378bb82a_img04.jpg,Tin and Naing win live on a small boat which they travel throughout the Delta region in Myanmar. Photograph: Muse Mohammed/IOM,,1,graph,2,photo|photograph,0,likely_visualization
guardian_df378bb82a,The Guardian,2016,"""climate change""",Displaced: faces of some of the world’s 63 million people fleeing disaster,https://www.theguardian.com/world/2016/dec/31/far-from-home-60-million-people-displaced-un-war-climate-change-terrorism,2016-12-31,2018-04-14,5,https://i.guim.co.uk/img/media/c27848214266bfaedd76bf04c0756c1bbcd39c03/0_0_5321_3548/master/5321.jpg?width=445&dpr=1&s=none&crop=none,../Scripts/output/guardian/guardian_images/guardian_2016-12-31_guardian_df378bb82a_img05.jpg,"Roumkun lives with her daughter and grandchildren in a shelter built by her son in 2005 along an uncompleted railway in Poipet, Cambodia. Photograph: Muse Mohammed/IOM",,1,graph,2,photo|photograph,0,likely_visualization
guardian_df378bb82a,The Guardian,2016,"""climate change""",Displaced: faces of some of the world’s 63 million people fleeing disaster,https://www.theguardian.com/world/2016/dec/31/far-from-home-60-million-people-displaced-un-war-climate-change-terrorism,2016-12-31,2018-04-14,6,https://i.guim.co.uk/img/media/da5109f7b2a8ceafce4245bfb10333012aa72fba/0_0_5760_3840/master/5760.jpg?width=445&dpr=1&s=none&crop=none,../Scripts/output/guardian/guardian_images/guardian_2016-12-31_guardian_df378bb82a_img06.jpg,"Peter Lall lives in a destroyed building in Abyei, a contested territory between Sudan and South Sudan. Photograph: Muse Mohammed/IOM",,1,graph,2,photo|photograph,0,likely_visualization
guardian_df378bb82a,The Guardian,2016,"""climate change""",Displaced: faces of some of the world’s 63 million people fleeing disaster,https://www.theguardian.com/world/2016/dec/31/far-from-home-60-million-people-displaced-un-war-climate-change-terrorism,2016-12-31,2018-04-14,7,https://i.guim.co.uk/img/media/2d747a10c5e2cd794bbfacb8c42ed8ad0036b65e/0_0_5760_3840/master/5760.jpg?width=445&dpr=1&s=none&crop=none,../Scripts/output/guardian/guardian_images/guardian_2016-12-31_guardian_df378bb82a_img07.jpg,"Sarah Nyan Gan Makuei, who fled from a UN protection site in South Sudan. Photograph: Muse Mohammed/IOM",,1,graph,2,photo|photograph,0,likely_visualization
guardian_585a0ba993,The Guardian,2016,"""1.5C""",What does the Paris agreement mean for the world's other 8 million species?,https://www.theguardian.com/environment/radical-conservation/2016/jan/06/-paris-agreement-biodiversity-coral-reefs-forests,2016-01-06,2021-10-29,6,https://i.guim.co.uk/img/media/f70525390754ea02957708bd8fa49533284a8b7f/0_271_5411_3248/master/5411.jpg?width=445&dpr=1&s=none&crop=none,../Scripts/output/guardian/guardian_images/guardian_2016-01-06_guardian_585a0ba993_img06.jpg,The Andean cock-of-the-rock (Rupicola peruviana) male portrait showing typical crest. This species is largely found in cloud forests. Photograph: Andean Cock-of-the-rock/Flip De Nooyer/ Foto Natura / Mi,,1,graph,3,photo|photograph|portrait,0,likely_visualization
guardian_bec6484649,The Guardian,2016,IPCC,"Girl, 12, suffers serious head injuries after being hit by police car",https://www.theguardian.com/uk-news/2016/jan/06/girl-12-serious-head-injuries-hit-police-car-cornwall,2016-01-06,2016-01-07,1,https://i.guim.co.uk/img/media/5aabda93378cb83fe0efa6559c596acc16ff834b/0_103_5604_3362/master/5604.jpg?width=465&dpr=1&s=none&crop=none,../Scripts/output/guardian/guardian_images/guardian_2016-01-06_guardian_bec6484649_img01.jpg,Devon and Cornwall police said the IPCC had been informed after a 12-year-old girl was hit by a police car. Photograph: Christopher Furlong/Getty Images,,1,graph,3,getty|photo|photograph,0,likely_visualization
guardian_a9e64ceb4c,The Guardian,2016,IPCC,Police watchdog launches investigation into handling of Sian Blake murder case,https://www.theguardian.com/uk-news/2016/jan/08/police-watchdog-launches-investigation-into-handling-of-sian-blake-case,2016-01-08,2017-11-29,1,https://i.guim.co.uk/img/media/f79af2031500d905f2dce6f2b8b6f8ae8078e9cf/0_170_3000_1801/master/3000.jpg?width=465&dpr=1&s=none&crop=none,../Scripts/output/guardian/guardian_images/guardian_2016-01-08_guardian_a9e64ceb4c_img01.jpg,"Police search the home of Sian Blake. The IPCC said it would examine the police response, actions and decision-making after the reported concerns of the NSPCC. Photograph: Ben Pruchnie/Getty Images",,1,graph,3,getty|photo|photograph,0,likely_visualization
guardian_acc7262725,The Guardian,2016,IPCC,Ghanaian witnesses describe arrest of Sian Blake murder suspect,https://www.theguardian.com/uk-news/2016/jan/11/arthur-simpson-kent-ghanaian-locals-describe-arrest-of-sian-blake-suspect,2016-01-11,2017-11-29,3,https://i.guim.co.uk/img/media/aa9d698ed79d41d114e46441be8461d2ff9c1886/592_625_1958_1173/master/1958.jpg?width=445&dpr=1&s=none&crop=none,../Scripts/output/guardian/guardian_images/guardian_2016-01-11_guardian_acc7262725_img03.jpg,Arthur Simpson-Kent handcuffed inside Ghana’s CID headquarters in Accra. Photograph: Francis Kokoroko/Reuters,,1,graph,3,photo|photograph|reuters,0,likely_visualization
guardian_2ab8d6d02c,The Guardian,2016,IPCC,NASA study fixes error in low contrarian climate sensitivity estimates,https://www.theguardian.com/environment/climate-consensus-97-per-cent/2016/jan/12/nasa-study-fixes-error-in-low-contrarian-climate-sensitivity-estimates,2016-01-12,2021-08-25,1,https://i.guim.co.uk/img/media/870d02352fceeb74bead25ae0e7f6399f99bfb93/0_0_1920_1152/master/1920.jpg?width=465&dpr=1&s=none&crop=none,../Scripts/output/guardian/guardian_images/guardian_2016-01-12_guardian_2ab8d6d02c_img01.jpg,"Earth seen from the International Space Station, taken by NASA astronaut Gregory Reid Wiseman from the International Space Station on, 02 September 2014. Photograph: NASA/Reid Wiseman/EPA",,1,graph,3,epa|photo|photograph,0,likely_visualization
guardian_1437a9eba9,The Guardian,2016,"""1.5C""",How big cities are finding innovative ways to nudge people to ditch cars,https://www.theguardian.com/sustainable-business/2016/jan/19/emissions-cars-united-nations-transport-public-global-warming,2016-01-19,2021-08-25,1,https://i.guim.co.uk/img/media/4a3825f3a9b9500fe093e7e8b34a0b0f170a671d/0_89_3500_2101/master/3500.jpg?width=465&dpr=1&s=none&crop=none,../Scripts/output/guardian/guardian_images/guardian_2016-01-19_guardian_1437a9eba9_img01.jpg,"A cyclist rides his bicycle during “No Car Day” in Bogota, 2015. The event was organized to encourage residents to use other modes of public transportation to help reduce the amount of pollution. Photograph: Jose Gomez/Reuters",,1,graph,3,photo|photograph|reuters,0,likely_visualization
guardian_86fb6af351,The Guardian,2016,IPCC,"Lord Janner escaped prosecution due to CPS and police failings, report finds",https://www.theguardian.com/uk-news/2016/jan/19/lord-janner-escaped-prosecution-due-to-cps-and-police-failings-report-finds,2016-01-19,2017-11-29,2,https://i.guim.co.uk/img/media/117748381b2942cdff12f17458364ffcf33899d6/0_27_3000_1800/master/3000.jpg?width=445&dpr=1&s=none&crop=none,../Scripts/output/guardian/guardian_images/guardian_2016-01-19_guardian_86fb6af351_img02.jpg,Lord Greville Janner arrives at a house after appearing at Westminster Magistrates’ Court in London. Photograph: Neil Hall/Reuters,,1,graph,3,photo|photograph|reuters,0,likely_visualization
guardian_3fb668ae36,The Guardian,2016,"""net zero""",UN urges business leaders to double investment in green energy by 2020,https://www.theguardian.com/environment/2016/jan/27/un-urges-business-leaders-to-double-investment-in-green-energy-by-2020,2016-01-27,2021-08-25,1,https://i.guim.co.uk/img/media/3ca7a7f44414cf88bb4e7be2ab049f3e7790d7ce/0_233_3500_2099/master/3500.jpg?width=465&dpr=1&s=none&crop=none,../Scripts/output/guardian/guardian_images/guardian_2016-01-27_guardian_3fb668ae36_img01.jpg,Ban Ki-moon said it was time for investors and fund managers to move from ‘aspiration to action’ on climate goals. Photograph: Arnd Wiegmann/Reuters,,1,graph,3,photo|photograph|reuters,0,likely_visualization
guardian_8a49643811,The Guardian,2016,"""global temperature""",We print money to bail out banks. Why can’t we do it to solve climate change?,https://www.theguardian.com/global-development-professionals-network/2016/jan/30/print-money-climate-change-green-bond-quantitative-easing,2016-01-30,2021-08-25,1,https://i.guim.co.uk/img/media/a6ec04943fb1fa964e00fb5567924bc0e2198c02/0_232_3500_2100/master/3500.jpg?width=465&dpr=1&s=none&crop=none,../Scripts/output/guardian/guardian_images/guardian_2016-01-30_guardian_8a49643811_img01.jpg,"‘If the only problem facing climate financing was a lack of credit, it would have been solved a long time ago.’ Photograph: Stephane Mahe/Reuters",,1,graph,3,photo|photograph|reuters,0,likely_visualization
guardian_b8bf0226a0,The Guardian,2016,IPCC,Republicans reject climate change fears despite rebukes from scientists,https://www.theguardian.com/us-news/2016/feb/01/republicans-ted-cruz-marco-rubio-climate-change-scientists,2016-02-01,2021-08-25,1,https://i.guim.co.uk/img/media/cb9df0536fb0087ba1a11f3de91bde48a2083f8a/0_29_3000_1799/master/3000.jpg?width=465&dpr=1&s=none&crop=none,../Scripts/output/guardian/guardian_images/guardian_2016-02-01_guardian_b8bf0226a0_img01.jpg,"A woman walks through a flooded street that was caused by the combination of the lunar orbit which caused seasonal high tides and what many believe is the rising sea levels due to climate change, in September in Miami Beach, Florida. Photograph: Joe Raedle/Getty Images",,1,graph,3,getty|photo|photograph,0,likely_visualization
guardian_b8bf0226a0,The Guardian,2016,IPCC,Republicans reject climate change fears despite rebukes from scientists,https://www.theguardian.com/us-news/2016/feb/01/republicans-ted-cruz-marco-rubio-climate-change-scientists,2016-02-01,2021-08-25,3,https://i.guim.co.uk/img/media/6ae281cf9f42fc57ae923a6addca6f50773e6c76/0_59_4198_2520/master/4198.jpg?width=445&dpr=1&s=none&crop=none,../Scripts/output/guardian/guardian_images/guardian_2016-02-01_guardian_b8bf0226a0_img03.jpg,"US secretary of state John Kerry delivers a speech at the World Climate Change Conference 2015, in Paris. Photograph: Stephane Mahe/Reuters",,1,graph,3,photo|photograph|reuters,0,likely_visualization
guardian_bd0b0af60a,The Guardian,2016,IPCC,"After climate cuts at CSIRO, who should we ask about global warming impacts on Australia? Netflix?",https://www.theguardian.com/environment/planet-oz/2016/feb/05/after-climate-cuts-at-csiro-who-should-we-ask-about-global-warming-impacts-on-australia-netflix,2016-02-05,2021-08-25,1,https://i.guim.co.uk/img/media/dfcbe70f8914c964f5bf1fc991cfbbf50efab78e/3_0_1977_1186/master/1977.jpg?width=465&dpr=1&s=none&crop=none,../Scripts/output/guardian/guardian_images/guardian_2016-02-05_guardian_bd0b0af60a_img01.jpg,A sign marks the entrance to CSIRO headquarters in Canberra. Photograph: Bloomberg/Bloomberg via Getty Images,,1,graph,3,getty|photo|photograph,0,likely_visualization
guardian_4a8fcaa1b6,The Guardian,2016,"""global temperature""",Republican candidates race to catch Trump as 2016 race heats up – as it happened,https://www.theguardian.com/us-news/live/2016/feb/11/2016-us-presidential-election-south-carolina-primary-trump-sanders-clinton-kasich-bush-cruz-rubio,2016-02-11,2020-02-26,2,https://i.guim.co.uk/img/media/955f3ca503265e9ca9697c97acc93b23b8ce16f3/0_68_3500_2101/master/3500.jpg?width=465&dpr=1&s=none&crop=none,../Scripts/output/guardian/guardian_images/guardian_2016-02-11_guardian_4a8fcaa1b6_img02.jpg,"Donald Trump makes a face as he and his wife Melania and members of their family leave the stage at his caucus night rally in Des Moines, Iowa. Photograph: Scott Morgan/Reuters",,1,graph,3,photo|photograph|reuters,0,likely_visualization
guardian_4a8fcaa1b6,The Guardian,2016,"""global temperature""",Republican candidates race to catch Trump as 2016 race heats up – as it happened,https://www.theguardian.com/us-news/live/2016/feb/11/2016-us-presidential-election-south-carolina-primary-trump-sanders-clinton-kasich-bush-cruz-rubio,2016-02-11,2020-02-26,4,https://i.guim.co.uk/img/media/3388a017ada515a65cbd835b06f0ccb8e122309d/0_0_3216_2241/master/3216.jpg?width=465&dpr=1&s=none&crop=none,../Scripts/output/guardian/guardian_images/guardian_2016-02-11_guardian_4a8fcaa1b6_img04.jpg,"Then-president George W. Bush is introduced by his brother, then-governor Jeb, at a fundraiser in Orlando in 2006. Photograph: Jason Reed/Reuters",,1,graph,3,photo|photograph|reuters,0,likely_visualization
guardian_4a8fcaa1b6,The Guardian,2016,"""global temperature""",Republican candidates race to catch Trump as 2016 race heats up – as it happened,https://www.theguardian.com/us-news/live/2016/feb/11/2016-us-presidential-election-south-carolina-primary-trump-sanders-clinton-kasich-bush-cruz-rubio,2016-02-11,2020-02-26,6,https://i.guim.co.uk/img/media/bd93b437f622fe2bef2ef981a119c3acfd1c48f2/0_0_3500_2333/master/3500.jpg?width=465&dpr=1&s=none&crop=none,../Scripts/output/guardian/guardian_images/guardian_2016-02-11_guardian_4a8fcaa1b6_img06.jpg,"Donald Trump poses with Miss Connecticut Erin Brady at a news conference after she was crowned Miss USA 2013 in Las Vegas, Nevada. Photograph: Steve Marcus/Reuters",,1,graph,3,photo|photograph|reuters,0,likely_visualization
guardian_34e9ac8f61,The Guardian,2016,"""net zero""","Climate risks could wreak havoc on financial markets, EU watchdog warns",https://www.theguardian.com/global-development/2016/feb/12/climate-risks-could-wreak-havoc-on-financial-markets-eu-watchdog-warns,2016-02-12,2021-08-25,1,https://i.guim.co.uk/img/media/6c40d3b141d21a46e06cb7bad0dc70a7e3a04234/0_260_4095_2457/master/4095.jpg?width=465&dpr=1&s=none&crop=none,../Scripts/output/guardian/guardian_images/guardian_2016-02-12_guardian_34e9ac8f61_img01.jpg,"If fossil fuels aren’t taken offline in time, a sudden switch to clean energy would trigger a collapse on the stock markets and trigger a global economic crisis. Photograph: Franck Robichon/EPA",,1,graph,3,epa|photo|photograph,0,likely_visualization
guardian_9f2069f760,The Guardian,2016,"""1.5C""",Donald Trump warned against scrapping Paris climate deal,https://www.theguardian.com/environment/2016/feb/16/todd-stern-warns-republicans-against-scrapping-paris-climate-deal,2016-02-16,2021-08-25,1,https://i.guim.co.uk/img/media/9238bcd961b3905cfe847013d0e5d9339932259b/0_185_2800_1681/master/2800.jpg?width=465&dpr=1&s=none&crop=none,../Scripts/output/guardian/guardian_images/guardian_2016-02-16_guardian_9f2069f760_img01.jpg,Todd Stern also said that a recent supreme court decision to block Obama’s clean power plan would not affect US climate pledges. Photograph: Alex Cruz/EPA,,1,graph,3,epa|photo|photograph,0,likely_visualization
guardian_17e6cd87e9,The Guardian,2016,"""carbon budget""",Science will help push companies towards a low-carbon future,https://www.theguardian.com/sustainable-business/2016/feb/23/ghg-emissions-paris-cop21-business-climate-change-low-carbon-targets-epa,2016-02-23,2021-08-25,1,https://i.guim.co.uk/img/media/4ea56905c7e1baf6c024b66ab1350145f9eb2f09/0_343_5184_3113/master/5184.jpg?width=465&dpr=1&s=none&crop=none,../Scripts/output/guardian/guardian_images/guardian_2016-02-23_guardian_17e6cd87e9_img01.jpg,"As cities around the world strategize about how to respond to climate change, it’s time for companies to join in the fight and set realistic, science-based targets for curbing greenhouse gas emissions. Photograph: Joe Raedle/Getty Images",,1,graph,3,getty|photo|photograph,0,likely_visualization
guardian_183f709a7f,The Guardian,2016,"""carbon budget""",Fossil fuel use must fall twice as fast as thought to contain global warming - study,https://www.theguardian.com/environment/2016/feb/25/fossil-fuel-use-must-fall-twice-fast-thought-contain-global-warming,2016-02-25,2021-08-25,1,https://i.guim.co.uk/img/media/07c40b9201af81e986f28808562839d8d44d6e46/0_247_5760_3454/master/5760.jpg?width=465&dpr=1&s=none&crop=none,../Scripts/output/guardian/guardian_images/guardian_2016-02-25_guardian_183f709a7f_img01.jpg,"Smoke billows from a coal fired power plant in Shanxi, China. Photograph: Kevin Frayer/Getty Images",,1,graph,3,getty|photo|photograph,0,likely_visualization
guardian_9e6824c0ee,The Guardian,2016,"""net zero""",EU set to emit 2bn tonnes more CO2 than Paris climate pledge,https://www.theguardian.com/environment/2016/feb/29/eu-set-to-emit-2bn-tonnes-more-co2-than-paris-climate-pledge,2016-02-29,2021-08-25,1,https://i.guim.co.uk/img/media/ed1aa4815a78f198468381ba6829501dcc2eed21/0_14_6838_4103/master/6838.jpg?width=465&dpr=1&s=none&crop=none,../Scripts/output/guardian/guardian_images/guardian_2016-02-29_guardian_9e6824c0ee_img01.jpg,"Steam rises from cooling towers at the RWE Niederaussem coal-fired power plant near Bergheim, Germany. Current EU proposals are ‘not consistent with what was agreed in Paris’. Photograph: Volker Hartmann/Getty Images",,1,graph,3,getty|photo|photograph,0,likely_visualization
guardian_3f07fe8008,The Guardian,2016,"""1.5C""","China's carbon emissions may have peaked already, says Lord Stern",https://www.theguardian.com/environment/2016/mar/07/chinas-carbon-emissions-may-have-peaked-already-says-lord-stern,2016-03-07,2021-08-25,1,https://i.guim.co.uk/img/media/a60bf4c9702707616360a8f748535f98273c7348/0_0_2769_1661/master/2769.jpg?width=465&dpr=1&s=none&crop=none,../Scripts/output/guardian/guardian_images/guardian_2016-03-07_guardian_3f07fe8008_img01.jpg,"Workers at a windfarm in Guazhou, China. The country’s emissions have fallen as renewable energy has increased and coal use has fallen. Photograph: Carlos Barria/Reuters",,1,graph,3,photo|photograph|reuters,0,likely_visualization
guardian_3f07fe8008,The Guardian,2016,"""1.5C""","China's carbon emissions may have peaked already, says Lord Stern",https://www.theguardian.com/environment/2016/mar/07/chinas-carbon-emissions-may-have-peaked-already-says-lord-stern,2016-03-07,2021-08-25,2,https://i.guim.co.uk/img/media/28640b118f55ed07a79597f6c633f982f4a909dd/0_232_3500_2102/master/3500.jpg?width=445&dpr=1&s=none&crop=none,../Scripts/output/guardian/guardian_images/guardian_2016-03-07_guardian_3f07fe8008_img02.jpg,"Coal use in China fell 3.7% in 2015, following 2.9% drop in 2014, according to government statistics. Photograph: Jason Lee/Reuters",,1,graph,3,photo|photograph|reuters,0,likely_visualization
guardian_d631248eb9,The Guardian,2016,"""1.5C""",Dangerous global warming will happen sooner than thought – study,https://www.theguardian.com/environment/2016/mar/10/dangerous-global-warming-will-happen-sooner-than-thought-study,2016-03-09,2021-08-25,1,https://i.guim.co.uk/img/media/c8b8d3e6a6d03cdf7187869a5d8084f2e6a21fe0/0_96_5760_3456/master/5760.jpg?width=465&dpr=1&s=none&crop=none,../Scripts/output/guardian/guardian_images/guardian_2016-03-09_guardian_d631248eb9_img01.jpg,"Energy use per person was on track to rise sixfold by 2050 across the world, according to researchers from Queensland and Griffith universities Photograph: Kevin Frayer/Getty Images",,1,graph,3,getty|photo|photograph,0,likely_visualization
guardian_fc79aa4410,The Guardian,2016,IPCC,Police pay out to parents of boy murdered after online grooming,https://www.theguardian.com/uk-news/2016/mar/13/parents-of-murdered-boy-get-payout-from-police-for-mishandling-case,2016-03-13,2017-11-29,1,https://i.guim.co.uk/img/media/8aa6b2acc59352c7ad70764c31516cf709785126/0_137_448_269/master/448.jpg?width=465&dpr=1&s=none&crop=none,../Scripts/output/guardian/guardian_images/guardian_2016-03-13_guardian_fc79aa4410_img01.jpg,"Breck Bednar, 14, was murdered by Lewis Daynes, 20, who had groomed him online. Photograph: Handout",,1,graph,3,handout|photo|photograph,0,likely_visualization
guardian_a2daadbde1,The Guardian,2016,"""global temperature""",February breaks global temperature records by 'shocking' amount,https://www.theguardian.com/science/2016/mar/14/february-breaks-global-temperature-records-by-shocking-amount,2016-03-14,2021-08-25,1,https://i.guim.co.uk/img/media/6196dd70713adfe3aa105760d2873ea154c56f3e/0_0_4096_2459/master/4096.jpg?width=465&dpr=1&s=none&crop=none,../Scripts/output/guardian/guardian_images/guardian_2016-03-14_guardian_a2daadbde1_img01.jpg,"Drought-hit land in Thailand. Stefan Rahmstorf, from Germany’s Potsdam Institute of Climate Impact Research, says the global temperatures for February are ‘unprecedented’. Photograph: Rungroj Yongrit/EPA",,1,graph,3,epa|photo|photograph,0,likely_visualization
guardian_bdddba6c59,The Guardian,2016,IPCC,"13 million along US coast could see homes swamped by 2100, study finds",https://www.theguardian.com/environment/2016/mar/14/climate-change-us-coast-homes-2100-great-migration,2016-03-14,2021-08-25,1,https://i.guim.co.uk/img/media/804804f2ab383405162c8b85afe91c104d49018a/0_25_3000_1801/master/3000.jpg?width=465&dpr=1&s=none&crop=none,../Scripts/output/guardian/guardian_images/guardian_2016-03-14_guardian_bdddba6c59_img01.jpg,"A man tries to jump to a shallow spot as he crosses a flooded street in Miami Beach, Florida, in September. Photograph: Joe Raedle/Getty Images",,1,graph,3,getty|photo|photograph,0,likely_visualization
guardian_dacaba6614,The Guardian,2016,"""sea level rise""",Developers don't get it: climate change means we need to retreat from the coast,https://www.theguardian.com/commentisfree/2016/mar/14/developers-dont-get-it-climate-change-need-retreat-coast,2016-03-14,2021-08-25,1,https://i.guim.co.uk/img/media/930f46814d962172a1dfa09a6fe4c45ae6e9b520/0_345_5184_3110/master/5184.jpg?width=465&dpr=1&s=none&crop=none,../Scripts/output/guardian/guardian_images/guardian_2016-03-14_guardian_dacaba6614_img01.jpg,Are developers deluding themselves and others? Photograph: Joe Raedle/Getty Images,,1,graph,3,getty|photo|photograph,0,likely_visualization
guardian_b4f89bb12e,The Guardian,2016,"""carbon budget""",George Osborne will soon be forced to show his hand on climate change,https://www.theguardian.com/environment/2016/mar/17/george-osborne-will-soon-be-forced-to-show-his-hand-on-climate-change,2016-03-17,2021-08-25,1,https://i.guim.co.uk/img/media/e8cef95ee6e851db9abb2289a7e0966976536e58/0_0_2460_1477/master/2460.jpg?width=465&dpr=1&s=none&crop=none,../Scripts/output/guardian/guardian_images/guardian_2016-03-17_guardian_b4f89bb12e_img01.jpg,"Osborne outside number 11 Downing Street before delivering his budget, 16 March. Photograph: Stefan Wermuth/Reuters",,1,graph,3,photo|photograph|reuters,0,likely_visualization
guardian_dfe76a1f88,The Guardian,2016,IPCC,Four arrested in Police Federation fraud inquiry,https://www.theguardian.com/uk-news/2016/mar/18/four-arrested-in-police-federation-inquiry,2016-03-18,2017-11-29,1,https://i.guim.co.uk/img/media/4d7de46d2bb8d03596fe7960f3bb36750c805235/0_213_3500_2100/master/3500.jpg?width=465&dpr=1&s=none&crop=none,../Scripts/output/guardian/guardian_images/guardian_2016-03-18_guardian_dfe76a1f88_img01.jpg,"The Police Federation represents most of the 125,000 officers in England and Wales. Photograph: Oli Scarff/Getty Images",,1,graph,3,getty|photo|photograph,0,likely_visualization
guardian_4aa5b76992,The Guardian,2016,"""1.5C""",Australian Climate Council calls for urgent action as records tumble,https://www.theguardian.com/environment/2016/mar/20/australia-climate-council-urgent-action-temperature-records-summer-march,2016-03-20,2021-08-25,1,https://i.guim.co.uk/img/media/3c0930c4ac509a9c14e99f829006248e773820c2/0_0_2000_1201/master/2000.jpg?width=465&dpr=1&s=none&crop=none,../Scripts/output/guardian/guardian_images/guardian_2016-03-20_guardian_4aa5b76992_img01.jpg,Lake Hume in the Murray Darling Basin. March continued Australia’s record-breaking summer into autumn as temperatures remained high. Photograph: The Washington Post/Washington Post/Getty Images,,1,graph,3,getty|photo|photograph,0,likely_visualization
guardian_4e7caaabe6,The Guardian,2016,"""global temperature""","February was the warmest month in recorded history, climate experts say",https://www.theguardian.com/environment/2016/mar/20/february-was-the-warmest-month-in-recorded-history-climate-experts-say,2016-03-20,2021-08-25,1,https://i.guim.co.uk/img/media/4921e5529fc9d83b3cb90e059f32428bc71abde4/0_60_3000_1798/master/3000.jpg?width=465&dpr=1&s=none&crop=none,../Scripts/output/guardian/guardian_images/guardian_2016-03-20_guardian_4e7caaabe6_img01.jpg,"Indonesia is experiencing an unusually long dry season exacerbated by an El Niño event. Above, a palm oil plantation is burned to the ground in a peatland forest on the outskirts of Palangkaraya, Central Kalimantan. Illegal forest burning causes haze and pollution. Photograph: Ulet Ifansasti/Getty Images",,1,graph,3,getty|photo|photograph,0,likely_visualization
guardian_4e7caaabe6,The Guardian,2016,"""global temperature""","February was the warmest month in recorded history, climate experts say",https://www.theguardian.com/environment/2016/mar/20/february-was-the-warmest-month-in-recorded-history-climate-experts-say,2016-03-20,2021-08-25,4,https://i.guim.co.uk/img/media/37a16c18cc04e56d5129d6fa781e3f9f03392cf8/0_53_3504_2101/master/3504.jpg?width=445&dpr=1&s=none&crop=none,../Scripts/output/guardian/guardian_images/guardian_2016-03-20_guardian_4e7caaabe6_img04.jpg,"Teenagers go ice-hoping on the Chukchi Sea in Shishmaref, Alaska, US. Photograph: Gilles Mingasson/Getty Images",,1,graph,3,getty|photo|photograph,0,likely_visualization
guardian_18ef7b961c,The Guardian,2016,"""global temperature""","Global warming taking place at an 'alarming rate', UN climate body warns",https://www.theguardian.com/environment/2016/mar/21/global-warming-taking-place-at-an-alarming-rate-un-climate-body-warns,2016-03-21,2021-08-25,1,https://i.guim.co.uk/img/media/b86d7b7ece4ed921d8bba44ed93ae185496831a6/0_0_3600_2160/master/3600.jpg?width=465&dpr=1&s=none&crop=none,../Scripts/output/guardian/guardian_images/guardian_2016-03-21_guardian_18ef7b961c_img01.jpg,Skiers thread their way through patches of dry ground at California’s Squaw Valley ski resort. Several Lake Tahoe-area ski resorts have closed due to low snowfall as California’s historic drought continues. Photograph: Max Whittaker/Getty Images,,1,graph,3,getty|photo|photograph,0,likely_visualization
guardian_1b630c2cdd,The Guardian,2016,IPCC,Thomas Orchard trial: jury discharged as judge halts proceedings,https://www.theguardian.com/uk-news/2016/mar/21/thomas-orchard-trial-jury-discharged-judge-halts-proceedings,2016-03-21,2017-11-29,1,https://i.guim.co.uk/img/media/1d67c8f9a165ecad55754ef87ab7f7af34b0810d/0_1209_2478_1487/master/2478.jpg?width=465&dpr=1&s=none&crop=none,../Scripts/output/guardian/guardian_images/guardian_2016-03-21_guardian_1b630c2cdd_img01.jpg,"Thomas Orchard died in hospital seven days after being arrested and taken to a police station in Exeter, Devon. Photograph: Family handout/PA",,1,graph,3,handout|photo|photograph,0,likely_visualization
guardian_dd745899ff,The Guardian,2016,"""carbon budget""","Eat less meat to avoid dangerous global warming, scientists say",https://www.theguardian.com/environment/2016/mar/21/eat-less-meat-vegetarianism-dangerous-global-warming,2016-03-21,2021-08-25,1,https://i.guim.co.uk/img/media/17be6a3ef3140c9c18f9661c548609d7ab186dff/0_274_4313_2588/master/4313.jpg?width=465&dpr=1&s=none&crop=none,../Scripts/output/guardian/guardian_images/guardian_2016-03-21_guardian_dd745899ff_img01.jpg,"Livestock-rearing is a major cause of greenhouse gases, in part because of the methane produced by the animals. Photograph: Jeff J Mitchell/Getty Images",,1,graph,3,getty|photo|photograph,0,likely_visualization
guardian_9e9b4e9264,The Guardian,2016,"""sea level rise""",Climate guru James Hansen warns of much worse than expected sea level rise,https://www.theguardian.com/science/2016/mar/22/sea-level-rise-james-hansen-climate-change-scientist,2016-03-22,2021-08-25,1,https://i.guim.co.uk/img/media/cf317bde602e744908654d6379af1c8c7aa9548a/0_0_4852_2910/master/4852.jpg?width=465&dpr=1&s=none&crop=none,../Scripts/output/guardian/guardian_images/guardian_2016-03-22_guardian_9e9b4e9264_img01.jpg,"Arizona Avenue is seen underwater following coastal flooding in Atlantic City, New Jersey, in January. More than 13 million Americans are at risk with a 6ft (1.8-meter) rise in sea level. Photograph: Tom Mihalek/Reuters",,1,graph,3,photo|photograph|reuters,0,likely_visualization
guardian_9e9b4e9264,The Guardian,2016,"""sea level rise""",Climate guru James Hansen warns of much worse than expected sea level rise,https://www.theguardian.com/science/2016/mar/22/sea-level-rise-james-hansen-climate-change-scientist,2016-03-22,2021-08-25,2,https://i.guim.co.uk/img/media/d552197d91fb76cc217f1d8979aa4a9450d92970/0_0_1460_876/master/1460.jpg?width=445&dpr=1&s=none&crop=none,../Scripts/output/guardian/guardian_images/guardian_2016-03-22_guardian_9e9b4e9264_img02.jpg,"James Hansen argues that the effects of melting glaciers, such as this one near Ilulissat, Greenland, could be devastating. Photograph: Joe Raedle/Getty",,1,graph,3,getty|photo|photograph,0,likely_visualization
guardian_1d1a7e0612,The Guardian,2016,IPCC,Rajendra Pachauri speaks out over sexual harassment claims,https://www.theguardian.com/environment/2016/mar/26/rajendra-pachauri-hits-back-harassed-female-colleague-claims,2016-03-26,2021-08-25,2,https://i.guim.co.uk/img/media/f8be66eb2ee7f5727e2386732bc0536c389f1214/0_0_6302_3782/master/6302.jpg?width=445&dpr=1&s=none&crop=none,../Scripts/output/guardian/guardian_images/guardian_2016-03-26_guardian_1d1a7e0612_img02.jpg,A demonstrator protests against Pachauri outside the offices of Teri in New Delhi. Photograph: Hindustan Times via Getty Images,,1,graph,3,getty|photo|photograph,0,likely_visualization
guardian_9d2f658a18,The Guardian,2016,IPCC,Rajendra Pachauri: third woman accuses ex-IPCC chair of sexual advances,https://www.theguardian.com/environment/2016/mar/31/rajendra-pachauri-third-woman-accuses-ex-ipcc-chair-sexual-advances-un,2016-03-31,2021-08-25,1,https://i.guim.co.uk/img/media/8d58ea03b63b848095f2dace3cb036a1ba189095/0_0_2506_1505/master/2506.jpg?width=465&dpr=1&s=none&crop=none,../Scripts/output/guardian/guardian_images/guardian_2016-03-31_guardian_9d2f658a18_img01.jpg,"Rajendra Pachauri, above, denies allegations against him, saying they amounted to a conspiracy. Photograph: Denis Balibouse/Reuters",,1,graph,3,photo|photograph|reuters,0,likely_visualization
guardian_7e2800b382,The Guardian,2016,"""carbon budget""",We must close the loopholes in Britain's carbon budget,https://www.theguardian.com/environment/2016/apr/12/close-the-loopholes-in-britains-carbon-budget-emissions,2016-04-12,2021-08-25,1,https://i.guim.co.uk/img/media/0323aa2bfd727a845465c2b6d064e758648e46ad/0_95_2500_1499/master/2500.jpg?width=465&dpr=1&s=none&crop=none,../Scripts/output/guardian/guardian_images/guardian_2016-04-12_guardian_7e2800b382_img01.jpg,‘Our world-leading carbon budgets have been given feet of clay.’ Photograph: Jon Woo/REUTERS,,1,graph,3,photo|photograph|reuters,0,likely_visualization
guardian_96d4ccc080,The Guardian,2016,"""net zero""",Carbon price needed to avoid economic disruption from Paris climate goals – analysis,https://www.theguardian.com/environment/2016/apr/15/carbon-price-needed-to-avoid-economic-disruption-from-paris-climate-goals-analysis,2016-04-14,2021-08-25,1,https://i.guim.co.uk/img/media/e0a6329a00977a6c53267765db47d4b29aaed046/0_158_2896_1737/master/2896.jpg?width=465&dpr=1&s=none&crop=none,../Scripts/output/guardian/guardian_images/guardian_2016-04-14_guardian_96d4ccc080_img01.jpg,The Climate Institute says whichever party wins government will need to impose some form of relatively low carbon price. Photograph: Carla Gottgens/Bloomberg via Getty Images,,1,graph,3,getty|photo|photograph,0,likely_visualization
guardian_a4f41ba59f,The Guardian,2016,"""sea level rise""",World's scientists to join forces on major 1.5C climate change report,https://www.theguardian.com/environment/2016/apr/14/worlds-scientists-to-join-forces-on-major-15c-climate-change-report,2016-04-14,2021-08-25,1,https://i.guim.co.uk/img/media/289bc9212527b68ced995d0b299eb0e5b4128d15/0_327_4096_2459/master/4096.jpg?width=465&dpr=1&s=none&crop=none,../Scripts/output/guardian/guardian_images/guardian_2016-04-14_guardian_a4f41ba59f_img01.jpg,"1.5C marks the point, say many scientists, where there is a real danger of serious ‘tipping points’ in the world’s climate. Photograph: Alex Hofford/EPA",,1,graph,3,epa|photo|photograph,0,likely_visualization
guardian_57d9adb694,The Guardian,2016,"""1.5C""",US and China lead push to bring Paris climate deal into force early,https://www.theguardian.com/environment/2016/apr/18/us-and-china-lead-push-to-bring-paris-climate-deal-into-force-early,2016-04-18,2021-08-25,1,https://i.guim.co.uk/img/media/9200ae446b56e0edcf5c6a838d762a2031a118b3/0_227_2260_1356/master/2260.jpg?width=465&dpr=1&s=none&crop=none,../Scripts/output/guardian/guardian_images/guardian_2016-04-18_guardian_57d9adb694_img01.jpg,The Paris climate agreement needs to be approved by 55 countries accounting for at least 55% of global greenhouse gas emissions to come into force. Photograph: Mark Wilson/Getty Images,,1,graph,3,getty|photo|photograph,0,likely_visualization
guardian_86ebb646ef,The Guardian,2016,"""1.5C""","'We have lost the science of building cities' – meet Joan Clos, the unofficial world leader for cities",https://www.theguardian.com/cities/2016/apr/18/lost-science-building-cities-joan-clos-un-habitat,2016-04-18,2020-02-03,1,https://i.guim.co.uk/img/media/0ed70cb0a23375f0e3bc0810f8c9aed79de5b85c/57_0_3551_2132/master/3551.jpg?width=465&dpr=1&s=none&crop=none,../Scripts/output/guardian/guardian_images/guardian_2016-04-18_guardian_86ebb646ef_img01.jpg,"Dr Joan Clos, executive director of UN-Habitat: ‘We need to explore how to vocalise the big complexity of cities.’ Photograph: Jeon Heon-Kyun/EPA",,1,graph,3,epa|photo|photograph,0,likely_visualization
guardian_86ebb646ef,The Guardian,2016,"""1.5C""","'We have lost the science of building cities' – meet Joan Clos, the unofficial world leader for cities",https://www.theguardian.com/cities/2016/apr/18/lost-science-building-cities-joan-clos-un-habitat,2016-04-18,2020-02-03,2,https://i.guim.co.uk/img/media/b380cc2d990cf0031d6454aa533f592755bbd84e/0_131_4096_2458/master/4096.jpg?width=445&dpr=1&s=none&crop=none,../Scripts/output/guardian/guardian_images/guardian_2016-04-18_guardian_86ebb646ef_img02.jpg,"Quito’s mayor Mauricio Rodas inspects his earthquake-hit city, which is due to host Habitat III in October. Photograph: Fredy Constante/EPA",,1,graph,3,epa|photo|photograph,0,likely_visualization
guardian_86ebb646ef,The Guardian,2016,"""1.5C""","'We have lost the science of building cities' – meet Joan Clos, the unofficial world leader for cities",https://www.theguardian.com/cities/2016/apr/18/lost-science-building-cities-joan-clos-un-habitat,2016-04-18,2020-02-03,3,https://i.guim.co.uk/img/media/467f23fa06780483f06855fc293b2aa7616efd1d/0_147_2200_1320/master/2200.jpg?width=445&dpr=1&s=none&crop=none,../Scripts/output/guardian/guardian_images/guardian_2016-04-18_guardian_86ebb646ef_img03.jpg,The sprawling Mathare slums in Nairobi: most African cities ‘devote only 10% of their land’ to public and street space. Photograph: Antony Njuguna/Reuters,,1,graph,3,photo|photograph|reuters,0,likely_visualization
guardian_86ebb646ef,The Guardian,2016,"""1.5C""","'We have lost the science of building cities' – meet Joan Clos, the unofficial world leader for cities",https://www.theguardian.com/cities/2016/apr/18/lost-science-building-cities-joan-clos-un-habitat,2016-04-18,2020-02-03,4,https://i.guim.co.uk/img/media/ffeb519afdf55d4c9e8599e445570fb51ae4b191/0_75_2019_1212/master/2019.jpg?width=445&dpr=1&s=none&crop=none,../Scripts/output/guardian/guardian_images/guardian_2016-04-18_guardian_86ebb646ef_img04.jpg,"Joan Clos, then mayor of Barcelona, celebrates his city’s many sporting triumphs in 1999 with, among others, Louis van Gaal. Photograph: Reuters",,1,graph,3,photo|photograph|reuters,0,likely_visualization
guardian_86ebb646ef,The Guardian,2016,"""1.5C""","'We have lost the science of building cities' – meet Joan Clos, the unofficial world leader for cities",https://www.theguardian.com/cities/2016/apr/18/lost-science-building-cities-joan-clos-un-habitat,2016-04-18,2020-02-03,6,https://i.guim.co.uk/img/media/5a8c256b64341a060af6e0021b1955aa01c3f3aa/0_256_2000_1200/master/2000.jpg?width=445&dpr=1&s=none&crop=none,../Scripts/output/guardian/guardian_images/guardian_2016-04-18_guardian_86ebb646ef_img06.jpg,"Former Cuban leader Fidel Castro addresses a plenary session of Habitat II in Istanbul, June 1996. Photograph: Enric Marti/Associated Press",,1,graph,3,associated press|photo|photograph,0,likely_visualization
guardian_aa2a9b5664,The Guardian,2016,IPCC,Modelling shows move to 100% renewable energy would save Australia money,https://www.theguardian.com/environment/2016/apr/19/modelling-shows-move-to-100-renewable-energy-would-save-australia-money,2016-04-18,2018-02-14,1,https://i.guim.co.uk/img/media/88d93ee2d57bf6cb57aaeeea8d81d05cc1165814/0_258_4000_2399/master/4000.jpg?width=465&dpr=1&s=none&crop=none,../Scripts/output/guardian/guardian_images/guardian_2016-04-18_guardian_aa2a9b5664_img01.jpg,Three scenarios in which Australia moves to 100% renewable energy by 2050 show it would save money. Photograph: Carla Gottgens/Bloomberg via Getty Images,,1,graph,3,getty|photo|photograph,0,likely_visualization
guardian_6b4d4e220f,The Guardian,2016,IPCC,Study: humans have caused all the global warming since 1950,https://www.theguardian.com/environment/climate-consensus-97-per-cent/2016/apr/19/study-humans-have-caused-all-the-global-warming-since-1950,2016-04-19,2021-08-25,1,https://i.guim.co.uk/img/media/e57a8fe2070a1636abd626fd9af058e6b26fb5ca/0_59_3000_1801/master/3000.jpg?width=465&dpr=1&s=none&crop=none,../Scripts/output/guardian/guardian_images/guardian_2016-04-19_guardian_6b4d4e220f_img01.jpg,"Steam rises from the cooling towers of the Ferrybridge power station on March 13, 2009 in Ferrybridge, Yorkshire, England. Photograph: Christopher Furlong/Getty Images",,1,graph,3,getty|photo|photograph,0,likely_visualization
guardian_bce8dfd50e,The Guardian,2016,"""sea level rise""",Where is the riskiest place to live?,https://www.theguardian.com/global-development/datablog/2016/apr/25/where-is-the-riskiest-place-to-live-floods-storms,2016-04-25,2022-10-19,1,https://i.guim.co.uk/img/media/476229bf5141723726234876a38a560357a0ed8a/205_1_1701_1021/master/1701.jpg?width=465&dpr=1&s=none&crop=none,../Scripts/output/guardian/guardian_images/guardian_2016-04-25_guardian_bce8dfd50e_img01.jpg,"Cyclones and tropical storms head for landfall in the Pacific Ocean, 11 March 2015. Photograph: National Oceanic and Atmospheric Administration/EPA",,1,graph,3,epa|photo|photograph,0,likely_visualization
guardian_c9801cc19d,The Guardian,2016,"""1.5C""",Paris climate deal: countries with about half of global emissions to join this year,https://www.theguardian.com/environment/2016/apr/25/paris-climate-agreement-environment-climate-change-un,2016-04-25,2021-08-25,1,https://i.guim.co.uk/img/media/b193e19d02c59156c1567f77ef1418de428c94eb/0_0_3000_1800/master/3000.jpg?width=465&dpr=1&s=none&crop=none,../Scripts/output/guardian/guardian_images/guardian_2016-04-25_guardian_c9801cc19d_img01.jpg,US secretary of state John Kerry holds his granddaughter as he signs the Paris climate agreement. Photograph: Spencer Platt/Getty Images,,1,graph,3,getty|photo|photograph,0,likely_visualization
guardian_318545ce28,The Guardian,2016,IPCC,Hillsborough disaster: deadly mistakes and lies that lasted decades,https://www.theguardian.com/football/2016/apr/26/hillsborough-disaster-deadly-mistakes-and-lies-that-lasted-decades,2016-04-26,2019-03-24,1,https://i.guim.co.uk/img/media/3b97c5db1bebcd5676f90d36e512e473444e71a1/0_645_3840_2304/master/3840.jpg?width=445&dpr=1&s=none&crop=none,../Scripts/output/guardian/guardian_images/guardian_2016-04-26_guardian_318545ce28_img01.jpg,David Duckenfield arrives to give evidence in March 2015. Photograph: Dave Thompson/Getty Images,,1,graph,3,getty|photo|photograph,0,likely_visualization
guardian_318545ce28,The Guardian,2016,IPCC,Hillsborough disaster: deadly mistakes and lies that lasted decades,https://www.theguardian.com/football/2016/apr/26/hillsborough-disaster-deadly-mistakes-and-lies-that-lasted-decades,2016-04-26,2019-03-24,5,https://i.guim.co.uk/img/media/a2ee1fffd83b7461d4005ae20c401f1b95d0fdc5/775_636_1986_1191/master/1986.jpg?width=445&dpr=1&s=none&crop=none,../Scripts/output/guardian/guardian_images/guardian_2016-04-26_guardian_318545ce28_img05.jpg,The control room at Hillsborough in 1989. Photograph: Inquest handout,,1,graph,3,handout|photo|photograph,0,likely_visualization
guardian_318545ce28,The Guardian,2016,IPCC,Hillsborough disaster: deadly mistakes and lies that lasted decades,https://www.theguardian.com/football/2016/apr/26/hillsborough-disaster-deadly-mistakes-and-lies-that-lasted-decades,2016-04-26,2019-03-24,9,https://i.guim.co.uk/img/media/49e2f39c940200fd3ea7fdd0ea23b73fb2c050e5/0_36_2940_1764/master/2940.jpg?width=445&dpr=1&s=none&crop=none,../Scripts/output/guardian/guardian_images/guardian_2016-04-26_guardian_318545ce28_img09.jpg,Injured fans lying on the pitch. Photograph: Bob Thomas/Getty Images,,1,graph,3,getty|photo|photograph,0,likely_visualization
guardian_318545ce28,The Guardian,2016,IPCC,Hillsborough disaster: deadly mistakes and lies that lasted decades,https://www.theguardian.com/football/2016/apr/26/hillsborough-disaster-deadly-mistakes-and-lies-that-lasted-decades,2016-04-26,2019-03-24,13,https://i.guim.co.uk/img/media/ea06d2a0653d5663935948857cae3e7b17445ab0/8_131_693_416/master/693.jpg?width=445&dpr=1&s=none&crop=none,../Scripts/output/guardian/guardian_images/guardian_2016-04-26_guardian_318545ce28_img13.jpg,An image released by the Hillsborough inquest. Photograph: Inquest handout,,1,graph,3,handout|photo|photograph,0,likely_visualization
guardian_410d8b87cc,The Guardian,2016,IPCC,Hillsborough inquests: former police chief could face prosecution,https://www.theguardian.com/uk-news/2016/apr/26/hillsborough-criminal-investigations-to-send-files-to-cps-by-year-end,2016-04-26,2016-04-26,1,https://i.guim.co.uk/img/media/0818594f14ce6b5b8f26c2dfc689eed2673bc433/0_584_2244_1345/master/2244.jpg?width=465&dpr=1&s=none&crop=none,../Scripts/output/guardian/guardian_images/guardian_2016-04-26_guardian_410d8b87cc_img01.jpg,David Duckenfield after giving evidence to the Hillsborough inquest in March 2015. Photograph: Reuters,,1,graph,3,photo|photograph|reuters,0,likely_visualization
guardian_9e16d234ad,The Guardian,2016,IPCC,Inquest ruling on teenager prompts family criticism of care,https://www.theguardian.com/uk-news/2016/apr/29/jack-susianta-boy-17-drowned-fleeing-police-accidental-death-inquest-rules,2016-04-29,2018-01-11,1,https://i.guim.co.uk/img/media/95b543886c7792f15a5e859d9a3fa933685ee4ba/0_115_698_419/master/698.jpg?width=465&dpr=1&s=none&crop=none,../Scripts/output/guardian/guardian_images/guardian_2016-04-29_guardian_9e16d234ad_img01.jpg,Jack Susianta drowned in a London river. Photograph: Handout,,1,graph,3,handout|photo|photograph,0,likely_visualization
guardian_1beddb8eb9,The Guardian,2016,"""1.5C""","Donald Trump's election would derail Paris climate deal, warns its architect",https://www.theguardian.com/environment/2016/may/04/donald-trumps-election-will-derail-paris-climate-deal-warns-its-architect,2016-05-04,2021-08-25,1,https://i.guim.co.uk/img/media/8022253498501dfabd94d864421af4ebdc74d370/0_24_3500_2100/master/3500.jpg?width=465&dpr=1&s=none&crop=none,../Scripts/output/guardian/guardian_images/guardian_2016-05-04_guardian_1beddb8eb9_img01.jpg,Donald Trump is virtually certain to become the Republican presidential candidate. Photograph: Kamil Krzaczynski/Reuters,,1,graph,3,photo|photograph|reuters,0,likely_visualization
guardian_9d361e8af5,The Guardian,2016,"""carbon budget""",Plans for coal-fired power in Asia are 'disaster for planet' warns World Bank,https://www.theguardian.com/environment/2016/may/05/climate-change-coal-power-asia-world-bank-disaster,2016-05-05,2021-08-25,1,https://i.guim.co.uk/img/media/94ce1c4ba17b31013c9e6f82ddafabeb11b07b9b/0_258_3956_2375/master/3956.jpg?width=465&dpr=1&s=none&crop=none,../Scripts/output/guardian/guardian_images/guardian_2016-05-05_guardian_9d361e8af5_img01.jpg,"The World Bank president, Jim Yong Kim, said that new coal-fired power plants ‘would spell disaster for us and our planet’. Photograph: Bloomberg via Getty Images",,1,graph,3,getty|photo|photograph,0,likely_visualization
guardian_f7a0fe711a,The Guardian,2016,IPCC,UK drone strikes 'could leave all those involved facing murder charges',https://www.theguardian.com/politics/2016/may/10/uk-drone-strikes-murder-charges-clarify-legal-basis-targeted-kill-policy-isis,2016-05-09,2021-08-31,2,https://i.guim.co.uk/img/media/fc60448c1a524db0cb5f59665aca767d2704590a/0_116_2441_1464/master/2441.jpg?width=445&dpr=1&s=none&crop=none,../Scripts/output/guardian/guardian_images/guardian_2016-05-09_guardian_f7a0fe711a_img02.jpg,Defence secretary Michael Fallon told the joint committee on human rights drone strikes on suspected terrorists were justified. Photograph: Stefan Wermuth/Reuters,,1,graph,3,photo|photograph|reuters,0,likely_visualization
guardian_0142880172,The Guardian,2016,"""global temperature""","Coal made its best case against climate change, and lost",https://www.theguardian.com/environment/climate-consensus-97-per-cent/2016/may/11/coal-made-its-best-case-against-climate-change-and-lost,2016-05-11,2021-08-25,1,https://i.guim.co.uk/img/media/453490eb8b085550f763b290e4e0b097115cd255/0_119_3500_2099/master/3500.jpg?width=465&dpr=1&s=none&crop=none,../Scripts/output/guardian/guardian_images/guardian_2016-05-11_guardian_0142880172_img01.jpg,"A machine loads dump-body truck with coal at Chernigovsky opencast colliery in Siberia, Russia. Photograph: Ilya Naymushin/Reuters",,1,graph,3,photo|photograph|reuters,0,likely_visualization
guardian_6952bdabc7,The Guardian,2016,"""sea level rise""","Thanks Daily Telegraph, I welcome a debate about the overthrow of capitalism",https://www.theguardian.com/commentisfree/2016/may/12/thanks-daily-telegraph-i-welcome-a-debate-about-the-overthrow-of-capitalism,2016-05-11,2018-03-13,1,https://i.guim.co.uk/img/media/ccf1296e232510e3d054ee3ec205008306242370/0_128_3500_2101/master/3500.jpg?width=465&dpr=1&s=none&crop=none,../Scripts/output/guardian/guardian_images/guardian_2016-05-11_guardian_6952bdabc7_img01.jpg,‘The inequality at the heart of capitalism is also a huge source of conflict and social dislocation.’ Photograph: Lucas Jackson / Reuters/REUTERS,,1,graph,3,photo|photograph|reuters,0,likely_visualization
guardian_9d85602d9b,The Guardian,2016,"""1.5C""",UN climate science chief: it's not too late to avoid dangerous temperature rise,https://www.theguardian.com/environment/2016/may/11/un-climate-change-hoesung-lee-global-warming-interview,2016-05-11,2021-08-25,1,https://i.guim.co.uk/img/media/e48219528612247110c63f9d0599577ccab7ade7/0_54_4096_2458/master/4096.jpg?width=465&dpr=1&s=none&crop=none,../Scripts/output/guardian/guardian_images/guardian_2016-05-11_guardian_9d85602d9b_img01.jpg,Hoesung Lee said the goal of avoiding a 2C increase in global temperatures remained feasible. Photograph: Etienne Laurent/EPA,,1,graph,3,epa|photo|photograph,0,likely_visualization
guardian_9862b4ec1d,The Guardian,2016,IPCC,'No evidence' linking Edward Heath claims to dropped prosecution,https://www.theguardian.com/politics/2016/may/12/no-evidence-edward-heath-dropped-prosecution-police-watchdog,2016-05-12,2018-01-11,1,https://i.guim.co.uk/img/media/4b7280f197009a3da6242628d7cbbfe401701a2d/0_397_1708_1025/master/1708.jpg?width=465&dpr=1&s=none&crop=none,../Scripts/output/guardian/guardian_images/guardian_2016-05-12_guardian_9862b4ec1d_img01.jpg,A separate police inquiry into historical sexual abuse allegations against the late Edward Heath is continuing. Photograph: PA,,1,graph,3,epa|photo|photograph,0,likely_visualization
guardian_ed96954690,The Guardian,2016,"""sea level rise""",How scared or hopeful should we be in a warming world?,https://www.theguardian.com/environment/2016/may/12/how-scared-or-hopeful-should-we-be-in-a-warming-world,2016-05-12,2021-08-25,1,https://i.guim.co.uk/img/media/00e310c1fcbf07bf14bb4991dcb7fa0e47894937/0_117_3500_2101/master/3500.jpg?width=465&dpr=1&s=none&crop=none,../Scripts/output/guardian/guardian_images/guardian_2016-05-12_guardian_ed96954690_img01.jpg,Melting of the Arctic summer sea ice. Photograph: Nasa/Reuters,,1,graph,3,photo|photograph|reuters,0,likely_visualization
guardian_87da7ad37c,The Guardian,2016,IPCC,Former UN climate change chief to face trial for sexual harassment of an employee,https://www.theguardian.com/environment/2016/may/14/un-climate-chief-pachauri-faces-sexual-abuse-trial,2016-05-14,2017-12-02,1,https://i.guim.co.uk/img/media/f8be66eb2ee7f5727e2386732bc0536c389f1214/0_427_6302_3781/master/6302.jpg?width=465&dpr=1&s=none&crop=none,../Scripts/output/guardian/guardian_images/guardian_2016-05-14_guardian_87da7ad37c_img01.jpg,Women’s groups protesting against Rajendra Pachauriin Delhi earlier this year. Photograph: Hindustan Times/Getty Images,,1,graph,3,getty|photo|photograph,0,likely_visualization
guardian_4429c3ad5e,The Guardian,2016,IPCC,Police chiefs struggling to recruit armed officers over conviction fears,https://www.theguardian.com/uk-news/2016/may/15/police-chiefs-struggling-recruit-armed-officers-conviction-fears,2016-05-15,2017-11-28,1,https://i.guim.co.uk/img/media/2000e91b939d844749e3a7742197dd93abb6ac81/0_208_4079_2448/master/4079.jpg?width=465&dpr=1&s=none&crop=none,../Scripts/output/guardian/guardian_images/guardian_2016-05-15_guardian_4429c3ad5e_img01.jpg,Armed police officers patrol Horse Guards in London. Photograph: Neil Hall/Reuters,,1,graph,3,photo|photograph|reuters,0,likely_visualization
guardian_22bda2e31d,The Guardian,2016,"""global temperature""","April breaks global temperature record, marking seven months of new highs",https://www.theguardian.com/environment/2016/may/16/april-third-month-in-row-to-break-global-temperature-records,2016-05-16,2021-08-25,1,https://i.guim.co.uk/img/media/2f40e2d734f58d50c37c4b4114f474cec02765ca/136_0_3364_2019/master/3364.jpg?width=465&dpr=1&s=none&crop=none,../Scripts/output/guardian/guardian_images/guardian_2016-05-16_guardian_22bda2e31d_img01.jpg,Global land and sea temperature was 1.11C warmer in April 2016 than the average temperature for April during the period 1951-1980. Photograph: Stephane Mahe/Reuters,,1,graph,3,photo|photograph|reuters,0,likely_visualization
guardian_74616a51ca,The Guardian,2016,"""global temperature""","Global warming will hit poorer countries hardest, research finds",https://www.theguardian.com/science/2016/may/17/global-warming-will-hit-poorer-countries-hardest-finds-research,2016-05-16,2021-08-25,1,https://i.guim.co.uk/img/media/a319ccca65d199740ce72589c5b7e25017e651fe/0_169_2828_1697/master/2828.jpg?width=465&dpr=1&s=none&crop=none,../Scripts/output/guardian/guardian_images/guardian_2016-05-16_guardian_74616a51ca_img01.jpg,The study by the University of East Anglis is the first to link CO2 emissions with more frequent hot days. Photograph: Anadolu Agency/Getty Images,,1,graph,3,getty|photo|photograph,0,likely_visualization
guardian_b9591bf012,The Guardian,2016,"""sea level rise""",‘Is Bangladesh turning fundamentalist?’ – and other questions I no longer wish to answer,https://www.theguardian.com/world/2016/may/16/bangladesh-killings-atheist-gay-liberal-isis-tahmima-anam,2016-05-16,2022-10-19,1,https://i.guim.co.uk/img/media/6f435daea9d4416afe3adf03d4453e2731a0e638/0_130_5158_3095/master/5158.jpg?width=465&dpr=1&s=none&crop=none,../Scripts/output/guardian/guardian_images/guardian_2016-05-16_guardian_b9591bf012_img01.jpg,True colours … new year procession in Dhaka. Photograph: NurPhoto via Getty Images,,1,graph,3,getty|photo|photograph,0,likely_visualization
guardian_b9591bf012,The Guardian,2016,"""sea level rise""",‘Is Bangladesh turning fundamentalist?’ – and other questions I no longer wish to answer,https://www.theguardian.com/world/2016/may/16/bangladesh-killings-atheist-gay-liberal-isis-tahmima-anam,2016-05-16,2022-10-19,2,https://i.guim.co.uk/img/media/30462e5c5cc7db521bc110eaa0f27bfb36303493/0_59_337_450/master/337.jpg?width=120&dpr=1&s=none&crop=none,../Scripts/output/guardian/guardian_images/guardian_2016-05-16_guardian_b9591bf012_img02.jpg,"The koel, with its crimson eyes. Photograph: Mayur Kotlikar/Getty Images/Moment Open",,1,graph,3,getty|photo|photograph,0,likely_visualization
guardian_1ee1664c5a,The Guardian,2016,"""global temperature""",Japan's coal-fired plants 'to cause thousands of early deaths',https://www.theguardian.com/world/2016/may/17/japans-coal-fired-plants-to-cause-thousands-of-early-deaths-greenpeace,2016-05-17,2018-02-14,1,https://i.guim.co.uk/img/media/d98d5f49298bcbd9c759c1672b1036073bddeda5/168_275_3018_1811/master/3018.jpg?width=465&dpr=1&s=none&crop=none,../Scripts/output/guardian/guardian_images/guardian_2016-05-17_guardian_1ee1664c5a_img01.jpg,Workers oversee the decontamination process at Fukushima. The disaster five years ago has led to the closure of almost all Japan’s nuclear plants. Photograph: Christopher Furlong/Getty Images,,1,graph,3,getty|photo|photograph,0,likely_visualization
guardian_1ecf84297e,The Guardian,2016,"""1.5C""",Imagine the fate of a global climate treaty without the EU,https://www.theguardian.com/environment/2016/may/18/imagine-the-fate-of-a-global-climate-treaty-without-the-eu,2016-05-18,2021-08-25,1,https://i.guim.co.uk/img/media/7d98c0bd5a32b7d63ab5f84cd1286b0dacd02d15/0_102_3500_2100/master/3500.jpg?width=465&dpr=1&s=none&crop=none,../Scripts/output/guardian/guardian_images/guardian_2016-05-18_guardian_1ecf84297e_img01.jpg,"On environmental issues Europe has often set the agenda for a greener world and a ‘better, not bigger’ economy model. Photograph: Ina Fassbender/Reuters",,1,graph,3,photo|photograph|reuters,0,likely_visualization
guardian_8c07012ed0,The Guardian,2016,"""global temperature""",Eastern Australia basks in unusually warm autumn temperatures,https://www.theguardian.com/australia-news/2016/may/18/eastern-australia-basks-in-unusually-warm-autumn-temperatures,2016-05-18,2025-05-16,1,https://i.guim.co.uk/img/media/06032997e7ea73672d614ed4e0716719fc6b7c93/0_100_3000_1801/master/3000.jpg?width=465&dpr=1&s=none&crop=none,../Scripts/output/guardian/guardian_images/guardian_2016-05-18_guardian_8c07012ed0_img01.jpg,The cause of the warmer weather across the eastern states is warm ocean temperatures off the east coast and over northern Australia. Photograph: Cameron Spencer/Getty Images,,1,graph,3,getty|photo|photograph,0,likely_visualization
guardian_9a02b51dc9,The Guardian,2016,IPCC,ExxonMobil tried to censor climate scientists to Congress during Bush era,https://www.theguardian.com/business/2016/may/25/exxonmobil-climate-change-scientists-congress-george-w-bush,2016-05-25,2021-08-25,2,https://i.guim.co.uk/img/media/6df66d275a25acd98ae1bab2c8fe509bdf003b43/0_225_3358_2015/master/3358.jpg?width=445&dpr=1&s=none&crop=none,../Scripts/output/guardian/guardian_images/guardian_2016-05-25_guardian_9a02b51dc9_img02.jpg,"ExxonMobil moved to squash the well-established series just nine days after the presidential inauguration of George W Bush, a former oil executive. Photograph: Carlo Allegri/Reuters",,1,graph,3,photo|photograph|reuters,0,likely_visualization
guardian_621af05d81,The Guardian,2016,"""sea level rise""",Donald Trump wants to build a wall – to save his golf course from global warming,https://www.theguardian.com/environment/climate-consensus-97-per-cent/2016/may/26/donald-trump-wants-to-build-a-wall-to-save-his-golf-course-from-global-warming,2016-05-26,2021-08-25,1,https://i.guim.co.uk/img/media/651409c7b01a85088fded9b442664dcc364e3f00/0_99_2991_1794/master/2991.jpg?width=465&dpr=1&s=none&crop=none,../Scripts/output/guardian/guardian_images/guardian_2016-05-26_guardian_621af05d81_img01.jpg,Donald Trump gesturing during a tour of his new Trump International Golf Links course near Aberdeen. Photograph: David Moir/Reuters,,1,graph,3,photo|photograph|reuters,0,likely_visualization
guardian_2b215e7052,The Guardian,2016,"""sea level rise""",Few Britons have ever heard of ocean acidification,https://www.theguardian.com/environment/radical-conservation/2016/may/27/ocean-acidification-polling-uk-climate-change,2016-05-27,2025-06-10,1,https://i.guim.co.uk/img/media/8f44a081d61f0e5844a828d4d598cecb8793bbf1/3_92_2197_1318/master/2197.jpg?width=465&dpr=1&s=none&crop=none,../Scripts/output/guardian/guardian_images/guardian_2016-05-27_guardian_2b215e7052_img01.jpg,"Coral spawns in the Kenting national park in southern Taiwan. Ocean acidification could kill coral reefs around the world, many of which are already suffering from warmer waters and other impacts. Photograph: Tsai Yung-chun/Reuters",,1,graph,3,photo|photograph|reuters,0,likely_visualization
guardian_a241aefdf5,The Guardian,2016,"""sea level rise""",Revealed: report for Unesco on the Great Barrier Reef that Australia didn't want world to see,https://www.theguardian.com/environment/2016/may/27/revealed-the-report-on-the-great-barrier-reef-that-australia-didnt-want-the-world-to-see,2016-05-27,2021-08-25,1,https://i.guim.co.uk/img/media/a8869d965d6b1e19d459032bea35aec2069ec84b/0_45_5500_3301/master/5500.jpg?width=465&dpr=1&s=none&crop=none,../Scripts/output/guardian/guardian_images/guardian_2016-05-27_guardian_a241aefdf5_img01.jpg,A draft report for Unesco on the Great Barrier Reef warned: ‘Half of its coral cover has been lost over the last three decades.’ Photograph: Andrew Watson/Getty Images,,1,graph,3,getty|photo|photograph,0,likely_visualization
guardian_b7a950677e,The Guardian,2016,"""sea level rise""",Great Barrier Reef: UN report lead author 'shocked' all Australian references removed,https://www.theguardian.com/environment/2016/may/27/great-barrier-reef-un-report-lead-author-shocked-all-australian-references-removed,2016-05-27,2021-08-25,1,https://i.guim.co.uk/img/media/5faf24fed2660cb64e46dcf00bfb542300e8f3c2/0_135_3500_2101/master/3500.jpg?width=465&dpr=1&s=none&crop=none,../Scripts/output/guardian/guardian_images/guardian_2016-05-27_guardian_b7a950677e_img01.jpg,The Great Barrier Reef in Queensland. The ACF’s scorecard comes a day after Labor promised to invest $500m to boost scientific monitoring and management of the reef over five years. Photograph: David Gray/Reuters,,1,graph,3,photo|photograph|reuters,0,likely_visualization
guardian_a7db9b76fc,The Guardian,2016,"""1.5C""",Environment scorecard rates Coalition's policies 'woefully inadequate',https://www.theguardian.com/australia-news/2016/may/31/environment-scorecard-rates-coalitions-policies-woefully-inadequate,2016-05-30,2018-03-13,1,https://i.guim.co.uk/img/media/5730f292dd93dfc1f9b38d095a56217b4b00efab/0_102_2000_1200/master/2000.jpg?width=465&dpr=1&s=none&crop=none,../Scripts/output/guardian/guardian_images/guardian_2016-05-30_guardian_a7db9b76fc_img01.jpg,The Great Barrier Reef in Queensland. The ACF’s scorecard comes a day after Labor promised to invest $500m to boost scientific monitoring and management of the reef over five years. Photograph: Rick Loomis/LA Times/Getty Images,,1,graph,3,getty|photo|photograph,0,likely_visualization
guardian_ab09719dae,The Guardian,2016,"""1.5C""",Five things we can do right now to save the Great Barrier Reef,https://www.theguardian.com/australia-news/commentisfree/2016/jun/13/five-things-we-can-do-right-now-to-save-the-great-barrier-reef,2016-06-13,2018-02-14,1,https://i.guim.co.uk/img/media/b36d84b88aaf742635c6a1fd44ba6482021df4ef/0_137_4096_2458/master/4096.jpg?width=465&dpr=1&s=none&crop=none,../Scripts/output/guardian/guardian_images/guardian_2016-06-13_guardian_ab09719dae_img01.jpg,"‘The second thing Australia needs to do is to place a moratorium on coal – greenhouse gases need to be cut now, and Australia can play a vital global role.’ Photograph: Xl Catlin Seaview Survey/EPA",,1,graph,3,epa|photo|photograph,0,likely_visualization
guardian_845e2f583d,The Guardian,2016,"""1.5C""",Norway pledges to become climate neutral by 2030,https://www.theguardian.com/environment/2016/jun/15/norway-pledges-to-become-climate-neutral-by-2030,2016-06-15,2021-08-25,1,https://i.guim.co.uk/img/media/e879efee6cda690a5eda5b98a76585cb1218a873/0_201_3500_2101/master/3500.jpg?width=465&dpr=1&s=none&crop=none,../Scripts/output/guardian/guardian_images/guardian_2016-06-15_guardian_845e2f583d_img01.jpg,"Statoil gas processing and CO2 removal offshore platform near Stavanger, Norway. Photograph: Reuters Staff/Reuters",,1,graph,3,photo|photograph|reuters,0,likely_visualization
guardian_14e84f00a8,The Guardian,2016,"""sea level rise""",Obama at Yosemite attacks 'lip service' to natural beauty amid climate inaction,https://www.theguardian.com/us-news/2016/jun/18/yosemite-obama-national-parks-climate-change,2016-06-18,2021-08-25,1,https://i.guim.co.uk/img/media/7a74668eff724ac8d2031d56804b9e8abd910d38/0_56_3500_2100/master/3500.jpg?width=465&dpr=1&s=none&crop=none,../Scripts/output/guardian/guardian_images/guardian_2016-06-18_guardian_14e84f00a8_img01.jpg,Barack Obama speaks about the National Park Service at Yosemite national park in California. Photograph: Joshua Roberts/Reuters,,1,graph,3,photo|photograph|reuters,0,likely_visualization
guardian_27cdc4a539,The Guardian,2016,"""carbon budget""",EU out vote puts UK commitment to Paris climate agreement in doubt,https://www.theguardian.com/environment/2016/jun/25/eu-out-vote-puts-uk-commitment-to-paris-climate-agreement-in-doubt,2016-06-25,2021-08-25,1,https://i.guim.co.uk/img/media/f77c320c38cb59cdf34106a9ca1e195355df50c0/0_74_3500_2102/master/3500.jpg?width=465&dpr=1&s=none&crop=none,../Scripts/output/guardian/guardian_images/guardian_2016-06-25_guardian_27cdc4a539_img01.jpg,Neither the UK government or the EU have ratified the Paris climate agreement yet. Photograph: Stephane Mahe/Reuters,,1,graph,3,photo|photograph|reuters,0,likely_visualization
guardian_1101faa33f,The Guardian,2016,"""global temperature""",Brexit is not a vote against climate change says UN’s climate chief,https://www.theguardian.com/sustainable-business/2016/jun/28/brexit-is-not-a-vote-against-climate-change-says-uns-climate-chief,2016-06-28,2021-08-25,1,https://i.guim.co.uk/img/media/1194516c38c2853705e65b7de84dc9a1a91f6cdd/0_79_2400_1440/master/2400.jpg?width=465&dpr=1&s=none&crop=none,../Scripts/output/guardian/guardian_images/guardian_2016-06-28_guardian_1101faa33f_img01.jpg,Christiana Figueres celebrates at the conclusion of COP21 climate discussions in Paris last year. Many now worry what Brexit might mean for climate change action. Photograph: Stephane Mahe/Reuters,,1,graph,3,photo|photograph|reuters,0,likely_visualization
guardian_65be6a4296,The Guardian,2016,"""carbon budget""",UK ministers to approve world-leading carbon emissions target,https://www.theguardian.com/environment/2016/jun/28/uk-ministers-world-leading-carbon-emissions-reduction-target-climate-change,2016-06-28,2021-08-25,1,https://i.guim.co.uk/img/media/753c3f8e0f6e55ef59290ba3a09d82cb7d958dc5/0_395_3936_2362/master/3936.jpg?width=465&dpr=1&s=none&crop=none,../Scripts/output/guardian/guardian_images/guardian_2016-06-28_guardian_65be6a4296_img01.jpg,"Amber Rudd, the energy secretary. Photograph: Dan Kitwood/Getty Images",,1,graph,3,getty|photo|photograph,0,likely_visualization
guardian_2cb3d7d284,The Guardian,2016,"""sea level rise""","After 6 years of working on climate at Harvard, I implore it to show the courage to divest",https://www.theguardian.com/environment/climate-consensus-97-per-cent/2016/jun/29/after-6-years-of-working-on-climate-at-harvard-i-implore-it-to-show-the-courage-to-divest,2016-06-29,2021-08-25,1,https://i.guim.co.uk/img/media/344656f2b831a20b91cc8c1ff401f7cc10bfa90e/0_34_3000_1800/master/3000.jpg?width=465&dpr=1&s=none&crop=none,../Scripts/output/guardian/guardian_images/guardian_2016-06-29_guardian_2cb3d7d284_img01.jpg,"A view of Harvard Business School in Boston, Massachusetts. November 20, 1998. Photograph: Stephen Rose/Getty Images",,1,graph,3,getty|photo|photograph,0,likely_visualization
guardian_fa98b8f77f,The Guardian,2016,"""1.5C""","This election, what hope is there for the Great Barrier Reef?",https://www.theguardian.com/environment/2016/jul/01/this-election-what-hope-is-there-forthe-great-barrier-reef,2016-07-01,2018-03-13,3,https://i.guim.co.uk/img/media/b36d84b88aaf742635c6a1fd44ba6482021df4ef/0_137_4096_2458/master/4096.jpg?width=445&dpr=1&s=none&crop=none,../Scripts/output/guardian/guardian_images/guardian_2016-07-01_guardian_fa98b8f77f_img03.jpg,"Aftermath of the bleaching event at Lizard Island, on the Great Barrier Reef. Photograph: Xl Catlin Seaview Survey/EPA",,1,graph,3,epa|photo|photograph,0,likely_visualization
guardian_30c29655d1,The Guardian,2016,"""carbon budget""",But what does it mean? Key election policy issues analysed by our expert panel,https://www.theguardian.com/commentisfree/2016/jul/03/but-what-does-it-mean-key-election-policy-issues-analysed-by-our-expert-panel,2016-07-03,2018-03-13,2,https://i.guim.co.uk/img/media/5ef0c83cfba01b9c13b03472d132e1fbc068a715/0_135_4096_2457/master/4096.jpg?width=445&dpr=1&s=none&crop=none,../Scripts/output/guardian/guardian_images/guardian_2016-07-03_guardian_30c29655d1_img02.jpg,‘Labor’s “Save Medicare” campaign came from the pages of a Hollowmen script.’ Photograph: Mick Tsikas/EPA,,1,graph,3,epa|photo|photograph,0,likely_visualization
guardian_8af6e8c883,The Guardian,2016,"""net zero""",Welcome to the new Toronto: the most fascinatingly boring city in the world,https://www.theguardian.com/cities/2016/jul/04/new-toronto-most-fascinatingly-boring-city-guardian-canada-week,2016-07-04,2020-02-03,3,https://i.guim.co.uk/img/media/e466cfb4dacbd8226de0d4c040279139176716f8/0_0_4253_3036/master/4253.jpg?width=445&dpr=1&s=none&crop=none,../Scripts/output/guardian/guardian_images/guardian_2016-07-04_guardian_8af6e8c883_img03.jpg,Syrian refugees are greeted by Canada’s prime minister Justin Trudeau. Photograph: Mark Blinch/Reuters,,1,graph,3,photo|photograph|reuters,0,likely_visualization
guardian_8af6e8c883,The Guardian,2016,"""net zero""",Welcome to the new Toronto: the most fascinatingly boring city in the world,https://www.theguardian.com/cities/2016/jul/04/new-toronto-most-fascinatingly-boring-city-guardian-canada-week,2016-07-04,2020-02-03,4,https://i.guim.co.uk/img/media/3e1cf974ac84f18e3f97ce343da5eace00b32e9a/0_11_5045_3029/master/5045.jpg?width=445&dpr=1&s=none&crop=none,../Scripts/output/guardian/guardian_images/guardian_2016-07-04_guardian_8af6e8c883_img04.jpg,The crowd watches the speakers at the Black Lives Matter rally at Toronto police HQ. Photograph: Steve Russell/Toronto Star via Getty Images,,1,graph,3,getty|photo|photograph,0,likely_visualization
guardian_8af6e8c883,The Guardian,2016,"""net zero""",Welcome to the new Toronto: the most fascinatingly boring city in the world,https://www.theguardian.com/cities/2016/jul/04/new-toronto-most-fascinatingly-boring-city-guardian-canada-week,2016-07-04,2020-02-03,5,https://i.guim.co.uk/img/media/91a9c473c6f0e1a22416d19558d17a6bc5730adf/0_147_3500_2101/master/3500.jpg?width=445&dpr=1&s=none&crop=none,../Scripts/output/guardian/guardian_images/guardian_2016-07-04_guardian_8af6e8c883_img05.jpg,Rob Ford served as mayor of Toronto from 2010 to 2014. Photograph: Mark Blinch/Reuters,,1,graph,3,photo|photograph|reuters,0,likely_visualization
guardian_297a79a547,The Guardian,2016,"""carbon budget""",Leadsom vows to continue with UK's climate commitments,https://www.theguardian.com/environment/2016/jul/05/leadsom-vows-to-continue-with-uks-climate-commitments,2016-07-05,2021-08-25,1,https://i.guim.co.uk/img/media/65116cc8595c41ade825bd92d3b187a7d0b53ff2/0_0_5184_3110/master/5184.jpg?width=465&dpr=1&s=none&crop=none,../Scripts/output/guardian/guardian_images/guardian_2016-07-05_guardian_297a79a547_img01.jpg,"Andrea Leadsom: ‘However we choose to leave the EU, let me be clear: we remain committed to dealing with climate change.’ Photograph: Peter Nicholls/Reuters",,1,graph,3,photo|photograph|reuters,0,likely_visualization
guardian_6d46142065,The Guardian,2016,"""global temperature""",Arctic sea ice crashes to record low for June,https://www.theguardian.com/environment/2016/jul/07/arctic-sea-ice-crashes-to-record-low-for-june,2016-07-07,2021-08-25,1,https://i.guim.co.uk/img/media/55a27d863d26e77c49a13070cda13dd341b42e36/0_233_3500_2101/master/3500.jpg?width=465&dpr=1&s=none&crop=none,../Scripts/output/guardian/guardian_images/guardian_2016-07-07_guardian_6d46142065_img01.jpg,"An area of Arctic sea ice about twice the size of Texas has vanished over the last 30 years, and the rate of that retreat has accelerated. Photograph: NASA/Reuters",,1,graph,3,photo|photograph|reuters,0,likely_visualization
guardian_b76d1ddf8b,The Guardian,2016,IPCC,Climate scientists are under attack from frivolous lawsuits,https://www.theguardian.com/environment/climate-consensus-97-per-cent/2016/jul/07/climate-scientists-are-under-attack-from-frivolous-lawsuits,2016-07-07,2021-08-25,1,https://i.guim.co.uk/img/media/79ad1ac7b94a6e4b80065aea6132ef7ab4511d0a/0_178_3008_1805/master/3008.jpg?width=465&dpr=1&s=none&crop=none,../Scripts/output/guardian/guardian_images/guardian_2016-07-07_guardian_b76d1ddf8b_img01.jpg,Statue of Lady Justice. Photograph: Rae Allen/Getty Images/Flickr RF,,1,graph,3,getty|photo|photograph,0,likely_visualization
guardian_eaab69b3dc,The Guardian,2016,"""net zero""","Samuel Beckett, the maestro of failure",https://www.theguardian.com/books/booksblog/2016/jul/07/samuel-beckett-the-maestro-of-failure,2016-07-07,2019-08-21,3,https://i.guim.co.uk/img/media/de736aa62fda05daae09b41cb1bf2bf788e4ac70/161_364_1382_1728/master/1382.jpg?width=445&dpr=1&s=none&crop=none,../Scripts/output/guardian/guardian_images/guardian_2016-07-07_guardian_eaab69b3dc_img03.jpg,"Samuel Beckett in New York in 1964, on the set of Film, his short film starring Buster Keaton. Photograph: IC Rapoport/Getty Images",,1,graph,3,getty|photo|photograph,0,likely_visualization
guardian_2538f8920a,The Guardian,2016,IPCC,President Trump would be a climate catastrophe,https://www.theguardian.com/commentisfree/2016/jul/11/president-trump-would-be-a-climate-catastrophe,2016-07-11,2021-08-25,1,https://i.guim.co.uk/img/media/484117a4f9d53c65b4a8a54dfa548e03b1991db5/0_261_4200_2519/master/4200.jpg?width=465&dpr=1&s=none&crop=none,../Scripts/output/guardian/guardian_images/guardian_2016-07-11_guardian_2538f8920a_img01.jpg,"‘A Trump presidency would be a boon for the wall construction business – not just the Mexican wall, but also walls along the coasts to keep back the rising seas.’ Photograph: Adrees Latif/REUTERS",,1,graph,3,photo|photograph|reuters,0,likely_visualization
guardian_72b9b64bf0,The Guardian,2016,"""sea level rise""",Food shortages and sea level rise US voters' top climate change concerns,https://www.theguardian.com/us-news/2016/jul/11/climate-change-voices-of-america-voters,2016-07-11,2021-08-25,1,https://i.guim.co.uk/img/media/59e2be31f05eff298df0ac61cb686c695fa47697/0_0_3500_2100/master/3500.jpg?width=465&dpr=1&s=none&crop=none,../Scripts/output/guardian/guardian_images/guardian_2016-07-11_guardian_72b9b64bf0_img01.jpg,"The island village of Kivalina, an Alaska Native community at risk from rising sea levels, another top concern of US voters surveyed by Guardian US. Photograph: Jonathan Ernst/Reuters",,1,graph,3,photo|photograph|reuters,0,likely_visualization
guardian_af12e27283,The Guardian,2016,"""global temperature""","UK poorly prepared for climate change impacts, government advisers warn",https://www.theguardian.com/environment/2016/jul/12/uk-poorly-prepared-for-climate-change-impacts-government-advisers-warn,2016-07-12,2021-08-25,1,https://i.guim.co.uk/img/media/09b672f7d717a38f15c62682f496e3f1df871743/0_0_5000_3002/master/5000.jpg?width=465&dpr=1&s=none&crop=none,../Scripts/output/guardian/guardian_images/guardian_2016-07-12_guardian_af12e27283_img01.jpg,"A Cumbria road destroyed in floods during storm Desmond, which scientists found had been made more likely by climate change. Photograph: Ashley Cooper / Barcroft Media",,1,graph,3,epa|photo|photograph,0,likely_visualization
guardian_af12e27283,The Guardian,2016,"""global temperature""","UK poorly prepared for climate change impacts, government advisers warn",https://www.theguardian.com/environment/2016/jul/12/uk-poorly-prepared-for-climate-change-impacts-government-advisers-warn,2016-07-12,2021-08-25,2,https://i.guim.co.uk/img/media/9e447f81dea87b8015e7ce585bab66d122ad4fa1/0_0_5184_3456/master/5184.jpg?width=445&dpr=1&s=none&crop=none,../Scripts/output/guardian/guardian_images/guardian_2016-07-12_guardian_af12e27283_img02.jpg,"Hollowell reservoir in Northamptonshire, September 2014, after the driest first 10 months since 1929. Photograph: Paul Marriott/Alamy Stock Photo",,1,graph,3,epa|photo|photograph,0,likely_visualization
guardian_af12e27283,The Guardian,2016,"""global temperature""","UK poorly prepared for climate change impacts, government advisers warn",https://www.theguardian.com/environment/2016/jul/12/uk-poorly-prepared-for-climate-change-impacts-government-advisers-warn,2016-07-12,2021-08-25,3,https://i.guim.co.uk/img/media/415becaeb0822b75b2976623438779234f638e0f/0_0_4896_3264/master/4896.jpg?width=445&dpr=1&s=none&crop=none,../Scripts/output/guardian/guardian_images/guardian_2016-07-12_guardian_af12e27283_img03.jpg,"The remains of sea defences at Eastern Bavants, Southwold, Suffolk that Peter Boggis constructed. Photograph: Graham Turner/The Guardian",,1,graph,3,epa|photo|photograph,0,likely_visualization
guardian_141dad3255,The Guardian,2016,"""global temperature""",Clean energy won’t save us – only a new economic system can,https://www.theguardian.com/global-development-professionals-network/2016/jul/15/clean-energy-wont-save-us-economic-system-can,2016-07-15,2021-08-25,2,https://i.guim.co.uk/img/media/66c76c4a37c04b7fd9b95b4a5155e5e56bf9c82b/0_88_4096_2457/master/4096.jpg?width=445&dpr=1&s=none&crop=none,../Scripts/output/guardian/guardian_images/guardian_2016-07-15_guardian_141dad3255_img02.jpg,Jeffrey’s Bay wind farm in South Africa. Photograph: Nic Bothma/EPA,,1,graph,3,epa|photo|photograph,0,likely_visualization
guardian_6ca79f70a7,The Guardian,2016,"""sea level rise""","From food supplies to coastal defences, the UK is ill-prepared",https://www.theguardian.com/news/2016/jul/17/weatherwatch-climate-change-research-food-supplies-coastal-defences-the-uk-is-ill-prepared,2016-07-17,2021-08-25,1,https://i.guim.co.uk/img/media/e63e69e042bf57ce02477a19ad1eea4b9a75c4ba/0_386_4603_2761/master/4603.jpg?width=465&dpr=1&s=none&crop=none,../Scripts/output/guardian/guardian_images/guardian_2016-07-17_guardian_6ca79f70a7_img01.jpg,"The coastal village of Pennan, Aberdeenshire, during stormy weather. Photograph: Alamy",,1,graph,3,epa|photo|photograph,0,likely_visualization
guardian_eda01fa9ad,The Guardian,2016,IPCC,IPCC investigates 11 for mishandling Greville Janner child sex abuse claims,https://www.theguardian.com/politics/2016/jul/25/ipcc-investigates-11-mishandling-greville-janner-child-sex-abuse-claims,2016-07-25,2018-01-11,1,https://i.guim.co.uk/img/media/117748381b2942cdff12f17458364ffcf33899d6/0_27_3000_1800/master/3000.jpg?width=465&dpr=1&s=none&crop=none,../Scripts/output/guardian/guardian_images/guardian_2016-07-25_guardian_eda01fa9ad_img01.jpg,"Greville Janner, who had dementia, died in December 2015 while awaiting a trial of the facts for 22 alleged sexual offences against nine men and boys. Photograph: Neil Hall/Reuters",,1,graph,3,photo|photograph|reuters,0,likely_visualization
guardian_ca2a2d6b5d,The Guardian,2016,"""sea level rise""",Environmental records shattered as climate change 'plays out before us',https://www.theguardian.com/environment/2016/aug/02/environment-climate-change-records-broken-international-report,2016-08-02,2021-08-25,1,https://i.guim.co.uk/img/media/93e5ad81611f6693b00a6be17a35b684b85483c6/0_152_5184_3110/master/5184.jpg?width=465&dpr=1&s=none&crop=none,../Scripts/output/guardian/guardian_images/guardian_2016-08-02_guardian_ca2a2d6b5d_img01.jpg,"A scientist leaps over water during a trip to the Greenland ice sheet, which saw melting over more than 50% of its surface last year. Photograph: Joe Raedle/Getty Images",,1,graph,3,getty|photo|photograph,0,likely_visualization
guardian_5bb706cd81,The Guardian,2016,"""sea level rise""",New research shows penguins will suffer in a warming world,https://www.theguardian.com/environment/climate-consensus-97-per-cent/2016/aug/03/new-research-shows-penguins-will-suffer-in-a-warming-world,2016-08-03,2021-10-29,1,https://i.guim.co.uk/img/media/20147b3684bc5d4a98777f0a8c40a3d2479515e5/0_90_3200_1920/master/3200.jpg?width=465&dpr=1&s=none&crop=none,../Scripts/output/guardian/guardian_images/guardian_2016-08-03_guardian_5bb706cd81_img01.jpg,"Two Adelie penguins standing atop a block of melting ice on a rocky shoreline at Cape Denison, Commonwealth Bay, in East Antarctica. Photograph: STAFF/Reuters",,1,graph,3,photo|photograph|reuters,0,likely_visualization
guardian_802295f523,The Guardian,2016,"""global temperature""",The climate crisis is already here – but no one’s telling us,https://www.theguardian.com/commentisfree/2016/aug/03/climate-crisis-media-relegates-greatest-challenge-hurtle-us-collapse-planet,2016-08-03,2021-08-25,2,https://i.guim.co.uk/img/media/c396dc2f58e7652e2a8e1cc453812b3320ffba21/0_133_4000_2400/master/4000.jpg?width=445&dpr=1&s=none&crop=none,../Scripts/output/guardian/guardian_images/guardian_2016-08-03_guardian_802295f523_img02.jpg,"People wait to fill water containers during a drought in Latur, India, April 2016. Photograph: Bloomberg via Getty Images",,1,graph,3,getty|photo|photograph,0,likely_visualization
guardian_b3902c4068,The Guardian,2016,"""sea level rise""",CSIRO cuts: Turnbull government orders U-turn on climate science research,https://www.theguardian.com/australia-news/2016/aug/04/csiro-cuts-turnbull-government-orders-u-turn-on-climate-science-research,2016-08-04,2021-08-25,1,https://i.guim.co.uk/img/media/a9840b6ea0e9cd659171339f41f6c1c72f0e06fd/0_197_3000_1799/master/3000.jpg?width=465&dpr=1&s=none&crop=none,../Scripts/output/guardian/guardian_images/guardian_2016-08-04_guardian_b3902c4068_img01.jpg,A withered tree stands in drought-affected Lake Eucumbene in New South Wales in 2007. A public outcry ensued earlier in 2016 when the CSIRO announced it was going to cut the jobs of about 100 climate scientists. Photograph: Mark Nolan/Getty Images,,1,graph,3,getty|photo|photograph,0,likely_visualization
guardian_ddc89f310c,The Guardian,2016,"""1.5C""",Our collective amnesia on climate change,https://www.theguardian.com/environment/2016/aug/05/our-collective-amnesia-on-climate-change,2016-08-05,2021-08-25,1,https://i.guim.co.uk/img/media/0d85a0edcd7ade1abc7a72176f8f4129d5369337/0_25_2200_1320/master/2200.jpg?width=465&dpr=1&s=none&crop=none,../Scripts/output/guardian/guardian_images/guardian_2016-08-05_guardian_ddc89f310c_img01.jpg,"Icebergs in Jakobshavn fjord, Ilulissat, Greenland. ‘Even if emissions from human activities are cut, those from melting ice sheets will increase while the darker surfaces exposed will absorb more heat,’ writes Iain Climie. Photograph: Bob Strong/Reuters",,1,graph,3,photo|photograph|reuters,0,likely_visualization
guardian_483df66909,The Guardian,2016,IPCC,Northumbria police dismiss ex-chief's claim of sexist 'boys' club',https://www.theguardian.com/uk-news/2016/aug/09/northumbria-police-dismiss-ex-chiefs-sue-sim-sexist-boys-club-claim,2016-08-09,2017-09-20,1,https://i.guim.co.uk/img/media/d916c6e6a655e12e689b050ceade43a3d88692d3/0_1095_3264_1958/master/3264.jpg?width=465&dpr=1&s=none&crop=none,../Scripts/output/guardian/guardian_images/guardian_2016-08-09_guardian_483df66909_img01.jpg,Sue Sim said Northumbria police was ‘a place of rampant sexism and cover-ups’. Photograph: Dan Kitwood/Getty Images,,1,graph,3,getty|photo|photograph,0,likely_visualization
guardian_5a990baaa4,The Guardian,2016,"""sea level rise""",Agriculture and overuse greater threats to wildlife than climate change – study,https://www.theguardian.com/environment/2016/aug/10/agriculture-and-overuse-greater-threats-to-wildlife-than-climate-change-study,2016-08-10,2021-10-29,2,https://i.guim.co.uk/img/media/3cc9da4c305ae5974c9211b2221809a79cc00f31/0_0_3500_2191/master/3500.jpg?width=445&dpr=1&s=none&crop=none,../Scripts/output/guardian/guardian_images/guardian_2016-08-10_guardian_5a990baaa4_img02.jpg,The common hippopotamus is one of 347 species affected by drought as a result of man-made climate change. Photograph: Thomas Mukoya/Reuters,,1,graph,3,photo|photograph|reuters,0,likely_visualization
guardian_10d75c91b0,The Guardian,2016,IPCC,"As the mercury soars, fear grows over ‘air-con effect’",https://www.theguardian.com/global-development/2016/aug/15/increase-air-conditioning-accelerate-climate-change,2016-08-15,2022-10-19,2,https://i.guim.co.uk/img/media/a62a621df37506eacba79c949db77e9899d4a14b/0_181_3684_2210/master/3684.jpg?width=445&dpr=1&s=none&crop=none,../Scripts/output/guardian/guardian_images/guardian_2016-08-15_guardian_10d75c91b0_img02.jpg,People relax in the sunshine in St James’s park in London. Photograph: Peter Nicholls/Reuters,,1,graph,3,photo|photograph|reuters,0,likely_visualization
guardian_41c9ca2701,The Guardian,2016,IPCC,Climate urgency: we've locked in more global warming than people realize,https://www.theguardian.com/environment/climate-consensus-97-per-cent/2016/aug/15/climate-urgency-weve-locked-in-more-global-warming-than-people-realize,2016-08-15,2021-08-25,1,https://i.guim.co.uk/img/media/c304fb4b7e7428031a82b02e0c389f5b97b5fc64/217_242_2781_1670/master/2781.jpg?width=465&dpr=1&s=none&crop=none,../Scripts/output/guardian/guardian_images/guardian_2016-08-15_guardian_41c9ca2701_img01.jpg,An Adelie penguin standing atop a block of melting ice in East Antarctica. Slowly-melting ice is a ‘feedback’ through which today’s carbon pollution will heat the planet for centuries to come. Photograph: Reuters,,1,graph,3,photo|photograph|reuters,0,likely_visualization
guardian_8029164ddd,The Guardian,2016,IPCC,They didn't get it right,https://www.theguardian.com/football/2016/aug/15/the-fiver-arsenal-oh-arsenal-liverpool,2016-08-15,2017-02-20,1,https://i.guim.co.uk/img/media/c4697071a94985d5e7482eabebe466257ef55879/0_80_5138_3085/master/5138.jpg?width=465&dpr=1&s=none&crop=none,../Scripts/output/guardian/guardian_images/guardian_2016-08-15_guardian_8029164ddd_img01.jpg,Arsenal woe and Liverpool joy. Photograph: Tony O'Brien/Reuters,,1,graph,3,photo|photograph|reuters,0,likely_visualization
guardian_8029164ddd,The Guardian,2016,IPCC,They didn't get it right,https://www.theguardian.com/football/2016/aug/15/the-fiver-arsenal-oh-arsenal-liverpool,2016-08-15,2017-02-20,2,https://i.guim.co.uk/img/media/e893484d5380b55e29fc55a31a74096c28316801/0_0_1164_742/master/1164.jpg?width=445&dpr=1&s=none&crop=none,../Scripts/output/guardian/guardian_images/guardian_2016-08-15_guardian_8029164ddd_img02.jpg,Sam and Gareth take a trip to the Emirates on Sunday. Photograph: Tony O'Brien/Reuters,,1,graph,3,photo|photograph|reuters,0,likely_visualization
guardian_8029164ddd,The Guardian,2016,IPCC,They didn't get it right,https://www.theguardian.com/football/2016/aug/15/the-fiver-arsenal-oh-arsenal-liverpool,2016-08-15,2017-02-20,3,https://i.guim.co.uk/img/media/98bee75d5e4df1357f89c0901af82b3e27410ad6/338_0_4162_3023/master/4162.jpg?width=445&dpr=1&s=none&crop=none,../Scripts/output/guardian/guardian_images/guardian_2016-08-15_guardian_8029164ddd_img03.jpg,No thumb in an upward position. Worrying. Photograph: Tony McArdle - Everton FC/Everton FC via Getty Images,,1,graph,3,getty|photo|photograph,0,likely_visualization
guardian_c160e5f1db,The Guardian,2016,IPCC,IPCC investigation launched into death of Dalian Atkinson,https://www.theguardian.com/world/2016/aug/15/ipcc-investigation-launched-into-death-of-dalian-atikinson,2016-08-15,2018-01-11,2,https://i.guim.co.uk/img/media/f2a5c8f05ccf0a648396a799e070035fe8a431db/0_162_2870_1723/master/2870.jpg?width=445&dpr=1&s=none&crop=none,../Scripts/output/guardian/guardian_images/guardian_2016-08-15_guardian_c160e5f1db_img02.jpg,Dalian Atkinson with Aston Villa manager Ron Atkinson celebrating League Cup win in 1994. Photograph: Bob Thomas/Getty Images,,1,graph,3,getty|photo|photograph,0,likely_visualization
guardian_8dc36bc618,The Guardian,2016,"""1.5C""",World's hottest month shows challenges global warming will bring,https://www.theguardian.com/environment/2016/aug/16/worlds-hottest-month-shows-challenges-global-warming-will-bring,2016-08-16,2021-08-25,1,https://i.guim.co.uk/img/media/476fa4ee780bac81ec07704c3d82f9d7dee8ba3f/0_0_4992_2995/master/4992.jpg?width=465&dpr=1&s=none&crop=none,../Scripts/output/guardian/guardian_images/guardian_2016-08-16_guardian_8dc36bc618_img01.jpg,"People in the city of Shahre-Ray, central Iran, attempt to keep cool in July with temperatures soaring above 40C. Photograph: Abedin Taherkenareh/EPA",,1,graph,3,epa|photo|photograph,0,likely_visualization
guardian_976bc77e30,The Guardian,2016,IPCC,Dalian Atkinson death raises concerns about police Taser use,https://www.theguardian.com/world/2016/aug/16/dalian-atkinson-taser-death-police-institutional-racism,2016-08-16,2018-01-11,1,https://i.guim.co.uk/img/media/4c281e192d4b47fa28fb39a14acddf001c6b7404/0_104_1724_1034/master/1724.jpg?width=465&dpr=1&s=none&crop=none,../Scripts/output/guardian/guardian_images/guardian_2016-08-16_guardian_976bc77e30_img01.jpg,"According to relatives, Dalian Atkinson was suffering from a weak heart and mental health problems. Photograph: Action Images/Reuters",,1,graph,3,photo|photograph|reuters,0,likely_visualization
guardian_64da66934b,The Guardian,2016,IPCC,Police officers investigated over Dalian Atkinson Taser death,https://www.theguardian.com/uk-news/2016/aug/18/police-officers-investigated-over-dalian-atkinson-taser-death,2016-08-18,2017-11-28,1,https://i.guim.co.uk/img/media/4c96fb1dcbe80cbec2a5fa42c4812eec10f7f0e4/0_27_3072_1843/master/3072.jpg?width=465&dpr=1&s=none&crop=none,../Scripts/output/guardian/guardian_images/guardian_2016-08-18_guardian_64da66934b_img01.jpg,Dalian Atkinson died 90 minutes after he was Tasered near his father’s home in Telford. Photograph: Anton Want/Getty Images,,1,graph,3,getty|photo|photograph,0,likely_visualization
guardian_16f4a3ab57,The Guardian,2016,IPCC,Dalian Atkinson death asks hard questions of police and football,https://www.theguardian.com/uk-news/2016/aug/19/dalian-atkinson-death-asks-hard-questions-of-police-and-football,2016-08-19,2017-11-28,1,https://i.guim.co.uk/img/media/76bf64797a804c1091a8b061fcb93c5ae5e7b9d3/79_0_2350_1410/master/2350.jpg?width=465&dpr=1&s=none&crop=none,../Scripts/output/guardian/guardian_images/guardian_2016-08-19_guardian_16f4a3ab57_img01.jpg,Aston Villa fans pay tribute to their former striker. Photograph: Carl Recine/Reuters,,1,graph,3,photo|photograph|reuters,0,likely_visualization
guardian_16f4a3ab57,The Guardian,2016,IPCC,Dalian Atkinson death asks hard questions of police and football,https://www.theguardian.com/uk-news/2016/aug/19/dalian-atkinson-death-asks-hard-questions-of-police-and-football,2016-08-19,2017-11-28,4,https://i.guim.co.uk/img/media/c7c7aaf4a9ec59212d4fc58a84cdcc753c140d90/0_94_2900_1741/master/2900.jpg?width=445&dpr=1&s=none&crop=none,../Scripts/output/guardian/guardian_images/guardian_2016-08-19_guardian_16f4a3ab57_img04.jpg,Dalian Atkinson celebrates while playing for Villa. Photograph: Bob Thomas/Getty Images,,1,graph,3,getty|photo|photograph,0,likely_visualization
guardian_91430980ca,The Guardian,2016,"""global temperature""",A Farewell to Ice by Peter Wadhams review – climate change writ large,https://www.theguardian.com/books/2016/aug/21/farewell-to-ice-peter-wadhams-review-climate-change,2016-08-21,2021-08-25,1,https://i.guim.co.uk/img/media/c304fb4b7e7428031a82b02e0c389f5b97b5fc64/0_60_3000_1800/master/3000.jpg?width=465&dpr=1&s=none&crop=none,../Scripts/output/guardian/guardian_images/guardian_2016-08-21_guardian_91430980ca_img01.jpg,"An Adélie penguin, east Antarctica: the loss of our sea ice will have dire consequences across the planet, not just at the poles, says Peter Wadhams. Photograph: Staff/Reuters",,1,graph,3,photo|photograph|reuters,0,likely_visualization
guardian_9a3cb27c6b,The Guardian,2016,"""sea level rise""",Climate change will mean the end of national parks as we know them,https://www.theguardian.com/environment/2016/aug/22/climate-change-national-parks-threat,2016-08-22,2021-08-25,1,https://i.guim.co.uk/img/media/b6a809b58e7a19808d65b7355e13cf8b5ab3a628/0_0_5200_3120/master/5200.jpg?width=465&dpr=1&s=none&crop=none,../Scripts/output/guardian/guardian_images/guardian_2016-08-22_guardian_9a3cb27c6b_img01.jpg,"The remote Cape Krusenstern national monument, on the northwestern coast of Alaska, is being claimed by sea and wind. Photograph: Danita Delimont/Getty Images/Gallo Images",,1,graph,3,getty|photo|photograph,0,likely_visualization
guardian_9a3cb27c6b,The Guardian,2016,"""sea level rise""",Climate change will mean the end of national parks as we know them,https://www.theguardian.com/environment/2016/aug/22/climate-change-national-parks-threat,2016-08-22,2021-08-25,2,https://i.guim.co.uk/img/media/766e5207a27b24810a209fb159b88b76e2b336a3/0_112_1632_979/master/1632.jpg?width=465&dpr=1&s=none&crop=none,../Scripts/output/guardian/guardian_images/guardian_2016-08-22_guardian_9a3cb27c6b_img02.jpg,"The number of glaciers in Glacier national park, Montana, has halved since 1968 due to rising temperatures. All are on course to disappear by the middle of the century. Photograph: The Washington Post/Getty Images",,1,graph,3,getty|photo|photograph,0,likely_visualization
guardian_9a3cb27c6b,The Guardian,2016,"""sea level rise""",Climate change will mean the end of national parks as we know them,https://www.theguardian.com/environment/2016/aug/22/climate-change-national-parks-threat,2016-08-22,2021-08-25,3,https://i.guim.co.uk/img/media/41bf217c5dce6f9321332ebadc1f7ac938653449/0_7_2000_1201/master/2000.jpg?width=465&dpr=1&s=none&crop=none,../Scripts/output/guardian/guardian_images/guardian_2016-08-22_guardian_9a3cb27c6b_img03.jpg,"A wildfire burns in Yosemite national park. Almost 2,600 acres have burned and trails in the area have been closed. Photograph: Tiffany Rose/Getty Images",,1,graph,3,getty|photo|photograph,0,likely_visualization
guardian_86bf2fe103,The Guardian,2016,"""sea level rise""",The Anthropocene epoch: scientists declare dawn of human-influenced age,https://www.theguardian.com/environment/2016/aug/29/declare-anthropocene-epoch-experts-urge-geological-congress-human-impact-earth,2016-08-29,2021-10-29,2,https://i.guim.co.uk/img/media/76b2d3b4c29223377202792be82770bb95bfc70f/108_0_3284_1971/master/3284.jpg?width=445&dpr=1&s=none&crop=none,../Scripts/output/guardian/guardian_images/guardian_2016-08-29_guardian_86bf2fe103_img02.jpg,"High levels of nitrogen and phosphate in soils, derived from artificial fertilisers, could be taken as evidence of the onset of the Anthropocene. Photograph: Pascal Rossignol/Reuters",,1,graph,3,photo|photograph|reuters,0,likely_visualization
guardian_86bf2fe103,The Guardian,2016,"""sea level rise""",The Anthropocene epoch: scientists declare dawn of human-influenced age,https://www.theguardian.com/environment/2016/aug/29/declare-anthropocene-epoch-experts-urge-geological-congress-human-impact-earth,2016-08-29,2021-10-29,3,https://i.guim.co.uk/img/media/d3641c6ee259eef72934250150aadc7a7bcbe044/0_140_4200_2520/master/4200.jpg?width=445&dpr=1&s=none&crop=none,../Scripts/output/guardian/guardian_images/guardian_2016-08-29_guardian_86bf2fe103_img03.jpg,Human activity has left a permanent layer of airborne particulates in sediment and glacial ice. Photograph: Pool/Reuters,,1,graph,3,photo|photograph|reuters,0,likely_visualization
guardian_3da51124a3,The Guardian,2016,"""carbon budget""","Australia needs two emissions trading schemes, Climate Change Authority says",https://www.theguardian.com/environment/2016/aug/31/australia-needs-two-emissions-trading-schemes-climate-change-authority-says,2016-08-31,2021-08-25,1,https://i.guim.co.uk/img/media/65652a33d72e8e49fbb8a6f9747322e871042b47/0_23_2298_1379/master/2298.jpg?width=465&dpr=1&s=none&crop=none,../Scripts/output/guardian/guardian_images/guardian_2016-08-31_guardian_3da51124a3_img01.jpg,"The Climate Change Authority’s recommendations are expected to put pressure on the new environment and energy minister, Josh Frydenberg. Photograph: David Gray/Reuters",,1,graph,3,photo|photograph|reuters,0,likely_visualization
guardian_6f782e861e,The Guardian,2016,"""1.5C""","Paris climate deal: where US and China have led, others must quickly follow",https://www.theguardian.com/environment/2016/sep/03/paris-climate-deal-where-us-and-china-have-led-others-must-quickly-follow,2016-09-03,2021-08-25,1,https://i.guim.co.uk/img/media/c24ae8dffd8424d0986484d4a5c1ff49113fafa0/0_245_4928_2956/master/4928.jpg?width=465&dpr=1&s=none&crop=none,../Scripts/output/guardian/guardian_images/guardian_2016-09-03_guardian_6f782e861e_img01.jpg,Barack Obama and Xi Jinping shake hands before the G20 summit. Photograph: Pool/Getty Images,,1,graph,3,getty|photo|photograph,0,likely_visualization
guardian_cc51b5e094,The Guardian,2016,"""global temperature""",G20 summit: US and China ratify Paris climate change agreement - as it happened,https://www.theguardian.com/world/live/2016/sep/03/g20-summit-obama-to-make-climate-change-announcement-as-may-heads-to-china-live,2016-09-03,2021-08-25,1,https://i.guim.co.uk/img/media/3dbcfc85e1fce5820822db2a0577aefc92db754f/817_39_796_995/master/796.jpg?width=120&dpr=1&s=none&crop=none,../Scripts/output/guardian/guardian_images/guardian_2016-09-03_guardian_cc51b5e094_img01.jpg,"Theresa May, Cardiff, Wales, July 18 Photograph: WPA Pool/Getty Images",,1,graph,3,getty|photo|photograph,0,likely_visualization
guardian_cc51b5e094,The Guardian,2016,"""global temperature""",G20 summit: US and China ratify Paris climate change agreement - as it happened,https://www.theguardian.com/world/live/2016/sep/03/g20-summit-obama-to-make-climate-change-announcement-as-may-heads-to-china-live,2016-09-03,2021-08-25,2,https://i.guim.co.uk/img/media/418c20e895321eb64c66b148b006e47321688b0e/0_123_4928_2958/master/4928.jpg?width=465&dpr=1&s=none&crop=none,../Scripts/output/guardian/guardian_images/guardian_2016-09-03_guardian_cc51b5e094_img02.jpg,"Chinese President Xi Jinping (R) shakes hands with US President Barack Obama (L) before their meeting at the West Lake State Guest House ahead of G20 Summit on September 3, 2016 in Hangzhou, China Photograph: Pool/Getty Images",,1,graph,3,getty|photo|photograph,0,likely_visualization
guardian_b7f336a95a,The Guardian,2016,"""carbon budget""","Climate Change Authority's plan is 'a dog's breakfast', say dissenting members",https://www.theguardian.com/environment/2016/sep/05/climate-change-authoritys-plan-is-a-dogs-breakfast-say-dissenting-members,2016-09-04,2021-08-25,1,https://i.guim.co.uk/img/media/ad07710b1a3c3e93c3a78cda78cd97cf9349e5a1/0_170_3000_1800/master/3000.jpg?width=465&dpr=1&s=none&crop=none,../Scripts/output/guardian/guardian_images/guardian_2016-09-04_guardian_b7f336a95a_img01.jpg,Loy Yang brown coalmine in the Latrobe Valley. Climate scientist David Karoly and economist Clive Hamilton have called for brown-coal-fired power plants to be closed. Photograph: Bloomberg via Getty Images,,1,graph,3,getty|photo|photograph,0,likely_visualization
guardian_dafaf818e3,The Guardian,2016,"""carbon budget""","'We’re not going anywhere,' say Climate Change Authority dissenters",https://www.theguardian.com/environment/planet-oz/2016/sep/05/were-not-going-anywhere-say-climate-change-authority-dissenters,2016-09-05,2021-08-25,1,https://i.guim.co.uk/img/media/f01a95d4b8b4218c5de634703745dbbce19e606f/0_67_2952_1771/master/2952.jpg?width=465&dpr=1&s=none&crop=none,../Scripts/output/guardian/guardian_images/guardian_2016-09-05_guardian_dafaf818e3_img01.jpg,"The dissenters’ chief accusation is that the Climate Change Authority has ignored the realities of the Paris agreement, which calls for all countries to work together to keep global warming ‘well below 2C’. Photograph: Mick Tsikas/Reuters",,1,graph,3,photo|photograph|reuters,0,likely_visualization
guardian_2c64a2bc3c,The Guardian,2016,"""global temperature""",Our best shot at cooling the planet might be right under our feet,https://www.theguardian.com/global-development-professionals-network/2016/sep/10/soil-our-best-shot-at-cooling-the-planet-might-be-right-under-our-feet,2016-09-10,2021-08-25,3,https://i.guim.co.uk/img/media/5a98cacddbf9fe4507c3fbe50e25306656bbde0e/0_3_2436_1463/master/2436.jpg?width=445&dpr=1&s=none&crop=none,../Scripts/output/guardian/guardian_images/guardian_2016-09-10_guardian_2c64a2bc3c_img03.jpg,Lines of maize on the Malaysian organic farm run by Dr Mohd Ishak Syed Ahmad in Malacca. Photograph: Bazuki Muhammad/REUTERS,,1,graph,3,photo|photograph|reuters,0,likely_visualization
guardian_674a8b619b,The Guardian,2016,"""global temperature""",Was that climate change? Scientists are getting faster at linking extreme weather to warming,https://www.theguardian.com/environment/planet-oz/2016/sep/15/was-that-climate-change-scientists-are-getting-faster-at-linking-extreme-weather-to-warming,2016-09-14,2021-08-25,1,https://i.guim.co.uk/img/media/742c19ef5e98094067be8c3e448eedaf3835f29f/0_78_3000_1800/master/3000.jpg?width=465&dpr=1&s=none&crop=none,../Scripts/output/guardian/guardian_images/guardian_2016-09-14_guardian_674a8b619b_img01.jpg,"Leslie Andermann Gallagher surveys the flood damage to her home in Sorrento, Louisiana, in August. A team of scientists have been able to conclude that human-caused climate change had probably doubled the chance of the state being hit by such a downpour. Photograph: Joe Raedle/Getty Images",,1,graph,3,getty|photo|photograph,0,likely_visualization
guardian_eef77a0901,The Guardian,2016,"""sea level rise""",Military experts say climate change poses 'significant risk' to security,https://www.theguardian.com/environment/2016/sep/14/military-experts-climate-change-significant-security-risk,2016-09-14,2021-08-25,1,https://i.guim.co.uk/img/media/bef0f1df816538ca68bc5dadf96100edcc045952/48_0_5287_3172/master/5287.jpg?width=465&dpr=1&s=none&crop=none,../Scripts/output/guardian/guardian_images/guardian_2016-09-14_guardian_eef77a0901_img01.jpg,"The Pentagon ordered its officials in January to start incorporateing climate change into every major consideration, from weapons testing to preparing troops for war. Photograph: Charles Dharapak/AP",,1,graph,3,epa|photo|photograph,0,likely_visualization
guardian_c9bc86e8d1,The Guardian,2016,"""sea level rise""",Senate passes Everglades restoration measure to fight toxic algae blooms,https://www.theguardian.com/environment/2016/sep/16/florida-everglades-restoration-bill-toxic-algae-blooms,2016-09-16,2017-07-14,1,https://i.guim.co.uk/img/media/d254dceaf0345507e2e70302becb26def4906036/0_360_5368_3221/master/5368.jpg?width=465&dpr=1&s=none&crop=none,../Scripts/output/guardian/guardian_images/guardian_2016-09-16_guardian_c9bc86e8d1_img01.jpg,Florida senator Marco Rubio called the Everglades restoration bill the ‘single largest thing that’s gotten done’ on the issue in Congress. Photograph: Jupiterimages/Getty Images,,1,graph,3,getty|photo|photograph,0,likely_visualization
guardian_0fe720e867,The Guardian,2016,"""1.5C""","Global trade deal threatens Paris climate goals, leaked documents show",https://www.theguardian.com/environment/2016/sep/20/global-trade-deal-threatens-paris-climate-goals-leaked-documents-show,2016-09-20,2021-08-25,1,https://i.guim.co.uk/img/media/8d423e622b3ba913f021473754cf3a23879df652/0_0_4200_2521/master/4200.jpg?width=465&dpr=1&s=none&crop=none,../Scripts/output/guardian/guardian_images/guardian_2016-09-20_guardian_0fe720e867_img01.jpg,Campaigners believe Tisa would increase the power of multinationals to prevent government from taking measures to keep temperature rises to 1.5C. Photograph: Jacky Naegelen/Reuters,,1,graph,3,photo|photograph|reuters,0,likely_visualization
guardian_0fe720e867,The Guardian,2016,"""1.5C""","Global trade deal threatens Paris climate goals, leaked documents show",https://www.theguardian.com/environment/2016/sep/20/global-trade-deal-threatens-paris-climate-goals-leaked-documents-show,2016-09-20,2021-08-25,2,https://i.guim.co.uk/img/media/a9282f49d1a6cdc243619899e846082fb2baa6b9/0_0_3500_2359/master/3500.jpg?width=445&dpr=1&s=none&crop=none,../Scripts/output/guardian/guardian_images/guardian_2016-09-20_guardian_0fe720e867_img02.jpg,"Members of the Confederal Group of the European United Left hold posters with the slogan ‘Stop Tisa’ (Trade in Services Agreement) during a voting session at the European parliament in Strasbourg, France. Photograph: Vincent Kessler / Reuters/Reuters",,1,graph,3,photo|photograph|reuters,0,likely_visualization
guardian_1948809322,The Guardian,2016,"""carbon budget""","Australia's emissions won't fall by 2030 without greater climate action, modelling shows",https://www.theguardian.com/environment/2016/sep/21/australias-emissions-wont-fall-by-2030-without-greater-climate-action-modelling-shows,2016-09-20,2021-08-25,1,https://i.guim.co.uk/img/media/f58f55400ee57b8c6ce99b8c3f49d2a47da43cae/0_0_3968_2380/master/3968.jpg?width=465&dpr=1&s=none&crop=none,../Scripts/output/guardian/guardian_images/guardian_2016-09-20_guardian_1948809322_img01.jpg,A coal-fired power station in Victoria. Australia’s emissions were modelled to end up at just 2% below 2005 levels by 2030. Photograph: Bloomberg via Getty Images,,1,graph,3,getty|photo|photograph,0,likely_visualization
guardian_31fb05619d,The Guardian,2016,"""sea level rise""",100 countries push to phase out potentially disastrous greenhouse gas,https://www.theguardian.com/environment/2016/sep/22/100-countries-phase-out-hydrofluorocarbons-greenhouse-gas,2016-09-22,2021-08-25,1,https://i.guim.co.uk/img/media/3dc2c818d3c035942a785ba40d0142b914c11c8a/0_119_2048_1229/master/2048.jpg?width=465&dpr=1&s=none&crop=none,../Scripts/output/guardian/guardian_images/guardian_2016-09-22_guardian_31fb05619d_img01.jpg,"Concerns over the gaping ozone hole over Antarctica spurred countries to agree to phase out chlorofluorocarbons, an ozone-depleting gas found in fridges and aerosols, in 1987. Photograph: Nasa/Reuters",,1,graph,3,photo|photograph|reuters,0,likely_visualization
guardian_0208fdee3b,The Guardian,2016,"""1.5C""",Ratifiying the Paris agreement will be a major step but must be the first of many,https://www.theguardian.com/environment/2016/sep/23/ratifiying-the-paris-agreement-will-be-a-major-step-but-must-be-the-first-of-many,2016-09-23,2021-08-25,1,https://i.guim.co.uk/img/media/cceb57f57a63a5774963c997bbb32f238e510aa0/40_0_1954_1173/master/1954.jpg?width=465&dpr=1&s=none&crop=none,../Scripts/output/guardian/guardian_images/guardian_2016-09-23_guardian_0208fdee3b_img01.jpg,"No international treaty, legally binding or not, can force countries to limit emissions if they are not willing to do so. Photograph: Julian Stratenschulte/EPA",,1,graph,3,epa|photo|photograph,0,likely_visualization
guardian_4fcd5bf078,The Guardian,2016,"""global temperature""","No fracking, drilling or digging: it’s the only way to save life on Earth",https://www.theguardian.com/commentisfree/2016/sep/27/fracking-digging-drilling-paris-agreement-fossil-fuels,2016-09-27,2021-08-25,1,https://i.guim.co.uk/img/media/3ae0b8bbfed8394f422cdeb81bdc2bd44e5e1840/0_144_4290_2575/master/4290.jpg?width=465&dpr=1&s=none&crop=none,../Scripts/output/guardian/guardian_images/guardian_2016-09-27_guardian_4fcd5bf078_img01.jpg,The industrial landscape across the Dee estuary. Photograph: Christopher Furlong/Getty Images,,1,graph,3,getty|photo|photograph,0,likely_visualization
guardian_16be8fc746,The Guardian,2016,"""sea level rise""",Obama's climate change legacy at stake as Clean Power Plan has its day in court,https://www.theguardian.com/environment/2016/sep/28/clean-power-plan-court-obama-climate-change,2016-09-28,2021-08-25,1,https://i.guim.co.uk/img/media/4637f0703ab8d08f917e765d15c696d138a9db27/0_116_3500_2101/master/3500.jpg?width=465&dpr=1&s=none&crop=none,../Scripts/output/guardian/guardian_images/guardian_2016-09-28_guardian_16be8fc746_img01.jpg,"A coal-fired power plant is seen behind a home in Poca, West Virginia. The state’s attorney general said the Clean Power Plan would cost miners their jobs and raise electricity bills. Photograph: Robert Galbraith/Reuters",,1,graph,3,photo|photograph|reuters,0,likely_visualization
guardian_e18d94d18b,The Guardian,2016,IPCC,‘He died like a slave’: the tragic death of Mzee Mohammed,https://www.theguardian.com/us-news/2016/oct/02/he-died-like-slave-mzee-mohammed-black-lives-matter-jamaica,2016-10-01,2020-06-12,4,https://i.guim.co.uk/img/media/f2724f6993e04abdaa7d2cb626eefc68d1943c5c/0_173_5184_3110/master/5184.jpg?width=445&dpr=1&s=none&crop=none,../Scripts/output/guardian/guardian_images/guardian_2016-10-01_guardian_e18d94d18b_img04.jpg,"Taking to the streets: a Black Lives Matter demonstration for Mzee Mohammed in London. Marcia Rigg holds a placard – her brother Sean also died in custody, in 2008. Photograph: David Mbiyu/Getty Images",,1,graph,3,getty|photo|photograph,0,likely_visualization
guardian_e18d94d18b,The Guardian,2016,IPCC,‘He died like a slave’: the tragic death of Mzee Mohammed,https://www.theguardian.com/us-news/2016/oct/02/he-died-like-slave-mzee-mohammed-black-lives-matter-jamaica,2016-10-01,2020-06-12,5,https://i.guim.co.uk/img/media/0b02fa78c99faa53a1fba9d32e3dc504573cedc3/0_346_5184_3110/master/5184.jpg?width=445&dpr=1&s=none&crop=none,../Scripts/output/guardian/guardian_images/guardian_2016-10-01_guardian_e18d94d18b_img05.jpg,Spreading the word: Black Lives Matter protesters on Oxford Street. Photograph: David Mbiyu/Getty Images,,1,graph,3,getty|photo|photograph,0,likely_visualization
guardian_639ec5b9fd,The Guardian,2016,"""global temperature""","Planet at its hottest in 115,000 years thanks to climate change, experts say",https://www.theguardian.com/environment/2016/oct/03/global-temperature-climate-change-highest-115000-years,2016-10-04,2021-08-25,1,https://i.guim.co.uk/img/media/fbfe3d2854f38f234272e236b9f3ee235c755571/0_162_4928_2956/master/4928.jpg?width=465&dpr=1&s=none&crop=none,../Scripts/output/guardian/guardian_images/guardian_2016-10-04_guardian_639ec5b9fd_img01.jpg,"A coal-fired power station. ‘Massive CO2 extraction’ costing trillions is needed in order to avoid runaway temperature rises, says a new paper. Photograph: Florian Gaertner/Photothek via Getty Images",,1,graph,3,getty|photo|photograph,0,likely_visualization
guardian_74142a3258,The Guardian,2016,"""global temperature""","Paris climate deal a 'turning point' in global warming fight, Obama says",https://www.theguardian.com/environment/2016/oct/05/obama-paris-climate-deal-ratification,2016-10-05,2021-08-25,1,https://i.guim.co.uk/img/media/21f10b41276393c4f78abb5cc9ca656dea44a751/0_326_3500_2101/master/3500.jpg?width=465&dpr=1&s=none&crop=none,../Scripts/output/guardian/guardian_images/guardian_2016-10-05_guardian_74142a3258_img01.jpg,"Barack Obama: ‘No nation, not even one as powerful as ours, can solve this on its own – we have to do this together.’ Photograph: CHRIS KLEPONIS / POOL/EPA",,1,graph,3,epa|photo|photograph,0,likely_visualization
guardian_92552d56a1,The Guardian,2016,"""sea level rise""","Hurricanes will worsen as planet warms and sea levels rise, scientists warn",https://www.theguardian.com/world/2016/oct/05/climate-change-hurricane-matthew-sea-level-rise,2016-10-05,2021-08-25,2,https://i.guim.co.uk/img/media/be270441f30db3b5e2a7f13780c8bc811001fe1d/0_165_3500_2100/master/3500.jpg?width=445&dpr=1&s=none&crop=none,../Scripts/output/guardian/guardian_images/guardian_2016-10-05_guardian_92552d56a1_img02.jpg,Trees sway with the wind as Hurricane Matthew passes through Haiti. Photograph: Andres Martinez Casares/Reuters,,1,graph,3,photo|photograph|reuters,0,likely_visualization
guardian_c4a79cbbc8,The Guardian,2016,"""global temperature""",First deal to curb aviation emissions agreed in landmark UN accord,https://www.theguardian.com/environment/2016/oct/06/aviation-emissions-agreement-united-nations,2016-10-06,2021-08-25,1,https://i.guim.co.uk/img/media/c1a6b536c9118d091c12383d77aa487116fe2a96/0_25_3500_2101/master/3500.jpg?width=465&dpr=1&s=none&crop=none,../Scripts/output/guardian/guardian_images/guardian_2016-10-06_guardian_c4a79cbbc8_img01.jpg,A plane flies in the polluted air above the airport fences in Beijing. Photograph: Petar Kujundzic/Reuters,,1,graph,3,photo|photograph|reuters,0,likely_visualization
guardian_e950a2223a,The Guardian,2016,"""net zero""",The Paris agreement really does change everything,https://www.theguardian.com/commentisfree/2016/oct/07/paris-agreement-climate-change-carbon-emissions,2016-10-07,2021-08-25,1,https://i.guim.co.uk/img/media/4944c5385da1d7f1f8edadb1be3834597af66a20/0_0_3500_2100/master/3500.jpg?width=465&dpr=1&s=none&crop=none,../Scripts/output/guardian/guardian_images/guardian_2016-10-07_guardian_e950a2223a_img01.jpg,"Narendra Modi, the Indian prime minister, and America’s President Obama at the climate change summit in Paris. Photograph: Kevin Lamarque/Reuters",,1,graph,3,photo|photograph|reuters,0,likely_visualization
guardian_1c0ea14e83,The Guardian,2016,"""sea level rise""","Donald Trump's comments described sexual assault, White House says – as it happened",https://www.theguardian.com/us-news/live/2016/oct/11/trump-tape-paul-ryan-support,2016-10-11,2018-02-09,2,https://i.guim.co.uk/img/media/57e8450f69610ed42d11ce99bfee8b014a5a0c36/0_0_3500_2334/master/3500.jpg?width=465&dpr=1&s=none&crop=none,../Scripts/output/guardian/guardian_images/guardian_2016-10-11_guardian_1c0ea14e83_img02.jpg,Hillary Clinton Photograph: Lucy Nicholson/Reuters,,1,graph,3,photo|photograph|reuters,0,likely_visualization
guardian_b8cb848efa,The Guardian,2016,IPCC,Three police officers charged over evidence given into death of student,https://www.theguardian.com/uk-news/2016/oct/12/three-police-officers-charged-over-evidence-given-into-death-of-student-kingsley-burrell,2016-10-12,2017-11-28,1,https://i.guim.co.uk/img/media/5bbbf62bda694c1f444b1a1240e1e67096de6f02/0_330_1560_936/master/1560.jpg?width=465&dpr=1&s=none&crop=none,../Scripts/output/guardian/guardian_images/guardian_2016-10-12_guardian_b8cb848efa_img01.jpg,Kingsley Burrell was left handcuffed for hours on a hospital floor while in police custody in Birmingham. Photograph: Family handout/PA,,1,graph,3,handout|photo|photograph,0,likely_visualization
guardian_27a99aab71,The Guardian,2016,IPCC,Jermaine Baker shooting: IPCC 'failed to hold Met to account',https://www.theguardian.com/uk-news/2016/oct/14/jermaine-baker-shooting-ipcc-failed-to-hold-met-to-account-family-says,2016-10-14,2018-01-11,1,https://i.guim.co.uk/img/media/628540e213e18a7a0856b94b5fc8a5fde05fe29f/12_101_628_377/master/628.jpg?width=465&dpr=1&s=none&crop=none,../Scripts/output/guardian/guardian_images/guardian_2016-10-14_guardian_27a99aab71_img01.jpg,Jermaine Baker was shot by an officer on 11 December 2015. Photograph: Handout,,1,graph,3,handout|photo|photograph,0,likely_visualization
guardian_840a88130a,The Guardian,2016,"""sea level rise""","Global sea levels are rising fast, so where does that leave the cities most at risk?",https://www.theguardian.com/cities/2016/oct/14/global-sea-levels-rising-fast-cities-most-at-risk-flooding-un-habitat,2016-10-14,2021-08-25,1,https://i.guim.co.uk/img/media/804804f2ab383405162c8b85afe91c104d49018a/0_13_3000_1799/master/3000.jpg?width=465&dpr=1&s=none&crop=none,../Scripts/output/guardian/guardian_images/guardian_2016-10-14_guardian_840a88130a_img01.jpg,New reports suggest nearly 1.9 million US homes could be under water by the end of the century. Photograph: Joe Raedle/Getty Images,,1,graph,3,getty|photo|photograph,0,likely_visualization
guardian_840a88130a,The Guardian,2016,"""sea level rise""","Global sea levels are rising fast, so where does that leave the cities most at risk?",https://www.theguardian.com/cities/2016/oct/14/global-sea-levels-rising-fast-cities-most-at-risk-flooding-un-habitat,2016-10-14,2021-08-25,3,https://i.guim.co.uk/img/media/af40bbe759a03504a4ac690934377e8b0d6a097d/0_16_2995_1797/master/2995.jpg?width=445&dpr=1&s=none&crop=none,../Scripts/output/guardian/guardian_images/guardian_2016-10-14_guardian_840a88130a_img03.jpg,"More than 1,800 people were killed after Hurricane Katrina hit the US in 2005. Photograph: Vincent Laforet/Pool/EPA",,1,graph,3,epa|photo|photograph,0,likely_visualization
guardian_840a88130a,The Guardian,2016,"""sea level rise""","Global sea levels are rising fast, so where does that leave the cities most at risk?",https://www.theguardian.com/cities/2016/oct/14/global-sea-levels-rising-fast-cities-most-at-risk-flooding-un-habitat,2016-10-14,2021-08-25,4,https://i.guim.co.uk/img/media/7de0128ba14aeb33bcaeb880d202828594a5ca67/0_10_3168_1902/master/3168.jpg?width=445&dpr=1&s=none&crop=none,../Scripts/output/guardian/guardian_images/guardian_2016-10-14_guardian_840a88130a_img04.jpg,Dutch experts are advising the US city of Norfolk on how to prepare for the dangerous effects of climate change. Photograph: Bill Tiernan/AP,,1,graph,3,epa|photo|photograph,0,likely_visualization
guardian_e9c4e00d3d,The Guardian,2016,"""global temperature""","In their clamour for shale gas, ministers forgot the climate agreement",https://www.theguardian.com/environment/2016/oct/16/in-their-clamour-for-shale-gas-ministers-forgot-the-climate-agreement,2016-10-16,2018-02-14,1,https://i.guim.co.uk/img/media/7d897f1f2f11ceb91915bf4521841fef8b008f8d/0_172_4422_2652/master/4422.jpg?width=465&dpr=1&s=none&crop=none,../Scripts/output/guardian/guardian_images/guardian_2016-10-16_guardian_e9c4e00d3d_img01.jpg,"Sajid Javid’s decision to give the go-ahead for fracking in Lancashire is revealing, says letter writer Kevin Anderson. Photograph: Matt Cardy/Getty",,1,graph,3,getty|photo|photograph,0,likely_visualization
guardian_0e36844c93,The Guardian,2016,"""sea level rise""",Shipping 'progressives' call for industry carbon emission cuts,https://www.theguardian.com/environment/2016/oct/19/shipping-progressives-call-for-industry-carbon-emission-cuts,2016-10-19,2021-08-25,1,https://i.guim.co.uk/img/media/62ff0f3bf105d74b7da8aea33f9bb43783f0321f/0_26_4096_2459/master/4096.jpg?width=465&dpr=1&s=none&crop=none,../Scripts/output/guardian/guardian_images/guardian_2016-10-19_guardian_0e36844c93_img01.jpg,Maersk is among the organisations saying shipping must play its part in holding global temperatures rises to less than 2C. Photograph: Ingo Wagner/EPA,,1,graph,3,epa|photo|photograph,0,likely_visualization
guardian_2d91a4cc0a,The Guardian,2016,IPCC,IPCC to review decision not to investigate police chief over Hillsborough,https://www.theguardian.com/football/2016/oct/21/ipcc-reconsiders-decision-not-to-investigate-hillsborough-police-chief-david-crompton,2016-10-21,2018-01-11,2,https://i.guim.co.uk/img/media/8c19fd7b53c7fdfc131bd0a98c14ffa2993f6bc0/0_121_4096_2457/master/4096.jpg?width=445&dpr=1&s=none&crop=none,../Scripts/output/guardian/guardian_images/guardian_2016-10-21_guardian_2d91a4cc0a_img02.jpg,St George’s Hall in Liverpool is lit up in following the unlawful killing verdict at the Hillsborough inquest in April. Photograph: Peter Powell/EPA,,1,graph,3,epa|photo|photograph,0,likely_visualization
guardian_c435e066c8,The Guardian,2016,IPCC,Why optimism is as scarce as wins around Sunderland,https://www.theguardian.com/football/2016/oct/21/the-fiver-sunderland-david-moyes,2016-10-21,2017-02-20,1,https://i.guim.co.uk/img/media/a62971ec83110382fe2c81e777f4c44d92ad3270/101_61_1261_756/master/1261.jpg?width=465&dpr=1&s=none&crop=none,../Scripts/output/guardian/guardian_images/guardian_2016-10-21_guardian_c435e066c8_img01.jpg,‘Not that fancy store-bought dirt.’ Photograph: Stu Forster/Getty Images,,1,graph,3,getty|photo|photograph,0,likely_visualization
guardian_c435e066c8,The Guardian,2016,IPCC,Why optimism is as scarce as wins around Sunderland,https://www.theguardian.com/football/2016/oct/21/the-fiver-sunderland-david-moyes,2016-10-21,2017-02-20,3,https://i.guim.co.uk/img/media/b8d0ef54c53d88019f0ad490fd137e72c379e445/181_341_2982_1789/master/2982.jpg?width=445&dpr=1&s=none&crop=none,../Scripts/output/guardian/guardian_images/guardian_2016-10-21_guardian_c435e066c8_img03.jpg,Ja! Photograph: Alexander Hassenstein/Bongarts/Getty Images,,1,graph,3,getty|photo|photograph,0,likely_visualization
guardian_a5037117d6,The Guardian,2016,"""sea level rise""",'The atmosphere is being radicalized' by climate change,https://www.theguardian.com/environment/climate-consensus-97-per-cent/2016/oct/24/the-atmosphere-is-being-radicalized-by-climate-change,2016-10-24,2021-08-25,1,https://i.guim.co.uk/img/media/e4303c3fd74fab6121cc8743cc4717dbaed9f354/0_188_2048_1228/master/2048.jpg?width=465&dpr=1&s=none&crop=none,../Scripts/output/guardian/guardian_images/guardian_2016-10-24_guardian_a5037117d6_img01.jpg,Hurricane Matthew heads to the East Coast of the USA. Photograph: NASA/EPA,,1,graph,3,epa|photo|photograph,0,likely_visualization
guardian_d75af213f7,The Guardian,2016,"""carbon budget""",Heathrow approval puts business above political and environment issues,https://www.theguardian.com/uk-news/2016/oct/25/heathrow-approval-business-political-environmental-issues,2016-10-25,2021-08-25,1,https://i.guim.co.uk/img/media/7f33a7e1f2295c6ca8bdfa29995eb2b1a505ff79/57_291_4087_2453/master/4087.jpg?width=465&dpr=1&s=none&crop=none,../Scripts/output/guardian/guardian_images/guardian_2016-10-25_guardian_d75af213f7_img01.jpg,"Business has always favoured expanding Heathrow, but in 2008, Theresa May said this would undermine environmental goals. Photograph: Jack Taylor/Getty",,1,graph,3,getty|photo|photograph,0,likely_visualization
guardian_8bb3717255,The Guardian,2016,"""net zero""",WA must embrace dawn of renewable energy era or risk being left behind,https://www.theguardian.com/sustainable-business/2016/oct/27/wa-must-embrace-dawn-of-renewable-energy-era-or-risk-being-left-behind,2016-10-26,2018-02-14,1,https://i.guim.co.uk/img/media/fc09454ed7109119a3714931d27ec457bb49b3ca/0_163_3234_1941/master/3234.jpg?width=465&dpr=1&s=none&crop=none,../Scripts/output/guardian/guardian_images/guardian_2016-10-26_guardian_8bb3717255_img01.jpg,A truck is loaded with iron ore at the Fortescue Metals Group Christmas Creek iron ore mine in the Pilbara region of Western Australia. Photograph: Reuters,,1,graph,3,photo|photograph|reuters,0,likely_visualization
guardian_7880712ea7,The Guardian,2016,"""sea level rise""",The carbon bubble: why investors can no longer ignore climate risks,https://www.theguardian.com/sustainable-business/2016/oct/27/investment-advice-retirement-portfolio-tips-climate-change-financial-risk,2016-10-27,2021-08-25,1,https://i.guim.co.uk/img/media/e404430e79f639a160dffff1033e8a5f74c8e4e3/0_0_3500_2101/master/3500.jpg?width=465&dpr=1&s=none&crop=none,../Scripts/output/guardian/guardian_images/guardian_2016-10-27_guardian_7880712ea7_img01.jpg,"Due to the ubiquity of climate risk, investors can’t simply diversify away from it; instead they must focus on managing it. Photograph: Lucas Jackson/Reuters",,1,graph,3,photo|photograph|reuters,0,likely_visualization
guardian_602e9922db,The Guardian,2016,"""global temperature""","Climate change: Australia falling behind rest of world on emissions cuts, says report",https://www.theguardian.com/environment/2016/nov/03/climate-change-australia-falling-behind-rest-of-world-on-emissions-cuts-says-report,2016-11-02,2021-08-25,1,https://i.guim.co.uk/img/media/1bd24faf1d4a7771565a278daf8ec9689d437803/0_84_2928_1757/master/2928.jpg?width=465&dpr=1&s=none&crop=none,../Scripts/output/guardian/guardian_images/guardian_2016-11-02_guardian_602e9922db_img01.jpg,"Sturt Daley, site manager, stands atop a wind turbine nacelle at Capital Wind Farm in Bungendore. A new report says Australia is lagging behind on its professed goals to cut emissions. Photograph: Bloomberg via Getty Images",,1,graph,3,getty|photo|photograph,0,likely_visualization
guardian_c7d97091c0,The Guardian,2016,"""net zero""",New South Wales unveils plan to reach zero emissions by 2050,https://www.theguardian.com/australia-news/2016/nov/03/new-south-wales-unveils-plan-to-reach-zero-emissions-by-2050,2016-11-02,2021-08-25,1,https://i.guim.co.uk/img/media/09ad0c5ff8346c68b0c1546fa0ca974f0b1cc73d/0_270_4093_2462/master/4093.jpg?width=465&dpr=1&s=none&crop=none,../Scripts/output/guardian/guardian_images/guardian_2016-11-02_guardian_c7d97091c0_img01.jpg,"An aerial view of the Broken Hill solar plant, New South Wales, Australia. New South Wales has unveiled plans to invest in renewables. Photograph: Australian Renewable Agency/EPA",,1,graph,3,epa|photo|photograph,0,likely_visualization
guardian_0ee4b56a90,The Guardian,2016,IPCC,Operation Midland: report to criticise Met's sex abuse inquiry,https://www.theguardian.com/uk-news/2016/nov/03/operation-midland-report-to-criticise-scotland-yards-handling-of-sexual-abuse-inquiry,2016-11-03,2018-01-11,1,https://i.guim.co.uk/img/media/e945fc97c600098ded588e3960119c89dfb6fc5f/0_193_2104_1261/master/2104.jpg?width=465&dpr=1&s=none&crop=none,../Scripts/output/guardian/guardian_images/guardian_2016-11-03_guardian_0ee4b56a90_img01.jpg,The Scotland Yard inquiry was ordered by Sir Bernard Hogan-Howe. Photograph: Bruno Vincent/Getty Images,,1,graph,3,getty|photo|photograph,0,likely_visualization
guardian_648faf4ceb,The Guardian,2016,"""global temperature""","World on track for 3C of warming under current global climate pledges, warns UN",https://www.theguardian.com/environment/2016/nov/03/world-on-track-for-3c-of-warming-under-current-global-climate-pledges-warns-un,2016-11-03,2021-08-25,1,https://i.guim.co.uk/img/media/f1a5890a6bc23b19663a3aa660d828522173b9df/0_108_4968_2981/master/4968.jpg?width=465&dpr=1&s=none&crop=none,../Scripts/output/guardian/guardian_images/guardian_2016-11-03_guardian_648faf4ceb_img01.jpg,Glacial retreat in Western Antarctica. Photograph: Mario Tama/Getty Images,,1,graph,3,getty|photo|photograph,0,likely_visualization
guardian_e56ec1b20b,The Guardian,2016,"""net zero""",Australia being 'left behind' by global momentum on climate change,https://www.theguardian.com/environment/2016/nov/03/australia-being-left-behind-by-global-momentum-on-climate-change,2016-11-03,2021-08-25,1,https://i.guim.co.uk/img/media/91287002d58709df0bbd76f9cfe38f0eb3d56395/0_126_4096_2458/master/4096.jpg?width=465&dpr=1&s=none&crop=none,../Scripts/output/guardian/guardian_images/guardian_2016-11-03_guardian_e56ec1b20b_img01.jpg,"Australia is heading to the meeting in Morocco without having ratified the Paris agreement to limit global warming, which comes into force on Friday. Photograph: Christophe Petit Tesson/EPA",,1,graph,3,epa|photo|photograph,0,likely_visualization
guardian_e30b4c4ce9,The Guardian,2016,"""net zero""","With opponents inside and out, there's no plain sailing for Malcolm Turnbull",https://www.theguardian.com/australia-news/2016/nov/05/with-opponents-inside-and-out-theres-no-plain-sailing-for-malcolm-turnbull,2016-11-04,2021-08-25,1,https://i.guim.co.uk/img/media/bca95d5968754cd2cdb43d03ea9c6431135de7d7/0_20_1417_850/master/1417.jpg?width=465&dpr=1&s=none&crop=none,../Scripts/output/guardian/guardian_images/guardian_2016-11-04_guardian_e30b4c4ce9_img01.jpg,"The prime minister, Malcolm Turnbull, faces a tough few weeks in unveiling a resettlement deal for asylum seekers and ratifying the Paris climate change agreement. Photograph: Reuters",,1,graph,3,photo|photograph|reuters,0,likely_visualization
guardian_796ba72680,The Guardian,2016,"""global temperature""",Nicholas Stern: cost of global warming ‘is worse than I feared’,https://www.theguardian.com/environment/2016/nov/06/nicholas-stern-climate-change-review-10-years-on-interview-decisive-years-humanity,2016-11-06,2021-08-25,1,https://i.guim.co.uk/img/media/286a84b8ef816a099951dc378f99d02d705969b6/0_151_3931_2359/master/3931.jpg?width=465&dpr=1&s=none&crop=none,../Scripts/output/guardian/guardian_images/guardian_2016-11-06_guardian_796ba72680_img01.jpg,"Nicholas Stern: ‘With hindsight, I now realise that I underestimated the risks. I should have been much stronger in what I said.’ Photograph: David Levenson/Getty Images",,1,graph,3,getty|photo|photograph,0,likely_visualization
guardian_a8e9096970,The Guardian,2016,"""global temperature""","Global 'greening' has slowed rise of CO2 in the atmosphere, study finds",https://www.theguardian.com/environment/2016/nov/08/global-greening-has-slowed-rise-of-co2-in-the-atmosphere-study-finds,2016-11-08,2021-08-25,1,https://i.guim.co.uk/img/media/f988dab1f95579e55b6bc129e133e00cc94d9f40/0_0_3600_2160/master/3600.jpg?width=465&dpr=1&s=none&crop=none,../Scripts/output/guardian/guardian_images/guardian_2016-11-08_guardian_a8e9096970_img01.jpg,Natural vegetation absorbs about a quarter of the carbon emissions created by burning fossil fuels. Photograph: Kuni Takahashi/Getty Images,,1,graph,3,getty|photo|photograph,0,likely_visualization
guardian_fd512b95ec,The Guardian,2016,IPCC,"Operation Midland police fell for 'false claims' of VIP abuse, report says",https://www.theguardian.com/uk-news/2016/nov/08/operation-midland-riddled-with-met-police-errors-report-finds,2016-11-08,2017-11-28,1,https://i.guim.co.uk/img/media/844a2a1582ce2aab2d1c71cacfadb2b5fd6d79ff/0_117_3500_2100/master/3500.jpg?width=465&dpr=1&s=none&crop=none,../Scripts/output/guardian/guardian_images/guardian_2016-11-08_guardian_fd512b95ec_img01.jpg,Met police chief Sir Bernard Hogan-Howe ordered the report into police handling of Operation Midland. Photograph: Oli Scarff/Getty Images,,1,graph,3,getty|photo|photograph,0,likely_visualization
guardian_1a2a6988af,The Guardian,2016,"""global temperature""",What will President Donald Trump do? Predicting his policy agenda,https://www.theguardian.com/us-news/2016/nov/09/donald-trump-president-policy-immigration-agenda-healthcare,2016-11-09,2021-08-25,1,https://i.guim.co.uk/img/media/30c5ceef7ca01b2d072e014017cf15155884073b/0_360_4096_2456/master/4096.jpg?width=465&dpr=1&s=none&crop=none,../Scripts/output/guardian/guardian_images/guardian_2016-11-09_guardian_1a2a6988af_img01.jpg,"US citizens watch the live telecast of the 2016 US presidential elections on television at the US ambassador’s residence in Baghdad, Iraq, on Wednesday. Photograph: Hadi Mizban/EPA",,1,graph,3,epa|photo|photograph,0,likely_visualization
guardian_1a2a6988af,The Guardian,2016,"""global temperature""",What will President Donald Trump do? Predicting his policy agenda,https://www.theguardian.com/us-news/2016/nov/09/donald-trump-president-policy-immigration-agenda-healthcare,2016-11-09,2021-08-25,2,https://i.guim.co.uk/img/media/bcc41b334a7a125a1eb881e26bf1d13360b8f8cd/0_194_4319_2592/master/4319.jpg?width=445&dpr=1&s=none&crop=none,../Scripts/output/guardian/guardian_images/guardian_2016-11-09_guardian_1a2a6988af_img02.jpg,"President Vladimir Putin on Wednesday in Moscow, Russia. Photograph: Mikhail Svetlov/Getty Images",,1,graph,3,getty|photo|photograph,0,likely_visualization
guardian_448563f799,The Guardian,2016,"""sea level rise""",Climate finance dispute prompts Bangladesh to return £13m of UK aid,https://www.theguardian.com/global-development/2016/nov/10/climate-finance-dispute-bangladesh-returns-13-million-uk-aid-world-bank,2016-11-10,2022-10-19,1,https://i.guim.co.uk/img/media/ad9aa7593ab941bf53ab20a3376626195b4b7213/0_300_4500_2700/master/4500.jpg?width=465&dpr=1&s=none&crop=none,../Scripts/output/guardian/guardian_images/guardian_2016-11-10_guardian_448563f799_img01.jpg,"Villagers wait for a boat to escape flooding in Islampur, in Bangladesh’s Jamalpur district, in July 2016. Photograph: Probal Rashid/Getty Images",,1,graph,3,getty|photo|photograph,0,likely_visualization
guardian_f421a9e063,The Guardian,2016,"""global temperature""","Donald Trump presidency a 'disaster for the planet', warn climate scientists",https://www.theguardian.com/environment/2016/nov/11/trump-presidency-a-disaster-for-the-planet-climate-change,2016-11-11,2021-08-25,1,https://i.guim.co.uk/img/media/a1c9ac87faa68e19befdccf55aa46071082e5786/0_156_3000_1953/master/3000.jpg?width=465&dpr=1&s=none&crop=none,../Scripts/output/guardian/guardian_images/guardian_2016-11-11_guardian_f421a9e063_img01.jpg,Trump has called global warming a ‘bullshit’ Chinese-invented hoax and wants the US to exit the Paris climate deal. Photograph: Mark Wilson/Getty Images,,1,graph,3,getty|photo|photograph,0,likely_visualization
guardian_f421a9e063,The Guardian,2016,"""global temperature""","Donald Trump presidency a 'disaster for the planet', warn climate scientists",https://www.theguardian.com/environment/2016/nov/11/trump-presidency-a-disaster-for-the-planet-climate-change,2016-11-11,2021-08-25,3,https://i.guim.co.uk/img/media/f5fd657860337639e2562bccf0eef094cb96e1ea/0_0_3500_2334/master/3500.jpg?width=445&dpr=1&s=none&crop=none,../Scripts/output/guardian/guardian_images/guardian_2016-11-11_guardian_f421a9e063_img03.jpg,"Artificial turf is rolled out after digging up a lawn due to California suffering its worst dry spell in 1,200 years. If climate action fails under Trump, the US state may experience ‘megadroughts’ that last 20 or 30 years. Photograph: Lucy Nicholson/Reuters",,1,graph,3,photo|photograph|reuters,0,likely_visualization
guardian_8ef1ba5ccf,The Guardian,2016,"""global temperature""","2016 will be the hottest year on record, UN says",https://www.theguardian.com/environment/2016/nov/14/2016-will-be-the-hottest-year-on-record-un-says,2016-11-14,2021-08-25,1,https://i.guim.co.uk/img/media/7bc192a97197da07336f0a0f60989972260a2b83/0_57_4928_2957/master/4928.jpg?width=465&dpr=1&s=none&crop=none,../Scripts/output/guardian/guardian_images/guardian_2016-11-14_guardian_8ef1ba5ccf_img01.jpg,A heatwave in India where temperatures were recorded at 51.0C. Climate change means the occurrence and impact of extreme weather events has risen. Photograph: NurPhoto/Getty Images,,1,graph,3,getty|photo|photograph,0,likely_visualization
guardian_efff534a1c,The Guardian,2016,"""1.5C""",Marrakech climate talks an emotional ride as reports show need to end coal power,https://www.theguardian.com/environment/planet-oz/2016/nov/15/marrakech-climate-talks-an-emotional-ride-as-reports-show-need-to-end-coal-power,2016-11-14,2021-08-25,1,https://i.guim.co.uk/img/media/98b9f4db76f3b4decdd7bbc3ce9399c592f7cc58/0_77_3500_2102/master/3500.jpg?width=465&dpr=1&s=none&crop=none,../Scripts/output/guardian/guardian_images/guardian_2016-11-14_guardian_efff534a1c_img01.jpg,Steam rises from the chimneys of a coal power plant in Germany. Climate Analytics says practically every coal plant in the world will need to be switched off by 2050 to avoid global warming of 1.5C. Photograph: Wolfgang Rattay/Reuters,,1,graph,3,photo|photograph|reuters,0,likely_visualization
guardian_65e0bf6874,The Guardian,2016,IPCC,Australia says it will reduce methane emissions despite coal seam gas and LNG expansion,https://www.theguardian.com/environment/2016/nov/17/australia-says-it-will-reduce-methane-emissions-despite-coal-seam-gas-and-lng-expansion,2016-11-17,2021-08-25,1,https://i.guim.co.uk/img/media/6f22e887161a0d8cab89405561f821619c76bf8d/1169_925_2831_1698/master/2831.jpg?width=465&dpr=1&s=none&crop=none,../Scripts/output/guardian/guardian_images/guardian_2016-11-17_guardian_65e0bf6874_img01.jpg,"Australia’s environment and energy minister, Josh Frydenberg. Australia has committed to reducing methane emissions from the oil and gas industry and called for others to do the same. Photograph: Bloomberg via Getty Images",,1,graph,3,getty|photo|photograph,0,likely_visualization
guardian_a9c4ec35a6,The Guardian,2016,IPCC,'We have been almost buried': the Sudanese villages being swallowed by sand,https://www.theguardian.com/environment/2016/nov/17/we-have-been-almost-buried-the-sudanese-villages-being-swallowed-by-sand,2016-11-17,2021-08-25,1,https://i.guim.co.uk/img/media/ccbb9505cf30f0f24070aaf01f63d6c461e81bd1/0_0_3500_2100/master/3500.jpg?width=465&dpr=1&s=none&crop=none,../Scripts/output/guardian/guardian_images/guardian_2016-11-17_guardian_a9c4ec35a6_img01.jpg,Global warming and deforestation mean that once-fertile land in River Nile State is turning to dust and desert. Photograph: Mohamed Nureldin Abdallah/Reuters,,1,graph,3,photo|photograph|reuters,0,likely_visualization
guardian_b020d935bd,The Guardian,2016,"""sea level rise""",Huge deposit of untapped oil could be largest ever discovered in US,https://www.theguardian.com/environment/2016/nov/17/untapped-oil-texas-permian-basin-900-billion,2016-11-17,2017-07-14,1,https://i.guim.co.uk/img/media/07fcd6201356e6ff991a5030df2b86edbc84ed70/0_188_3000_1799/master/3000.jpg?width=465&dpr=1&s=none&crop=none,../Scripts/output/guardian/guardian_images/guardian_2016-11-17_guardian_b020d935bd_img01.jpg,An oil pumpjack works at dawn in the Permian Basin oil field. The USGS estimated that 20bn barrels of oil was contained within layers of shale there. Photograph: Spencer Platt/Getty Images,,1,graph,3,getty|photo|photograph,0,likely_visualization
guardian_7447877fda,The Guardian,2016,IPCC,Home Office admits to secret files on miners’ strike and Orgreave clashes,https://www.theguardian.com/politics/2016/nov/20/home-office-holds-30-secret-miners-strike-files,2016-11-20,2025-05-23,1,https://i.guim.co.uk/img/media/113189f54c7d71670b18a3a6daabbcce53fef885/0_198_5155_3094/master/5155.jpg?width=465&dpr=1&s=none&crop=none,../Scripts/output/guardian/guardian_images/guardian_2016-11-20_guardian_7447877fda_img01.jpg,"Home secretary ruled out inquiry into ‘battle of Orgreave’ in South Yorkshire, during the miners’ strike in 1984. Photograph: Steve Eason/Getty Images",,1,graph,3,getty|photo|photograph,0,likely_visualization
guardian_7447877fda,The Guardian,2016,IPCC,Home Office admits to secret files on miners’ strike and Orgreave clashes,https://www.theguardian.com/politics/2016/nov/20/home-office-holds-30-secret-miners-strike-files,2016-11-20,2025-05-23,3,https://i.guim.co.uk/img/media/541cfc0f9b9146c9717d470064a7da206270f0a7/0_21_2199_1319/master/2199.jpg?width=445&dpr=1&s=none&crop=none,../Scripts/output/guardian/guardian_images/guardian_2016-11-20_guardian_7447877fda_img03.jpg,Home secretary Amber Rudd has been asked to reveal which strike documents she reviewed. Photograph: Will Oliver/EPA,,1,graph,3,epa|photo|photograph,0,likely_visualization
guardian_dd5a0d28f2,The Guardian,2016,"""net zero""",Direct Action carbon reduction policy running out of steam,https://www.theguardian.com/environment/2016/nov/24/direct-action-carbon-reduction-policy-running-out-of-steam,2016-11-24,2021-08-25,1,https://i.guim.co.uk/img/media/1e2a3e4ff20142b60f79aa50307c5c22121e6fe0/0_632_5100_3059/master/5100.jpg?width=465&dpr=1&s=none&crop=none,../Scripts/output/guardian/guardian_images/guardian_2016-11-24_guardian_dd5a0d28f2_img01.jpg,"Land clearing by farmers in Queensland and New South Wales is increasing, despite the federal government’s Emissions Reduction Fund. Photograph: Auscape/UIG via Getty Images",,1,graph,3,getty|photo|photograph,0,likely_visualization
guardian_e23c01c171,The Guardian,2016,"""global temperature""",Scientists rate Canadian climate policies,https://www.theguardian.com/environment/climate-consensus-97-per-cent/2016/nov/28/scientists-rate-canadian-climate-policies,2016-11-28,2021-08-25,1,https://i.guim.co.uk/img/media/e183d897c7fa5ea07791ce36bef262612b1bb4af/0_58_4636_2781/master/4636.jpg?width=465&dpr=1&s=none&crop=none,../Scripts/output/guardian/guardian_images/guardian_2016-11-28_guardian_e23c01c171_img01.jpg,"Canada’s Prime Minister Justin Trudeau delivers a speech during the opening session of the World Climate Change Conference 2015 (COP21) at Le Bourget, near Paris, France, November 30, 2015. Photograph: Stephane Mahe/Reuters",,1,graph,3,photo|photograph|reuters,0,likely_visualization
guardian_1b2106473b,The Guardian,2016,"""sea level rise""","Climate change will stir 'unimaginable' refugee crisis, says military",https://www.theguardian.com/environment/2016/dec/01/climate-change-trigger-unimaginable-refugee-crisis-senior-military,2016-12-01,2021-08-25,1,https://i.guim.co.uk/img/media/9f76cd478873d830ca4bc6be816fdc3061d5ab7a/0_120_1800_1080/master/1800.jpg?width=465&dpr=1&s=none&crop=none,../Scripts/output/guardian/guardian_images/guardian_2016-12-01_guardian_1b2106473b_img01.jpg,"People wait to receive aid at Guthail, Jamalpur, Bangladesh, where the river Yamuna’s water level is 118cm over the danger line. Photograph: Anik Rahman/NurPhoto/Getty Images",,1,graph,3,getty|photo|photograph,0,likely_visualization
guardian_26687ece0f,The Guardian,2016,"""carbon budget""","Australia is blowing its carbon budget, projections reveal",https://www.theguardian.com/environment/2016/dec/05/australia-is-blowing-its-carbon-budget-projections-reveal,2016-12-04,2021-08-25,1,https://i.guim.co.uk/img/media/d219a0d58bb47d2690ad05f582106022bcd497e3/1746_1155_3270_1963/master/3270.jpg?width=465&dpr=1&s=none&crop=none,../Scripts/output/guardian/guardian_images/guardian_2016-12-04_guardian_26687ece0f_img01.jpg,Australia has emitted about twice what is allowed by the Climate Change Authority’s carbon budget since 2013. Photograph: G Mutlu/Getty Images,,1,graph,3,getty|photo|photograph,0,likely_visualization
guardian_e8430b3e90,The Guardian,2016,"""sea level rise""",Al Gore: climate change threat leaves 'no time to despair' over Trump victory,https://www.theguardian.com/us-news/2016/dec/05/al-gore-climate-change-threat-leaves-no-time-to-despair-over-trump-victory,2016-12-05,2021-08-25,1,https://i.guim.co.uk/img/media/2fb174c4cc8d8f7226d06c11633b4f741a604b73/0_136_3500_2101/master/3500.jpg?width=465&dpr=1&s=none&crop=none,../Scripts/output/guardian/guardian_images/guardian_2016-12-05_guardian_e8430b3e90_img01.jpg,Al Gore said during an interview with the Guardian: ‘My message would be that despair is just another form of denial. We don’t hvae time to lick our wounds.’ Photograph: Lucy Nicholson/Reuters,,1,graph,3,photo|photograph|reuters,0,likely_visualization
guardian_5e95731fc4,The Guardian,2016,"""climate change""",Donald Trump picks climate change sceptic Scott Pruitt to lead EPA,https://www.theguardian.com/us-news/2016/dec/07/trump-scott-pruitt-environmental-protection-agency,2016-12-07,2021-01-07,1,https://i.guim.co.uk/img/media/c14144921b9796d8667ef7af1e32fced90990c92/0_210_5170_3102/master/5170.jpg?width=465&dpr=1&s=none&crop=none,../Scripts/output/guardian/guardian_images/guardian_2016-12-07_guardian_5e95731fc4_img01.jpg,Oklahoma attorney general Scott Pruitt at Trump Tower in New York on Wednesday. Photograph: Andrew Harnik/AP,,1,graph,3,epa|photo|photograph,0,likely_visualization
guardian_19b3a8b08d,The Guardian,2016,"""climate change""",EPA fears 'unprecedented disaster' for environment over Scott Pruitt pick,https://www.theguardian.com/environment/2016/dec/08/epa-scott-pruitt-disaster-environment-senate-democrats,2016-12-08,2021-01-07,1,https://i.guim.co.uk/img/media/c5b9aca0d2d85549616846b7a506737b0b1b029e/0_198_4096_2458/master/4096.jpg?width=465&dpr=1&s=none&crop=none,../Scripts/output/guardian/guardian_images/guardian_2016-12-08_guardian_19b3a8b08d_img01.jpg,"EPA staff have expressed nervousness over Scott Pruitt’s nomination, given his zealous pursuit of the agency. Photograph: John Taggart/EPA",,1,graph,3,epa|photo|photograph,0,likely_visualization
guardian_3d11cfa5ea,The Guardian,2016,"""climate change""",We are to blame for the decline of giraffes. And only we can save them,https://www.theguardian.com/global/commentisfree/2016/dec/08/giraffes-decline-vulnerable-species,2016-12-08,2021-10-29,1,https://i.guim.co.uk/img/media/b5ec02dbc0dfc69123859da042beeb6a0b751812/0_12_3500_2100/master/3500.jpg?width=465&dpr=1&s=none&crop=none,../Scripts/output/guardian/guardian_images/guardian_2016-12-08_guardian_3d11cfa5ea_img01.jpg,"‘Giraffe populations have fallen from about 157,000 in 1985 to 97,500 today – a drop of almost 40%.’ Photograph: Goran Tomasevic/Reuters",,1,graph,3,photo|photograph|reuters,0,likely_visualization
guardian_6862861a4e,The Guardian,2016,"""climate change""",Finkel review criticises climate policy chaos and points to need for emissions trading,https://www.theguardian.com/environment/2016/dec/08/finkel-review-criticises-climate-policy-chaos-and-points-to-need-for-emissions-trading,2016-12-08,2021-08-25,1,https://i.guim.co.uk/img/media/c280e3b83a3f9305c9f4418611d875e065ad566d/0_164_2552_1532/master/2552.jpg?width=465&dpr=1&s=none&crop=none,../Scripts/output/guardian/guardian_images/guardian_2016-12-08_guardian_6862861a4e_img01.jpg,The Finkel review note advice from the Climate Change Authority that an emissions intensity scheme ‘had the lowest impact on average residential electricity prices’. Photograph: Mick Tsikas/Reuters,,1,graph,3,photo|photograph|reuters,0,likely_visualization
guardian_a7474478f6,The Guardian,2016,"""climate change""",Leonardo DiCaprio meets Trump as climate sceptic nominated,https://www.theguardian.com/us-news/2016/dec/08/leonardo-dicaprio-donald-trump-green-jobs,2016-12-08,2024-11-08,1,https://i.guim.co.uk/img/media/15614b11731b7793adfbb46ee628260fff4a688d/0_150_3600_2161/master/3600.jpg?width=465&dpr=1&s=none&crop=none,../Scripts/output/guardian/guardian_images/guardian_2016-12-08_guardian_a7474478f6_img01.jpg,Leonardo DiCaprio gave Ivanka Trump a copy of documentary film Before the Flood. Photograph: Christophe Archambault/Pool/EPA,,1,graph,3,epa|photo|photograph,0,likely_visualization
guardian_cf99f2dc99,The Guardian,2016,"""climate change""",Scott Pruitt's EPA: a dream for oil and gas firms is nightmare for environment,https://www.theguardian.com/us-news/2016/dec/08/scott-pruitt-trump-administration-epa-oil-gas-environment,2016-12-08,2021-01-07,1,https://i.guim.co.uk/img/media/0b8dd4e9fba62854cfe3f994d832f26dd599557f/0_53_2400_1440/master/2400.jpg?width=465&dpr=1&s=none&crop=none,../Scripts/output/guardian/guardian_images/guardian_2016-12-08_guardian_cf99f2dc99_img01.jpg,"Scott Pruitt has sued the EPA, the agency he is now set to lead, multiple times over what he considers to be unwarranted meddling by the federal government. Photograph: Behar Anthony/European Pressphoto Agency",,1,graph,3,epa|photo|photograph,0,likely_visualization
guardian_ec134d42e0,The Guardian,2016,"""climate change""",Why electric cars are only as clean as their power supply,https://www.theguardian.com/environment/2016/dec/08/electric-car-emissions-climate-change,2016-12-08,2021-08-25,2,https://i.guim.co.uk/img/media/8a9d7ab7bc95fc94b995aa53cfaac89bc0bf6a00/0_71_3000_1800/master/3000.jpg?width=445&dpr=1&s=none&crop=none,../Scripts/output/guardian/guardian_images/guardian_2016-12-08_guardian_ec134d42e0_img02.jpg,"Tesla’s focus on luxury, high-performance vehicles has broadened their appeal. Photograph: Justin Sullivan/Getty Images",,1,graph,3,getty|photo|photograph,0,likely_visualization
guardian_004c45330e,The Guardian,2016,"""climate change""",Did Russia vote in the US election?,https://www.theguardian.com/us-news/live/2016/dec/09/russia-hacking-us-election,2016-12-09,2020-12-15,4,https://i.guim.co.uk/img/media/fff6d8dd492b23f0175f7f8317dc5d5850b50f03/0_269_4661_2795/master/4661.jpg?width=300&quality=85&auto=format&fit=max&s=73e115a91a8c521b81de0cc19d85c5e6,../Scripts/output/guardian/guardian_images/guardian_2016-12-09_guardian_004c45330e_img04.jpg,Trump unleashes the haircut in Louisiana. Photograph: Drew Angerer/Getty Images,,1,graph,3,getty|photo|photograph,0,likely_visualization
guardian_004c45330e,The Guardian,2016,"""climate change""",Did Russia vote in the US election?,https://www.theguardian.com/us-news/live/2016/dec/09/russia-hacking-us-election,2016-12-09,2020-12-15,5,https://i.guim.co.uk/img/media/286e33ae019d69ce7b23a81053ef272f26207534/0_0_3500_2099/master/3500.jpg?width=300&quality=85&auto=format&fit=max&s=5ddb1dc5c73afa9f25d13c77717dad4a,../Scripts/output/guardian/guardian_images/guardian_2016-12-09_guardian_004c45330e_img05.jpg,That background is real? Cohn in Davos. Photograph: Ruben Sprich/Reuters,,1,graph,3,photo|photograph|reuters,0,likely_visualization
guardian_1bc6dacc19,The Guardian,2016,"""climate change""","I, Daniel Blake sweeps Evening Standard film awards",https://www.theguardian.com/film/2016/dec/09/i-daniel-blake-sweeps-evening-standard-film-awards,2016-12-09,2018-09-28,2,https://i.guim.co.uk/img/media/71e12d5a0836e5177887c3f1f2fdab616bdfbac9/0_0_2641_2996/master/2641.jpg?width=120&dpr=1&s=none&crop=none,../Scripts/output/guardian/guardian_images/guardian_2016-12-09_guardian_1bc6dacc19_img02.jpg,Hugh Grant won Best Actor for his role in Florence Foster Jenkins Photograph: Jeff Spicer/Getty Images,,1,graph,3,getty|photo|photograph,0,likely_visualization
guardian_63b4a4ed23,The Guardian,2016,"""climate change""",Brexit will affect the young more than anyone. Heed our voices,https://www.theguardian.com/commentisfree/2016/dec/09/brexit-young-people-undivided-campaign,2016-12-09,2020-02-03,1,https://i.guim.co.uk/img/media/21fc43fe36aab210752311df8c7f83fbeb023c0f/1403_900_3896_2337/master/3896.jpg?width=465&dpr=1&s=none&crop=none,../Scripts/output/guardian/guardian_images/guardian_2016-12-09_guardian_63b4a4ed23_img01.jpg,"‘Now, more than ever, young people need to guarantee their voice is heard.’ Photograph: Dan Kitwood/Getty Images",,1,graph,3,getty|photo|photograph,0,likely_visualization
guardian_998ec6d4c3,The Guardian,2016,"""climate change""","Anti-fracking activist spared jail after refusing to pay court £55,000",https://www.theguardian.com/environment/2016/dec/09/anti-fracking-activist-spared-jail-after-refusing-to-pay-court-55000,2016-12-09,2017-06-09,1,https://i.guim.co.uk/img/media/2240c938533c44cfd8fa27cc30ee7950ecc03a2f/0_173_5184_3110/master/5184.jpg?width=465&dpr=1&s=none&crop=none,../Scripts/output/guardian/guardian_images/guardian_2016-12-09_guardian_998ec6d4c3_img01.jpg,Tina Louise Rothery at the anti-fracking camp in 2014. Photograph: Christopher Furlong/Getty Images,,1,graph,3,getty|photo|photograph,0,likely_visualization
guardian_ac7a71b1ea,The Guardian,2016,"""climate change""",ECB's quantitative easing programme investing billions in fossil fuels,https://www.theguardian.com/environment/2016/dec/09/ecbs-quantitative-easing-programme-investing-billions-in-fossil-fuels,2016-12-09,2021-08-25,1,https://i.guim.co.uk/img/media/9875d55d870f71e60f24a248bb5f725bfd54c605/0_0_4000_2667/master/4000.jpg?width=465&dpr=1&s=none&crop=none,../Scripts/output/guardian/guardian_images/guardian_2016-12-09_guardian_ac7a71b1ea_img01.jpg,"Eesti Energia, which invests heavily in North American tar sands operations, is just one of the oil and gas companies the ECB has invested in. Photograph: Peter Kollanyi/Bloomberg/Getty Images",,1,graph,3,getty|photo|photograph,0,likely_visualization
guardian_ac7a71b1ea,The Guardian,2016,"""climate change""",ECB's quantitative easing programme investing billions in fossil fuels,https://www.theguardian.com/environment/2016/dec/09/ecbs-quantitative-easing-programme-investing-billions-in-fossil-fuels,2016-12-09,2021-08-25,2,https://i.guim.co.uk/img/media/7cb6ea3a903525898cf7003d822e96232a3fdbb7/0_0_3000_1990/master/3000.jpg?width=445&dpr=1&s=none&crop=none,../Scripts/output/guardian/guardian_images/guardian_2016-12-09_guardian_ac7a71b1ea_img02.jpg,"The ECB building in Frankfurt, Germany. The bank has made bond purchases from Shell, Eni, Total, and Repsol among others. Photograph: Hannelore Foerster/Getty Images",,1,graph,3,getty|photo|photograph,0,likely_visualization
guardian_cba96e902c,The Guardian,2016,"""climate change""","Amazon Go means more than just job losses, it will restructure the economy",https://www.theguardian.com/sustainable-business/2016/dec/09/amazon-go-means-more-than-just-job-losses-it-will-restructure-the-economy,2016-12-09,2017-02-21,1,https://i.guim.co.uk/img/media/539bf4a31276a9d4cec882d4cce0a8b5e310b426/0_130_4000_2401/master/4000.jpg?width=465&dpr=1&s=none&crop=none,../Scripts/output/guardian/guardian_images/guardian_2016-12-09_guardian_cba96e902c_img01.jpg,"Amazon will change the nature of shopping once again, as it did with its fulfilment centre. Photograph: Bloomberg/Bloomberg via Getty Images",,1,graph,3,getty|photo|photograph,0,likely_visualization
guardian_8e6f2c19d8,The Guardian,2016,"""climate change""","Obama's legacy: Lorrie Moore, Richard Ford, Marilynne Robinson and others look back",https://www.theguardian.com/books/2016/dec/10/obamas-legacy-lorrie-moore-richard-ford-marilynne-robinson-and-more,2016-12-10,2017-11-29,1,https://i.guim.co.uk/img/media/9638315ed2233ce598ef3cd3f64f931d50f5747a/0_187_4000_2400/master/4000.jpg?width=445&dpr=1&s=none&crop=none,../Scripts/output/guardian/guardian_images/guardian_2016-12-10_guardian_8e6f2c19d8_img01.jpg,Obama speaks in Washington to victims of gun violence in January 2016. Photograph: Bloomberg/Bloomberg via Getty Images,,1,graph,3,getty|photo|photograph,0,likely_visualization
guardian_8e6f2c19d8,The Guardian,2016,"""climate change""","Obama's legacy: Lorrie Moore, Richard Ford, Marilynne Robinson and others look back",https://www.theguardian.com/books/2016/dec/10/obamas-legacy-lorrie-moore-richard-ford-marilynne-robinson-and-more,2016-12-10,2017-11-29,4,https://i.guim.co.uk/img/media/a96aa7555ae7870821be233d5f4c490c55767b35/0_56_3100_1860/master/3100.jpg?width=445&dpr=1&s=none&crop=none,../Scripts/output/guardian/guardian_images/guardian_2016-12-10_guardian_8e6f2c19d8_img04.jpg,"Barack Obama, with first lady Michelle, and daughters, Malia, left, and Sasha, join performers on stage for the Christmas in Washington TV show in 2014. Photograph: White House Pool (isp Pool Images)/Corbis/VCG via Getty Images",,1,graph,3,getty|photo|photograph,0,likely_visualization
guardian_e37a5e444d,The Guardian,2016,"""climate change""",Rex Tillerson of Exxon Mobil set to be Trump secretary of state pick – reports,https://www.theguardian.com/us-news/2016/dec/10/rex-tillerson-secretary-of-state-exxon-mobil-trump,2016-12-10,2021-01-07,1,https://i.guim.co.uk/img/media/1054465bf6a2a83489677447970afc2546f9b7ce/0_184_3500_2100/master/3500.jpg?width=465&dpr=1&s=none&crop=none,../Scripts/output/guardian/guardian_images/guardian_2016-12-10_guardian_e37a5e444d_img01.jpg,Rex Tillerson speaks in Houston in 2015. Photograph: Daniel Kramer/Reuters,,1,graph,3,photo|photograph|reuters,0,likely_visualization
guardian_13a3527b03,The Guardian,2016,"""climate change""",Intelligence figures fear Trump reprisals over assessment of Russia election role,https://www.theguardian.com/us-news/2016/dec/11/intelligence-agencies-cia-donald-trump-russia,2016-12-11,2021-01-07,1,https://i.guim.co.uk/img/media/8d478e155cb2cef31c3c49f77f2436783e5b2d86/0_117_3500_2101/master/3500.jpg?width=465&dpr=1&s=none&crop=none,../Scripts/output/guardian/guardian_images/guardian_2016-12-11_guardian_13a3527b03_img01.jpg,"President-elect Donald Trump speaks in Grand Rapids, Michigan, on Friday. Photograph: Mike Segar/Reuters",,1,graph,3,photo|photograph|reuters,0,likely_visualization
guardian_1fc9a27260,The Guardian,2016,"""climate change""",The ethical guide to the Anthropocene,https://www.theguardian.com/environment/2016/dec/11/the-ethical-guide-to-the-anthropocene,2016-12-11,2020-09-23,2,https://i.guim.co.uk/img/media/6f90de06855bef6b79c8e4717484cfe795fabbbc/978_1159_2656_1594/master/2656.jpg?width=445&dpr=1&s=none&crop=none,../Scripts/output/guardian/guardian_images/guardian_2016-12-11_guardian_1fc9a27260_img02.jpg,Power cycle: Marrakech residents try out a green energy outdoor gym. Photograph: PR Company Handout,,1,graph,3,handout|photo|photograph,0,likely_visualization
guardian_94aec115a7,The Guardian,2016,"""climate change""",The Eagle Huntress: the teenage Mongolian nomad who's preparing to swoop on the Oscars,https://www.theguardian.com/film/2016/dec/11/the-eagle-huntress-teenage-mongolian-nomad-oscars-otto-bell,2016-12-11,2018-02-22,1,https://i.guim.co.uk/img/media/b91dcfdda489e47b3b273d791306481d87f7fc0a/0_0_1875_1125/master/1875.jpg?width=465&dpr=1&s=none&crop=none,../Scripts/output/guardian/guardian_images/guardian_2016-12-11_guardian_94aec115a7_img01.jpg,‘The most remote part of the least-populated country in the world’: Aisholpan Nurgaiv in Mongolia. Photograph: Allstar/Sony Pictures Classics,,1,graph,3,epa|photo|photograph,0,likely_visualization
guardian_94aec115a7,The Guardian,2016,"""climate change""",The Eagle Huntress: the teenage Mongolian nomad who's preparing to swoop on the Oscars,https://www.theguardian.com/film/2016/dec/11/the-eagle-huntress-teenage-mongolian-nomad-oscars-otto-bell,2016-12-11,2018-02-22,2,https://i.guim.co.uk/img/media/a2b45a1df3dce4e72869d56ca9bf884594685d3c/0_0_1920_1080/master/1920.jpg?width=445&dpr=1&s=none&crop=none,../Scripts/output/guardian/guardian_images/guardian_2016-12-11_guardian_94aec115a7_img02.jpg,Resolve … Aisholpan takes part in the hunters’ festival. Photograph: Allstar/Sony Pictures Classics,,1,graph,3,epa|photo|photograph,0,likely_visualization
guardian_94aec115a7,The Guardian,2016,"""climate change""",The Eagle Huntress: the teenage Mongolian nomad who's preparing to swoop on the Oscars,https://www.theguardian.com/film/2016/dec/11/the-eagle-huntress-teenage-mongolian-nomad-oscars-otto-bell,2016-12-11,2018-02-22,3,https://i.guim.co.uk/img/media/2592203b06ef658012e52533d11bd1c44a8b69d5/0_0_841_555/master/841.jpg?width=445&dpr=1&s=none&crop=none,../Scripts/output/guardian/guardian_images/guardian_2016-12-11_guardian_94aec115a7_img03.jpg,"High-flier … Aisholpan, left, at her school studies; she wants to be a doctor. Photograph: Sony Picture Classics",,1,graph,3,epa|photo|photograph,0,likely_visualization
guardian_1eae36335c,The Guardian,2016,"""climate change""",Jane Fonda targets Trump over climate and inequality: 'A boy in the bully pulpit',https://www.theguardian.com/film/2016/dec/12/jane-fonda-donald-trump-climate-change-interview,2016-12-12,2021-01-07,1,https://i.guim.co.uk/img/media/a0d262c0fdc6c82e0231876483f35cc5afa30e40/1287_233_3035_1821/master/3035.jpg?width=465&dpr=1&s=none&crop=none,../Scripts/output/guardian/guardian_images/guardian_2016-12-12_guardian_1eae36335c_img01.jpg,Jane Fonda on Trump: ‘He is sexist and his whole sense of self is based around dominating women.’ Photograph: Moses Robinson/Getty Images,,1,graph,3,getty|photo|photograph,0,likely_visualization
guardian_44b63ffa85,The Guardian,2016,"""climate change""",Trump's transition: sceptics guide every agency dealing with climate change,https://www.theguardian.com/us-news/2016/dec/12/donald-trump-environment-climate-change-skeptics,2016-12-12,2021-08-25,1,https://i.guim.co.uk/img/media/70f2cd29e8666747a44a12837b3e79e1f8e3b973/0_247_4288_2573/master/4288.jpg?width=465&dpr=1&s=none&crop=none,../Scripts/output/guardian/guardian_images/guardian_2016-12-12_guardian_44b63ffa85_img01.jpg,"Oklahoma attorney general Scott Pruitt, Trump’s nominee for head of the Environmental Protection Agency, has claimed scientists disagree about the causes of global warming. Photograph: Nick Oxford/Reuters",,1,graph,3,photo|photograph|reuters,0,likely_visualization
guardian_44b63ffa85,The Guardian,2016,"""climate change""",Trump's transition: sceptics guide every agency dealing with climate change,https://www.theguardian.com/us-news/2016/dec/12/donald-trump-environment-climate-change-skeptics,2016-12-12,2021-08-25,2,https://i.guim.co.uk/img/media/5037ebb6b9ff8a897d2162b3010bbe8adb7d0a17/0_213_3200_1920/master/3200.jpg?width=445&dpr=1&s=none&crop=none,../Scripts/output/guardian/guardian_images/guardian_2016-12-12_guardian_44b63ffa85_img02.jpg,Exxon Mobil CEO Rex Tillerson is reportedly a top contender for secretary of state. Photograph: Jessica Rinaldi/Reuters,,1,graph,3,photo|photograph|reuters,0,likely_visualization
guardian_77b6a29ba3,The Guardian,2016,"""climate change""","When it comes to ordination, Pope Francis is still a puppet of the church",https://www.theguardian.com/commentisfree/2016/dec/12/when-it-comes-to-ordination-pope-francis-is-still-a-puppet-of-the-church,2016-12-12,2016-12-12,1,https://i.guim.co.uk/img/media/a1d009d78a8f723f800bacf61bdc5c316b498ed7/0_0_3000_1799/master/3000.jpg?width=465&dpr=1&s=none&crop=none,../Scripts/output/guardian/guardian_images/guardian_2016-12-12_guardian_77b6a29ba3_img01.jpg,"‘Unless Francis expands and changes who makes decisions and how decisions are made in the Catholic church, his papacy will risk changing nothing in the long run.’ Photograph: Claudio Peri/ASSOCIATED PRESS",,1,graph,3,associated press|photo|photograph,0,likely_visualization
guardian_dc7dbfaf79,The Guardian,2016,"""climate change""","On climate change, angels and demons are battling over Trump’s soul",https://www.theguardian.com/environment/climate-consensus-97-per-cent/2016/dec/12/on-climate-change-angels-and-demons-are-battling-over-trumps-soul,2016-12-12,2021-08-25,1,https://i.guim.co.uk/img/media/67b7848f59c5c6c8546349e9a7b4b575c9e3ffc2/0_0_2895_1735/master/2895.jpg?width=465&dpr=1&s=none&crop=none,../Scripts/output/guardian/guardian_images/guardian_2016-12-12_guardian_dc7dbfaf79_img01.jpg,Businessman with Devil & Angel on Shoulders Photograph: Lisa Zador/Getty Images,,1,graph,3,getty|photo|photograph,0,likely_visualization
guardian_ff85bec684,The Guardian,2016,"""climate change""",Squid’s in! How to cook Britain's new national seafood,https://www.theguardian.com/lifeandstyle/shortcuts/2016/dec/12/how-to-cook-squid-national-fish-cod-climate-change-recipe,2016-12-12,2018-08-18,1,https://i.guim.co.uk/img/media/053ee5c42cb0706714a30b8ba21d48b43ec5ea29/0_0_4761_3562/master/4761.jpg?width=465&dpr=1&s=none&crop=none,../Scripts/output/guardian/guardian_images/guardian_2016-12-12_guardian_ff85bec684_img01.jpg,"As cod numbers are dwindling, squids are soaring. Photograph: Hilary Moore/Getty Images",,1,graph,3,getty|photo|photograph,0,likely_visualization
guardian_5885ace17c,The Guardian,2016,"""climate change""","Energy suppliers, business and consumer groups call for climate policy certainty",https://www.theguardian.com/australia-news/2016/dec/14/energy-suppliers-business-and-consumer-groups-call-for-climate-policy-certainty,2016-12-13,2021-08-25,1,https://i.guim.co.uk/img/media/03a1c9e9216adec6b3e148ce9233b4ba8789becf/0_0_4320_2592/master/4320.jpg?width=465&dpr=1&s=none&crop=none,../Scripts/output/guardian/guardian_images/guardian_2016-12-13_guardian_5885ace17c_img01.jpg,Eighteen diverse groups have signed an open letter to the government about the need for improvements to Australia’s energy network. Photograph: Dinanath Basumatary / EyeEm/Getty Images/EyeEm,,1,graph,3,getty|photo|photograph,0,likely_visualization
guardian_7b79dfb422,The Guardian,2016,"""climate change""",Keep it in the ground: five trillion reasons to be happy,https://www.theguardian.com/environment/2016/dec/13/keep-it-in-the-ground-five-trillion-reasons-to-be-happy,2016-12-13,2018-02-14,1,https://i.guim.co.uk/img/media/3b1975cc68d01791eda79db1f3ba8e7e16d404ce/0_148_3000_1800/master/3000.jpg?width=465&dpr=1&s=none&crop=none,../Scripts/output/guardian/guardian_images/guardian_2016-12-13_guardian_7b79dfb422_img01.jpg,Funds totalling $5tn have committed to taking their investments out of coal. Photograph: Chris Ratcliffe/Bloomberg/Getty Images,,1,graph,3,getty|photo|photograph,0,likely_visualization
guardian_a3f044ca44,The Guardian,2016,"""climate change""",Trump’s relationship with Russia – what we know and what comes next,https://www.theguardian.com/us-news/2016/dec/13/donald-trump-russia-vladimir-putin-us-election-hack,2016-12-13,2018-02-09,2,https://i.guim.co.uk/img/media/66f0415681d1b889defbe2793ee2eed511629789/0_168_3500_2100/master/3500.jpg?width=445&dpr=1&s=none&crop=none,../Scripts/output/guardian/guardian_images/guardian_2016-12-13_guardian_a3f044ca44_img02.jpg,"As head of ExxonMobil, Rex Tillerson has had extensive dealings with Russia and with Vladimir Putin and could have potential conflicts of interest. Photograph: Daniel Kramer/Reuters",,1,graph,3,photo|photograph|reuters,0,likely_visualization
guardian_bcb65830c4,The Guardian,2016,"""climate change""","Nude selfies, cold shoulders and the Hadids: the year in fashion",https://www.theguardian.com/fashion/2016/dec/13/nude-selfies-cold-shoulders-and-the-hadids-the-year-in-fashion,2016-12-13,2025-04-28,6,https://i.guim.co.uk/img/media/b7580c21284d356753500eb96c25d7b7f26fd265/497_1896_883_1104/master/883.jpg?width=120&dpr=1&s=none&crop=none,../Scripts/output/guardian/guardian_images/guardian_2016-12-13_guardian_bcb65830c4_img06.jpg,The Frankenstein jean. Photograph: Vanni Bassetti/Getty Images,,1,graph,3,getty|photo|photograph,0,likely_visualization
guardian_bcb65830c4,The Guardian,2016,"""climate change""","Nude selfies, cold shoulders and the Hadids: the year in fashion",https://www.theguardian.com/fashion/2016/dec/13/nude-selfies-cold-shoulders-and-the-hadids-the-year-in-fashion,2016-12-13,2025-04-28,8,https://i.guim.co.uk/img/media/4fc7e29ab0385e631076a22ae25d38f4658d77e1/0_168_2944_1767/master/2944.jpg?width=445&dpr=1&s=none&crop=none,../Scripts/output/guardian/guardian_images/guardian_2016-12-13_guardian_bcb65830c4_img08.jpg,Julianne Moore for the new Pirelli calendar. Photograph: EPA/Peter Lindburgh,,1,graph,3,epa|photo|photograph,0,likely_visualization
guardian_bcb65830c4,The Guardian,2016,"""climate change""","Nude selfies, cold shoulders and the Hadids: the year in fashion",https://www.theguardian.com/fashion/2016/dec/13/nude-selfies-cold-shoulders-and-the-hadids-the-year-in-fashion,2016-12-13,2025-04-28,9,https://i.guim.co.uk/img/media/4ea4ed85d711ebf64a6199723e41e06854bcd29e/0_0_4960_2976/master/4960.jpg?width=445&dpr=1&s=none&crop=none,../Scripts/output/guardian/guardian_images/guardian_2016-12-13_guardian_bcb65830c4_img09.jpg,The Gucci loafer is an iconic gender-neutral shoe. Photograph: Christian Vierig/Getty Images,,1,graph,3,getty|photo|photograph,0,likely_visualization
guardian_bcb65830c4,The Guardian,2016,"""climate change""","Nude selfies, cold shoulders and the Hadids: the year in fashion",https://www.theguardian.com/fashion/2016/dec/13/nude-selfies-cold-shoulders-and-the-hadids-the-year-in-fashion,2016-12-13,2025-04-28,10,https://i.guim.co.uk/img/media/3d13934be643c813aba0005be194b709c581208b/0_537_3456_4320/master/3456.jpg?width=445&dpr=1&s=none&crop=none,../Scripts/output/guardian/guardian_images/guardian_2016-12-13_guardian_bcb65830c4_img10.jpg,Style blogger Leonie Markhorst channelling street style and the blue shirt. Photograph: Christian Vierig/Getty Images,,1,graph,3,getty|photo|photograph,0,likely_visualization
guardian_fba7f20abc,The Guardian,2016,"""climate change""",Raoul Martinez on writing this year's essential text for thinking radicals,https://www.theguardian.com/books/2016/dec/13/raoul-martinez-writing-creating-freedom-artist,2016-12-13,2017-11-25,2,https://i.guim.co.uk/img/media/aadc04598d76be3ef02d3932d21bf8c458faae3a/703_663_4899_2939/master/4899.jpg?width=445&dpr=1&s=none&crop=none,../Scripts/output/guardian/guardian_images/guardian_2016-12-13_guardian_fba7f20abc_img02.jpg,An inmate at Bastøy prison in Norway sunbathes in front of a wooden cottage where he lives in the prison grounds. Photograph: Marco Di Lauro/Getty Images,,1,graph,3,getty|photo|photograph,0,likely_visualization
guardian_4158a1354d,The Guardian,2016,"""sea level rise""",Oceanographers offer clues to Malaysian airlines crash,https://www.theguardian.com/environment/climate-consensus-97-per-cent/2016/dec/14/oceanographers-offer-clues-to-malaysian-airlines-crash,2016-12-14,2021-08-25,1,https://i.guim.co.uk/img/media/3f8d70b3a9987a2623826d52144d2725a7f449cc/0_59_4096_2459/master/4096.jpg?width=465&dpr=1&s=none&crop=none,../Scripts/output/guardian/guardian_images/guardian_2016-12-14_guardian_4158a1354d_img01.jpg,"Officers carrying pieces of debris from an unidentified aircraft apparently washed ashore in Saint-Andre de la Reunion, eastern La Reunion island, France, 29 July 2015. Photograph: Raymond Wae Tion/EPA",,1,graph,3,epa|photo|photograph,0,likely_visualization
guardian_55f0e603b9,The Guardian,2016,"""climate change""",Democrats: don't try to work with Donald Trump. Just say 'no',https://www.theguardian.com/commentisfree/2016/dec/14/democrats-donald-trump-presidency-normalize-administration,2016-12-14,2021-01-07,1,https://i.guim.co.uk/img/media/877bd3e49db00f5b832d42880350a83445347588/0_15_3500_2102/master/3500.jpg?width=465&dpr=1&s=none&crop=none,../Scripts/output/guardian/guardian_images/guardian_2016-12-14_guardian_55f0e603b9_img01.jpg,"‘Imagine what the Republicans would be doing if Trump had won the popular vote by nearly 3m votes but, because of less than 100,000 votes in the upper midwest, he’d lost the electoral college.’ Photograph: Kevin Lamarque/Reuters",,1,graph,3,photo|photograph|reuters,0,likely_visualization
guardian_5c6c292488,The Guardian,2016,"""climate change""",Mark Carney: firms must come clean on exposure to climate change risks,https://www.theguardian.com/business/2016/dec/14/mark-carney-firms-must-come-clean-on-exposure-to-climate-change-risks,2016-12-14,2021-08-25,1,https://i.guim.co.uk/img/media/e360da8cc82bbf15a9394309c645cf38985a85aa/0_100_4096_2458/master/4096.jpg?width=465&dpr=1&s=none&crop=none,../Scripts/output/guardian/guardian_images/guardian_2016-12-14_guardian_5c6c292488_img01.jpg,Mark Carney says the fight against climate change will be jeopardised unless companies with big carbon footprints come clean about their exposure to global warming risks. Photograph: Andy Rain/EPA,,1,graph,3,epa|photo|photograph,0,likely_visualization
guardian_999bc50169,The Guardian,2016,"""climate change""",How to make a profit from defeating climate change,https://www.theguardian.com/commentisfree/2016/dec/14/bloomberg-carney-profit-from-climate-change-right-information-investors-deliver-solutions,2016-12-14,2025-03-11,2,https://i.guim.co.uk/img/media/48777b71aac7a627a423d109e9284be19adc76c3/0_240_4096_2457/master/4096.jpg?width=445&dpr=1&s=none&crop=none,../Scripts/output/guardian/guardian_images/guardian_2016-12-14_guardian_999bc50169_img02.jpg,"President Hollande of France (right) and Ban Ki-moon, the then UN secretary general, (centre) celebrate last year’s Paris climate agreement. Photograph: Christophe Petit Tesson/EPA",,1,graph,3,epa|photo|photograph,0,likely_visualization
guardian_e51921f47d,The Guardian,2016,"""climate change""",Your opinions: Jeremy Corbyn's leadership – and investors profiting from climate change,https://www.theguardian.com/commentisfree/2016/dec/14/your-opinions-jeremy-corbys-leadership-and-investors-profiting-from-climate-change,2016-12-14,2017-05-07,1,https://i.guim.co.uk/img/media/a5638807bd3cdc5abfd190d57402f4201838c176/0_116_3500_2100/master/3500.jpg?width=465&dpr=1&s=none&crop=none,../Scripts/output/guardian/guardian_images/guardian_2016-12-14_guardian_e51921f47d_img01.jpg,Is Jeremy Corbyn offering strong leadership? Photograph: Peter Nicholls/Reuters,,1,graph,3,photo|photograph|reuters,0,likely_visualization
guardian_07f0ee47bf,The Guardian,2016,"""climate change""",Justin Trudeau: 'Globalisation isn't working for ordinary people',https://www.theguardian.com/world/2016/dec/15/justin-trudeau-interview-globalisation-climate-change-trump,2016-12-15,2017-11-28,1,https://i.guim.co.uk/img/media/235bde1916462baacc17227ab09bb9d87976c3da/0_80_3500_2100/master/3500.jpg?width=445&dpr=1&s=none&crop=none,../Scripts/output/guardian/guardian_images/guardian_2016-12-15_guardian_07f0ee47bf_img01.jpg,Justin Trudeau: ‘We are subject to the same kinds of tensions and forces that so much of the world is facing right now.’ Photograph: Chris Wattie/Reuters,,1,graph,3,photo|photograph|reuters,0,likely_visualization
guardian_1f1cecde66,The Guardian,2016,IPCC,Met chief verdict is third blow to Hillsborough families' faith in IPCC,https://www.theguardian.com/uk-news/2016/dec/15/met-chief-verdict-is-third-blow-to-hillsborough-families-faith-in-ipcc,2016-12-15,2018-01-11,1,https://i.guim.co.uk/img/media/cd12f850719248236fedebd70e52db445374a418/0_252_7557_4534/master/7557.jpg?width=465&dpr=1&s=none&crop=none,../Scripts/output/guardian/guardian_images/guardian_2016-12-15_guardian_1f1cecde66_img01.jpg,A banner in Liverpool after the Hillsborough inquest verdict in April. Photograph: Christopher Furlong/Getty Images,,1,graph,3,getty|photo|photograph,0,likely_visualization
guardian_293334f342,The Guardian,2016,"""climate change""",'An epic mistake': environmental groups fume over Rex Tillerson nomination,https://www.theguardian.com/us-news/2016/dec/15/rex-tillerson-environmental-record-exxonmobil,2016-12-15,2021-08-25,1,https://i.guim.co.uk/img/media/38bfbb6bd716c721ea0c994d03e85d0593da71de/0_271_4308_2585/master/4308.jpg?width=465&dpr=1&s=none&crop=none,../Scripts/output/guardian/guardian_images/guardian_2016-12-15_guardian_293334f342_img01.jpg,"Outgoing ExxonMobil chairman and CEO Rex Tillerson speaks at a press conference in Dallas, Texas. Photograph: Brian Harkin/Getty Images",,1,graph,3,getty|photo|photograph,0,likely_visualization
guardian_427cf4f6c9,The Guardian,2016,"""climate change""",Trudeau to be questioned by ethics watchdog over reports of cash for access,https://www.theguardian.com/world/2016/dec/15/justin-trudeau-to-be-questioned-political-fundraisers-ethics,2016-12-15,2016-12-15,1,https://i.guim.co.uk/img/media/492be524900400634416c507e23694731c4483cc/0_130_3500_2101/master/3500.jpg?width=465&dpr=1&s=none&crop=none,../Scripts/output/guardian/guardian_images/guardian_2016-12-15_guardian_427cf4f6c9_img01.jpg,"Canada’s prime minister, Justin Trudeau, takes part in a news conference in Ottawa, Ontario, Canada on Thursday. Photograph: Chris Wattie/Reuters",,1,graph,3,photo|photograph|reuters,0,likely_visualization
guardian_7d7f6cd1dd,The Guardian,2016,"""climate change""",The tech industry won't save us – or the planet – from Trump's excesses,https://www.theguardian.com/commentisfree/2016/dec/15/tech-industry-wont-save-us-donald-trump-excesses,2016-12-15,2021-01-07,1,https://i.guim.co.uk/img/media/8417915f77f0aa4ac30609364936e0de12290ec8/0_145_4407_2644/master/4407.jpg?width=465&dpr=1&s=none&crop=none,../Scripts/output/guardian/guardian_images/guardian_2016-12-15_guardian_7d7f6cd1dd_img01.jpg,"‘Musk, Gore, Gates and the other so-called climate champions who choose to collaborate with Trump should beware.’ Photograph: Drew Angerer/Getty Images",,1,graph,3,getty|photo|photograph,0,likely_visualization
guardian_873c22a48c,The Guardian,2016,"""climate change""",Will Rick Perry's pro-wind power stance carry on in the Trump administration?,https://www.theguardian.com/us-news/2016/dec/15/rick-perry-wind-power-energy-secretary-trump-administration,2016-12-15,2021-01-07,2,https://i.guim.co.uk/img/media/2824c0f5dd792073b2393451457b2513466776bc/0_106_3500_2101/master/3500.jpg?width=445&dpr=1&s=none&crop=none,../Scripts/output/guardian/guardian_images/guardian_2016-12-15_guardian_873c22a48c_img02.jpg,Former Texas governor Rick Perry exits after meeting with Donald Trump at Trump Tower earlier this week. Photograph: Brendan Mcdermid/Reuters,,1,graph,3,photo|photograph|reuters,0,likely_visualization
guardian_b6a509d642,The Guardian,2016,"""climate change""",Kate Beckinsale: ‘Austen’s Lady Susan is like Emma on steroids’,https://www.theguardian.com/film/2016/dec/15/kate-beckinsale-austens-lady-susan-is-like-emma-on-steroids,2016-12-15,2018-12-03,1,https://i.guim.co.uk/img/media/b7fad107b42ad4f5aa685ab53e6d708f6071df7d/0_156_2970_1782/master/2970.jpg?width=465&dpr=1&s=none&crop=none,../Scripts/output/guardian/guardian_images/guardian_2016-12-15_guardian_b6a509d642_img01.jpg,Kate Beckinsale: ‘I think it’s important as an actor to have periods where you’re not flavour of the month.’ Photograph: Earl Gibson III/Getty Images for AFI,,1,graph,3,getty|photo|photograph,0,likely_visualization
guardian_5c7898a592,The Guardian,2016,"""climate change""",The ethical Christmas gift guide: what to get those who love to give back,https://www.theguardian.com/sustainable-business/2016/dec/16/ethical-gift-christmas-feminist-environment,2016-12-16,2020-09-23,2,https://i.guim.co.uk/img/media/44fcbf38d436fb13cc0972649843d4c6a16c12fe/0_38_1024_614/master/1024.jpg?width=445&dpr=1&s=none&crop=none,../Scripts/output/guardian/guardian_images/guardian_2016-12-16_guardian_5c7898a592_img02.jpg,"WildEarth Guardians protects wildlife in the American West, like the gray wolf. Photograph: Reuters",,1,graph,3,photo|photograph|reuters,0,likely_visualization
guardian_3d749d9526,The Guardian,2016,"""climate change""",The 12 key science moments of 2016,https://www.theguardian.com/science/2016/dec/18/12-most-important-science-moments-2016-space-sharks-zika-virus-proxima-b,2016-12-18,2021-10-29,2,https://i.guim.co.uk/img/media/bde2a96ca8f8bc7a52b069b32df90d0381f46386/0_131_3854_2313/master/3854.jpg?width=445&dpr=1&s=none&crop=none,../Scripts/output/guardian/guardian_images/guardian_2016-12-18_guardian_3d749d9526_img02.jpg,"The solar power plant at Moura, Portugal, produces 45 MW of electricity each year, powering 30,000 homes. Photograph: Universal Images Group/Getty Images",,1,graph,3,getty|photo|photograph,0,likely_visualization
guardian_3d749d9526,The Guardian,2016,"""climate change""",The 12 key science moments of 2016,https://www.theguardian.com/science/2016/dec/18/12-most-important-science-moments-2016-space-sharks-zika-virus-proxima-b,2016-12-18,2021-10-29,4,https://i.guim.co.uk/img/media/8fa2d64b74227f79c69e39fa95ccba3d988579aa/476_512_4220_2534/master/4220.jpg?width=445&dpr=1&s=none&crop=none,../Scripts/output/guardian/guardian_images/guardian_2016-12-18_guardian_3d749d9526_img04.jpg,"A hydrothermal vent on the East Pacific Rise, seen as the root of life. Photograph: Dr Ken McDonald/Getty Images/Science Photo Library RM",,1,graph,3,getty|photo|photograph,0,likely_visualization
guardian_3d749d9526,The Guardian,2016,"""climate change""",The 12 key science moments of 2016,https://www.theguardian.com/science/2016/dec/18/12-most-important-science-moments-2016-space-sharks-zika-virus-proxima-b,2016-12-18,2021-10-29,7,https://i.guim.co.uk/img/media/ab49eff94703842f69e0f2be005df3906c9872a9/129_0_2139_1284/master/2139.jpg?width=445&dpr=1&s=none&crop=none,../Scripts/output/guardian/guardian_images/guardian_2016-12-18_guardian_3d749d9526_img07.jpg,"The sun sets behind a smoking chimney in Wismar, Germany. Photograph: Daniel Reinhardt/EPA",,1,graph,3,epa|photo|photograph,0,likely_visualization
guardian_3d749d9526,The Guardian,2016,"""climate change""",The 12 key science moments of 2016,https://www.theguardian.com/science/2016/dec/18/12-most-important-science-moments-2016-space-sharks-zika-virus-proxima-b,2016-12-18,2021-10-29,9,https://i.guim.co.uk/img/media/f1a5890a6bc23b19663a3aa660d828522173b9df/0_208_4968_2981/master/4968.jpg?width=445&dpr=1&s=none&crop=none,../Scripts/output/guardian/guardian_images/guardian_2016-12-18_guardian_3d749d9526_img09.jpg,"Ice floats near the coast of West Antarctica viewed from a Nasa plane on October 27, 2016. Photograph: Mario Tama/Getty Images",,1,graph,3,getty|photo|photograph,0,likely_visualization
guardian_2ec7a0117e,The Guardian,2016,"""climate change""",Alaska indigenous people see culture slipping away as sea ice vanishes,https://www.theguardian.com/environment/2016/dec/19/alaska-sea-ice-vanishing-climate-change-indigenous-people,2016-12-19,2021-08-25,2,https://i.guim.co.uk/img/media/39befb8ffd1449e21edb70024ba7e182005138c9/0_10_3000_1800/master/3000.jpg?width=445&dpr=1&s=none&crop=none,../Scripts/output/guardian/guardian_images/guardian_2016-12-19_guardian_2ec7a0117e_img02.jpg,"People and a dog hunt for ducks near Newtok, Alaska. Newtok has a population of approximately of 375 ethnically Yupik people. Photograph: Andrew Burton/Getty Images",,1,graph,3,getty|photo|photograph,0,likely_visualization
guardian_5b89adb322,The Guardian,2016,"""climate change""","Clean energy funds for Alcoa's Portland smelter might be unlawful, Greens say",https://www.theguardian.com/australia-news/2016/dec/19/clean-energy-funds-alcoa-portland-smelter-unlawful-greens,2016-12-19,2018-03-13,1,https://i.guim.co.uk/img/media/2cb79f08df11d76f58a631f933d9b4b41e81506b/0_196_3000_1800/master/3000.jpg?width=465&dpr=1&s=none&crop=none,../Scripts/output/guardian/guardian_images/guardian_2016-12-19_guardian_5b89adb322_img01.jpg,"The Alcoa plant in Portland, Victoria. The Greens say it may be unlawful for the government to direct the use of Clean Energy Finance Corporation funds to prop up the smelter. Photograph: Bloomberg/Bloomberg via Getty Images",,1,graph,3,getty|photo|photograph,0,likely_visualization
guardian_09d682239c,The Guardian,2016,"""climate change""",Tim Cook on why he met Donald Trump and the future of desktop Macs,https://www.theguardian.com/technology/2016/dec/20/tim-cook-meeting-donald-trump-desktop-macs-apple,2016-12-20,2018-02-09,1,https://i.guim.co.uk/img/media/97ccef33f59762cc0154e9dd7ea793ed9bccb925/0_130_2408_1445/master/2408.jpg?width=465&dpr=1&s=none&crop=none,../Scripts/output/guardian/guardian_images/guardian_2016-12-20_guardian_09d682239c_img01.jpg,"President-elect Donald Trump speaks as PayPal co-founder and Facebook board member Peter Thiel, Apple CEO Tim Cook Photograph: Shannon Stapleton/Reuters",,1,graph,3,photo|photograph|reuters,0,likely_visualization
guardian_1747be08b9,The Guardian,2016,"""climate change""",Fracking to go ahead in North Yorkshire after high court ruling,https://www.theguardian.com/environment/2016/dec/20/fracking-to-go-ahead-in-north-yorkshire-after-high-court-ruling,2016-12-20,2018-02-14,1,https://i.guim.co.uk/img/media/32535fe856df12c8c5691707be8dc58b6edc16a4/0_58_4274_2565/master/4274.jpg?width=465&dpr=1&s=none&crop=none,../Scripts/output/guardian/guardian_images/guardian_2016-12-20_guardian_1747be08b9_img01.jpg,A demonstration earlier this year against allowing Third Energy to proceed at Kirby Misperton. Photograph: Ian Forsyth/Getty Images,,1,graph,3,getty|photo|photograph,0,likely_visualization
guardian_8bb4da1b90,The Guardian,2016,"""climate change""",The tech winners and losers of 2016 (hint: Facebook – and Facebook),https://www.theguardian.com/technology/2016/dec/20/2016-tech-winners-losers-facebook-peter-thiel,2016-12-20,2017-12-01,1,https://i.guim.co.uk/img/media/301a8451770da0177eea5cb47031fac0b655fb0b/0_246_3500_2100/master/3500.jpg?width=465&dpr=1&s=none&crop=none,../Scripts/output/guardian/guardian_images/guardian_2016-12-20_guardian_8bb4da1b90_img01.jpg,Pokémon Go: winning at 2016 ... at least for a few minutes. Photograph: Tyrone Siu/Reuters,,1,graph,3,photo|photograph|reuters,0,likely_visualization
guardian_8bb4da1b90,The Guardian,2016,"""climate change""",The tech winners and losers of 2016 (hint: Facebook – and Facebook),https://www.theguardian.com/technology/2016/dec/20/2016-tech-winners-losers-facebook-peter-thiel,2016-12-20,2017-12-01,2,https://i.guim.co.uk/img/media/ceb6dbcba38f48bf4e773778c4da56fd753658fe/0_92_2872_1724/master/2872.jpg?width=445&dpr=1&s=none&crop=none,../Scripts/output/guardian/guardian_images/guardian_2016-12-20_guardian_8bb4da1b90_img02.jpg,Mark Zuckerberg: steering the world’s most powerful (not a) media company. Photograph: Mariana Bazo/Reuters,,1,graph,3,photo|photograph|reuters,0,likely_visualization
guardian_8bb4da1b90,The Guardian,2016,"""climate change""",The tech winners and losers of 2016 (hint: Facebook – and Facebook),https://www.theguardian.com/technology/2016/dec/20/2016-tech-winners-losers-facebook-peter-thiel,2016-12-20,2017-12-01,3,https://i.guim.co.uk/img/media/575ab37974a656cf18dc3e1313f77897e4d14e1e/0_134_3500_2101/master/3500.jpg?width=445&dpr=1&s=none&crop=none,../Scripts/output/guardian/guardian_images/guardian_2016-12-20_guardian_8bb4da1b90_img03.jpg,Trump’s techie: Peter Thiel exits an elevator after a post-election meeting at Trump Tower. Photograph: Eduardo Munoz/Reuters,,1,graph,3,photo|photograph|reuters,0,likely_visualization
guardian_8bb4da1b90,The Guardian,2016,"""climate change""",The tech winners and losers of 2016 (hint: Facebook – and Facebook),https://www.theguardian.com/technology/2016/dec/20/2016-tech-winners-losers-facebook-peter-thiel,2016-12-20,2017-12-01,4,https://i.guim.co.uk/img/media/1025b89ddeaeb222147d77d585623a413c57bf61/0_86_2321_1392/master/2321.jpg?width=445&dpr=1&s=none&crop=none,../Scripts/output/guardian/guardian_images/guardian_2016-12-20_guardian_8bb4da1b90_img04.jpg,"Not everything was perfect for Elon Musk this year, but he deserves credit. Photograph: Brian Dowling/Getty Images",,1,graph,3,getty|photo|photograph,0,likely_visualization
guardian_8bb4da1b90,The Guardian,2016,"""climate change""",The tech winners and losers of 2016 (hint: Facebook – and Facebook),https://www.theguardian.com/technology/2016/dec/20/2016-tech-winners-losers-facebook-peter-thiel,2016-12-20,2017-12-01,5,https://i.guim.co.uk/img/media/00fe36bc7485ba1c1ab606d6d041725f02083284/0_287_4079_2448/master/4079.jpg?width=445&dpr=1&s=none&crop=none,../Scripts/output/guardian/guardian_images/guardian_2016-12-20_guardian_8bb4da1b90_img05.jpg,Nothing is safe. Not even your vibrator . Photograph: Bill Hinton Photography/Getty Images,,1,graph,3,getty|photo|photograph,0,likely_visualization
guardian_8bb4da1b90,The Guardian,2016,"""climate change""",The tech winners and losers of 2016 (hint: Facebook – and Facebook),https://www.theguardian.com/technology/2016/dec/20/2016-tech-winners-losers-facebook-peter-thiel,2016-12-20,2017-12-01,7,https://i.guim.co.uk/img/media/4195da894b7ecf249c2df0d9f6e6eb3dd9b274c8/0_142_4096_2458/master/4096.jpg?width=445&dpr=1&s=none&crop=none,../Scripts/output/guardian/guardian_images/guardian_2016-12-20_guardian_8bb4da1b90_img07.jpg,The editor of Norwegian newspaper Aftenposten wrote an open letter to Mark Zuckerberg after Facebook censored the famous ‘napalm girl’ photograph from the Vietnam War. Photograph: Eric Johansen/EPA,,1,graph,3,epa|photo|photograph,0,likely_visualization
guardian_8bb4da1b90,The Guardian,2016,"""climate change""",The tech winners and losers of 2016 (hint: Facebook – and Facebook),https://www.theguardian.com/technology/2016/dec/20/2016-tech-winners-losers-facebook-peter-thiel,2016-12-20,2017-12-01,10,https://i.guim.co.uk/img/media/a97d0eefad10a88a3b70a1ebb86342a4ae453839/0_122_3329_1997/master/3329.jpg?width=445&dpr=1&s=none&crop=none,../Scripts/output/guardian/guardian_images/guardian_2016-12-20_guardian_8bb4da1b90_img10.jpg,"Once a Silicon Valley darling, Theranos CEO Elizabeth Holmes has been banned from running a lab for two years. Photograph: Carlo Allegri/Reuters",,1,graph,3,photo|photograph|reuters,0,likely_visualization
guardian_8bb4da1b90,The Guardian,2016,"""climate change""",The tech winners and losers of 2016 (hint: Facebook – and Facebook),https://www.theguardian.com/technology/2016/dec/20/2016-tech-winners-losers-facebook-peter-thiel,2016-12-20,2017-12-01,11,https://i.guim.co.uk/img/media/432f77f9f1a44a262e0d5c9f09a6fee9ce1f0d80/0_359_3500_2100/master/3500.jpg?width=445&dpr=1&s=none&crop=none,../Scripts/output/guardian/guardian_images/guardian_2016-12-20_guardian_8bb4da1b90_img11.jpg,A fleet of Uber’s new self-driving cars in Pittsburgh. Photograph: Aaron Josefczyk/Reuters,,1,graph,3,photo|photograph|reuters,0,likely_visualization
guardian_8c6bbc9641,The Guardian,2016,"""climate change""",Trump protesters plan to open 'movement house' in Washington DC,https://www.theguardian.com/world/2016/dec/20/protest-trump-movement-house-washington-dc,2016-12-20,2018-02-09,1,https://i.guim.co.uk/img/media/1e0fca422eab75f9a9b54cf0437258c223d195c8/0_174_4096_2459/master/4096.jpg?width=465&dpr=1&s=none&crop=none,../Scripts/output/guardian/guardian_images/guardian_2016-12-20_guardian_8c6bbc9641_img01.jpg,People outside the White House protest against President-elect Donald Trump’s election. Photograph: Michael Reynolds/EPA,,1,graph,3,epa|photo|photograph,0,likely_visualization
guardian_8e68d16bbc,The Guardian,2016,"""climate change""",Our future is being stolen. Be brave and take it back,https://www.theguardian.com/commentisfree/2016/dec/20/2016-brexit-trump-hopeful,2016-12-20,2020-02-03,1,https://i.guim.co.uk/img/media/e4fefb372eddfc55444f2a4901604029d576b20e/0_198_3500_2100/master/3500.jpg?width=465&dpr=1&s=none&crop=none,../Scripts/output/guardian/guardian_images/guardian_2016-12-20_guardian_8e68d16bbc_img01.jpg,"‘If there was a moment’s hope that Donald Trump would be muzzled by wise advisers, we have seen it dissipate with each new appointment.’ Photograph: Mark Makela/Getty Images",,1,graph,3,getty|photo|photograph,0,likely_visualization
guardian_af20cd795c,The Guardian,2016,"""climate change""",Dancing for a cause: Kiribati’s climate activist Olympic weightlifter,https://www.theguardian.com/sport/2016/dec/21/dancing-for-a-cause-kiribatis-climate-activist-olympic-weightlifter,2016-12-20,2021-08-25,1,https://i.guim.co.uk/img/media/7c8dfe271dcbc09bd62b59d05bea51e85e57cebc/0_293_4398_2639/master/4398.jpg?width=465&dpr=1&s=none&crop=none,../Scripts/output/guardian/guardian_images/guardian_2016-12-20_guardian_af20cd795c_img01.jpg,David Katoatau: ‘I hope the world is listening. I hope someone comes to help my country.’ Photograph: Tom Pennington/Getty Images,,1,graph,3,getty|photo|photograph,0,likely_visualization
guardian_d4ed50b501,The Guardian,2016,IPCC,Hillsborough family criticises Met chief over IPCC claim,https://www.theguardian.com/football/2016/dec/20/hillsborough-family-criticises-met-chief-over-ipcc-claim,2016-12-20,2017-09-20,1,https://i.guim.co.uk/img/media/844a2a1582ce2aab2d1c71cacfadb2b5fd6d79ff/0_233_3500_2101/master/3500.jpg?width=465&dpr=1&s=none&crop=none,../Scripts/output/guardian/guardian_images/guardian_2016-12-20_guardian_d4ed50b501_img01.jpg,"Hogan-Howe, now Britain’s most senior policeman, was a South Yorkshire police officer in 1989. Photograph: Oli Scarff/Getty Images",,1,graph,3,getty|photo|photograph,0,likely_visualization
guardian_002b353c9b,The Guardian,2016,"""climate change""",UK hits clean energy milestone: 50% of electricity from low carbon sources,https://www.theguardian.com/environment/2016/dec/22/uk-hits-clean-energy-milestone-50-of-electricity-from-low-carbon-sources,2016-12-22,2018-02-14,1,https://i.guim.co.uk/img/media/ceeacaac4b1bc789f9f8f7b5da812d439bed3ccf/0_267_4000_2400/master/4000.jpg?width=465&dpr=1&s=none&crop=none,../Scripts/output/guardian/guardian_images/guardian_2016-12-22_guardian_002b353c9b_img01.jpg,A boat passes a wind turbine in the North Sea at the London Array offshore wind farm. Photograph: Bloomberg/Bloomberg via Getty Images,,1,graph,3,getty|photo|photograph,0,likely_visualization
guardian_7b8d8769c5,The Guardian,2016,"""climate change""",Trump said he'd be the president of all Americans. He's already failing,https://www.theguardian.com/commentisfree/2016/dec/22/donald-trump-president-all-americans-already-failing,2016-12-22,2021-01-07,1,https://i.guim.co.uk/img/media/98d48e8f700074b8c07f179dbfbbdd9fae69bdb7/0_117_3500_2101/master/3500.jpg?width=465&dpr=1&s=none&crop=none,../Scripts/output/guardian/guardian_images/guardian_2016-12-22_guardian_7b8d8769c5_img01.jpg,‘He’s going to be the president for rich white men like him.’ Photograph: Carlos Barria/Reuters,,1,graph,3,photo|photograph|reuters,0,likely_visualization
guardian_84190dc5a6,The Guardian,2016,"""climate change""",Australia's greenhouse gas emissions are rising and forecast to miss 2030 target,https://www.theguardian.com/environment/2016/dec/22/australias-greenhouse-gas-emissions-are-rising-official-figures-show,2016-12-22,2021-08-25,1,https://i.guim.co.uk/img/media/1cfc55de3f0adfe3a71fc473cc76564e4bc94ef4/0_0_5334_3200/master/5334.jpg?width=465&dpr=1&s=none&crop=none,../Scripts/output/guardian/guardian_images/guardian_2016-12-22_guardian_84190dc5a6_img01.jpg,"A gas plant in Mount Isa, Queensland. Greenhouse gas emissions have again risen in Australia, according to official figures. Photograph: Auscape/Getty Images/Universal Images Group",,1,graph,3,getty|photo|photograph,0,likely_visualization
guardian_657a0f9ea2,The Guardian,2016,"""climate change""","'It’s like the end of the world, so vast it’s oceanic': Otto Bell on Mongolia",https://www.theguardian.com/travel/2016/dec/23/mongolia-holidays-the-eagle-huntress-director-otto-bell-interivew,2016-12-23,2017-11-29,2,https://i.guim.co.uk/img/media/08885eb79f4f80d815f58d0d4eeb50eea2aeba5f/1155_39_3299_2931/master/3299.jpg?width=445&dpr=1&s=none&crop=none,../Scripts/output/guardian/guardian_images/guardian_2016-12-23_guardian_657a0f9ea2_img02.jpg,Film director Otto Bell. Photograph: Earl Gibson III/Getty Images,,1,graph,3,getty|photo|photograph,0,likely_visualization
guardian_657a0f9ea2,The Guardian,2016,"""climate change""","'It’s like the end of the world, so vast it’s oceanic': Otto Bell on Mongolia",https://www.theguardian.com/travel/2016/dec/23/mongolia-holidays-the-eagle-huntress-director-otto-bell-interivew,2016-12-23,2017-11-29,3,https://i.guim.co.uk/img/media/1e20eeb761af0c8b67c660a4cc43a11ade725c5d/0_164_5000_3001/master/5000.jpg?width=445&dpr=1&s=none&crop=none,../Scripts/output/guardian/guardian_images/guardian_2016-12-23_guardian_657a0f9ea2_img03.jpg,A goat herder in the Sagsai valley below Mongolia’s Altai Mountains. Photograph: Wolfgang Kaehler/Getty Images,,1,graph,3,getty|photo|photograph,0,likely_visualization
guardian_6dde7ba4b7,The Guardian,2016,"""climate change""",I declare 2016 the year of the group chat – social media your own way,https://www.theguardian.com/media/2016/dec/24/i-declare-2016-the-year-of-the-group-chat-social-media-your-own-way,2016-12-23,2017-02-21,1,https://i.guim.co.uk/img/media/e0a3ad613a59175e38c12e9384cdc8d4e87424c4/0_244_5160_3097/master/5160.jpg?width=465&dpr=1&s=none&crop=none,../Scripts/output/guardian/guardian_images/guardian_2016-12-23_guardian_6dde7ba4b7_img01.jpg,"Group chat is part of an ongoing trend to stop publishing every thought to thousands of followers and instead engage with more exclusive, smaller circles of people. Photograph: Leland Bobbe/Getty Images",,1,graph,3,getty|photo|photograph,0,likely_visualization
guardian_8f6f4d5d60,The Guardian,2016,"""climate change""",Greenland: the country set to cash in on climate change,https://www.theguardian.com/environment/2016/dec/23/climate-change-in-greenland-adaptation-we-simply-refuse-to-be-victimised,2016-12-23,2021-10-29,1,https://i.guim.co.uk/img/media/3fd113ec760382a4ed8f2b2071bff1020a44e3de/0_40_4638_2784/master/4638.jpg?width=465&dpr=1&s=none&crop=none,../Scripts/output/guardian/guardian_images/guardian_2016-12-23_guardian_8f6f4d5d60_img01.jpg,"Children play next to an iceberg on the beach in Nuuk, where temperatures of 24C stunned meteorologists in June 2016. Photograph: Alister Doyle/Reuters",,1,graph,3,photo|photograph|reuters,0,likely_visualization
guardian_8f6f4d5d60,The Guardian,2016,"""climate change""",Greenland: the country set to cash in on climate change,https://www.theguardian.com/environment/2016/dec/23/climate-change-in-greenland-adaptation-we-simply-refuse-to-be-victimised,2016-12-23,2021-10-29,3,https://i.guim.co.uk/img/media/9cfd837af8546bf987487b569d3e8d7c88120ded/750_8_4146_2517/master/4146.jpg?width=445&dpr=1&s=none&crop=none,../Scripts/output/guardian/guardian_images/guardian_2016-12-23_guardian_8f6f4d5d60_img03.jpg,"Greenland’s prime minister, Kim Kielsen, with an oil-bearing rock from Nuuk. Photograph: Alister Doyle/Reuters",,1,graph,3,photo|photograph|reuters,0,likely_visualization
guardian_0f01859142,The Guardian,2016,"""climate change""",Philippines braces for severe typhoon on Christmas Day,https://www.theguardian.com/world/2016/dec/24/philippines-braces-for-severe-typhoon-on-christmas-day,2016-12-24,2016-12-24,1,https://i.guim.co.uk/img/media/b486474ed357df642cd14ba0556766f5ce625da3/0_439_4096_2457/master/4096.jpg?width=465&dpr=1&s=none&crop=none,../Scripts/output/guardian/guardian_images/guardian_2016-12-24_guardian_0f01859142_img01.jpg,Typhoon Nock-ten is forecast to make landfall in the Philippines on Christmas Day. Photograph: Francis R. Malasig/EPA,,1,graph,3,epa|photo|photograph,0,likely_visualization
guardian_55e898aa67,The Guardian,2016,"""climate change""",2016's best bits: October to December,https://www.theguardian.com/lifeandstyle/2016/dec/24/good-news-2016-chibok-girls-famous-deaths-prince-harry-driverless-cars,2016-12-24,2021-10-29,3,https://i.guim.co.uk/img/media/c1efe2c94fdfbac8ad45ad268761abe3728fc920/0_0_4345_4345/master/4345.jpg?width=445&dpr=1&s=none&crop=none,../Scripts/output/guardian/guardian_images/guardian_2016-12-24_guardian_55e898aa67_img03.jpg,"David Bowie, who bowed out in January. Photograph: Terry O'Neill/Getty Images",,1,graph,3,getty|photo|photograph,0,likely_visualization
guardian_55e898aa67,The Guardian,2016,"""climate change""",2016's best bits: October to December,https://www.theguardian.com/lifeandstyle/2016/dec/24/good-news-2016-chibok-girls-famous-deaths-prince-harry-driverless-cars,2016-12-24,2021-10-29,4,https://i.guim.co.uk/img/media/42bb9b4972a3e42ce3e55acc9342111a9a1b315b/0_984_3608_4385/master/3608.jpg?width=120&dpr=1&s=none&crop=none,../Scripts/output/guardian/guardian_images/guardian_2016-12-24_guardian_55e898aa67_img04.jpg,"Leonard Cohen, who left us in November. Photograph: Jack Robinson/Getty Images",,1,graph,3,getty|photo|photograph,0,likely_visualization
guardian_82a6ce8cc1,The Guardian,2016,"""climate change""","Trump's transition reality show: Kanye West, a naked cowboy and a month to go",https://www.theguardian.com/us-news/2016/dec/24/trump-transition-reality-show-kanye-west-naked-cowboy,2016-12-24,2021-01-07,2,https://i.guim.co.uk/img/media/4f9132ad70da098b0947a0f0a551cd624033865b/1025_87_2583_1550/master/2583.jpg?width=445&dpr=1&s=none&crop=none,../Scripts/output/guardian/guardian_images/guardian_2016-12-24_guardian_82a6ce8cc1_img02.jpg,The next album cover? Trump and West meet at Trump Tower. Photograph: Drew Angerer/Getty Images,,1,graph,3,getty|photo|photograph,0,likely_visualization
guardian_9d0f45cb71,The Guardian,2016,"""climate change""",Climate scientist and Nasa astronaut Piers Sellers dies aged 61,https://www.theguardian.com/science/2016/dec/24/climate-scientist-and-nasa-astronaut-piers-sellers-dies-aged-61,2016-12-24,2021-08-25,3,https://i.guim.co.uk/img/media/40f7dea29c1ff3d2330c3e5d5c7101d9e01c5dd7/0_154_3032_1818/master/3032.jpg?width=445&dpr=1&s=none&crop=none,../Scripts/output/guardian/guardian_images/guardian_2016-12-24_guardian_9d0f45cb71_img03.jpg,Piers Sellers carries out a spacewalk on the International Space Station in 2006. Photograph: NASA/Getty Images,,1,graph,3,getty|photo|photograph,0,likely_visualization
guardian_c14e440369,The Guardian,2016,"""climate change""",2016's best bits: April to June,https://www.theguardian.com/lifeandstyle/2016/dec/24/good-news-2016-golf-football-leicester-hillsborough-sadiq-khan-antarctica,2016-12-24,2022-10-19,2,https://i.guim.co.uk/img/media/4521f02317660c020a11443145fdd9d7bd39b993/0_0_3500_2330/master/3500.jpg?width=445&dpr=1&s=none&crop=none,../Scripts/output/guardian/guardian_images/guardian_2016-12-24_guardian_c14e440369_img02.jpg,Pope Francis welcomes a group of Syrian refugees. Photograph: Reuters,,1,graph,3,photo|photograph|reuters,0,likely_visualization
guardian_c14e440369,The Guardian,2016,"""climate change""",2016's best bits: April to June,https://www.theguardian.com/lifeandstyle/2016/dec/24/good-news-2016-golf-football-leicester-hillsborough-sadiq-khan-antarctica,2016-12-24,2022-10-19,3,https://i.guim.co.uk/img/media/8352877a89792d0693fe15e4023f8fef12ba72d5/184_186_3992_2659/master/3992.jpg?width=445&dpr=1&s=none&crop=none,../Scripts/output/guardian/guardian_images/guardian_2016-12-24_guardian_c14e440369_img03.jpg,A banner after the Hillsborough verdict. Photograph: Christopher Furlong/Getty Images,,1,graph,3,getty|photo|photograph,0,likely_visualization
guardian_c14e440369,The Guardian,2016,"""climate change""",2016's best bits: April to June,https://www.theguardian.com/lifeandstyle/2016/dec/24/good-news-2016-golf-football-leicester-hillsborough-sadiq-khan-antarctica,2016-12-24,2022-10-19,7,https://i.guim.co.uk/img/media/dbb642822e262c0d4a273bf1213915ab8677ad11/0_0_7172_4896/master/7172.jpg?width=445&dpr=1&s=none&crop=none,../Scripts/output/guardian/guardian_images/guardian_2016-12-24_guardian_c14e440369_img07.jpg,Sarah Olney wins Richmond Park for the Lib Dems. Photograph: Chris J Ratcliffe/Getty Images,,1,graph,3,getty|photo|photograph,0,likely_visualization
guardian_cf04c64300,The Guardian,2016,"""climate change""","So long, 2016: the year of the political earthquake",https://www.theguardian.com/news/2016/dec/24/2016-in-review-world-news-syria-terrorism-brexit-trump-decca-aitkenhead,2016-12-24,2020-02-03,1,https://i.guim.co.uk/img/media/68e7f75bb5292d81d178cf048ff9bb4820c45117/0_0_2038_1351/master/2038.jpg?width=445&dpr=1&s=none&crop=none,../Scripts/output/guardian/guardian_images/guardian_2016-12-24_guardian_cf04c64300_img01.jpg,David Cameron at the European Commission in January. Photograph: Laurent Dubrule/EPA,,1,graph,3,epa|photo|photograph,0,likely_visualization
guardian_cf04c64300,The Guardian,2016,"""climate change""","So long, 2016: the year of the political earthquake",https://www.theguardian.com/news/2016/dec/24/2016-in-review-world-news-syria-terrorism-brexit-trump-decca-aitkenhead,2016-12-24,2020-02-03,3,https://i.guim.co.uk/img/media/617c18f40af1a20a9d46f2757856926b9a932c38/0_0_3500_2334/master/3500.jpg?width=445&dpr=1&s=none&crop=none,../Scripts/output/guardian/guardian_images/guardian_2016-12-24_guardian_cf04c64300_img03.jpg,Anti-Brexit protesters in Berlin. Photograph: Hannibal Hanschke/Reuters,,1,graph,3,photo|photograph|reuters,0,likely_visualization
guardian_cf04c64300,The Guardian,2016,"""climate change""","So long, 2016: the year of the political earthquake",https://www.theguardian.com/news/2016/dec/24/2016-in-review-world-news-syria-terrorism-brexit-trump-decca-aitkenhead,2016-12-24,2020-02-03,7,https://i.guim.co.uk/img/media/f7e4163c3b8444e729023d4d0ef921cf3a1bc9db/0_0_4334_2938/master/4334.jpg?width=445&dpr=1&s=none&crop=none,../Scripts/output/guardian/guardian_images/guardian_2016-12-24_guardian_cf04c64300_img07.jpg,"Vladimir Putin with Trump’s secretary of state, ExxonMobil CEO Rex Tillerson. Photograph: Sasha Mordovets/Getty Images",,1,graph,3,getty|photo|photograph,0,likely_visualization
guardian_fdb01cf066,The Guardian,2016,"""climate change""","Weekend reading: Conspiracies, podcasts and how to win a row",https://www.theguardian.com/membership/live/2016/dec/24/weekend-reading-conspiracies-podcasts-and-how-to-win-a-row,2016-12-24,2018-03-30,3,https://i.guim.co.uk/img/media/6d16b50ebee0679b67aa9694d3ce2df81163f581/249_714_4637_2782/master/4637.jpg?width=300&quality=85&auto=format&fit=max&s=e3646f6589da0f500240eff4a082b22c,../Scripts/output/guardian/guardian_images/guardian_2016-12-24_guardian_fdb01cf066_img03.jpg,Photograph: George Coppock/Getty Images,,1,graph,3,getty|photo|photograph,0,likely_visualization
guardian_fdb01cf066,The Guardian,2016,"""climate change""","Weekend reading: Conspiracies, podcasts and how to win a row",https://www.theguardian.com/membership/live/2016/dec/24/weekend-reading-conspiracies-podcasts-and-how-to-win-a-row,2016-12-24,2018-03-30,5,https://i.guim.co.uk/img/media/e94f723f9e33275f6e1463252e486930d8d98912/0_1200_8000_4800/master/8000.jpg?width=300&quality=85&auto=format&fit=max&s=912681be430d814ce3c77f6dc9dffcd6,../Scripts/output/guardian/guardian_images/guardian_2016-12-24_guardian_fdb01cf066_img05.jpg,Photograph: icafreitas/Getty Images/iStockphoto,,1,graph,3,getty|photo|photograph,0,likely_visualization
guardian_fdb01cf066,The Guardian,2016,"""climate change""","Weekend reading: Conspiracies, podcasts and how to win a row",https://www.theguardian.com/membership/live/2016/dec/24/weekend-reading-conspiracies-podcasts-and-how-to-win-a-row,2016-12-24,2018-03-30,6,https://i.guim.co.uk/img/media/901b809ff6aaf3a48a7364e5420e8bf279a63a07/0_814_2767_1660/master/2767.jpg?width=300&quality=85&auto=format&fit=max&s=845809e511f5590cef4171dbde19f22b,../Scripts/output/guardian/guardian_images/guardian_2016-12-24_guardian_fdb01cf066_img06.jpg,Photograph: NBC via Getty Images,,1,graph,3,getty|photo|photograph,0,likely_visualization
guardian_fdb01cf066,The Guardian,2016,"""climate change""","Weekend reading: Conspiracies, podcasts and how to win a row",https://www.theguardian.com/membership/live/2016/dec/24/weekend-reading-conspiracies-podcasts-and-how-to-win-a-row,2016-12-24,2018-03-30,7,https://i.guim.co.uk/img/media/40c02825222bbe02b8d55614899d882de86763a8/812_787_3688_2213/master/3688.jpg?width=300&quality=85&auto=format&fit=max&s=0925603f4ac6b5b812b0e804e7010c18,../Scripts/output/guardian/guardian_images/guardian_2016-12-24_guardian_fdb01cf066_img07.jpg,Photograph: Kirillm/Getty Images/iStockphoto,,1,graph,3,getty|photo|photograph,0,likely_visualization
guardian_fdb01cf066,The Guardian,2016,"""climate change""","Weekend reading: Conspiracies, podcasts and how to win a row",https://www.theguardian.com/membership/live/2016/dec/24/weekend-reading-conspiracies-podcasts-and-how-to-win-a-row,2016-12-24,2018-03-30,8,https://i.guim.co.uk/img/media/e32cacd155ef317bd62f9f47af280dc4e38714e3/695_1423_4519_2713/master/4519.jpg?width=300&quality=85&auto=format&fit=max&s=575ed19403c5030d46b0d8e8e134b75e,../Scripts/output/guardian/guardian_images/guardian_2016-12-24_guardian_fdb01cf066_img08.jpg,Photograph: Rawpixel Ltd/Getty Images/iStockphoto,,1,graph,3,getty|photo|photograph,0,likely_visualization
guardian_75426131c4,The Guardian,2016,"""climate change""",2016 was the end of the world as we know it. So what's next?,https://www.theguardian.com/us-news/2016/dec/25/2016-was-the-end-of-the-world-as-we-know-it-so-whats-next,2016-12-25,2020-02-03,4,https://i.guim.co.uk/img/media/f06d3ef25d00d3aae787afa9f71b6b1266b7b967/59_324_2818_1691/master/2818.jpg?width=445&dpr=1&s=none&crop=none,../Scripts/output/guardian/guardian_images/guardian_2016-12-25_guardian_75426131c4_img04.jpg,"Pupils gather at their school in Saada, Yemen, after it was hit by a Saudi-led airstrike. Photograph: Naif Rahma/Reuters",,1,graph,3,photo|photograph|reuters,0,likely_visualization
guardian_75426131c4,The Guardian,2016,"""climate change""",2016 was the end of the world as we know it. So what's next?,https://www.theguardian.com/us-news/2016/dec/25/2016-was-the-end-of-the-world-as-we-know-it-so-whats-next,2016-12-25,2020-02-03,7,https://i.guim.co.uk/img/media/40933bb4d6770261d0151ef29b08a17dd2acbbe2/0_7_4000_2400/master/4000.jpg?width=445&dpr=1&s=none&crop=none,../Scripts/output/guardian/guardian_images/guardian_2016-12-25_guardian_75426131c4_img07.jpg,"Mourners in Caloocan city, Philippines, pay respects to Jerico Camitan, 21, who was shot with his partner, 17. A placard placed nearby said they were drug pushers. Photograph: Jes Aznar/Getty Images",,1,graph,3,getty|photo|photograph,0,likely_visualization
guardian_8016ba4ff3,The Guardian,2016,"""climate change""",Progressive causes see 'unprecedented' upswing in donations after US election,https://www.theguardian.com/us-news/2016/dec/25/progressive-donations-us-election-planned-parenthood-aclu,2016-12-25,2021-01-07,1,https://i.guim.co.uk/img/media/7afaf728c19154c314045ee256aff2ecf62796c3/0_105_3000_1800/master/3000.jpg?width=465&dpr=1&s=none&crop=none,../Scripts/output/guardian/guardian_images/guardian_2016-12-25_guardian_8016ba4ff3_img01.jpg,"Planned Parenthood has received more than 300,000 donations in the six weeks since the election, 40 times its normal rate. Photograph: Nick Ut/Associated Press",,1,graph,3,associated press|photo|photograph,0,likely_visualization
guardian_d4943c680e,The Guardian,2016,"""climate change""",An Australian Christmas – relax if you can,https://www.theguardian.com/news/2016/dec/25/australian-christmas-relax-if-you-can-weatherwatch,2016-12-25,2017-11-28,1,https://i.guim.co.uk/img/media/c0efabd03744b512540f3c86c5e1cfb29d13703f/0_0_2474_1484/master/2474.jpg?width=465&dpr=1&s=none&crop=none,../Scripts/output/guardian/guardian_images/guardian_2016-12-25_guardian_d4943c680e_img01.jpg,"A breaking wave is seen through burnt trees in Separation Creek, Victoria, after the bushfires of December 2015. Photograph: Julian Smith/AAP",,1,graph,3,epa|photo|photograph,0,likely_visualization
guardian_67ee1857b9,The Guardian,2016,"""climate change""",Barack Obama: I'm 'confident' I could have won a third term as president,https://www.theguardian.com/us-news/2016/dec/26/barack-obama-third-term-president,2016-12-26,2020-02-26,1,https://i.guim.co.uk/img/media/7ba9ca62e23a421b29dd9891f6f7b47221b1d8bf/0_127_2900_1741/master/2900.jpg?width=465&dpr=1&s=none&crop=none,../Scripts/output/guardian/guardian_images/guardian_2016-12-26_guardian_67ee1857b9_img01.jpg,"Barack Obama sworn in as 44th president of the United States. Under the US constitution, presidents can only hold two terms in office. Photograph: Jason Reed/Reuters",,1,graph,3,photo|photograph|reuters,0,likely_visualization
guardian_fa6c2a627d,The Guardian,2016,"""climate change""","Major flooding in UK now likely every year, warns lead climate adviser",https://www.theguardian.com/environment/2016/dec/26/major-flooding-in-uk-now-likely-every-year-warns-lead-climate-adviser-storm-desmond,2016-12-26,2021-08-25,1,https://i.guim.co.uk/img/media/c83e74210849c895b3670b8211665c3c4aa84c1b/0_51_1867_1120/master/1867.jpg?width=465&dpr=1&s=none&crop=none,../Scripts/output/guardian/guardian_images/guardian_2016-12-26_guardian_fa6c2a627d_img01.jpg,"The flooded high street in Cockermouth in the Lake District, days after Storm Desmond on 6 December 2015. Photograph: Christopher Furlong/Getty Images",,1,graph,3,getty|photo|photograph,0,likely_visualization
guardian_03da253d91,The Guardian,2016,"""climate change""",Why entertainment may have saved 2016 from oblivion,https://www.theguardian.com/culture/2016/dec/28/entertainment-film-music-tv-2016-oblivion,2016-12-28,2018-05-24,2,https://i.guim.co.uk/img/media/8f13e43d7a13527e916111e6746482832b3f48cc/0_362_8495_5097/master/8495.jpg?width=445&dpr=1&s=none&crop=none,../Scripts/output/guardian/guardian_images/guardian_2016-12-28_guardian_03da253d91_img02.jpg,Mahershala Ali … one of 2016’s many winners. Photograph: Robby Klein/Getty Images,,1,graph,3,getty|photo|photograph,0,likely_visualization
guardian_84fb98be23,The Guardian,2016,"""climate change""","Don’t let the news get you down – things will get better, they always do",https://www.theguardian.com/commentisfree/2016/dec/28/hope-things-get-better-turn-off-news-history,2016-12-28,2016-12-28,1,https://i.guim.co.uk/img/media/e1a96d37e5e0fa5830293e61504c3e1a68c596d9/0_0_3500_2101/master/3500.jpg?width=465&dpr=1&s=none&crop=none,../Scripts/output/guardian/guardian_images/guardian_2016-12-28_guardian_84fb98be23_img01.jpg,"‘News is the evil we do each other, seldom the good.’ Photograph: Kommersant Photo/Kommersant via Getty Images",,1,graph,3,getty|photo|photograph,0,likely_visualization
guardian_8608fc5c80,The Guardian,2016,"""climate change""","Climate change driving birds to migrate early, research reveals",https://www.theguardian.com/environment/2016/dec/28/climate-change-driving-birds-migrate-early-research-reveals-edinburgh-global-warming,2016-12-28,2021-10-29,1,https://i.guim.co.uk/img/media/562c13db9a9fd3312b9daa3d187973790477b0bb/0_0_2048_1229/master/2048.jpg?width=465&dpr=1&s=none&crop=none,../Scripts/output/guardian/guardian_images/guardian_2016-12-28_guardian_8608fc5c80_img01.jpg,"Birds with long migrations are expected to suffer most, as other species reach breeding grounds before them. Photograph: Gerry Penny/EPA",,1,graph,3,epa|photo|photograph,0,likely_visualization
guardian_a030f44d41,The Guardian,2016,"""climate change""",The US could be vastly different a year from now. Here's how,https://www.theguardian.com/commentisfree/2016/dec/29/donald-trump-first-year-in-office-different-america,2016-12-29,2024-06-20,3,https://i.guim.co.uk/img/media/e4fefb372eddfc55444f2a4901604029d576b20e/0_198_3500_2100/master/3500.jpg?width=445&dpr=1&s=none&crop=none,../Scripts/output/guardian/guardian_images/guardian_2016-12-29_guardian_a030f44d41_img03.jpg,Demonstrators outside the Pennsylvania capitol building before electors arrive to cast their votes from the election on 19 December. Photograph: Mark Makela/Getty Images,,1,graph,3,getty|photo|photograph,0,likely_visualization
guardian_4ca3baa1ac,The Guardian,2016,"""climate change""",'Walking buses' and council housing: a wishlist for world cities in 2017,https://www.theguardian.com/cities/2016/dec/30/walking-buses-council-housing-wishlist-world-cities-2017,2016-12-30,2020-02-03,2,https://i.guim.co.uk/img/media/851f3863b9160e3d2efbbf720df71fd45d3c5162/72_0_2759_1656/master/2759.jpg?width=445&dpr=1&s=none&crop=none,../Scripts/output/guardian/guardian_images/guardian_2016-12-30_guardian_4ca3baa1ac_img02.jpg,Demolition Of the Aylesbury council estate in Southwark. Photograph: Oli Scarff/Getty Images,,1,graph,3,getty|photo|photograph,0,likely_visualization
guardian_4ca3baa1ac,The Guardian,2016,"""climate change""",'Walking buses' and council housing: a wishlist for world cities in 2017,https://www.theguardian.com/cities/2016/dec/30/walking-buses-council-housing-wishlist-world-cities-2017,2016-12-30,2020-02-03,3,https://i.guim.co.uk/img/media/107717814588f39adde7331de2cd9e698a54dbbc/0_0_4728_2837/master/4728.jpg?width=445&dpr=1&s=none&crop=none,../Scripts/output/guardian/guardian_images/guardian_2016-12-30_guardian_4ca3baa1ac_img03.jpg,‘Manhattan is at risk of becoming a monoculture – a jungle of luxury towers.’ Photograph: Drew Angerer/Getty Images,,1,graph,3,getty|photo|photograph,0,likely_visualization
guardian_4ca3baa1ac,The Guardian,2016,"""climate change""",'Walking buses' and council housing: a wishlist for world cities in 2017,https://www.theguardian.com/cities/2016/dec/30/walking-buses-council-housing-wishlist-world-cities-2017,2016-12-30,2020-02-03,5,https://i.guim.co.uk/img/media/7a7931a517f7f756e7c72bf0c2f25356061e41e1/0_81_4000_2401/master/4000.jpg?width=445&dpr=1&s=none&crop=none,../Scripts/output/guardian/guardian_images/guardian_2016-12-30_guardian_4ca3baa1ac_img05.jpg,‘We come to Accra because it’s a city of opportunity.’ Photograph: Bloomberg/Getty Images,,1,graph,3,getty|photo|photograph,0,likely_visualization
guardian_4ca3baa1ac,The Guardian,2016,"""climate change""",'Walking buses' and council housing: a wishlist for world cities in 2017,https://www.theguardian.com/cities/2016/dec/30/walking-buses-council-housing-wishlist-world-cities-2017,2016-12-30,2020-02-03,6,https://i.guim.co.uk/img/media/03a922cf1c09b50c17bedb6ee1ed4e150acf02b2/81_0_3245_1948/master/3245.jpg?width=445&dpr=1&s=none&crop=none,../Scripts/output/guardian/guardian_images/guardian_2016-12-30_guardian_4ca3baa1ac_img06.jpg,Commuters on a ferry in Sydney Harbour. Photograph: Jason Reed/Reuters,,1,graph,3,photo|photograph|reuters,0,likely_visualization
guardian_73285891d9,The Guardian,2016,"""climate change""",Apprentice tradies to swallow tiny thermometers for heat stress productivity studies,https://www.theguardian.com/science/2016/dec/30/apprentice-tradies-to-swallow-tiny-thermometers-for-productivity-studies,2016-12-30,2021-08-25,1,https://i.guim.co.uk/img/media/3aeda0d36b1fd3ced518cc38252c34f595af0e5c/0_425_2709_1627/master/2709.jpg?width=465&dpr=1&s=none&crop=none,../Scripts/output/guardian/guardian_images/guardian_2016-12-30_guardian_73285891d9_img01.jpg,Builders in Darwin. A 2015 study said heat stress was costing the Australian economy $6.2bn a year in lost productivity. Photograph: Bloomberg via Getty Images,,1,graph,3,getty|photo|photograph,0,likely_visualization
guardian_97526ca218,The Guardian,2016,"""climate change""",The year's top development stories: 2016 in review,https://www.theguardian.com/global-development/2016/dec/30/the-years-top-development-stories-2016-in-review,2016-12-30,2022-10-19,4,https://i.guim.co.uk/img/media/8f18a06c80eb801c60cad142dde74938e2f83ca0/0_0_5152_3496/master/5152.jpg?width=445&dpr=1&s=none&crop=none,../Scripts/output/guardian/guardian_images/guardian_2016-12-30_guardian_97526ca218_img04.jpg,Bandana Khadka takes a self-portrait in the mirror. Photograph: Bandana Khadka/WaterAid,,1,graph,3,photo|photograph|portrait,0,likely_visualization
guardian_97526ca218,The Guardian,2016,"""climate change""",The year's top development stories: 2016 in review,https://www.theguardian.com/global-development/2016/dec/30/the-years-top-development-stories-2016-in-review,2016-12-30,2022-10-19,5,https://i.guim.co.uk/img/media/13b1b3fa63613e9fb06eb84dac1be5b95031b275/0_0_3300_2200/master/3300.jpg?width=445&dpr=1&s=none&crop=none,../Scripts/output/guardian/guardian_images/guardian_2016-12-30_guardian_97526ca218_img05.jpg,"People walk past a damaged site after an airstrike in the besieged rebel-held town of Douma on the outskirts of the Syrian capital, Damascus. Photograph: Bassam Khabieh/Reuters",,1,graph,3,photo|photograph|reuters,0,likely_visualization
guardian_97526ca218,The Guardian,2016,"""climate change""",The year's top development stories: 2016 in review,https://www.theguardian.com/global-development/2016/dec/30/the-years-top-development-stories-2016-in-review,2016-12-30,2022-10-19,9,https://i.guim.co.uk/img/media/83680a6dd974401bd90cd08f4e06eed0c34c9977/0_0_4520_2937/master/4520.jpg?width=445&dpr=1&s=none&crop=none,../Scripts/output/guardian/guardian_images/guardian_2016-12-30_guardian_97526ca218_img09.jpg,"Central American women rally in Córdoba, in the Mexican state of Veracruz, holding pictures of relatives who disappeared during their journey through Mexico on their way to the US. Photograph: Henry Romero/Reuters",,1,graph,3,photo|photograph|reuters,0,likely_visualization
guardian_c72206285d,The Guardian,2016,"""climate change""",A good year for Xi Jinping – but trouble is heading his way,https://www.theguardian.com/world/2016/dec/30/chinese-president-xi-jinping-challenges-half-way-point-tenure,2016-12-30,2017-11-28,3,https://i.guim.co.uk/img/media/fe14709860118f579f900508c5c7adf1acae2d3f/328_147_2479_1487/master/2479.jpg?width=445&dpr=1&s=none&crop=none,../Scripts/output/guardian/guardian_images/guardian_2016-12-30_guardian_c72206285d_img03.jpg,"Xi Jinping and Barack Obama, pictured with their wives Peng Liyuan and Michelle Obama. Photograph: Getty Images",,1,graph,3,getty|photo|photograph,0,likely_visualization
guardian_dfcbd6bb53,The Guardian,2016,IPCC,"Era of climate science denial is not over, study finds",https://www.theguardian.com/environment/planet-oz/2016/jan/07/era-of-climate-science-denial-is-not-over-study-finds,2016-01-07,2021-08-25,1,https://i.guim.co.uk/img/media/1a53e33ca8248b551a09663f72fe7c6b97e935ee/249_0_3823_2296/master/3823.jpg?width=465&dpr=1&s=none&crop=none,../Scripts/output/guardian/guardian_images/guardian_2016-01-07_guardian_dfcbd6bb53_img01.jpg,Is the era of climate science denial over? A new study suggests not. Photograph: Torsten Blackwood/AFP/Getty Images,,1,graph,4,afp|getty|photo|photograph,0,likely_visualization
guardian_acc7262725,The Guardian,2016,IPCC,Ghanaian witnesses describe arrest of Sian Blake murder suspect,https://www.theguardian.com/uk-news/2016/jan/11/arthur-simpson-kent-ghanaian-locals-describe-arrest-of-sian-blake-suspect,2016-01-11,2017-11-29,1,https://i.guim.co.uk/img/media/7d56cce8828b677febe7bc25253d6dfc59407dc8/0_96_3003_1802/master/3003.jpg?width=465&dpr=1&s=none&crop=none,../Scripts/output/guardian/guardian_images/guardian_2016-01-11_guardian_acc7262725_img01.jpg,Arthur Simpson-Kent was arrested in Ghana and faces extradition to the UK. Photograph: Nana Boakye Yiadom/AFP/Getty Images,,1,graph,4,afp|getty|photo|photograph,0,likely_visualization
guardian_0cad45d1c4,The Guardian,2016,"""1.5C""","2015 smashes record for hottest year, final figures confirm",https://www.theguardian.com/environment/2016/jan/20/2015-smashes-record-for-hottest-year-final-figures-confirm,2016-01-20,2021-08-25,2,https://i.guim.co.uk/img/media/b69a7846828c80f5f1fd78baef1f3cc3d299e533/0_0_4265_3116/master/4265.jpg?width=445&dpr=1&s=none&crop=none,../Scripts/output/guardian/guardian_images/guardian_2016-01-20_guardian_0cad45d1c4_img02.jpg,"A dead Bodó fish, that can remain alive for a couple of days out of water, in front of stranded floating houses on the bed of Negro River, a major tributary of the Amazon River that dropped 4.6 meters in October 2015, Iranduba, Brazil. Photograph: Raphael Alves/AFP/Getty Images",,1,graph,4,afp|getty|photo|photograph,0,likely_visualization
guardian_42926c9524,The Guardian,2016,"""global temperature""","Study finds slim odds of record heat, but not as slim as reported",https://www.theguardian.com/environment/climate-consensus-97-per-cent/2016/jan/27/study-finds-slim-odds-of-record-heat-but-not-as-slim-as-reported,2016-01-27,2021-08-25,1,https://i.guim.co.uk/img/media/aee56c8a84234272d5827881174e929e257dd03e/0_47_5348_3212/master/5348.jpg?width=465&dpr=1&s=none&crop=none,../Scripts/output/guardian/guardian_images/guardian_2016-01-27_guardian_42926c9524_img01.jpg,"A picture taken on July 1, 2015 shows a thermometer in Lille as a major heatwave spreads up through Europe, with temperatures hitting nearly 40 degrees. Photograph: Philippe Huguen/AFP/Getty Images",,1,graph,4,afp|getty|photo|photograph,0,likely_visualization
guardian_0e682b9bbe,The Guardian,2016,IPCC,"'If the world ends in 2100, we’re probably OK'",https://www.theguardian.com/music/climate-consensus-97-per-cent/2016/jan/29/if-the-world-ends-in-2100-were-probably-ok,2016-01-29,2021-08-25,1,https://i.guim.co.uk/img/media/ef921a251a49f585f0b1f1e2f2fe559a27956437/0_0_3507_2106/master/3507.jpg?width=465&dpr=1&s=none&crop=none,../Scripts/output/guardian/guardian_images/guardian_2016-01-29_guardian_0e682b9bbe_img01.jpg,"This file photo taken on December 12, 2015 shows French Ecology Minister Segolene Royal (L), French President Francois Hollande (2ndL), French Foreign Minister Laurent Fabius (C) and United Nations Secretary General Ban Ki-moon (2ndR) applauding after a statement at the COP21 Climate Conference in Le Bourget, north of Paris. Some scientists worry that the agreement focused on short-term climate change. Photograph: Miguel Medina/AFP/Getty Images",,1,graph,4,afp|getty|photo|photograph,0,likely_visualization
guardian_068fc2a26e,The Guardian,2016,"""global temperature""",Carbon emissions: here's what we can do to hit 'science-based targets',https://www.theguardian.com/sustainable-business/2016/feb/23/science-based-targets-ghg-emissions-carbon-climate-change-environment,2016-02-23,2021-08-25,1,https://i.guim.co.uk/img/media/c9330198c27573856458ca3f548f5270d0b3ed9c/0_165_2500_1501/master/2500.jpg?width=465&dpr=1&s=none&crop=none,../Scripts/output/guardian/guardian_images/guardian_2016-02-23_guardian_068fc2a26e_img01.jpg,An increasing number of environmental consulting and advocacy groups are using science-based targets to describe the types of goals companies and businesses need to achieve to help curb the impacts of climate change. Photograph: Andrew Peacock/AFP/Getty Images,,1,graph,4,afp|getty|photo|photograph,0,likely_visualization
guardian_68612eae6d,The Guardian,2016,"""1.5C""","EU open to increasing 2030 carbon target, says top climate negotiator",https://www.theguardian.com/environment/2016/mar/07/eu-open-to-increasing-2030-carbon-target-says-top-climate-negotiator,2016-03-07,2021-08-25,1,https://i.guim.co.uk/img/media/8b1dc2f25ac2d0bd8a240c583798d2f603a4e1e9/0_0_4505_2703/master/4505.jpg?width=465&dpr=1&s=none&crop=none,../Scripts/output/guardian/guardian_images/guardian_2016-03-07_guardian_68612eae6d_img01.jpg,"A solar farm in Cestas, France. The European commission’s director of climate strategy says he is open to the idea of strengthening Europe’s 2030 carbon target. Photograph: Mehdi Fedouach/AFP/Getty Images",,1,graph,4,afp|getty|photo|photograph,0,likely_visualization
guardian_6d0e6ea1e9,The Guardian,2016,IPCC,The Office for Police Conduct must be a watchdog with teeth,https://www.theguardian.com/commentisfree/2016/mar/10/office-for-police-conduct-watchdog,2016-03-10,2018-01-11,1,https://i.guim.co.uk/img/media/474c682206ac15116b1a783fcc72efcca6b25dc9/0_11_5184_3112/master/5184.jpg?width=465&dpr=1&s=none&crop=none,../Scripts/output/guardian/guardian_images/guardian_2016-03-10_guardian_6d0e6ea1e9_img01.jpg,"‘The police are not above the law, and must be held to account.’ Armed officers patrol at London Bridge station. Photograph: Justin Tallis/AFP/Getty Images",,1,graph,4,afp|getty|photo|photograph,0,likely_visualization
guardian_5297811745,The Guardian,2016,"""global temperature""",'A tipping point': record number of Americans see global warming as threat,https://www.theguardian.com/environment/2016/mar/18/climate-change-record-concern-us-global-warming-poll,2016-03-18,2021-08-25,1,https://i.guim.co.uk/img/media/2cc74131dd7a39a83cdf9c7e5fe78979dd804392/0_0_4896_2938/master/4896.jpg?width=465&dpr=1&s=none&crop=none,../Scripts/output/guardian/guardian_images/guardian_2016-03-18_guardian_5297811745_img01.jpg,"A man at at a New York rally calling for action on climate change, a day before the start of the historic COP21 conference in Paris. Photograph: Jewel Samad/AFP/Getty Images",,1,graph,4,afp|getty|photo|photograph,0,likely_visualization
guardian_403b92b422,The Guardian,2016,"""1.5C""","Climate change warnings for coral reef may have come to pass, scientists say",https://www.theguardian.com/environment/2016/mar/22/climate-change-warnings-coral-reef-great-barrier-reef-experts-projections-scientists,2016-03-22,2021-10-29,1,https://i.guim.co.uk/img/media/49d1220f82d2d156b5d9da0c03e1e930f3f86ac3/0_2_2200_1319/master/2200.jpg?width=465&dpr=1&s=none&crop=none,../Scripts/output/guardian/guardian_images/guardian_2016-03-22_guardian_403b92b422_img01.jpg,Coral on Australia’s Great Barrier Reef seen suffering from bleaching in 1998. Bleaching occurs when ocean temperatures pass a threshold that affects the tiny animals which give coral its brilliance. Photograph: HANDOUT/Reuters,,1,graph,4,handout|photo|photograph|reuters,0,likely_visualization
guardian_0e94c675c2,The Guardian,2016,IPCC,Why it's time to dispel the myths about nuclear power,https://www.theguardian.com/science/blog/2016/apr/11/time-dispel-myths-about-nuclear-power-chernobyl-fukushima,2016-04-11,2018-02-14,1,https://i.guim.co.uk/img/media/946ed0a329a9be5d7785b318a93216729c24d2cd/0_69_2304_1382/master/2304.jpg?width=465&dpr=1&s=none&crop=none,../Scripts/output/guardian/guardian_images/guardian_2016-04-11_guardian_0e94c675c2_img01.jpg,"The nuclear reactors in Fukushima, the site of one of the world’s worst nuclear disasters. Photograph: Air Photo Service/AFP/Getty Images",,1,graph,4,afp|getty|photo|photograph,0,likely_visualization
guardian_413f87872f,The Guardian,2016,"""global temperature""",March temperature smashes 100-year global record,https://www.theguardian.com/environment/2016/apr/15/march-temperature-smashes-100-year-global-record,2016-04-15,2021-08-25,1,https://i.guim.co.uk/img/media/18f04ecaabce36ad34ede63ef148431377b9801b/5_0_2496_1499/master/2496.jpg?width=465&dpr=1&s=none&crop=none,../Scripts/output/guardian/guardian_images/guardian_2016-04-15_guardian_413f87872f_img01.jpg,An illustration shows that 2015 was the hottest year since 1880. Photograph: AFP/Getty Images,,1,graph,4,afp|getty|photo|photograph,0,likely_visualization
guardian_aace516967,The Guardian,2016,IPCC,Rajendra Pachauri to face Delhi court on sexual harassment charges,https://www.theguardian.com/world/2016/apr/22/rajendra-pachauri-court-delhi-sexual-assault-charges,2016-04-22,2017-11-28,1,https://i.guim.co.uk/img/media/282157c341dc1993fe95fed3bc40280e017dd2ee/0_145_3000_1800/master/3000.jpg?width=465&dpr=1&s=none&crop=none,../Scripts/output/guardian/guardian_images/guardian_2016-04-22_guardian_aace516967_img01.jpg,"Rajendra Pachauri is facing charges of sexual assault, intimidation and stalking. Photograph: Attila Kisbenedek/AFP/Getty Images",,1,graph,4,afp|getty|photo|photograph,0,likely_visualization
guardian_318545ce28,The Guardian,2016,IPCC,Hillsborough disaster: deadly mistakes and lies that lasted decades,https://www.theguardian.com/football/2016/apr/26/hillsborough-disaster-deadly-mistakes-and-lies-that-lasted-decades,2016-04-26,2019-03-24,16,https://i.guim.co.uk/img/media/2812ff8b57e7ff8f9832768b93f891cc82326210/0_6_2048_1229/master/2048.jpg?width=445&dpr=1&s=none&crop=none,../Scripts/output/guardian/guardian_images/guardian_2016-04-26_guardian_318545ce28_img16.jpg,Police officers and supporters help one of the injured. Photograph: AFP/Getty Images,,1,graph,4,afp|getty|photo|photograph,0,likely_visualization
guardian_cf579bc026,The Guardian,2016,"""global temperature""",Greg Hunt: no definite link between coal from Adani mine and climate change,https://www.theguardian.com/australia-news/2016/may/06/greg-hunt-argues-theres-no-definite-link-between-coal-and-climate-change,2016-05-06,2018-02-14,1,https://i.guim.co.uk/img/media/77b2276c9ab4a3527fd53b04f3266a65ee853d98/196_0_3558_2134/master/3558.jpg?width=465&dpr=1&s=none&crop=none,../Scripts/output/guardian/guardian_images/guardian_2016-05-06_guardian_cf579bc026_img01.jpg,Coal being exported from the Port of Newcastle. The Australian Conservation Foundation is challenging Greg Hunt’s approval of Adani’s Carmichael mine. Photograph: William West/AFP/Getty Images,,1,graph,4,afp|getty|photo|photograph,0,likely_visualization
guardian_5283d414a9,The Guardian,2016,"""global temperature""",The ice cold war: fight for sealife in remote wilds of Antarctica,https://www.theguardian.com/world/2016/may/07/antarctica-ross-sea-sancturay-marine-life-russia-china-fishing,2016-05-07,2021-10-29,2,https://i.guim.co.uk/img/media/876508f1fa07918bcf8776e1187bcaa86535cdef/0_166_4992_2995/master/4992.jpg?width=445&dpr=1&s=none&crop=none,../Scripts/output/guardian/guardian_images/guardian_2016-05-07_guardian_5283d414a9_img02.jpg,A seal swimming under the ice in the Ross Sea. Photograph: John B Weller/AFP/Getty Images,,1,graph,4,afp|getty|photo|photograph,0,likely_visualization
guardian_089fc72a93,The Guardian,2016,IPCC,Investigations into Edward Heath sex abuse claims 'to continue',https://www.theguardian.com/politics/2016/may/11/investigations-in-to-edward-heath-sex-abuse-claims-to-continue,2016-05-11,2017-05-07,1,https://i.guim.co.uk/img/media/53268c51e9d5976d6e981b6ff447d6cff14a186d/0_11_2048_1228/master/2048.jpg?width=465&dpr=1&s=none&crop=none,../Scripts/output/guardian/guardian_images/guardian_2016-05-11_guardian_089fc72a93_img01.jpg,"Former prime Minister Sir Edward Heath died in 2005, aged 89. Photograph: Johnny Eggit/AFP/Getty Images",,1,graph,4,afp|getty|photo|photograph,0,likely_visualization
guardian_a540af0a71,The Guardian,2016,"""global temperature""",'Break Free' fossil fuel protests deemed 'largest ever' global disobedience,https://www.theguardian.com/environment/2016/may/16/break-free-protest-fossil-fuel,2016-05-16,2018-02-14,1,https://i.guim.co.uk/img/media/d27b5e0e520fe083e73dcb4dbffcabfa4c7f3f55/0_117_3500_2101/master/3500.jpg?width=465&dpr=1&s=none&crop=none,../Scripts/output/guardian/guardian_images/guardian_2016-05-16_guardian_a540af0a71_img01.jpg,Activists oppose oil wells in immigrant neighborhoods during a protest in Los Angeles on Saturday. Photograph: David Mcnew/AFP/Getty Images,,1,graph,4,afp|getty|photo|photograph,0,likely_visualization
guardian_86e8fcb560,The Guardian,2016,"""global temperature""",Exxon investors aim to force reckoning with impact of climate change policies,https://www.theguardian.com/business/2016/may/24/exxonmobil-shareholders-climate-change-impact-investments,2016-05-24,2021-08-25,1,https://i.guim.co.uk/img/media/e739f5b693ef44532543051ba56006ac0d89f683/0_0_4528_2717/master/4528.jpg?width=465&dpr=1&s=none&crop=none,../Scripts/output/guardian/guardian_images/guardian_2016-05-24_guardian_86e8fcb560_img01.jpg,"If the resolution is passed, Exxon would publish an annual assessment of how governments’ climate change policies could affect its business and profitability. Photograph: Saul Loeb/AFP/Getty Images",,1,graph,4,afp|getty|photo|photograph,0,likely_visualization
guardian_659a3f2762,The Guardian,2016,"""1.5C""",Australia scrubbed from UN climate change report after government intervention,https://www.theguardian.com/environment/2016/may/27/australia-scrubbed-from-un-climate-change-report-after-government-intervention,2016-05-26,2017-11-28,1,https://i.guim.co.uk/img/media/1062f04613110c0e3cecb3ce6850ccd3340b3c33/20_343_4980_2990/master/4980.jpg?width=465&dpr=1&s=none&crop=none,../Scripts/output/guardian/guardian_images/guardian_2016-05-26_guardian_659a3f2762_img01.jpg,"The Great Barrier Reef is in the midst of its worst crisis in recorded history. Unusually warm water has caused 93% of the reefs along the 2,300km site to experience bleaching. Photograph: XL Catlin Seaview Survey/AFP/Getty Images",,1,graph,4,afp|getty|photo|photograph,0,likely_visualization
guardian_df7c0a83b0,The Guardian,2016,"""1.5C""",The Great Barrier Reef: a catastrophe laid bare,https://www.theguardian.com/environment/2016/jun/07/the-great-barrier-reef-a-catastrophe-laid-bare,2016-06-06,2021-08-25,2,https://i.guim.co.uk/img/media/746dec65d376a1bd0d73b9d1831e024baffa6883/29_0_2171_1303/master/2171.jpg?width=445&dpr=1&s=none&crop=none,../Scripts/output/guardian/guardian_images/guardian_2016-06-06_guardian_df7c0a83b0_img02.jpg,"A flood plume from Maria creek, near Mission Beach, heading towards the Great Barrier Reef. Sediment, fertilisers and herbicides attack the reef’s resilience. Photograph: AFP/Getty Images",,1,graph,4,afp|getty|photo|photograph,0,likely_visualization
guardian_32cdaa5f35,The Guardian,2016,"""1.5C""",Stop spreading misinformation on coal demand,https://www.theguardian.com/sustainable-business/2016/jul/01/stop-spreading-misinformation-on-coal-demand,2016-07-01,2021-08-25,1,https://i.guim.co.uk/img/media/b72faffd77eda109336fe4368d01faa9b9877a89/121_0_2858_1716/master/2858.jpg?width=465&dpr=1&s=none&crop=none,../Scripts/output/guardian/guardian_images/guardian_2016-07-01_guardian_32cdaa5f35_img01.jpg,"Coal is the dirtiest of fossil fuels. Above, coal operations at the Port of Newcastle. Photograph: William West/AFP/Getty Images",,1,graph,4,afp|getty|photo|photograph,0,likely_visualization
guardian_2f17c3606e,The Guardian,2016,"""global temperature""",The great tide: is Britain really equipped to cope with global warming?,https://www.theguardian.com/world/2016/jul/07/great-tide-is-britain-equipped-cope-glbal-warming,2016-07-07,2021-08-25,3,https://i.guim.co.uk/img/media/451969ac2a6f92eaa6ff591e13455f73c6a0d074/0_0_2778_1667/master/2778.jpg?width=445&dpr=1&s=none&crop=none,../Scripts/output/guardian/guardian_images/guardian_2016-07-07_guardian_2f17c3606e_img03.jpg,Carlisle United’s football pitch after Storm Desmond in December 2015. Photograph: Oli Scarff/AFP/Getty Images,,1,graph,4,afp|getty|photo|photograph,0,likely_visualization
guardian_b566a6631b,The Guardian,2016,IPCC,"Brexit will force EU countries 'to make deeper, costlier carbon cuts'",https://www.theguardian.com/environment/2016/jul/14/brexit-will-force-eu-countries-to-make-deeper-costlier-carbon-cuts,2016-07-14,2021-08-25,1,https://i.guim.co.uk/img/media/714dde5b0a86e292ccde747922ea28cafb45e19e/0_250_4000_2400/master/4000.jpg?width=465&dpr=1&s=none&crop=none,../Scripts/output/guardian/guardian_images/guardian_2016-07-14_guardian_b566a6631b_img01.jpg,"The remaining 27 countries in the EU will be forced to make deeper emissions cuts in order to meet a bloc goal of a 40% cut by 2030, according to the report. Photograph: Frederick Florin/AFP/Getty Images",,1,graph,4,afp|getty|photo|photograph,0,likely_visualization
guardian_3a4100a9b8,The Guardian,2016,"""global temperature""",Elon Musk leads Tesla effort to build house roofs entirely out of solar panels,https://www.theguardian.com/technology/2016/aug/19/elon-musk-tesla-solar-panel-roofs-solarcity,2016-08-19,2018-02-14,1,https://i.guim.co.uk/img/media/02ffb372317761bc3b8b260f37cc09e3e5e0c6b8/0_82_3500_2101/master/3500.jpg?width=465&dpr=1&s=none&crop=none,../Scripts/output/guardian/guardian_images/guardian_2016-08-19_guardian_3a4100a9b8_img01.jpg,Elon Musk is CEO of Tesla and chairman of SolarCity. Photograph: David Mcnew/AFP/Getty Images,,1,graph,4,afp|getty|photo|photograph,0,likely_visualization
guardian_86bf2fe103,The Guardian,2016,"""sea level rise""",The Anthropocene epoch: scientists declare dawn of human-influenced age,https://www.theguardian.com/environment/2016/aug/29/declare-anthropocene-epoch-experts-urge-geological-congress-human-impact-earth,2016-08-29,2021-10-29,1,https://i.guim.co.uk/img/media/29ee7b95089d9bafb573576c2e786866eb47f321/0_350_5216_3131/master/5216.jpg?width=465&dpr=1&s=none&crop=none,../Scripts/output/guardian/guardian_images/guardian_2016-08-29_guardian_86bf2fe103_img01.jpg,"Nuclear test explosion in Mururoa atoll, French Polynesia, in 1971. The official expert group says the Anthropocene should begin about 1950 and is likely to be defined by the radioactive elements dispersed across Earth by nuclear bomb tests. Photograph: AFP/Getty Images",,1,graph,4,afp|getty|photo|photograph,0,likely_visualization
guardian_86bf2fe103,The Guardian,2016,"""sea level rise""",The Anthropocene epoch: scientists declare dawn of human-influenced age,https://www.theguardian.com/environment/2016/aug/29/declare-anthropocene-epoch-experts-urge-geological-congress-human-impact-earth,2016-08-29,2021-10-29,4,https://i.guim.co.uk/img/media/c4b5cc0d83fe53da591103594caa09aeb773c2b7/0_107_3000_1800/master/3000.jpg?width=445&dpr=1&s=none&crop=none,../Scripts/output/guardian/guardian_images/guardian_2016-08-29_guardian_86bf2fe103_img04.jpg,Another candidate to be considered as evidence of the Anthropocene is plastic pollution. Photograph: Dimitar Dilkoff/AFP/Getty Images,,1,graph,4,afp|getty|photo|photograph,0,likely_visualization
guardian_cc51b5e094,The Guardian,2016,"""global temperature""",G20 summit: US and China ratify Paris climate change agreement - as it happened,https://www.theguardian.com/world/live/2016/sep/03/g20-summit-obama-to-make-climate-change-announcement-as-may-heads-to-china-live,2016-09-03,2021-08-25,3,https://i.guim.co.uk/img/media/c34b548162e34ba41e2411047b14f645004e463f/1089_253_1116_1395/master/1116.jpg?width=120&dpr=1&s=none&crop=none,../Scripts/output/guardian/guardian_images/guardian_2016-09-03_guardian_cc51b5e094_img03.jpg,"Angela Merkel speaks at a Christian Democratic Union (CDU) party campaign in Bad Doberan, eastern Germany, on September 3, 2016 Photograph: Adam Berry/AFP/Getty Images",,1,graph,4,afp|getty|photo|photograph,0,likely_visualization
guardian_e3df32b65d,The Guardian,2016,"""global temperature""",Brexit is 'opportunity to rethink flood protection',https://www.theguardian.com/environment/2016/sep/08/brexit-is-opportunity-to-rethink-flood-protection,2016-09-08,2020-02-03,2,https://i.guim.co.uk/img/media/a55c2f47d7aec55cdfd4e2d1a7b259d5200edc7c/616_0_2445_1468/master/2445.jpg?width=445&dpr=1&s=none&crop=none,../Scripts/output/guardian/guardian_images/guardian_2016-09-08_guardian_e3df32b65d_img02.jpg,York has long suffered from flooding due to the swollen river Ouse. Photograph: Paul Ellis/AFP/Getty Images,,1,graph,4,afp|getty|photo|photograph,0,likely_visualization
guardian_0792f226c1,The Guardian,2016,"""1.5C""",Students Speak: What's your verdict on Ban Ki-moon's reign at the UN?,https://www.theguardian.com/global-development/2016/sep/09/students-speak-ban-ki-moon-united-nations-secretary-general-your-verdict,2016-09-09,2022-10-19,1,https://i.guim.co.uk/img/media/2e37304db2a5d1b75da585cb1dfc245b4a390a25/0_0_3600_2528/master/3600.jpg?width=465&dpr=1&s=none&crop=none,../Scripts/output/guardian/guardian_images/guardian_2016-09-09_guardian_0792f226c1_img01.jpg,"At the forthcoming UN general assembly , Ban Ki-moon will lead a high-level meeting on the rising number of migrants and refugees. Photograph: Fabrice Coffrini/AFP/Getty",,1,graph,4,afp|getty|photo|photograph,0,likely_visualization
guardian_2c64a2bc3c,The Guardian,2016,"""global temperature""",Our best shot at cooling the planet might be right under our feet,https://www.theguardian.com/global-development-professionals-network/2016/sep/10/soil-our-best-shot-at-cooling-the-planet-might-be-right-under-our-feet,2016-09-10,2021-08-25,1,https://i.guim.co.uk/img/media/7275a4370f6c0b54d03c291126313f1939a248e5/0_192_5760_3456/master/5760.jpg?width=465&dpr=1&s=none&crop=none,../Scripts/output/guardian/guardian_images/guardian_2016-09-10_guardian_2c64a2bc3c_img01.jpg,Cracked soil by a village in Iran abandoned by farmers because water reserves ran dry due to overuse. Photograph: Atta Kenare/AFP/Getty Images,,1,graph,4,afp|getty|photo|photograph,0,likely_visualization
guardian_2c64a2bc3c,The Guardian,2016,"""global temperature""",Our best shot at cooling the planet might be right under our feet,https://www.theguardian.com/global-development-professionals-network/2016/sep/10/soil-our-best-shot-at-cooling-the-planet-might-be-right-under-our-feet,2016-09-10,2021-08-25,2,https://i.guim.co.uk/img/media/db208f9e1262918dee1336f55e64cd47930c6afb/0_0_3000_1986/master/3000.jpg?width=445&dpr=1&s=none&crop=none,../Scripts/output/guardian/guardian_images/guardian_2016-09-10_guardian_2c64a2bc3c_img02.jpg,These pipes at Vattenfall’s “Schwarze Pumpe” (“Black Pump”) power station were part of a pilot CCS project in 2009. In 2014 Vattenfall ceased the research because costs were too high. Photograph: Michael Urban/AFP/Getty Images,,1,graph,4,afp|getty|photo|photograph,0,likely_visualization
guardian_6d5fbf638e,The Guardian,2016,"""global temperature""",Adani Carmichael coalmine faces new legal challenge from conservation foundation,https://www.theguardian.com/business/2016/sep/19/adani-carmichael-coalmine-faces-new-legal-challenge-from-conservation-foundation,2016-09-19,2021-08-25,1,https://i.guim.co.uk/img/media/1c198b5bb913bca3835319777c121b2a158b5e55/0_275_4256_2555/master/4256.jpg?width=465&dpr=1&s=none&crop=none,../Scripts/output/guardian/guardian_images/guardian_2016-09-19_guardian_6d5fbf638e_img01.jpg,An Adani plant in India. The president of the Australian Conservation Foundation said Australia’s national environment protection laws were ‘broken’ if the minister could approve the mine. Photograph: Sam Panthaky/AFP/Getty Images,,1,graph,4,afp|getty|photo|photograph,0,likely_visualization
guardian_8b3e31ad26,The Guardian,2016,"""1.5C""",EU gives green light to ratifying Paris climate deal,https://www.theguardian.com/environment/2016/sep/30/eu-gives-green-light-to-activate-paris-climate-deal,2016-09-30,2021-08-25,1,https://i.guim.co.uk/img/media/195af26b8d3faccc7aa524acac59386e5a0c287b/0_204_4560_2737/master/4560.jpg?width=465&dpr=1&s=none&crop=none,../Scripts/output/guardian/guardian_images/guardian_2016-09-30_guardian_8b3e31ad26_img01.jpg,"Polish environment minister Jan Szyszko (R), European climate commissioner Miguel Arias Cañete (C) and Luxembourg’s environment minister Carole Dieschbourg attend the environment summit in Brussels on 30 September. Photograph: Emmanuel Dunand/AFP/Getty Images",,1,graph,4,afp|getty|photo|photograph,0,likely_visualization
guardian_6f7ce4e509,The Guardian,2016,"""sea level rise""","World needs $90tn infrastructure overhaul to avoid climate disaster, study finds",https://www.theguardian.com/environment/2016/oct/06/climate-change-infrastructure-coal-plants-green-investment,2016-10-06,2021-08-25,1,https://i.guim.co.uk/img/media/3da9d88499885ea72743ba7dc54463c4bd6e69db/0_187_7360_4416/master/7360.jpg?width=465&dpr=1&s=none&crop=none,../Scripts/output/guardian/guardian_images/guardian_2016-10-06_guardian_6f7ce4e509_img01.jpg,"A construction site in Bangkok, Thailand. The study found $90tn is expected to be earmarked for infrastructure worldwide over the next 15 years, requiring an ‘urgent’ shift to low-carbon, energy-efficient projects. Photograph: Nicolas Asfouri/AFP/Getty Images",,1,graph,4,afp|getty|photo|photograph,0,likely_visualization
guardian_47aeba9356,The Guardian,2016,"""1.5C""",Poor countries urge fast action on Paris deal to stop catastrophic warming,https://www.theguardian.com/global-development/2016/oct/07/poor-countries-urge-fast-action-paris-climate-deal-to-stop-catastrophic-warming,2016-10-07,2022-10-19,2,https://i.guim.co.uk/img/media/21a40ab5d327fc90d59b6dd2e2eaff7823c55618/471_316_4457_2675/master/4457.jpg?width=445&dpr=1&s=none&crop=none,../Scripts/output/guardian/guardian_images/guardian_2016-10-07_guardian_47aeba9356_img02.jpg,"People try to cross the overflowing La Rouyonne river after hurricane Matthew hit, in Léogâne, south of Port-au-Prince, Haiti, 5 October 2016. Photograph: Hector Retamal/AFP/Getty Images",,1,graph,4,afp|getty|photo|photograph,0,likely_visualization
guardian_b1e7cc9e3b,The Guardian,2016,IPCC,The gap between ambition and action in tackling global warming,https://www.theguardian.com/science/political-science/2016/oct/17/the-gap-between-ambition-and-action-in-tackling-global-warming,2016-10-17,2021-08-25,1,https://i.guim.co.uk/img/media/fcee329619b301cf6b6d5379ad610db200d5df1d/0_80_4035_2421/master/4035.jpg?width=465&dpr=1&s=none&crop=none,../Scripts/output/guardian/guardian_images/guardian_2016-10-17_guardian_b1e7cc9e3b_img01.jpg,Can science live up to the hype and hope created by the Paris agreement? Photograph: Francois Guillot/AFP/Getty Images,,1,graph,4,afp|getty|photo|photograph,0,likely_visualization
guardian_c435e066c8,The Guardian,2016,IPCC,Why optimism is as scarce as wins around Sunderland,https://www.theguardian.com/football/2016/oct/21/the-fiver-sunderland-david-moyes,2016-10-21,2017-02-20,4,https://i.guim.co.uk/img/media/8642f762c29768b859da1a8356b0114b030c8212/0_0_2419_1451/master/2419.jpg?width=445&dpr=1&s=none&crop=none,../Scripts/output/guardian/guardian_images/guardian_2016-10-21_guardian_c435e066c8_img04.jpg,"10! Photograph: Getty, Reuters, Rex and Sportsphoto",,1,graph,4,getty|photo|photograph|reuters,0,likely_visualization
guardian_2a70229bb9,The Guardian,2016,"""global temperature""",Live Q&A: How can the environment and development sectors work together to achieve the SDGs?,https://www.theguardian.com/global-development-professionals-network/2016/oct/24/live-qa-how-can-the-environment-and-development-sectors-work-together-to-achieve-the-sdgs,2016-10-24,2021-08-25,1,https://i.guim.co.uk/img/media/d374ee01371b0e11f62499f22d9749afb7e00695/0_346_5184_3110/master/5184.jpg?width=465&dpr=1&s=none&crop=none,../Scripts/output/guardian/guardian_images/guardian_2016-10-24_guardian_2a70229bb9_img01.jpg,An aerial view of the Great Barrier Reef off the coast of the Whitsunday Islands. Photograph: Sarah Lai/AFP/Getty Images,,1,graph,4,afp|getty|photo|photograph,0,likely_visualization
guardian_3e5a0523d1,The Guardian,2016,"""carbon budget""",Heathrow expansion: Zac Goldsmith to resign over third runway decision - live,https://www.theguardian.com/politics/live/2016/oct/25/heathrow-gatwick-airport-expansion-decision-day-politics-live,2016-10-25,2018-03-13,1,https://i.guim.co.uk/img/media/36261e8a8b3f125dad943bb1d4d2f3fb13f9bd50/0_0_4527_2716/master/4527.jpg?width=465&dpr=1&s=none&crop=none,../Scripts/output/guardian/guardian_images/guardian_2016-10-25_guardian_3e5a0523d1_img01.jpg,Education secretary and minister for women and equalities Justine Greening arrives for the weekly cabinet meeting at 10 Downing Street Photograph: Justin Tallis/AFP/Getty Images,,1,graph,4,afp|getty|photo|photograph,0,likely_visualization
guardian_fde6351dd6,The Guardian,2016,"""carbon budget""",The decision to back a third runway at Heathrow is a grotesque folly,https://www.theguardian.com/commentisfree/2016/oct/25/heathrow-third-runway-davies-commission,2016-10-25,2021-08-25,1,https://i.guim.co.uk/img/media/4fed2b65403a7f44bb8b426603133f296972c208/65_359_4758_2855/master/4758.jpg?width=465&dpr=1&s=none&crop=none,../Scripts/output/guardian/guardian_images/guardian_2016-10-25_guardian_fde6351dd6_img01.jpg,"‘Business flights have been in decline for years. And yet the debate is conducted as though they were not only increasing, but increasing at a rate which our current infrastructure is unable to cater for.’ Photograph: Justin Tallis/AFP/Getty Images",,1,graph,4,afp|getty|photo|photograph,0,likely_visualization
guardian_4896f3aa94,The Guardian,2016,IPCC,Amber Rudd urged to give MPs evidence used in Orgreave decision,https://www.theguardian.com/politics/2016/nov/02/orgreave-miners-strike-amber-rudd-evidence-inquiry-yvette-cooper,2016-11-02,2017-09-20,1,https://i.guim.co.uk/img/media/940775e32ebcc927933b13a01b57c87a2287e115/947_307_2074_1244/master/2074.jpg?width=465&dpr=1&s=none&crop=none,../Scripts/output/guardian/guardian_images/guardian_2016-11-02_guardian_4896f3aa94_img01.jpg,"Amber Rudd’s decision not to hold an inquiry into Orgreave has angered families, who say they were led to believe the Home Office was on their side. Photograph: Daniel Leal-Olivas/AFP/Getty Images",,1,graph,4,afp|getty|photo|photograph,0,likely_visualization
guardian_5faad7e1da,The Guardian,2016,"""sea level rise""",Conservatives elected Trump; now they own climate change,https://www.theguardian.com/environment/climate-consensus-97-per-cent/2016/nov/10/they-elected-trump-now-conservatives-own-climate-change,2016-11-10,2021-08-25,1,https://i.guim.co.uk/img/media/5c9d9fdf430bff47e031eab41777536fd437a9e5/0_161_4256_2555/master/4256.jpg?width=465&dpr=1&s=none&crop=none,../Scripts/output/guardian/guardian_images/guardian_2016-11-10_guardian_5faad7e1da_img01.jpg,"People take part in a protest near the Trump tower, against president-elect Donald Trump, in Chicago, Illinois on 9 November. Photograph: Paul Beaty/AFP/Getty Images",,1,graph,4,afp|getty|photo|photograph,0,likely_visualization
guardian_3e2da36fa3,The Guardian,2016,"""global temperature""",Keep it in the ground: What president Trump means for climate change,https://www.theguardian.com/environment/2016/nov/11/keep-it-in-the-ground-what-president-trump-means-for-climate-change,2016-11-11,2016-11-11,1,https://i.guim.co.uk/img/media/03669c10b036d93c446315aadf7d6ef1dfe7c41d/0_287_4330_2599/master/4330.jpg?width=465&dpr=1&s=none&crop=none,../Scripts/output/guardian/guardian_images/guardian_2016-11-11_guardian_3e2da36fa3_img01.jpg,"Donald Trump holds a sign supporting coal during a rally at Mohegan Sun Arena in Wilkes-Barre, Pennsylvania. Photograph: Dominick Reuter/AFP/Getty Images",,1,graph,4,afp|getty|photo|photograph,0,likely_visualization
guardian_f421a9e063,The Guardian,2016,"""global temperature""","Donald Trump presidency a 'disaster for the planet', warn climate scientists",https://www.theguardian.com/environment/2016/nov/11/trump-presidency-a-disaster-for-the-planet-climate-change,2016-11-11,2021-08-25,2,https://i.guim.co.uk/img/media/03669c10b036d93c446315aadf7d6ef1dfe7c41d/0_0_4330_2886/master/4330.jpg?width=445&dpr=1&s=none&crop=none,../Scripts/output/guardian/guardian_images/guardian_2016-11-11_guardian_f421a9e063_img02.jpg,"Trump want to repeal ‘draconian climate rules’ and increase US production of coal, oil and natural gas. Photograph: Dominick Reuter/AFP/Getty Images",,1,graph,4,afp|getty|photo|photograph,0,likely_visualization
guardian_e6559b8f1f,The Guardian,2016,"""1.5C""","Paris climate deal at risk unless countries step up plans, says watchdog",https://www.theguardian.com/environment/2016/nov/16/paris-climate-deal-at-risk-unless-countries-step-up-plans-says-watchdog,2016-11-16,2021-08-25,2,https://i.guim.co.uk/img/media/7b1f8ceb52e316fbbbd5cc6c23779dcaec36532f/994_0_2596_1559/master/2596.jpg?width=445&dpr=1&s=none&crop=none,../Scripts/output/guardian/guardian_images/guardian_2016-11-16_guardian_e6559b8f1f_img02.jpg,World leaders pose for a family photo at the UN World Climate Change conference in Marrakech. Photograph: Fadel Senna/AFP/Getty Images,,1,graph,4,afp|getty|photo|photograph,0,likely_visualization
guardian_d8dabbbfe9,The Guardian,2016,IPCC,Climate change a Chinese hoax? Beijing gives Donald Trump a lesson in history,https://www.theguardian.com/us-news/2016/nov/17/climate-change-a-chinese-plot-beijing-gives-donald-trump-a-history-lesson,2016-11-17,2021-08-25,1,https://i.guim.co.uk/img/media/85d6327457b439abd66dc0770e8db3fd9a99c24f/0_234_3504_2102/master/3504.jpg?width=465&dpr=1&s=none&crop=none,../Scripts/output/guardian/guardian_images/guardian_2016-11-17_guardian_d8dabbbfe9_img01.jpg,A protest against climate change outside Trump Tower in New York. Photograph: Kena Betancur/AFP/Getty Images,,1,graph,4,afp|getty|photo|photograph,0,likely_visualization
guardian_bd29caf9c8,The Guardian,2016,"""1.5C""",Marrakech climate talks wind down with maze of ambition still ahead,https://www.theguardian.com/environment/planet-oz/2016/nov/19/marrakech-climate-talks-wind-down-with-maze-of-ambition-still-ahead,2016-11-18,2021-08-25,1,https://i.guim.co.uk/img/media/0b8e06a0c82c978c422d2e300cd2e7aaffd40e34/0_112_4394_2637/master/4394.jpg?width=465&dpr=1&s=none&crop=none,../Scripts/output/guardian/guardian_images/guardian_2016-11-18_guardian_bd29caf9c8_img01.jpg,Walking the streets of the old medina of Marrakech can be disorientating – just like climate talks. Photograph: Fadel Senna/AFP/Getty Images,,1,graph,4,afp|getty|photo|photograph,0,likely_visualization
guardian_1edffbf6d7,The Guardian,2016,"""global temperature""",Trump is a threat to the Paris agreement. Can states like California defend it?,https://www.theguardian.com/commentisfree/2016/nov/21/trump-threat-paris-agreement-california-climate-change,2016-11-21,2021-08-25,1,https://i.guim.co.uk/img/media/45ec2d78d49d8499d2d79903ebf3e5048b24a5e9/0_165_3004_1803/master/3004.jpg?width=465&dpr=1&s=none&crop=none,../Scripts/output/guardian/guardian_images/guardian_2016-11-21_guardian_1edffbf6d7_img01.jpg,‘The rest of the world needs confidence to continue with climate action.’ Photograph: Alain Jocard/AFP/Getty Images,,1,graph,4,afp|getty|photo|photograph,0,likely_visualization
guardian_a2436cbbf9,The Guardian,2016,"""sea level rise""",Quitting UN climate change body could be Trump's quickest exit from Paris deal,https://www.theguardian.com/environment/2016/dec/02/trump-break-from-paris-climate-deal-unfccc-exit,2016-12-02,2021-08-25,1,https://i.guim.co.uk/img/media/b07ee334a04908d17580c72e492e0b2e7cbdc95e/0_133_4000_2400/master/4000.jpg?width=465&dpr=1&s=none&crop=none,../Scripts/output/guardian/guardian_images/guardian_2016-12-02_guardian_a2436cbbf9_img01.jpg,A protester makes his point about Donald Trump’s vow to pull the US out of the Paris climate agreement outside the US embassy in London on 18 November. Photograph: Daniel Leal-Olivas/AFP/Getty Images,,1,graph,4,afp|getty|photo|photograph,0,likely_visualization
guardian_e9ec231e49,The Guardian,2016,"""climate change""",Report helps scientists communicate how global warming is worsening natural disasters,https://www.theguardian.com/environment/climate-consensus-97-per-cent/2016/dec/08/report-helps-scientists-communicate-how-global-warming-is-worsening-natural-disasters,2016-12-08,2021-08-25,1,https://i.guim.co.uk/img/media/118c2fa3d857e24d45b3dd7afe7e664f66e4ce1a/0_0_4774_2867/master/4774.jpg?width=465&dpr=1&s=none&crop=none,../Scripts/output/guardian/guardian_images/guardian_2016-12-08_guardian_e9ec231e49_img01.jpg,"Firefighters monitor a back burn near Mount Victoria in the Blue Mountains on October 21, 2013. The intense Australian summer heat was made 5 times more likely by human-caused global warming. Photograph: William West/AFP/Getty Images",,1,graph,4,afp|getty|photo|photograph,0,likely_visualization
guardian_004c45330e,The Guardian,2016,"""climate change""",Did Russia vote in the US election?,https://www.theguardian.com/us-news/live/2016/dec/09/russia-hacking-us-election,2016-12-09,2020-12-15,2,https://i.guim.co.uk/img/media/787664c6c8fe510504149fcc602d15d9fdedcc34/0_49_1380_828/master/1380.jpg?width=300&quality=85&auto=format&fit=max&s=b20c5cf1e11a6fd5dd40f04e702f8692,../Scripts/output/guardian/guardian_images/guardian_2016-12-09_guardian_004c45330e_img02.jpg,Headwinds. Photograph: Timothy A Clary/AFP/Getty Images,,1,graph,4,afp|getty|photo|photograph,0,likely_visualization
guardian_5ff1ad4d75,The Guardian,2016,"""climate change""","On climate change and the economy, we're trapped in an idiotic netherworld",https://www.theguardian.com/business/grogonomics/2016/dec/11/on-climate-change-and-the-economy-were-trapped-in-an-idiotic-netherworld,2016-12-10,2018-03-13,1,https://i.guim.co.uk/img/media/1c198b5bb913bca3835319777c121b2a158b5e55/0_279_4256_2553/master/4256.jpg?width=465&dpr=1&s=none&crop=none,../Scripts/output/guardian/guardian_images/guardian_2016-12-10_guardian_5ff1ad4d75_img01.jpg,‘Climate change is left to the side of the economic debate – and especially so under this government.’ Photograph: Sam Panthaky/AFP/Getty Images,,1,graph,4,afp|getty|photo|photograph,0,likely_visualization
guardian_3e39854880,The Guardian,2016,"""climate change""",Cities can provide a sanctuary against Trump – and Brexit,https://www.theguardian.com/commentisfree/2016/dec/11/trump-brexit-cities-sanctuary-chicago-mayor,2016-12-11,2020-02-03,1,https://i.guim.co.uk/img/media/901f8df0bdb404d847f2a2d6e68cc347fc573ce0/0_0_3844_2305/master/3844.jpg?width=465&dpr=1&s=none&crop=none,../Scripts/output/guardian/guardian_images/guardian_2016-12-11_guardian_3e39854880_img01.jpg,Chicago mayor Rahm Emanuel said he refused to entrap undocumented children in the city. Photograph: Saul Loeb/AFP/Getty Images,,1,graph,4,afp|getty|photo|photograph,0,likely_visualization
guardian_8fff98c2f6,The Guardian,2016,"""climate change""",Mathias Cormann refuses to express confidence in Alan Finkel after climate criticism,https://www.theguardian.com/australia-news/2016/dec/11/mathias-cormann-refuses-to-express-confidence-in-alan-finkel-after-climate-criticism,2016-12-11,2021-08-25,1,https://i.guim.co.uk/img/media/22b23ee795ff27afda3a28fcd0cf423bede4b4f5/0_107_4700_2820/master/4700.jpg?width=465&dpr=1&s=none&crop=none,../Scripts/output/guardian/guardian_images/guardian_2016-12-11_guardian_8fff98c2f6_img01.jpg,"The finance minister, Mathias Cormann, says he is confident that Australia will be able to meet its 2030 emissions reduction targets. Photograph: William West/AFP/Getty Images",,1,graph,4,afp|getty|photo|photograph,0,likely_visualization
guardian_48be39f8ac,The Guardian,2016,"""climate change""",Rex Tillerson might make good deals. But for whom?,https://www.theguardian.com/commentisfree/2016/dec/13/rex-tillerson-conflicts-of-interest-exxon-russia,2016-12-13,2021-01-07,1,https://i.guim.co.uk/img/media/83a67b733244511b8a323d3c98cfa1fd1d890f1e/0_263_2578_1547/master/2578.jpg?width=465&dpr=1&s=none&crop=none,../Scripts/output/guardian/guardian_images/guardian_2016-12-13_guardian_48be39f8ac_img01.jpg,"‘We don’t know if Tillerson is hawkish or not, or his views on US alliances or international institutions.’ Photograph: Alexey Druzhinin/AFP/Getty Images",,1,graph,4,afp|getty|photo|photograph,0,likely_visualization
guardian_bcb65830c4,The Guardian,2016,"""climate change""","Nude selfies, cold shoulders and the Hadids: the year in fashion",https://www.theguardian.com/fashion/2016/dec/13/nude-selfies-cold-shoulders-and-the-hadids-the-year-in-fashion,2016-12-13,2025-04-28,7,https://i.guim.co.uk/img/media/bb5671a1401dae19de95c1111c096301e2e90ec0/0_0_1265_2344/master/1265.jpg?width=445&dpr=1&s=none&crop=none,../Scripts/output/guardian/guardian_images/guardian_2016-12-13_guardian_bcb65830c4_img07.jpg,A Black-Panthered Beyoncé at the Superbowl. Photograph: Timothy A Clary/AFP/Getty Images,,1,graph,4,afp|getty|photo|photograph,0,likely_visualization
guardian_07298b4c01,The Guardian,2016,"""climate change""",Climate change denial in the Trump cabinet: where do his nominees stand?,https://www.theguardian.com/environment/2016/dec/15/trump-cabinet-climate-change-deniers,2016-12-15,2021-08-25,1,https://i.guim.co.uk/img/media/499e044af105793db85fac93d680b96338e9a95a/0_61_4288_2573/master/4288.jpg?width=465&dpr=1&s=none&crop=none,../Scripts/output/guardian/guardian_images/guardian_2016-12-15_guardian_07298b4c01_img01.jpg,"The Oklahoma attorney general, Scott Pruitt, Trump’s nominee to lead the EPA, has said the debate on climate change is ‘far from settled’. Photograph: Nick Oxford/Reuters",,1,graph,4,epa|photo|photograph|reuters,0,likely_visualization
guardian_f74ef9a672,The Guardian,2016,"""climate change""",World Bank raises record $75bn to help poorest members,https://www.theguardian.com/business/2016/dec/15/world-bank-raises-record-75bn-help-poorest-members,2016-12-15,2022-10-19,1,https://i.guim.co.uk/img/media/4aa4f1bfc91f4fed4410487e9f4ca8b724159c82/1224_1057_3704_2223/master/3704.jpg?width=465&dpr=1&s=none&crop=none,../Scripts/output/guardian/guardian_images/guardian_2016-12-15_guardian_f74ef9a672_img01.jpg,"The World Bank president, Jim Yong Kim, called it a ‘pivotal step in the movement to end extreme poverty’. Photograph: Nicholas Kamm/AFP/Getty Images",,1,graph,4,afp|getty|photo|photograph,0,likely_visualization
guardian_5c7898a592,The Guardian,2016,"""climate change""",The ethical Christmas gift guide: what to get those who love to give back,https://www.theguardian.com/sustainable-business/2016/dec/16/ethical-gift-christmas-feminist-environment,2016-12-16,2020-09-23,1,https://i.guim.co.uk/img/media/b18445a6e7c5e1ae06330a5bdff93dab0c31f89b/0_294_4877_2926/master/4877.jpg?width=465&dpr=1&s=none&crop=none,../Scripts/output/guardian/guardian_images/guardian_2016-12-16_guardian_5c7898a592_img01.jpg,"Ho ho ho. This year, surprise your activist friends with an ethically minded gift idea from our sustainable holiday gift guide. Photograph: Eduardo Munoz Alvarez/AFP/Getty Images",,1,graph,4,afp|getty|photo|photograph,0,likely_visualization
guardian_5c7898a592,The Guardian,2016,"""climate change""",The ethical Christmas gift guide: what to get those who love to give back,https://www.theguardian.com/sustainable-business/2016/dec/16/ethical-gift-christmas-feminist-environment,2016-12-16,2020-09-23,6,https://i.guim.co.uk/img/media/9788b64ce68f7a61694756f0294fe8ed9b2f670e/0_0_3500_2100/master/3500.jpg?width=445&dpr=1&s=none&crop=none,../Scripts/output/guardian/guardian_images/guardian_2016-12-16_guardian_5c7898a592_img06.jpg,The Sunlight Foundation is tracking comments and actions by president-elect Donald Trump that signal a conflict of interest. Photograph: Kena Betancur/AFP/Getty Images,,1,graph,4,afp|getty|photo|photograph,0,likely_visualization
guardian_5c7898a592,The Guardian,2016,"""climate change""",The ethical Christmas gift guide: what to get those who love to give back,https://www.theguardian.com/sustainable-business/2016/dec/16/ethical-gift-christmas-feminist-environment,2016-12-16,2020-09-23,10,https://i.guim.co.uk/img/media/79afab82ec90d12cdd08bac35aca56926f8b428a/0_171_3930_2358/master/3930.jpg?width=445&dpr=1&s=none&crop=none,../Scripts/output/guardian/guardian_images/guardian_2016-12-16_guardian_5c7898a592_img10.jpg,"The Empowerment Plan organization offers ways to sponsor food, clothing and shelter for the homeless. Photograph: Jewel Samad/AFP/Getty Images",,1,graph,4,afp|getty|photo|photograph,0,likely_visualization
guardian_897784e38a,The Guardian,2016,"""climate change""","Trump's cabinet, roads and squid and chips – green news roundup",https://www.theguardian.com/environment/2016/dec/16/trumps-cabinet-roads-and-squid-and-chips-green-news-roundup,2016-12-16,2021-07-26,1,https://i.guim.co.uk/img/media/49e094629effd04f14e1c134c6fd9634a538e26a/184_0_3132_1880/master/3132.jpg?width=465&dpr=1&s=none&crop=none,../Scripts/output/guardian/guardian_images/guardian_2016-12-16_guardian_897784e38a_img01.jpg,"Wisdom the albatross, the world’s oldest known seabird, laid an egg at the grand old age of 66. Photograph: Handout/Reuters",,1,graph,4,handout|photo|photograph|reuters,0,likely_visualization
guardian_dcc577abc8,The Guardian,2016,"""climate change""",United states of denial: forces behind Trump have run Australia's climate policy for years,https://www.theguardian.com/environment/planet-oz/2016/dec/16/united-states-of-denial-forces-behind-trump-have-run-australias-climate-policy-for-years,2016-12-16,2021-08-25,1,https://i.guim.co.uk/img/media/6126924b07833a1a7a5b0bff3d558fb616f86e26/0_149_2254_1352/master/2254.jpg?width=465&dpr=1&s=none&crop=none,../Scripts/output/guardian/guardian_images/guardian_2016-12-16_guardian_dcc577abc8_img01.jpg,"Climate capitulators: The former Australian prime minister Tony Abbott listens to the current prime minister, Malcolm Turnbull. Photograph: Lukas Coch/AFP/Getty Images",,1,graph,4,afp|getty|photo|photograph,0,likely_visualization
guardian_d673b89e16,The Guardian,2016,"""climate change""",How people are preparing for Trump's presidency,https://www.theguardian.com/commentisfree/2016/dec/17/how-people-are-preparing-for-trumps-presidency,2016-12-17,2021-01-07,1,https://i.guim.co.uk/img/media/9ab96290e9edfb43c99937f07f25201a1acab003/241_659_2918_1751/master/2918.jpg?width=465&dpr=1&s=none&crop=none,../Scripts/output/guardian/guardian_images/guardian_2016-12-17_guardian_d673b89e16_img01.jpg,‘My ultimate goal is to hear his name or see his face as little as possible.’ Photograph: Mark Wilson/Getty Images,,1,graph,4,epa|getty|photo|photograph,0,likely_visualization
guardian_3d749d9526,The Guardian,2016,"""climate change""",The 12 key science moments of 2016,https://www.theguardian.com/science/2016/dec/18/12-most-important-science-moments-2016-space-sharks-zika-virus-proxima-b,2016-12-18,2021-10-29,1,https://i.guim.co.uk/img/media/092d9e39aeb377a14da738caa7578411e5c56749/0_313_4789_2874/master/4789.jpg?width=465&dpr=1&s=none&crop=none,../Scripts/output/guardian/guardian_images/guardian_2016-12-18_guardian_3d749d9526_img01.jpg,A fumigator at work in a graveyard in Lima as part of Peru’s efforts to contain the Zika virus. Photograph: Ernesto Benavides/AFP/Getty Images,,1,graph,4,afp|getty|photo|photograph,0,likely_visualization
guardian_2ec7a0117e,The Guardian,2016,"""climate change""",Alaska indigenous people see culture slipping away as sea ice vanishes,https://www.theguardian.com/environment/2016/dec/19/alaska-sea-ice-vanishing-climate-change-indigenous-people,2016-12-19,2021-08-25,1,https://i.guim.co.uk/img/media/91ea89e6a3b26279984e3aa2b523161b349d22e0/0_0_3000_1800/master/3000.jpg?width=465&dpr=1&s=none&crop=none,../Scripts/output/guardian/guardian_images/guardian_2016-12-19_guardian_2ec7a0117e_img01.jpg,Yupik women prepare freshly caught salmon for curing. Yupik culture is threatened as sea ice melts. Photograph: Andrew Burton/Getty Images,,1,graph,4,epa|getty|photo|photograph,0,likely_visualization
guardian_09d682239c,The Guardian,2016,"""climate change""",Tim Cook on why he met Donald Trump and the future of desktop Macs,https://www.theguardian.com/technology/2016/dec/20/tim-cook-meeting-donald-trump-desktop-macs-apple,2016-12-20,2018-02-09,2,https://i.guim.co.uk/img/media/32cecb82a1f8111371fa217f6780144d2c8bdcf4/0_189_4724_2834/master/4724.jpg?width=445&dpr=1&s=none&crop=none,../Scripts/output/guardian/guardian_images/guardian_2016-12-20_guardian_09d682239c_img02.jpg,"(L-R) Amazon’s chief Jeff Bezos, Larry Page of Alphabet, Facebook COO Sheryl Sandberg, Vice President elect Mike Pence, President-elect Donald Trump, Peter Thiel, co-founder and former CEO of PayPal, Tim Cook of Apple and Safra Catz of Oracle attend a meeting at Trump Tower. December 14. Photograph: Timothy A. Clary/AFP/Getty Images",,1,graph,4,afp|getty|photo|photograph,0,likely_visualization
guardian_af20cd795c,The Guardian,2016,"""climate change""",Dancing for a cause: Kiribati’s climate activist Olympic weightlifter,https://www.theguardian.com/sport/2016/dec/21/dancing-for-a-cause-kiribatis-climate-activist-olympic-weightlifter,2016-12-20,2021-08-25,2,https://i.guim.co.uk/img/media/5be737e74e97e1d0aed652ec91f2e2a86f7091b0/0_0_3852_2567/master/3852.jpg?width=445&dpr=1&s=none&crop=none,../Scripts/output/guardian/guardian_images/guardian_2016-12-20_guardian_af20cd795c_img02.jpg,Katoatau lifts during the men’s 105kg weightlifting competition at the Rio 2016 Olympic Games. Photograph: Goh Chai Hin/AFP/Getty Images,,1,graph,4,afp|getty|photo|photograph,0,likely_visualization
guardian_1b543f046c,The Guardian,2016,"""climate change""",Petition calls for Barack Obama to fulfil Green Climate Fund pledge,https://www.theguardian.com/environment/2016/dec/21/petition-calls-for-barack-obama-to-fulfil-green-climate-fund-pledge,2016-12-21,2021-08-25,1,https://i.guim.co.uk/img/media/dfef772ee16acb27964b911ee90b7071b3a5be5f/0_295_4616_2768/master/4616.jpg?width=465&dpr=1&s=none&crop=none,../Scripts/output/guardian/guardian_images/guardian_2016-12-21_guardian_1b543f046c_img01.jpg,The petition says ‘there’s one thing President Obama (pictured at joint ratification of Paris climate agreement) can do that Trump cannot undo’. Photograph: How Hwee Young/AFP/Getty Images,,1,graph,4,afp|getty|photo|photograph,0,likely_visualization
guardian_b931c52afe,The Guardian,2016,"""climate change""",Why cutting soot emissions is 'fastest solution' to slowing Arctic ice melt,https://www.theguardian.com/environment/2016/dec/21/cutting-soot-emissions-arctic-ice-melt-climate-change,2016-12-21,2021-08-25,4,https://i.guim.co.uk/img/media/01245a4eda10a7507898f1ab81c0878fc1423897/0_34_4256_2554/master/4256.jpg?width=445&dpr=1&s=none&crop=none,../Scripts/output/guardian/guardian_images/guardian_2016-12-21_guardian_b931c52afe_img04.jpg,"A coal-powered plant on the outskirts of Linfen, in China’s Shanxi province. Soot produced by chimneys has been found to cause breathing problems in humans. Photograph: Peter Parks/AFP/Getty Images",,1,graph,4,afp|getty|photo|photograph,0,likely_visualization
guardian_8a8e93705c,The Guardian,2016,"""climate change""",What can a medieval climate crisis teach us about modern-day warming?,https://www.theguardian.com/environment/2016/dec/22/what-can-a-medieval-climate-crisis-teach-us-about-modern-day-warming,2016-12-22,2021-08-25,1,https://i.guim.co.uk/img/media/caf8ccdb83f7cba064cf4727b2f417bef2011b3e/0_26_3000_1800/master/3000.jpg?width=465&dpr=1&s=none&crop=none,../Scripts/output/guardian/guardian_images/guardian_2016-12-22_guardian_8a8e93705c_img01.jpg,A Russian man shovels grain at a farm in Vasyurinskoe during the country’s worst drought in decades in August 2010. Photograph: Mikhail Mordasov/AFP/Getty Images,,1,graph,4,afp|getty|photo|photograph,0,likely_visualization
guardian_55e898aa67,The Guardian,2016,"""climate change""",2016's best bits: October to December,https://www.theguardian.com/lifeandstyle/2016/dec/24/good-news-2016-chibok-girls-famous-deaths-prince-harry-driverless-cars,2016-12-24,2021-10-29,1,https://i.guim.co.uk/img/media/e3ce967290ed6488abf1b2b1764ef3a211c17736/0_0_4500_2826/master/4500.jpg?width=445&dpr=1&s=none&crop=none,../Scripts/output/guardian/guardian_images/guardian_2016-12-24_guardian_55e898aa67_img01.jpg,An Adélie penguin jumps on to the ice in the Ross Sea. Photograph: John Weller/AFP/Getty Images,,1,graph,4,afp|getty|photo|photograph,0,likely_visualization
guardian_55e898aa67,The Guardian,2016,"""climate change""",2016's best bits: October to December,https://www.theguardian.com/lifeandstyle/2016/dec/24/good-news-2016-chibok-girls-famous-deaths-prince-harry-driverless-cars,2016-12-24,2021-10-29,10,https://i.guim.co.uk/img/media/06c7689d21a1708ad14c5f57415fda7f44281845/0_15_311_187/master/311.jpg?width=120&dpr=1&s=none&crop=none,../Scripts/output/guardian/guardian_images/guardian_2016-12-24_guardian_55e898aa67_img10.jpg,Photograph: AFP/Getty Images,,1,graph,4,afp|getty|photo|photograph,0,likely_visualization
guardian_cf04c64300,The Guardian,2016,"""climate change""","So long, 2016: the year of the political earthquake",https://www.theguardian.com/news/2016/dec/24/2016-in-review-world-news-syria-terrorism-brexit-trump-decca-aitkenhead,2016-12-24,2020-02-03,2,https://i.guim.co.uk/img/media/d554644960193c0a26298b41054d81fcee13a8ac/0_0_3081_1894/master/3081.jpg?width=445&dpr=1&s=none&crop=none,../Scripts/output/guardian/guardian_images/guardian_2016-12-24_guardian_cf04c64300_img02.jpg,Boris Johnson and Michael Gove after the Brexit vote. Photograph: Stefan Rousseau/AFP/Getty Images,,1,graph,4,afp|getty|photo|photograph,0,likely_visualization
guardian_cf04c64300,The Guardian,2016,"""climate change""","So long, 2016: the year of the political earthquake",https://www.theguardian.com/news/2016/dec/24/2016-in-review-world-news-syria-terrorism-brexit-trump-decca-aitkenhead,2016-12-24,2020-02-03,5,https://i.guim.co.uk/img/media/e0c9f2542067d9839ae8f7788e121aa7299c4648/0_0_4928_3280/master/4928.jpg?width=445&dpr=1&s=none&crop=none,../Scripts/output/guardian/guardian_images/guardian_2016-12-24_guardian_cf04c64300_img05.jpg,"Wrecked boats and life jackets used by refugees crossing the Aegean, abandoned in Greece. Photograph: Aris Messinis/AFP/Getty Images",,1,graph,4,afp|getty|photo|photograph,0,likely_visualization
guardian_cf04c64300,The Guardian,2016,"""climate change""","So long, 2016: the year of the political earthquake",https://www.theguardian.com/news/2016/dec/24/2016-in-review-world-news-syria-terrorism-brexit-trump-decca-aitkenhead,2016-12-24,2020-02-03,6,https://i.guim.co.uk/img/media/90b7febb22cae0a05db98e14683b9790f83518c1/0_0_1800_1200/master/1800.jpg?width=445&dpr=1&s=none&crop=none,../Scripts/output/guardian/guardian_images/guardian_2016-12-24_guardian_cf04c64300_img06.jpg,The bomb-damaged Bustan al-Basha district of Aleppo in November. Photograph: George Ourfalian/AFP/Getty Images,,1,graph,4,afp|getty|photo|photograph,0,likely_visualization
guardian_cf04c64300,The Guardian,2016,"""climate change""","So long, 2016: the year of the political earthquake",https://www.theguardian.com/news/2016/dec/24/2016-in-review-world-news-syria-terrorism-brexit-trump-decca-aitkenhead,2016-12-24,2020-02-03,8,https://i.guim.co.uk/img/media/eb463b3e1eb3067f54d20a82fa415b12649dbe86/0_0_4000_2630/master/4000.jpg?width=445&dpr=1&s=none&crop=none,../Scripts/output/guardian/guardian_images/guardian_2016-12-24_guardian_cf04c64300_img08.jpg,Donald Trump after winning the US election. Photograph: Saul Loeb/AFP/Getty Images,,1,graph,4,afp|getty|photo|photograph,0,likely_visualization
guardian_cf04c64300,The Guardian,2016,"""climate change""","So long, 2016: the year of the political earthquake",https://www.theguardian.com/news/2016/dec/24/2016-in-review-world-news-syria-terrorism-brexit-trump-decca-aitkenhead,2016-12-24,2020-02-03,9,https://i.guim.co.uk/img/media/d57fb84f25f3117f36c20341baa34d6e778b7fa2/0_0_4500_3003/master/4500.jpg?width=445&dpr=1&s=none&crop=none,../Scripts/output/guardian/guardian_images/guardian_2016-12-24_guardian_cf04c64300_img09.jpg,Hillary Clinton at a fundraiser in October. Photograph: Brendan Smialowski/AFP/Getty Images,,1,graph,4,afp|getty|photo|photograph,0,likely_visualization
guardian_75426131c4,The Guardian,2016,"""climate change""",2016 was the end of the world as we know it. So what's next?,https://www.theguardian.com/us-news/2016/dec/25/2016-was-the-end-of-the-world-as-we-know-it-so-whats-next,2016-12-25,2020-02-03,2,https://i.guim.co.uk/img/media/d6d9d2f95f672c217944d85e31fe9fd5ab42f48f/120_117_4044_2427/master/4044.jpg?width=445&dpr=1&s=none&crop=none,../Scripts/output/guardian/guardian_images/guardian_2016-12-25_guardian_75426131c4_img02.jpg,Supporters of the Stronger In campaign react as results of Britain’s EU referendum are announced. Photograph: Rob Stothard/AFP/Getty Images,,1,graph,4,afp|getty|photo|photograph,0,likely_visualization
guardian_24559523af,The Guardian,2016,"""climate change""",Australia in 2016: the year leaders flailed as populism sailed,https://www.theguardian.com/australia-news/2016/dec/28/australia-in-2016-the-year-leaders-flailed-as-populism-sailed,2016-12-27,2021-08-25,2,https://i.guim.co.uk/img/media/33522419dc6f816b9f7197c57637e8fe2ec0e073/0_0_3696_2456/master/3696.jpg?width=445&dpr=1&s=none&crop=none,../Scripts/output/guardian/guardian_images/guardian_2016-12-27_guardian_24559523af_img02.jpg,"A candlelight vigil in April in Sydney for an Iranian refugee who died after setting himself on fire on Nauru. The government later agreed a deal to transfer some refugees to the US, as allegations of abuse continued to emerge from Nauru and Manus. Photograph: Saeed Khan/AFP/Getty Images",,1,graph,4,afp|getty|photo|photograph,0,likely_visualization
guardian_755d39a238,The Guardian,2016,"""climate change""",The Guardian view on climate change: bad for the Arctic,https://www.theguardian.com/commentisfree/2016/dec/27/the-guardian-view-on-climate-change-bad-for-the-arctic,2016-12-27,2021-10-29,1,https://i.guim.co.uk/img/media/433311b3d6ad3316a3035f451887302015b11805/0_363_4939_2963/master/4939.jpg?width=465&dpr=1&s=none&crop=none,../Scripts/output/guardian/guardian_images/guardian_2016-12-27_guardian_755d39a238_img01.jpg,A Sami woman observes the movement of reindeer during selection and calf labelling near the village of Dikanaess in northern Sweden. Photograph: Jonathan Nackstrand/AFP/Getty Images,,1,graph,4,afp|getty|photo|photograph,0,likely_visualization
guardian_d5be54b3ea,The Guardian,2016,"""climate change""",‘Get that lie off your bus’: the year’s best slapdowns,https://www.theguardian.com/news/2016/dec/27/get-that-lie-off-your-bus-year-best-slapdowns,2016-12-27,2017-11-25,2,https://i.guim.co.uk/img/media/741221741c0d1d5a5b40efed242ad763d83597d9/0_155_4601_2761/master/4601.jpg?width=445&dpr=1&s=none&crop=none,../Scripts/output/guardian/guardian_images/guardian_2016-12-27_guardian_d5be54b3ea_img02.jpg,She came prepared … Hillary Clinton ran rings round Donald Trump. Photograph: Chip Somodevilla/Getty Images,,1,graph,4,epa|getty|photo|photograph,0,likely_visualization
guardian_072711b5aa,The Guardian,2016,"""climate change""",Export-Import Bank gave $8.5bn to Mexico oil firm despite deadly accidents,https://www.theguardian.com/us-news/2016/dec/28/export-import-bank-mexico-pemex-oil-company-loans,2016-12-28,2017-10-05,1,https://i.guim.co.uk/img/media/eb868cbc9578a76d06e91e8f3f64ef0571429a87/0_46_1920_1152/master/1920.jpg?width=465&dpr=1&s=none&crop=none,../Scripts/output/guardian/guardian_images/guardian_2016-12-28_guardian_072711b5aa_img01.jpg,"A fire in September on this tanker belonging to Pemex caused no injuries, but since 2009 more than 190 workers and contractors have died as a result of fires, explosions and rig collapses. Photograph: Eduardo Murillo/AFP/Getty Images",,1,graph,4,afp|getty|photo|photograph,0,likely_visualization
guardian_38304e190f,The Guardian,2016,"""climate change""","For all the despondency of 2016, hope reigns for many of us",https://www.theguardian.com/commentisfree/2016/dec/29/for-all-the-despondency-of-2016-hope-reigns-for-many-of-us,2016-12-29,2018-03-13,1,https://i.guim.co.uk/img/media/24fed2c30ca08cf8b96d0b481752cc015dc2d96c/0_140_4500_2699/master/4500.jpg?width=465&dpr=1&s=none&crop=none,../Scripts/output/guardian/guardian_images/guardian_2016-12-29_guardian_38304e190f_img01.jpg,"‘This is our our 2017 resolution: we’ll get up tomorrow, and every day, to offer our time, our energy, our skill, our hearts and our passion to all of those for whom it is it not “the most exciting time to be Australian”.’ Photograph: Greg Wood/AFP/Getty Images",,1,graph,4,afp|getty|photo|photograph,0,likely_visualization
guardian_664dfc69ff,The Guardian,2016,"""climate change""","UK in 2030: older, more unequal and blighted by Brexit, report predicts",https://www.theguardian.com/business/2016/dec/29/uk-in-2030-older-more-unequal-and-blighted-by-brexit-report-predicts,2016-12-29,2020-02-03,1,https://i.guim.co.uk/img/media/0770d747f7aa3a9167e621fdb5e44cffec76b9f3/0_10_4751_2851/master/4751.jpg?width=465&dpr=1&s=none&crop=none,../Scripts/output/guardian/guardian_images/guardian_2016-12-29_guardian_664dfc69ff_img01.jpg,"A car plant in Oxford. By 2030 there will be 600,000 fewer manufacturing jobs, the IPPR predicts. Photograph: Andrew Cowie/AFP/Getty Images",,1,graph,4,afp|getty|photo|photograph,0,likely_visualization
guardian_97526ca218,The Guardian,2016,"""climate change""",The year's top development stories: 2016 in review,https://www.theguardian.com/global-development/2016/dec/30/the-years-top-development-stories-2016-in-review,2016-12-30,2022-10-19,1,https://i.guim.co.uk/img/media/cc7d5f7cd0fdee69b6832661558cb0f36a4e47f4/0_71_3648_2189/master/3648.jpg?width=465&dpr=1&s=none&crop=none,../Scripts/output/guardian/guardian_images/guardian_2016-12-30_guardian_97526ca218_img01.jpg,Photograph: Ricardo Garcia Vilanova/AFP/Getty Images,,1,graph,4,afp|getty|photo|photograph,0,likely_visualization
guardian_c72206285d,The Guardian,2016,"""climate change""",A good year for Xi Jinping – but trouble is heading his way,https://www.theguardian.com/world/2016/dec/30/chinese-president-xi-jinping-challenges-half-way-point-tenure,2016-12-30,2017-11-28,2,https://i.guim.co.uk/img/media/ecdeed5374e00e2adb378805ed6e7f9fb908c4c3/0_131_4500_2700/master/4500.jpg?width=445&dpr=1&s=none&crop=none,../Scripts/output/guardian/guardian_images/guardian_2016-12-30_guardian_c72206285d_img02.jpg,A woman working at a building site in Shanghai in November. Photograph: Johannes Eisele/AFP/Getty Images,,1,graph,4,afp|getty|photo|photograph,0,likely_visualization
guardian_d51c24d81c,The Guardian,2016,"""climate change""",Our favourite global development stories of 2016,https://www.theguardian.com/global-development-professionals-network/2016/dec/30/favourite-global-development-stories-2016,2016-12-30,2025-02-07,1,https://i.guim.co.uk/img/media/a8d07c3aaad7d786d7aea08e89655e7d7e841674/0_40_4819_2893/master/4819.jpg?width=465&dpr=1&s=none&crop=none,../Scripts/output/guardian/guardian_images/guardian_2016-12-30_guardian_d51c24d81c_img01.jpg,Syrian refugees making their way across Europe. We looked for stories that showed different perspectives. Photograph: Aris Messinis/AFP/Getty Images,,1,graph,4,afp|getty|photo|photograph,0,likely_visualization
guardian_6ed12a9bd1,The Guardian,2016,"""climate change""",Obama leaves 'phenomenal legacy' of protecting historic and natural land,https://www.theguardian.com/us-news/2016/dec/31/barack-obama-climate-legacy-protecting-historic-natural-land,2016-12-31,2017-07-14,1,https://i.guim.co.uk/img/media/ca626b9552492d06988eec46b934223e8d2d3ddb/0_162_4928_2956/master/4928.jpg?width=465&dpr=1&s=none&crop=none,../Scripts/output/guardian/guardian_images/guardian_2016-12-31_guardian_6ed12a9bd1_img01.jpg,Barack Obama has used the Antiquities Act more than any previous president since it was enacted in 1906. Photograph: Saul Loeb/AFP/Getty Images,,1,graph,4,afp|getty|photo|photograph,0,likely_visualization
guardian_5325c5789e,The Guardian,2016,"""global temperature""",Record hot 2015 gave us a glimpse at the future of global warming,https://www.theguardian.com/environment/climate-consensus-97-per-cent/2016/jan/25/record-hot-2015-gave-us-a-glimpse-at-the-future-of-global-warming,2016-01-25,2021-08-25,1,https://i.guim.co.uk/img/media/18f04ecaabce36ad34ede63ef148431377b9801b/73_0_2497_1500/master/2497.jpg?width=465&dpr=1&s=none&crop=none,../Scripts/output/guardian/guardian_images/guardian_2016-01-25_guardian_5325c5789e_img01.jpg,"This illustration obtained from NASA on January 20, 2016 shows that 2015 was the warmest year since modern record-keeping began in 1880, according to a new analysis by NASA’s Goddard Institute for Space Studies. Photograph: HANDOUT/AFP/Getty Images",,1,graph,5,afp|getty|handout|photo|photograph,0,likely_visualization
guardian_91a870193c,The Guardian,2016,IPCC,New research: climate may be more sensitive and situation more dire,https://www.theguardian.com/environment/climate-consensus-97-per-cent/2016/jul/05/new-research-climate-may-be-more-sensitive-and-situation-more-dire,2016-07-05,2021-08-25,1,https://i.guim.co.uk/img/media/01cb54dc09f45987a0c0c06c1bce95ef467ce037/89_0_2666_1600/master/2666.jpg?width=465&dpr=1&s=none&crop=none,../Scripts/output/guardian/guardian_images/guardian_2016-07-05_guardian_91a870193c_img01.jpg,"This NOAA/NASA image shows Earth using near-infrared and shortwave infrared energy instead of the standard red, green, and blue light that the human eye has evolved to detect. By using infrared energy rather than visible light, the colors indicate differences in temperature rather than what they look like. For example, instead of appearing just white, clouds are shades of yellow, orange, and red depending on their elevation. Photograph: HANDOUT/AFP/Getty Images",,1,graph,5,afp|getty|handout|photo|photograph,0,likely_visualization
guardian_261476f2b1,The Guardian,2016,"""carbon budget""","Third Heathrow runway would push up air fares, say campaigners",https://www.theguardian.com/uk-news/2016/aug/08/heathrow-third-runway-higher-air-fares-airports-commission,2016-08-07,2017-11-28,1,https://i.guim.co.uk/img/media/158e5e71d479ebab3ebd2d3df143c6f17dc43282/0_202_3880_2328/master/3880.jpg?width=465&dpr=1&s=none&crop=none,../Scripts/output/guardian/guardian_images/guardian_2016-08-07_guardian_261476f2b1_img01.jpg,A Boeing 747 preparing for landing at Heathrow. Photograph: Justin Tallis/AFP/Getty,,1,graph,5,afp|epa|getty|photo|photograph,0,likely_visualization
guardian_5325c5789e,The Guardian,2016,"""global temperature""",Record hot 2015 gave us a glimpse at the future of global warming,https://www.theguardian.com/environment/climate-consensus-97-per-cent/2016/jan/25/record-hot-2015-gave-us-a-glimpse-at-the-future-of-global-warming,2016-01-25,2021-08-25,3,https://i.guim.co.uk/img/media/d598f64af40f52e51a22d6d61a0efcba3178f095/0_0_1409_957/master/1409.jpg?width=445&dpr=1&s=none&crop=none,../Scripts/output/guardian/guardian_images/guardian_2016-01-25_guardian_5325c5789e_img03.jpg,Berkeley Earth average global surface temperatures since 1965 categorized by type of El Niño year. Illustration: Dana Nuccitelli,,0,,0,,1,broad_candidate
guardian_5325c5789e,The Guardian,2016,"""global temperature""",Record hot 2015 gave us a glimpse at the future of global warming,https://www.theguardian.com/environment/climate-consensus-97-per-cent/2016/jan/25/record-hot-2015-gave-us-a-glimpse-at-the-future-of-global-warming,2016-01-25,2021-08-25,4,https://i.guim.co.uk/img/media/5229b42bd70f2ab570e37e978f985f89f11f0149/0_0_420_625/master/420.jpg?width=120&dpr=1&s=none&crop=none,../Scripts/output/guardian/guardian_images/guardian_2016-01-25_guardian_5325c5789e_img04.jpg,"Widget counting global heat accumulation, up to 2.3 billion atomic bomb detonations since 1998. Illustration: 4hiroshimas.com",,0,,0,,1,broad_candidate
guardian_5325c5789e,The Guardian,2016,"""global temperature""",Record hot 2015 gave us a glimpse at the future of global warming,https://www.theguardian.com/environment/climate-consensus-97-per-cent/2016/jan/25/record-hot-2015-gave-us-a-glimpse-at-the-future-of-global-warming,2016-01-25,2021-08-25,6,https://i.guim.co.uk/img/media/fb773b4523b4364e02315cdf22b9ccb3c59a13eb/0_0_1188_444/master/1188.jpg?width=445&dpr=1&s=none&crop=none,../Scripts/output/guardian/guardian_images/guardian_2016-01-25_guardian_5325c5789e_img06.jpg,NASA GISS global surface temperatures. Right frame shows smoothing over various time periods. Illustration: James Hansen.,,0,,0,,1,broad_candidate
guardian_53cff9479e,The Guardian,2016,"""global temperature""",Earth is warming 50x faster than when it comes out of an ice age,https://www.theguardian.com/environment/climate-consensus-97-per-cent/2016/feb/24/earth-is-warming-is-50x-faster-than-when-it-comes-out-of-an-ice-age,2016-02-24,2021-08-25,2,https://i.guim.co.uk/img/media/5c57cc45c6eccce14d44124fb76d6bfa09820dab/0_0_1050_718/master/1050.jpg?width=445&dpr=1&s=none&crop=none,../Scripts/output/guardian/guardian_images/guardian_2016-02-24_guardian_53cff9479e_img02.jpg,"Sea level change during each of the twenty centuries of the Common Era. Illustration: Climate Central, based on Kopp et al. (2016), published in the Proceedings of the National Academy of Sciences.",,0,,0,,1,broad_candidate
guardian_53cff9479e,The Guardian,2016,"""global temperature""",Earth is warming 50x faster than when it comes out of an ice age,https://www.theguardian.com/environment/climate-consensus-97-per-cent/2016/feb/24/earth-is-warming-is-50x-faster-than-when-it-comes-out-of-an-ice-age,2016-02-24,2021-08-25,3,https://i.guim.co.uk/img/media/b79c008e1dc7d1629a281342bee618c755494c82/0_0_4372_2099/master/4372.jpg?width=445&dpr=1&s=none&crop=none,../Scripts/output/guardian/guardian_images/guardian_2016-02-24_guardian_53cff9479e_img03.jpg,"Atmospheric carbon dioxide levels (top) and average global surface temperature (bottom) from the past 20,000 years to the next 10,000 years in various emissions scenarios. Illustration: Clark et al. (2016), Nature Climate Change.",,0,,0,,1,broad_candidate
guardian_f24a0398fa,The Guardian,2016,IPCC,Police guilty of misconduct over woman who died in cell,https://www.theguardian.com/uk-news/2016/mar/18/police-guilty-misconduct-woman-found-dead-cell,2016-03-18,2018-01-11,1,https://i.guim.co.uk/img/media/08ada85e26dd95be5a17e3cdc295333795bb450d/168_0_2911_1746/master/2911.jpg?width=465&dpr=1&s=none&crop=none,../Scripts/output/guardian/guardian_images/guardian_2016-03-18_guardian_f24a0398fa_img01.jpg,The IPCC said custody officers made ‘unsatisfactory and inadequate’ checks on Martine Brandon.,,0,,0,,1,broad_candidate
guardian_5f86ee79ea,The Guardian,2016,IPCC,Line of Duty: why I think accuracy in police drama is so important,https://www.theguardian.com/tv-and-radio/2016/apr/02/line-of-duty-bbc-police-kate-london,2016-04-02,2017-12-19,1,https://i.guim.co.uk/img/media/2c4b5dbf510a8098aa04aaf5dd8bf7c5745ca5b8/0_123_4245_2547/master/4245.jpg?width=465&dpr=1&s=none&crop=none,../Scripts/output/guardian/guardian_images/guardian_2016-04-02_guardian_5f86ee79ea_img01.jpg,Sgt Danny Waldron (Daniel Mays) in the first episode of the new series of Line of Duty.,,0,,0,,1,broad_candidate
guardian_6b4d4e220f,The Guardian,2016,IPCC,Study: humans have caused all the global warming since 1950,https://www.theguardian.com/environment/climate-consensus-97-per-cent/2016/apr/19/study-humans-have-caused-all-the-global-warming-since-1950,2016-04-19,2021-08-25,2,https://i.guim.co.uk/img/media/5260dcfa4a5e7762868416edb3e10fc706eff6fa/0_0_677_461/master/677.jpg?width=445&dpr=1&s=none&crop=none,../Scripts/output/guardian/guardian_images/guardian_2016-04-19_guardian_6b4d4e220f_img02.jpg,"The percentage contribution to global warming over the past 50-65 years in two categories: human causes (left) and natural causes (right), from various peer-reviewed studies. The studies are Tett et al. 2000 (T00, dark blue), Meehl et al. 2004 (M04, red), Stone et al. 2007 (S07, green), Lean and Rind 2008 (LR08, purple), Huber and Knutti 2011 (HK11, light blue), Gillett et al. 2012 (G12, orange), Wigley and Santer 2012 (WG12, dark green), Jones et al. 2013 (J13, pink), IPCC AR5 (IPCC, light green), and Ribes et al. 2016 (R16, light purple). The numbers are best estimates from each study. Il...",,0,,0,,1,broad_candidate
guardian_fac995afce,The Guardian,2016,"""sea level rise""",Satellite Eye on Earth: March 2016 - in pictures,https://www.theguardian.com/environment/2016/apr/25/satellite-eye-on-earth-march-2016-in-pictures,2016-04-25,2018-02-14,1,https://i.guim.co.uk/img/media/91c0e78187316f32e73d4c8e9bfef45b818a7f62/741_1626_4188_2513/master/4188.jpg?width=465&dpr=1&s=none&crop=none,../Scripts/output/guardian/guardian_images/guardian_2016-04-25_guardian_fac995afce_img01.jpg,Credits: OLI/Landsat 8/NASA,,0,,0,,1,broad_candidate
guardian_fac995afce,The Guardian,2016,"""sea level rise""",Satellite Eye on Earth: March 2016 - in pictures,https://www.theguardian.com/environment/2016/apr/25/satellite-eye-on-earth-march-2016-in-pictures,2016-04-25,2018-02-14,2,https://i.guim.co.uk/img/media/44a84e8394528a60c7e480956b1207a3560bafa5/0_0_1367_911/master/1367.jpg?width=445&dpr=1&s=none&crop=none,../Scripts/output/guardian/guardian_images/guardian_2016-04-25_guardian_fac995afce_img02.jpg,Credits: Epic/ DSCOVR/Nasa,,0,,0,,1,broad_candidate
guardian_fac995afce,The Guardian,2016,"""sea level rise""",Satellite Eye on Earth: March 2016 - in pictures,https://www.theguardian.com/environment/2016/apr/25/satellite-eye-on-earth-march-2016-in-pictures,2016-04-25,2018-02-14,5,https://i.guim.co.uk/img/media/7a624035471e7d307da1e1b6ccd7d1f58bee89b6/0_0_5000_6400/master/5000.jpg?width=445&dpr=1&s=none&crop=none,../Scripts/output/guardian/guardian_images/guardian_2016-04-25_guardian_fac995afce_img05.jpg,Credits: MODIS/Terra/NASA,,0,,0,,1,broad_candidate
guardian_fac995afce,The Guardian,2016,"""sea level rise""",Satellite Eye on Earth: March 2016 - in pictures,https://www.theguardian.com/environment/2016/apr/25/satellite-eye-on-earth-march-2016-in-pictures,2016-04-25,2018-02-14,6,https://i.guim.co.uk/img/media/312db5db3b05c6f80f618dd50f070940269b06c5/0_0_3252_3252/master/3252.jpg?width=445&dpr=1&s=none&crop=none,../Scripts/output/guardian/guardian_images/guardian_2016-04-25_guardian_fac995afce_img06.jpg,Credits: VIIRS/Suomi NPP/NASA,,0,,0,,1,broad_candidate
guardian_fac995afce,The Guardian,2016,"""sea level rise""",Satellite Eye on Earth: March 2016 - in pictures,https://www.theguardian.com/environment/2016/apr/25/satellite-eye-on-earth-march-2016-in-pictures,2016-04-25,2018-02-14,7,https://i.guim.co.uk/img/media/eef4760c9494b787a7e2d53a9df78c43233eb964/0_0_3600_2800/master/3600.jpg?width=445&dpr=1&s=none&crop=none,../Scripts/output/guardian/guardian_images/guardian_2016-04-25_guardian_fac995afce_img07.jpg,Credits: MODIS/Terra/NASA,,0,,0,,1,broad_candidate
guardian_fac995afce,The Guardian,2016,"""sea level rise""",Satellite Eye on Earth: March 2016 - in pictures,https://www.theguardian.com/environment/2016/apr/25/satellite-eye-on-earth-march-2016-in-pictures,2016-04-25,2018-02-14,8,https://i.guim.co.uk/img/media/c4c43e3c6c5e95027507370e04fc93223469f289/0_0_4928_3280/master/4928.jpg?width=445&dpr=1&s=none&crop=none,../Scripts/output/guardian/guardian_images/guardian_2016-04-25_guardian_fac995afce_img08.jpg,Credits:ISS/NASA,,0,,0,,1,broad_candidate
guardian_fac995afce,The Guardian,2016,"""sea level rise""",Satellite Eye on Earth: March 2016 - in pictures,https://www.theguardian.com/environment/2016/apr/25/satellite-eye-on-earth-march-2016-in-pictures,2016-04-25,2018-02-14,9,https://i.guim.co.uk/img/media/530c701a929c32bece7b12af46a05dcb8b928c58/0_0_4536_5872/master/4536.jpg?width=445&dpr=1&s=none&crop=none,../Scripts/output/guardian/guardian_images/guardian_2016-04-25_guardian_fac995afce_img09.jpg,Credits: VIIRS/Suomi NPP/NASA,,0,,0,,1,broad_candidate
guardian_fac995afce,The Guardian,2016,"""sea level rise""",Satellite Eye on Earth: March 2016 - in pictures,https://www.theguardian.com/environment/2016/apr/25/satellite-eye-on-earth-march-2016-in-pictures,2016-04-25,2018-02-14,10,https://i.guim.co.uk/img/media/8eb42957295407d8e3737ab8d19ced368a1b6a14/0_0_1974_1730/master/1974.jpg?width=445&dpr=1&s=none&crop=none,../Scripts/output/guardian/guardian_images/guardian_2016-04-25_guardian_fac995afce_img10.jpg,Credits: Sentinel-3A/ESA,,0,,0,,1,broad_candidate
guardian_fac995afce,The Guardian,2016,"""sea level rise""",Satellite Eye on Earth: March 2016 - in pictures,https://www.theguardian.com/environment/2016/apr/25/satellite-eye-on-earth-march-2016-in-pictures,2016-04-25,2018-02-14,11,https://i.guim.co.uk/img/media/1ca033d77d0477d1e7fd12dc8fc7640da856dfda/0_0_5000_5000/master/5000.jpg?width=445&dpr=1&s=none&crop=none,../Scripts/output/guardian/guardian_images/guardian_2016-04-25_guardian_fac995afce_img11.jpg,,,0,,0,,1,broad_candidate
guardian_fac995afce,The Guardian,2016,"""sea level rise""",Satellite Eye on Earth: March 2016 - in pictures,https://www.theguardian.com/environment/2016/apr/25/satellite-eye-on-earth-march-2016-in-pictures,2016-04-25,2018-02-14,12,https://i.guim.co.uk/img/media/823c33315f05d2d31fdd1db4a520316f1b48e328/0_0_2000_1994/master/2000.jpg?width=445&dpr=1&s=none&crop=none,../Scripts/output/guardian/guardian_images/guardian_2016-04-25_guardian_fac995afce_img12.jpg,Credits: Sentinel-2A/ESA,,0,,0,,1,broad_candidate
guardian_fac995afce,The Guardian,2016,"""sea level rise""",Satellite Eye on Earth: March 2016 - in pictures,https://www.theguardian.com/environment/2016/apr/25/satellite-eye-on-earth-march-2016-in-pictures,2016-04-25,2018-02-14,13,https://i.guim.co.uk/img/media/51dc1328c4a3326ff95a12aaccfdfd0d4efb0e7e/0_0_3856_3756/master/3856.jpg?width=445&dpr=1&s=none&crop=none,../Scripts/output/guardian/guardian_images/guardian_2016-04-25_guardian_fac995afce_img13.jpg,Credits: MODIS/Terra/NASA,,0,,0,,1,broad_candidate
guardian_fac995afce,The Guardian,2016,"""sea level rise""",Satellite Eye on Earth: March 2016 - in pictures,https://www.theguardian.com/environment/2016/apr/25/satellite-eye-on-earth-march-2016-in-pictures,2016-04-25,2018-02-14,14,https://i.guim.co.uk/img/media/b37f376dc04d2ca7be82c7d529009847f88ea268/0_0_1920_1524/master/1920.jpg?width=445&dpr=1&s=none&crop=none,../Scripts/output/guardian/guardian_images/guardian_2016-04-25_guardian_fac995afce_img14.jpg,Credits: Sentinel-2A /ESA,,0,,0,,1,broad_candidate
guardian_318545ce28,The Guardian,2016,IPCC,Hillsborough disaster: deadly mistakes and lies that lasted decades,https://www.theguardian.com/football/2016/apr/26/hillsborough-disaster-deadly-mistakes-and-lies-that-lasted-decades,2016-04-26,2019-03-24,8,https://i.guim.co.uk/img/media/679730a956011371aef40a62a45ff8fd1c247326/241_139_1432_859/master/1432.jpg?width=445&dpr=1&s=none&crop=none,../Scripts/output/guardian/guardian_images/guardian_2016-04-26_guardian_318545ce28_img08.jpg,Footage released by the Hillsborough inquest.,,0,,0,,1,broad_candidate
guardian_318545ce28,The Guardian,2016,IPCC,Hillsborough disaster: deadly mistakes and lies that lasted decades,https://www.theguardian.com/football/2016/apr/26/hillsborough-disaster-deadly-mistakes-and-lies-that-lasted-decades,2016-04-26,2019-03-24,10,https://i.guim.co.uk/img/media/fb2709f271d5d2e588f15db7d9783b46799b9e4d/35_34_1731_1038/master/1731.jpg?width=445&dpr=1&s=none&crop=none,../Scripts/output/guardian/guardian_images/guardian_2016-04-26_guardian_318545ce28_img10.jpg,The police’s Niagara club.,,0,,0,,1,broad_candidate
guardian_318545ce28,The Guardian,2016,IPCC,Hillsborough disaster: deadly mistakes and lies that lasted decades,https://www.theguardian.com/football/2016/apr/26/hillsborough-disaster-deadly-mistakes-and-lies-that-lasted-decades,2016-04-26,2019-03-24,15,https://i.guim.co.uk/img/media/d538cc35af849a08dfaf66c0cddc4ab5c5104abc/350_132_1211_727/master/1211.jpg?width=445&dpr=1&s=none&crop=none,../Scripts/output/guardian/guardian_images/guardian_2016-04-26_guardian_318545ce28_img15.jpg,"Police collect evidence at 4.42pm, shortly after the Hillsborough disaster.",,0,,0,,1,broad_candidate
guardian_318545ce28,The Guardian,2016,IPCC,Hillsborough disaster: deadly mistakes and lies that lasted decades,https://www.theguardian.com/football/2016/apr/26/hillsborough-disaster-deadly-mistakes-and-lies-that-lasted-decades,2016-04-26,2019-03-24,17,https://i.guim.co.uk/img/media/7de32518205d8c1169288029a9c161d50da1a619/349_121_1215_729/master/1215.jpg?width=445&dpr=1&s=none&crop=none,../Scripts/output/guardian/guardian_images/guardian_2016-04-26_guardian_318545ce28_img17.jpg,Twisted metal in the Leppings Lane stand at Hillsborough.,,0,,0,,1,broad_candidate
guardian_bf86d8520c,The Guardian,2016,"""sea level rise""",Satellite Eye on Earth: April 2016 – in pictures,https://www.theguardian.com/environment/2016/may/09/satellite-eye-on-earth-april-2016-in-pictures,2016-05-09,2018-02-14,1,https://i.guim.co.uk/img/media/54129e5dc37e91479b862ea0a5e6471d6d9ec4cd/0_0_1920_1152/master/1920.jpg?width=465&dpr=1&s=none&crop=none,../Scripts/output/guardian/guardian_images/guardian_2016-05-09_guardian_bf86d8520c_img01.jpg,Credits: Sentinel-1A/ESA,,0,,0,,1,broad_candidate
guardian_bf86d8520c,The Guardian,2016,"""sea level rise""",Satellite Eye on Earth: April 2016 – in pictures,https://www.theguardian.com/environment/2016/may/09/satellite-eye-on-earth-april-2016-in-pictures,2016-05-09,2018-02-14,2,https://i.guim.co.uk/img/media/646f0d6fafda4fc4c9fe8973ad548493c6bb5e2d/0_0_2490_1892/master/2490.jpg?width=445&dpr=1&s=none&crop=none,../Scripts/output/guardian/guardian_images/guardian_2016-05-09_guardian_bf86d8520c_img02.jpg,Credits: Modis/Aqua/Nasa,,0,,0,,1,broad_candidate
guardian_bf86d8520c,The Guardian,2016,"""sea level rise""",Satellite Eye on Earth: April 2016 – in pictures,https://www.theguardian.com/environment/2016/may/09/satellite-eye-on-earth-april-2016-in-pictures,2016-05-09,2018-02-14,3,https://i.guim.co.uk/img/media/83f1d8d998c4d138b09c92e0bef7a50ac19e10a4/0_0_1379_919/master/1379.jpg?width=445&dpr=1&s=none&crop=none,../Scripts/output/guardian/guardian_images/guardian_2016-05-09_guardian_bf86d8520c_img03.jpg,Credits: NASA,,0,,0,,1,broad_candidate
guardian_bf86d8520c,The Guardian,2016,"""sea level rise""",Satellite Eye on Earth: April 2016 – in pictures,https://www.theguardian.com/environment/2016/may/09/satellite-eye-on-earth-april-2016-in-pictures,2016-05-09,2018-02-14,4,https://i.guim.co.uk/img/media/b3707941ff29250988757f6af3906ca07157bf85/0_134_2048_1229/master/2048.jpg?width=445&dpr=1&s=none&crop=none,../Scripts/output/guardian/guardian_images/guardian_2016-05-09_guardian_bf86d8520c_img04.jpg,Credits: ISS/Nasa,,0,,0,,1,broad_candidate
guardian_bf86d8520c,The Guardian,2016,"""sea level rise""",Satellite Eye on Earth: April 2016 – in pictures,https://www.theguardian.com/environment/2016/may/09/satellite-eye-on-earth-april-2016-in-pictures,2016-05-09,2018-02-14,5,https://i.guim.co.uk/img/media/3776f1a641a8c4918275afb1edd772f1e65e0d74/0_0_1930_1450/master/1930.jpg?width=445&dpr=1&s=none&crop=none,../Scripts/output/guardian/guardian_images/guardian_2016-05-09_guardian_bf86d8520c_img05.jpg,Credits: Modis/Aqua/Nasa,,0,,0,,1,broad_candidate
guardian_bf86d8520c,The Guardian,2016,"""sea level rise""",Satellite Eye on Earth: April 2016 – in pictures,https://www.theguardian.com/environment/2016/may/09/satellite-eye-on-earth-april-2016-in-pictures,2016-05-09,2018-02-14,6,https://i.guim.co.uk/img/media/6642a510b7e5c1e8a44da8d982640c14c96cec11/0_0_4928_3280/master/4928.jpg?width=445&dpr=1&s=none&crop=none,../Scripts/output/guardian/guardian_images/guardian_2016-05-09_guardian_bf86d8520c_img06.jpg,,,0,,0,,1,broad_candidate
guardian_bf86d8520c,The Guardian,2016,"""sea level rise""",Satellite Eye on Earth: April 2016 – in pictures,https://www.theguardian.com/environment/2016/may/09/satellite-eye-on-earth-april-2016-in-pictures,2016-05-09,2018-02-14,7,https://i.guim.co.uk/img/media/50b55f45af87a1e1d6f12e422ea8dbc07f0ca675/0_0_4928_3280/master/4928.jpg?width=445&dpr=1&s=none&crop=none,../Scripts/output/guardian/guardian_images/guardian_2016-05-09_guardian_bf86d8520c_img07.jpg,,,0,,0,,1,broad_candidate
guardian_bf86d8520c,The Guardian,2016,"""sea level rise""",Satellite Eye on Earth: April 2016 – in pictures,https://www.theguardian.com/environment/2016/may/09/satellite-eye-on-earth-april-2016-in-pictures,2016-05-09,2018-02-14,8,https://i.guim.co.uk/img/media/3f9550b791609fb56d07d5a056d317135bac0e6f/0_0_2048_1152/master/2048.jpg?width=445&dpr=1&s=none&crop=none,../Scripts/output/guardian/guardian_images/guardian_2016-05-09_guardian_bf86d8520c_img08.jpg,,,0,,0,,1,broad_candidate
guardian_bf86d8520c,The Guardian,2016,"""sea level rise""",Satellite Eye on Earth: April 2016 – in pictures,https://www.theguardian.com/environment/2016/may/09/satellite-eye-on-earth-april-2016-in-pictures,2016-05-09,2018-02-14,9,https://i.guim.co.uk/img/media/66cd72aa2bbc7e1d23498bf78898929d9817d3dd/0_0_1920_1284/master/1920.jpg?width=445&dpr=1&s=none&crop=none,../Scripts/output/guardian/guardian_images/guardian_2016-05-09_guardian_bf86d8520c_img09.jpg,,,0,,0,,1,broad_candidate
guardian_bf86d8520c,The Guardian,2016,"""sea level rise""",Satellite Eye on Earth: April 2016 – in pictures,https://www.theguardian.com/environment/2016/may/09/satellite-eye-on-earth-april-2016-in-pictures,2016-05-09,2018-02-14,10,https://i.guim.co.uk/img/media/6149560c5de9d308b9d4f9b75059c24f8f48d7d9/0_0_2048_1152/master/2048.jpg?width=445&dpr=1&s=none&crop=none,../Scripts/output/guardian/guardian_images/guardian_2016-05-09_guardian_bf86d8520c_img10.jpg,,,0,,0,,1,broad_candidate
guardian_bf86d8520c,The Guardian,2016,"""sea level rise""",Satellite Eye on Earth: April 2016 – in pictures,https://www.theguardian.com/environment/2016/may/09/satellite-eye-on-earth-april-2016-in-pictures,2016-05-09,2018-02-14,11,https://i.guim.co.uk/img/media/8bfe11b937dd462f0990bef884ed32603f7a6005/0_0_1180_1059/master/1180.jpg?width=445&dpr=1&s=none&crop=none,../Scripts/output/guardian/guardian_images/guardian_2016-05-09_guardian_bf86d8520c_img11.jpg,,,0,,0,,1,broad_candidate
guardian_bf86d8520c,The Guardian,2016,"""sea level rise""",Satellite Eye on Earth: April 2016 – in pictures,https://www.theguardian.com/environment/2016/may/09/satellite-eye-on-earth-april-2016-in-pictures,2016-05-09,2018-02-14,12,https://i.guim.co.uk/img/media/8b3e34ed6412216e2bddd1a9fb2dce0c4deaa7f7/0_0_1952_1612/master/1952.jpg?width=445&dpr=1&s=none&crop=none,../Scripts/output/guardian/guardian_images/guardian_2016-05-09_guardian_bf86d8520c_img12.jpg,,,0,,0,,1,broad_candidate
guardian_91a870193c,The Guardian,2016,IPCC,New research: climate may be more sensitive and situation more dire,https://www.theguardian.com/environment/climate-consensus-97-per-cent/2016/jul/05/new-research-climate-may-be-more-sensitive-and-situation-more-dire,2016-07-05,2021-08-25,2,https://i.guim.co.uk/img/media/ee2efd7d507ed4cad14048e510de5930ce62312f/0_0_786_601/master/786.png?width=445&dpr=1&s=none&crop=none,../Scripts/output/guardian/guardian_images/guardian_2016-07-05_guardian_91a870193c_img02.png,"Like-with-like comparisons of transient climate response estimates between models and observations. In the upper two bars, the observed estimates are adjusted to match the method used for the models. In the lower three bars the model outputs are treated in the same way as the observations. Illustration: Richardson et al. (2016); Nature Climate Change.",,0,,0,,1,broad_candidate
guardian_40a40d57ba,The Guardian,2016,"""sea level rise""","Massive mangrove die-off on Gulf of Carpentaria worst in the world, says expert",https://www.theguardian.com/environment/2016/jul/11/massive-mangrove-die-off-on-gulf-of-carpentaria-worst-in-the-world-says-expert,2016-07-11,2021-08-25,4,https://i.guim.co.uk/img/media/2489da46396f9f077e945291440b66062fc88fbe/49_500_3452_2071/master/3452.png?width=445&dpr=1&s=none&crop=none,../Scripts/output/guardian/guardian_images/guardian_2016-07-11_guardian_40a40d57ba_img04.png,"Sea surface temperature anomalies around Australia for the first six months of 2016, where water across northern Australia was among the warmest on record. Illustration: Australian Bureau of Meteorology",,0,,0,,1,broad_candidate
guardian_ca2a2d6b5d,The Guardian,2016,"""sea level rise""",Environmental records shattered as climate change 'plays out before us',https://www.theguardian.com/environment/2016/aug/02/environment-climate-change-records-broken-international-report,2016-08-02,2021-08-25,2,https://i.guim.co.uk/img/media/4907f814cac32b8b44b9fe2fb02d1eec15660105/0_0_620_790/master/620.jpg?width=445&dpr=1&s=none&crop=none,../Scripts/output/guardian/guardian_images/guardian_2016-08-02_guardian_ca2a2d6b5d_img02.jpg,,,0,,0,,1,broad_candidate
guardian_ca2a2d6b5d,The Guardian,2016,"""sea level rise""",Environmental records shattered as climate change 'plays out before us',https://www.theguardian.com/environment/2016/aug/02/environment-climate-change-records-broken-international-report,2016-08-02,2021-08-25,3,https://i.guim.co.uk/img/media/2bf62a1a7bada92f3c91d0b8a91b510e99a34511/0_0_620_759/master/620.jpg?width=445&dpr=1&s=none&crop=none,../Scripts/output/guardian/guardian_images/guardian_2016-08-02_guardian_ca2a2d6b5d_img03.jpg,,,0,,0,,1,broad_candidate
guardian_ca2a2d6b5d,The Guardian,2016,"""sea level rise""",Environmental records shattered as climate change 'plays out before us',https://www.theguardian.com/environment/2016/aug/02/environment-climate-change-records-broken-international-report,2016-08-02,2021-08-25,4,https://i.guim.co.uk/img/media/5bc3011a37f30d56a95df5b915604ad837dc21aa/0_0_620_372/master/620.jpg?width=445&dpr=1&s=none&crop=none,../Scripts/output/guardian/guardian_images/guardian_2016-08-02_guardian_ca2a2d6b5d_img04.jpg,,,0,,0,,1,broad_candidate
guardian_ca2a2d6b5d,The Guardian,2016,"""sea level rise""",Environmental records shattered as climate change 'plays out before us',https://www.theguardian.com/environment/2016/aug/02/environment-climate-change-records-broken-international-report,2016-08-02,2021-08-25,5,https://i.guim.co.uk/img/media/b6bcbe2215c597df2d19f10dbbf6abdbaf8c9041/0_0_620_748/master/620.jpg?width=445&dpr=1&s=none&crop=none,../Scripts/output/guardian/guardian_images/guardian_2016-08-02_guardian_ca2a2d6b5d_img05.jpg,,,0,,0,,1,broad_candidate
guardian_fcad87ff93,The Guardian,2016,"""net zero""",How Florida and Colorado are trying to build smart cities from the ground up,https://www.theguardian.com/sustainable-business/2016/aug/09/florida-colorado-smart-cities-sustainable-solar-babcock-ranch-pena,2016-08-09,2018-02-14,1,https://i.guim.co.uk/img/media/6f1942e2f50112c910b787544045475bc433d247/0_0_1524_1006/master/1524.jpg?width=465&dpr=1&s=none&crop=none,../Scripts/output/guardian/guardian_images/guardian_2016-08-09_guardian_fcad87ff93_img01.jpg,"Plans for the development around Peña Station, led by Japanese tech giant Panasonic. Illustration: L C Fullenwider, Inc",,0,,0,,1,broad_candidate
guardian_41c9ca2701,The Guardian,2016,IPCC,Climate urgency: we've locked in more global warming than people realize,https://www.theguardian.com/environment/climate-consensus-97-per-cent/2016/aug/15/climate-urgency-weve-locked-in-more-global-warming-than-people-realize,2016-08-15,2021-08-25,2,https://i.guim.co.uk/img/media/0dc4f6dcf39736cdc4a8b60ad863f34fba3ec131/0_0_677_461/master/677.jpg?width=445&dpr=1&s=none&crop=none,../Scripts/output/guardian/guardian_images/guardian_2016-08-15_guardian_41c9ca2701_img02.jpg,Atmospheric carbon dioxide levels in the four IPCC RCP scenarios. Illustration: Dana Nuccitelli,,0,,0,,1,broad_candidate
guardian_41c9ca2701,The Guardian,2016,IPCC,Climate urgency: we've locked in more global warming than people realize,https://www.theguardian.com/environment/climate-consensus-97-per-cent/2016/aug/15/climate-urgency-weve-locked-in-more-global-warming-than-people-realize,2016-08-15,2021-08-25,3,https://i.guim.co.uk/img/media/9e5c76605617d64f582574b80c910be72d15c373/0_0_1741_1152/master/1741.jpg?width=445&dpr=1&s=none&crop=none,../Scripts/output/guardian/guardian_images/guardian_2016-08-15_guardian_41c9ca2701_img03.jpg,"Global annual mean surface air temperature anomalies (relative to 1986–2005) from CMIP5 climate model runs. Discontinuities at 2100 are due to different numbers of models performing the extension runs beyond the 21st century and have no physical meaning. No ranges are given for the RCP6.0 projections beyond 2100, as only two models are available. Illustration: Intergovernmental Panel on Climate Change",,0,,0,,1,broad_candidate
guardian_220c79c723,The Guardian,2016,IPCC,"‘Next year or the year after, the Arctic will be free of ice’",https://www.theguardian.com/environment/2016/aug/21/arctic-will-be-ice-free-in-summer-next-year,2016-08-21,2021-08-25,1,https://i.guim.co.uk/img/media/6eeabfddac63fb17f179ff984cfb59d9d2328f99/0_54_3888_2333/master/3888.jpg?width=465&dpr=1&s=none&crop=none,../Scripts/output/guardian/guardian_images/guardian_2016-08-21_guardian_220c79c723_img01.jpg,"Peter Wadhams in the Arctic in 2007: ‘We may able to raise the Thames barrier in Britain but in Bangladesh, people will be drowned.’",,0,,0,,1,broad_candidate
guardian_31a06ab189,The Guardian,2016,"""global temperature""",Debunking Malcolm Roberts: the case against a climate science denier,https://www.theguardian.com/environment/2016/sep/14/debunking-malcolm-roberts-the-case-against-a-climate-science-denier,2016-09-14,2021-08-25,6,https://i.guim.co.uk/img/media/34a2b4cb9baff919900201bfa50476ab169db612/0_0_2156_1462/master/2156.jpg?width=445&dpr=1&s=none&crop=none,../Scripts/output/guardian/guardian_images/guardian_2016-09-14_guardian_31a06ab189_img06.jpg,,,0,,0,,1,broad_candidate
guardian_e18d94d18b,The Guardian,2016,IPCC,‘He died like a slave’: the tragic death of Mzee Mohammed,https://www.theguardian.com/us-news/2016/oct/02/he-died-like-slave-mzee-mohammed-black-lives-matter-jamaica,2016-10-01,2020-06-12,3,https://i.guim.co.uk/img/media/d1bccc7cbfc943e1b5b523fb1b4e5c09ad06ec43/60_0_1800_1080/master/1800.jpg?width=445&dpr=1&s=none&crop=none,../Scripts/output/guardian/guardian_images/guardian_2016-10-01_guardian_e18d94d18b_img03.jpg,Last moments: a still taken from witness footage of Mzee Mohammed being detained in Liverpool.,,0,,0,,1,broad_candidate
guardian_66280cdecb,The Guardian,2016,"""sea level rise""",Global warming continues; 2016 will be the hottest year ever recorded,https://www.theguardian.com/environment/climate-consensus-97-per-cent/2016/oct/21/global-warming-continues-2016-will-be-the-hottest-year-ever-recorded,2016-10-21,2021-08-25,3,https://i.guim.co.uk/img/media/4da0c24030ad4ae70822c845d9d35c95ddd97e81/0_0_2031_1857/master/2031.png?width=445&dpr=1&s=none&crop=none,../Scripts/output/guardian/guardian_images/guardian_2016-10-21_guardian_66280cdecb_img03.png,Global surface temperature observations vs. CMIP5 model simulations.,,0,,0,,1,broad_candidate
guardian_a5037117d6,The Guardian,2016,"""sea level rise""",'The atmosphere is being radicalized' by climate change,https://www.theguardian.com/environment/climate-consensus-97-per-cent/2016/oct/24/the-atmosphere-is-being-radicalized-by-climate-change,2016-10-24,2021-08-25,2,https://i.guim.co.uk/img/media/c9e9b060435fd1c22437d835492ad0137a68b50c/0_0_1601_961/master/1601.png?width=445&dpr=1&s=none&crop=none,../Scripts/output/guardian/guardian_images/guardian_2016-10-24_guardian_a5037117d6_img02.png,"Average global surface temperatures. Illustration: NASA GISS, adapted by John Abraham.",,0,,0,,1,broad_candidate
guardian_59eb5f5beb,The Guardian,2016,IPCC,Stephen Port's freedom to kill raises difficult questions for the Met,https://www.theguardian.com/uk-news/2016/nov/23/stephen-ports-freedom-kill-difficult-questions-met-police,2016-11-23,2017-11-28,3,https://i.guim.co.uk/img/media/8fbe6ac3ad7ffd73200ddbafa950a78894c5800a/3476_134_1691_2114/master/1691.jpg?width=120&dpr=1&s=none&crop=none,../Scripts/output/guardian/guardian_images/guardian_2016-11-23_guardian_59eb5f5beb_img03.jpg,Anthony Walgate. Composite: Social Media,,0,,0,,1,broad_candidate
guardian_59eb5f5beb,The Guardian,2016,IPCC,Stephen Port's freedom to kill raises difficult questions for the Met,https://www.theguardian.com/uk-news/2016/nov/23/stephen-ports-freedom-kill-difficult-questions-met-police,2016-11-23,2017-11-28,5,https://i.guim.co.uk/img/media/8fbe6ac3ad7ffd73200ddbafa950a78894c5800a/1717_179_1708_2135/master/1708.jpg?width=120&dpr=1&s=none&crop=none,../Scripts/output/guardian/guardian_images/guardian_2016-11-23_guardian_59eb5f5beb_img05.jpg,Daniel Whitworth. Composite: Social Media,,0,,0,,1,broad_candidate
guardian_59eb5f5beb,The Guardian,2016,IPCC,Stephen Port's freedom to kill raises difficult questions for the Met,https://www.theguardian.com/uk-news/2016/nov/23/stephen-ports-freedom-kill-difficult-questions-met-police,2016-11-23,2017-11-28,7,https://i.guim.co.uk/img/media/8fbe6ac3ad7ffd73200ddbafa950a78894c5800a/10_289_1658_2073/master/1658.jpg?width=120&dpr=1&s=none&crop=none,../Scripts/output/guardian/guardian_images/guardian_2016-11-23_guardian_59eb5f5beb_img07.jpg,Jack Taylor Composite: Social Media,,0,,0,,1,broad_candidate
guardian_e39f9f548a,The Guardian,2016,IPCC,Fires and drought cook Tennessee - a state represented by climate deniers,https://www.theguardian.com/environment/climate-consensus-97-per-cent/2016/dec/02/fires-and-drought-cook-tennessee-a-state-represented-by-climate-deniers,2016-12-02,2021-08-25,2,https://i.guim.co.uk/img/media/85018b7a1a409e5ee200d1728a11a6cc3ae87ea2/0_0_975_754/master/975.png?width=445&dpr=1&s=none&crop=none,../Scripts/output/guardian/guardian_images/guardian_2016-12-02_guardian_e39f9f548a_img02.png,U.S. Drought Monitor for 22 November 2016. Illustration: National Drought Mitigation Center at the University of Nebraska-Lincoln,,0,,0,,1,broad_candidate
guardian_894b562dc2,The Guardian,2016,"""1.5C""",Why we’re all everyday climate change deniers,https://www.theguardian.com/commentisfree/2016/dec/06/trump-world-climate-change-denial,2016-12-06,2021-08-25,1,https://i.guim.co.uk/img/media/bd67b670b6f1f3a4fbdc246050b572ed6007032e/22_0_2545_1528/master/2545.jpg?width=465&dpr=1&s=none&crop=none,../Scripts/output/guardian/guardian_images/guardian_2016-12-06_guardian_894b562dc2_img01.jpg,Illustration by Andrzej Krauze.,,0,,0,,1,broad_candidate
guardian_004c45330e,The Guardian,2016,"""climate change""",Did Russia vote in the US election?,https://www.theguardian.com/us-news/live/2016/dec/09/russia-hacking-us-election,2016-12-09,2020-12-15,6,https://pbs.twimg.com/media/CzQfrGwW8AEl70p.jpg,../Scripts/output/guardian/guardian_images/guardian_2016-12-09_guardian_004c45330e_img06.jpg,,,0,,0,,1,broad_candidate
guardian_8e6f2c19d8,The Guardian,2016,"""climate change""","Obama's legacy: Lorrie Moore, Richard Ford, Marilynne Robinson and others look back",https://www.theguardian.com/books/2016/dec/10/obamas-legacy-lorrie-moore-richard-ford-marilynne-robinson-and-more,2016-12-10,2017-11-29,2,https://i.guim.co.uk/img/media/c365a4ec4274be96d83a658dd1e59c631953dc15/41_31_3503_2103/master/3503.jpg?width=445&dpr=1&s=none&crop=none,../Scripts/output/guardian/guardian_images/guardian_2016-12-10_guardian_8e6f2c19d8_img02.jpg,Illustration: EDEL RODRIGUEZ,,0,,0,,1,broad_candidate
guardian_4393cbb1aa,The Guardian,2016,"""climate change""",Squid set to top chippy menus as seawater warms up,https://www.theguardian.com/environment/2016/dec/12/squid-set-to-top-chippy-menu-as-seawater-warms-up-fish-and-chips,2016-12-12,2021-10-29,1,https://i.guim.co.uk/img/media/9718353c93bf45e751a629cf3854ee4c338a0375/0_202_2942_1765/master/2942.jpg?width=465&dpr=1&s=none&crop=none,../Scripts/output/guardian/guardian_images/guardian_2016-12-12_guardian_4393cbb1aa_img01.jpg,Britons may have to adopt a more continental diet as seawater temperatures rise.,,0,,0,,1,broad_candidate
guardian_fba7f20abc,The Guardian,2016,"""climate change""",Raoul Martinez on writing this year's essential text for thinking radicals,https://www.theguardian.com/books/2016/dec/13/raoul-martinez-writing-creating-freedom-artist,2016-12-13,2017-11-25,3,https://i.guim.co.uk/img/media/dd678663aadd1f13808127f2f0c080353da3cd41/16_0_1200_720/master/1200.jpg?width=445&dpr=1&s=none&crop=none,../Scripts/output/guardian/guardian_images/guardian_2016-12-13_guardian_fba7f20abc_img03.jpg,A still from Martinez’s documentary Creating Freedom: The Lottery of Birth.,,0,,0,,1,broad_candidate
guardian_5ab0d07c62,The Guardian,2016,"""climate change""",'I was so hungry I ate water lilies': southern Africa's food crisis in a dozen dishes,https://www.theguardian.com/global-development/2016/dec/17/hungry-ate-water-lilies-southern-africa-food-crisis-dozen-dishes-crop-failure-drought-john-vidal,2016-12-17,2022-10-19,1,https://i.guim.co.uk/img/media/b9f3c55c4e92e4853a629c9fc6ae9fc468b03c78/0_0_4000_2667/master/4000.jpg?width=445&dpr=1&s=none&crop=none,../Scripts/output/guardian/guardian_images/guardian_2016-12-17_guardian_5ab0d07c62_img01.jpg,,,0,,0,,1,broad_candidate
guardian_5ab0d07c62,The Guardian,2016,"""climate change""",'I was so hungry I ate water lilies': southern Africa's food crisis in a dozen dishes,https://www.theguardian.com/global-development/2016/dec/17/hungry-ate-water-lilies-southern-africa-food-crisis-dozen-dishes-crop-failure-drought-john-vidal,2016-12-17,2022-10-19,2,https://i.guim.co.uk/img/media/8ad9a7b39991c18caf273b25e5045c29d06dd968/0_0_4000_2667/master/4000.jpg?width=465&dpr=1&s=none&crop=none,../Scripts/output/guardian/guardian_images/guardian_2016-12-17_guardian_5ab0d07c62_img02.jpg,,,0,,0,,1,broad_candidate
guardian_5ab0d07c62,The Guardian,2016,"""climate change""",'I was so hungry I ate water lilies': southern Africa's food crisis in a dozen dishes,https://www.theguardian.com/global-development/2016/dec/17/hungry-ate-water-lilies-southern-africa-food-crisis-dozen-dishes-crop-failure-drought-john-vidal,2016-12-17,2022-10-19,3,https://i.guim.co.uk/img/media/aab3d35fd31b726e2b40286875000c0060f5011e/0_0_4000_2667/master/4000.jpg?width=445&dpr=1&s=none&crop=none,../Scripts/output/guardian/guardian_images/guardian_2016-12-17_guardian_5ab0d07c62_img03.jpg,,,0,,0,,1,broad_candidate
guardian_5ab0d07c62,The Guardian,2016,"""climate change""",'I was so hungry I ate water lilies': southern Africa's food crisis in a dozen dishes,https://www.theguardian.com/global-development/2016/dec/17/hungry-ate-water-lilies-southern-africa-food-crisis-dozen-dishes-crop-failure-drought-john-vidal,2016-12-17,2022-10-19,5,https://i.guim.co.uk/img/media/c230f280a5f906673832bd3808fcc7c318fd2a19/0_0_4000_2667/master/4000.jpg?width=465&dpr=1&s=none&crop=none,../Scripts/output/guardian/guardian_images/guardian_2016-12-17_guardian_5ab0d07c62_img05.jpg,,,0,,0,,1,broad_candidate
guardian_5ab0d07c62,The Guardian,2016,"""climate change""",'I was so hungry I ate water lilies': southern Africa's food crisis in a dozen dishes,https://www.theguardian.com/global-development/2016/dec/17/hungry-ate-water-lilies-southern-africa-food-crisis-dozen-dishes-crop-failure-drought-john-vidal,2016-12-17,2022-10-19,7,https://i.guim.co.uk/img/media/c2cde7c9da5cfd2e7c8042621ee282d9643cdb3a/0_0_4000_2667/master/4000.jpg?width=445&dpr=1&s=none&crop=none,../Scripts/output/guardian/guardian_images/guardian_2016-12-17_guardian_5ab0d07c62_img07.jpg,,,0,,0,,1,broad_candidate
guardian_5ab0d07c62,The Guardian,2016,"""climate change""",'I was so hungry I ate water lilies': southern Africa's food crisis in a dozen dishes,https://www.theguardian.com/global-development/2016/dec/17/hungry-ate-water-lilies-southern-africa-food-crisis-dozen-dishes-crop-failure-drought-john-vidal,2016-12-17,2022-10-19,8,https://i.guim.co.uk/img/media/507ef2657e61215f159acfaf490c0ed0472221ec/73_0_3631_2667/master/3631.jpg?width=445&dpr=1&s=none&crop=none,../Scripts/output/guardian/guardian_images/guardian_2016-12-17_guardian_5ab0d07c62_img08.jpg,Ushiyama’s meal: a sandwich and fruit,,0,,0,,1,broad_candidate
guardian_5ab0d07c62,The Guardian,2016,"""climate change""",'I was so hungry I ate water lilies': southern Africa's food crisis in a dozen dishes,https://www.theguardian.com/global-development/2016/dec/17/hungry-ate-water-lilies-southern-africa-food-crisis-dozen-dishes-crop-failure-drought-john-vidal,2016-12-17,2022-10-19,9,https://i.guim.co.uk/img/media/6c91ffaffcc60a8847d4e76b5f7ad8222cfbd7cb/0_0_4000_2667/master/4000.jpg?width=465&dpr=1&s=none&crop=none,../Scripts/output/guardian/guardian_images/guardian_2016-12-17_guardian_5ab0d07c62_img09.jpg,,,0,,0,,1,broad_candidate
guardian_5ab0d07c62,The Guardian,2016,"""climate change""",'I was so hungry I ate water lilies': southern Africa's food crisis in a dozen dishes,https://www.theguardian.com/global-development/2016/dec/17/hungry-ate-water-lilies-southern-africa-food-crisis-dozen-dishes-crop-failure-drought-john-vidal,2016-12-17,2022-10-19,10,https://i.guim.co.uk/img/media/6ca2f15f68925d463093c9561f08532514fa9091/0_0_4000_2667/master/4000.jpg?width=465&dpr=1&s=none&crop=none,../Scripts/output/guardian/guardian_images/guardian_2016-12-17_guardian_5ab0d07c62_img10.jpg,,,0,,0,,1,broad_candidate
guardian_5ab0d07c62,The Guardian,2016,"""climate change""",'I was so hungry I ate water lilies': southern Africa's food crisis in a dozen dishes,https://www.theguardian.com/global-development/2016/dec/17/hungry-ate-water-lilies-southern-africa-food-crisis-dozen-dishes-crop-failure-drought-john-vidal,2016-12-17,2022-10-19,11,https://i.guim.co.uk/img/media/d81f318c18d7e167ecb3420e24852a63c30d14fe/0_0_4000_2667/master/4000.jpg?width=445&dpr=1&s=none&crop=none,../Scripts/output/guardian/guardian_images/guardian_2016-12-17_guardian_5ab0d07c62_img11.jpg,Gordon’s meal of salad ingredients,,0,,0,,1,broad_candidate
guardian_5ab0d07c62,The Guardian,2016,"""climate change""",'I was so hungry I ate water lilies': southern Africa's food crisis in a dozen dishes,https://www.theguardian.com/global-development/2016/dec/17/hungry-ate-water-lilies-southern-africa-food-crisis-dozen-dishes-crop-failure-drought-john-vidal,2016-12-17,2022-10-19,12,https://i.guim.co.uk/img/media/e88694fa184f58e3b4493e4e99bf9efda8b51fcf/0_0_4000_2667/master/4000.jpg?width=445&dpr=1&s=none&crop=none,../Scripts/output/guardian/guardian_images/guardian_2016-12-17_guardian_5ab0d07c62_img12.jpg,,,0,,0,,1,broad_candidate
guardian_5ab0d07c62,The Guardian,2016,"""climate change""",'I was so hungry I ate water lilies': southern Africa's food crisis in a dozen dishes,https://www.theguardian.com/global-development/2016/dec/17/hungry-ate-water-lilies-southern-africa-food-crisis-dozen-dishes-crop-failure-drought-john-vidal,2016-12-17,2022-10-19,13,https://i.guim.co.uk/img/media/576442e994a00bf3fa31411be188b785330c6a12/0_0_4000_2667/master/4000.jpg?width=465&dpr=1&s=none&crop=none,../Scripts/output/guardian/guardian_images/guardian_2016-12-17_guardian_5ab0d07c62_img13.jpg,,,0,,0,,1,broad_candidate
guardian_5ab0d07c62,The Guardian,2016,"""climate change""",'I was so hungry I ate water lilies': southern Africa's food crisis in a dozen dishes,https://www.theguardian.com/global-development/2016/dec/17/hungry-ate-water-lilies-southern-africa-food-crisis-dozen-dishes-crop-failure-drought-john-vidal,2016-12-17,2022-10-19,14,https://i.guim.co.uk/img/media/2754d6c7d766c87c2c9df4ea86fa71730b46df2c/0_0_4000_2667/master/4000.jpg?width=445&dpr=1&s=none&crop=none,../Scripts/output/guardian/guardian_images/guardian_2016-12-17_guardian_5ab0d07c62_img14.jpg,Nordin’s meal of home-grown fruit and veg,,0,,0,,1,broad_candidate
guardian_5ab0d07c62,The Guardian,2016,"""climate change""",'I was so hungry I ate water lilies': southern Africa's food crisis in a dozen dishes,https://www.theguardian.com/global-development/2016/dec/17/hungry-ate-water-lilies-southern-africa-food-crisis-dozen-dishes-crop-failure-drought-john-vidal,2016-12-17,2022-10-19,15,https://i.guim.co.uk/img/media/5c41956abcc0f5eedd87a66925c2da525a5909d0/0_0_4000_2667/master/4000.jpg?width=445&dpr=1&s=none&crop=none,../Scripts/output/guardian/guardian_images/guardian_2016-12-17_guardian_5ab0d07c62_img15.jpg,,,0,,0,,1,broad_candidate
guardian_5ab0d07c62,The Guardian,2016,"""climate change""",'I was so hungry I ate water lilies': southern Africa's food crisis in a dozen dishes,https://www.theguardian.com/global-development/2016/dec/17/hungry-ate-water-lilies-southern-africa-food-crisis-dozen-dishes-crop-failure-drought-john-vidal,2016-12-17,2022-10-19,16,https://i.guim.co.uk/img/media/bc476fb0a4b3dcc092ae0bfc9d5830f81a911362/0_0_4000_2667/master/4000.jpg?width=465&dpr=1&s=none&crop=none,../Scripts/output/guardian/guardian_images/guardian_2016-12-17_guardian_5ab0d07c62_img16.jpg,,,0,,0,,1,broad_candidate
guardian_5ab0d07c62,The Guardian,2016,"""climate change""",'I was so hungry I ate water lilies': southern Africa's food crisis in a dozen dishes,https://www.theguardian.com/global-development/2016/dec/17/hungry-ate-water-lilies-southern-africa-food-crisis-dozen-dishes-crop-failure-drought-john-vidal,2016-12-17,2022-10-19,17,https://i.guim.co.uk/img/media/4aaebf976e483c28c64551f556d8548a4212d27b/0_0_4000_2667/master/4000.jpg?width=445&dpr=1&s=none&crop=none,../Scripts/output/guardian/guardian_images/guardian_2016-12-17_guardian_5ab0d07c62_img17.jpg,,,0,,0,,1,broad_candidate
guardian_d3d76f28ee,The Guardian,2016,"""climate change""",Lexus RX 450h car review – ‘It’s right on and a status vehicle’,https://www.theguardian.com/technology/2016/dec/17/lexus--rx-450h-car-review,2016-12-17,2017-12-01,1,https://i.guim.co.uk/img/media/e6168efbb4b9a5cea9c66da3e1abeb70cf60f8db/1118_1657_5954_3572/master/5954.jpg?width=465&dpr=1&s=none&crop=none,../Scripts/output/guardian/guardian_images/guardian_2016-12-17_guardian_d3d76f28ee_img01.jpg,Lexus RX 450h.,,0,,0,,1,broad_candidate
guardian_d3d76f28ee,The Guardian,2016,"""climate change""",Lexus RX 450h car review – ‘It’s right on and a status vehicle’,https://www.theguardian.com/technology/2016/dec/17/lexus--rx-450h-car-review,2016-12-17,2017-12-01,2,https://i.guim.co.uk/img/media/a687ca6ad697d7a5b3dc3dccf0c0a9ed2ea6642b/1187_0_2669_2670/master/2669.jpg?width=120&dpr=1&s=none&crop=none,../Scripts/output/guardian/guardian_images/guardian_2016-12-17_guardian_d3d76f28ee_img02.jpg,,,0,,0,,1,broad_candidate
guardian_bb18e3da98,The Guardian,2016,"""climate change""",Farmers in Sudan battle climate change and hunger as desert creeps closer,https://www.theguardian.com/global-development/2016/dec/19/sudan-faremers-battle-climate-change-hunger-desertification,2016-12-19,2022-10-19,2,https://i.guim.co.uk/img/media/355b632d0b64122f3201cf0693a4115fb2e8398e/0_0_4032_3024/master/4032.jpg?width=445&dpr=1&s=none&crop=none,../Scripts/output/guardian/guardian_images/guardian_2016-12-19_guardian_bb18e3da98_img02.jpg,"A farmer checks fields of sorghum, sesame and maize in Gedaref state",,0,,0,,1,broad_candidate
guardian_bb18e3da98,The Guardian,2016,"""climate change""",Farmers in Sudan battle climate change and hunger as desert creeps closer,https://www.theguardian.com/global-development/2016/dec/19/sudan-faremers-battle-climate-change-hunger-desertification,2016-12-19,2022-10-19,3,https://i.guim.co.uk/img/media/812d0864b661132f6b016d430c7ce416f20524d4/0_0_7360_4912/master/7360.jpg?width=445&dpr=1&s=none&crop=none,../Scripts/output/guardian/guardian_images/guardian_2016-12-19_guardian_bb18e3da98_img03.jpg,The ‘women’s garden’ in Wad Hassan village,,0,,0,,1,broad_candidate
guardian_e48185ba9f,The Guardian,2016,"""climate change""",The seven deadly things we’re doing to trash the planet (and human life with it),https://www.theguardian.com/commentisfree/2016/dec/19/seven-deadly-things-trash-planet-human-life,2016-12-19,2021-10-29,1,https://i.guim.co.uk/img/media/cdf0afc53ccfe31939bffb5b65d28d4e704f0f3e/0_0_2560_1536/master/2560.jpg?width=465&dpr=1&s=none&crop=none,../Scripts/output/guardian/guardian_images/guardian_2016-12-19_guardian_e48185ba9f_img01.jpg,Illustration by Jasper Rietman,,0,,0,,1,broad_candidate
guardian_48edfd71fc,The Guardian,2016,"""climate change""","Teargas, trees and oil: my life in the greatest job on earth",https://www.theguardian.com/environment/2016/dec/23/john-vidal-environment-editor-greatest-job-on-earth,2016-12-23,2022-10-19,3,https://i.guim.co.uk/img/media/ae99a390233318dfb017b0c516a846ae24fab1bc/58_31_4784_3212/master/4784.jpg?width=445&dpr=1&s=none&crop=none,../Scripts/output/guardian/guardian_images/guardian_2016-12-23_guardian_48edfd71fc_img03.jpg,Vidal with protesters at the Newbury bypass in the mid-1990s.,,0,,0,,1,broad_candidate
guardian_48edfd71fc,The Guardian,2016,"""climate change""","Teargas, trees and oil: my life in the greatest job on earth",https://www.theguardian.com/environment/2016/dec/23/john-vidal-environment-editor-greatest-job-on-earth,2016-12-23,2022-10-19,5,https://i.guim.co.uk/img/media/b59c8f83e56676d5c566292e22c8e451bbf7ae10/0_0_1993_1488/master/1993.jpg?width=445&dpr=1&s=none&crop=none,../Scripts/output/guardian/guardian_images/guardian_2016-12-23_guardian_48edfd71fc_img05.jpg,"Vidal visiting the experimental solar thermal power plant on the outskirts of Masdar, UAE, in 2011.",,0,,0,,1,broad_candidate
guardian_5fa8237c9f,The Guardian,2016,"""climate change""",Good to meet you… Eleanor Jackson,https://www.theguardian.com/theguardian/2016/dec/23/good-to-meet-you-eleanor-jackson,2016-12-23,2017-11-28,1,https://i.guim.co.uk/img/media/4dd16f1379a0affdf3b369beac05be0767ebb320/642_471_2813_1688/master/2813.jpg?width=465&dpr=1&s=none&crop=none,../Scripts/output/guardian/guardian_images/guardian_2016-12-23_guardian_5fa8237c9f_img01.jpg,Good to meet you… Eleanor Jackson,,0,,0,,1,broad_candidate
guardian_fdb01cf066,The Guardian,2016,"""climate change""","Weekend reading: Conspiracies, podcasts and how to win a row",https://www.theguardian.com/membership/live/2016/dec/24/weekend-reading-conspiracies-podcasts-and-how-to-win-a-row,2016-12-24,2018-03-30,4,https://i.guim.co.uk/img/media/ad6a1990d3d329af6a725985eab03889d53f8981/71_216_4640_2784/master/4640.jpg?width=300&quality=85&auto=format&fit=max&s=7b5f40f8b2b4a5021d0663dff41b84c9,../Scripts/output/guardian/guardian_images/guardian_2016-12-24_guardian_fdb01cf066_img04.jpg,Illustration: Pete Gamlen,,0,,0,,1,broad_candidate
guardian_fdb01cf066,The Guardian,2016,"""climate change""","Weekend reading: Conspiracies, podcasts and how to win a row",https://www.theguardian.com/membership/live/2016/dec/24/weekend-reading-conspiracies-podcasts-and-how-to-win-a-row,2016-12-24,2018-03-30,9,https://i.guim.co.uk/img/media/351088ddb72d3de90ffd08534727ef00ddc57a31/17_10_2683_1610/master/2683.jpg?width=300&quality=85&auto=format&fit=max&s=e70594aa96f900c3dc70850c8a42cca4,../Scripts/output/guardian/guardian_images/guardian_2016-12-24_guardian_fdb01cf066_img09.jpg,Composite: The Guardian,,0,,0,,1,broad_candidate
guardian_76078b5a92,The Guardian,2016,"""climate change""",The Guardian view on democracy: an uncertain year,https://www.theguardian.com/commentisfree/2016/dec/25/the-guardian-view-on-democracy-an-uncertain-year,2016-12-25,2020-02-03,1,https://i.guim.co.uk/img/media/d0c9da6cd51c52480b99d3a58b429e244462b0e9/0_208_2048_1229/master/2048.jpg?width=465&dpr=1&s=none&crop=none,../Scripts/output/guardian/guardian_images/guardian_2016-12-25_guardian_76078b5a92_img01.jpg,"Donald Trump and Nigel Farage in New York last month. ‘If our democracy is to function as something more than a shell, it needs to be stitched back into citizens’ lives.’",,0,,0,,1,broad_candidate
guardian_b498ac06d8,The Guardian,2016,"""climate change""",'Cloud fishing' reels in precious water for villagers in rural Morocco,https://www.theguardian.com/global-development/2016/dec/26/cloud-fishing-reels-in-precious-water-villagers-rural-morocco-dar-si-hmad,2016-12-26,2022-10-19,2,https://i.guim.co.uk/img/media/f7eb89fe8664f38ea2ab4602f20a424f91c0bf86/0_75_1675_1005/master/1675.jpg?width=445&dpr=1&s=none&crop=none,../Scripts/output/guardian/guardian_images/guardian_2016-12-26_guardian_b498ac06d8_img02.jpg,"Once seen as a bad thing by villagers in Sidi Ifni, fog is now captured to provide water",,0,,0,,1,broad_candidate
guardian_b498ac06d8,The Guardian,2016,"""climate change""",'Cloud fishing' reels in precious water for villagers in rural Morocco,https://www.theguardian.com/global-development/2016/dec/26/cloud-fishing-reels-in-precious-water-villagers-rural-morocco-dar-si-hmad,2016-12-26,2022-10-19,3,https://i.guim.co.uk/img/media/b513d6172bd59382a8a2289e38d551f49ddfb627/0_0_3504_2336/master/3504.jpg?width=445&dpr=1&s=none&crop=none,../Scripts/output/guardian/guardian_images/guardian_2016-12-26_guardian_b498ac06d8_img03.jpg,"Nets capture moisture, which is collected and filtered, and then mixed with underground water",,0,,0,,1,broad_candidate
guardian_20e369de9d,The Guardian,2016,"""climate change""",Balls to Blair: top 10 unpopular politicians’ comebacks of 2016,https://www.theguardian.com/politics/2016/dec/27/balls-to-blair-2016-year-unpopular-politician-comebacks,2016-12-27,2019-07-10,1,https://i.guim.co.uk/img/media/ce073507b9ebddf55b724af553ebaac29ec30a60/21_24_2517_1510/master/2517.jpg?width=465&dpr=1&s=none&crop=none,../Scripts/output/guardian/guardian_images/guardian_2016-12-27_guardian_20e369de9d_img01.jpg,"You say goodbye and I say hello … Iain Duncan Smith, Andrea Leadsom, David Davis. Composite: PA, Barcroft",,0,,0,,1,broad_candidate
guardian_deecd8a512,The Guardian,2016,"""climate change""","Climate deniers, conspiracists and one-percenters: Trump's cabinet of characters",https://www.theguardian.com/us-news/2016/dec/28/donald-trump-cabinet-climate-deniers-conspiracy-wealth,2016-12-29,2021-08-25,1,https://i.guim.co.uk/img/media/0a75c3b947d08ab0872acd172d9fc46d9ec47bd5/0_0_320_320/master/320.png?width=120&dpr=1&s=none&crop=none,../Scripts/output/guardian/guardian_images/guardian_2016-12-29_guardian_deecd8a512_img01.png,,,0,,0,,1,broad_candidate
guardian_deecd8a512,The Guardian,2016,"""climate change""","Climate deniers, conspiracists and one-percenters: Trump's cabinet of characters",https://www.theguardian.com/us-news/2016/dec/28/donald-trump-cabinet-climate-deniers-conspiracy-wealth,2016-12-29,2021-08-25,2,https://i.guim.co.uk/img/media/b62f994181aa7fa74823835ae12e2888a80b0645/0_0_320_320/master/320.png?width=120&dpr=1&s=none&crop=none,../Scripts/output/guardian/guardian_images/guardian_2016-12-29_guardian_deecd8a512_img02.png,,,0,,0,,1,broad_candidate
guardian_deecd8a512,The Guardian,2016,"""climate change""","Climate deniers, conspiracists and one-percenters: Trump's cabinet of characters",https://www.theguardian.com/us-news/2016/dec/28/donald-trump-cabinet-climate-deniers-conspiracy-wealth,2016-12-29,2021-08-25,3,https://i.guim.co.uk/img/media/faf0d0b6dcf711b1d7c4dd64dda0a23ec2b7129e/0_0_320_320/master/320.png?width=120&dpr=1&s=none&crop=none,../Scripts/output/guardian/guardian_images/guardian_2016-12-29_guardian_deecd8a512_img03.png,,,0,,0,,1,broad_candidate
guardian_deecd8a512,The Guardian,2016,"""climate change""","Climate deniers, conspiracists and one-percenters: Trump's cabinet of characters",https://www.theguardian.com/us-news/2016/dec/28/donald-trump-cabinet-climate-deniers-conspiracy-wealth,2016-12-29,2021-08-25,4,https://i.guim.co.uk/img/media/16e4ef92ca9022d3cb6d20331ed11de925498d84/0_0_320_320/master/320.png?width=120&dpr=1&s=none&crop=none,../Scripts/output/guardian/guardian_images/guardian_2016-12-29_guardian_deecd8a512_img04.png,,,0,,0,,1,broad_candidate
guardian_deecd8a512,The Guardian,2016,"""climate change""","Climate deniers, conspiracists and one-percenters: Trump's cabinet of characters",https://www.theguardian.com/us-news/2016/dec/28/donald-trump-cabinet-climate-deniers-conspiracy-wealth,2016-12-29,2021-08-25,5,https://i.guim.co.uk/img/media/e22ae115e451978649ee8d1da65deec88ae51c4c/0_0_320_320/master/320.png?width=120&dpr=1&s=none&crop=none,../Scripts/output/guardian/guardian_images/guardian_2016-12-29_guardian_deecd8a512_img05.png,,,0,,0,,1,broad_candidate
guardian_deecd8a512,The Guardian,2016,"""climate change""","Climate deniers, conspiracists and one-percenters: Trump's cabinet of characters",https://www.theguardian.com/us-news/2016/dec/28/donald-trump-cabinet-climate-deniers-conspiracy-wealth,2016-12-29,2021-08-25,6,https://i.guim.co.uk/img/media/4893a33aa4ab4400aae3bf45361b207349d1b83a/0_0_320_320/master/320.png?width=120&dpr=1&s=none&crop=none,../Scripts/output/guardian/guardian_images/guardian_2016-12-29_guardian_deecd8a512_img06.png,,,0,,0,,1,broad_candidate
guardian_deecd8a512,The Guardian,2016,"""climate change""","Climate deniers, conspiracists and one-percenters: Trump's cabinet of characters",https://www.theguardian.com/us-news/2016/dec/28/donald-trump-cabinet-climate-deniers-conspiracy-wealth,2016-12-29,2021-08-25,7,https://i.guim.co.uk/img/media/943963f984109bda18dc2461dbd75d939bc1c1c3/0_0_320_320/master/320.png?width=120&dpr=1&s=none&crop=none,../Scripts/output/guardian/guardian_images/guardian_2016-12-29_guardian_deecd8a512_img07.png,,,0,,0,,1,broad_candidate
guardian_deecd8a512,The Guardian,2016,"""climate change""","Climate deniers, conspiracists and one-percenters: Trump's cabinet of characters",https://www.theguardian.com/us-news/2016/dec/28/donald-trump-cabinet-climate-deniers-conspiracy-wealth,2016-12-29,2021-08-25,8,https://i.guim.co.uk/img/media/10454b5c9ed69b9e9a156da99b417368c5639ea8/0_0_320_320/master/320.png?width=120&dpr=1&s=none&crop=none,../Scripts/output/guardian/guardian_images/guardian_2016-12-29_guardian_deecd8a512_img08.png,,,0,,0,,1,broad_candidate
guardian_deecd8a512,The Guardian,2016,"""climate change""","Climate deniers, conspiracists and one-percenters: Trump's cabinet of characters",https://www.theguardian.com/us-news/2016/dec/28/donald-trump-cabinet-climate-deniers-conspiracy-wealth,2016-12-29,2021-08-25,9,https://i.guim.co.uk/img/media/b3bf84f6dd703aab4d759c14ae25f9381b73446f/0_0_320_320/master/320.png?width=120&dpr=1&s=none&crop=none,../Scripts/output/guardian/guardian_images/guardian_2016-12-29_guardian_deecd8a512_img09.png,,,0,,0,,1,broad_candidate
guardian_deecd8a512,The Guardian,2016,"""climate change""","Climate deniers, conspiracists and one-percenters: Trump's cabinet of characters",https://www.theguardian.com/us-news/2016/dec/28/donald-trump-cabinet-climate-deniers-conspiracy-wealth,2016-12-29,2021-08-25,10,https://i.guim.co.uk/img/media/75f08d3fd42e0ece7c077b3672cafc3371daae83/0_0_320_320/master/320.png?width=120&dpr=1&s=none&crop=none,../Scripts/output/guardian/guardian_images/guardian_2016-12-29_guardian_deecd8a512_img10.png,,,0,,0,,1,broad_candidate
guardian_deecd8a512,The Guardian,2016,"""climate change""","Climate deniers, conspiracists and one-percenters: Trump's cabinet of characters",https://www.theguardian.com/us-news/2016/dec/28/donald-trump-cabinet-climate-deniers-conspiracy-wealth,2016-12-29,2021-08-25,11,https://i.guim.co.uk/img/media/49e34e161776c377c76b652d82a3953797aa99ea/0_0_320_320/master/320.png?width=120&dpr=1&s=none&crop=none,../Scripts/output/guardian/guardian_images/guardian_2016-12-29_guardian_deecd8a512_img11.png,,,0,,0,,1,broad_candidate
guardian_deecd8a512,The Guardian,2016,"""climate change""","Climate deniers, conspiracists and one-percenters: Trump's cabinet of characters",https://www.theguardian.com/us-news/2016/dec/28/donald-trump-cabinet-climate-deniers-conspiracy-wealth,2016-12-29,2021-08-25,12,https://i.guim.co.uk/img/media/9b7f4839dc539fe921806c379c8dd6672a184a9d/0_0_320_320/master/320.png?width=120&dpr=1&s=none&crop=none,../Scripts/output/guardian/guardian_images/guardian_2016-12-29_guardian_deecd8a512_img12.png,,,0,,0,,1,broad_candidate
guardian_deecd8a512,The Guardian,2016,"""climate change""","Climate deniers, conspiracists and one-percenters: Trump's cabinet of characters",https://www.theguardian.com/us-news/2016/dec/28/donald-trump-cabinet-climate-deniers-conspiracy-wealth,2016-12-29,2021-08-25,14,https://i.guim.co.uk/img/media/5888766db621fc9f884a894806e8383e150af4d1/0_0_320_320/master/320.png?width=120&dpr=1&s=none&crop=none,../Scripts/output/guardian/guardian_images/guardian_2016-12-29_guardian_deecd8a512_img14.png,,,0,,0,,1,broad_candidate
guardian_cdb564d9cc,The Guardian,2016,"""climate change""","If you think a progressive alliance will save us, better think again",https://www.theguardian.com/commentisfree/2016/dec/30/progressive-alliance-labour-tories,2016-12-30,2017-11-28,1,https://i.guim.co.uk/img/media/7ef976e7b736ad22d2e81ea3fea918c25365e8ac/0_0_2560_1536/master/2560.jpg?width=465&dpr=1&s=none&crop=none,../Scripts/output/guardian/guardian_images/guardian_2016-12-30_guardian_cdb564d9cc_img01.jpg,Illustration by Nicola Jennings,,0,,0,,1,broad_candidate
guardian_d51c24d81c,The Guardian,2016,"""climate change""",Our favourite global development stories of 2016,https://www.theguardian.com/global-development-professionals-network/2016/dec/30/favourite-global-development-stories-2016,2016-12-30,2025-02-07,4,https://i.guim.co.uk/img/media/01dfe542c54e2854c40ec2bad8c6537b53ab4de1/244_0_1467_880/master/1467.jpg?width=445&dpr=1&s=none&crop=none,../Scripts/output/guardian/guardian_images/guardian_2016-12-30_guardian_d51c24d81c_img04.jpg,"‘When you’re desperate and dependent, with no rights and no resources, you spend a lot of time queuing’ - from seven sketches inspired by Athens’s refugee squats. Illustration: Ella Baron",,0,,0,,1,broad_candidate
guardian_d5be54b3ea,The Guardian,2016,"""climate change""",‘Get that lie off your bus’: the year’s best slapdowns,https://www.theguardian.com/news/2016/dec/27/get-that-lie-off-your-bus-year-best-slapdowns,2016-12-27,2017-11-25,1,https://i.guim.co.uk/img/media/292f375b1d0a744a2c697e00984a616a2cc8b0c6/0_5_2552_1531/master/2552.jpg?width=465&dpr=1&s=none&crop=none,../Scripts/output/guardian/guardian_images/guardian_2016-12-27_guardian_d5be54b3ea_img01.jpg,"Bon mots … Chris Rock, Angela Eagle and Andy Murray. Composite: Getty/Rex",,0,,1,getty,1,broad_candidate
guardian_03da253d91,The Guardian,2016,"""climate change""",Why entertainment may have saved 2016 from oblivion,https://www.theguardian.com/culture/2016/dec/28/entertainment-film-music-tv-2016-oblivion,2016-12-28,2018-05-24,1,https://i.guim.co.uk/img/media/a7732938cd9d81c60033fcb54cffb861ace4bea8/0_0_2560_1536/master/2560.jpg?width=465&dpr=1&s=none&crop=none,../Scripts/output/guardian/guardian_images/guardian_2016-12-28_guardian_03da253d91_img01.jpg,"The highs: Chance the Rapper, Transparent, Moonlight and Captain America: Civil War. Composite: getty",,0,,1,getty,1,broad_candidate
guardian_a3f044ca44,The Guardian,2016,"""climate change""",Trump’s relationship with Russia – what we know and what comes next,https://www.theguardian.com/us-news/2016/dec/13/donald-trump-russia-vladimir-putin-us-election-hack,2016-12-13,2018-02-09,1,https://i.guim.co.uk/img/media/66af80f34797a4ace39407b238c969ccc06957c1/0_0_5000_3000/master/5000.jpg?width=465&dpr=1&s=none&crop=none,../Scripts/output/guardian/guardian_images/guardian_2016-12-13_guardian_a3f044ca44_img01.jpg,"After Donald Trump won the election, Vladimir Putin called for a new era of ‘fully fledged relations’ between Russia and the United States. Composite: Getty Images & Reuters",,0,,2,getty|reuters,1,broad_candidate
