article_id,newspaper,year_window,search_term,article_title,article_url,published_date,updated_date,image_index,image_url,local_image_path,caption,credit,positive_chart_signal_count,positive_chart_signals,negative_photo_signal_count,negative_photo_signals,review_priority,auto_review_label
d9c13dc7-fe19-551e-96b2-d14dfb53d0dc,The New York Times,2023,"""carbon budget""",Hurricanes of Data: The Tiny Craft Mapping Superstorms at Sea,https://www.nytimes.com/interactive/2023/05/09/magazine/hurricane-saildrone.html,2023-05-09,,1,https://static01.nyt.com/images/2023/05/14/magazine/14mag-superstorms/14mag-superstorms-articleLarge.jpg,../Scripts/output/nytimes/nytimes_images/nytimes_2023-05-09_d9c13dc7-fe19-551e-96b2-d14dfb53d0dc_img01.jpg,,,2,data|map,0,,0,likely_visualization
d9c13dc7-fe19-551e-96b2-d14dfb53d0dc,The New York Times,2023,"""carbon budget""",Hurricanes of Data: The Tiny Craft Mapping Superstorms at Sea,https://www.nytimes.com/interactive/2023/05/09/magazine/hurricane-saildrone.html,2023-05-09,,2,https://static01.nyt.com/images/2023/05/14/magazine/14mag-superstorms/14mag-superstorms-thumbStandard-v2.jpg,../Scripts/output/nytimes/nytimes_images/nytimes_2023-05-09_d9c13dc7-fe19-551e-96b2-d14dfb53d0dc_img02.jpg,,,2,data|map,0,,0,likely_visualization
08488e25-a43c-5c71-b2c0-29ed1017021f,The New York Times,2023,"""global temperature""",Over 75 New York Times Graphs for Students to Analyze,https://www.nytimes.com/2023/07/26/learning/over-75-new-york-times-graphs-for-students-to-analyze.html,2023-07-26,,1,https://static01.nyt.com/images/2023/06/08/learning/ClimateRiskMapLN2/ClimateRiskMapLN2-articleLarge-v2.png,../Scripts/output/nytimes/nytimes_images/nytimes_2023-07-26_08488e25-a43c-5c71-b2c0-29ed1017021f_img01.png,,,2,graph|map,0,,0,likely_visualization
08488e25-a43c-5c71-b2c0-29ed1017021f,The New York Times,2023,"""global temperature""",Over 75 New York Times Graphs for Students to Analyze,https://www.nytimes.com/2023/07/26/learning/over-75-new-york-times-graphs-for-students-to-analyze.html,2023-07-26,,2,https://static01.nyt.com/images/2023/06/08/learning/ClimateRiskMapLN2/ClimateRiskMapLN2-thumbStandard-v2.png,../Scripts/output/nytimes/nytimes_images/nytimes_2023-07-26_08488e25-a43c-5c71-b2c0-29ed1017021f_img02.png,,,2,graph|map,0,,0,likely_visualization
d6f6e81d-d371-5107-ac78-e56d0434b517,The New York Times,2023,"""global temperature""",This Summer Is Pointing Us Toward Uncharted Territory,https://www.nytimes.com/2023/08/02/opinion/columnists/climate-change-summer-heat.html,2023-08-02,,1,https://static01.nyt.com/images/2023/08/04/opinion/02wallace-wells-image/02wallace-wells-image-articleLarge.jpg,../Scripts/output/nytimes/nytimes_images/nytimes_2023-08-02_d6f6e81d-d371-5107-ac78-e56d0434b517_img01.jpg,,,1,chart,0,,0,likely_visualization
d6f6e81d-d371-5107-ac78-e56d0434b517,The New York Times,2023,"""global temperature""",This Summer Is Pointing Us Toward Uncharted Territory,https://www.nytimes.com/2023/08/02/opinion/columnists/climate-change-summer-heat.html,2023-08-02,,2,https://static01.nyt.com/images/2023/08/04/opinion/02wallace-wells-image/02wallace-wells-image-thumbStandard.jpg,../Scripts/output/nytimes/nytimes_images/nytimes_2023-08-02_d6f6e81d-d371-5107-ac78-e56d0434b517_img02.jpg,,,1,chart,0,,0,likely_visualization
e208fef5-2c5c-5398-9215-66b6a1f7f565,The New York Times,2023,"""global temperature""",What’s Going On in This Graph? | Global Record Temperatures,https://www.nytimes.com/2023/09/07/learning/whats-going-on-in-this-graph-sept-13-2023.html,2023-09-07,,1,https://static01.nyt.com/images/2023/09/06/learning/HeatWaveGraphLN/HeatWaveGraphLN-articleLarge.png,../Scripts/output/nytimes/nytimes_images/nytimes_2023-09-07_e208fef5-2c5c-5398-9215-66b6a1f7f565_img01.png,,,1,graph,0,,0,likely_visualization
e208fef5-2c5c-5398-9215-66b6a1f7f565,The New York Times,2023,"""global temperature""",What’s Going On in This Graph? | Global Record Temperatures,https://www.nytimes.com/2023/09/07/learning/whats-going-on-in-this-graph-sept-13-2023.html,2023-09-07,,2,https://static01.nyt.com/images/2023/09/06/learning/HeatWaveGraphLN/HeatWaveGraphLN-thumbStandard.png,../Scripts/output/nytimes/nytimes_images/nytimes_2023-09-07_e208fef5-2c5c-5398-9215-66b6a1f7f565_img02.png,,,1,graph,0,,0,likely_visualization
25a60b83-4ef8-5f92-b057-f753881d7cbc,The New York Times,2023,"""sea level rise""",I Study Climate Change. The Data Is Telling Us Something New.,https://www.nytimes.com/2023/10/13/opinion/climate-change-excessive-heat-2023.html,2023-10-13,,1,https://static01.nyt.com/images/2023/10/12/multimedia/2023-10-05-hausfather-climate-record-index/2023-10-05-hausfather-climate-record-index-articleLarge-v3.png,../Scripts/output/nytimes/nytimes_images/nytimes_2023-10-13_25a60b83-4ef8-5f92-b057-f753881d7cbc_img01.png,,,1,data,0,,0,likely_visualization
25a60b83-4ef8-5f92-b057-f753881d7cbc,The New York Times,2023,"""sea level rise""",I Study Climate Change. The Data Is Telling Us Something New.,https://www.nytimes.com/2023/10/13/opinion/climate-change-excessive-heat-2023.html,2023-10-13,,2,https://static01.nyt.com/images/2023/10/12/multimedia/2023-10-05-hausfather-climate-record-index/2023-10-05-hausfather-climate-record-index-thumbStandard-v3.png,../Scripts/output/nytimes/nytimes_images/nytimes_2023-10-13_25a60b83-4ef8-5f92-b057-f753881d7cbc_img02.png,,,1,data,0,,0,likely_visualization
b42cb776-6097-5892-9bd0-d1a109a3e33c,The New York Times,2023,"""climate change""",10 Data Points and Documents That Made Us 🤔 in 2023,https://www.nytimes.com/interactive/2023/12/30/upshot/2023-year-in-review.html,2023-12-30,,1,https://static01.nyt.com/images/2023/12/29/multimedia/2023-12-21-upshot-year-end-index/2023-12-21-upshot-year-end-index-articleLarge-v2.jpg,../Scripts/output/nytimes/nytimes_images/nytimes_2023-12-30_b42cb776-6097-5892-9bd0-d1a109a3e33c_img01.jpg,,,1,data,0,,0,likely_visualization
b42cb776-6097-5892-9bd0-d1a109a3e33c,The New York Times,2023,"""climate change""",10 Data Points and Documents That Made Us 🤔 in 2023,https://www.nytimes.com/interactive/2023/12/30/upshot/2023-year-in-review.html,2023-12-30,,2,https://static01.nyt.com/images/2023/12/29/multimedia/2023-12-21-upshot-year-end-index/2023-12-21-upshot-year-end-index-thumbStandard-v2.jpg,../Scripts/output/nytimes/nytimes_images/nytimes_2023-12-30_b42cb776-6097-5892-9bd0-d1a109a3e33c_img02.jpg,,,1,data,0,,0,likely_visualization
de0cc7bd-e75c-53da-8070-61aa679fc2f9,The New York Times,2023,"""carbon budget""",Has the Amazon Reached Its ‘Tipping Point’?,https://www.nytimes.com/2023/01/04/magazine/amazon-tipping-point.html,2023-01-04,,1,https://static01.nyt.com/images/2023/01/08/magazine/08mag-Amazon1-White/08mag-Amazon1-White-articleLarge-v2.jpg,../Scripts/output/nytimes/nytimes_images/nytimes_2023-01-04_de0cc7bd-e75c-53da-8070-61aa679fc2f9_img01.jpg,,,0,,0,,1,broad_candidate
de0cc7bd-e75c-53da-8070-61aa679fc2f9,The New York Times,2023,"""carbon budget""",Has the Amazon Reached Its ‘Tipping Point’?,https://www.nytimes.com/2023/01/04/magazine/amazon-tipping-point.html,2023-01-04,,2,https://static01.nyt.com/images/2023/01/08/magazine/08mag-Amazon1-White/08mag-Amazon1-White-thumbStandard-v2.jpg,../Scripts/output/nytimes/nytimes_images/nytimes_2023-01-04_de0cc7bd-e75c-53da-8070-61aa679fc2f9_img02.jpg,,,0,,0,,1,broad_candidate
0f00067d-d889-5505-80a8-c8b1ea341520,The New York Times,2023,IPCC,"Asia Has Had a Really Cold Month, Courtesy of the Polar Vortex",https://www.nytimes.com/2023/01/27/world/asia/asia-extreme-cold-weather.html,2023-01-27,,1,https://static01.nyt.com/images/2023/01/27/multimedia/27xp-asia-coldsnap-01-vkzh/27xp-asia-coldsnap-01-vkzh-articleLarge.jpg,../Scripts/output/nytimes/nytimes_images/nytimes_2023-01-27_0f00067d-d889-5505-80a8-c8b1ea341520_img01.jpg,,,0,,0,,1,broad_candidate
0f00067d-d889-5505-80a8-c8b1ea341520,The New York Times,2023,IPCC,"Asia Has Had a Really Cold Month, Courtesy of the Polar Vortex",https://www.nytimes.com/2023/01/27/world/asia/asia-extreme-cold-weather.html,2023-01-27,,2,https://static01.nyt.com/images/2023/01/27/multimedia/27xp-asia-coldsnap-01-vkzh/27xp-asia-coldsnap-01-vkzh-thumbStandard.jpg,../Scripts/output/nytimes/nytimes_images/nytimes_2023-01-27_0f00067d-d889-5505-80a8-c8b1ea341520_img02.jpg,,,0,,0,,1,broad_candidate
9cf748be-d3a0-5803-9478-d1f33bd5833e,The New York Times,2023,IPCC,Have Climate Questions? Get Answers Here.,https://www.nytimes.com/interactive/2023/climate/climate-change-faq.html,2023-02-06,,1,https://static01.nyt.com/images/2023/02/10/climate/00cli-faq-promo/00cli-faq-promo-articleLarge.jpg,../Scripts/output/nytimes/nytimes_images/nytimes_2023-02-06_9cf748be-d3a0-5803-9478-d1f33bd5833e_img01.jpg,,,0,,0,,1,broad_candidate
9cf748be-d3a0-5803-9478-d1f33bd5833e,The New York Times,2023,IPCC,Have Climate Questions? Get Answers Here.,https://www.nytimes.com/interactive/2023/climate/climate-change-faq.html,2023-02-06,,2,https://static01.nyt.com/images/2023/02/10/climate/00cli-faq-promo/00cli-faq-promo-thumbStandard.jpg,../Scripts/output/nytimes/nytimes_images/nytimes_2023-02-06_9cf748be-d3a0-5803-9478-d1f33bd5833e_img02.jpg,,,0,,0,,1,broad_candidate
06a0c8f2-fe27-5be7-9206-49f8d4ee6f54,The New York Times,2023,IPCC,"Climate Change Is Speeding Toward Catastrophe. The Next Decade Is Crucial, U.N. Panel Says.",https://www.nytimes.com/2023/03/20/climate/global-warming-ipcc-earth.html,2023-03-20,,1,https://static01.nyt.com/images/2023/03/20/climate/20cli-ipcc/20cli-ipcc-articleLarge-v4.jpg,../Scripts/output/nytimes/nytimes_images/nytimes_2023-03-20_06a0c8f2-fe27-5be7-9206-49f8d4ee6f54_img01.jpg,,,0,,0,,1,broad_candidate
06a0c8f2-fe27-5be7-9206-49f8d4ee6f54,The New York Times,2023,IPCC,"Climate Change Is Speeding Toward Catastrophe. The Next Decade Is Crucial, U.N. Panel Says.",https://www.nytimes.com/2023/03/20/climate/global-warming-ipcc-earth.html,2023-03-20,,2,https://static01.nyt.com/images/2023/03/20/climate/20cli-ipcc/20cli-ipcc-thumbStandard.jpg,../Scripts/output/nytimes/nytimes_images/nytimes_2023-03-20_06a0c8f2-fe27-5be7-9206-49f8d4ee6f54_img02.jpg,,,0,,0,,1,broad_candidate
a748176c-8868-5834-abb1-b74c3e96393e,The New York Times,2023,IPCC,A Clear Message From Science,https://www.nytimes.com/2023/03/20/climate/global-warming-ipcc.html,2023-03-20,,1,https://static01.nyt.com/images/2023/03/20/multimedia/20cli-newsletter-ipcc2-wqgp/20cli-newsletter-ipcc2-wqgp-articleLarge.jpg,../Scripts/output/nytimes/nytimes_images/nytimes_2023-03-20_a748176c-8868-5834-abb1-b74c3e96393e_img01.jpg,,,0,,0,,1,broad_candidate
a748176c-8868-5834-abb1-b74c3e96393e,The New York Times,2023,IPCC,A Clear Message From Science,https://www.nytimes.com/2023/03/20/climate/global-warming-ipcc.html,2023-03-20,,2,https://static01.nyt.com/images/2023/03/20/multimedia/20cli-newsletter-ipcc2-wqgp/20cli-newsletter-ipcc2-wqgp-thumbStandard.jpg,../Scripts/output/nytimes/nytimes_images/nytimes_2023-03-20_a748176c-8868-5834-abb1-b74c3e96393e_img02.jpg,,,0,,0,,1,broad_candidate
0fd30e2b-55a3-548b-b147-b19197e98420,The New York Times,2023,IPCC,Economists Would Like a Word,https://www.nytimes.com/2023/03/31/climate/economic-growth-climate-change.html,2023-03-31,,1,https://static01.nyt.com/images/2023/03/31/multimedia/31cli-newsletter-flood-lvfp/31cli-newsletter-flood-lvfp-articleLarge.jpg,../Scripts/output/nytimes/nytimes_images/nytimes_2023-03-31_0fd30e2b-55a3-548b-b147-b19197e98420_img01.jpg,,,0,,0,,1,broad_candidate
0fd30e2b-55a3-548b-b147-b19197e98420,The New York Times,2023,IPCC,Economists Would Like a Word,https://www.nytimes.com/2023/03/31/climate/economic-growth-climate-change.html,2023-03-31,,2,https://static01.nyt.com/images/2023/03/31/multimedia/31cli-newsletter-flood-lvfp/31cli-newsletter-flood-lvfp-thumbStandard.jpg,../Scripts/output/nytimes/nytimes_images/nytimes_2023-03-31_0fd30e2b-55a3-548b-b147-b19197e98420_img02.jpg,,,0,,0,,1,broad_candidate
02e67d23-dcca-5c5d-acbf-85aa17fa267d,The New York Times,2023,IPCC,It’s Not Just Willow: Oil and Gas Projects Are Back in a Big Way,https://www.nytimes.com/2023/04/06/climate/oil-gas-drilling-investment-worldwide-willow.html,2023-04-06,,1,https://static01.nyt.com/images/2023/04/03/multimedia/03cli-oilandgas-01-lhpg/03cli-oilandgas-01-lhpg-articleLarge.jpg,../Scripts/output/nytimes/nytimes_images/nytimes_2023-04-06_02e67d23-dcca-5c5d-acbf-85aa17fa267d_img01.jpg,,,0,,0,,1,broad_candidate
02e67d23-dcca-5c5d-acbf-85aa17fa267d,The New York Times,2023,IPCC,It’s Not Just Willow: Oil and Gas Projects Are Back in a Big Way,https://www.nytimes.com/2023/04/06/climate/oil-gas-drilling-investment-worldwide-willow.html,2023-04-06,,2,https://static01.nyt.com/images/2023/04/03/multimedia/03cli-oilandgas-01-lhpg/03cli-oilandgas-01-lhpg-thumbStandard.jpg,../Scripts/output/nytimes/nytimes_images/nytimes_2023-04-06_02e67d23-dcca-5c5d-acbf-85aa17fa267d_img02.jpg,,,0,,0,,1,broad_candidate
5f1504ae-4237-5bfe-9999-df3afa565fba,The New York Times,2023,IPCC,Why Solving Climate Change Is Not an Issue Where We ‘Succeed or Fail’,https://www.nytimes.com/2023/04/20/insider/why-solving-climate-change-is-not-an-issue-where-we-succeed-or-fail.html,2023-04-20,,1,https://static01.nyt.com/images/2023/04/20/pageoneplus/20a2_ITT/20a2_ITT-articleLarge.jpg,../Scripts/output/nytimes/nytimes_images/nytimes_2023-04-20_5f1504ae-4237-5bfe-9999-df3afa565fba_img01.jpg,,,0,,0,,1,broad_candidate
5f1504ae-4237-5bfe-9999-df3afa565fba,The New York Times,2023,IPCC,Why Solving Climate Change Is Not an Issue Where We ‘Succeed or Fail’,https://www.nytimes.com/2023/04/20/insider/why-solving-climate-change-is-not-an-issue-where-we-succeed-or-fail.html,2023-04-20,,2,https://static01.nyt.com/images/2023/04/20/pageoneplus/20a2_ITT/20a2_ITT-thumbStandard.jpg,../Scripts/output/nytimes/nytimes_images/nytimes_2023-04-20_5f1504ae-4237-5bfe-9999-df3afa565fba_img02.jpg,,,0,,0,,1,broad_candidate
780b4796-84c1-58e5-9993-ab7d51a598d1,The New York Times,2023,"""global temperature""",The U.S. and China Are Restarting Climate Talks: Here’s Where Things Stand,https://www.nytimes.com/2023/07/15/climate/us-china-climate-talks.html,2023-07-15,,1,https://static01.nyt.com/images/2023/07/16/multimedia/16cli-kerry-china-explainer-01-jghz/16cli-kerry-china-explainer-01-jghz-articleLarge.jpg,../Scripts/output/nytimes/nytimes_images/nytimes_2023-07-15_780b4796-84c1-58e5-9993-ab7d51a598d1_img01.jpg,,,0,,0,,1,broad_candidate
780b4796-84c1-58e5-9993-ab7d51a598d1,The New York Times,2023,"""global temperature""",The U.S. and China Are Restarting Climate Talks: Here’s Where Things Stand,https://www.nytimes.com/2023/07/15/climate/us-china-climate-talks.html,2023-07-15,,2,https://static01.nyt.com/images/2023/07/16/multimedia/16cli-kerry-china-explainer-01-jghz/16cli-kerry-china-explainer-01-jghz-thumbStandard.jpg,../Scripts/output/nytimes/nytimes_images/nytimes_2023-07-15_780b4796-84c1-58e5-9993-ab7d51a598d1_img02.jpg,,,0,,0,,1,broad_candidate
dfba2e3c-a309-53de-9a90-e866bcb6743f,The New York Times,2023,"""global temperature""",June Was Earth’s Hottest on Record. August May Bring More of the Same.,https://www.nytimes.com/2023/07/20/climate/hottest-june-in-history-noaa.html,2023-07-20,,1,https://static01.nyt.com/images/2023/07/20/multimedia/20-CLI-NOAAJUNE-qgtb/20-CLI-NOAAJUNE-qgtb-articleLarge.jpg,../Scripts/output/nytimes/nytimes_images/nytimes_2023-07-20_dfba2e3c-a309-53de-9a90-e866bcb6743f_img01.jpg,,,0,,0,,1,broad_candidate
dfba2e3c-a309-53de-9a90-e866bcb6743f,The New York Times,2023,"""global temperature""",June Was Earth’s Hottest on Record. August May Bring More of the Same.,https://www.nytimes.com/2023/07/20/climate/hottest-june-in-history-noaa.html,2023-07-20,,2,https://static01.nyt.com/images/2023/07/20/multimedia/20-CLI-NOAAJUNE-qgtb/20-CLI-NOAAJUNE-qgtb-thumbStandard.jpg,../Scripts/output/nytimes/nytimes_images/nytimes_2023-07-20_dfba2e3c-a309-53de-9a90-e866bcb6743f_img02.jpg,,,0,,0,,1,broad_candidate
d714a33e-11f0-5db0-9f8f-af72104375ff,The New York Times,2023,"""global temperature""","Around the Globe, Searing Heat With No Sign of Relief",https://www.nytimes.com/2023/07/21/world/asia/record-heat-wave-flooding-climate-change.html,2023-07-21,,1,https://static01.nyt.com/images/2023/07/21/world/21global-heat-newnew2/21global-heat-newnew2-articleLarge.jpg,../Scripts/output/nytimes/nytimes_images/nytimes_2023-07-21_d714a33e-11f0-5db0-9f8f-af72104375ff_img01.jpg,,,0,,0,,1,broad_candidate
d714a33e-11f0-5db0-9f8f-af72104375ff,The New York Times,2023,"""global temperature""","Around the Globe, Searing Heat With No Sign of Relief",https://www.nytimes.com/2023/07/21/world/asia/record-heat-wave-flooding-climate-change.html,2023-07-21,,2,https://static01.nyt.com/images/2023/07/21/world/21global-heat-newnew2/21global-heat-newnew2-thumbStandard.jpg,../Scripts/output/nytimes/nytimes_images/nytimes_2023-07-21_d714a33e-11f0-5db0-9f8f-af72104375ff_img02.jpg,,,0,,0,,1,broad_candidate
e0ff9af2-c5be-5e18-9e73-af7dc54e674f,The New York Times,2023,"""global temperature""",Your Friday Briefing,https://www.nytimes.com/2023/07/21/world/europe/russian-attacks-byelection-britain.html,2023-07-21,,1,https://static01.nyt.com/images/2023/07/21/multimedia/21ambriefingeurope-ukraine/21-the-morning-ukraine1-zhlm-articleLarge.jpg,../Scripts/output/nytimes/nytimes_images/nytimes_2023-07-21_e0ff9af2-c5be-5e18-9e73-af7dc54e674f_img01.jpg,,,0,,0,,1,broad_candidate
e0ff9af2-c5be-5e18-9e73-af7dc54e674f,The New York Times,2023,"""global temperature""",Your Friday Briefing,https://www.nytimes.com/2023/07/21/world/europe/russian-attacks-byelection-britain.html,2023-07-21,,2,https://static01.nyt.com/images/2023/07/21/multimedia/21ambriefingeurope-ukraine/21-the-morning-ukraine1-zhlm-thumbStandard.jpg,../Scripts/output/nytimes/nytimes_images/nytimes_2023-07-21_e0ff9af2-c5be-5e18-9e73-af7dc54e674f_img02.jpg,,,0,,0,,1,broad_candidate
19c5be93-e12e-5b0b-adeb-752561bd869e,The New York Times,2023,"""global temperature""",A Desperate Push to Save Florida’s Coral: Get It Out of the Sea,https://www.nytimes.com/2023/07/31/climate/coral-reefs-heat-florida-ocean-temperatures.html,2023-07-31,,1,https://static01.nyt.com/images/2023/07/30/multimedia/00cli-coral-01-fkvw/00cli-coral-01-fkvw-articleLarge.jpg,../Scripts/output/nytimes/nytimes_images/nytimes_2023-07-31_19c5be93-e12e-5b0b-adeb-752561bd869e_img01.jpg,,,0,,0,,1,broad_candidate
19c5be93-e12e-5b0b-adeb-752561bd869e,The New York Times,2023,"""global temperature""",A Desperate Push to Save Florida’s Coral: Get It Out of the Sea,https://www.nytimes.com/2023/07/31/climate/coral-reefs-heat-florida-ocean-temperatures.html,2023-07-31,,2,https://static01.nyt.com/images/2023/07/30/multimedia/00cli-coral-01-fkvw/00cli-coral-01-fkvw-thumbStandard.jpg,../Scripts/output/nytimes/nytimes_images/nytimes_2023-07-31_19c5be93-e12e-5b0b-adeb-752561bd869e_img02.jpg,,,0,,0,,1,broad_candidate
3e515fd6-a1b8-5b7a-a05f-f42034883061,The New York Times,2023,"""global temperature""","A Republican 2024 Climate Strategy: More Drilling, Less Clean Energy",https://www.nytimes.com/2023/08/04/climate/republicans-climate-project2025.html,2023-08-04,,1,https://static01.nyt.com/images/2023/08/03/multimedia/00cli-GOPCLIMATE-01-gbth/00cli-GOPCLIMATE-01-gbth-articleLarge.jpg,../Scripts/output/nytimes/nytimes_images/nytimes_2023-08-04_3e515fd6-a1b8-5b7a-a05f-f42034883061_img01.jpg,,,0,,0,,1,broad_candidate
3e515fd6-a1b8-5b7a-a05f-f42034883061,The New York Times,2023,"""global temperature""","A Republican 2024 Climate Strategy: More Drilling, Less Clean Energy",https://www.nytimes.com/2023/08/04/climate/republicans-climate-project2025.html,2023-08-04,,2,https://static01.nyt.com/images/2023/08/03/multimedia/00cli-GOPCLIMATE-01-gbth/00cli-GOPCLIMATE-01-gbth-thumbStandard.jpg,../Scripts/output/nytimes/nytimes_images/nytimes_2023-08-04_3e515fd6-a1b8-5b7a-a05f-f42034883061_img02.jpg,,,0,,0,,1,broad_candidate
a34cb4e4-d55a-57f1-88da-f773345a9a39,The New York Times,2023,"""global temperature""",Extreme August Arrives With a Warning: Expect More,https://www.nytimes.com/2023/08/22/climate/tropical-storm-california-maui-fire-extreme-august.html,2023-08-22,,1,https://static01.nyt.com/images/2023/08/22/multimedia/22CLI-Extremes-01-tmzg/22CLI-Extremes-01-tmzg-articleLarge.jpg,../Scripts/output/nytimes/nytimes_images/nytimes_2023-08-22_a34cb4e4-d55a-57f1-88da-f773345a9a39_img01.jpg,,,0,,0,,1,broad_candidate
a34cb4e4-d55a-57f1-88da-f773345a9a39,The New York Times,2023,"""global temperature""",Extreme August Arrives With a Warning: Expect More,https://www.nytimes.com/2023/08/22/climate/tropical-storm-california-maui-fire-extreme-august.html,2023-08-22,,2,https://static01.nyt.com/images/2023/08/22/multimedia/22CLI-Extremes-01-tmzg/22CLI-Extremes-01-tmzg-thumbStandard.jpg,../Scripts/output/nytimes/nytimes_images/nytimes_2023-08-22_a34cb4e4-d55a-57f1-88da-f773345a9a39_img02.jpg,,,0,,0,,1,broad_candidate
53c5f763-69fc-559f-81a2-6c3a1db165eb,The New York Times,2023,"""global temperature""",It Is No Longer Possible to Escape What We Have Done to Ourselves,https://www.nytimes.com/2023/08/23/opinion/canada-wildfires-climate-change.html,2023-08-23,,1,https://static01.nyt.com/images/2023/08/25/opinion/23schmemann/23schmemann-articleLarge.jpg,../Scripts/output/nytimes/nytimes_images/nytimes_2023-08-23_53c5f763-69fc-559f-81a2-6c3a1db165eb_img01.jpg,,,0,,0,,1,broad_candidate
53c5f763-69fc-559f-81a2-6c3a1db165eb,The New York Times,2023,"""global temperature""",It Is No Longer Possible to Escape What We Have Done to Ourselves,https://www.nytimes.com/2023/08/23/opinion/canada-wildfires-climate-change.html,2023-08-23,,2,https://static01.nyt.com/images/2023/08/25/opinion/23schmemann/23schmemann-thumbStandard.jpg,../Scripts/output/nytimes/nytimes_images/nytimes_2023-08-23_53c5f763-69fc-559f-81a2-6c3a1db165eb_img02.jpg,,,0,,0,,1,broad_candidate
759adf70-c070-55d4-817f-3a78dd45bee3,The New York Times,2023,"""global temperature""","Climate Risks Loom Over Panama Canal, a Vital Global Trade Link",https://www.nytimes.com/2023/08/25/climate/panama-canal-drought-global-trade.html,2023-08-25,,1,https://static01.nyt.com/images/2023/08/25/multimedia/25CLI-drought-trade-03-pgqc/25CLI-drought-trade-02-pgqc-articleLarge.jpg,../Scripts/output/nytimes/nytimes_images/nytimes_2023-08-25_759adf70-c070-55d4-817f-3a78dd45bee3_img01.jpg,,,0,,0,,1,broad_candidate
759adf70-c070-55d4-817f-3a78dd45bee3,The New York Times,2023,"""global temperature""","Climate Risks Loom Over Panama Canal, a Vital Global Trade Link",https://www.nytimes.com/2023/08/25/climate/panama-canal-drought-global-trade.html,2023-08-25,,2,https://static01.nyt.com/images/2023/08/25/multimedia/25CLI-drought-trade-03-pgqc/25CLI-drought-trade-03-pgqc-thumbStandard.jpg,../Scripts/output/nytimes/nytimes_images/nytimes_2023-08-25_759adf70-c070-55d4-817f-3a78dd45bee3_img02.jpg,,,0,,0,,1,broad_candidate
67518d77-9529-5a59-8c51-07b6c7d52799,The New York Times,2023,"""global temperature""","Flashback: Your Weekly History Quiz, Aug. 27, 2023",https://www.nytimes.com/interactive/2023/08/26/upshot/flashback.html,2023-08-27,,1,https://static01.nyt.com/images/2023/08/18/upshot/flashback-08-27-promo/flashback-08-27-promo-articleLarge-v7.jpg,../Scripts/output/nytimes/nytimes_images/nytimes_2023-08-27_67518d77-9529-5a59-8c51-07b6c7d52799_img01.jpg,,,0,,0,,1,broad_candidate
67518d77-9529-5a59-8c51-07b6c7d52799,The New York Times,2023,"""global temperature""","Flashback: Your Weekly History Quiz, Aug. 27, 2023",https://www.nytimes.com/interactive/2023/08/26/upshot/flashback.html,2023-08-27,,2,https://static01.nyt.com/images/2023/08/18/upshot/flashback-08-27-promo/flashback-08-27-promo-thumbStandard-v7.jpg,../Scripts/output/nytimes/nytimes_images/nytimes_2023-08-27_67518d77-9529-5a59-8c51-07b6c7d52799_img02.jpg,,,0,,0,,1,broad_candidate
65a1b55c-281d-59db-9e6a-949aab7c06bd,The New York Times,2023,"""sea level rise""","Waves Along California’s Coast Are Getting Bigger, Study Says",https://www.nytimes.com/2023/08/28/climate/waves-california-climate-change.html,2023-08-28,,1,https://static01.nyt.com/images/2023/08/06/multimedia/00xp-surf-kqbg/00xp-surf-kqbg-articleLarge.jpg,../Scripts/output/nytimes/nytimes_images/nytimes_2023-08-28_65a1b55c-281d-59db-9e6a-949aab7c06bd_img01.jpg,,,0,,0,,1,broad_candidate
65a1b55c-281d-59db-9e6a-949aab7c06bd,The New York Times,2023,"""sea level rise""","Waves Along California’s Coast Are Getting Bigger, Study Says",https://www.nytimes.com/2023/08/28/climate/waves-california-climate-change.html,2023-08-28,,2,https://static01.nyt.com/images/2023/08/06/multimedia/00xp-surf-kqbg/00xp-surf-kqbg-thumbStandard.jpg,../Scripts/output/nytimes/nytimes_images/nytimes_2023-08-28_65a1b55c-281d-59db-9e6a-949aab7c06bd_img02.jpg,,,0,,0,,1,broad_candidate
6b5e41d9-d1d1-5323-85c3-b542b31f709d,The New York Times,2023,"""global temperature""",The Faustian Bargain of Reducing Air Pollution,https://www.nytimes.com/2023/08/30/opinion/columnists/the-faustian-bargain-of-reducing-air-pollution.html,2023-08-30,,1,https://static01.nyt.com/images/2023/08/30/opinion/30wallace-wells-image/30wallace-wells-image-articleLarge.jpg,../Scripts/output/nytimes/nytimes_images/nytimes_2023-08-30_6b5e41d9-d1d1-5323-85c3-b542b31f709d_img01.jpg,,,0,,0,,1,broad_candidate
6b5e41d9-d1d1-5323-85c3-b542b31f709d,The New York Times,2023,"""global temperature""",The Faustian Bargain of Reducing Air Pollution,https://www.nytimes.com/2023/08/30/opinion/columnists/the-faustian-bargain-of-reducing-air-pollution.html,2023-08-30,,2,https://static01.nyt.com/images/2023/08/30/opinion/30wallace-wells-image/30wallace-wells-image-thumbStandard.jpg,../Scripts/output/nytimes/nytimes_images/nytimes_2023-08-30_6b5e41d9-d1d1-5323-85c3-b542b31f709d_img02.jpg,,,0,,0,,1,broad_candidate
c421610f-21ba-5411-8d50-1c1bbfabb2eb,The New York Times,2023,"""sea level rise""",A California Beach Town Is Desperate to Save Its Vanishing Sand,https://www.nytimes.com/2023/09/02/us/oceanside-california-sand.html,2023-09-02,,1,https://static01.nyt.com/images/2023/09/02/multimedia/02nat-atc-oceanside-01-kqmc/02nat-atc-oceanside-01-kqmc-articleLarge.jpg,../Scripts/output/nytimes/nytimes_images/nytimes_2023-09-02_c421610f-21ba-5411-8d50-1c1bbfabb2eb_img01.jpg,,,0,,0,,1,broad_candidate
c421610f-21ba-5411-8d50-1c1bbfabb2eb,The New York Times,2023,"""sea level rise""",A California Beach Town Is Desperate to Save Its Vanishing Sand,https://www.nytimes.com/2023/09/02/us/oceanside-california-sand.html,2023-09-02,,2,https://static01.nyt.com/images/2023/09/02/multimedia/02nat-atc-oceanside-01-kqmc/02nat-atc-oceanside-01-kqmc-thumbStandard.jpg,../Scripts/output/nytimes/nytimes_images/nytimes_2023-09-02_c421610f-21ba-5411-8d50-1c1bbfabb2eb_img02.jpg,,,0,,0,,1,broad_candidate
e38022d8-7cb1-5d0e-88ce-b68737836071,The New York Times,2023,"""global temperature""","Biden Approved a Big Oil Project. Now, He’s Cracking Down on Drilling.",https://www.nytimes.com/2023/09/07/climate/biden-drilling-climate-oil.html,2023-09-07,,1,https://static01.nyt.com/images/2023/09/07/multimedia/07cli-bidenoil-01-chjg/07cli-bidenoil-01-chjg-articleLarge.jpg,../Scripts/output/nytimes/nytimes_images/nytimes_2023-09-07_e38022d8-7cb1-5d0e-88ce-b68737836071_img01.jpg,,,0,,0,,1,broad_candidate
e38022d8-7cb1-5d0e-88ce-b68737836071,The New York Times,2023,"""global temperature""","Biden Approved a Big Oil Project. Now, He’s Cracking Down on Drilling.",https://www.nytimes.com/2023/09/07/climate/biden-drilling-climate-oil.html,2023-09-07,,2,https://static01.nyt.com/images/2023/09/07/multimedia/07cli-bidenoil-01-chjg/07cli-bidenoil-01-chjg-thumbStandard.jpg,../Scripts/output/nytimes/nytimes_images/nytimes_2023-09-07_e38022d8-7cb1-5d0e-88ce-b68737836071_img02.jpg,,,0,,0,,1,broad_candidate
ae9fb2a6-1b30-5888-ae71-8e91761818fc,The New York Times,2023,"""sea level rise""","DeSantis, Leading a State Menaced by Climate Change, Shrugs Off the Threat",https://www.nytimes.com/2023/09/08/us/politics/desantis-florida-storm-climate-change.html,2023-09-08,,1,https://static01.nyt.com/images/2023/09/07/multimedia/07pol-desantis-climate1-qmvj/07pol-desantis-climate1-qmvj-articleLarge.jpg,../Scripts/output/nytimes/nytimes_images/nytimes_2023-09-08_ae9fb2a6-1b30-5888-ae71-8e91761818fc_img01.jpg,,,0,,0,,1,broad_candidate
ae9fb2a6-1b30-5888-ae71-8e91761818fc,The New York Times,2023,"""sea level rise""","DeSantis, Leading a State Menaced by Climate Change, Shrugs Off the Threat",https://www.nytimes.com/2023/09/08/us/politics/desantis-florida-storm-climate-change.html,2023-09-08,,2,https://static01.nyt.com/images/2023/09/07/multimedia/07pol-desantis-climate1-qmvj/07pol-desantis-climate1-qmvj-thumbStandard.jpg,../Scripts/output/nytimes/nytimes_images/nytimes_2023-09-08_ae9fb2a6-1b30-5888-ae71-8e91761818fc_img02.jpg,,,0,,0,,1,broad_candidate
6d0bc0f3-ee1e-54c7-a340-f175d8d88abb,The New York Times,2023,"""sea level rise""",Island Nations Hope for Court’s Help on Climate’s Effects,https://www.nytimes.com/2023/09/11/world/asia/island-nations-ocean-court-climate.html,2023-09-11,,1,https://static01.nyt.com/images/2023/09/11/multimedia/11oceans-court-kpfg/11oceans-court-kpfg-articleLarge.jpg,../Scripts/output/nytimes/nytimes_images/nytimes_2023-09-11_6d0bc0f3-ee1e-54c7-a340-f175d8d88abb_img01.jpg,,,0,,0,,1,broad_candidate
6d0bc0f3-ee1e-54c7-a340-f175d8d88abb,The New York Times,2023,"""sea level rise""",Island Nations Hope for Court’s Help on Climate’s Effects,https://www.nytimes.com/2023/09/11/world/asia/island-nations-ocean-court-climate.html,2023-09-11,,2,https://static01.nyt.com/images/2023/09/11/multimedia/11oceans-court-kpfg/11oceans-court-kpfg-thumbStandard.jpg,../Scripts/output/nytimes/nytimes_images/nytimes_2023-09-11_6d0bc0f3-ee1e-54c7-a340-f175d8d88abb_img02.jpg,,,0,,0,,1,broad_candidate
353cf533-0cf4-5412-808d-2267481c1dcb,The New York Times,2023,"""sea level rise""","Whales, From Above",https://www.nytimes.com/2023/09/15/travel/hamptons-whales-sharks.html,2023-09-15,,1,https://static01.nyt.com/images/2023/09/08/travel/travel-whales-promo/travel-whales-promo-articleLarge.jpg,../Scripts/output/nytimes/nytimes_images/nytimes_2023-09-15_353cf533-0cf4-5412-808d-2267481c1dcb_img01.jpg,,,0,,0,,1,broad_candidate
353cf533-0cf4-5412-808d-2267481c1dcb,The New York Times,2023,"""sea level rise""","Whales, From Above",https://www.nytimes.com/2023/09/15/travel/hamptons-whales-sharks.html,2023-09-15,,2,https://static01.nyt.com/images/2023/09/08/travel/travel-whales-promo/travel-whales-image-2-thumbStandard.jpg,../Scripts/output/nytimes/nytimes_images/nytimes_2023-09-15_353cf533-0cf4-5412-808d-2267481c1dcb_img02.jpg,,,0,,0,,1,broad_candidate
7698e5f0-9d29-5603-9fd1-15a025e592c7,The New York Times,2023,"""sea level rise""","California Sues Giant Oil Companies, Citing Decades of Deception",https://www.nytimes.com/2023/09/15/business/california-oil-lawsuit-newsom.html,2023-09-16,,1,https://static01.nyt.com/images/2023/09/17/climate/17cli-california/17cli-california-articleLarge.jpg,../Scripts/output/nytimes/nytimes_images/nytimes_2023-09-16_7698e5f0-9d29-5603-9fd1-15a025e592c7_img01.jpg,,,0,,0,,1,broad_candidate
7698e5f0-9d29-5603-9fd1-15a025e592c7,The New York Times,2023,"""sea level rise""","California Sues Giant Oil Companies, Citing Decades of Deception",https://www.nytimes.com/2023/09/15/business/california-oil-lawsuit-newsom.html,2023-09-16,,2,https://static01.nyt.com/images/2023/09/17/climate/17cli-california/17cli-california-thumbStandard.jpg,../Scripts/output/nytimes/nytimes_images/nytimes_2023-09-16_7698e5f0-9d29-5603-9fd1-15a025e592c7_img02.jpg,,,0,,0,,1,broad_candidate
245271d1-b950-5439-bb2b-58f2c7994f8b,The New York Times,2023,"""global temperature""",Hope and Despair on a Boiling Planet,https://www.nytimes.com/2023/09/20/climate/extreme-weather-climate-change.html,2023-09-20,,1,https://static01.nyt.com/images/2023/09/21/multimedia/21sp-cli-conference-01-lfcp/21sp-cli-conference-01-lfcp-articleLarge.jpg,../Scripts/output/nytimes/nytimes_images/nytimes_2023-09-20_245271d1-b950-5439-bb2b-58f2c7994f8b_img01.jpg,,,0,,0,,1,broad_candidate
245271d1-b950-5439-bb2b-58f2c7994f8b,The New York Times,2023,"""global temperature""",Hope and Despair on a Boiling Planet,https://www.nytimes.com/2023/09/20/climate/extreme-weather-climate-change.html,2023-09-20,,2,https://static01.nyt.com/images/2023/09/21/multimedia/21sp-cli-conference-01-lfcp/21sp-cli-conference-01-lfcp-thumbStandard.jpg,../Scripts/output/nytimes/nytimes_images/nytimes_2023-09-20_245271d1-b950-5439-bb2b-58f2c7994f8b_img02.jpg,,,0,,0,,1,broad_candidate
3aa85d3e-41c3-5ad2-b967-8c4a5b504a6f,The New York Times,2023,"""sea level rise""","Floods, Winds and Temperature Extremes Challenge Rail Lines",https://www.nytimes.com/2023/09/20/climate/trains-rail-climate-change.html,2023-09-20,,1,https://static01.nyt.com/images/2023/09/21/multimedia/21sp-cli-rail-lqzb/21sp-cli-rail-lqzb-articleLarge.jpg,../Scripts/output/nytimes/nytimes_images/nytimes_2023-09-20_3aa85d3e-41c3-5ad2-b967-8c4a5b504a6f_img01.jpg,,,0,,0,,1,broad_candidate
3aa85d3e-41c3-5ad2-b967-8c4a5b504a6f,The New York Times,2023,"""sea level rise""","Floods, Winds and Temperature Extremes Challenge Rail Lines",https://www.nytimes.com/2023/09/20/climate/trains-rail-climate-change.html,2023-09-20,,2,https://static01.nyt.com/images/2023/09/21/multimedia/21sp-cli-rail-lqzb/21sp-cli-rail-lqzb-thumbStandard.jpg,../Scripts/output/nytimes/nytimes_images/nytimes_2023-09-20_3aa85d3e-41c3-5ad2-b967-8c4a5b504a6f_img02.jpg,,,0,,0,,1,broad_candidate
de3257c7-8ab2-5726-ac98-fd9263268a11,The New York Times,2023,"""sea level rise""",The Importance of Protecting Ocean Life,https://www.nytimes.com/2023/09/20/climate/high-seas-treaty-united-nations.html,2023-09-20,,1,https://static01.nyt.com/images/2023/09/21/multimedia/21sp-cli-medina-pqwz/21sp-cli-medina-pqwz-articleLarge.jpg,../Scripts/output/nytimes/nytimes_images/nytimes_2023-09-20_de3257c7-8ab2-5726-ac98-fd9263268a11_img01.jpg,,,0,,0,,1,broad_candidate
de3257c7-8ab2-5726-ac98-fd9263268a11,The New York Times,2023,"""sea level rise""",The Importance of Protecting Ocean Life,https://www.nytimes.com/2023/09/20/climate/high-seas-treaty-united-nations.html,2023-09-20,,2,https://static01.nyt.com/images/2023/09/21/multimedia/21sp-cli-medina-pqwz/21sp-cli-medina-pqwz-thumbStandard.jpg,../Scripts/output/nytimes/nytimes_images/nytimes_2023-09-20_de3257c7-8ab2-5726-ac98-fd9263268a11_img02.jpg,,,0,,0,,1,broad_candidate
d36d7af8-acde-5543-bfd8-4a99a058079d,The New York Times,2023,"""sea level rise""",We asked readers to spend the summer watching birds. Here’s what happened.,https://www.nytimes.com/explain/2023/birds-science/we-asked-readers-to-spend-the-summer-watching-birds,2023-09-22,,1,https://static01.nyt.com/images/2023/09/21/multimedia/21sp-cli-birding-01/21sp-cli-birding-01-articleLarge.jpg,../Scripts/output/nytimes/nytimes_images/nytimes_2023-09-22_d36d7af8-acde-5543-bfd8-4a99a058079d_img01.jpg,,,0,,0,,1,broad_candidate
d36d7af8-acde-5543-bfd8-4a99a058079d,The New York Times,2023,"""sea level rise""",We asked readers to spend the summer watching birds. Here’s what happened.,https://www.nytimes.com/explain/2023/birds-science/we-asked-readers-to-spend-the-summer-watching-birds,2023-09-22,,2,https://static01.nyt.com/images/2023/09/21/multimedia/21sp-cli-birding-01/21sp-cli-birding-01-thumbStandard.jpg,../Scripts/output/nytimes/nytimes_images/nytimes_2023-09-22_d36d7af8-acde-5543-bfd8-4a99a058079d_img02.jpg,,,0,,0,,1,broad_candidate
ccbde15a-5850-585f-ac94-9471c777dc08,The New York Times,2023,"""net zero""",Billionaire Moguls and a Trillion Trees,https://www.nytimes.com/2023/09/26/climate/billionaire-moguls-and-a-trillion-trees.html,2023-09-26,,1,https://static01.nyt.com/images/2023/09/21/multimedia/21cf-event-gates-recap-01-hmzj/21cf-event-gates-recap-01-hmzj-articleLarge.jpg,../Scripts/output/nytimes/nytimes_images/nytimes_2023-09-26_ccbde15a-5850-585f-ac94-9471c777dc08_img01.jpg,,,0,,0,,1,broad_candidate
ccbde15a-5850-585f-ac94-9471c777dc08,The New York Times,2023,"""net zero""",Billionaire Moguls and a Trillion Trees,https://www.nytimes.com/2023/09/26/climate/billionaire-moguls-and-a-trillion-trees.html,2023-09-26,,2,https://static01.nyt.com/images/2023/09/21/multimedia/21cf-event-gates-recap-01-hmzj/21cf-event-gates-recap-01-hmzj-thumbStandard.jpg,../Scripts/output/nytimes/nytimes_images/nytimes_2023-09-26_ccbde15a-5850-585f-ac94-9471c777dc08_img02.jpg,,,0,,0,,1,broad_candidate
636da50c-dba6-563b-a6dd-b32f80574e17,The New York Times,2023,"""net zero""",New Life for an Old Building in Williamsburg,https://www.nytimes.com/2023/09/27/nyregion/new-life-for-an-old-building-in-williamsburg.html,2023-09-27,,1,https://static01.nyt.com/images/2023/09/27/nyregion/27nytoday/27nytoday-articleLarge.jpg,../Scripts/output/nytimes/nytimes_images/nytimes_2023-09-27_636da50c-dba6-563b-a6dd-b32f80574e17_img01.jpg,,,0,,0,,1,broad_candidate
636da50c-dba6-563b-a6dd-b32f80574e17,The New York Times,2023,"""net zero""",New Life for an Old Building in Williamsburg,https://www.nytimes.com/2023/09/27/nyregion/new-life-for-an-old-building-in-williamsburg.html,2023-09-27,,2,https://static01.nyt.com/images/2023/09/27/nyregion/27nytoday/27nytoday-thumbStandard.jpg,../Scripts/output/nytimes/nytimes_images/nytimes_2023-09-27_636da50c-dba6-563b-a6dd-b32f80574e17_img02.jpg,,,0,,0,,1,broad_candidate
d74c23fb-b24b-5d87-8031-4a2744075293,The New York Times,2023,"""sea level rise""","If Hurricane Rebuilding Is Affordable Only for the Wealthy, This Is the Florida You Get",https://www.nytimes.com/2023/09/27/opinion/hurricane-ian-recovery-florida.html,2023-09-27,,1,https://static01.nyt.com/images/2023/09/27/multimedia/27stodola-mcwz/27stodola-mcwz-articleLarge.jpg,../Scripts/output/nytimes/nytimes_images/nytimes_2023-09-27_d74c23fb-b24b-5d87-8031-4a2744075293_img01.jpg,,,0,,0,,1,broad_candidate
d74c23fb-b24b-5d87-8031-4a2744075293,The New York Times,2023,"""sea level rise""","If Hurricane Rebuilding Is Affordable Only for the Wealthy, This Is the Florida You Get",https://www.nytimes.com/2023/09/27/opinion/hurricane-ian-recovery-florida.html,2023-09-27,,2,https://static01.nyt.com/images/2023/09/27/multimedia/27stodola-mcwz/27stodola-mcwz-thumbStandard.jpg,../Scripts/output/nytimes/nytimes_images/nytimes_2023-09-27_d74c23fb-b24b-5d87-8031-4a2744075293_img02.jpg,,,0,,0,,1,broad_candidate
f4b2ab98-7bfb-5a11-87d2-565a26bc4210,The New York Times,2023,"""net zero""","Britain to Allow Big North Sea Oil Field, Despite Climate Concerns",https://www.nytimes.com/2023/09/27/business/britain-north-sea-oil-drilling.html,2023-09-27,,1,https://static01.nyt.com/images/2023/09/27/business/27uk-rosebank/27uk-rosebank-articleLarge.jpg,../Scripts/output/nytimes/nytimes_images/nytimes_2023-09-27_f4b2ab98-7bfb-5a11-87d2-565a26bc4210_img01.jpg,,,0,,0,,1,broad_candidate
f4b2ab98-7bfb-5a11-87d2-565a26bc4210,The New York Times,2023,"""net zero""","Britain to Allow Big North Sea Oil Field, Despite Climate Concerns",https://www.nytimes.com/2023/09/27/business/britain-north-sea-oil-drilling.html,2023-09-27,,2,https://static01.nyt.com/images/2023/09/27/business/27uk-rosebank/27uk-rosebank-thumbStandard.jpg,../Scripts/output/nytimes/nytimes_images/nytimes_2023-09-27_f4b2ab98-7bfb-5a11-87d2-565a26bc4210_img02.jpg,,,0,,0,,1,broad_candidate
aab0e2e5-2431-537b-8849-1ccde8706d03,The New York Times,2023,"""net zero""",Grilling the world’s biggest meat producer,https://www.nytimes.com/2023/09/28/climate/grilling-the-worlds-biggest-meat-producer.html,2023-09-28,,1,https://static01.nyt.com/images/2023/09/28/multimedia/28cli-newsletter-fkjc/28cli-newsletter-fkjc-articleLarge.jpg,../Scripts/output/nytimes/nytimes_images/nytimes_2023-09-28_aab0e2e5-2431-537b-8849-1ccde8706d03_img01.jpg,,,0,,0,,1,broad_candidate
aab0e2e5-2431-537b-8849-1ccde8706d03,The New York Times,2023,"""net zero""",Grilling the world’s biggest meat producer,https://www.nytimes.com/2023/09/28/climate/grilling-the-worlds-biggest-meat-producer.html,2023-09-28,,2,https://static01.nyt.com/images/2023/09/28/multimedia/28cli-newsletter-fkjc/28cli-newsletter-fkjc-thumbStandard.jpg,../Scripts/output/nytimes/nytimes_images/nytimes_2023-09-28_aab0e2e5-2431-537b-8849-1ccde8706d03_img02.jpg,,,0,,0,,1,broad_candidate
c9f1da5c-8dc5-5245-8ddd-0e77127f7147,The New York Times,2023,"""net zero""",Want to Spur Green Energy in Wyoming? Aim for the Billionaires.,https://www.nytimes.com/2023/09/28/business/economy/wyoming-clean-energy-investment.html,2023-09-28,,1,https://static01.nyt.com/images/2023/10/11/multimedia/00dc-jacksonIRA-01-phjq/00dc-jacksonIRA-01-phjq-articleLarge.jpg,../Scripts/output/nytimes/nytimes_images/nytimes_2023-09-28_c9f1da5c-8dc5-5245-8ddd-0e77127f7147_img01.jpg,,,0,,0,,1,broad_candidate
c9f1da5c-8dc5-5245-8ddd-0e77127f7147,The New York Times,2023,"""net zero""",Want to Spur Green Energy in Wyoming? Aim for the Billionaires.,https://www.nytimes.com/2023/09/28/business/economy/wyoming-clean-energy-investment.html,2023-09-28,,2,https://static01.nyt.com/images/2023/10/11/multimedia/00dc-jacksonIRA-01-phjq/00dc-jacksonIRA-01-phjq-thumbStandard.jpg,../Scripts/output/nytimes/nytimes_images/nytimes_2023-09-28_c9f1da5c-8dc5-5245-8ddd-0e77127f7147_img02.jpg,,,0,,0,,1,broad_candidate
b23b78ce-a270-5069-96ff-0974f228a648,The New York Times,2023,"""net zero""",Why Doesn’t Australia Have Better Trains?,https://www.nytimes.com/2023/09/29/world/australia/australia-high-speed-trains.html,2023-09-29,,1,https://static01.nyt.com/images/2023/09/29/multimedia/29oz-letter1-mhpg/29oz-letter1-mhpg-articleLarge.jpg,../Scripts/output/nytimes/nytimes_images/nytimes_2023-09-29_b23b78ce-a270-5069-96ff-0974f228a648_img01.jpg,,,0,,0,,1,broad_candidate
b23b78ce-a270-5069-96ff-0974f228a648,The New York Times,2023,"""net zero""",Why Doesn’t Australia Have Better Trains?,https://www.nytimes.com/2023/09/29/world/australia/australia-high-speed-trains.html,2023-09-29,,2,https://static01.nyt.com/images/2023/09/29/multimedia/29oz-letter1-mhpg/29oz-letter1-mhpg-thumbStandard.jpg,../Scripts/output/nytimes/nytimes_images/nytimes_2023-09-29_b23b78ce-a270-5069-96ff-0974f228a648_img02.jpg,,,0,,0,,1,broad_candidate
751cb846-4fae-5876-a4e2-af42d6632274,The New York Times,2023,"""net zero""",Rishi Sunak Cancels a Rail Project to Build an Image,https://www.nytimes.com/2023/10/04/world/europe/rishi-sunak-high-speed-rail-project.html,2023-10-04,,1,https://static01.nyt.com/images/2023/10/04/multimedia/04uk-sunak-01-lmgf/04uk-sunak-01-lmgf-articleLarge.jpg,../Scripts/output/nytimes/nytimes_images/nytimes_2023-10-04_751cb846-4fae-5876-a4e2-af42d6632274_img01.jpg,,,0,,0,,1,broad_candidate
751cb846-4fae-5876-a4e2-af42d6632274,The New York Times,2023,"""net zero""",Rishi Sunak Cancels a Rail Project to Build an Image,https://www.nytimes.com/2023/10/04/world/europe/rishi-sunak-high-speed-rail-project.html,2023-10-04,,2,https://static01.nyt.com/images/2023/10/04/multimedia/04uk-sunak-01-lmgf/04uk-sunak-01-lmgf-thumbStandard.jpg,../Scripts/output/nytimes/nytimes_images/nytimes_2023-10-04_751cb846-4fae-5876-a4e2-af42d6632274_img02.jpg,,,0,,0,,1,broad_candidate
dc03dd8a-38b4-5d0b-a59b-3e426c1603ab,The New York Times,2023,"""global temperature""",Where’s All the Antarctic Sea Ice? Annual Peak Is the Lowest Ever Recorded.,https://www.nytimes.com/2023/10/04/climate/antarctic-sea-ice-record-low.html,2023-10-04,,1,https://static01.nyt.com/images/2023/10/04/multimedia/2023-10-03-antarctica-sea-ice-update-index/2023-10-03-antarctica-sea-ice-update-index-articleLarge-v5.png,../Scripts/output/nytimes/nytimes_images/nytimes_2023-10-04_dc03dd8a-38b4-5d0b-a59b-3e426c1603ab_img01.png,,,0,,0,,1,broad_candidate
dc03dd8a-38b4-5d0b-a59b-3e426c1603ab,The New York Times,2023,"""global temperature""",Where’s All the Antarctic Sea Ice? Annual Peak Is the Lowest Ever Recorded.,https://www.nytimes.com/2023/10/04/climate/antarctic-sea-ice-record-low.html,2023-10-04,,2,https://static01.nyt.com/images/2023/10/04/multimedia/2023-10-03-antarctica-sea-ice-update-index/2023-10-03-antarctica-sea-ice-update-index-thumbStandard-v5.png,../Scripts/output/nytimes/nytimes_images/nytimes_2023-10-04_dc03dd8a-38b4-5d0b-a59b-3e426c1603ab_img02.png,,,0,,0,,1,broad_candidate
0870fe82-ecf4-5c5d-bfdd-ed99590bb003,The New York Times,2023,"""net zero""",Green Energy Casts a Shadow Over a Cherished English Landscape,https://www.nytimes.com/2023/10/09/business/energy-environment/green-energy-east-anglia-britain.html,2023-10-09,,1,https://static01.nyt.com/images/2023/10/12/multimedia/11uk-pylons-print1/00uk-pyloons-01-zmfj-articleLarge.jpg,../Scripts/output/nytimes/nytimes_images/nytimes_2023-10-09_0870fe82-ecf4-5c5d-bfdd-ed99590bb003_img01.jpg,,,0,,0,,1,broad_candidate
0870fe82-ecf4-5c5d-bfdd-ed99590bb003,The New York Times,2023,"""net zero""",Green Energy Casts a Shadow Over a Cherished English Landscape,https://www.nytimes.com/2023/10/09/business/energy-environment/green-energy-east-anglia-britain.html,2023-10-09,,2,https://static01.nyt.com/images/2023/10/12/multimedia/11uk-pylons-print1/00uk-pyloons-01-zmfj-thumbStandard.jpg,../Scripts/output/nytimes/nytimes_images/nytimes_2023-10-09_0870fe82-ecf4-5c5d-bfdd-ed99590bb003_img02.jpg,,,0,,0,,1,broad_candidate
18fc5793-3073-5682-b266-b749be7afc14,The New York Times,2023,"""net zero""",How One Tiny Island Nation Is Replacing Fossil Fuels With Renewable Power,https://www.nytimes.com/2023/10/10/opinion/environment/solar-battery-climate-maldives.html,2023-10-10,,1,https://static01.nyt.com/images/2023/10/12/opinion/10shauna/10shauna-articleLarge.jpg,../Scripts/output/nytimes/nytimes_images/nytimes_2023-10-10_18fc5793-3073-5682-b266-b749be7afc14_img01.jpg,,,0,,0,,1,broad_candidate
18fc5793-3073-5682-b266-b749be7afc14,The New York Times,2023,"""net zero""",How One Tiny Island Nation Is Replacing Fossil Fuels With Renewable Power,https://www.nytimes.com/2023/10/10/opinion/environment/solar-battery-climate-maldives.html,2023-10-10,,2,https://static01.nyt.com/images/2023/10/12/opinion/10shauna/10shauna-thumbStandard.jpg,../Scripts/output/nytimes/nytimes_images/nytimes_2023-10-10_18fc5793-3073-5682-b266-b749be7afc14_img02.jpg,,,0,,0,,1,broad_candidate
5500c9ee-396c-5596-ab9b-95bcf34148a8,The New York Times,2023,"""net zero""","Why We Should, but Won’t, Reduce the Budget Deficit",https://www.nytimes.com/2023/10/10/opinion/us-budget-deficit-interest-rates.html,2023-10-10,,1,https://static01.nyt.com/images/2023/10/10/opinion/10krugman-newsletter-image/10krugman-newsletter-image-articleLarge.jpg,../Scripts/output/nytimes/nytimes_images/nytimes_2023-10-10_5500c9ee-396c-5596-ab9b-95bcf34148a8_img01.jpg,,,0,,0,,1,broad_candidate
5500c9ee-396c-5596-ab9b-95bcf34148a8,The New York Times,2023,"""net zero""","Why We Should, but Won’t, Reduce the Budget Deficit",https://www.nytimes.com/2023/10/10/opinion/us-budget-deficit-interest-rates.html,2023-10-10,,2,https://static01.nyt.com/images/2023/10/10/opinion/10krugman-newsletter-image/10krugman-newsletter-image-thumbStandard.jpg,../Scripts/output/nytimes/nytimes_images/nytimes_2023-10-10_5500c9ee-396c-5596-ab9b-95bcf34148a8_img02.jpg,,,0,,0,,1,broad_candidate
e8ca96ef-9a61-50e3-9ac9-08cc71c0d833,The New York Times,2023,"""net zero""",The Pope’s Journey to Climate Outrage,https://www.nytimes.com/2023/10/11/opinion/the-popes-journey-to-climate-outrage.html,2023-10-11,,1,https://static01.nyt.com/images/2023/10/11/opinion/11wallace-wells-newsletter-image/11wallace-wells-newsletter-image-articleLarge.jpg,../Scripts/output/nytimes/nytimes_images/nytimes_2023-10-11_e8ca96ef-9a61-50e3-9ac9-08cc71c0d833_img01.jpg,,,0,,0,,1,broad_candidate
e8ca96ef-9a61-50e3-9ac9-08cc71c0d833,The New York Times,2023,"""net zero""",The Pope’s Journey to Climate Outrage,https://www.nytimes.com/2023/10/11/opinion/the-popes-journey-to-climate-outrage.html,2023-10-11,,2,https://static01.nyt.com/images/2023/10/11/opinion/11wallace-wells-newsletter-image/11wallace-wells-newsletter-image-thumbStandard.jpg,../Scripts/output/nytimes/nytimes_images/nytimes_2023-10-11_e8ca96ef-9a61-50e3-9ac9-08cc71c0d833_img02.jpg,,,0,,0,,1,broad_candidate
2d628b8f-f78c-5518-ac5f-288c1d1f3603,The New York Times,2023,"""net zero""","Scenting Power, U.K. Business Flocks to the Labour Party",https://www.nytimes.com/2023/10/13/world/europe/uk-labour-party-business.html,2023-10-13,,1,https://static01.nyt.com/images/2023/10/13/multimedia/13uk-labour-business-01-bmfk/13uk-labour-business-01-bmfk-articleLarge.jpg,../Scripts/output/nytimes/nytimes_images/nytimes_2023-10-13_2d628b8f-f78c-5518-ac5f-288c1d1f3603_img01.jpg,,,0,,0,,1,broad_candidate
2d628b8f-f78c-5518-ac5f-288c1d1f3603,The New York Times,2023,"""net zero""","Scenting Power, U.K. Business Flocks to the Labour Party",https://www.nytimes.com/2023/10/13/world/europe/uk-labour-party-business.html,2023-10-13,,2,https://static01.nyt.com/images/2023/10/13/multimedia/13uk-labour-business-01-bmfk/13uk-labour-business-01-bmfk-thumbStandard.jpg,../Scripts/output/nytimes/nytimes_images/nytimes_2023-10-13_2d628b8f-f78c-5518-ac5f-288c1d1f3603_img02.jpg,,,0,,0,,1,broad_candidate
520cc900-61b0-589f-be79-b35145b9e70f,The New York Times,2023,"""sea level rise""","Rapid Antarctic Melting Looks Certain, Even if Emissions Goals Are Met",https://www.nytimes.com/2023/10/23/climate/antarctic-melting-sea-level-rise.html,2023-10-23,,1,https://static01.nyt.com/images/2023/10/23/multimedia/23cli-antarctic-iceshelf-wtvf/23cli-antarctic-iceshelf-wtvf-articleLarge.jpg,../Scripts/output/nytimes/nytimes_images/nytimes_2023-10-23_520cc900-61b0-589f-be79-b35145b9e70f_img01.jpg,,,0,,0,,1,broad_candidate
520cc900-61b0-589f-be79-b35145b9e70f,The New York Times,2023,"""sea level rise""","Rapid Antarctic Melting Looks Certain, Even if Emissions Goals Are Met",https://www.nytimes.com/2023/10/23/climate/antarctic-melting-sea-level-rise.html,2023-10-23,,2,https://static01.nyt.com/images/2023/10/23/multimedia/23cli-antarctic-iceshelf-wtvf/23cli-antarctic-iceshelf-wtvf-thumbStandard.jpg,../Scripts/output/nytimes/nytimes_images/nytimes_2023-10-23_520cc900-61b0-589f-be79-b35145b9e70f_img02.jpg,,,0,,0,,1,broad_candidate
5b616e32-52d1-563d-8dd1-20744d2ed426,The New York Times,2023,"""global temperature""",How the Israel-Hamas War Imperils Action Against Global Warming,https://www.nytimes.com/2023/10/23/climate/gaza-war-climate-change.html,2023-10-23,,1,https://static01.nyt.com/images/2023/10/23/multimedia/23cli-mideastrisk-sub-jwfh/23cli-mideastrisk-sub-jwfh-articleLarge.jpg,../Scripts/output/nytimes/nytimes_images/nytimes_2023-10-23_5b616e32-52d1-563d-8dd1-20744d2ed426_img01.jpg,,,0,,0,,1,broad_candidate
5b616e32-52d1-563d-8dd1-20744d2ed426,The New York Times,2023,"""global temperature""",How the Israel-Hamas War Imperils Action Against Global Warming,https://www.nytimes.com/2023/10/23/climate/gaza-war-climate-change.html,2023-10-23,,2,https://static01.nyt.com/images/2023/10/23/multimedia/23cli-mideastrisk-sub-jwfh/23cli-mideastrisk-sub-jwfh-thumbStandard.jpg,../Scripts/output/nytimes/nytimes_images/nytimes_2023-10-23_5b616e32-52d1-563d-8dd1-20744d2ed426_img02.jpg,,,0,,0,,1,broad_candidate
80b8fcfa-6db8-5796-88a7-bf36d12d2d83,The New York Times,2023,"""sea level rise""","If Everyone Gets an A, No One Gets an A",https://www.nytimes.com/2023/10/23/opinion/grade-inflation-high-school.html,2023-10-23,,1,https://static01.nyt.com/images/2023/10/23/opinion/23donahue/23donahue-articleLarge.jpg,../Scripts/output/nytimes/nytimes_images/nytimes_2023-10-23_80b8fcfa-6db8-5796-88a7-bf36d12d2d83_img01.jpg,,,0,,0,,1,broad_candidate
80b8fcfa-6db8-5796-88a7-bf36d12d2d83,The New York Times,2023,"""sea level rise""","If Everyone Gets an A, No One Gets an A",https://www.nytimes.com/2023/10/23/opinion/grade-inflation-high-school.html,2023-10-23,,2,https://static01.nyt.com/images/2023/10/23/opinion/23donahue/23donahue-thumbStandard.jpg,../Scripts/output/nytimes/nytimes_images/nytimes_2023-10-23_80b8fcfa-6db8-5796-88a7-bf36d12d2d83_img02.jpg,,,0,,0,,1,broad_candidate
751d8c1c-0d4e-55f8-8c32-5935dddec6e1,The New York Times,2023,"""net zero""",Rishi Sunak Is Trying His Best. He’s Probably Still Doomed.,https://www.nytimes.com/2023/10/25/opinion/rishi-sunak-britain-conservatives.html,2023-10-25,,1,https://static01.nyt.com/images/2023/10/26/opinion/25balls/25balls-articleLarge-v2.jpg,../Scripts/output/nytimes/nytimes_images/nytimes_2023-10-25_751d8c1c-0d4e-55f8-8c32-5935dddec6e1_img01.jpg,,,0,,0,,1,broad_candidate
751d8c1c-0d4e-55f8-8c32-5935dddec6e1,The New York Times,2023,"""net zero""",Rishi Sunak Is Trying His Best. He’s Probably Still Doomed.,https://www.nytimes.com/2023/10/25/opinion/rishi-sunak-britain-conservatives.html,2023-10-25,,2,https://static01.nyt.com/images/2023/10/26/opinion/25balls/25balls-thumbStandard-v3.jpg,../Scripts/output/nytimes/nytimes_images/nytimes_2023-10-25_751d8c1c-0d4e-55f8-8c32-5935dddec6e1_img02.jpg,,,0,,0,,1,broad_candidate
6681ca57-143c-5928-8008-bf73dc0d7cb8,The New York Times,2023,"""carbon budget""",Window for Meeting Key Climate Goal Is Even Narrower Than Thought,https://www.nytimes.com/2023/10/30/climate/carbon-budget-paris-agreement.html,2023-10-30,,1,https://static01.nyt.com/images/2023/10/30/climate/30cli-carbonbudget-promo/30cli-carbonbudget-promo-articleLarge.jpg,../Scripts/output/nytimes/nytimes_images/nytimes_2023-10-30_6681ca57-143c-5928-8008-bf73dc0d7cb8_img01.jpg,,,0,,0,,1,broad_candidate
6681ca57-143c-5928-8008-bf73dc0d7cb8,The New York Times,2023,"""carbon budget""",Window for Meeting Key Climate Goal Is Even Narrower Than Thought,https://www.nytimes.com/2023/10/30/climate/carbon-budget-paris-agreement.html,2023-10-30,,2,https://static01.nyt.com/images/2023/10/30/climate/30cli-carbonbudget-promo/30cli-carbonbudget-promo-thumbStandard.jpg,../Scripts/output/nytimes/nytimes_images/nytimes_2023-10-30_6681ca57-143c-5928-8008-bf73dc0d7cb8_img02.jpg,,,0,,0,,1,broad_candidate
c0daf596-56c5-5db5-a896-15168c9aa61f,The New York Times,2023,"""net zero""",Plans to Slash Emissions at Britain’s Largest Steel Plant Cause Unease,https://www.nytimes.com/2023/10/30/business/tata-port-talbot-steel-emissions.html,2023-10-30,,1,https://static01.nyt.com/images/2023/11/01/multimedia/30UK-STEEL-print3/00uk-steel-02-kgzt-articleLarge.jpg,../Scripts/output/nytimes/nytimes_images/nytimes_2023-10-30_c0daf596-56c5-5db5-a896-15168c9aa61f_img01.jpg,,,0,,0,,1,broad_candidate
c0daf596-56c5-5db5-a896-15168c9aa61f,The New York Times,2023,"""net zero""",Plans to Slash Emissions at Britain’s Largest Steel Plant Cause Unease,https://www.nytimes.com/2023/10/30/business/tata-port-talbot-steel-emissions.html,2023-10-30,,2,https://static01.nyt.com/images/2023/11/01/multimedia/30UK-STEEL-print3/00uk-steel-01-kgzt-thumbStandard.jpg,../Scripts/output/nytimes/nytimes_images/nytimes_2023-10-30_c0daf596-56c5-5db5-a896-15168c9aa61f_img02.jpg,,,0,,0,,1,broad_candidate
a63d9264-d755-5612-8f58-87ce0fdcb3d8,The New York Times,2023,"""net zero""","In Global Race to Offer Green Subsidies, U.K. Prefers Slow and Steady",https://www.nytimes.com/2023/10/31/business/uk-green-subsidies-investment-hunt.html,2023-10-31,,1,https://static01.nyt.com/images/2023/11/01/multimedia/00uk-netzero-print-lwtj/00uk-netzero-01-lwtj-articleLarge.jpg,../Scripts/output/nytimes/nytimes_images/nytimes_2023-10-31_a63d9264-d755-5612-8f58-87ce0fdcb3d8_img01.jpg,,,0,,0,,1,broad_candidate
a63d9264-d755-5612-8f58-87ce0fdcb3d8,The New York Times,2023,"""net zero""","In Global Race to Offer Green Subsidies, U.K. Prefers Slow and Steady",https://www.nytimes.com/2023/10/31/business/uk-green-subsidies-investment-hunt.html,2023-10-31,,2,https://static01.nyt.com/images/2023/11/01/multimedia/00uk-netzero-print-lwtj/00uk-netzero-01-lwtj-thumbStandard.jpg,../Scripts/output/nytimes/nytimes_images/nytimes_2023-10-31_a63d9264-d755-5612-8f58-87ce0fdcb3d8_img02.jpg,,,0,,0,,1,broad_candidate
5ba2b581-6229-5a22-82fb-510875f35e39,The New York Times,2023,IPCC,"35 Years After Addressing Congress, James Hansen Has More Climate Warnings",https://www.nytimes.com/2023/11/02/climate/james-hansen-global-warming-report.html,2023-11-02,,1,https://static01.nyt.com/images/2023/11/02/climate/02cli-hansen/02cli-hansen-articleLarge.jpg,../Scripts/output/nytimes/nytimes_images/nytimes_2023-11-02_5ba2b581-6229-5a22-82fb-510875f35e39_img01.jpg,,,0,,0,,1,broad_candidate
5ba2b581-6229-5a22-82fb-510875f35e39,The New York Times,2023,IPCC,"35 Years After Addressing Congress, James Hansen Has More Climate Warnings",https://www.nytimes.com/2023/11/02/climate/james-hansen-global-warming-report.html,2023-11-02,,2,https://static01.nyt.com/images/2023/11/02/climate/02cli-hansen/02cli-hansen-thumbStandard.jpg,../Scripts/output/nytimes/nytimes_images/nytimes_2023-11-02_5ba2b581-6229-5a22-82fb-510875f35e39_img02.jpg,,,0,,0,,1,broad_candidate
9293e69e-446e-5224-9f61-852fc66cce8f,The New York Times,2023,"""global temperature""","China Is Winning in Solar Power, but Its Coal Use Is Raising Alarms",https://www.nytimes.com/2023/11/02/business/china-solar-energy-cop-28.html,2023-11-02,,1,https://static01.nyt.com/images/2023/11/02/multimedia/00China-Climate-06-vmcz/00China-Climate-06-vmcz-articleLarge.jpg,../Scripts/output/nytimes/nytimes_images/nytimes_2023-11-02_9293e69e-446e-5224-9f61-852fc66cce8f_img01.jpg,,,0,,0,,1,broad_candidate
9293e69e-446e-5224-9f61-852fc66cce8f,The New York Times,2023,"""global temperature""","China Is Winning in Solar Power, but Its Coal Use Is Raising Alarms",https://www.nytimes.com/2023/11/02/business/china-solar-energy-cop-28.html,2023-11-02,,2,https://static01.nyt.com/images/2023/11/02/multimedia/00China-Climate-06-vmcz/00China-Climate-06-vmcz-thumbStandard.jpg,../Scripts/output/nytimes/nytimes_images/nytimes_2023-11-02_9293e69e-446e-5224-9f61-852fc66cce8f_img02.jpg,,,0,,0,,1,broad_candidate
bfcb9ddb-3568-5204-aab1-d0021acc7f16,The New York Times,2023,"""sea level rise""","Rich Nations Cut Aid for Climate Shocks, Even as Risks Grew",https://www.nytimes.com/2023/11/02/climate/climate-aid-developing-countries-un.html,2023-11-02,,1,https://static01.nyt.com/images/2023/11/02/multimedia/02CLI-ADAPTATIONGAP-gjwk/02CLI-ADAPTATIONGAP-gjwk-articleLarge.jpg,../Scripts/output/nytimes/nytimes_images/nytimes_2023-11-02_bfcb9ddb-3568-5204-aab1-d0021acc7f16_img01.jpg,,,0,,0,,1,broad_candidate
bfcb9ddb-3568-5204-aab1-d0021acc7f16,The New York Times,2023,"""sea level rise""","Rich Nations Cut Aid for Climate Shocks, Even as Risks Grew",https://www.nytimes.com/2023/11/02/climate/climate-aid-developing-countries-un.html,2023-11-02,,2,https://static01.nyt.com/images/2023/11/02/multimedia/02CLI-ADAPTATIONGAP-gjwk/02CLI-ADAPTATIONGAP-gjwk-thumbStandard.jpg,../Scripts/output/nytimes/nytimes_images/nytimes_2023-11-02_bfcb9ddb-3568-5204-aab1-d0021acc7f16_img02.jpg,,,0,,0,,1,broad_candidate
31afaa72-fa27-5cdc-bc00-be8556e8f08a,The New York Times,2023,"""net zero""","In a Warming World, Clean Energy Stocks Fall While Oil Prospers",https://www.nytimes.com/2023/11/03/business/clean-energy-oil-stocks.html,2023-11-03,,1,https://static01.nyt.com/images/2023/11/05/multimedia/03strategies/vkzf-articleLarge.jpg,../Scripts/output/nytimes/nytimes_images/nytimes_2023-11-03_31afaa72-fa27-5cdc-bc00-be8556e8f08a_img01.jpg,,,0,,0,,1,broad_candidate
31afaa72-fa27-5cdc-bc00-be8556e8f08a,The New York Times,2023,"""net zero""","In a Warming World, Clean Energy Stocks Fall While Oil Prospers",https://www.nytimes.com/2023/11/03/business/clean-energy-oil-stocks.html,2023-11-03,,2,https://static01.nyt.com/images/2023/11/05/multimedia/03strategies/03strategies-thumbStandard.jpg,../Scripts/output/nytimes/nytimes_images/nytimes_2023-11-03_31afaa72-fa27-5cdc-bc00-be8556e8f08a_img02.jpg,,,0,,0,,1,broad_candidate
66f89836-6d00-5df6-bb51-ecc9d50a5231,The New York Times,2023,"""sea level rise""","Saleemul Huq, 71, Bangladeshi Spearhead on Climate Change, Dies",https://www.nytimes.com/2023/11/03/climate/saleemul-huq-dead.html,2023-11-03,,1,https://static01.nyt.com/images/2023/11/04/multimedia/02huq-02-tvwl-print1/02huq-02-tvwl-articleLarge.jpg,../Scripts/output/nytimes/nytimes_images/nytimes_2023-11-03_66f89836-6d00-5df6-bb51-ecc9d50a5231_img01.jpg,,,0,,0,,1,broad_candidate
66f89836-6d00-5df6-bb51-ecc9d50a5231,The New York Times,2023,"""sea level rise""","Saleemul Huq, 71, Bangladeshi Spearhead on Climate Change, Dies",https://www.nytimes.com/2023/11/03/climate/saleemul-huq-dead.html,2023-11-03,,2,https://static01.nyt.com/images/2023/11/04/multimedia/02huq-02-tvwl-print1/02huq-02-tvwl-thumbStandard.jpg,../Scripts/output/nytimes/nytimes_images/nytimes_2023-11-03_66f89836-6d00-5df6-bb51-ecc9d50a5231_img02.jpg,,,0,,0,,1,broad_candidate
73bcc229-2f45-5115-9e6a-e2d580e9afaa,The New York Times,2023,"""sea level rise""",A Climate Change Success Story? Look at Hoboken.,https://www.nytimes.com/2023/11/03/headway/hoboken-floods.html,2023-11-03,,1,https://static01.nyt.com/images/2023/11/08/multimedia/00HDWY-HOBOKEN-02-lztg/00HDWY-HOBOKEN-02-lztg-articleLarge-v2.jpg,../Scripts/output/nytimes/nytimes_images/nytimes_2023-11-03_73bcc229-2f45-5115-9e6a-e2d580e9afaa_img01.jpg,,,0,,0,,1,broad_candidate
73bcc229-2f45-5115-9e6a-e2d580e9afaa,The New York Times,2023,"""sea level rise""",A Climate Change Success Story? Look at Hoboken.,https://www.nytimes.com/2023/11/03/headway/hoboken-floods.html,2023-11-03,,2,https://static01.nyt.com/images/2023/11/08/multimedia/00HDWY-HOBOKEN-02-lztg/00HDWY-HOBOKEN-02-lztg-thumbStandard-v2.jpg,../Scripts/output/nytimes/nytimes_images/nytimes_2023-11-03_73bcc229-2f45-5115-9e6a-e2d580e9afaa_img02.jpg,,,0,,0,,1,broad_candidate
7d794b41-e01b-5f26-8f64-53490e8fef73,The New York Times,2023,"""sea level rise""","Living in a Neighborhood That Floods, Rain or Shine",https://www.nytimes.com/2023/11/05/nyregion/nyc-flooding-climate-change.html,2023-11-05,,1,https://static01.nyt.com/images/2023/11/05/nyregion/05ny-flooding-promo/00ny-flooding-kpvg-articleLarge.jpg,../Scripts/output/nytimes/nytimes_images/nytimes_2023-11-05_7d794b41-e01b-5f26-8f64-53490e8fef73_img01.jpg,,,0,,0,,1,broad_candidate
7d794b41-e01b-5f26-8f64-53490e8fef73,The New York Times,2023,"""sea level rise""","Living in a Neighborhood That Floods, Rain or Shine",https://www.nytimes.com/2023/11/05/nyregion/nyc-flooding-climate-change.html,2023-11-05,,2,https://static01.nyt.com/images/2023/11/05/nyregion/05ny-flooding-promo/00ny-flooding-kpvg-thumbStandard.jpg,../Scripts/output/nytimes/nytimes_images/nytimes_2023-11-05_7d794b41-e01b-5f26-8f64-53490e8fef73_img02.jpg,,,0,,0,,1,broad_candidate
db3f3d5b-85a5-54e1-a6fd-e2bd14f12e4f,The New York Times,2023,"""net zero""",Voters Aren’t Believing in Bidenomics,https://www.nytimes.com/2023/11/06/business/dealbook/biden-economy-trump-2024.html,2023-11-06,,1,https://static01.nyt.com/images/2023/11/06/multimedia/06db-biden-hbqg/06db-biden-hbqg-articleLarge.jpg,../Scripts/output/nytimes/nytimes_images/nytimes_2023-11-06_db3f3d5b-85a5-54e1-a6fd-e2bd14f12e4f_img01.jpg,,,0,,0,,1,broad_candidate
db3f3d5b-85a5-54e1-a6fd-e2bd14f12e4f,The New York Times,2023,"""net zero""",Voters Aren’t Believing in Bidenomics,https://www.nytimes.com/2023/11/06/business/dealbook/biden-economy-trump-2024.html,2023-11-06,,2,https://static01.nyt.com/images/2023/11/06/multimedia/06db-biden-hbqg/06db-biden-hbqg-thumbStandard.jpg,../Scripts/output/nytimes/nytimes_images/nytimes_2023-11-06_db3f3d5b-85a5-54e1-a6fd-e2bd14f12e4f_img02.jpg,,,0,,0,,1,broad_candidate
765ea383-6aa7-5aaf-b008-522a543f95cf,The New York Times,2023,"""net zero""","King Charles III, Climate Advocate, Delivers Speech at Odds With His Beliefs",https://www.nytimes.com/2023/11/07/world/europe/kings-speech-charles-uk.html,2023-11-07,,1,https://static01.nyt.com/images/2023/11/07/multimedia/07uk-kings-speech-gwjh/07uk-kings-speech-gwjh-articleLarge.jpg,../Scripts/output/nytimes/nytimes_images/nytimes_2023-11-07_765ea383-6aa7-5aaf-b008-522a543f95cf_img01.jpg,,,0,,0,,1,broad_candidate
765ea383-6aa7-5aaf-b008-522a543f95cf,The New York Times,2023,"""net zero""","King Charles III, Climate Advocate, Delivers Speech at Odds With His Beliefs",https://www.nytimes.com/2023/11/07/world/europe/kings-speech-charles-uk.html,2023-11-07,,2,https://static01.nyt.com/images/2023/11/07/multimedia/07uk-kings-speech-gwjh/07uk-kings-speech-gwjh-thumbStandard.jpg,../Scripts/output/nytimes/nytimes_images/nytimes_2023-11-07_765ea383-6aa7-5aaf-b008-522a543f95cf_img02.jpg,,,0,,0,,1,broad_candidate
54aacff9-78cb-5e72-ad86-556aff4f2331,The New York Times,2023,"""global temperature""","2023 Virtually Certain to Be the Hottest Year on Record, Scientists Say",https://www.nytimes.com/2023/11/08/climate/heat-temperature-record-2023.html,2023-11-08,,1,https://static01.nyt.com/images/2023/11/08/multimedia/08cli-hottestyear-bgtk/08cli-hottestyear-bgtk-articleLarge.jpg,../Scripts/output/nytimes/nytimes_images/nytimes_2023-11-08_54aacff9-78cb-5e72-ad86-556aff4f2331_img01.jpg,,,0,,0,,1,broad_candidate
54aacff9-78cb-5e72-ad86-556aff4f2331,The New York Times,2023,"""global temperature""","2023 Virtually Certain to Be the Hottest Year on Record, Scientists Say",https://www.nytimes.com/2023/11/08/climate/heat-temperature-record-2023.html,2023-11-08,,2,https://static01.nyt.com/images/2023/11/08/multimedia/08cli-hottestyear-bgtk/08cli-hottestyear-bgtk-thumbStandard.jpg,../Scripts/output/nytimes/nytimes_images/nytimes_2023-11-08_54aacff9-78cb-5e72-ad86-556aff4f2331_img02.jpg,,,0,,0,,1,broad_candidate
a9bc905d-7c14-5341-adb7-e20148dfd7fc,The New York Times,2023,"""sea level rise""",The Godfather of Climate Science Turns Up the Heat,https://www.nytimes.com/2023/11/08/opinion/hansen-climate-warming-warning.html,2023-11-08,,1,https://static01.nyt.com/images/2023/11/10/opinion/08wallace-wells-newsletter/08wallace-wells-newsletter-articleLarge.jpg,../Scripts/output/nytimes/nytimes_images/nytimes_2023-11-08_a9bc905d-7c14-5341-adb7-e20148dfd7fc_img01.jpg,,,0,,0,,1,broad_candidate
a9bc905d-7c14-5341-adb7-e20148dfd7fc,The New York Times,2023,"""sea level rise""",The Godfather of Climate Science Turns Up the Heat,https://www.nytimes.com/2023/11/08/opinion/hansen-climate-warming-warning.html,2023-11-08,,2,https://static01.nyt.com/images/2023/11/10/opinion/08wallace-wells-newsletter/08wallace-wells-newsletter-thumbStandard.jpg,../Scripts/output/nytimes/nytimes_images/nytimes_2023-11-08_a9bc905d-7c14-5341-adb7-e20148dfd7fc_img02.jpg,,,0,,0,,1,broad_candidate
5648a4ea-a6f7-54aa-ad64-4d17caa269c8,The New York Times,2023,"""sea level rise""",Two Studies on Greenland Reveal Ominous Signs for Sea Level Rise,https://www.nytimes.com/2023/11/09/climate/greenland-glaciers-ice-melt.html,2023-11-09,,1,https://static01.nyt.com/images/2023/11/09/autossell/09cli-greenland-vid1/09cli-greenland-vid1-articleLarge.jpg,../Scripts/output/nytimes/nytimes_images/nytimes_2023-11-09_5648a4ea-a6f7-54aa-ad64-4d17caa269c8_img01.jpg,,,0,,0,,1,broad_candidate
5648a4ea-a6f7-54aa-ad64-4d17caa269c8,The New York Times,2023,"""sea level rise""",Two Studies on Greenland Reveal Ominous Signs for Sea Level Rise,https://www.nytimes.com/2023/11/09/climate/greenland-glaciers-ice-melt.html,2023-11-09,,2,https://static01.nyt.com/images/2023/11/09/autossell/09cli-greenland-vid1/09cli-greenland-vid1-thumbStandard.jpg,../Scripts/output/nytimes/nytimes_images/nytimes_2023-11-09_5648a4ea-a6f7-54aa-ad64-4d17caa269c8_img02.jpg,,,0,,0,,1,broad_candidate
6711079c-0eae-5268-81fa-180e500f0111,The New York Times,2023,"""net zero""","In a U.S. First, a Commercial Plant Starts Pulling Carbon From the Air",https://www.nytimes.com/2023/11/09/climate/direct-air-capture-carbon.html,2023-11-09,,1,https://static01.nyt.com/images/2023/11/09/multimedia/09cli-carbonremoval-01-fkjb/09cli-carbonremoval-01-fkjb-articleLarge-v2.jpg,../Scripts/output/nytimes/nytimes_images/nytimes_2023-11-09_6711079c-0eae-5268-81fa-180e500f0111_img01.jpg,,,0,,0,,1,broad_candidate
6711079c-0eae-5268-81fa-180e500f0111,The New York Times,2023,"""net zero""","In a U.S. First, a Commercial Plant Starts Pulling Carbon From the Air",https://www.nytimes.com/2023/11/09/climate/direct-air-capture-carbon.html,2023-11-09,,2,https://static01.nyt.com/images/2023/11/09/multimedia/09cli-carbonremoval-01-fkjb/09cli-carbonremoval-01-fkjb-thumbStandard-v2.jpg,../Scripts/output/nytimes/nytimes_images/nytimes_2023-11-09_6711079c-0eae-5268-81fa-180e500f0111_img02.jpg,,,0,,0,,1,broad_candidate
a8c319e1-d746-58fa-b69e-2101b19cbef3,The New York Times,2023,"""net zero""","Coming Soon: More Oil, Gas and Coal",https://www.nytimes.com/2023/11/09/climate/coming-soon-more-oil-gas-and-coal.html,2023-11-09,,1,https://static01.nyt.com/images/2023/11/07/climate/00CLI-PRODUCTIONGAP/00CLI-PRODUCTIONGAP-articleLarge.jpg,../Scripts/output/nytimes/nytimes_images/nytimes_2023-11-09_a8c319e1-d746-58fa-b69e-2101b19cbef3_img01.jpg,,,0,,0,,1,broad_candidate
a8c319e1-d746-58fa-b69e-2101b19cbef3,The New York Times,2023,"""net zero""","Coming Soon: More Oil, Gas and Coal",https://www.nytimes.com/2023/11/09/climate/coming-soon-more-oil-gas-and-coal.html,2023-11-09,,2,https://static01.nyt.com/images/2023/11/07/climate/00CLI-PRODUCTIONGAP/00CLI-PRODUCTIONGAP-thumbStandard.jpg,../Scripts/output/nytimes/nytimes_images/nytimes_2023-11-09_a8c319e1-d746-58fa-b69e-2101b19cbef3_img02.jpg,,,0,,0,,1,broad_candidate
634dc9cf-3f1b-58ee-86e0-cb4ddc6bff75,The New York Times,2023,"""global temperature""","In a Report Card on Global Warming, Nations Get a Very Poor Grade",https://www.nytimes.com/2023/11/14/climate/united-nations-ndc-report-card.html,2023-11-14,,1,https://static01.nyt.com/images/2023/11/13/climate/13cli-promises/13cli-promises-articleLarge.jpg,../Scripts/output/nytimes/nytimes_images/nytimes_2023-11-14_634dc9cf-3f1b-58ee-86e0-cb4ddc6bff75_img01.jpg,,,0,,0,,1,broad_candidate
634dc9cf-3f1b-58ee-86e0-cb4ddc6bff75,The New York Times,2023,"""global temperature""","In a Report Card on Global Warming, Nations Get a Very Poor Grade",https://www.nytimes.com/2023/11/14/climate/united-nations-ndc-report-card.html,2023-11-14,,2,https://static01.nyt.com/images/2023/11/13/climate/13cli-promises/13cli-promises-thumbStandard-v2.jpg,../Scripts/output/nytimes/nytimes_images/nytimes_2023-11-14_634dc9cf-3f1b-58ee-86e0-cb4ddc6bff75_img02.jpg,,,0,,0,,1,broad_candidate
11b34644-7f0d-55fe-b9d3-99097457697e,The New York Times,2023,"""global temperature""",U.S. and China Agree to Displace Fossil Fuels by Ramping Up Renewables,https://www.nytimes.com/2023/11/14/climate/us-china-climate-agreement.html,2023-11-15,,1,https://static01.nyt.com/images/2023/11/16/multimedia/14cli-china-vhkc/14cli-china-vhkc-articleLarge.jpg,../Scripts/output/nytimes/nytimes_images/nytimes_2023-11-15_11b34644-7f0d-55fe-b9d3-99097457697e_img01.jpg,,,0,,0,,1,broad_candidate
11b34644-7f0d-55fe-b9d3-99097457697e,The New York Times,2023,"""global temperature""",U.S. and China Agree to Displace Fossil Fuels by Ramping Up Renewables,https://www.nytimes.com/2023/11/14/climate/us-china-climate-agreement.html,2023-11-15,,2,https://static01.nyt.com/images/2023/11/16/multimedia/14cli-china-vhkc/14cli-china-vhkc-thumbStandard.jpg,../Scripts/output/nytimes/nytimes_images/nytimes_2023-11-15_11b34644-7f0d-55fe-b9d3-99097457697e_img02.jpg,,,0,,0,,1,broad_candidate
62b7ee86-26f5-5579-b751-888f9cd85280,The New York Times,2023,"""net zero""","Germany Cannot Shift Covid Funds to Climate Projects, Court Rules",https://www.nytimes.com/2023/11/15/business/germany-budget-court.html,2023-11-15,,1,https://static01.nyt.com/images/2023/11/15/multimedia/15germany-budget-wvcz/15germany-budget-wvcz-articleLarge.jpg,../Scripts/output/nytimes/nytimes_images/nytimes_2023-11-15_62b7ee86-26f5-5579-b751-888f9cd85280_img01.jpg,,,0,,0,,1,broad_candidate
62b7ee86-26f5-5579-b751-888f9cd85280,The New York Times,2023,"""net zero""","Germany Cannot Shift Covid Funds to Climate Projects, Court Rules",https://www.nytimes.com/2023/11/15/business/germany-budget-court.html,2023-11-15,,2,https://static01.nyt.com/images/2023/11/15/multimedia/15germany-budget-wvcz/15germany-budget-wvcz-thumbStandard.jpg,../Scripts/output/nytimes/nytimes_images/nytimes_2023-11-15_62b7ee86-26f5-5579-b751-888f9cd85280_img02.jpg,,,0,,0,,1,broad_candidate
17aa5d4e-e31b-5eab-97df-b98d584336e4,The New York Times,2023,"""sea level rise""",‘A Beautiful Place That Has a Dragon’: Where Hurricane Risk Meets Booming Growth,https://www.nytimes.com/interactive/2023/11/19/upshot/carolina-hurricanes.html,2023-11-20,,1,https://static01.nyt.com/images/2023/11/17/multimedia/2023-10-12-carolina-hurricanes-index/2023-10-12-carolina-hurricanes-index-articleLarge.jpg,../Scripts/output/nytimes/nytimes_images/nytimes_2023-11-20_17aa5d4e-e31b-5eab-97df-b98d584336e4_img01.jpg,,,0,,0,,1,broad_candidate
17aa5d4e-e31b-5eab-97df-b98d584336e4,The New York Times,2023,"""sea level rise""",‘A Beautiful Place That Has a Dragon’: Where Hurricane Risk Meets Booming Growth,https://www.nytimes.com/interactive/2023/11/19/upshot/carolina-hurricanes.html,2023-11-20,,2,https://static01.nyt.com/images/2023/11/17/multimedia/2023-10-12-carolina-hurricanes-index/2023-10-12-carolina-hurricanes-index-thumbStandard.jpg,../Scripts/output/nytimes/nytimes_images/nytimes_2023-11-20_17aa5d4e-e31b-5eab-97df-b98d584336e4_img02.jpg,,,0,,0,,1,broad_candidate
2280a6fc-70b9-55cc-91cc-365f2b2ceb05,The New York Times,2023,"""global temperature""","How Electricity Is Changing, Country by Country",https://www.nytimes.com/interactive/2023/11/20/climate/global-power-electricity-fossil-fuels-coal.html,2023-11-20,,1,https://static01.nyt.com/images/2023/11/19/multimedia/2023-08-28-how-the-world-makes-electricity-index/2023-08-28-how-the-world-makes-electricity-index-articleLarge-v5.png,../Scripts/output/nytimes/nytimes_images/nytimes_2023-11-20_2280a6fc-70b9-55cc-91cc-365f2b2ceb05_img01.png,,,0,,0,,1,broad_candidate
2280a6fc-70b9-55cc-91cc-365f2b2ceb05,The New York Times,2023,"""global temperature""","How Electricity Is Changing, Country by Country",https://www.nytimes.com/interactive/2023/11/20/climate/global-power-electricity-fossil-fuels-coal.html,2023-11-20,,2,https://static01.nyt.com/images/2023/11/19/multimedia/2023-08-28-how-the-world-makes-electricity-index/2023-08-28-how-the-world-makes-electricity-index-thumbStandard-v2.png,../Scripts/output/nytimes/nytimes_images/nytimes_2023-11-20_2280a6fc-70b9-55cc-91cc-365f2b2ceb05_img02.png,,,0,,0,,1,broad_candidate
2eeed0a8-26fb-5b53-ba5a-495f41535d5f,The New York Times,2023,"""sea level rise""",What Is COP28? And Other Questions About the Big U.N. Climate Summit,https://www.nytimes.com/article/cop28-climate-change-summit.html,2023-11-20,,1,https://static01.nyt.com/images/2022/10/27/climate/cop-faq/cop-faq-articleLarge.jpg,../Scripts/output/nytimes/nytimes_images/nytimes_2023-11-20_2eeed0a8-26fb-5b53-ba5a-495f41535d5f_img01.jpg,,,0,,0,,1,broad_candidate
2eeed0a8-26fb-5b53-ba5a-495f41535d5f,The New York Times,2023,"""sea level rise""",What Is COP28? And Other Questions About the Big U.N. Climate Summit,https://www.nytimes.com/article/cop28-climate-change-summit.html,2023-11-20,,2,https://static01.nyt.com/images/2022/10/27/climate/cop-faq/cop-faq-thumbStandard.jpg,../Scripts/output/nytimes/nytimes_images/nytimes_2023-11-20_2eeed0a8-26fb-5b53-ba5a-495f41535d5f_img02.jpg,,,0,,0,,1,broad_candidate
9731e7bd-6b0b-5462-9bac-d09782835fbd,The New York Times,2023,"""sea level rise""",A Different Approach to Climate Action,https://www.nytimes.com/2023/11/24/briefing/climate-action.html,2023-11-24,,1,https://static01.nyt.com/images/2023/11/22/multimedia/24themorning-lead-promo02/22themorning-lead-hcpb-articleLarge.jpg,../Scripts/output/nytimes/nytimes_images/nytimes_2023-11-24_9731e7bd-6b0b-5462-9bac-d09782835fbd_img01.jpg,,,0,,0,,1,broad_candidate
9731e7bd-6b0b-5462-9bac-d09782835fbd,The New York Times,2023,"""sea level rise""",A Different Approach to Climate Action,https://www.nytimes.com/2023/11/24/briefing/climate-action.html,2023-11-24,,2,https://static01.nyt.com/images/2023/11/22/multimedia/24themorning-lead-promo02/22themorning-lead-hcpb-thumbStandard.jpg,../Scripts/output/nytimes/nytimes_images/nytimes_2023-11-24_9731e7bd-6b0b-5462-9bac-d09782835fbd_img02.jpg,,,0,,0,,1,broad_candidate
b6b15675-d663-5883-b0e9-87cb4b14375d,The New York Times,2023,"""net zero""",Where the World Is (and Isn’t) Making Progress on Climate Change,https://www.nytimes.com/2023/11/30/climate/cop28-global-progress-carbon-emissions.html,2023-11-30,,1,https://static01.nyt.com/images/2023/11/30/multimedia/2023-11-28-climate-sector-projections-index/2023-11-28-climate-sector-projections-index-articleLarge.png,../Scripts/output/nytimes/nytimes_images/nytimes_2023-11-30_b6b15675-d663-5883-b0e9-87cb4b14375d_img01.png,,,0,,0,,1,broad_candidate
b6b15675-d663-5883-b0e9-87cb4b14375d,The New York Times,2023,"""net zero""",Where the World Is (and Isn’t) Making Progress on Climate Change,https://www.nytimes.com/2023/11/30/climate/cop28-global-progress-carbon-emissions.html,2023-11-30,,2,https://static01.nyt.com/images/2023/11/30/multimedia/2023-11-28-climate-sector-projections-index/2023-11-28-climate-sector-projections-index-thumbStandard.png,../Scripts/output/nytimes/nytimes_images/nytimes_2023-11-30_b6b15675-d663-5883-b0e9-87cb4b14375d_img02.png,,,0,,0,,1,broad_candidate
0f600be7-4c11-5590-9d91-248451744c7c,The New York Times,2023,"""global temperature""",The U.N. chief calls on leaders to quit fossil fuels: ‘Not reduce. Not abate. Phase out.’,https://www.nytimes.com/live/2023/12/01/climate/cop28-climate-change-summit/the-un-head-calls-on-leaders-to-stop-burning-fossil-fuels-not-reduce-not-abate-phase-out,2023-12-01,,1,https://static01.nyt.com/images/2023/12/01/multimedia/01cop28-blog-guterres-fcgh/01cop28-blog-guterres-fcgh-articleLarge.jpg,../Scripts/output/nytimes/nytimes_images/nytimes_2023-12-01_0f600be7-4c11-5590-9d91-248451744c7c_img01.jpg,,,0,,0,,1,broad_candidate
0f600be7-4c11-5590-9d91-248451744c7c,The New York Times,2023,"""global temperature""",The U.N. chief calls on leaders to quit fossil fuels: ‘Not reduce. Not abate. Phase out.’,https://www.nytimes.com/live/2023/12/01/climate/cop28-climate-change-summit/the-un-head-calls-on-leaders-to-stop-burning-fossil-fuels-not-reduce-not-abate-phase-out,2023-12-01,,2,https://static01.nyt.com/images/2023/12/01/multimedia/01cop28-blog-guterres-fcgh/01cop28-blog-guterres-fcgh-thumbStandard.jpg,../Scripts/output/nytimes/nytimes_images/nytimes_2023-12-01_0f600be7-4c11-5590-9d91-248451744c7c_img02.jpg,,,0,,0,,1,broad_candidate
4c4582a5-f896-5bf7-b529-6525dec26407,The New York Times,2023,"""net zero""",Rishi Sunak promises to honor Britain’s climate commitments in a ‘more pragmatic way.’,https://www.nytimes.com/2023/12/01/climate/rishi-sunak-cop28-britain.html,2023-12-01,,1,https://static01.nyt.com/images/2023/12/01/multimedia/01cop28-blog-sunak-2-jzwm/01cop28-blog-sunak-2-jzwm-articleLarge.jpg,../Scripts/output/nytimes/nytimes_images/nytimes_2023-12-01_4c4582a5-f896-5bf7-b529-6525dec26407_img01.jpg,,,0,,0,,1,broad_candidate
4c4582a5-f896-5bf7-b529-6525dec26407,The New York Times,2023,"""net zero""",Rishi Sunak promises to honor Britain’s climate commitments in a ‘more pragmatic way.’,https://www.nytimes.com/2023/12/01/climate/rishi-sunak-cop28-britain.html,2023-12-01,,2,https://static01.nyt.com/images/2023/12/01/multimedia/01cop28-blog-sunak-2-jzwm/01cop28-blog-sunak-2-jzwm-thumbStandard.jpg,../Scripts/output/nytimes/nytimes_images/nytimes_2023-12-01_4c4582a5-f896-5bf7-b529-6525dec26407_img02.jpg,,,0,,0,,1,broad_candidate
42c2d53e-cb77-5834-b8da-d339c8701f55,The New York Times,2023,"""global temperature""",Biden Administration Announces Rule to Cut Millions of Tons of Methane Emissions,https://www.nytimes.com/2023/12/02/climate/biden-methane-climate-cop28.html,2023-12-02,,1,https://static01.nyt.com/images/2023/12/02/multimedia/02cli-methane-zlck/02cli-methane-zlck-articleLarge.jpg,../Scripts/output/nytimes/nytimes_images/nytimes_2023-12-02_42c2d53e-cb77-5834-b8da-d339c8701f55_img01.jpg,,,0,,0,,1,broad_candidate
42c2d53e-cb77-5834-b8da-d339c8701f55,The New York Times,2023,"""global temperature""",Biden Administration Announces Rule to Cut Millions of Tons of Methane Emissions,https://www.nytimes.com/2023/12/02/climate/biden-methane-climate-cop28.html,2023-12-02,,2,https://static01.nyt.com/images/2023/12/02/multimedia/02cli-methane-zlck/02cli-methane-zlck-thumbStandard.jpg,../Scripts/output/nytimes/nytimes_images/nytimes_2023-12-02_42c2d53e-cb77-5834-b8da-d339c8701f55_img02.jpg,,,0,,0,,1,broad_candidate
9c511567-94b4-5496-adbd-5c0cec61472a,The New York Times,2023,"""global temperature""",The Financial Paradox Blocking Efforts to Fight Climate Change,https://www.nytimes.com/2023/12/02/business/dealbook/financing-climate-efforts.html,2023-12-02,,1,https://static01.nyt.com/images/2023/12/04/business/02subDB-COP-print/02DB-COP-articleLarge.jpg,../Scripts/output/nytimes/nytimes_images/nytimes_2023-12-02_9c511567-94b4-5496-adbd-5c0cec61472a_img01.jpg,,,0,,0,,1,broad_candidate
9c511567-94b4-5496-adbd-5c0cec61472a,The New York Times,2023,"""global temperature""",The Financial Paradox Blocking Efforts to Fight Climate Change,https://www.nytimes.com/2023/12/02/business/dealbook/financing-climate-efforts.html,2023-12-02,,2,https://static01.nyt.com/images/2023/12/04/business/02subDB-COP-print/02DB-COP-thumbStandard.jpg,../Scripts/output/nytimes/nytimes_images/nytimes_2023-12-02_9c511567-94b4-5496-adbd-5c0cec61472a_img02.jpg,,,0,,0,,1,broad_candidate
c722ac46-1fbc-5463-8151-82b6b031760d,The New York Times,2023,"""net zero""",22 Countries Pledge to Triple Nuclear Capacity in Push to Cut Fossil Fuels,https://www.nytimes.com/2023/12/02/climate/cop28-nuclear-power.html,2023-12-02,,1,https://static01.nyt.com/images/2023/12/02/multimedia/02cli-cop28nuclear-fzlc/02cli-cop28nuclear-fzlc-articleLarge.jpg,../Scripts/output/nytimes/nytimes_images/nytimes_2023-12-02_c722ac46-1fbc-5463-8151-82b6b031760d_img01.jpg,,,0,,0,,1,broad_candidate
c722ac46-1fbc-5463-8151-82b6b031760d,The New York Times,2023,"""net zero""",22 Countries Pledge to Triple Nuclear Capacity in Push to Cut Fossil Fuels,https://www.nytimes.com/2023/12/02/climate/cop28-nuclear-power.html,2023-12-02,,2,https://static01.nyt.com/images/2023/12/02/multimedia/02cli-cop28nuclear-fzlc/02cli-cop28nuclear-fzlc-thumbStandard.jpg,../Scripts/output/nytimes/nytimes_images/nytimes_2023-12-02_c722ac46-1fbc-5463-8151-82b6b031760d_img02.jpg,,,0,,0,,1,broad_candidate
64269af5-705b-5dea-ad17-1c33600ed093,The New York Times,2023,"""carbon budget""","Global Fossil Fuel Emissions Are Rising, Report Finds",https://www.nytimes.com/2023/12/04/climate/global-fossil-fuel-emissions.html,2023-12-05,,1,https://static01.nyt.com/images/2023/12/04/multimedia/4CLI-carbon-budget-01-jwkl/4CLI-carbon-budget-01-jwkl-articleLarge.jpg,../Scripts/output/nytimes/nytimes_images/nytimes_2023-12-05_64269af5-705b-5dea-ad17-1c33600ed093_img01.jpg,,,0,,0,,1,broad_candidate
64269af5-705b-5dea-ad17-1c33600ed093,The New York Times,2023,"""carbon budget""","Global Fossil Fuel Emissions Are Rising, Report Finds",https://www.nytimes.com/2023/12/04/climate/global-fossil-fuel-emissions.html,2023-12-05,,2,https://static01.nyt.com/images/2023/12/04/multimedia/4CLI-carbon-budget-01-jwkl/4CLI-carbon-budget-01-jwkl-thumbStandard.jpg,../Scripts/output/nytimes/nytimes_images/nytimes_2023-12-05_64269af5-705b-5dea-ad17-1c33600ed093_img02.jpg,,,0,,0,,1,broad_candidate
87414931-6a68-5be7-9ec9-e52720375ea6,The New York Times,2023,"""global temperature""",Tuesday Briefing,https://www.nytimes.com/2023/12/05/briefing/gaza-war-cop28-ukraine.html,2023-12-05,,1,https://static01.nyt.com/images/2023/12/04/multimedia/05ambriefing-europe-nl-promo-dec/05ambriefing-europe-nl-israel-articleLarge.jpg,../Scripts/output/nytimes/nytimes_images/nytimes_2023-12-05_87414931-6a68-5be7-9ec9-e52720375ea6_img01.jpg,,,0,,0,,1,broad_candidate
87414931-6a68-5be7-9ec9-e52720375ea6,The New York Times,2023,"""global temperature""",Tuesday Briefing,https://www.nytimes.com/2023/12/05/briefing/gaza-war-cop28-ukraine.html,2023-12-05,,2,https://static01.nyt.com/images/2023/12/04/multimedia/05ambriefing-europe-nl-promo-dec/04israel-hamas-briefing-carousel-new06-cqzh-thumbStandard.jpg,../Scripts/output/nytimes/nytimes_images/nytimes_2023-12-05_87414931-6a68-5be7-9ec9-e52720375ea6_img02.jpg,,,0,,0,,1,broad_candidate
972213c5-e62f-5f3d-b3d8-ac3e183f9f2a,The New York Times,2023,"""sea level rise""",Miami Has Matured into a Cultural Capital. What’s Next?,https://www.nytimes.com/2023/12/05/arts/design/miami-new-art-capital-effects.html,2023-12-05,,1,https://static01.nyt.com/images/2023/12/06/multimedia/06sp-miami-longview-04-pkmq/06sp-miami-longview-04-pkmq-articleLarge.jpg,../Scripts/output/nytimes/nytimes_images/nytimes_2023-12-05_972213c5-e62f-5f3d-b3d8-ac3e183f9f2a_img01.jpg,,,0,,0,,1,broad_candidate
972213c5-e62f-5f3d-b3d8-ac3e183f9f2a,The New York Times,2023,"""sea level rise""",Miami Has Matured into a Cultural Capital. What’s Next?,https://www.nytimes.com/2023/12/05/arts/design/miami-new-art-capital-effects.html,2023-12-05,,2,https://static01.nyt.com/images/2023/12/06/multimedia/06sp-miami-longview-04-pkmq/06sp-miami-longview-04-pkmq-thumbStandard.jpg,../Scripts/output/nytimes/nytimes_images/nytimes_2023-12-05_972213c5-e62f-5f3d-b3d8-ac3e183f9f2a_img02.jpg,,,0,,0,,1,broad_candidate
acce95d7-bbce-5f16-864d-3755f5d59fa7,The New York Times,2023,"""global temperature""",Where Will the Whales Be? Ask the Climate Model.,https://www.nytimes.com/2023/12/05/climate/fishing-whale-endangered-species.html,2023-12-05,,1,https://static01.nyt.com/images/2023/12/05/climate/05CLI-whaleforecast-01/05CLI-whaleforecast-01-articleLarge.jpg,../Scripts/output/nytimes/nytimes_images/nytimes_2023-12-05_acce95d7-bbce-5f16-864d-3755f5d59fa7_img01.jpg,,,0,,0,,1,broad_candidate
acce95d7-bbce-5f16-864d-3755f5d59fa7,The New York Times,2023,"""global temperature""",Where Will the Whales Be? Ask the Climate Model.,https://www.nytimes.com/2023/12/05/climate/fishing-whale-endangered-species.html,2023-12-05,,2,https://static01.nyt.com/images/2023/12/05/climate/05CLI-whaleforecast-01/05CLI-whaleforecast-01-thumbStandard.jpg,../Scripts/output/nytimes/nytimes_images/nytimes_2023-12-05_acce95d7-bbce-5f16-864d-3755f5d59fa7_img02.jpg,,,0,,0,,1,broad_candidate
14b4918e-bdeb-5efb-8a3b-b141e7f126f0,The New York Times,2023,"""net zero""","U.S. Supports ‘Largely’ Phasing Out Fossil Fuels, John Kerry Says at Climate Summit",https://www.nytimes.com/2023/12/06/climate/kerry-cop28-phaseout-fossil-fuels.html,2023-12-06,,1,https://static01.nyt.com/images/2023/12/06/multimedia/06cli-cop28-fossilfuels-mwqf/o6cli-cop28-fossilfuels-mwqf-articleLarge.jpg,../Scripts/output/nytimes/nytimes_images/nytimes_2023-12-06_14b4918e-bdeb-5efb-8a3b-b141e7f126f0_img01.jpg,,,0,,0,,1,broad_candidate
14b4918e-bdeb-5efb-8a3b-b141e7f126f0,The New York Times,2023,"""net zero""","U.S. Supports ‘Largely’ Phasing Out Fossil Fuels, John Kerry Says at Climate Summit",https://www.nytimes.com/2023/12/06/climate/kerry-cop28-phaseout-fossil-fuels.html,2023-12-06,,2,https://static01.nyt.com/images/2023/12/06/multimedia/06cli-cop28-fossilfuels-mwqf/o6cli-cop28-fossilfuels-mwqf-thumbStandard.jpg,../Scripts/output/nytimes/nytimes_images/nytimes_2023-12-06_14b4918e-bdeb-5efb-8a3b-b141e7f126f0_img02.jpg,,,0,,0,,1,broad_candidate
2b2f26b0-7783-504d-91e7-7c482af32dc4,The New York Times,2023,"""global temperature""",Women Are Coming,https://www.nytimes.com/2023/12/06/special-series/women-activists-climate-crisis-africa.html,2023-12-06,,1,https://static01.nyt.com/images/2023/12/06/multimedia/06tp-mathai/06tp-mathai-articleLarge.jpg,../Scripts/output/nytimes/nytimes_images/nytimes_2023-12-06_2b2f26b0-7783-504d-91e7-7c482af32dc4_img01.jpg,,,0,,0,,1,broad_candidate
2b2f26b0-7783-504d-91e7-7c482af32dc4,The New York Times,2023,"""global temperature""",Women Are Coming,https://www.nytimes.com/2023/12/06/special-series/women-activists-climate-crisis-africa.html,2023-12-06,,2,https://static01.nyt.com/images/2023/12/06/multimedia/06tp-mathai/06tp-mathai-thumbStandard.jpg,../Scripts/output/nytimes/nytimes_images/nytimes_2023-12-06_2b2f26b0-7783-504d-91e7-7c482af32dc4_img02.jpg,,,0,,0,,1,broad_candidate
cbfe1226-7f78-536d-8403-3b5acdef70bc,The New York Times,2023,"""net zero""","What Does ‘Unabated’ Mean, Anyway?",https://www.nytimes.com/2023/12/07/climate/what-does-unabated-mean-anyway.html,2023-12-07,,1,https://static01.nyt.com/images/2023/12/01/climate/00cli-ccs-illo/00cli-ccs-illo-articleLarge.jpg,../Scripts/output/nytimes/nytimes_images/nytimes_2023-12-07_cbfe1226-7f78-536d-8403-3b5acdef70bc_img01.jpg,,,0,,0,,1,broad_candidate
cbfe1226-7f78-536d-8403-3b5acdef70bc,The New York Times,2023,"""net zero""","What Does ‘Unabated’ Mean, Anyway?",https://www.nytimes.com/2023/12/07/climate/what-does-unabated-mean-anyway.html,2023-12-07,,2,https://static01.nyt.com/images/2023/12/01/climate/00cli-ccs-illo/00cli-ccs-illo-thumbStandard.jpg,../Scripts/output/nytimes/nytimes_images/nytimes_2023-12-07_cbfe1226-7f78-536d-8403-3b5acdef70bc_img02.jpg,,,0,,0,,1,broad_candidate
1244b933-8346-52d2-aa8b-d43b350a541f,The New York Times,2023,"""net zero""",Carbon Capture Won’t Save Us From Climate Change,https://www.nytimes.com/2023/12/08/opinion/carbon-capture-climate-change.html,2023-12-08,,1,https://static01.nyt.com/images/2023/12/11/opinion/08coy-image/08coy-image-articleLarge.jpg,../Scripts/output/nytimes/nytimes_images/nytimes_2023-12-08_1244b933-8346-52d2-aa8b-d43b350a541f_img01.jpg,,,0,,0,,1,broad_candidate
1244b933-8346-52d2-aa8b-d43b350a541f,The New York Times,2023,"""net zero""",Carbon Capture Won’t Save Us From Climate Change,https://www.nytimes.com/2023/12/08/opinion/carbon-capture-climate-change.html,2023-12-08,,2,https://static01.nyt.com/images/2023/12/11/opinion/08coy-image/08coy-image-thumbStandard.jpg,../Scripts/output/nytimes/nytimes_images/nytimes_2023-12-08_1244b933-8346-52d2-aa8b-d43b350a541f_img02.jpg,,,0,,0,,1,broad_candidate
d0ffddf3-3119-5d7f-8c27-365b3eef920f,The New York Times,2023,"""net zero""",How Can Buildings Beat the Heat in a Desert City? Blend Ancient and Modern.,https://www.nytimes.com/2023/12/09/climate/climate-change-architecture-emirates.html,2023-12-09,,1,https://static01.nyt.com/images/2023/12/09/multimedia/09cli-cop28ARCHITECTURE-01-tlfb/09cli-cop28ARCHITECTURE-01-tlfb-articleLarge.jpg,../Scripts/output/nytimes/nytimes_images/nytimes_2023-12-09_d0ffddf3-3119-5d7f-8c27-365b3eef920f_img01.jpg,,,0,,0,,1,broad_candidate
d0ffddf3-3119-5d7f-8c27-365b3eef920f,The New York Times,2023,"""net zero""",How Can Buildings Beat the Heat in a Desert City? Blend Ancient and Modern.,https://www.nytimes.com/2023/12/09/climate/climate-change-architecture-emirates.html,2023-12-09,,2,https://static01.nyt.com/images/2023/12/09/multimedia/09cli-cop28ARCHITECTURE-01-tlfb/09cli-cop28ARCHITECTURE-01-tlfb-thumbStandard.jpg,../Scripts/output/nytimes/nytimes_images/nytimes_2023-12-09_d0ffddf3-3119-5d7f-8c27-365b3eef920f_img02.jpg,,,0,,0,,1,broad_candidate
863ecac1-01bb-5d08-8c3d-8cc66512549a,The New York Times,2023,"""sea level rise""","Saudi Arabia Is Trying to Block a Global Deal to End Fossil Fuels, Negotiators Say",https://www.nytimes.com/2023/12/10/climate/saudi-arabia-cop28-fossil-fuels.html,2023-12-10,,1,https://static01.nyt.com/images/2023/12/10/multimedia/10cli-cop28saudi1-gcjt/10cli-cop28saudi1-gcjt-articleLarge.jpg,../Scripts/output/nytimes/nytimes_images/nytimes_2023-12-10_863ecac1-01bb-5d08-8c3d-8cc66512549a_img01.jpg,,,0,,0,,1,broad_candidate
863ecac1-01bb-5d08-8c3d-8cc66512549a,The New York Times,2023,"""sea level rise""","Saudi Arabia Is Trying to Block a Global Deal to End Fossil Fuels, Negotiators Say",https://www.nytimes.com/2023/12/10/climate/saudi-arabia-cop28-fossil-fuels.html,2023-12-10,,2,https://static01.nyt.com/images/2023/12/10/multimedia/10cli-cop28saudi1-gcjt/10cli-cop28saudi1-gcjt-thumbStandard.jpg,../Scripts/output/nytimes/nytimes_images/nytimes_2023-12-10_863ecac1-01bb-5d08-8c3d-8cc66512549a_img02.jpg,,,0,,0,,1,broad_candidate
2a5db7df-e524-5c0a-a05e-9b432afdf6fc,The New York Times,2023,"""sea level rise""",A Year of ‘Unreal’ Fire and Warming in the Arctic,https://www.nytimes.com/2023/12/12/climate/arctic-report-card-climate-change.html,2023-12-12,,1,https://static01.nyt.com/images/2023/12/12/multimedia/12CLI-ARCTICREPORTCARD-gpmc/12CLI-ARCTICREPORTCARD-gpmc-articleLarge.jpg,../Scripts/output/nytimes/nytimes_images/nytimes_2023-12-12_2a5db7df-e524-5c0a-a05e-9b432afdf6fc_img01.jpg,,,0,,0,,1,broad_candidate
2a5db7df-e524-5c0a-a05e-9b432afdf6fc,The New York Times,2023,"""sea level rise""",A Year of ‘Unreal’ Fire and Warming in the Arctic,https://www.nytimes.com/2023/12/12/climate/arctic-report-card-climate-change.html,2023-12-12,,2,https://static01.nyt.com/images/2023/12/12/multimedia/12CLI-ARCTICREPORTCARD-gpmc/12CLI-ARCTICREPORTCARD-gpmc-thumbStandard.jpg,../Scripts/output/nytimes/nytimes_images/nytimes_2023-12-12_2a5db7df-e524-5c0a-a05e-9b432afdf6fc_img02.jpg,,,0,,0,,1,broad_candidate
7a19f519-0d0e-5623-819c-72005db14cc8,The New York Times,2023,"""global temperature""",The Climate Summit Starts to Crack a Tough Nut: Emissions From Food,https://www.nytimes.com/2023/12/12/climate/dubai-cop28-climate-food-agriculture.html,2023-12-12,,1,https://static01.nyt.com/images/2023/12/12/climate/12cli-cop28-food/12cli-cop28-food-articleLarge.jpg,../Scripts/output/nytimes/nytimes_images/nytimes_2023-12-12_7a19f519-0d0e-5623-819c-72005db14cc8_img01.jpg,,,0,,0,,1,broad_candidate
7a19f519-0d0e-5623-819c-72005db14cc8,The New York Times,2023,"""global temperature""",The Climate Summit Starts to Crack a Tough Nut: Emissions From Food,https://www.nytimes.com/2023/12/12/climate/dubai-cop28-climate-food-agriculture.html,2023-12-12,,2,https://static01.nyt.com/images/2023/12/12/climate/12cli-cop28-food/12cli-cop28-food-thumbStandard.jpg,../Scripts/output/nytimes/nytimes_images/nytimes_2023-12-12_7a19f519-0d0e-5623-819c-72005db14cc8_img02.jpg,,,0,,0,,1,broad_candidate
979136f7-0b7b-58b0-886d-0a7ead28a372,The New York Times,2023,"""sea level rise""","In the End, an Oil Man Won a Climate Summit Deal on Moving Away From Oil",https://www.nytimes.com/2023/12/13/climate/sultan-al-jaber-cop28.html,2023-12-13,,1,https://static01.nyt.com/images/2023/12/13/multimedia/13CLI-COP28ALJABER-wgpc/13CLI-COP28ALJABER-wgpc-articleLarge.jpg,../Scripts/output/nytimes/nytimes_images/nytimes_2023-12-13_979136f7-0b7b-58b0-886d-0a7ead28a372_img01.jpg,,,0,,0,,1,broad_candidate
979136f7-0b7b-58b0-886d-0a7ead28a372,The New York Times,2023,"""sea level rise""","In the End, an Oil Man Won a Climate Summit Deal on Moving Away From Oil",https://www.nytimes.com/2023/12/13/climate/sultan-al-jaber-cop28.html,2023-12-13,,2,https://static01.nyt.com/images/2023/12/13/multimedia/13CLI-COP28ALJABER-wgpc/13CLI-COP28ALJABER-wgpc-thumbStandard.jpg,../Scripts/output/nytimes/nytimes_images/nytimes_2023-12-13_979136f7-0b7b-58b0-886d-0a7ead28a372_img02.jpg,,,0,,0,,1,broad_candidate
57e18c9a-10d3-55aa-9df6-f100332d3070,The New York Times,2023,"""sea level rise""",This Antarctic Octopus Has a Warning About Rising Sea Levels,https://www.nytimes.com/2023/12/21/climate/octopus-west-antarctic-ice-sheet.html,2023-12-21,,1,https://static01.nyt.com/images/2023/12/21/multimedia/21cli-antarctic-octopus-promo-kfqb/21cli-antarctic-octopus-promo-kfqb-articleLarge.jpg,../Scripts/output/nytimes/nytimes_images/nytimes_2023-12-21_57e18c9a-10d3-55aa-9df6-f100332d3070_img01.jpg,,,0,,0,,1,broad_candidate
57e18c9a-10d3-55aa-9df6-f100332d3070,The New York Times,2023,"""sea level rise""",This Antarctic Octopus Has a Warning About Rising Sea Levels,https://www.nytimes.com/2023/12/21/climate/octopus-west-antarctic-ice-sheet.html,2023-12-21,,2,https://static01.nyt.com/images/2023/12/21/multimedia/21cli-antarctic-octopus-promo-kfqb/21cli-antarctic-octopus-promo-kfqb-thumbStandard.jpg,../Scripts/output/nytimes/nytimes_images/nytimes_2023-12-21_57e18c9a-10d3-55aa-9df6-f100332d3070_img02.jpg,,,0,,0,,1,broad_candidate
c9cc7b2d-cbb4-5c86-a9ed-c65c5f53153d,The New York Times,2023,"""climate change""",Dreaming of a Getaway,https://www.nytimes.com/2023/12/24/briefing/winter-travel.html,2023-12-24,,1,https://static01.nyt.com/images/2023/12/24/multimedia/24themorning-nl-travel-PROMO/24themorning-nl-travel-lczf-articleLarge-v3.jpg,../Scripts/output/nytimes/nytimes_images/nytimes_2023-12-24_c9cc7b2d-cbb4-5c86-a9ed-c65c5f53153d_img01.jpg,,,0,,0,,1,broad_candidate
c9cc7b2d-cbb4-5c86-a9ed-c65c5f53153d,The New York Times,2023,"""climate change""",Dreaming of a Getaway,https://www.nytimes.com/2023/12/24/briefing/winter-travel.html,2023-12-24,,2,https://static01.nyt.com/images/2023/12/24/multimedia/24themorning-nl-travel-PROMO/24themorning-nl-travel-lczf-thumbStandard-v2.jpg,../Scripts/output/nytimes/nytimes_images/nytimes_2023-12-24_c9cc7b2d-cbb4-5c86-a9ed-c65c5f53153d_img02.jpg,,,0,,0,,1,broad_candidate
df6e4bbd-85dd-5b74-8141-7bc98332397c,The New York Times,2023,"""climate change""","2023 Box Office Lessons: Audiences Sought Comfort, Skipped Spectacle",https://www.nytimes.com/2023/12/25/business/media/movies-box-office.html,2023-12-25,,1,https://static01.nyt.com/images/2023/06/30/business/00franchises/00franchises-articleLarge.jpg,../Scripts/output/nytimes/nytimes_images/nytimes_2023-12-25_df6e4bbd-85dd-5b74-8141-7bc98332397c_img01.jpg,,,0,,0,,1,broad_candidate
df6e4bbd-85dd-5b74-8141-7bc98332397c,The New York Times,2023,"""climate change""","2023 Box Office Lessons: Audiences Sought Comfort, Skipped Spectacle",https://www.nytimes.com/2023/12/25/business/media/movies-box-office.html,2023-12-25,,2,https://static01.nyt.com/images/2023/06/30/business/00franchises/00franchises-thumbStandard.jpg,../Scripts/output/nytimes/nytimes_images/nytimes_2023-12-25_df6e4bbd-85dd-5b74-8141-7bc98332397c_img02.jpg,,,0,,0,,1,broad_candidate
090b495d-9a2a-54dd-8e15-fd8069951b2c,The New York Times,2023,"""climate change""","A Record-Breaking Warm, Snowless Winter Confounds Midwesterners",https://www.nytimes.com/2023/12/26/us/record-warm-weather-minnesota-wisconsin.html,2023-12-26,,1,https://static01.nyt.com/images/2023/12/26/multimedia/26nat-warmth--01-lvcz/26nat-warmth--01-lvcz-articleLarge.jpg,../Scripts/output/nytimes/nytimes_images/nytimes_2023-12-26_090b495d-9a2a-54dd-8e15-fd8069951b2c_img01.jpg,,,0,,0,,1,broad_candidate
090b495d-9a2a-54dd-8e15-fd8069951b2c,The New York Times,2023,"""climate change""","A Record-Breaking Warm, Snowless Winter Confounds Midwesterners",https://www.nytimes.com/2023/12/26/us/record-warm-weather-minnesota-wisconsin.html,2023-12-26,,2,https://static01.nyt.com/images/2023/12/26/multimedia/26nat-warmth--01-lvcz/26nat-warmth--01-lvcz-thumbStandard-v3.jpg,../Scripts/output/nytimes/nytimes_images/nytimes_2023-12-26_090b495d-9a2a-54dd-8e15-fd8069951b2c_img02.jpg,,,0,,0,,1,broad_candidate
6ed195c2-ddcc-552d-b2c6-76afaaf5b37f,The New York Times,2023,"""climate change""","Laphonza Butler Just Got to the Senate, but She’s Not Planning to Stay Long",https://www.nytimes.com/2023/12/26/us/politics/laphonza-butler-senate-california.html,2023-12-26,,1,https://static01.nyt.com/images/2023/12/25/multimedia/00dc-butler-qanda-hzwm/00dc-butler-qanda-hzwm-articleLarge.jpg,../Scripts/output/nytimes/nytimes_images/nytimes_2023-12-26_6ed195c2-ddcc-552d-b2c6-76afaaf5b37f_img01.jpg,,,0,,0,,1,broad_candidate
6ed195c2-ddcc-552d-b2c6-76afaaf5b37f,The New York Times,2023,"""climate change""","Laphonza Butler Just Got to the Senate, but She’s Not Planning to Stay Long",https://www.nytimes.com/2023/12/26/us/politics/laphonza-butler-senate-california.html,2023-12-26,,2,https://static01.nyt.com/images/2023/12/25/multimedia/00dc-butler-qanda-hzwm/00dc-butler-qanda-hzwm-thumbStandard.jpg,../Scripts/output/nytimes/nytimes_images/nytimes_2023-12-26_6ed195c2-ddcc-552d-b2c6-76afaaf5b37f_img02.jpg,,,0,,0,,1,broad_candidate
75b54c66-077f-51fe-b91a-87fc6cd1d002,The New York Times,2023,"""climate change""",Earth Was Due for Another Year of Record Warmth. But This Warm?,https://www.nytimes.com/2023/12/26/climate/global-warming-accelerating.html,2023-12-26,,1,https://static01.nyt.com/images/2023/12/26/multimedia/00acc-hp-promo/00acc-hp-promo-articleLarge-v6.png,../Scripts/output/nytimes/nytimes_images/nytimes_2023-12-26_75b54c66-077f-51fe-b91a-87fc6cd1d002_img01.png,,,0,,0,,1,broad_candidate
75b54c66-077f-51fe-b91a-87fc6cd1d002,The New York Times,2023,"""climate change""",Earth Was Due for Another Year of Record Warmth. But This Warm?,https://www.nytimes.com/2023/12/26/climate/global-warming-accelerating.html,2023-12-26,,2,https://static01.nyt.com/images/2023/12/26/multimedia/00acc-hp-promo/00acc-hp-promo-thumbStandard-v6.png,../Scripts/output/nytimes/nytimes_images/nytimes_2023-12-26_75b54c66-077f-51fe-b91a-87fc6cd1d002_img02.png,,,0,,0,,1,broad_candidate
82cf1e31-1061-5098-b1e3-b3083c4dc9d0,The New York Times,2023,"""climate change""",A Natural Gas Project Is Biden’s Next Big Climate Test,https://www.nytimes.com/2023/12/26/climate/cp2-natural-gas-export-louisiana.html,2023-12-26,,1,https://static01.nyt.com/images/2023/12/21/multimedia/00cli-usdoubletalk-02-pqgw/00cli-usdoubletalk-02-pqgw-articleLarge.jpg,../Scripts/output/nytimes/nytimes_images/nytimes_2023-12-26_82cf1e31-1061-5098-b1e3-b3083c4dc9d0_img01.jpg,,,0,,0,,1,broad_candidate
82cf1e31-1061-5098-b1e3-b3083c4dc9d0,The New York Times,2023,"""climate change""",A Natural Gas Project Is Biden’s Next Big Climate Test,https://www.nytimes.com/2023/12/26/climate/cp2-natural-gas-export-louisiana.html,2023-12-26,,2,https://static01.nyt.com/images/2023/12/21/multimedia/00cli-usdoubletalk-02-pqgw/00cli-usdoubletalk-02-pqgw-thumbStandard.jpg,../Scripts/output/nytimes/nytimes_images/nytimes_2023-12-26_82cf1e31-1061-5098-b1e3-b3083c4dc9d0_img02.jpg,,,0,,0,,1,broad_candidate
12f35e08-f717-58a2-93ed-85ec60079012,The New York Times,2023,"""climate change""",This Silly Museum About Crabs Has Serious Things to Say,https://www.nytimes.com/2023/12/27/arts/design/crab-museum.html,2023-12-27,,1,https://static01.nyt.com/images/2024/01/02/multimedia/27CRAB-MUSEUM-01-htvq/27CRAB-MUSEUM-01-htvq-articleLarge.jpg,../Scripts/output/nytimes/nytimes_images/nytimes_2023-12-27_12f35e08-f717-58a2-93ed-85ec60079012_img01.jpg,,,0,,0,,1,broad_candidate
12f35e08-f717-58a2-93ed-85ec60079012,The New York Times,2023,"""climate change""",This Silly Museum About Crabs Has Serious Things to Say,https://www.nytimes.com/2023/12/27/arts/design/crab-museum.html,2023-12-27,,2,https://static01.nyt.com/images/2024/01/02/multimedia/27CRAB-MUSEUM-01-htvq/27CRAB-MUSEUM-01-htvq-thumbStandard.jpg,../Scripts/output/nytimes/nytimes_images/nytimes_2023-12-27_12f35e08-f717-58a2-93ed-85ec60079012_img02.jpg,,,0,,0,,1,broad_candidate
a07854db-d818-5604-b0bb-831a5ff90d1c,The New York Times,2023,"""climate change""",Storms in Australia Leave at Least 9 Dead,https://www.nytimes.com/2023/12/27/world/australia/australia-christmas-storms-queensland-victoria.html,2023-12-27,,1,https://static01.nyt.com/images/2023/12/27/multimedia/27xp-australia-storms-zlvm/27xp-australia-storms-zlvm-articleLarge.jpg,../Scripts/output/nytimes/nytimes_images/nytimes_2023-12-27_a07854db-d818-5604-b0bb-831a5ff90d1c_img01.jpg,,,0,,0,,1,broad_candidate
a07854db-d818-5604-b0bb-831a5ff90d1c,The New York Times,2023,"""climate change""",Storms in Australia Leave at Least 9 Dead,https://www.nytimes.com/2023/12/27/world/australia/australia-christmas-storms-queensland-victoria.html,2023-12-27,,2,https://static01.nyt.com/images/2023/12/27/multimedia/27xp-australia-storms-zlvm/27xp-australia-storms-zlvm-thumbStandard.jpg,../Scripts/output/nytimes/nytimes_images/nytimes_2023-12-27_a07854db-d818-5604-b0bb-831a5ff90d1c_img02.jpg,,,0,,0,,1,broad_candidate
dcf968e2-09ae-5cbc-8341-36b11f68ee8b,The New York Times,2023,"""climate change""",Innovative Storytelling From 2023,https://www.nytimes.com/2023/12/27/briefing/innovative-storytelling-from-2023.html,2023-12-27,,1,https://static01.nyt.com/images/2023/12/27/multimedia/27themorning-lead-promo/27themorning-lead-articleLarge.jpg,../Scripts/output/nytimes/nytimes_images/nytimes_2023-12-27_dcf968e2-09ae-5cbc-8341-36b11f68ee8b_img01.jpg,,,0,,0,,1,broad_candidate
dcf968e2-09ae-5cbc-8341-36b11f68ee8b,The New York Times,2023,"""climate change""",Innovative Storytelling From 2023,https://www.nytimes.com/2023/12/27/briefing/innovative-storytelling-from-2023.html,2023-12-27,,2,https://static01.nyt.com/images/2023/12/27/multimedia/27themorning-lead-promo/27themorning-lead-thumbStandard.jpg,../Scripts/output/nytimes/nytimes_images/nytimes_2023-12-27_dcf968e2-09ae-5cbc-8341-36b11f68ee8b_img02.jpg,,,0,,0,,1,broad_candidate
01e8efdc-ad70-5644-897c-9f96f735c721,The New York Times,2023,"""climate change""",Snow Shortages Are Plaguing the West’s Mountains,https://www.nytimes.com/2023/12/28/us/west-coast-snowpack-ski-warming.html,2023-12-28,,1,https://static01.nyt.com/images/2023/12/28/multimedia/28nat-snowpack-2-pmkw/28nat-snowpack-2-pmkw-articleLarge.jpg,../Scripts/output/nytimes/nytimes_images/nytimes_2023-12-28_01e8efdc-ad70-5644-897c-9f96f735c721_img01.jpg,,,0,,0,,1,broad_candidate
01e8efdc-ad70-5644-897c-9f96f735c721,The New York Times,2023,"""climate change""",Snow Shortages Are Plaguing the West’s Mountains,https://www.nytimes.com/2023/12/28/us/west-coast-snowpack-ski-warming.html,2023-12-28,,2,https://static01.nyt.com/images/2023/12/28/multimedia/28nat-snowpack-2-pmkw/28nat-snowpack-2-pmkw-thumbStandard.jpg,../Scripts/output/nytimes/nytimes_images/nytimes_2023-12-28_01e8efdc-ad70-5644-897c-9f96f735c721_img02.jpg,,,0,,0,,1,broad_candidate
305ae0ec-d018-5f46-bb98-d225d488d0e0,The New York Times,2023,"""climate change""",‘Significant Damage’ Reported as Storm Moves Through Britain,https://www.nytimes.com/2023/12/28/world/europe/manchester-tornado-uk.html,2023-12-28,,1,https://static01.nyt.com/images/2023/12/28/multimedia/28xp-uktornado-fclh/28xp-uktornado-fclh-articleLarge.jpg,../Scripts/output/nytimes/nytimes_images/nytimes_2023-12-28_305ae0ec-d018-5f46-bb98-d225d488d0e0_img01.jpg,,,0,,0,,1,broad_candidate
305ae0ec-d018-5f46-bb98-d225d488d0e0,The New York Times,2023,"""climate change""",‘Significant Damage’ Reported as Storm Moves Through Britain,https://www.nytimes.com/2023/12/28/world/europe/manchester-tornado-uk.html,2023-12-28,,2,https://static01.nyt.com/images/2023/12/28/multimedia/28xp-uktornado-fclh/28xp-uktornado-fclh-thumbStandard.jpg,../Scripts/output/nytimes/nytimes_images/nytimes_2023-12-28_305ae0ec-d018-5f46-bb98-d225d488d0e0_img02.jpg,,,0,,0,,1,broad_candidate
429adedd-e7ce-5c92-93b4-78373ee7822b,The New York Times,2023,"""climate change""",Young Iowa Republicans Raise Their Voices. Will Their Party Listen?,https://www.nytimes.com/2023/12/28/us/politics/republicans-young-voters-iowa.html,2023-12-28,,1,https://static01.nyt.com/images/2023/12/28/multimedia/28pol-iowa-college-republicans-topart-ltmj/28pol-iowa-college-republicans-topart-ltmj-articleLarge.jpg,../Scripts/output/nytimes/nytimes_images/nytimes_2023-12-28_429adedd-e7ce-5c92-93b4-78373ee7822b_img01.jpg,,,0,,0,,1,broad_candidate
429adedd-e7ce-5c92-93b4-78373ee7822b,The New York Times,2023,"""climate change""",Young Iowa Republicans Raise Their Voices. Will Their Party Listen?,https://www.nytimes.com/2023/12/28/us/politics/republicans-young-voters-iowa.html,2023-12-28,,2,https://static01.nyt.com/images/2023/12/28/multimedia/28pol-iowa-college-republicans-topart-ltmj/28pol-iowa-college-republicans-topart-ltmj-thumbStandard.jpg,../Scripts/output/nytimes/nytimes_images/nytimes_2023-12-28_429adedd-e7ce-5c92-93b4-78373ee7822b_img02.jpg,,,0,,0,,1,broad_candidate
51ed37dc-1d2d-5a7e-ad79-3b635e1180d6,The New York Times,2023,"""climate change""",The Year’s Best Times Opinion Coverage,https://www.nytimes.com/2023/12/28/briefing/best-times-opinion.html,2023-12-28,,1,https://static01.nyt.com/images/2023/12/28/multimedia/28themorning-lead-promo/28themorning-lead-articleLarge.jpg,../Scripts/output/nytimes/nytimes_images/nytimes_2023-12-28_51ed37dc-1d2d-5a7e-ad79-3b635e1180d6_img01.jpg,,,0,,0,,1,broad_candidate
51ed37dc-1d2d-5a7e-ad79-3b635e1180d6,The New York Times,2023,"""climate change""",The Year’s Best Times Opinion Coverage,https://www.nytimes.com/2023/12/28/briefing/best-times-opinion.html,2023-12-28,,2,https://static01.nyt.com/images/2023/12/28/multimedia/28themorning-lead-promo/28themorning-lead-thumbStandard.jpg,../Scripts/output/nytimes/nytimes_images/nytimes_2023-12-28_51ed37dc-1d2d-5a7e-ad79-3b635e1180d6_img02.jpg,,,0,,0,,1,broad_candidate
7a39bf68-df02-5ba9-ba6b-5061042eaf1f,The New York Times,2023,"""climate change""",Friday Briefing: A Pattern of Rape and Torture on Oct. 7,https://www.nytimes.com/2023/12/28/world/asia/rape-hamas-israel-investigation-asia.html,2023-12-28,,1,https://static01.nyt.com/images/2020/04/21/multimedia/THE-MORNING-SECTION-BREAK/THE-MORNING-SECTION-BREAK-articleLarge.jpg,../Scripts/output/nytimes/nytimes_images/nytimes_2023-12-28_7a39bf68-df02-5ba9-ba6b-5061042eaf1f_img01.jpg,,,0,,0,,1,broad_candidate
8d429dbd-576e-58e5-8f09-bc2b726adc02,The New York Times,2023,"""climate change""","A Mother, a Daughter, a Deadly Journey: An Update",https://www.nytimes.com/2023/12/28/podcasts/the-daily/darien-gap-update.html,2023-12-28,,1,https://static01.nyt.com/images/2023/01/20/multimedia/20daily-1/20Daily-DarienGap-tfvh-articleLarge.jpg,../Scripts/output/nytimes/nytimes_images/nytimes_2023-12-28_8d429dbd-576e-58e5-8f09-bc2b726adc02_img01.jpg,,,0,,0,,1,broad_candidate
8d429dbd-576e-58e5-8f09-bc2b726adc02,The New York Times,2023,"""climate change""","A Mother, a Daughter, a Deadly Journey: An Update",https://www.nytimes.com/2023/12/28/podcasts/the-daily/darien-gap-update.html,2023-12-28,,2,https://static01.nyt.com/images/2023/01/20/multimedia/20daily-1/20Daily-DarienGap-tfvh-thumbStandard.jpg,../Scripts/output/nytimes/nytimes_images/nytimes_2023-12-28_8d429dbd-576e-58e5-8f09-bc2b726adc02_img02.jpg,,,0,,0,,1,broad_candidate
030eed37-6570-58e3-8fdd-c74ed0052689,The New York Times,2023,"""climate change""",What Is Happening to Our World?,https://www.nytimes.com/2023/12/29/opinion/israel-hamas-war.html,2023-12-29,,1,https://static01.nyt.com/images/2023/12/31/multimedia/29friedman-jhkb/29friedman-jhkb-articleLarge.jpg,../Scripts/output/nytimes/nytimes_images/nytimes_2023-12-29_030eed37-6570-58e3-8fdd-c74ed0052689_img01.jpg,,,0,,0,,1,broad_candidate
030eed37-6570-58e3-8fdd-c74ed0052689,The New York Times,2023,"""climate change""",What Is Happening to Our World?,https://www.nytimes.com/2023/12/29/opinion/israel-hamas-war.html,2023-12-29,,2,https://static01.nyt.com/images/2023/12/31/multimedia/29friedman-jhkb/29friedman-jhkb-thumbStandard.jpg,../Scripts/output/nytimes/nytimes_images/nytimes_2023-12-29_030eed37-6570-58e3-8fdd-c74ed0052689_img02.jpg,,,0,,0,,1,broad_candidate
423ca5a4-d48e-5433-8266-4ba8a5aa8339,The New York Times,2023,"""climate change""",The Year in People: Our 12 Favorite Saturday Profiles of 2023,https://www.nytimes.com/2023/12/29/world/asia/best-saturday-profiles-2023.html,2023-12-29,,1,https://static01.nyt.com/images/2023/12/29/world/29SAT-PROFILE-2023-FAVES-COMBO/29SAT-PROFILE-2023-FAVES-COMBO-articleLarge.jpg,../Scripts/output/nytimes/nytimes_images/nytimes_2023-12-29_423ca5a4-d48e-5433-8266-4ba8a5aa8339_img01.jpg,,,0,,0,,1,broad_candidate
423ca5a4-d48e-5433-8266-4ba8a5aa8339,The New York Times,2023,"""climate change""",The Year in People: Our 12 Favorite Saturday Profiles of 2023,https://www.nytimes.com/2023/12/29/world/asia/best-saturday-profiles-2023.html,2023-12-29,,2,https://static01.nyt.com/images/2023/12/29/world/29SAT-PROFILE-2023-FAVES-COMBO/29SAT-PROFILE-2023-FAVES-COMBO-thumbStandard.jpg,../Scripts/output/nytimes/nytimes_images/nytimes_2023-12-29_423ca5a4-d48e-5433-8266-4ba8a5aa8339_img02.jpg,,,0,,0,,1,broad_candidate
42530c63-e344-51e7-8224-fbed93fb7f55,The New York Times,2023,"""climate change""",Does Israel Need ‘Tough Love’ From the U.S.?,https://www.nytimes.com/2023/12/29/opinion/letters/israel-tough-love.html,2023-12-29,,1,https://static01.nyt.com/images/2023/12/23/multimedia/22friedman-czqh/22friedman-czqh-articleLarge.jpg,../Scripts/output/nytimes/nytimes_images/nytimes_2023-12-29_42530c63-e344-51e7-8224-fbed93fb7f55_img01.jpg,,,0,,0,,1,broad_candidate
42530c63-e344-51e7-8224-fbed93fb7f55,The New York Times,2023,"""climate change""",Does Israel Need ‘Tough Love’ From the U.S.?,https://www.nytimes.com/2023/12/29/opinion/letters/israel-tough-love.html,2023-12-29,,2,https://static01.nyt.com/images/2023/12/23/multimedia/22friedman-czqh/22friedman-czqh-thumbStandard.jpg,../Scripts/output/nytimes/nytimes_images/nytimes_2023-12-29_42530c63-e344-51e7-8224-fbed93fb7f55_img02.jpg,,,0,,0,,1,broad_candidate
46ff8c2a-6241-52d5-8e17-7f6e7a9e9030,The New York Times,2023,"""climate change""","How’s Mayor Adams Doing? Don’t Ask, Many New Yorkers Say.",https://www.nytimes.com/2023/12/29/nyregion/eric-adams-record.html,2023-12-29,,1,https://static01.nyt.com/images/2023/12/22/multimedia/00adams-record-01-zjbc/00adams-record-01-zjbc-articleLarge.jpg,../Scripts/output/nytimes/nytimes_images/nytimes_2023-12-29_46ff8c2a-6241-52d5-8e17-7f6e7a9e9030_img01.jpg,,,0,,0,,1,broad_candidate
46ff8c2a-6241-52d5-8e17-7f6e7a9e9030,The New York Times,2023,"""climate change""","How’s Mayor Adams Doing? Don’t Ask, Many New Yorkers Say.",https://www.nytimes.com/2023/12/29/nyregion/eric-adams-record.html,2023-12-29,,2,https://static01.nyt.com/images/2023/12/22/multimedia/00adams-record-01-zjbc/00adams-record-01-zjbc-thumbStandard.jpg,../Scripts/output/nytimes/nytimes_images/nytimes_2023-12-29_46ff8c2a-6241-52d5-8e17-7f6e7a9e9030_img02.jpg,,,0,,0,,1,broad_candidate
7ecc1b7f-d9a6-5993-9218-2dbceffb8e98,The New York Times,2023,"""climate change""","Climate Museum Pops Up in SoHo, Capital of Buying Stuff",https://www.nytimes.com/2023/12/29/arts/design/climate-museum-soho-fossil-fuel.html,2023-12-29,,1,https://static01.nyt.com/images/2024/01/01/multimedia/29climate-museum-soho-gqzc/29climate-museum-soho-gqzc-articleLarge.jpg,../Scripts/output/nytimes/nytimes_images/nytimes_2023-12-29_7ecc1b7f-d9a6-5993-9218-2dbceffb8e98_img01.jpg,,,0,,0,,1,broad_candidate
7ecc1b7f-d9a6-5993-9218-2dbceffb8e98,The New York Times,2023,"""climate change""","Climate Museum Pops Up in SoHo, Capital of Buying Stuff",https://www.nytimes.com/2023/12/29/arts/design/climate-museum-soho-fossil-fuel.html,2023-12-29,,2,https://static01.nyt.com/images/2024/01/01/multimedia/29climate-museum-soho-gqzc/29climate-museum-soho-gqzc-thumbStandard.jpg,../Scripts/output/nytimes/nytimes_images/nytimes_2023-12-29_7ecc1b7f-d9a6-5993-9218-2dbceffb8e98_img02.jpg,,,0,,0,,1,broad_candidate
94e7b92d-d4b6-5b1a-8a1f-bf1c7653301c,The New York Times,2023,"""climate change""",The People Who Lived the Headlines of 2023,https://www.nytimes.com/interactive/2023/12/29/opinion/2023-people-living-the-news.html,2023-12-29,,1,https://static01.nyt.com/images/2023/12/22/opinion/2023-people-living-the-news-1703272745100/2023-people-living-the-news-1703272745100-articleLarge.jpg,../Scripts/output/nytimes/nytimes_images/nytimes_2023-12-29_94e7b92d-d4b6-5b1a-8a1f-bf1c7653301c_img01.jpg,,,0,,0,,1,broad_candidate
94e7b92d-d4b6-5b1a-8a1f-bf1c7653301c,The New York Times,2023,"""climate change""",The People Who Lived the Headlines of 2023,https://www.nytimes.com/interactive/2023/12/29/opinion/2023-people-living-the-news.html,2023-12-29,,2,https://static01.nyt.com/images/2023/12/22/opinion/2023-people-living-the-news-1703272745100/2023-people-living-the-news-1703272745100-thumbStandard.jpg,../Scripts/output/nytimes/nytimes_images/nytimes_2023-12-29_94e7b92d-d4b6-5b1a-8a1f-bf1c7653301c_img02.jpg,,,0,,0,,1,broad_candidate
96122bf9-5e21-5f0e-8159-f23f06625d8d,The New York Times,2023,"""climate change""",Strawberry Case Study: What if Farmers Had to Pay for Water?,https://www.nytimes.com/interactive/2023/12/29/climate/california-farmers-water-tax.html,2023-12-29,,1,https://static01.nyt.com/images/2023/12/26/multimedia/00cli-pricingwater-promo/00cli-pricingwater-13-tkvw-articleLarge.jpg,../Scripts/output/nytimes/nytimes_images/nytimes_2023-12-29_96122bf9-5e21-5f0e-8159-f23f06625d8d_img01.jpg,,,0,,0,,1,broad_candidate
96122bf9-5e21-5f0e-8159-f23f06625d8d,The New York Times,2023,"""climate change""",Strawberry Case Study: What if Farmers Had to Pay for Water?,https://www.nytimes.com/interactive/2023/12/29/climate/california-farmers-water-tax.html,2023-12-29,,2,https://static01.nyt.com/images/2023/12/26/multimedia/00cli-pricingwater-promo/00cli-pricingwater-13-tkvw-thumbStandard.jpg,../Scripts/output/nytimes/nytimes_images/nytimes_2023-12-29_96122bf9-5e21-5f0e-8159-f23f06625d8d_img02.jpg,,,0,,0,,1,broad_candidate
ff97b27a-1a89-5e9a-aced-2c874e8398a7,The New York Times,2023,"""climate change""",The Weekender,https://www.nytimes.com/2023/12/29/briefing/the-weekender.html,2023-12-29,,1,https://static01.nyt.com/images/2023/12/30/multimedia/30weekender-web-1/30weekender-web-1-articleLarge.jpg,../Scripts/output/nytimes/nytimes_images/nytimes_2023-12-29_ff97b27a-1a89-5e9a-aced-2c874e8398a7_img01.jpg,,,0,,0,,1,broad_candidate
ff97b27a-1a89-5e9a-aced-2c874e8398a7,The New York Times,2023,"""climate change""",The Weekender,https://www.nytimes.com/2023/12/29/briefing/the-weekender.html,2023-12-29,,2,https://static01.nyt.com/images/2023/12/30/multimedia/30weekender-web-1/30weekender-web-1-thumbStandard.jpg,../Scripts/output/nytimes/nytimes_images/nytimes_2023-12-29_ff97b27a-1a89-5e9a-aced-2c874e8398a7_img02.jpg,,,0,,0,,1,broad_candidate
0c46d69f-13a2-5957-bf7e-e8aad7c36e53,The New York Times,2023,"""climate change""","This Was a Terrible Year, and Also Maybe the Best One Yet for Humanity",https://www.nytimes.com/2023/12/30/opinion/2023-humanity-poverty-growth.html,2023-12-30,,1,https://static01.nyt.com/images/2024/01/02/multimedia/30kristof-kgwm/30kristof-kgwm-articleLarge.jpg,../Scripts/output/nytimes/nytimes_images/nytimes_2023-12-30_0c46d69f-13a2-5957-bf7e-e8aad7c36e53_img01.jpg,,,0,,0,,1,broad_candidate
0c46d69f-13a2-5957-bf7e-e8aad7c36e53,The New York Times,2023,"""climate change""","This Was a Terrible Year, and Also Maybe the Best One Yet for Humanity",https://www.nytimes.com/2023/12/30/opinion/2023-humanity-poverty-growth.html,2023-12-30,,2,https://static01.nyt.com/images/2024/01/02/multimedia/30kristof-kgwm/30kristof-kgwm-thumbStandard.jpg,../Scripts/output/nytimes/nytimes_images/nytimes_2023-12-30_0c46d69f-13a2-5957-bf7e-e8aad7c36e53_img02.jpg,,,0,,0,,1,broad_candidate
000feebf-29b8-54b9-8046-3b70f87359f6,The New York Times,2023,"""climate change""",Congo’s President Declared Victor in Election Marred by Delays and Protests,https://www.nytimes.com/2023/12/31/world/africa/congo-election-results.html,2023-12-31,,1,https://static01.nyt.com/images/2023/12/31/multimedia/31congo-election-fckl/31congo-election-fckl-articleLarge.jpg,../Scripts/output/nytimes/nytimes_images/nytimes_2023-12-31_000feebf-29b8-54b9-8046-3b70f87359f6_img01.jpg,,,0,,0,,1,broad_candidate
000feebf-29b8-54b9-8046-3b70f87359f6,The New York Times,2023,"""climate change""",Congo’s President Declared Victor in Election Marred by Delays and Protests,https://www.nytimes.com/2023/12/31/world/africa/congo-election-results.html,2023-12-31,,2,https://static01.nyt.com/images/2023/12/31/multimedia/31congo-election-fckl/31congo-election-fckl-thumbStandard.jpg,../Scripts/output/nytimes/nytimes_images/nytimes_2023-12-31_000feebf-29b8-54b9-8046-3b70f87359f6_img02.jpg,,,0,,0,,1,broad_candidate
12ad38a3-41ce-586a-b3bd-d99b3e9d0e1e,The New York Times,2023,"""climate change""",What Are Young Voters Looking For?,https://www.nytimes.com/2023/12/31/opinion/editorials/biden-trump-voters.html,2023-12-31,,1,https://static01.nyt.com/images/2024/01/03/multimedia/31cottle-1-hpqf/31cottle-1-hpqf-articleLarge.jpg,../Scripts/output/nytimes/nytimes_images/nytimes_2023-12-31_12ad38a3-41ce-586a-b3bd-d99b3e9d0e1e_img01.jpg,,,0,,0,,1,broad_candidate
12ad38a3-41ce-586a-b3bd-d99b3e9d0e1e,The New York Times,2023,"""climate change""",What Are Young Voters Looking For?,https://www.nytimes.com/2023/12/31/opinion/editorials/biden-trump-voters.html,2023-12-31,,2,https://static01.nyt.com/images/2024/01/03/multimedia/31cottle-1-hpqf/31cottle-1-hpqf-thumbStandard.jpg,../Scripts/output/nytimes/nytimes_images/nytimes_2023-12-31_12ad38a3-41ce-586a-b3bd-d99b3e9d0e1e_img02.jpg,,,0,,0,,1,broad_candidate
9ac84146-4fcf-566e-b7e0-01eabe64ab95,The New York Times,2023,"""climate change""",Predictions from the Past,https://www.nytimes.com/2023/12/31/briefing/new-years-predictions.html,2023-12-31,,1,https://static01.nyt.com/images/2023/12/31/multimedia/31themorning-nl-newyear-1-PROMO/31themorning-nl-newyear-1-tvcm-articleLarge.jpg,../Scripts/output/nytimes/nytimes_images/nytimes_2023-12-31_9ac84146-4fcf-566e-b7e0-01eabe64ab95_img01.jpg,,,0,,0,,1,broad_candidate
9ac84146-4fcf-566e-b7e0-01eabe64ab95,The New York Times,2023,"""climate change""",Predictions from the Past,https://www.nytimes.com/2023/12/31/briefing/new-years-predictions.html,2023-12-31,,2,https://static01.nyt.com/images/2023/12/31/multimedia/31themorning-nl-newyear-1-PROMO/31themorning-nl-newyear-1-tvcm-thumbStandard.jpg,../Scripts/output/nytimes/nytimes_images/nytimes_2023-12-31_9ac84146-4fcf-566e-b7e0-01eabe64ab95_img02.jpg,,,0,,0,,1,broad_candidate
a3701452-d8b0-58c5-8d14-b3f2bd29ad0b,The New York Times,2023,"""climate change""",What If People Don’t Need to Care About Climate Change to Fix It?,https://www.nytimes.com/interactive/2023/12/31/magazine/hannah-richie-interview.html,2023-12-31,,1,https://static01.nyt.com/images/2024/01/07/magazine/07mag-Talk-1/07mag-Talk-1-articleLarge.jpg,../Scripts/output/nytimes/nytimes_images/nytimes_2023-12-31_a3701452-d8b0-58c5-8d14-b3f2bd29ad0b_img01.jpg,,,0,,0,,1,broad_candidate
a3701452-d8b0-58c5-8d14-b3f2bd29ad0b,The New York Times,2023,"""climate change""",What If People Don’t Need to Care About Climate Change to Fix It?,https://www.nytimes.com/interactive/2023/12/31/magazine/hannah-richie-interview.html,2023-12-31,,2,https://static01.nyt.com/images/2024/01/07/magazine/07mag-Talk-1/07mag-Talk-1-thumbStandard.jpg,../Scripts/output/nytimes/nytimes_images/nytimes_2023-12-31_a3701452-d8b0-58c5-8d14-b3f2bd29ad0b_img02.jpg,,,0,,0,,1,broad_candidate
f146f034-4add-5ce6-bd42-9c0a6e3f66f2,The New York Times,2023,"""climate change""",Don’t Flee the American Southwest Just Yet,https://www.nytimes.com/2023/12/31/opinion/southwest-climate-change-drought.html,2023-12-31,,1,https://static01.nyt.com/images/2024/01/04/opinion/31zoellner/31zoellner-articleLarge.jpg,../Scripts/output/nytimes/nytimes_images/nytimes_2023-12-31_f146f034-4add-5ce6-bd42-9c0a6e3f66f2_img01.jpg,,,0,,0,,1,broad_candidate
f146f034-4add-5ce6-bd42-9c0a6e3f66f2,The New York Times,2023,"""climate change""",Don’t Flee the American Southwest Just Yet,https://www.nytimes.com/2023/12/31/opinion/southwest-climate-change-drought.html,2023-12-31,,2,https://static01.nyt.com/images/2024/01/04/opinion/31zoellner/31zoellner-thumbStandard.jpg,../Scripts/output/nytimes/nytimes_images/nytimes_2023-12-31_f146f034-4add-5ce6-bd42-9c0a6e3f66f2_img02.jpg,,,0,,0,,1,broad_candidate
13f5e346-d816-5dfa-8ac2-b922e87a9fca,The New York Times,2023,"""net zero""",The Dilemmas of a Petrostate Preparing to Host a Climate Summit,https://www.nytimes.com/2023/11/29/world/middleeast/uae-un-climate-summit-cop28.html,2023-11-29,,1,https://static01.nyt.com/images/2023/11/30/multimedia/30uae-cop-1-gkzh/30uae-cop-1-gkzh-articleLarge.jpg,../Scripts/output/nytimes/nytimes_images/nytimes_2023-11-29_13f5e346-d816-5dfa-8ac2-b922e87a9fca_img01.jpg,,,0,,1,epa,1,broad_candidate
13f5e346-d816-5dfa-8ac2-b922e87a9fca,The New York Times,2023,"""net zero""",The Dilemmas of a Petrostate Preparing to Host a Climate Summit,https://www.nytimes.com/2023/11/29/world/middleeast/uae-un-climate-summit-cop28.html,2023-11-29,,2,https://static01.nyt.com/images/2023/11/30/multimedia/30uae-cop-1-gkzh/30uae-cop-1-gkzh-thumbStandard.jpg,../Scripts/output/nytimes/nytimes_images/nytimes_2023-11-29_13f5e346-d816-5dfa-8ac2-b922e87a9fca_img02.jpg,,,0,,1,epa,1,broad_candidate
182b0c0a-a88a-5399-b025-66741a6eb1fc,The New York Times,2023,"""sea level rise""",What No One at COP28 Wanted to Say Out Loud: Prepare for 1.5 Degrees,https://www.nytimes.com/2023/12/16/opinion/cop28-climate-change-renewable-energy.html,2023-12-16,,1,https://static01.nyt.com/images/2023/12/18/multimedia/15wallace-wells-newsletter-01-vwhc/15wallace-wells-newsletter-01-vwhc-articleLarge.jpg,../Scripts/output/nytimes/nytimes_images/nytimes_2023-12-16_182b0c0a-a88a-5399-b025-66741a6eb1fc_img01.jpg,,,0,,1,epa,1,broad_candidate
182b0c0a-a88a-5399-b025-66741a6eb1fc,The New York Times,2023,"""sea level rise""",What No One at COP28 Wanted to Say Out Loud: Prepare for 1.5 Degrees,https://www.nytimes.com/2023/12/16/opinion/cop28-climate-change-renewable-energy.html,2023-12-16,,2,https://static01.nyt.com/images/2023/12/18/multimedia/15wallace-wells-newsletter-01-vwhc/15wallace-wells-newsletter-01-vwhc-thumbStandard.jpg,../Scripts/output/nytimes/nytimes_images/nytimes_2023-12-16_182b0c0a-a88a-5399-b025-66741a6eb1fc_img02.jpg,,,0,,1,epa,1,broad_candidate
