article_id,newspaper,year_window,search_term,article_title,article_url,published_date,updated_date,image_index,image_url,local_image_path,caption,credit,positive_chart_signal_count,positive_chart_signals,negative_photo_signal_count,negative_photo_signals,review_priority,auto_review_label
science-environment-21549643,BBC News,2013,"""1.5C""",Siberian permafrost thaw warning sparked by cave data,https://www.bbc.co.uk/news/science-environment-21549643,2013-02-22,,1,https://ichef.bbci.co.uk/ace/standard/624/mcs/media/images/66022000/jpg/_66022294_66022228.jpg,../Scripts/output/bbc/bbc_images/bbc_2013-02-22_science-environment-21549643_img01.jpg,"Image caption, The caves record changing conditions over hundreds of thousands of years",,1,data,0,,0,likely_visualization
science-environment-21549643,BBC News,2013,"""1.5C""",Siberian permafrost thaw warning sparked by cave data,https://www.bbc.co.uk/news/science-environment-21549643,2013-02-22,,2,https://ichef.bbci.co.uk/ace/standard/624/mcs/media/images/66022000/jpg/_66022297_66022295.jpg,../Scripts/output/bbc/bbc_images/bbc_2013-02-22_science-environment-21549643_img02.jpg,"Image caption, Thawing of permafrost would have huge implications for ecosystems, says the team",,1,data,0,,0,likely_visualization
science-environment-35354579,BBC News,2016,"""global temperature""",Climate change: 2015 'shattered' global temperature record by wide margin,https://www.bbc.co.uk/news/science-environment-35354579,2016-01-20,,2,https://ichef.bbci.co.uk/ace/standard/800/cpsprodpb/703B/production/_87813782_hadcrut4_new_logo.1961-1990copy1.jpg,../Scripts/output/bbc/bbc_images/bbc_2016-01-20_science-environment-35354579_img02.jpg,"Image caption, This graph shows how temperatures deviate from the long-term average",,1,graph,0,,0,likely_visualization
uk-england-merseyside-37728501,BBC News,2016,IPCC,IPCC to assess Sir Norman Bettison's Hillsborough book,https://www.bbc.co.uk/news/uk-england-merseyside-37728501,2016-10-21,,3,https://ichef.bbci.co.uk/ace/standard/976/cpsprodpb/7554/production/_89963003_pa-26167934.jpg,../Scripts/output/bbc/bbc_images/bbc_2016-10-21_uk-england-merseyside-37728501_img03.jpg,"Image caption, David Crompton was suspended as chief constable of South Yorkshire Police after the Hillsborough inquests",,1,table,0,,0,likely_visualization
uk-england-stoke-staffordshire-40854679,BBC News,2017,IPCC,IPCC investigates alleged scattering of baby's ashes during search,https://www.bbc.co.uk/news/uk-england-stoke-staffordshire-40854679,2017-08-07,,1,https://ichef.bbci.co.uk/ace/standard/976/cpsprodpb/FD65/production/_96796846_nathan.jpg,../Scripts/output/bbc/bbc_images/bbc_2017-08-07_uk-england-stoke-staffordshire-40854679_img01.jpg,"Image caption, Nathan Wright died suddenly in 2014 aged 10 months",,1,scatter,0,,0,likely_visualization
uk-england-stoke-staffordshire-40854679,BBC News,2017,IPCC,IPCC investigates alleged scattering of baby's ashes during search,https://www.bbc.co.uk/news/uk-england-stoke-staffordshire-40854679,2017-08-07,,2,https://ichef.bbci.co.uk/ace/standard/976/cpsprodpb/171F6/production/_96801749_family.jpg,../Scripts/output/bbc/bbc_images/bbc_2017-08-07_uk-england-stoke-staffordshire-40854679_img02.jpg,"Image caption, An inquest into Nathan's death has yet to take place",,1,scatter,0,,0,likely_visualization
science-environment-50438611,BBC News,2019,"""sea level rise""",Sentinel for sea-level rise enters testing,https://www.bbc.co.uk/news/science-environment-50438611,2019-11-15,,3,https://ichef.bbci.co.uk/ace/standard/640/cpsprodpb/D65B/production/_108957845_sea_level_rise_map640-nc.png,../Scripts/output/bbc/bbc_images/bbc_2019-11-15_science-environment-50438611_img03.png,,,1,map,0,,0,likely_visualization
science-environment-50438611,BBC News,2019,"""sea level rise""",Sentinel for sea-level rise enters testing,https://www.bbc.co.uk/news/science-environment-50438611,2019-11-15,,4,https://ichef.bbci.co.uk/ace/standard/640/cpsprodpb/8E65/production/_108935463_sea_levels_cities_at_riskmap640-nc.png,../Scripts/output/bbc/bbc_images/bbc_2019-11-15_science-environment-50438611_img04.png,,,1,map,0,,0,likely_visualization
uk-england-cornwall-54798122,BBC News,2020,"""sea level rise""",Effect of rising sea levels 'unpredictable',https://www.bbc.co.uk/news/uk-england-cornwall-54798122,2020-11-04,,1,https://ichef.bbci.co.uk/ace/standard/976/cpsprodpb/47F5/production/_115212481_image2_fieldboundaries_historicengland.jpg,../Scripts/output/bbc/bbc_images/bbc_2020-11-04_uk-england-cornwall-54798122_img01.jpg,"Image caption, The study showed how the Isles of Scilly has adapted to changing sea levels over 12,000 years",,1,table,0,,0,likely_visualization
uk-england-cornwall-54798122,BBC News,2020,"""sea level rise""",Effect of rising sea levels 'unpredictable',https://www.bbc.co.uk/news/uk-england-cornwall-54798122,2020-11-04,,2,https://ichef.bbci.co.uk/ace/standard/976/cpsprodpb/BD25/production/_115212484_image3_scillyaerial_historicengland.jpg,../Scripts/output/bbc/bbc_images/bbc_2020-11-04_uk-england-cornwall-54798122_img02.jpg,"Image caption, The current cluster of 140 islands in the Isles of Scilly formed from a single island less than 1,000 years ago",,1,table,0,,0,likely_visualization
science-environment-56935097,BBC News,2021,"""sea level rise""",The Cornish hut that gave rise to sea level benchmark,https://www.bbc.co.uk/news/science-environment-56935097,2021-04-30,,5,https://ichef.bbci.co.uk/ace/standard/976/cpsprodpb/13B42/production/_118260708_os-maps-3d.jpg,../Scripts/output/bbc/bbc_images/bbc_2021-04-30_science-environment-56935097_img05.jpg,"Image caption, OS map applications allow you to fly around 3D mountains",,1,map,0,,0,likely_visualization
science-environment-58130705,BBC News,2021,IPCC,Climate change: IPCC report is 'code red for humanity',https://www.bbc.co.uk/news/science-environment-58130705,2021-08-09,,6,https://ichef.bbci.co.uk/ace/standard/1280/cpsprodpb/FF74/production/_119869356_ipcc_climat_maps_2x640-nc.png,../Scripts/output/bbc/bbc_images/bbc_2021-08-09_science-environment-58130705_img06.png,,,1,map,0,,0,likely_visualization
science-environment-58138714,BBC News,2021,IPCC,Climate change: Five things we have learned from the IPCC report,https://www.bbc.co.uk/news/science-environment-58138714,2021-08-09,,2,https://ichef.bbci.co.uk/ace/standard/1280/cpsprodpb/15076/production/_119843168_ipcc_heat_chart_640-nc.png,../Scripts/output/bbc/bbc_images/bbc_2021-08-09_science-environment-58138714_img02.png,,,1,chart,0,,0,likely_visualization
science-environment-58138714,BBC News,2021,IPCC,Climate change: Five things we have learned from the IPCC report,https://www.bbc.co.uk/news/science-environment-58138714,2021-08-09,,9,https://ichef.bbci.co.uk/ace/standard/1280/cpsprodpb/17786/production/_119843169_ipcc_rain_chart_640-nc.png,../Scripts/output/bbc/bbc_images/bbc_2021-08-09_science-environment-58138714_img09.png,,,1,chart,0,,0,likely_visualization
science-environment-58138714,BBC News,2021,IPCC,Climate change: Five things we have learned from the IPCC report,https://www.bbc.co.uk/news/science-environment-58138714,2021-08-09,,10,https://ichef.bbci.co.uk/ace/standard/1280/cpsprodpb/B2EF/production/_119870854_ipcc_climat_maps_2x640-nc.png,../Scripts/output/bbc/bbc_images/bbc_2021-08-09_science-environment-58138714_img10.png,,,1,map,0,,0,likely_visualization
world-58064485,BBC News,2021,IPCC,Climate change: At-risk nations fear extinction after IPCC report,https://www.bbc.co.uk/news/world-58064485,2021-08-09,,3,https://ichef.bbci.co.uk/ace/standard/1280/cpsprodpb/649D/production/_119875752_ipcc_climat_maps_2x640-nc.png,../Scripts/output/bbc/bbc_images/bbc_2021-08-09_world-58064485_img03.png,,,1,map,0,,0,likely_visualization
science-environment-61795783,BBC News,2022,"""sea level rise""","Climate change: Rising sea levels threaten 200,000 England properties",https://www.bbc.co.uk/news/science-environment-61795783,2022-06-15,,2,https://ichef.bbci.co.uk/ace/standard/1280/cpsprodpb/2B5B/production/_125399011_england_floods_map_640-nc.png,../Scripts/output/bbc/bbc_images/bbc_2022-06-15_science-environment-61795783_img02.png,,,1,map,0,,0,likely_visualization
uk-england-essex-64255567,BBC News,2023,"""sea level rise""",Flood of 1953: Canvey Island defiant in face of rising sea levels,https://www.bbc.co.uk/news/uk-england-essex-64255567,2023-01-31,,8,https://ichef.bbci.co.uk/ace/standard/976/cpsprodpb/7432/production/_128364792_mapfloodareas.jpg,../Scripts/output/bbc/bbc_images/bbc_2023-01-31_uk-england-essex-64255567_img08.jpg,"Image caption, A further 35 people died in Jaywick in north Essex",,1,map,0,,0,likely_visualization
science-environment-65602293,BBC News,2023,"""1.5C""",Global warming set to break key 1.5C limit for first time,https://www.bbc.co.uk/news/science-environment-65602293,2023-05-17,,3,https://ichef.bbci.co.uk/ace/standard/2560/cpsprodpb/5D2F/production/_129755832_avg_temp_change_chart-nc.png,../Scripts/output/bbc/bbc_images/bbc_2023-05-17_science-environment-65602293_img03.png,,,1,chart,0,,0,likely_visualization
science-environment-66857354,BBC News,2023,"""1.5C""",World breaches key 1.5C warming mark for record number of days,https://www.bbc.co.uk/news/science-environment-66857354,2023-10-06,2023-10-07,3,https://ichef.bbci.co.uk/ace/standard/2560/cpsprodpb/6B02/production/_131349372_elnino_index_chart-nc.png,../Scripts/output/bbc/bbc_images/bbc_2023-10-06_science-environment-66857354_img03.png,,,1,chart,0,,0,likely_visualization
science-environment-66857354,BBC News,2023,"""1.5C""",World breaches key 1.5C warming mark for record number of days,https://www.bbc.co.uk/news/science-environment-66857354,2023-10-06,2023-10-07,4,https://ichef.bbci.co.uk/ace/standard/1280/cpsprodpb/9212/production/_131349373_global_2mtemp_jja_anomaly_map-2x-nc.png,../Scripts/output/bbc/bbc_images/bbc_2023-10-06_science-environment-66857354_img04.png,,,1,map,0,,0,likely_visualization
science-environment-67544977,BBC News,2023,"""1.5C""",Five climate change solutions under the spotlight at COP28,https://www.bbc.co.uk/news/science-environment-67544977,2023-12-06,,3,https://ichef.bbci.co.uk/ace/standard/1920/cpsprodpb/C0A1/production/_131831394_productiongapchart-nc.png,../Scripts/output/bbc/bbc_images/bbc_2023-12-06_science-environment-67544977_img03.png,,,1,chart,0,,0,likely_visualization
c4gprn6evzzo,BBC News,2025,"""net zero""",Net zero carbon roadmap for 2030 agreed by Peterborough council,https://www.bbc.co.uk/news/articles/c4gprn6evzzo,2025-01-24,,1,https://ichef.bbci.co.uk/ace/standard/3840/cpsprodpb/ea71/live/b0a5fa40-d985-11ef-9467-577a0b7c8ee7.jpg,../Scripts/output/bbc/bbc_images/bbc_2025-01-24_c4gprn6evzzo_img01.jpg,"Image caption, Peterborough City Council has adopted a roadmap to net zero carbon emissions",,1,map,0,,0,likely_visualization
c4gprn6evzzo,BBC News,2025,"""net zero""",Net zero carbon roadmap for 2030 agreed by Peterborough council,https://www.bbc.co.uk/news/articles/c4gprn6evzzo,2025-01-24,,2,https://ichef.bbci.co.uk/ace/standard/3840/cpsprodpb/7e94/live/ac32e7b0-d990-11ef-902e-cf9b84dc1357.jpg,../Scripts/output/bbc/bbc_images/bbc_2025-01-24_c4gprn6evzzo_img02.jpg,"Image caption, Peterborough City Council has committed to net zero carbon emissions by 2030",,1,map,0,,0,likely_visualization
c4gprn6evzzo,BBC News,2025,"""net zero""",Net zero carbon roadmap for 2030 agreed by Peterborough council,https://www.bbc.co.uk/news/articles/c4gprn6evzzo,2025-01-24,,3,https://ichef.bbci.co.uk/ace/standard/3840/cpsprodpb/c930/live/4fb85420-d986-11ef-9467-577a0b7c8ee7.jpg,../Scripts/output/bbc/bbc_images/bbc_2025-01-24_c4gprn6evzzo_img03.jpg,"Image caption, Conservative group leader Wayne Fitzgerald described the roadmap as 'woke nonsense'",,1,map,0,,0,likely_visualization
c77v01ky1z7o,BBC News,2025,"""carbon budget""","Reading's carbon emissions have fallen by 57%, data shows",https://www.bbc.co.uk/news/articles/c77v01ky1z7o,2025-07-19,,1,https://ichef.bbci.co.uk/ace/standard/1600/cpsprodpb/602e/live/f7f39e20-64bd-11f0-8c25-cdac59c8864f.jpg,../Scripts/output/bbc/bbc_images/bbc_2025-07-19_c77v01ky1z7o_img01.jpg,"Image caption, Carbon emissions in Reading have dropped by 57% since 2005",,1,data,0,,0,likely_visualization
cly31418eq7o,BBC News,2025,"""carbon budget""","Opt-out carbon offset restaurant fee good for planet, says owner",https://www.bbc.co.uk/news/articles/cly31418eq7o,2025-08-16,,2,https://ichef.bbci.co.uk/ace/standard/1920/cpsprodpb/a3d9/live/65387650-79c6-11f0-ab3e-bd52082cd0ae.jpg,../Scripts/output/bbc/bbc_images/bbc_2025-08-16_cly31418eq7o_img02.jpg,"Image caption, One diner said she did not mind the fee, when split between a large table",,1,table,0,,0,likely_visualization
c5yl5e8pg8no,BBC News,2025,"""net zero""",Jersey government reaffirms target of net zero by 2050,https://www.bbc.co.uk/news/articles/c5yl5e8pg8no,2025-10-19,,1,https://ichef.bbci.co.uk/ace/standard/2048/cpsprodpb/1819/live/51c804b0-aa94-11f0-86ac-8fbb271dad90.png,../Scripts/output/bbc/bbc_images/bbc_2025-10-19_c5yl5e8pg8no_img01.png,"Image caption, Net-zero is set out in the Carbon Neutral Roadmap adopted by the States Assembly in 2022",,1,map,0,,0,likely_visualization
cy0y5krrpnwo,BBC News,2025,"""carbon budget""",Blackpool carbon-friendly data centre to create thousands of jobs,https://www.bbc.co.uk/news/articles/cy0y5krrpnwo,2025-11-05,,1,https://ichef.bbci.co.uk/ace/standard/976/cpsprodpb/6400/live/2bb313a0-b994-11f0-ba75-093eca1ac29b.jpg,../Scripts/output/bbc/bbc_images/bbc_2025-11-05_cy0y5krrpnwo_img01.jpg,"Image caption, Concept artwork of how Silicon Sands could look",,1,data,0,,0,likely_visualization
ckg1xjz419lo,BBC News,2025,"""1.5C""",University of Birmingham students head to COP30 in Brazil,https://www.bbc.co.uk/news/articles/ckg1xjz419lo,2025-11-10,,1,https://ichef.bbci.co.uk/ace/standard/3840/cpsprodpb/6e58/live/c137b600-bbd4-11f0-a755-ab35484afe82.jpg,../Scripts/output/bbc/bbc_images/bbc_2025-11-10_ckg1xjz419lo_img01.jpg,"Image caption, Benika Lal is a geography student at the University of Birmingham",,1,graph,0,,0,likely_visualization
cgr10jj8xg2o,BBC News,2025,"""carbon budget""","Humber carbon-capture plan 'a game-changer', villagers told",https://www.bbc.co.uk/news/articles/cgr10jj8xg2o,2025-11-25,,3,https://ichef.bbci.co.uk/ace/standard/1920/cpsprodpb/2736/live/985f2550-c959-11f0-b163-d7d455ce68d3.jpg,../Scripts/output/bbc/bbc_images/bbc_2025-11-25_cgr10jj8xg2o_img03.jpg,"Image caption, A map of the proposed carbon capture pipeline route along the Humber estuary",,1,map,0,,0,likely_visualization
science-environment-50236882,BBC News,2019,"""sea level rise""",Climate change: Sea level rise to affect 'three times more people',https://www.bbc.co.uk/news/science-environment-50236882,2019-10-30,,6,https://ichef.bbci.co.uk/ace/standard/976/cpsprodpb/5BE6/production/_109462532_screenshot2019-10-3012.15.06-2.png,../Scripts/output/bbc/bbc_images/bbc_2019-10-30_science-environment-50236882_img06.png,"Image caption, Artwork: Space Shuttle Endeavour made a 3D map of Earth's surface in 2000",,1,map,1,screenshot,0,likely_visualization
science-environment-56935097,BBC News,2021,"""sea level rise""",The Cornish hut that gave rise to sea level benchmark,https://www.bbc.co.uk/news/science-environment-56935097,2021-04-30,,6,https://ichef.bbci.co.uk/ace/standard/976/cpsprodpb/9F02/production/_118260704_gettyimages-497893052.jpg,../Scripts/output/bbc/bbc_images/bbc_2021-04-30_science-environment-56935097_img06.jpg,"Image caption, So many fields are now dependent on precise elevation data",,1,data,1,getty,0,likely_visualization
c205jvyg3wjo,BBC News,2025,"""1.5C""",Do UN climate talks have a point any more?,https://www.bbc.co.uk/news/articles/c205jvyg3wjo,2025-11-10,,2,https://ichef.bbci.co.uk/ace/standard/1920/cpsprodpb/c714/live/b3d95690-bbe7-11f0-8456-eff94716b162.jpg,../Scripts/output/bbc/bbc_images/bbc_2025-11-10_c205jvyg3wjo_img02.jpg,"Image caption, There were so many world leaders at the summit in Paris ten years ago that the photographers struggled to capture them all together. Vladimir Putin and Narendra Modi attended COP that year too",,1,graph,2,photo|photograph,0,likely_visualization
science-environment-22527273,BBC News,2013,"""sea level rise""",'Best estimate' for impact of melting ice on sea level rise,https://www.bbc.co.uk/news/science-environment-22527273,2013-05-14,,1,"https://ichef.bbci.co.uk/ace/standard/624/mcs/media/images/67603000/jpg/_67603835_c0160122-snow_covered_slope_at_sunrise,_greenland-spl.jpg",../Scripts/output/bbc/bbc_images/bbc_2013-05-14_science-environment-22527273_img01.jpg,"Image caption, Researchers say they now have the most accurate estimate yet for the impact of the melting of ice sheets",,0,,0,,1,broad_candidate
science-environment-22527273,BBC News,2013,"""sea level rise""",'Best estimate' for impact of melting ice on sea level rise,https://www.bbc.co.uk/news/science-environment-22527273,2013-05-14,,2,"https://ichef.bbci.co.uk/ace/standard/412/mcs/media/images/67603000/jpg/_67603840_c0122495-pine_island_glacier,_antarctica,_2011-spl.jpg",../Scripts/output/bbc/bbc_images/bbc_2013-05-14_science-environment-22527273_img02.jpg,"Image caption, The Pine Island Glacier developed a large crack in 2011 but scientists suggest it won't contribute significantly to sea level rise by 2100",,0,,0,,1,broad_candidate
science-environment-22531949,BBC News,2013,"""sea level rise""",Sea levels are rising - but how quickly?,https://www.bbc.co.uk/news/science-environment-22531949,2013-05-14,,1,https://ichef.bbci.co.uk/ace/standard/464/mcs/media/images/67605000/jpg/_67605176_glacier.jpg,../Scripts/output/bbc/bbc_images/bbc_2013-05-14_science-environment-22531949_img01.jpg,"Image caption, Sea level rise remains one of the big unknowns of climate science",,0,,0,,1,broad_candidate
science-environment-22531949,BBC News,2013,"""sea level rise""",Sea levels are rising - but how quickly?,https://www.bbc.co.uk/news/science-environment-22531949,2013-05-14,,2,https://ichef.bbci.co.uk/ace/standard/304/mcs/media/images/67605000/jpg/_67605180_tuvalu.jpg,../Scripts/output/bbc/bbc_images/bbc_2013-05-14_science-environment-22531949_img02.jpg,"Image caption, Tuvalu fears rising tides",,0,,0,,1,broad_candidate
c9w15nggj58o,BBC News,2013,"""climate change""",What is climate change? A really simple guide,https://www.bbc.co.uk/news/articles/c9w15nggj58o,2013-09-23,2026-01-14,1,https://ichef.bbci.co.uk/ace/standard/1024/cpsprodpb/e501/live/56b6eed0-b4cd-11f0-ae37-2fc53b10a225.jpg,../Scripts/output/bbc/bbc_images/bbc_2013-09-23_c9w15nggj58o_img01.jpg,,,0,,0,,1,broad_candidate
c9w15nggj58o,BBC News,2013,"""climate change""",What is climate change? A really simple guide,https://www.bbc.co.uk/news/articles/c9w15nggj58o,2013-09-23,2026-01-14,2,https://ichef.bbci.co.uk/ace/standard/1920/cpsprodpb/ed19/live/23e1d380-f069-11f0-b5f7-49f0357294ff.png,../Scripts/output/bbc/bbc_images/bbc_2013-09-23_c9w15nggj58o_img02.png,,,0,,0,,1,broad_candidate
c9w15nggj58o,BBC News,2013,"""climate change""",What is climate change? A really simple guide,https://www.bbc.co.uk/news/articles/c9w15nggj58o,2013-09-23,2026-01-14,3,https://ichef.bbci.co.uk/ace/standard/1920/cpsprodpb/0de1/live/676db750-d43a-11ef-87df-d575b9a434a4.png,../Scripts/output/bbc/bbc_images/bbc_2013-09-23_c9w15nggj58o_img03.png,,,0,,0,,1,broad_candidate
c9w15nggj58o,BBC News,2013,"""climate change""",What is climate change? A really simple guide,https://www.bbc.co.uk/news/articles/c9w15nggj58o,2013-09-23,2026-01-14,4,https://ichef.bbci.co.uk/ace/standard/999/cpsprodpb/9eb3/live/ff926930-6c89-11f0-af20-030418be2ca5.jpg,../Scripts/output/bbc/bbc_images/bbc_2013-09-23_c9w15nggj58o_img04.jpg,"Image caption, The LA fires killed 30 people and caused about 200,000 people to be evacuated",,0,,0,,1,broad_candidate
c9w15nggj58o,BBC News,2013,"""climate change""",What is climate change? A really simple guide,https://www.bbc.co.uk/news/articles/c9w15nggj58o,2013-09-23,2026-01-14,5,https://ichef.bbci.co.uk/ace/standard/976/cpsprodpb/e249/live/d0c124d0-50ef-11f0-a466-d54f65b60deb.jpg,../Scripts/output/bbc/bbc_images/bbc_2013-09-23_c9w15nggj58o_img05.jpg,"Image caption, The Earth's poles are especially vulnerable to rising temperatures",,0,,0,,1,broad_candidate
c9w15nggj58o,BBC News,2013,"""climate change""",What is climate change? A really simple guide,https://www.bbc.co.uk/news/articles/c9w15nggj58o,2013-09-23,2026-01-14,6,https://ichef.bbci.co.uk/ace/standard/1920/cpsprodpb/f758/live/9860a180-f151-11f0-b5f7-49f0357294ff.png,../Scripts/output/bbc/bbc_images/bbc_2013-09-23_c9w15nggj58o_img06.png,,,0,,0,,1,broad_candidate
c9w15nggj58o,BBC News,2013,"""climate change""",What is climate change? A really simple guide,https://www.bbc.co.uk/news/articles/c9w15nggj58o,2013-09-23,2026-01-14,7,https://ichef.bbci.co.uk/ace/standard/1920/cpsprodpb/943c/live/8e4e7c40-5105-11f0-a466-d54f65b60deb.png,../Scripts/output/bbc/bbc_images/bbc_2013-09-23_c9w15nggj58o_img07.png,,,0,,0,,1,broad_candidate
business-26617722,BBC News,2014,"""carbon budget""",Budget 2014: Carbon tax cut could mean lower energy bills,https://www.bbc.co.uk/news/business-26617722,2014-03-18,,1,https://ichef.bbci.co.uk/ace/standard/512/mcs/media/images/73637000/jpg/_73637235_83950241.jpg,../Scripts/output/bbc/bbc_images/bbc_2014-03-18_business-26617722_img01.jpg,"Image caption, Energy generators are among those who would benefit from a tax cut",,0,,0,,1,broad_candidate
science-environment-30225511,BBC News,2014,"""global temperature""",UN climate talks begin as global temperatures break records,https://www.bbc.co.uk/news/science-environment-30225511,2014-12-01,,1,https://ichef.bbci.co.uk/ace/standard/624/mcs/media/images/79378000/jpg/_79378373_img_0001.jpg,../Scripts/output/bbc/bbc_images/bbc_2014-12-01_science-environment-30225511_img01.jpg,"Image caption, In September, millions of people marched in support of a new approach to climate change",,0,,0,,1,broad_candidate
science-environment-30816143,BBC News,2015,"""sea level rise""",Rate of sea-level rise 'steeper',https://www.bbc.co.uk/news/science-environment-30816143,2015-01-14,,1,https://ichef.bbci.co.uk/ace/standard/624/mcs/media/images/80274000/jpg/_80274333_509052337.jpg,../Scripts/output/bbc/bbc_images/bbc_2015-01-14_science-environment-30816143_img01.jpg,"Image caption, Different effects in different places can either mask or exaggerate the signal",,0,,0,,1,broad_candidate
science-environment-30816143,BBC News,2015,"""sea level rise""",Rate of sea-level rise 'steeper',https://www.bbc.co.uk/news/science-environment-30816143,2015-01-14,,2,https://ichef.bbci.co.uk/ace/standard/624/mcs/media/images/80274000/jpg/_80274798_dsc_6747_v1.jpg,../Scripts/output/bbc/bbc_images/bbc_2015-01-14_science-environment-30816143_img02.jpg,"Image caption, Scientists have calculated the various contributions to sea-level rise, such as melting land ice",,0,,0,,1,broad_candidate
science-environment-30816143,BBC News,2015,"""sea level rise""",Rate of sea-level rise 'steeper',https://www.bbc.co.uk/news/science-environment-30816143,2015-01-14,,3,https://ichef.bbci.co.uk/ace/standard/464/mcs/media/images/63077000/jpg/_63077404_63076505.jpg,../Scripts/output/bbc/bbc_images/bbc_2015-01-14_science-environment-30816143_img03.jpg,"Image caption, The modern tide gauge is now a highly sophisticated tool. Coastal instruments have recorded sea level change at some locations for more than 200 years",,0,,0,,1,broad_candidate
science-environment-30816143,BBC News,2015,"""sea level rise""",Rate of sea-level rise 'steeper',https://www.bbc.co.uk/news/science-environment-30816143,2015-01-14,,4,https://ichef.bbci.co.uk/ace/standard/624/mcs/media/images/80274000/jpg/_80274681_80274680.jpg,../Scripts/output/bbc/bbc_images/bbc_2015-01-14_science-environment-30816143_img04.jpg,"Image caption, The Sentinel-3 satellite is intended to be a continuous programme, like Jason before it",,0,,0,,1,broad_candidate
business-34738408,BBC News,2015,"""sea level rise""",Tonga facing up to rising sea levels,https://www.bbc.co.uk/news/business-34738408,2015-12-01,,1,https://ichef.bbci.co.uk/ace/standard/976/cpsprodpb/4B6D/production/_86590391_tongamarket.jpg,../Scripts/output/bbc/bbc_images/bbc_2015-12-01_business-34738408_img01.jpg,"Image caption, Most Tongans live on the coast",,0,,0,,1,broad_candidate
business-34738408,BBC News,2015,"""sea level rise""",Tonga facing up to rising sea levels,https://www.bbc.co.uk/news/business-34738408,2015-12-01,,2,https://ichef.bbci.co.uk/ace/standard/976/cpsprodpb/066B/production/_86534610_roadwhichwaswashedaway.jpg,../Scripts/output/bbc/bbc_images/bbc_2015-12-01_business-34738408_img02.jpg,"Image caption, Many roads in Tonga are washed away by rising tides",,0,,0,,1,broad_candidate
business-34738408,BBC News,2015,"""sea level rise""",Tonga facing up to rising sea levels,https://www.bbc.co.uk/news/business-34738408,2015-12-01,,3,https://ichef.bbci.co.uk/ace/standard/976/cpsprodpb/245D/production/_86590390_seadefencesatfafa.jpg,../Scripts/output/bbc/bbc_images/bbc_2015-12-01_business-34738408_img03.jpg,"Image caption, Sea defences are being built across the islands",,0,,0,,1,broad_candidate
c93d59d4zy1o,BBC News,2015,"""1.5C""",What is the Paris climate agreement and why does 1.5C matter?,https://www.bbc.co.uk/news/articles/c93d59d4zy1o,2015-12-12,2026-01-27,1,https://ichef.bbci.co.uk/ace/standard/1024/cpsprodpb/8253/live/2cd53860-b987-11f0-bc67-5ff597b9ab99.jpg,../Scripts/output/bbc/bbc_images/bbc_2015-12-12_c93d59d4zy1o_img01.jpg,,,0,,0,,1,broad_candidate
science-environment-35354579,BBC News,2016,"""global temperature""",Climate change: 2015 'shattered' global temperature record by wide margin,https://www.bbc.co.uk/news/science-environment-35354579,2016-01-20,,1,https://ichef.bbci.co.uk/ace/standard/976/cpsprodpb/156B3/production/_87813778_anoms_ytd_col_pct_no_crosses-01-2copy.jpg,../Scripts/output/bbc/bbc_images/bbc_2016-01-20_science-environment-35354579_img01.jpg,"Image caption, Global temperature anomalies in 2015: Many parts of the world have experienced significantly higher temperatures than the average through 2015",,0,,0,,1,broad_candidate
uk-england-wiltshire-35694417,BBC News,2016,IPCC,IPCC reports Wiltshire Police could not have stopped Alison Connolly's murder,https://www.bbc.co.uk/news/uk-england-wiltshire-35694417,2016-03-01,,1,https://ichef.bbci.co.uk/ace/standard/976/cpsprodpb/FA15/production/_87212046_87212044.jpg,../Scripts/output/bbc/bbc_images/bbc_2016-03-01_uk-england-wiltshire-35694417_img01.jpg,"Image caption, Alison Connolly died from a single stab wound to her chest",,0,,0,,1,broad_candidate
uk-england-wiltshire-35694417,BBC News,2016,IPCC,IPCC reports Wiltshire Police could not have stopped Alison Connolly's murder,https://www.bbc.co.uk/news/uk-england-wiltshire-35694417,2016-03-01,,2,https://ichef.bbci.co.uk/ace/standard/976/cpsprodpb/13465/production/_87194987_sisters.jpg,../Scripts/output/bbc/bbc_images/bbc_2016-03-01_uk-england-wiltshire-35694417_img02.jpg,"Image caption, Both sisters are appealing against their sentences, while Charice Gassmann (left) is also appealing against her conviction",,0,,0,,1,broad_candidate
uk-35749903,BBC News,2016,IPCC,"Police use of force needs recording better, IPCC says",https://www.bbc.co.uk/news/uk-35749903,2016-03-08,,1,https://ichef.bbci.co.uk/ace/standard/976/cpsprodpb/165DD/production/_88631619_88631166.jpg,../Scripts/output/bbc/bbc_images/bbc_2016-03-08_uk-35749903_img01.jpg,,,0,,0,,1,broad_candidate
uk-35749903,BBC News,2016,IPCC,"Police use of force needs recording better, IPCC says",https://www.bbc.co.uk/news/uk-35749903,2016-03-08,,2,https://ichef.bbci.co.uk/ace/standard/464/mcs/media/images/87305000/jpg/_87305809_e60a1338-b823-4610-ab6d-1f7eb1e59e96.jpg,../Scripts/output/bbc/bbc_images/bbc_2016-03-08_uk-35749903_img02.jpg,,,0,,0,,1,broad_candidate
uk-35749903,BBC News,2016,IPCC,"Police use of force needs recording better, IPCC says",https://www.bbc.co.uk/news/uk-35749903,2016-03-08,,3,https://ichef.bbci.co.uk/ace/standard/464/cpsprodpb/073A/production/_87305810_097103cc-408c-4904-8238-4a0cb1e67167.jpg,../Scripts/output/bbc/bbc_images/bbc_2016-03-08_uk-35749903_img03.jpg,,,0,,0,,1,broad_candidate
uk-england-lincolnshire-35821678,BBC News,2016,IPCC,Barbie attack police dog investigated by IPCC over two cases,https://www.bbc.co.uk/news/uk-england-lincolnshire-35821678,2016-03-16,,1,https://ichef.bbci.co.uk/ace/standard/976/cpsprodpb/87A5/production/_88552743_dogcomp.jpg,../Scripts/output/bbc/bbc_images/bbc_2016-03-16_uk-england-lincolnshire-35821678_img01.jpg,"Image caption, Falco, a black German shepherd, was suspended from duty after the attack on Barbie the terrier",,0,,0,,1,broad_candidate
uk-england-lincolnshire-35821678,BBC News,2016,IPCC,Barbie attack police dog investigated by IPCC over two cases,https://www.bbc.co.uk/news/uk-england-lincolnshire-35821678,2016-03-16,,2,https://ichef.bbci.co.uk/ace/standard/976/cpsprodpb/1275/production/_88552740_88552739.jpg,../Scripts/output/bbc/bbc_images/bbc_2016-03-16_uk-england-lincolnshire-35821678_img02.jpg,"Image caption, Lincolnshire Police said dogs often live among other family pets but are trained to protect owners",,0,,0,,1,broad_candidate
uk-wales-south-east-wales-35820546,BBC News,2016,IPCC,IPCC to probe police contact with murder victim,https://www.bbc.co.uk/news/uk-wales-south-east-wales-35820546,2016-03-16,,1,https://ichef.bbci.co.uk/ace/standard/976/cpsprodpb/6E13/production/_88597182_comp.jpg,../Scripts/output/bbc/bbc_images/bbc_2016-03-16_uk-wales-south-east-wales-35820546_img01.jpg,,,0,,0,,1,broad_candidate
uk-england-hampshire-35846787,BBC News,2016,IPCC,IPCC finds Martine Brandon custody death officers committed misconduct,https://www.bbc.co.uk/news/uk-england-hampshire-35846787,2016-03-18,,1,https://ichef.bbci.co.uk/ace/standard/976/cpsprodpb/6D96/production/_88845082_southamptoncentralpolicestation.jpg,../Scripts/output/bbc/bbc_images/bbc_2016-03-18_uk-england-hampshire-35846787_img01.jpg,"Image caption, Martine Brandon died at the Southampton Custody Centre, above, on 1 November 2014 after choking on her underwear",,0,,0,,1,broad_candidate
uk-england-tees-35882816,BBC News,2016,IPCC,IPCC to probe Cleveland Police 'discrimination' ruling,https://www.bbc.co.uk/news/uk-england-tees-35882816,2016-03-23,,1,https://ichef.bbci.co.uk/ace/standard/976/cpsprodpb/183E1/production/_86879299_86879298.jpg,../Scripts/output/bbc/bbc_images/bbc_2016-03-23_uk-england-tees-35882816_img01.jpg,"Image caption, PC Nadeem Saddique lodged an official complaint about colleagues displaying ""robust racism""",,0,,0,,1,broad_candidate
uk-england-sussex-35910769,BBC News,2016,IPCC,Sussex Police refer pedestrian death to IPCC,https://www.bbc.co.uk/news/uk-england-sussex-35910769,2016-03-28,,1,https://ichef.bbci.co.uk/ace/standard/976/cpsprodpb/4353/production/_88953271_fatalpedestrianrtclyminsterrd5.jpg,../Scripts/output/bbc/bbc_images/bbc_2016-03-28_uk-england-sussex-35910769_img01.jpg,"Image caption, Police had received an earlier report that a man was on the roadside",,0,,0,,1,broad_candidate
science-environment-35926694,BBC News,2016,"""sea level rise""",'Drastic' Antarctic melt could double global sea-level rise,https://www.bbc.co.uk/news/science-environment-35926694,2016-03-30,,1,"https://ichef.bbci.co.uk/ace/standard/976/cpsprodpb/871E/production/_89009543_c0157237-tourists_at_edge_of_ice_shelf,_antarctica-spl.jpg",../Scripts/output/bbc/bbc_images/bbc_2016-03-30_science-environment-35926694_img01.jpg,"Image caption, The latest model suggests that Antarctic melting could double projections of sea-level rise",,0,,0,,1,broad_candidate
science-environment-35926694,BBC News,2016,"""sea level rise""",'Drastic' Antarctic melt could double global sea-level rise,https://www.bbc.co.uk/news/science-environment-35926694,2016-03-30,,2,https://ichef.bbci.co.uk/ace/standard/976/cpsprodpb/14302/production/_89009628_e2450083-ice_cliffs-spl.jpg,../Scripts/output/bbc/bbc_images/bbc_2016-03-30_science-environment-35926694_img02.jpg,"Image caption, The collapse of ice cliffs could be a significant factor in the new projection",,0,,0,,1,broad_candidate
uk-england-nottinghamshire-35982852,BBC News,2016,IPCC,IPCC to investigate 'naked rampage' arrest death,https://www.bbc.co.uk/news/uk-england-nottinghamshire-35982852,2016-04-06,,1,https://ichef.bbci.co.uk/ace/standard/976/cpsprodpb/16487/production/_89117219_d1737c22-2cbe-4acb-8c45-1f8a82f7106d.jpg,../Scripts/output/bbc/bbc_images/bbc_2016-04-06_uk-england-nottinghamshire-35982852_img01.jpg,"Image caption, Police were called to Hoefield Crescent in Bulwell about a man whose behaviour was ""giving cause for concern""",,0,,0,,1,broad_candidate
uk-england-york-north-yorkshire-35996967,BBC News,2016,IPCC,North Yorkshire Police investigated by IPCC over Scarborough death,https://www.bbc.co.uk/news/uk-england-york-north-yorkshire-35996967,2016-04-08,,1,https://ichef.bbci.co.uk/ace/standard/976/cpsprodpb/55FE/production/_89141022_94bf46b9-70b6-4f0c-bce2-25e1628cba09.jpg,../Scripts/output/bbc/bbc_images/bbc_2016-04-08_uk-england-york-north-yorkshire-35996967_img01.jpg,"Image caption, The IPCC investigation concerns the actions of North Yorkshire Police",,0,,0,,1,broad_candidate
science-environment-36029753,BBC News,2016,"""sea level rise""",Sea-level rise factors unravelled,https://www.bbc.co.uk/news/science-environment-36029753,2016-04-12,,1,https://ichef.bbci.co.uk/ace/standard/976/cpsprodpb/14582/production/_89203338_89203337.jpg,../Scripts/output/bbc/bbc_images/bbc_2016-04-12_science-environment-36029753_img01.jpg,,,0,,0,,1,broad_candidate
uk-36047526,BBC News,2016,IPCC,IPCC to investigate Police Federation fraud allegations,https://www.bbc.co.uk/news/uk-36047526,2016-04-14,,1,https://ichef.bbci.co.uk/ace/standard/624/cpsprodpb/11B07/production/_85155427_dsc_7522.jpg,../Scripts/output/bbc/bbc_images/bbc_2016-04-14_uk-36047526_img01.jpg,,,0,,0,,1,broad_candidate
uk-england-northamptonshire-36114429,BBC News,2016,IPCC,Northamptonshire PCC Adam Simmonds 'should come clean over IPCC inquiry',https://www.bbc.co.uk/news/uk-england-northamptonshire-36114429,2016-04-22,2016-04-23,1,https://ichef.bbci.co.uk/ace/standard/976/cpsprodpb/173D/production/_89394950_pccadamsimmonds.jpg,../Scripts/output/bbc/bbc_images/bbc_2016-04-22_uk-england-northamptonshire-36114429_img01.jpg,"Image caption, PCC Adam Simmonds claims to have learned of the IPCC probe from his media team",,0,,0,,1,broad_candidate
world-europe-36255749,BBC News,2016,"""sea level rise""",Five Pacific islands disappear as sea levels rise,https://www.bbc.co.uk/news/world-europe-36255749,2016-05-10,,1,https://ichef.bbci.co.uk/ace/standard/976/cpsprodpb/C21E/production/_89649694_90bf4de3-ad95-415d-9c22-9cacf2f76e2b.jpg,../Scripts/output/bbc/bbc_images/bbc_2016-05-10_world-europe-36255749_img01.jpg,"Image caption, Images show the remains of six partially eroded islands in the Solomon Islands",,0,,0,,1,broad_candidate
world-europe-36255749,BBC News,2016,"""sea level rise""",Five Pacific islands disappear as sea levels rise,https://www.bbc.co.uk/news/world-europe-36255749,2016-05-10,,2,https://ichef.bbci.co.uk/ace/standard/976/cpsprodpb/1103E/production/_89649696_64e50834-ed40-4335-ad1e-fd79686949ec.jpg,../Scripts/output/bbc/bbc_images/bbc_2016-05-10_world-europe-36255749_img02.jpg,"Image caption, The research shows eroding coastlines of the Solomon Islands over nearly 70 years",,0,,0,,1,broad_candidate
world-europe-36255749,BBC News,2016,"""sea level rise""",Five Pacific islands disappear as sea levels rise,https://www.bbc.co.uk/news/world-europe-36255749,2016-05-10,,3,https://ichef.bbci.co.uk/ace/standard/976/cpsprodpb/12AD9/production/_89650567_594e65d2-ec6d-4b7e-a6c3-a248a81b1a9c.jpg,../Scripts/output/bbc/bbc_images/bbc_2016-05-10_world-europe-36255749_img03.jpg,"Image caption, The Solomons are considered a hotspot because sea-level rises there are much higher than rises globally",,0,,0,,1,broad_candidate
world-europe-36255749,BBC News,2016,"""sea level rise""",Five Pacific islands disappear as sea levels rise,https://www.bbc.co.uk/news/world-europe-36255749,2016-05-10,,4,https://ichef.bbci.co.uk/ace/standard/925/cpsprodpb/4CEE/production/_89649691_89649690.jpg,../Scripts/output/bbc/bbc_images/bbc_2016-05-10_world-europe-36255749_img04.jpg,,,0,,0,,1,broad_candidate
science-environment-36303046,BBC News,2016,"""global temperature""",April breaks global temperature record,https://www.bbc.co.uk/news/science-environment-36303046,2016-05-16,,1,https://ichef.bbci.co.uk/ace/standard/640/cpsprodpb/17AC/production/_89706060_89706059.jpg,../Scripts/output/bbc/bbc_images/bbc_2016-05-16_science-environment-36303046_img01.jpg,,,0,,0,,1,broad_candidate
uk-england-sussex-36472234,BBC News,2016,IPCC,"Disabled girl handcuffed by Sussex Police, IPCC finds",https://www.bbc.co.uk/news/uk-england-sussex-36472234,2016-06-07,2016-06-08,1,https://ichef.bbci.co.uk/ace/standard/976/cpsprodpb/C937/production/_89911515_hqfrontentrance.jpg,../Scripts/output/bbc/bbc_images/bbc_2016-06-07_uk-england-sussex-36472234_img01.jpg,"Image caption, The police watchdog said the force had failed to respond effectively to the needs of a vulnerable child",,0,,0,,1,broad_candidate
uk-england-sussex-36472234,BBC News,2016,IPCC,"Disabled girl handcuffed by Sussex Police, IPCC finds",https://www.bbc.co.uk/news/uk-england-sussex-36472234,2016-06-07,2016-06-08,2,https://ichef.bbci.co.uk/ace/standard/464/mcs/media/images/78032000/jpg/_78032296_32dd32e8-2c74-4221-aaee-2a00401d4009.jpg,../Scripts/output/bbc/bbc_images/bbc_2016-06-07_uk-england-sussex-36472234_img02.jpg,,,0,,0,,1,broad_candidate
uk-england-sussex-36472234,BBC News,2016,IPCC,"Disabled girl handcuffed by Sussex Police, IPCC finds",https://www.bbc.co.uk/news/uk-england-sussex-36472234,2016-06-07,2016-06-08,3,https://ichef.bbci.co.uk/ace/standard/976/cpsprodpb/11757/production/_89911517_66b0d34a-8ce1-4256-9a82-34b084b98d8e.jpg,../Scripts/output/bbc/bbc_images/bbc_2016-06-07_uk-england-sussex-36472234_img03.jpg,"Image caption, The girl was restrained with handcuffs, leg restraints and a mesh anti-spit hood",,0,,0,,1,broad_candidate
uk-england-birmingham-36492190,BBC News,2016,IPCC,Sharmila Ullah cell death: IPCC rules detention officer lied about checks,https://www.bbc.co.uk/news/uk-england-birmingham-36492190,2016-06-09,,1,https://ichef.bbci.co.uk/ace/standard/976/cpsprodpb/4C2F/production/_89930591_bloxwichpolicestation.png,../Scripts/output/bbc/bbc_images/bbc_2016-06-09_uk-england-birmingham-36492190_img01.png,"Image caption, Sharmila Ullah, 30, died in hospital in July 2014",,0,,0,,1,broad_candidate
uk-england-beds-bucks-herts-36563581,BBC News,2016,IPCC,IPCC's criminal investigation into officers after man dies in Bedford,https://www.bbc.co.uk/news/uk-england-beds-bucks-herts-36563581,2016-06-17,,2,https://ichef.bbci.co.uk/ace/standard/976/cpsprodpb/DFF0/production/_89682375_bedford-edit.jpg,../Scripts/output/bbc/bbc_images/bbc_2016-06-17_uk-england-beds-bucks-herts-36563581_img02.jpg,"Image caption, The man was detained on Midland Road, near the junction with Battison Street",,0,,0,,1,broad_candidate
uk-england-beds-bucks-herts-36639542,BBC News,2016,IPCC,Berkhamsted double-death case referred to IPCC,https://www.bbc.co.uk/news/uk-england-beds-bucks-herts-36639542,2016-06-27,,1,https://ichef.bbci.co.uk/ace/standard/976/cpsprodpb/1200E/production/_90124737_sbna_twodeathsberkhamsted2.jpg,../Scripts/output/bbc/bbc_images/bbc_2016-06-27_uk-england-beds-bucks-herts-36639542_img01.jpg,"Image caption, The bodies of a man and woman were found at an address in Highfield Road, Berkhamsted on Thursday",,0,,0,,1,broad_candidate
uk-england-beds-bucks-herts-36639542,BBC News,2016,IPCC,Berkhamsted double-death case referred to IPCC,https://www.bbc.co.uk/news/uk-england-beds-bucks-herts-36639542,2016-06-27,,2,https://ichef.bbci.co.uk/ace/standard/976/cpsprodpb/3996/production/_90124741_sbna_twodeathsberkhamsted4.jpg,../Scripts/output/bbc/bbc_images/bbc_2016-06-27_uk-england-beds-bucks-herts-36639542_img02.jpg,"Image caption, Hertfordshire Police referred itself to the Independent Police Complaints Commission (IPCC) after having prior contact with the deceased",,0,,0,,1,broad_candidate
uk-england-derbyshire-36829894,BBC News,2016,IPCC,David Stokes death: IPCC finds no police misconduct issues,https://www.bbc.co.uk/news/uk-england-derbyshire-36829894,2016-07-18,,1,https://ichef.bbci.co.uk/ace/standard/976/cpsprodpb/165BF/production/_90438519_a617.jpg,../Scripts/output/bbc/bbc_images/bbc_2016-07-18_uk-england-derbyshire-36829894_img01.jpg,"Image caption, David Stokes was in a car pursued by police at speeds of up to 130mph on the A617 near Chesterfield",,0,,0,,1,broad_candidate
uk-england-derbyshire-36829894,BBC News,2016,IPCC,David Stokes death: IPCC finds no police misconduct issues,https://www.bbc.co.uk/news/uk-england-derbyshire-36829894,2016-07-18,,2,https://ichef.bbci.co.uk/ace/standard/976/cpsprodpb/3127/production/_90438521_chesterfield.jpg,../Scripts/output/bbc/bbc_images/bbc_2016-07-18_uk-england-derbyshire-36829894_img02.jpg,"Image caption, David Stokes became unwell as he was being transported to Chesterfield Police Station.",,0,,0,,1,broad_candidate
uk-england-derbyshire-36829894,BBC News,2016,IPCC,David Stokes death: IPCC finds no police misconduct issues,https://www.bbc.co.uk/news/uk-england-derbyshire-36829894,2016-07-18,,3,https://ichef.bbci.co.uk/ace/standard/624/mcs/media/images/79526000/jpg/_79526792_79526791.jpg,../Scripts/output/bbc/bbc_images/bbc_2016-07-18_uk-england-derbyshire-36829894_img03.jpg,"Image caption, The IPCC has found no misconduct issues for officers who arrested and detained David Stokes",,0,,0,,1,broad_candidate
science-environment-36904990,BBC News,2016,"""1.5C""",Debate needed on 1.5C temperature target,https://www.bbc.co.uk/news/science-environment-36904990,2016-07-29,,1,https://ichef.bbci.co.uk/ace/standard/976/cpsprodpb/12377/production/_90551647_mediaitem90551646.jpg,../Scripts/output/bbc/bbc_images/bbc_2016-07-29_science-environment-36904990_img01.jpg,,,0,,0,,1,broad_candidate
uk-england-coventry-warwickshire-36928749,BBC News,2016,IPCC,Ozeivo Akerele death: IPCC probes response to reports of missing student,https://www.bbc.co.uk/news/uk-england-coventry-warwickshire-36928749,2016-07-29,,1,https://ichef.bbci.co.uk/ace/standard/976/cpsprodpb/8A80/production/_90565453_mediaitem81293137.jpg,../Scripts/output/bbc/bbc_images/bbc_2016-07-29_uk-england-coventry-warwickshire-36928749_img01.jpg,"Image caption, Ozeivo Akerele, 24, was seen at Iglu nightclub in the early hours of 31 January last year",,0,,0,,1,broad_candidate
uk-england-london-36913647,BBC News,2016,IPCC,Met race row police officers accuse IPCC of wasting public money,https://www.bbc.co.uk/news/uk-england-london-36913647,2016-07-29,,1,https://ichef.bbci.co.uk/ace/standard/976/cpsprodpb/98DD/production/_90533193_mediaitem90533192.jpg,../Scripts/output/bbc/bbc_images/bbc_2016-07-29_uk-england-london-36913647_img01.jpg,,,0,,0,,1,broad_candidate
uk-36936264,BBC News,2016,IPCC,Police watchdog IPCC 'favours black complainants',https://www.bbc.co.uk/news/uk-36936264,2016-07-31,2016-08-01,1,https://ichef.bbci.co.uk/ace/standard/976/cpsprodpb/D0C7/production/_90574435_017070164-1.jpg,../Scripts/output/bbc/bbc_images/bbc_2016-07-31_uk-36936264_img01.jpg,,,0,,0,,1,broad_candidate
uk-36936264,BBC News,2016,IPCC,Police watchdog IPCC 'favours black complainants',https://www.bbc.co.uk/news/uk-36936264,2016-07-31,2016-08-01,2,https://ichef.bbci.co.uk/ace/standard/464/mcs/media/images/76020000/jpg/_76020974_line976.jpg,../Scripts/output/bbc/bbc_images/bbc_2016-07-31_uk-36936264_img02.jpg,,,0,,0,,1,broad_candidate
uk-36936264,BBC News,2016,IPCC,Police watchdog IPCC 'favours black complainants',https://www.bbc.co.uk/news/uk-36936264,2016-07-31,2016-08-01,3,https://ichef.bbci.co.uk/ace/standard/976/cpsprodpb/11EE7/production/_90574437_013254203-1.jpg,../Scripts/output/bbc/bbc_images/bbc_2016-07-31_uk-36936264_img03.jpg,,,0,,0,,1,broad_candidate
uk-england-manchester-36955309,BBC News,2016,IPCC,Jordon Begley death: IPCC seeks wants to quash Taser death report,https://www.bbc.co.uk/news/uk-england-manchester-36955309,2016-08-02,,1,https://ichef.bbci.co.uk/ace/standard/624/cpsprodpb/64E7/production/_90613852_begley_pa.jpg,../Scripts/output/bbc/bbc_images/bbc_2016-08-02_uk-england-manchester-36955309_img01.jpg,"Image caption, Jordon Begley suffered a cardiac arrest and died at Manchester Royal Infirmary",,0,,0,,1,broad_candidate
uk-england-manchester-36978819,BBC News,2016,IPCC,"No GMP officers deployed to find vulnerable teenager, IPCC says",https://www.bbc.co.uk/news/uk-england-manchester-36978819,2016-08-05,,1,https://ichef.bbci.co.uk/ace/standard/976/cpsprodpb/22AD/production/_90677880_oldkayspark.jpg,../Scripts/output/bbc/bbc_images/bbc_2016-08-05_uk-england-manchester-36978819_img01.jpg,"Image caption, The body of Thomas Gallagher was found in Old Kays Park in Tottington, Bury, in 2015",,0,,0,,1,broad_candidate
uk-england-london-37015033,BBC News,2016,IPCC,Anthony Long: Officer cleared after Azelle Rodney shooting attacks IPCC,https://www.bbc.co.uk/news/uk-england-london-37015033,2016-08-08,2016-08-09,1,https://ichef.bbci.co.uk/ace/standard/624/cpsprodpb/11EFB/production/_83976437_83965855.jpg,../Scripts/output/bbc/bbc_images/bbc_2016-08-08_uk-england-london-37015033_img01.jpg,"Image caption, Former police firearms officer Anthony Long denied murdering Azelle Rodney",,0,,0,,1,broad_candidate
uk-england-london-37015033,BBC News,2016,IPCC,Anthony Long: Officer cleared after Azelle Rodney shooting attacks IPCC,https://www.bbc.co.uk/news/uk-england-london-37015033,2016-08-08,2016-08-09,2,https://ichef.bbci.co.uk/ace/standard/549/cpsprodpb/1173/production/_83976440_83976438.jpg,../Scripts/output/bbc/bbc_images/bbc_2016-08-08_uk-england-london-37015033_img02.jpg,"Image caption, Azelle Rodney was shot six times in 2005",,0,,0,,1,broad_candidate
uk-england-london-37015033,BBC News,2016,IPCC,Anthony Long: Officer cleared after Azelle Rodney shooting attacks IPCC,https://www.bbc.co.uk/news/uk-england-london-37015033,2016-08-08,2016-08-09,3,https://ichef.bbci.co.uk/ace/standard/464/cpsprodpb/7BD6/production/_90620713_line_464.jpg,../Scripts/output/bbc/bbc_images/bbc_2016-08-08_uk-england-london-37015033_img03.jpg,,,0,,0,,1,broad_candidate
uk-england-london-37015033,BBC News,2016,IPCC,Anthony Long: Officer cleared after Azelle Rodney shooting attacks IPCC,https://www.bbc.co.uk/news/uk-england-london-37015033,2016-08-08,2016-08-09,4,https://ichef.bbci.co.uk/ace/standard/976/cpsprodpb/A4BB/production/_90717124_capture.jpg,../Scripts/output/bbc/bbc_images/bbc_2016-08-08_uk-england-london-37015033_img04.jpg,,,0,,0,,1,broad_candidate
uk-england-bristol-37108821,BBC News,2016,IPCC,IPCC to investigate fall death man from Bristol building,https://www.bbc.co.uk/news/uk-england-bristol-37108821,2016-08-17,,1,https://ichef.bbci.co.uk/ace/standard/976/cpsprodpb/1BC8/production/_90821170_mediaitem90821169.jpg,../Scripts/output/bbc/bbc_images/bbc_2016-08-17_uk-england-bristol-37108821_img01.jpg,"Image caption, The man, who has not been formally identified, died on Tuesday after falling from Rawnsley House in Easton",,0,,0,,1,broad_candidate
uk-england-coventry-warwickshire-37130731,BBC News,2016,IPCC,Warwick University CS spray row student wins IPCC case,https://www.bbc.co.uk/news/uk-england-coventry-warwickshire-37130731,2016-08-19,,1,https://ichef.bbci.co.uk/ace/standard/976/cpsprodpb/17593/production/_90853659_footage.jpg,../Scripts/output/bbc/bbc_images/bbc_2016-08-19_uk-england-coventry-warwickshire-37130731_img01.jpg,"Image caption, Footage of the disruption was posted on YouTube",,0,,0,,1,broad_candidate
uk-england-tyne-37176051,BBC News,2016,IPCC,Stewart Anderson: IPCC to investigate Durham Loveshack death,https://www.bbc.co.uk/news/uk-england-tyne-37176051,2016-08-24,,1,https://ichef.bbci.co.uk/ace/standard/976/cpsprodpb/14BF/production/_90511350_nightclub.jpg,../Scripts/output/bbc/bbc_images/bbc_2016-08-24_uk-england-tyne-37176051_img01.jpg,"Image caption, Stewart Anderson from Hetton-le-Hole was a ""devoted grandfather""",,0,,0,,1,broad_candidate
uk-england-berkshire-37186758,BBC News,2016,IPCC,IPCC to investigate after man spends 20 hours on roof,https://www.bbc.co.uk/news/uk-england-berkshire-37186758,2016-08-25,,1,https://ichef.bbci.co.uk/ace/standard/976/cpsprodpb/1B4F/production/_90919960_ch.jpg,../Scripts/output/bbc/bbc_images/bbc_2016-08-25_uk-england-berkshire-37186758_img01.jpg,"Image caption, Police were called to Church Road, Earley, shortly before 23:00 BST on Tuesday",,0,,0,,1,broad_candidate
uk-england-london-37417955,BBC News,2016,IPCC,Met Police Camden 'car attack' to be investigated by IPCC,https://www.bbc.co.uk/news/uk-england-london-37417955,2016-09-20,,1,https://ichef.bbci.co.uk/ace/standard/976/cpsprodpb/CD26/production/_91281525_mediaitem91281524.jpg,../Scripts/output/bbc/bbc_images/bbc_2016-09-20_uk-england-london-37417955_img01.jpg,"Image caption, The officer repeatedly ordered the driver out of the car",,0,,0,,1,broad_candidate
uk-37594421,BBC News,2016,IPCC,Scotland Yard considers probe into IPCC police misconduct allegations,https://www.bbc.co.uk/news/uk-37594421,2016-10-08,,1,https://ichef.bbci.co.uk/ace/standard/976/cpsprodpb/14296/production/_91628528_mediaitem91628423.jpg,../Scripts/output/bbc/bbc_images/bbc_2016-10-08_uk-37594421_img01.jpg,,,0,,0,,1,broad_candidate
uk-england-merseyside-37634288,BBC News,2016,IPCC,IPCC will not investigate David Crompton complaint,https://www.bbc.co.uk/news/uk-england-merseyside-37634288,2016-10-12,,3,https://ichef.bbci.co.uk/ace/standard/976/cpsprodpb/8AE6/production/_91885553_jameshennessyhillsborough.jpg,../Scripts/output/bbc/bbc_images/bbc_2016-10-12_uk-england-merseyside-37634288_img03.jpg,"Image caption, James Hennessy was one of the 96 victims of the disaster",,0,,0,,1,broad_candidate
uk-england-merseyside-37728501,BBC News,2016,IPCC,IPCC to assess Sir Norman Bettison's Hillsborough book,https://www.bbc.co.uk/news/uk-england-merseyside-37728501,2016-10-21,,1,https://ichef.bbci.co.uk/ace/standard/976/cpsprodpb/579F/production/_92013422_capture.jpg,../Scripts/output/bbc/bbc_images/bbc_2016-10-21_uk-england-merseyside-37728501_img01.jpg,"Image caption, Sir Norman Bettison witnessed the Hillsborough disaster as a spectator",,0,,0,,1,broad_candidate
uk-england-merseyside-37728501,BBC News,2016,IPCC,IPCC to assess Sir Norman Bettison's Hillsborough book,https://www.bbc.co.uk/news/uk-england-merseyside-37728501,2016-10-21,,2,https://ichef.bbci.co.uk/ace/standard/976/cpsprodpb/160B4/production/_91529209_lepp_lane_sideview1.jpg,../Scripts/output/bbc/bbc_images/bbc_2016-10-21_uk-england-merseyside-37728501_img02.jpg,"Image caption, Ninety-six fans died following crushing at Hillsborough stadium on 15 April 1989",,0,,0,,1,broad_candidate
uk-england-london-38025248,BBC News,2016,IPCC,IPCC investigates death of man in police custody,https://www.bbc.co.uk/news/uk-england-london-38025248,2016-11-18,,1,https://ichef.bbci.co.uk/ace/standard/976/cpsprodpb/3020/production/_92502321_mediaitem92502320.jpg,../Scripts/output/bbc/bbc_images/bbc_2016-11-18_uk-england-london-38025248_img01.jpg,"Image caption, The man was arrested in Acton on Thursday",,0,,0,,1,broad_candidate
uk-england-manchester-38105762,BBC News,2016,IPCC,Jordon Begley death: Judges quash IPCC Taser case report,https://www.bbc.co.uk/news/uk-england-manchester-38105762,2016-11-25,,1,https://ichef.bbci.co.uk/ace/standard/624/mcs/media/images/83573000/jpg/_83573157_begley_pa.jpg,../Scripts/output/bbc/bbc_images/bbc_2016-11-25_uk-england-manchester-38105762_img01.jpg,"Image caption, Jordon Begley died after being Tasered following a row with neighbours in 2013",,0,,0,,1,broad_candidate
uk-england-merseyside-38144728,BBC News,2016,IPCC,"Hillsborough: No evidence of South Yorkshire Police spin, IPCC says",https://www.bbc.co.uk/news/uk-england-merseyside-38144728,2016-11-29,,1,https://ichef.bbci.co.uk/ace/standard/976/cpsprodpb/6EE6/production/_89609382_syphillsboroughprhayleycourt.jpg,../Scripts/output/bbc/bbc_images/bbc_2016-11-29_uk-england-merseyside-38144728_img01.jpg,"Image caption, Hayley Court worked as South Yorkshire Police's Hillsborough communications specialist",,0,,0,,1,broad_candidate
uk-england-merseyside-38144728,BBC News,2016,IPCC,"Hillsborough: No evidence of South Yorkshire Police spin, IPCC says",https://www.bbc.co.uk/news/uk-england-merseyside-38144728,2016-11-29,,2,https://ichef.bbci.co.uk/ace/standard/976/cpsprodpb/104D2/production/_89607766_1hill.jpg,../Scripts/output/bbc/bbc_images/bbc_2016-11-29_uk-england-merseyside-38144728_img02.jpg,"Image caption, Ninety-six football fans died in the 1989 disaster at Hillsborough stadium",,0,,0,,1,broad_candidate
uk-england-merseyside-38144728,BBC News,2016,IPCC,"Hillsborough: No evidence of South Yorkshire Police spin, IPCC says",https://www.bbc.co.uk/news/uk-england-merseyside-38144728,2016-11-29,,3,https://ichef.bbci.co.uk/ace/standard/464/mcs/media/images/77624000/jpg/_77624245_75581359.jpg,../Scripts/output/bbc/bbc_images/bbc_2016-11-29_uk-england-merseyside-38144728_img03.jpg,,,0,,0,,1,broad_candidate
uk-wales-south-east-wales-38356692,BBC News,2016,IPCC,"Crash on A48 Cowbridge Road, Cardiff, referred to IPCC",https://www.bbc.co.uk/news/uk-wales-south-east-wales-38356692,2016-12-18,,1,https://ichef.bbci.co.uk/ace/standard/976/cpsprodpb/A511/production/_90875224_police464bbc.jpg,../Scripts/output/bbc/bbc_images/bbc_2016-12-18_uk-wales-south-east-wales-38356692_img01.jpg,,,0,,0,,1,broad_candidate
uk-wales-north-east-wales-38508940,BBC News,2017,IPCC,Janet Commins: IPCC inquiry into 1976 murder investigation,https://www.bbc.co.uk/news/uk-wales-north-east-wales-38508940,2017-01-04,,1,https://ichef.bbci.co.uk/ace/standard/976/cpsprodpb/13B2C/production/_91048608_janetcommins.jpg,../Scripts/output/bbc/bbc_images/bbc_2017-01-04_uk-wales-north-east-wales-38508940_img01.jpg,,,0,,0,,1,broad_candidate
uk-england-london-38767799,BBC News,2017,IPCC,IPCC to investigate Met after DJ told 'black men commit crime',https://www.bbc.co.uk/news/uk-england-london-38767799,2017-01-27,,1,https://ichef.bbci.co.uk/ace/standard/976/cpsprodpb/E08B/production/_93838475_bf645f86-a19d-42c3-915f-45117847ef63.jpg,../Scripts/output/bbc/bbc_images/bbc_2017-01-27_uk-england-london-38767799_img01.jpg,"Image caption, The footage has been viewed more than 85,000 times",,0,,0,,1,broad_candidate
uk-england-stoke-staffordshire-38934221,BBC News,2017,IPCC,IPCC probe 'after Staffordshire police stop man 17 times',https://www.bbc.co.uk/news/uk-england-stoke-staffordshire-38934221,2017-02-10,,1,https://ichef.bbci.co.uk/ace/standard/976/cpsprodpb/734C/production/_94261592_b90455a3-0aad-4c3c-af1c-7d8c18279559.jpg,../Scripts/output/bbc/bbc_images/bbc_2017-02-10_uk-england-stoke-staffordshire-38934221_img01.jpg,"Image caption, Adeel Rehman alleged stop and searches amounted to harassment and racial discrimination, the police watchdog said",,0,,0,,1,broad_candidate
uk-wales-39019482,BBC News,2017,IPCC,Abergele A55 police BMW car chase referred to IPCC,https://www.bbc.co.uk/news/uk-wales-39019482,2017-02-19,,1,https://ichef.bbci.co.uk/ace/standard/976/cpsprodpb/E8F0/production/_94723695_c49bor6wiaa-2_1.jpg,../Scripts/output/bbc/bbc_images/bbc_2017-02-19_uk-wales-39019482_img01.jpg,"Image caption, A crashed vehicle at the scene on the A55",,0,,0,,1,broad_candidate
uk-england-london-39206860,BBC News,2017,IPCC,IPCC commissioner stands down over Mark Gatland probe,https://www.bbc.co.uk/news/uk-england-london-39206860,2017-03-08,,1,https://ichef.bbci.co.uk/ace/standard/976/cpsprodpb/A721/production/_91958724_mediaitem91958723.jpg,../Scripts/output/bbc/bbc_images/bbc_2017-03-08_uk-england-london-39206860_img01.jpg,"Image caption, Mark Gatland was accused by the IPCC of racism, which he denied",,0,,0,,1,broad_candidate
uk-england-birmingham-39304995,BBC News,2017,IPCC,Jacqueline Oakes murder: IPCC finds police 'failings',https://www.bbc.co.uk/news/uk-england-birmingham-39304995,2017-03-17,,1,https://ichef.bbci.co.uk/ace/standard/976/cpsprodpb/01E0/production/_95208400_jacqueline_oakes_crop.jpg,../Scripts/output/bbc/bbc_images/bbc_2017-03-17_uk-england-birmingham-39304995_img01.jpg,"Image caption, Jacqueline Oakes died from multiple blunt force injuries",,0,,0,,1,broad_candidate
uk-england-birmingham-39304995,BBC News,2017,IPCC,Jacqueline Oakes murder: IPCC finds police 'failings',https://www.bbc.co.uk/news/uk-england-birmingham-39304995,2017-03-17,,2,https://ichef.bbci.co.uk/ace/standard/976/cpsprodpb/3BB0/production/_95208251_marcusmusgrove.jpg,../Scripts/output/bbc/bbc_images/bbc_2017-03-17_uk-england-birmingham-39304995_img02.jpg,"Image caption, Marcus Musgrove was described as a 'manipulative and violent man'",,0,,0,,1,broad_candidate
uk-england-leicestershire-39387251,BBC News,2017,IPCC,IPCC clears police over double-fatal Leicester crash,https://www.bbc.co.uk/news/uk-england-leicestershire-39387251,2017-03-24,,1,https://ichef.bbci.co.uk/ace/standard/976/cpsprodpb/71DB/production/_95174192_mediaitem95174191.jpg,../Scripts/output/bbc/bbc_images/bbc_2017-03-24_uk-england-leicestershire-39387251_img01.jpg,"Image caption, The crash caused by Tomlinson was described by police as ""horrific""",,0,,0,,1,broad_candidate
uk-england-leicestershire-39387251,BBC News,2017,IPCC,IPCC clears police over double-fatal Leicester crash,https://www.bbc.co.uk/news/uk-england-leicestershire-39387251,2017-03-24,,2,https://ichef.bbci.co.uk/ace/standard/976/cpsprodpb/531D/production/_88677212_crash1.jpg,../Scripts/output/bbc/bbc_images/bbc_2017-03-24_uk-england-leicestershire-39387251_img02.jpg,"Image caption, Two people in the truck were treated for minor injuries and damage was caused to a shop in the crash",,0,,0,,1,broad_candidate
uk-england-leicestershire-39387251,BBC News,2017,IPCC,IPCC clears police over double-fatal Leicester crash,https://www.bbc.co.uk/news/uk-england-leicestershire-39387251,2017-03-24,,3,https://ichef.bbci.co.uk/ace/standard/976/cpsprodpb/4D73/production/_88672891_img_0032.jpg,../Scripts/output/bbc/bbc_images/bbc_2017-03-24_uk-england-leicestershire-39387251_img03.jpg,"Image caption, Two men died in the crash",,0,,0,,1,broad_candidate
uk-england-merseyside-39419843,BBC News,2017,"""sea level rise""","Everton's new stadium plans could be sunk by rising sea levels, warns academic",https://www.bbc.co.uk/news/uk-england-merseyside-39419843,2017-03-28,,1,https://ichef.bbci.co.uk/ace/standard/976/cpsprodpb/D120/production/_95363535_liv.png,../Scripts/output/bbc/bbc_images/bbc_2017-03-28_uk-england-merseyside-39419843_img01.png,"Image caption, Bramley Dock, north of Liverpool city centre, is the planned site of Everton's new ground. After 2Â°C global warming the light blue areas could become swamped by rising sea levels",,0,,0,,1,broad_candidate
uk-england-merseyside-39419843,BBC News,2017,"""sea level rise""","Everton's new stadium plans could be sunk by rising sea levels, warns academic",https://www.bbc.co.uk/news/uk-england-merseyside-39419843,2017-03-28,,2,https://ichef.bbci.co.uk/ace/standard/976/cpsprodpb/D9B8/production/_95363755_mediaitem95363533.jpg,../Scripts/output/bbc/bbc_images/bbc_2017-03-28_uk-england-merseyside-39419843_img02.jpg,"Image caption, Bramley Dock was built in 1848 for trading ships",,0,,0,,1,broad_candidate
uk-england-merseyside-39419843,BBC News,2017,"""sea level rise""","Everton's new stadium plans could be sunk by rising sea levels, warns academic",https://www.bbc.co.uk/news/uk-england-merseyside-39419843,2017-03-28,,3,https://ichef.bbci.co.uk/ace/standard/976/cpsprodpb/100C8/production/_95363756_mediaitem95354838.jpg,../Scripts/output/bbc/bbc_images/bbc_2017-03-28_uk-england-merseyside-39419843_img03.jpg,"Image caption, Goodison Park has been Everton's home since 1892",,0,,0,,1,broad_candidate
uk-england-south-yorkshire-39507760,BBC News,2017,IPCC,IPCC to probe claims ex-South Yorkshire PCC lied on oath,https://www.bbc.co.uk/news/uk-england-south-yorkshire-39507760,2017-04-05,,1,https://ichef.bbci.co.uk/ace/standard/976/cpsprodpb/745B/production/_95478792_mediaitem77486321.jpg,../Scripts/output/bbc/bbc_images/bbc_2017-04-05_uk-england-south-yorkshire-39507760_img01.jpg,"Image caption, Shaun Wright was the Police and Crime Commissioner for South Yorkshire between 2012 and 2014",,0,,0,,1,broad_candidate
uk-england-manchester-39554242,BBC News,2017,IPCC,IPCC investigation into GMP officer was 'potentially criminal',https://www.bbc.co.uk/news/uk-england-manchester-39554242,2017-04-10,,1,https://ichef.bbci.co.uk/ace/standard/976/cpsprodpb/9EA7/production/_91751604_inspdavidkehoe.jpg,../Scripts/output/bbc/bbc_images/bbc_2017-04-10_uk-england-manchester-39554242_img01.jpg,"Image caption, Insp David Kehoe arrested Dr Steven Peers for refusing to provide a breath specimen",,0,,0,,1,broad_candidate
uk-england-beds-bucks-herts-39979527,BBC News,2017,IPCC,IPCC to probe Bradley Cresswell assault death,https://www.bbc.co.uk/news/uk-england-beds-bucks-herts-39979527,2017-05-19,,1,https://ichef.bbci.co.uk/ace/standard/976/cpsprodpb/148B5/production/_96094148_bradley_hertspolice.jpg,../Scripts/output/bbc/bbc_images/bbc_2017-05-19_uk-england-beds-bucks-herts-39979527_img01.jpg,"Image caption, Bradley Cresswell never regained consciousness after he was attacked",,0,,0,,1,broad_candidate
uk-england-beds-bucks-herts-39979527,BBC News,2017,IPCC,IPCC to probe Bradley Cresswell assault death,https://www.bbc.co.uk/news/uk-england-beds-bucks-herts-39979527,2017-05-19,,2,https://ichef.bbci.co.uk/ace/standard/976/cpsprodpb/121A5/production/_96094147_shaikh_hertspolice.jpg,../Scripts/output/bbc/bbc_images/bbc_2017-05-19_uk-england-beds-bucks-herts-39979527_img02.jpg,"Image caption, Shaikh told police he was acting in self-defence, but the jury found him guilty of manslaughter",,0,,0,,1,broad_candidate
uk-england-london-40345969,BBC News,2017,IPCC,Stephen Lawrence murder inquiry: IPCC delays corruption probe,https://www.bbc.co.uk/news/uk-england-london-40345969,2017-06-20,,1,https://ichef.bbci.co.uk/ace/standard/976/cpsprodpb/E3AE/production/_96568285_stephenlawrence.jpg,../Scripts/output/bbc/bbc_images/bbc_2017-06-20_uk-england-london-40345969_img01.jpg,"Image caption, Stephen Lawrence was 18 when was he was killed in a racially-motivated attack",,0,,0,,1,broad_candidate
uk-england-london-40345969,BBC News,2017,IPCC,Stephen Lawrence murder inquiry: IPCC delays corruption probe,https://www.bbc.co.uk/news/uk-england-london-40345969,2017-06-20,,2,https://ichef.bbci.co.uk/ace/standard/976/cpsprodpb/131CE/production/_96568287_013336068-1.jpg,../Scripts/output/bbc/bbc_images/bbc_2017-06-20_uk-england-london-40345969_img02.jpg,"Image caption, Gary Dobson and David Norris were each jailed for more than 14 years",,0,,0,,1,broad_candidate
uk-england-south-yorkshire-40341219,BBC News,2017,IPCC,South Yorkshire Police IPCC probe over threats to murder victim,https://www.bbc.co.uk/news/uk-england-south-yorkshire-40341219,2017-06-20,,1,https://ichef.bbci.co.uk/ace/standard/976/cpsprodpb/1654/production/_96561750_untitled-1.jpg,../Scripts/output/bbc/bbc_images/bbc_2017-06-20_uk-england-south-yorkshire-40341219_img01.jpg,"Image caption, Craig Preston's body was discovered by dog walkers near to Woodhead Tunnels in August 2016",,0,,0,,1,broad_candidate
uk-england-south-yorkshire-40341219,BBC News,2017,IPCC,South Yorkshire Police IPCC probe over threats to murder victim,https://www.bbc.co.uk/news/uk-england-south-yorkshire-40341219,2017-06-20,,2,https://ichef.bbci.co.uk/ace/standard/976/cpsprodpb/7E49/production/_96092323_bashirandmason.jpg,../Scripts/output/bbc/bbc_images/bbc_2017-06-20_uk-england-south-yorkshire-40341219_img02.jpg,"Image caption, Shiraz Bashir and Leonie Mason were convicted of murdering Craig Preston after a trial at Sheffield Crown Court",,0,,0,,1,broad_candidate
uk-england-south-yorkshire-40341219,BBC News,2017,IPCC,South Yorkshire Police IPCC probe over threats to murder victim,https://www.bbc.co.uk/news/uk-england-south-yorkshire-40341219,2017-06-20,,3,https://ichef.bbci.co.uk/ace/standard/976/cpsprodpb/0CB3/production/_90915230_woodhead.jpg,../Scripts/output/bbc/bbc_images/bbc_2017-06-20_uk-england-south-yorkshire-40341219_img03.jpg,"Image caption, Mr Preston's body was found on moorland near to the A628 at Woodhead Tunnels",,0,,0,,1,broad_candidate
uk-wales-south-east-wales-40530547,BBC News,2017,IPCC,IPCC investigates death of Jon James in Llantrisant,https://www.bbc.co.uk/news/uk-wales-south-east-wales-40530547,2017-07-07,,1,https://ichef.bbci.co.uk/ace/standard/976/cpsprodpb/17128/production/_96840549_prestoncourt2.jpg,../Scripts/output/bbc/bbc_images/bbc_2017-07-07_uk-wales-south-east-wales-40530547_img01.jpg,"Image caption, Police were called to Preston Close on 24 June",,0,,0,,1,broad_candidate
uk-england-gloucestershire-40572606,BBC News,2017,IPCC,IPCC reviewing Gloucestershire hospital toilet death,https://www.bbc.co.uk/news/uk-england-gloucestershire-40572606,2017-07-11,,1,https://ichef.bbci.co.uk/ace/standard/1024/cpsprodpb/BDEB/production/_96891684_mediaitem80056162.jpg,../Scripts/output/bbc/bbc_images/bbc_2017-07-11_uk-england-gloucestershire-40572606_img01.jpg,"Image caption, The case is being reviewed by the Independent Police Complaints Commission",,0,,0,,1,broad_candidate
uk-england-coventry-warwickshire-40683047,BBC News,2017,IPCC,"Darren Cumberbatch became 'unwell in police presence', says IPCC",https://www.bbc.co.uk/news/uk-england-coventry-warwickshire-40683047,2017-07-21,,1,https://ichef.bbci.co.uk/ace/standard/976/cpsprodpb/2781/production/_97031101_cumberbatchcapture.jpg,../Scripts/output/bbc/bbc_images/bbc_2017-07-21_uk-england-coventry-warwickshire-40683047_img01.jpg,"Image caption, Darren Cumberbatch died nine days after he was arrested by Warwickshire Police officers",,0,,0,,1,broad_candidate
uk-england-nottinghamshire-40813432,BBC News,2017,IPCC,Woman to sue IPCC over pregnancy-arrest probe,https://www.bbc.co.uk/news/uk-england-nottinghamshire-40813432,2017-08-03,,1,https://ichef.bbci.co.uk/ace/standard/976/cpsprodpb/144F3/production/_97178138_lynnette.jpg,../Scripts/output/bbc/bbc_images/bbc_2017-08-03_uk-england-nottinghamshire-40813432_img01.jpg,"Image caption, Lynnette Wallace said she was handcuffed for 11 hours while pregnant",,0,,0,,1,broad_candidate
uk-england-nottinghamshire-40813432,BBC News,2017,IPCC,Woman to sue IPCC over pregnancy-arrest probe,https://www.bbc.co.uk/news/uk-england-nottinghamshire-40813432,2017-08-03,,2,https://ichef.bbci.co.uk/ace/standard/976/cpsprodpb/1539C/production/_88404968_88404947.jpg,../Scripts/output/bbc/bbc_images/bbc_2017-08-03_uk-england-nottinghamshire-40813432_img02.jpg,"Image caption, Ms Wallace said the assault at Bridewell police station was ""disgraceful""",,0,,0,,1,broad_candidate
uk-england-nottinghamshire-40813432,BBC News,2017,IPCC,Woman to sue IPCC over pregnancy-arrest probe,https://www.bbc.co.uk/news/uk-england-nottinghamshire-40813432,2017-08-03,,3,https://ichef.bbci.co.uk/ace/standard/976/cpsprodpb/2558/production/_88406590_93f1f559-5919-48ec-8d0e-310e6ee1b38c.jpg,../Scripts/output/bbc/bbc_images/bbc_2017-08-03_uk-england-nottinghamshire-40813432_img03.jpg,"Image caption, Ms Wallace went into labour with her daughter Charna 10 weeks early",,0,,0,,1,broad_candidate
uk-england-london-40824830,BBC News,2017,IPCC,Rashan Charles death: Family 'raise concerns' with IPCC,https://www.bbc.co.uk/news/uk-england-london-40824830,2017-08-04,,1,https://ichef.bbci.co.uk/ace/standard/976/cpsprodpb/14E24/production/_97204558_a2e3c709-a3f6-4142-986c-6f32bfbc79fc.jpg,../Scripts/output/bbc/bbc_images/bbc_2017-08-04_uk-england-london-40824830_img01.jpg,"Image caption, Rashan Charles died after being apprehended by police in Dalston",,0,,0,,1,broad_candidate
uk-england-london-40824830,BBC News,2017,IPCC,Rashan Charles death: Family 'raise concerns' with IPCC,https://www.bbc.co.uk/news/uk-england-london-40824830,2017-08-04,,2,https://ichef.bbci.co.uk/ace/standard/976/cpsprodpb/DBEE/production/_97120365_riot.jpg,../Scripts/output/bbc/bbc_images/bbc_2017-08-04_uk-england-london-40824830_img02.jpg,"Image caption, Violence broke out in Kingsland Road during a protest over the death of Mr Charles",,0,,0,,1,broad_candidate
uk-england-manchester-40827047,BBC News,2017,IPCC,Oldham siege: Greater Manchester Police investigated by IPCC,https://www.bbc.co.uk/news/uk-england-manchester-40827047,2017-08-04,,1,https://ichef.bbci.co.uk/ace/standard/976/cpsprodpb/BD22/production/_97081484_image1.jpg,../Scripts/output/bbc/bbc_images/bbc_2017-08-04_uk-england-manchester-40827047_img01.jpg,"Image caption, Armed officers attended the scene in Shaw where a woman was held hostage",,0,,0,,1,broad_candidate
uk-wales-south-east-wales-40837062,BBC News,2017,IPCC,IPCC probe into fatal police chase on M4 around Cardiff,https://www.bbc.co.uk/news/uk-wales-south-east-wales-40837062,2017-08-06,,1,https://ichef.bbci.co.uk/ace/standard/976/cpsprodpb/9B8E/production/_97222893_m42.jpg,../Scripts/output/bbc/bbc_images/bbc_2017-08-06_uk-wales-south-east-wales-40837062_img01.jpg,,,0,,0,,1,broad_candidate
uk-wales-south-east-wales-40837062,BBC News,2017,IPCC,IPCC probe into fatal police chase on M4 around Cardiff,https://www.bbc.co.uk/news/uk-wales-south-east-wales-40837062,2017-08-06,,2,https://ichef.bbci.co.uk/ace/standard/976/cpsprodpb/10204/production/_97225066_img_3664.jpg,../Scripts/output/bbc/bbc_images/bbc_2017-08-06_uk-wales-south-east-wales-40837062_img02.jpg,,,0,,0,,1,broad_candidate
uk-england-northamptonshire-40950234,BBC News,2017,IPCC,"India Chipchase murder: Police response 'appropriate', IPCC finds",https://www.bbc.co.uk/news/uk-england-northamptonshire-40950234,2017-08-16,,1,https://ichef.bbci.co.uk/ace/standard/976/cpsprodpb/16CA8/production/_88025339_indiachipchase01-2.jpg,../Scripts/output/bbc/bbc_images/bbc_2017-08-16_uk-england-northamptonshire-40950234_img01.jpg,"Image caption, India Chipchase's body was found at Edward Tenniswood's house in Stanley Road on 31 January 2016",,0,,0,,1,broad_candidate
uk-england-northamptonshire-40950234,BBC News,2017,IPCC,"India Chipchase murder: Police response 'appropriate', IPCC finds",https://www.bbc.co.uk/news/uk-england-northamptonshire-40950234,2017-08-16,,2,https://ichef.bbci.co.uk/ace/standard/976/cpsprodpb/6B1D/production/_90612472_tenniswood.jpg,../Scripts/output/bbc/bbc_images/bbc_2017-08-16_uk-england-northamptonshire-40950234_img02.jpg,"Image caption, Edward Tenniswood was given a life sentence for raping and murdering India Chipchase",,0,,0,,1,broad_candidate
uk-england-northamptonshire-40950234,BBC News,2017,IPCC,"India Chipchase murder: Police response 'appropriate', IPCC finds",https://www.bbc.co.uk/news/uk-england-northamptonshire-40950234,2017-08-16,,3,https://ichef.bbci.co.uk/ace/standard/976/cpsprodpb/1075D/production/_90612476_nbs.png,../Scripts/output/bbc/bbc_images/bbc_2017-08-16_uk-england-northamptonshire-40950234_img03.png,"Image caption, Tenniswood approached Miss Chipchase outside NB's nightclub, where she had previously tried to get in a taxi home",,0,,0,,1,broad_candidate
uk-wales-north-east-wales-40950249,BBC News,2017,IPCC,Denbigh stabbing: IPCC probe Laura Jayne Stuart's death,https://www.bbc.co.uk/news/uk-wales-north-east-wales-40950249,2017-08-16,,1,https://ichef.bbci.co.uk/ace/standard/976/cpsprodpb/5DC3/production/_97330042_laurastuart.jpg,../Scripts/output/bbc/bbc_images/bbc_2017-08-16_uk-wales-north-east-wales-40950249_img01.jpg,,,0,,0,,1,broad_candidate
science-environment-41319885,BBC News,2017,"""1.5C""",Paris climate aim 'still achievable',https://www.bbc.co.uk/news/science-environment-41319885,2017-09-19,,2,https://ichef.bbci.co.uk/ace/standard/464/cpsprodpb/BCED/production/_92856384_line976.jpg,../Scripts/output/bbc/bbc_images/bbc_2017-09-19_science-environment-41319885_img02.jpg,,,0,,0,,1,broad_candidate
uk-england-birmingham-41501644,BBC News,2017,IPCC,Police dog 'attack': IPCC probes West Midlands Police,https://www.bbc.co.uk/news/uk-england-birmingham-41501644,2017-10-04,,1,https://ichef.bbci.co.uk/ace/standard/976/cpsprodpb/8CD1/production/_97694063_mediaitem97694062.jpg,../Scripts/output/bbc/bbc_images/bbc_2017-10-04_uk-england-birmingham-41501644_img01.jpg,"Image caption, Andy Cash was hurt when a police dog was released after a discussion with police became heated",,0,,0,,1,broad_candidate
uk-england-leeds-41504522,BBC News,2017,IPCC,Yassar Yaqub shooting: Delay publishing IPCC forensic results,https://www.bbc.co.uk/news/uk-england-leeds-41504522,2017-10-04,,1,https://ichef.bbci.co.uk/ace/standard/976/cpsprodpb/F81E/production/_93281536_yy2.jpg,../Scripts/output/bbc/bbc_images/bbc_2017-10-04_uk-england-leeds-41504522_img01.jpg,"Image caption, Yassar Yaqub died from gunshot wounds, a post-mortem examination found",,0,,0,,1,broad_candidate
uk-england-leeds-41504522,BBC News,2017,IPCC,Yassar Yaqub shooting: Delay publishing IPCC forensic results,https://www.bbc.co.uk/news/uk-england-leeds-41504522,2017-10-04,,2,https://ichef.bbci.co.uk/ace/standard/976/cpsprodpb/14B1/production/_93279250_m62pa.jpg,../Scripts/output/bbc/bbc_images/bbc_2017-10-04_uk-england-leeds-41504522_img02.jpg,"Image caption, A gun was found in the car Yassar Yaqub had been travelling in, the IPCC said",,0,,0,,1,broad_candidate
uk-england-kent-41694886,BBC News,2017,IPCC,Death of man in Kent Police custody death referred to IPCC,https://www.bbc.co.uk/news/uk-england-kent-41694886,2017-10-20,,1,https://ichef.bbci.co.uk/ace/standard/976/cpsprodpb/C800/production/_98400215_fc07fe5e-6d45-410c-8d5d-3e7606354981.jpg,../Scripts/output/bbc/bbc_images/bbc_2017-10-20_uk-england-kent-41694886_img01.jpg,"Image caption, The man suffered a medical incident while in custody at Tonbridge Police Station",,0,,0,,1,broad_candidate
uk-england-lancashire-41839276,BBC News,2017,IPCC,Preston station death: British Transport Police referred to IPCC,https://www.bbc.co.uk/news/uk-england-lancashire-41839276,2017-11-02,,1,https://ichef.bbci.co.uk/ace/standard/976/cpsprodpb/72B8/production/_98586392_preston-station.jpg,../Scripts/output/bbc/bbc_images/bbc_2017-11-02_uk-england-lancashire-41839276_img01.jpg,"Image caption, The man is thought to have come into contact with the overhead lines above a freight train in a nearby depot",,0,,0,,1,broad_candidate
uk-england-merseyside-42064131,BBC News,2017,IPCC,IPCC investigate Merseyside Police after cyclist suffers head injury,https://www.bbc.co.uk/news/uk-england-merseyside-42064131,2017-11-21,,1,https://ichef.bbci.co.uk/ace/standard/976/cpsprodpb/17CB8/production/_98846479_burleighroadnorthgoogle2.jpg,../Scripts/output/bbc/bbc_images/bbc_2017-11-21_uk-england-merseyside-42064131_img01.jpg,"Image caption, It happened at the junction of Walton Breck Road and Burleigh Road North",,0,,0,,1,broad_candidate
uk-england-cumbria-42411420,BBC News,2017,IPCC,Melinda Korosi murder: IPCC finds police failings,https://www.bbc.co.uk/news/uk-england-cumbria-42411420,2017-12-19,,1,https://ichef.bbci.co.uk/ace/standard/976/cpsprodpb/17513/production/_94970559_55ef1c12-e38c-49c9-8afe-3f0a330487cb.jpg,../Scripts/output/bbc/bbc_images/bbc_2017-12-19_uk-england-cumbria-42411420_img01.jpg,"Image caption, Miklos Verebes was jailed for life with a minimum term of 28 years",,0,,0,,1,broad_candidate
uk-england-cumbria-42411420,BBC News,2017,IPCC,Melinda Korosi murder: IPCC finds police failings,https://www.bbc.co.uk/news/uk-england-cumbria-42411420,2017-12-19,,2,https://ichef.bbci.co.uk/ace/standard/976/cpsprodpb/AE7A/production/_94866644_thumb.jpg,../Scripts/output/bbc/bbc_images/bbc_2017-12-19_uk-england-cumbria-42411420_img02.jpg,"Image caption, Melinda Korosi was killed at her home on 15 September 2016",,0,,0,,1,broad_candidate
uk-england-leeds-42427652,BBC News,2017,IPCC,Police helicopter recorded M606 fatal crash says IPCC,https://www.bbc.co.uk/news/uk-england-leeds-42427652,2017-12-20,,1,https://ichef.bbci.co.uk/ace/standard/976/cpsprodpb/1233B/production/_99255547_mediaitem99249948.jpg,../Scripts/output/bbc/bbc_images/bbc_2017-12-20_uk-england-leeds-42427652_img01.jpg,"Image caption, The watchdog has appealed for witnesses to the crash",,0,,0,,1,broad_candidate
cz913gxlw3jo,BBC News,2017,"""climate change""","How climate change affects hurricanes, typhoons and cyclones",https://www.bbc.co.uk/news/articles/cz913gxlw3jo,2017-12-30,2026-05-21,1,https://ichef.bbci.co.uk/ace/standard/999/cpsprodpb/a4c3/live/e0bc3390-5524-11f1-87e7-8195a3fea8aa.jpg,../Scripts/output/bbc/bbc_images/bbc_2017-12-30_cz913gxlw3jo_img01.jpg,"Image caption, Hurricane Melissa, which hit Jamaica in October 2025, was one of the strongest storms ever recorded",,0,,0,,1,broad_candidate
cz913gxlw3jo,BBC News,2017,"""climate change""","How climate change affects hurricanes, typhoons and cyclones",https://www.bbc.co.uk/news/articles/cz913gxlw3jo,2017-12-30,2026-05-21,2,https://ichef.bbci.co.uk/ace/standard/1280/cpsprodpb/44f6/live/70524a50-b406-11f0-b2a1-6f537f66f9aa.png,../Scripts/output/bbc/bbc_images/bbc_2017-12-30_cz913gxlw3jo_img02.png,,,0,,0,,1,broad_candidate
cz913gxlw3jo,BBC News,2017,"""climate change""","How climate change affects hurricanes, typhoons and cyclones",https://www.bbc.co.uk/news/articles/cz913gxlw3jo,2017-12-30,2026-05-21,3,https://ichef.bbci.co.uk/ace/standard/1280/cpsprodpb/a328/live/ccde9220-b405-11f0-aa13-0b0479f6f42a.png,../Scripts/output/bbc/bbc_images/bbc_2017-12-30_cz913gxlw3jo_img03.png,,,0,,0,,1,broad_candidate
cz913gxlw3jo,BBC News,2017,"""climate change""","How climate change affects hurricanes, typhoons and cyclones",https://www.bbc.co.uk/news/articles/cz913gxlw3jo,2017-12-30,2026-05-21,4,https://ichef.bbci.co.uk/ace/standard/1280/cpsprodpb/fe82/live/a2ad2de0-b405-11f0-b2a1-6f537f66f9aa.png,../Scripts/output/bbc/bbc_images/bbc_2017-12-30_cz913gxlw3jo_img04.png,,,0,,0,,1,broad_candidate
cz913gxlw3jo,BBC News,2017,"""climate change""","How climate change affects hurricanes, typhoons and cyclones",https://www.bbc.co.uk/news/articles/cz913gxlw3jo,2017-12-30,2026-05-21,5,https://ichef.bbci.co.uk/ace/standard/1280/cpsprodpb/b4e9/live/a1f17ad0-b40c-11f0-ba75-093eca1ac29b.png,../Scripts/output/bbc/bbc_images/bbc_2017-12-30_cz913gxlw3jo_img05.png,,,0,,0,,1,broad_candidate
cz913gxlw3jo,BBC News,2017,"""climate change""","How climate change affects hurricanes, typhoons and cyclones",https://www.bbc.co.uk/news/articles/cz913gxlw3jo,2017-12-30,2026-05-21,6,https://ichef.bbci.co.uk/ace/standard/999/cpsprodpb/a70f/live/a493c960-b41f-11f0-8d6c-7357788a3999.jpg,../Scripts/output/bbc/bbc_images/bbc_2017-12-30_cz913gxlw3jo_img06.jpg,"Image caption, The winds and rain from Hurricane Helene in 2024 were likely worsened by climate change, scientists at the World Weather Attribution group found",,0,,0,,1,broad_candidate
uk-england-nottinghamshire-42592470,BBC News,2018,IPCC,IPCC investigates death of detained man in Nottingham,https://www.bbc.co.uk/news/uk-england-nottinghamshire-42592470,2018-01-06,,1,https://ichef.bbci.co.uk/ace/standard/976/cpsprodpb/5F09/production/_99492342_de27-1.jpg,../Scripts/output/bbc/bbc_images/bbc_2018-01-06_uk-england-nottinghamshire-42592470_img01.jpg,"Image caption, Southdale Road was cordoned off while police investigated",,0,,0,,1,broad_candidate
uk-england-nottinghamshire-42592470,BBC News,2018,IPCC,IPCC investigates death of detained man in Nottingham,https://www.bbc.co.uk/news/uk-england-nottinghamshire-42592470,2018-01-06,,2,https://ichef.bbci.co.uk/ace/standard/976/cpsprodpb/D439/production/_99492345_de27-1.jpg,../Scripts/output/bbc/bbc_images/bbc_2018-01-06_uk-england-nottinghamshire-42592470_img02.jpg,"Image caption, Nottinghamshire Police referred itself to the IPCC",,0,,0,,1,broad_candidate
uk-england-44808202,BBC News,2018,"""sea level rise""",British salt marshes 'to disappear' as sea levels rise,https://www.bbc.co.uk/news/uk-england-44808202,2018-07-12,,1,https://ichef.bbci.co.uk/ace/standard/976/cpsprodpb/172EF/production/_102495949__99252724_maldon.jpg,../Scripts/output/bbc/bbc_images/bbc_2018-07-12_uk-england-44808202_img01.jpg,"Image caption, Salt marshes, also called coastal wetlands, are found around the British coast",,0,,0,,1,broad_candidate
uk-england-44808202,BBC News,2018,"""sea level rise""",British salt marshes 'to disappear' as sea levels rise,https://www.bbc.co.uk/news/uk-england-44808202,2018-07-12,,2,https://ichef.bbci.co.uk/ace/standard/976/cpsprodpb/8641/production/_102496343_capture.jpg,../Scripts/output/bbc/bbc_images/bbc_2018-07-12_uk-england-44808202_img02.jpg,"Image caption, Coastal wetlands are flooded and drained by salt water brought in by the tides",,0,,0,,1,broad_candidate
science-environment-45653099,BBC News,2018,"""1.5C""",IPCC: Climate scientists consider 'life changing' report,https://www.bbc.co.uk/news/science-environment-45653099,2018-10-01,,6,https://news.files.bbci.co.uk/include/newsspec/21484-climate-change/assets/app-project-assets/img/climate-change-fallback.png?v=1.0.17,../Scripts/output/bbc/bbc_images/bbc_2018-10-01_science-environment-45653099_img06.png,,,0,,0,,1,broad_candidate
science-environment-45678338,BBC News,2018,"""1.5C""",What does 1.5C mean in a warming world?,https://www.bbc.co.uk/news/science-environment-45678338,2018-10-02,,1,https://ichef.bbci.co.uk/ace/standard/976/cpsprodpb/B416/production/_103620164_30975952695_d5c846b32f_k-1.jpg,../Scripts/output/bbc/bbc_images/bbc_2018-10-02_science-environment-45678338_img01.jpg,,,0,,0,,1,broad_candidate
science-environment-45678338,BBC News,2018,"""1.5C""",What does 1.5C mean in a warming world?,https://www.bbc.co.uk/news/science-environment-45678338,2018-10-02,,2,https://ichef.bbci.co.uk/ace/standard/976/cpsprodpb/A849/production/_103618034_mal1.jpg,../Scripts/output/bbc/bbc_images/bbc_2018-10-02_science-environment-45678338_img02.jpg,"Image caption, It was during the Paris climate negotiations that the 1.5C target became a reality",,0,,0,,1,broad_candidate
science-environment-45678338,BBC News,2018,"""1.5C""",What does 1.5C mean in a warming world?,https://www.bbc.co.uk/news/science-environment-45678338,2018-10-02,,5,https://ichef.bbci.co.uk/ace/standard/624/cpsprodpb/0C09/production/_103618030_impacts-nc.png,../Scripts/output/bbc/bbc_images/bbc_2018-10-02_science-environment-45678338_img05.png,,,0,,0,,1,broad_candidate
science-environment-45678338,BBC News,2018,"""1.5C""",What does 1.5C mean in a warming world?,https://www.bbc.co.uk/news/science-environment-45678338,2018-10-02,,6,https://ichef.bbci.co.uk/ace/standard/976/cpsprodpb/16B99/production/_103618039_31056384845_ba00c1cd0a_k.jpg,../Scripts/output/bbc/bbc_images/bbc_2018-10-02_science-environment-45678338_img06.jpg,"Image caption, Climate campaigners have been pushing hard for 1.5C for several years",,0,,0,,1,broad_candidate
science-environment-45720740,BBC News,2018,"""global temperature""",'Reasons to be hopeful' on 1.5C global temperature target,https://www.bbc.co.uk/news/science-environment-45720740,2018-10-03,,1,https://ichef.bbci.co.uk/ace/standard/976/cpsprodpb/1740F/production/_103674259_heleen2.png,../Scripts/output/bbc/bbc_images/bbc_2018-10-03_science-environment-45720740_img01.png,,,0,,0,,1,broad_candidate
science-environment-45720740,BBC News,2018,"""global temperature""",'Reasons to be hopeful' on 1.5C global temperature target,https://www.bbc.co.uk/news/science-environment-45720740,2018-10-03,,2,https://ichef.bbci.co.uk/ace/standard/976/cpsprodpb/8D97/production/_103674263_ipcc1.png,../Scripts/output/bbc/bbc_images/bbc_2018-10-03_science-environment-45720740_img02.png,"Image caption, Scientists and government representatives are meeting in South Korea to hammer out a special report on 1.5C",,0,,0,,1,broad_candidate
science-environment-45720740,BBC News,2018,"""global temperature""",'Reasons to be hopeful' on 1.5C global temperature target,https://www.bbc.co.uk/news/science-environment-45720740,2018-10-03,,3,https://ichef.bbci.co.uk/ace/standard/976/cpsprodpb/0223/production/_103674500_drought1.png,../Scripts/output/bbc/bbc_images/bbc_2018-10-03_science-environment-45720740_img03.png,"Image caption, If temperatures rise beyond 1.5C many parts of the developing world will be hit very hard",,0,,0,,1,broad_candidate
science-environment-45742191,BBC News,2018,"""1.5C""",Caution urged over use of 'carbon unicorns' to limit warming,https://www.bbc.co.uk/news/science-environment-45742191,2018-10-05,,1,https://ichef.bbci.co.uk/ace/standard/976/cpsprodpb/12B2E/production/_103709567_uni1.png,../Scripts/output/bbc/bbc_images/bbc_2018-10-05_science-environment-45742191_img01.png,"Image caption, A carbon unicorn perhaps?",,0,,0,,1,broad_candidate
science-environment-45742191,BBC News,2018,"""1.5C""",Caution urged over use of 'carbon unicorns' to limit warming,https://www.bbc.co.uk/news/science-environment-45742191,2018-10-05,,3,https://ichef.bbci.co.uk/ace/standard/976/cpsprodpb/137C3/production/_103711897_trees.png,../Scripts/output/bbc/bbc_images/bbc_2018-10-05_science-environment-45742191_img03.png,"Image caption, Planting trees on a massive scale may be needed to limit climate warming",,0,,0,,1,broad_candidate
science-environment-45742191,BBC News,2018,"""1.5C""",Caution urged over use of 'carbon unicorns' to limit warming,https://www.bbc.co.uk/news/science-environment-45742191,2018-10-05,,4,https://ichef.bbci.co.uk/ace/standard/976/cpsprodpb/2653/production/_103711890_2-howtosuckcar.jpg,../Scripts/output/bbc/bbc_images/bbc_2018-10-05_science-environment-45742191_img04.jpg,"Image caption, Some are proposing to filter the air to remove greenhouse gases",,0,,0,,1,broad_candidate
science-environment-45742191,BBC News,2018,"""1.5C""",Caution urged over use of 'carbon unicorns' to limit warming,https://www.bbc.co.uk/news/science-environment-45742191,2018-10-05,,5,https://ichef.bbci.co.uk/ace/standard/976/cpsprodpb/10E96/production/_103707296_ip2.png,../Scripts/output/bbc/bbc_images/bbc_2018-10-05_science-environment-45742191_img05.png,"Image caption, The IPCC's Special Report on a temperature rise of 1.5C is known as SR15",,0,,0,,1,broad_candidate
science-environment-45784892,BBC News,2018,IPCC,Five things we have learned from the IPCC report,https://www.bbc.co.uk/news/science-environment-45784892,2018-10-08,,3,https://ichef.bbci.co.uk/ace/standard/640/cpsprodpb/12897/production/_103772957_impact_of_climate_changev2_640-nc.png,../Scripts/output/bbc/bbc_images/bbc_2018-10-08_science-environment-45784892_img03.png,,,0,,0,,1,broad_candidate
science-environment-45827068,BBC News,2018,"""1.5C""",Six climate questions for 'Green GB',https://www.bbc.co.uk/news/science-environment-45827068,2018-10-11,2018-10-12,1,https://ichef.bbci.co.uk/ace/standard/976/cpsprodpb/12964/production/_103823167_mediaitem103823166.jpg,../Scripts/output/bbc/bbc_images/bbc_2018-10-11_science-environment-45827068_img01.jpg,,,0,,0,,1,broad_candidate
science-environment-45827068,BBC News,2018,"""1.5C""",Six climate questions for 'Green GB',https://www.bbc.co.uk/news/science-environment-45827068,2018-10-11,2018-10-12,2,https://ichef.bbci.co.uk/ace/standard/976/cpsprodpb/117F8/production/_103827617_mediaitem103827616.jpg,../Scripts/output/bbc/bbc_images/bbc_2018-10-11_science-environment-45827068_img02.jpg,"Image caption, These homes in Nottingham have been transformed to make them more energy efficient",,0,,0,,1,broad_candidate
science-environment-45827068,BBC News,2018,"""1.5C""",Six climate questions for 'Green GB',https://www.bbc.co.uk/news/science-environment-45827068,2018-10-11,2018-10-12,3,https://ichef.bbci.co.uk/ace/standard/976/cpsprodpb/54A8/production/_103827612_mediaitem103823171.jpg,../Scripts/output/bbc/bbc_images/bbc_2018-10-11_science-environment-45827068_img03.jpg,"Image caption, Waste management is a key area of focus for Green GB Week",,0,,0,,1,broad_candidate
science-environment-48337629,BBC News,2019,"""sea level rise""",Climate change: Global sea level rise could be bigger than expected,https://www.bbc.co.uk/news/science-environment-48337629,2019-05-20,,2,https://ichef.bbci.co.uk/ace/standard/976/cpsprodpb/56ED/production/_107035222_201007.jpg,../Scripts/output/bbc/bbc_images/bbc_2019-05-20_science-environment-48337629_img02.jpg,"Image caption, A small boat in the Illulissat Icefjord in western Greenland, dwarfed by icebergs that have calved from Greenland's largest glacier, Jacobshavn Isbrae",,0,,0,,1,broad_candidate
science-environment-48337629,BBC News,2019,"""sea level rise""",Climate change: Global sea level rise could be bigger than expected,https://www.bbc.co.uk/news/science-environment-48337629,2019-05-20,,3,https://ichef.bbci.co.uk/ace/standard/976/cpsprodpb/11A3D/production/_107035227_201008.jpg,../Scripts/output/bbc/bbc_images/bbc_2019-05-20_science-environment-48337629_img03.jpg,"Image caption, A German supply ship moored at the edge of an ice shelf in West Antarctica",,0,,0,,1,broad_candidate
science-environment-48337629,BBC News,2019,"""sea level rise""",Climate change: Global sea level rise could be bigger than expected,https://www.bbc.co.uk/news/science-environment-48337629,2019-05-20,,4,https://ichef.bbci.co.uk/ace/standard/976/cpsprodpb/FF12/production/_106289256_planet_bot_promo_website-3.png,../Scripts/output/bbc/bbc_images/bbc_2019-05-20_science-environment-48337629_img04.png,,,0,,0,,1,broad_candidate
science-environment-48337629,BBC News,2019,"""sea level rise""",Climate change: Global sea level rise could be bigger than expected,https://www.bbc.co.uk/news/science-environment-48337629,2019-05-20,,5,https://ichef.bbci.co.uk/ace/standard/976/cpsprodpb/D802/production/_106289255_planet_bot_promo_website_blueline-3.png,../Scripts/output/bbc/bbc_images/bbc_2019-05-20_science-environment-48337629_img05.png,,,0,,0,,1,broad_candidate
science-environment-48786296,BBC News,2019,IPCC,UN climate talks: Delegates back IPCC report without targets,https://www.bbc.co.uk/news/science-environment-48786296,2019-06-27,,1,https://ichef.bbci.co.uk/ace/standard/976/cpsprodpb/B668/production/_107569664_2ee0e4ee-cdd7-4e5f-95cf-c105641244fa.jpg,../Scripts/output/bbc/bbc_images/bbc_2019-06-27_science-environment-48786296_img01.jpg,"Image caption, The small island states accused Saudi Arabia and others of denialism",,0,,0,,1,broad_candidate
science-environment-48786296,BBC News,2019,IPCC,UN climate talks: Delegates back IPCC report without targets,https://www.bbc.co.uk/news/science-environment-48786296,2019-06-27,,2,https://ichef.bbci.co.uk/ace/standard/976/cpsprodpb/7B13/production/_107570513_77ebc3f8-8e78-4eaa-a441-7e53642160ec.jpg,../Scripts/output/bbc/bbc_images/bbc_2019-06-27_science-environment-48786296_img02.jpg,"Image caption, Ambassador Lois Young from Belize is chair of the Alliance of Small Island States",,0,,0,,1,broad_candidate
science-environment-48786296,BBC News,2019,IPCC,UN climate talks: Delegates back IPCC report without targets,https://www.bbc.co.uk/news/science-environment-48786296,2019-06-27,,3,https://ichef.bbci.co.uk/ace/standard/976/cpsprodpb/152A8/production/_107569668_73f7b430-cf31-4894-8d4a-69c7e2dfcb34.jpg,../Scripts/output/bbc/bbc_images/bbc_2019-06-27_science-environment-48786296_img03.jpg,"Image caption, Tuvalu's Ian Fry said the country faced existential threats from climate change",,0,,0,,1,broad_candidate
science-environment-48840528,BBC News,2019,"""1.5C""",Climate change: Antarctic Peninsula 'can still avoid irreversible change',https://www.bbc.co.uk/news/science-environment-48840528,2019-07-02,,1,https://ichef.bbci.co.uk/ace/standard/976/cpsprodpb/181AB/production/_107713789_3.jpg,../Scripts/output/bbc/bbc_images/bbc_2019-07-02_science-environment-48840528_img01.jpg,"Image caption, The Wilkins Ice Shelf underwent a series of fragmentation events from the late 2000s onwards",,0,,0,,1,broad_candidate
science-environment-48840528,BBC News,2019,"""1.5C""",Climate change: Antarctic Peninsula 'can still avoid irreversible change',https://www.bbc.co.uk/news/science-environment-48840528,2019-07-02,,3,https://ichef.bbci.co.uk/ace/standard/976/cpsprodpb/2603/production/_107713790_1.jpg,../Scripts/output/bbc/bbc_images/bbc_2019-07-02_science-environment-48840528_img03.jpg,"Image caption, The Nansen Ice shelf drains its surface meltwater through a network of streams and rivers",,0,,0,,1,broad_candidate
science-environment-48840528,BBC News,2019,"""1.5C""",Climate change: Antarctic Peninsula 'can still avoid irreversible change',https://www.bbc.co.uk/news/science-environment-48840528,2019-07-02,,4,https://ichef.bbci.co.uk/ace/standard/640/cpsprodpb/2905/production/_107710501_antarctic_locatorv4_640-nc.png,../Scripts/output/bbc/bbc_images/bbc_2019-07-02_science-environment-48840528_img04.png,,,0,,0,,1,broad_candidate
science-environment-50236882,BBC News,2019,"""sea level rise""",Climate change: Sea level rise to affect 'three times more people',https://www.bbc.co.uk/news/science-environment-50236882,2019-10-30,,2,https://ichef.bbci.co.uk/ace/standard/640/cpsprodpb/14F74/production/_109467858_flooding_bangkok_2050_640-nc.png,../Scripts/output/bbc/bbc_images/bbc_2019-10-30_science-environment-50236882_img02.png,,,0,,0,,1,broad_candidate
science-environment-50236882,BBC News,2019,"""sea level rise""",Climate change: Sea level rise to affect 'three times more people',https://www.bbc.co.uk/news/science-environment-50236882,2019-10-30,,3,https://ichef.bbci.co.uk/ace/standard/624/cpsprodpb/94C2/production/_109028083_1px_white_line-nc.png,../Scripts/output/bbc/bbc_images/bbc_2019-10-30_science-environment-50236882_img03.png,,,0,,0,,1,broad_candidate
science-environment-50236882,BBC News,2019,"""sea level rise""",Climate change: Sea level rise to affect 'three times more people',https://www.bbc.co.uk/news/science-environment-50236882,2019-10-30,,4,https://ichef.bbci.co.uk/ace/standard/640/cpsprodpb/1226D/production/_105894347_grey_line-nc.png,../Scripts/output/bbc/bbc_images/bbc_2019-10-30_science-environment-50236882_img04.png,,,0,,0,,1,broad_candidate
science-environment-50236882,BBC News,2019,"""sea level rise""",Climate change: Sea level rise to affect 'three times more people',https://www.bbc.co.uk/news/science-environment-50236882,2019-10-30,,5,https://ichef.bbci.co.uk/ace/standard/640/cpsprodpb/17684/production/_109467859_flooding_bangladesh_2050_640-nc.png,../Scripts/output/bbc/bbc_images/bbc_2019-10-30_science-environment-50236882_img05.png,,,0,,0,,1,broad_candidate
science-environment-50438611,BBC News,2019,"""sea level rise""",Sentinel for sea-level rise enters testing,https://www.bbc.co.uk/news/science-environment-50438611,2019-11-15,,1,https://ichef.bbci.co.uk/ace/standard/976/cpsprodpb/16222/production/_109685609_copernicus_sentinel-6_on_display.jpg,../Scripts/output/bbc/bbc_images/bbc_2019-11-15_science-environment-50438611_img01.jpg,"Image caption, Flying under the Copernicus badge secures the programme's long-term future",,0,,0,,1,broad_candidate
science-environment-50438611,BBC News,2019,"""sea level rise""",Sentinel for sea-level rise enters testing,https://www.bbc.co.uk/news/science-environment-50438611,2019-11-15,,2,https://ichef.bbci.co.uk/ace/standard/976/cpsprodpb/ECF2/production/_109685606_057836986.jpg,../Scripts/output/bbc/bbc_images/bbc_2019-11-15_science-environment-50438611_img02.jpg,"Image caption, Changes in sea-surface height will inform forecasts of storm intensity",,0,,0,,1,broad_candidate
science-environment-50438611,BBC News,2019,"""sea level rise""",Sentinel for sea-level rise enters testing,https://www.bbc.co.uk/news/science-environment-50438611,2019-11-15,,5,https://ichef.bbci.co.uk/ace/standard/976/cpsprodpb/41D0/production/_109684861_sentinel-6_copyrightesa.jpg,../Scripts/output/bbc/bbc_images/bbc_2019-11-15_science-environment-50438611_img05.jpg,"Image caption, Artwork: Sentinel-6 will launch on a Falcon-9 rocket in November 2020",,0,,0,,1,broad_candidate
science-environment-51283716,BBC News,2020,"""sea level rise""",Coastal floods warning in UK as sea levels rise,https://www.bbc.co.uk/news/science-environment-51283716,2020-02-14,,1,https://ichef.bbci.co.uk/ace/standard/976/cpsprodpb/40D0/production/_110829561_tv059822099.jpg,../Scripts/output/bbc/bbc_images/bbc_2020-02-14_science-environment-51283716_img01.jpg,"Image caption, Storm Ciara brought widespread flooding",,0,,0,,1,broad_candidate
science-environment-51283716,BBC News,2020,"""sea level rise""",Coastal floods warning in UK as sea levels rise,https://www.bbc.co.uk/news/science-environment-51283716,2020-02-14,,2,https://ichef.bbci.co.uk/ace/standard/976/cpsprodpb/3139/production/_110710621_uk_flood_976-nc.png,../Scripts/output/bbc/bbc_images/bbc_2020-02-14_science-environment-51283716_img02.png,,,0,,0,,1,broad_candidate
science-environment-51283716,BBC News,2020,"""sea level rise""",Coastal floods warning in UK as sea levels rise,https://www.bbc.co.uk/news/science-environment-51283716,2020-02-14,,3,https://ichef.bbci.co.uk/ace/standard/976/cpsprodpb/13481/production/_110677987_bostontidalbarrier.jpg,../Scripts/output/bbc/bbc_images/bbc_2020-02-14_science-environment-51283716_img03.jpg,,,0,,0,,1,broad_candidate
science-environment-51283716,BBC News,2020,"""sea level rise""",Coastal floods warning in UK as sea levels rise,https://www.bbc.co.uk/news/science-environment-51283716,2020-02-14,,4,https://ichef.bbci.co.uk/ace/standard/976/cpsprodpb/4E09/production/_110677991_mediaitem110677990.jpg,../Scripts/output/bbc/bbc_images/bbc_2020-02-14_science-environment-51283716_img04.jpg,"Image caption, The village of Hemsby is too small to meet the government's criteria to get funding for flood defence",,0,,0,,1,broad_candidate
science-environment-51283716,BBC News,2020,"""sea level rise""",Coastal floods warning in UK as sea levels rise,https://www.bbc.co.uk/news/science-environment-51283716,2020-02-14,,5,https://ichef.bbci.co.uk/ace/standard/976/cpsprodpb/182A1/production/_110677989_mediaitem110677988.jpg,../Scripts/output/bbc/bbc_images/bbc_2020-02-14_science-environment-51283716_img05.jpg,"Image caption, The dune is being reinforced with concrete blocks, but there's a limit to the protection it can offer",,0,,0,,1,broad_candidate
science-environment-53342806,BBC News,2020,"""1.5C""",Climate change: 'Rising chance' of exceeding 1.5C global target,https://www.bbc.co.uk/news/science-environment-53342806,2020-07-09,,1,https://ichef.bbci.co.uk/ace/standard/976/cpsprodpb/D0FB/production/_113299435_wmo1.png,../Scripts/output/bbc/bbc_images/bbc_2020-07-09_science-environment-53342806_img01.png,"Image caption, A child tries to cool himself in a heatwave in Gaza",,0,,0,,1,broad_candidate
science-environment-53342806,BBC News,2020,"""1.5C""",Climate change: 'Rising chance' of exceeding 1.5C global target,https://www.bbc.co.uk/news/science-environment-53342806,2020-07-09,,2,https://ichef.bbci.co.uk/ace/standard/976/cpsprodpb/11F1B/production/_113299437_wmo2.png,../Scripts/output/bbc/bbc_images/bbc_2020-07-09_science-environment-53342806_img02.png,"Image caption, There are likely to be more storms hitting Europe",,0,,0,,1,broad_candidate
science-environment-53342806,BBC News,2020,"""1.5C""",Climate change: 'Rising chance' of exceeding 1.5C global target,https://www.bbc.co.uk/news/science-environment-53342806,2020-07-09,,3,https://ichef.bbci.co.uk/ace/standard/976/cpsprodpb/16D3B/production/_113299439_wmo3.png,../Scripts/output/bbc/bbc_images/bbc_2020-07-09_science-environment-53342806_img03.png,"Image caption, Fires in Siberia are said to be linked to the very warm conditions being experienced there",,0,,0,,1,broad_candidate
science-environment-53836018,BBC News,2020,"""sea level rise""",Climate change: Dams played key role in limiting sea level rise,https://www.bbc.co.uk/news/science-environment-53836018,2020-08-19,,1,https://ichef.bbci.co.uk/ace/standard/976/cpsprodpb/3EB4/production/_114025061_dam1.png,../Scripts/output/bbc/bbc_images/bbc_2020-08-19_science-environment-53836018_img01.png,,,0,,0,,1,broad_candidate
science-environment-53836018,BBC News,2020,"""sea level rise""",Climate change: Dams played key role in limiting sea level rise,https://www.bbc.co.uk/news/science-environment-53836018,2020-08-19,,2,https://ichef.bbci.co.uk/ace/standard/976/cpsprodpb/DAF4/production/_114025065_kariba.png,../Scripts/output/bbc/bbc_images/bbc_2020-08-19_science-environment-53836018_img02.png,"Image caption, The Kariba dam, on the border between Zambia and Zimbabwe, was the world's biggest when built",,0,,0,,1,broad_candidate
science-environment-53836018,BBC News,2020,"""sea level rise""",Climate change: Dams played key role in limiting sea level rise,https://www.bbc.co.uk/news/science-environment-53836018,2020-08-19,,3,https://ichef.bbci.co.uk/ace/standard/976/cpsprodpb/17734/production/_114025069_paraguaydam.png,../Scripts/output/bbc/bbc_images/bbc_2020-08-19_science-environment-53836018_img03.png,"Image caption, Many dams, like the Itaipu between Paraguay and Brazil, hold back large amounts of water to generate electricity",,0,,0,,1,broad_candidate
science-environment-53836018,BBC News,2020,"""sea level rise""",Climate change: Dams played key role in limiting sea level rise,https://www.bbc.co.uk/news/science-environment-53836018,2020-08-19,,4,https://ichef.bbci.co.uk/ace/standard/976/cpsprodpb/EE86/production/_114026016_michigandam.png,../Scripts/output/bbc/bbc_images/bbc_2020-08-19_science-environment-53836018_img04.png,"Image caption, When things go wrong with dams, like at this one in Michigan, they can be a disaster for the environment and local population",,0,,0,,1,broad_candidate
science-environment-56935097,BBC News,2021,"""sea level rise""",The Cornish hut that gave rise to sea level benchmark,https://www.bbc.co.uk/news/science-environment-56935097,2021-04-30,,1,https://ichef.bbci.co.uk/ace/standard/976/cpsprodpb/D0DA/production/_118266435_97a242b2-b931-4b02-b78b-1cba47f3e5ef.jpg,../Scripts/output/bbc/bbc_images/bbc_2021-04-30_science-environment-56935097_img01.jpg,"Image caption, Ordnance Datum Newlyn: The brass bolt marker (L) sits under a cover (R)",,0,,0,,1,broad_candidate
science-environment-56935097,BBC News,2021,"""sea level rise""",The Cornish hut that gave rise to sea level benchmark,https://www.bbc.co.uk/news/science-environment-56935097,2021-04-30,,3,https://ichef.bbci.co.uk/ace/standard/640/cpsprodpb/16252/production/_118260709_tidal-1970.jpg,../Scripts/output/bbc/bbc_images/bbc_2021-04-30_science-environment-56935097_img03.jpg,"Image caption, OS maintained full-time observers at the Newlyn station until 1983",,0,,0,,1,broad_candidate
science-environment-56935097,BBC News,2021,"""sea level rise""",The Cornish hut that gave rise to sea level benchmark,https://www.bbc.co.uk/news/science-environment-56935097,2021-04-30,,4,https://ichef.bbci.co.uk/ace/standard/640/cpsprodpb/769F/production/_118376303_schem-nc.png,../Scripts/output/bbc/bbc_images/bbc_2021-04-30_science-environment-56935097_img04.png,,,0,,0,,1,broad_candidate
cy4dgp1p3p1o,BBC News,2021,"""climate change""","How climate change worsens heatwaves, droughts, fires and floods",https://www.bbc.co.uk/news/articles/cy4dgp1p3p1o,2021-08-09,2025-11-05,1,https://ichef.bbci.co.uk/ace/standard/999/cpsprodpb/ca49/live/1e6557c0-ba30-11f0-9bc3-15f9891aeafa.jpg,../Scripts/output/bbc/bbc_images/bbc_2021-08-09_cy4dgp1p3p1o_img01.jpg,"Image caption, The Los Angeles fires of January 2025 were one of the most expensive weather-related disasters in US history",,0,,0,,1,broad_candidate
cy4dgp1p3p1o,BBC News,2021,"""climate change""","How climate change worsens heatwaves, droughts, fires and floods",https://www.bbc.co.uk/news/articles/cy4dgp1p3p1o,2021-08-09,2025-11-05,2,https://ichef.bbci.co.uk/ace/standard/1280/cpsprodpb/061c/live/116bf290-55a4-11f0-b5c5-012c5796682d.png,../Scripts/output/bbc/bbc_images/bbc_2021-08-09_cy4dgp1p3p1o_img02.png,,,0,,0,,1,broad_candidate
cy4dgp1p3p1o,BBC News,2021,"""climate change""","How climate change worsens heatwaves, droughts, fires and floods",https://www.bbc.co.uk/news/articles/cy4dgp1p3p1o,2021-08-09,2025-11-05,3,https://ichef.bbci.co.uk/ace/standard/1280/cpsprodpb/bd9c/live/166d8350-55b6-11f0-b5c5-012c5796682d.png,../Scripts/output/bbc/bbc_images/bbc_2021-08-09_cy4dgp1p3p1o_img03.png,,,0,,0,,1,broad_candidate
cy4dgp1p3p1o,BBC News,2021,"""climate change""","How climate change worsens heatwaves, droughts, fires and floods",https://www.bbc.co.uk/news/articles/cy4dgp1p3p1o,2021-08-09,2025-11-05,4,https://ichef.bbci.co.uk/ace/standard/1600/cpsprodpb/a7d4/live/4fca0cb0-baf9-11f0-b2a1-6f537f66f9aa.png,../Scripts/output/bbc/bbc_images/bbc_2021-08-09_cy4dgp1p3p1o_img04.png,,,0,,0,,1,broad_candidate
cy4dgp1p3p1o,BBC News,2021,"""climate change""","How climate change worsens heatwaves, droughts, fires and floods",https://www.bbc.co.uk/news/articles/cy4dgp1p3p1o,2021-08-09,2025-11-05,5,https://ichef.bbci.co.uk/ace/standard/3840/cpsprodpb/7102/live/c3573df0-ba50-11f0-aac3-4f1fdbb3aa71.jpg,../Scripts/output/bbc/bbc_images/bbc_2021-08-09_cy4dgp1p3p1o_img05.jpg,"Image caption, Successive failed rainy seasons between 2020 and 2022 displaced more than a million people in Somalia alone, some of whom took shelter in makeshift camps",,0,,0,,1,broad_candidate
cy4dgp1p3p1o,BBC News,2021,"""climate change""","How climate change worsens heatwaves, droughts, fires and floods",https://www.bbc.co.uk/news/articles/cy4dgp1p3p1o,2021-08-09,2025-11-05,6,https://ichef.bbci.co.uk/ace/standard/1024/cpsprodpb/3462/live/0c85bf30-7e50-11ef-8f46-bd4451f5718e.jpg,../Scripts/output/bbc/bbc_images/bbc_2021-08-09_cy4dgp1p3p1o_img06.jpg,"Image caption, In 2024, the Amazon saw its worst forest fires in two decades",,0,,0,,1,broad_candidate
science-environment-58130705,BBC News,2021,IPCC,Climate change: IPCC report is 'code red for humanity',https://www.bbc.co.uk/news/science-environment-58130705,2021-08-09,,5,https://ichef.bbci.co.uk/ace/standard/976/cpsprodpb/148C2/production/_119826148_hi068747035.jpg,../Scripts/output/bbc/bbc_images/bbc_2021-08-09_science-environment-58130705_img05.jpg,"Image caption, Protesters urge action by politicians as the clock counts down to November's COP26 climate summit in Glasgow",,0,,0,,1,broad_candidate
science-environment-58138714,BBC News,2021,IPCC,Climate change: Five things we have learned from the IPCC report,https://www.bbc.co.uk/news/science-environment-58138714,2021-08-09,,1,https://ichef.bbci.co.uk/ace/standard/976/cpsprodpb/16EE4/production/_119842939_eviawildfire-nc.png,../Scripts/output/bbc/bbc_images/bbc_2021-08-09_science-environment-58138714_img01.png,"Image caption, Satellite images of wildfires in Evia, Greece",,0,,0,,1,broad_candidate
science-environment-58138714,BBC News,2021,IPCC,Climate change: Five things we have learned from the IPCC report,https://www.bbc.co.uk/news/science-environment-58138714,2021-08-09,,3,https://ichef.bbci.co.uk/ace/standard/976/cpsprodpb/81D2/production/_119443233_56641ed6-d117-42d7-a007-5ec39e380e30.jpg,../Scripts/output/bbc/bbc_images/bbc_2021-08-09_science-environment-58138714_img03.jpg,"Image caption, More than 100 people were killed in floods that ravaged parts of Europe in July 2021",,0,,0,,1,broad_candidate
science-environment-58138714,BBC News,2021,IPCC,Climate change: Five things we have learned from the IPCC report,https://www.bbc.co.uk/news/science-environment-58138714,2021-08-09,,4,https://ichef.bbci.co.uk/ace/standard/976/cpsprodpb/AF7C/production/_119842944_wateraid_dennislupenga_3500px.jpg,../Scripts/output/bbc/bbc_images/bbc_2021-08-09_science-environment-58138714_img04.jpg,"Image caption, Abandoned canoes on the cracked, dried up shores of Lake Chilwa, Malawi",,0,,0,,1,broad_candidate
science-environment-58138714,BBC News,2021,IPCC,Climate change: Five things we have learned from the IPCC report,https://www.bbc.co.uk/news/science-environment-58138714,2021-08-09,,5,https://ichef.bbci.co.uk/ace/standard/2560/cpsprodpb/DC4C/production/_119869365_spm8_a-nc.png,../Scripts/output/bbc/bbc_images/bbc_2021-08-09_science-environment-58138714_img05.png,,,0,,0,,1,broad_candidate
science-environment-58138714,BBC News,2021,IPCC,Climate change: Five things we have learned from the IPCC report,https://www.bbc.co.uk/news/science-environment-58138714,2021-08-09,,6,https://ichef.bbci.co.uk/ace/standard/624/cpsprodpb/63B0/production/_117302552_a6bc73e5-91d8-4252-b778-e93e82abc65b.png,../Scripts/output/bbc/bbc_images/bbc_2021-08-09_science-environment-58138714_img06.png,,,0,,0,,1,broad_candidate
science-environment-58138714,BBC News,2021,IPCC,Climate change: Five things we have learned from the IPCC report,https://www.bbc.co.uk/news/science-environment-58138714,2021-08-09,,7,https://ichef.bbci.co.uk/ace/standard/2560/cpsprodpb/120C4/production/_119842937_spm8_d-nc.png,../Scripts/output/bbc/bbc_images/bbc_2021-08-09_science-environment-58138714_img07.png,,,0,,0,,1,broad_candidate
science-environment-58138714,BBC News,2021,IPCC,Climate change: Five things we have learned from the IPCC report,https://www.bbc.co.uk/news/science-environment-58138714,2021-08-09,,8,https://ichef.bbci.co.uk/ace/standard/976/cpsprodpb/DF2E/production/_119843175_068201934.jpg,../Scripts/output/bbc/bbc_images/bbc_2021-08-09_science-environment-58138714_img08.jpg,"Image caption, An infrared camera captures what appears to be methane escaping from a natural gas facility",,0,,0,,1,broad_candidate
science-environment-58141129,BBC News,2021,IPCC,Climate change: UN to reveal landmark IPCC report findings,https://www.bbc.co.uk/news/science-environment-58141129,2021-08-09,,1,https://ichef.bbci.co.uk/ace/standard/976/cpsprodpb/1A6B/production/_119836760_hi069284827.jpg,../Scripts/output/bbc/bbc_images/bbc_2021-08-09_science-environment-58141129_img01.jpg,"Image caption, Wildfires have been burning in Greece in recent days",,0,,0,,1,broad_candidate
science-environment-58141129,BBC News,2021,IPCC,Climate change: UN to reveal landmark IPCC report findings,https://www.bbc.co.uk/news/science-environment-58141129,2021-08-09,,3,https://ichef.bbci.co.uk/ace/standard/1680/cpsprodpb/15901/production/_112812388__109755658_rogerharrabin_tr-nc.png,../Scripts/output/bbc/bbc_images/bbc_2021-08-09_science-environment-58141129_img03.png,,,0,,0,,1,broad_candidate
science-environment-58141129,BBC News,2021,IPCC,Climate change: UN to reveal landmark IPCC report findings,https://www.bbc.co.uk/news/science-environment-58141129,2021-08-09,,4,https://ichef.bbci.co.uk/ace/standard/1280/cpsprodpb/EE21/production/_116516906_temp_rises_since_1850_gra640-nc.png,../Scripts/output/bbc/bbc_images/bbc_2021-08-09_science-environment-58141129_img04.png,,,0,,0,,1,broad_candidate
science-environment-58141129,BBC News,2021,IPCC,Climate change: UN to reveal landmark IPCC report findings,https://www.bbc.co.uk/news/science-environment-58141129,2021-08-09,,5,https://ichef.bbci.co.uk/ace/standard/640/cpsprodpb/0316/production/_110509700_our_planet_matters_640x80-nc-1.png,../Scripts/output/bbc/bbc_images/bbc_2021-08-09_science-environment-58141129_img05.png,,,0,,0,,1,broad_candidate
science-environment-58141129,BBC News,2021,IPCC,Climate change: UN to reveal landmark IPCC report findings,https://www.bbc.co.uk/news/science-environment-58141129,2021-08-09,,6,https://ichef.bbci.co.uk/ace/standard/640/cpsprodpb/9F56/production/_110509704_our_planet_matters_640x10-nc.png,../Scripts/output/bbc/bbc_images/bbc_2021-08-09_science-environment-58141129_img06.png,,,0,,0,,1,broad_candidate
science-environment-58141129,BBC News,2021,IPCC,Climate change: UN to reveal landmark IPCC report findings,https://www.bbc.co.uk/news/science-environment-58141129,2021-08-09,,7,https://ichef.bbci.co.uk/ace/standard/1920/cpsprodpb/1739F/production/_113753159_yqa_get_in_touch_top_no_yqa_text_640-nc.png,../Scripts/output/bbc/bbc_images/bbc_2021-08-09_science-environment-58141129_img07.png,,,0,,0,,1,broad_candidate
uk-wales-58146128,BBC News,2021,IPCC,Climate change: IPCC report heralds Wales' 'last-chance saloon',https://www.bbc.co.uk/news/uk-wales-58146128,2021-08-09,,3,https://ichef.bbci.co.uk/ace/standard/976/cpsprodpb/0477/production/_119834110_onepoitfive-nc.png,../Scripts/output/bbc/bbc_images/bbc_2021-08-09_uk-wales-58146128_img03.png,,,0,,0,,1,broad_candidate
uk-wales-58146128,BBC News,2021,IPCC,Climate change: IPCC report heralds Wales' 'last-chance saloon',https://www.bbc.co.uk/news/uk-wales-58146128,2021-08-09,,5,https://ichef.bbci.co.uk/ace/standard/976/cpsprodpb/13898/production/_119842008_sarahdavies.jpg,../Scripts/output/bbc/bbc_images/bbc_2021-08-09_uk-wales-58146128_img05.jpg,"Image caption, Prof Sarah Davies of Aberystwyth University, says there is hope if we act now",,0,,0,,1,broad_candidate
uk-wales-58146128,BBC News,2021,IPCC,Climate change: IPCC report heralds Wales' 'last-chance saloon',https://www.bbc.co.uk/news/uk-wales-58146128,2021-08-09,,6,https://ichef.bbci.co.uk/ace/standard/976/cpsprodpb/17ECC/production/_119869979_haf_landscape3.jpg,../Scripts/output/bbc/bbc_images/bbc_2021-08-09_uk-wales-58146128_img06.jpg,"Image caption, Haf Elgar, director of Friends of the Earth Cymru, says Wales must play its part in the climate emergency",,0,,0,,1,broad_candidate
uk-wales-58146128,BBC News,2021,IPCC,Climate change: IPCC report heralds Wales' 'last-chance saloon',https://www.bbc.co.uk/news/uk-wales-58146128,2021-08-09,,7,https://ichef.bbci.co.uk/ace/standard/1920/cpsprodpb/195D/production/_119539460_aroundthebbc-bluebanner-nc.png,../Scripts/output/bbc/bbc_images/bbc_2021-08-09_uk-wales-58146128_img07.png,,,0,,0,,1,broad_candidate
uk-wales-58146128,BBC News,2021,IPCC,Climate change: IPCC report heralds Wales' 'last-chance saloon',https://www.bbc.co.uk/news/uk-wales-58146128,2021-08-09,,8,https://ichef.bbci.co.uk/ace/standard/1920/cpsprodpb/EF3C/production/_112244216_398cb652-171b-4fc6-8346-c6a40c7d342e.png,../Scripts/output/bbc/bbc_images/bbc_2021-08-09_uk-wales-58146128_img08.png,,,0,,0,,1,broad_candidate
world-58064485,BBC News,2021,IPCC,Climate change: At-risk nations fear extinction after IPCC report,https://www.bbc.co.uk/news/world-58064485,2021-08-09,,2,https://ichef.bbci.co.uk/ace/standard/2560/cpsprodpb/14AB7/production/_119836648_spm8_d-nc.png,../Scripts/output/bbc/bbc_images/bbc_2021-08-09_world-58064485_img02.png,,,0,,0,,1,broad_candidate
world-58064485,BBC News,2021,IPCC,Climate change: At-risk nations fear extinction after IPCC report,https://www.bbc.co.uk/news/world-58064485,2021-08-09,,4,https://ichef.bbci.co.uk/ace/standard/624/cpsprodpb/4BEB/production/_112953491__108802839_624_transparent-nc.png,../Scripts/output/bbc/bbc_images/bbc_2021-08-09_world-58064485_img04.png,,,0,,0,,1,broad_candidate
world-asia-india-58155294,BBC News,2021,IPCC,Climate change: The IPCC environmental warning India cannot ignore,https://www.bbc.co.uk/news/world-asia-india-58155294,2021-08-10,,2,https://ichef.bbci.co.uk/ace/standard/976/cpsprodpb/0219/production/_119873500_ank.jpg,../Scripts/output/bbc/bbc_images/bbc_2021-08-10_world-asia-india-58155294_img02.jpg,"Image caption, Extreme weather conditions are also likely to affect farming",,0,,0,,1,broad_candidate
science-environment-58494391,BBC News,2021,"""1.5C""","Climate change: Fossil fuels must stay underground, scientists say",https://www.bbc.co.uk/news/science-environment-58494391,2021-09-08,2021-09-09,2,https://ichef.bbci.co.uk/ace/standard/976/cpsprodpb/AC82/production/_119826144_hi048899716.jpg,../Scripts/output/bbc/bbc_images/bbc_2021-09-08_science-environment-58494391_img02.jpg,,,0,,0,,1,broad_candidate
cx238yyr40qo,BBC News,2021,"""net zero""",What is net zero and is the UK on track to achieve it?,https://www.bbc.co.uk/news/articles/cx238yyr40qo,2021-10-18,2025-11-05,1,https://ichef.bbci.co.uk/ace/standard/2048/cpsprodpb/6bc1/live/2716e410-ba35-11f0-9bc3-15f9891aeafa.jpg,../Scripts/output/bbc/bbc_images/bbc_2021-10-18_cx238yyr40qo_img01.jpg,,,0,,0,,1,broad_candidate
cx238yyr40qo,BBC News,2021,"""net zero""",What is net zero and is the UK on track to achieve it?,https://www.bbc.co.uk/news/articles/cx238yyr40qo,2021-10-18,2025-11-05,2,https://ichef.bbci.co.uk/ace/standard/999/cpsprodpb/026d/live/72d5e860-4d02-11f0-9d3e-6149fb67e70c.jpg,../Scripts/output/bbc/bbc_images/bbc_2021-10-18_cx238yyr40qo_img02.jpg,"Image caption, Sea-level rise increases the chances of coastal flooding during storms",,0,,0,,1,broad_candidate
cx238yyr40qo,BBC News,2021,"""net zero""",What is net zero and is the UK on track to achieve it?,https://www.bbc.co.uk/news/articles/cx238yyr40qo,2021-10-18,2025-11-05,3,https://ichef.bbci.co.uk/ace/standard/1800/cpsprodpb/cda6/live/d4d8c260-510f-11f0-8268-2df9989f3f1c.jpg,../Scripts/output/bbc/bbc_images/bbc_2021-10-18_cx238yyr40qo_img03.jpg,"Image caption, Heat pump installations are rising but remain below targets",,0,,0,,1,broad_candidate
cx238yyr40qo,BBC News,2021,"""net zero""",What is net zero and is the UK on track to achieve it?,https://www.bbc.co.uk/news/articles/cx238yyr40qo,2021-10-18,2025-11-05,4,https://ichef.bbci.co.uk/ace/standard/999/cpsprodpb/b607/live/1c7420d0-6978-11f0-8dbd-f3d32ebd3327.jpg,../Scripts/output/bbc/bbc_images/bbc_2021-10-18_cx238yyr40qo_img04.jpg,"Image caption, The UK government has pledged to not issue any new oil and gas licences in the North Sea",,0,,0,,1,broad_candidate
world-asia-india-58922398,BBC News,2021,"""1.5C""",Climate change: What emission cuts has India promised?,https://www.bbc.co.uk/news/world-asia-india-58922398,2021-10-27,2022-11-07,2,https://ichef.bbci.co.uk/ace/standard/2560/cpsprodpb/8B80/production/_127521753_india_power-nc.png,../Scripts/output/bbc/bbc_images/bbc_2021-10-27_world-asia-india-58922398_img02.png,,,0,,0,,1,broad_candidate
world-asia-india-58922398,BBC News,2021,"""1.5C""",Climate change: What emission cuts has India promised?,https://www.bbc.co.uk/news/world-asia-india-58922398,2021-10-27,2022-11-07,4,https://ichef.bbci.co.uk/ace/standard/1280/cpsprodpb/8016/production/_121209723_india_greening_v2_640-2x-nc-1.png,../Scripts/output/bbc/bbc_images/bbc_2021-10-27_world-asia-india-58922398_img04.png,,,0,,0,,1,broad_candidate
world-asia-india-58922398,BBC News,2021,"""1.5C""",Climate change: What emission cuts has India promised?,https://www.bbc.co.uk/news/world-asia-india-58922398,2021-10-27,2022-11-07,6,https://ichef.bbci.co.uk/ace/standard/976/cpsprodpb/1848/production/_98761260_onlinebanner_976x280.jpg,../Scripts/output/bbc/bbc_images/bbc_2021-10-27_world-asia-india-58922398_img06.jpg,,,0,,0,,1,broad_candidate
uk-59110765,BBC News,2021,"""1.5C""",COP26: 'Window closing' to meet 1.5C warming target - Alok Sharma,https://www.bbc.co.uk/news/uk-59110765,2021-10-31,,1,https://ichef.bbci.co.uk/ace/standard/976/cpsprodpb/163EF/production/_121291119_cop26lead.jpg,../Scripts/output/bbc/bbc_images/bbc_2021-10-31_uk-59110765_img01.jpg,"Image caption, Alok Sharma was addressing COP26 in Glasgow on Sunday morning",,0,,0,,1,broad_candidate
uk-59110765,BBC News,2021,"""1.5C""",COP26: 'Window closing' to meet 1.5C warming target - Alok Sharma,https://www.bbc.co.uk/news/uk-59110765,2021-10-31,,3,https://ichef.bbci.co.uk/ace/standard/1680/cpsprodpb/83CE/production/_112924733__104759288_davidshukman_tr-nc.png,../Scripts/output/bbc/bbc_images/bbc_2021-10-31_uk-59110765_img03.png,,,0,,0,,1,broad_candidate
uk-59110765,BBC News,2021,"""1.5C""",COP26: 'Window closing' to meet 1.5C warming target - Alok Sharma,https://www.bbc.co.uk/news/uk-59110765,2021-10-31,,4,https://ichef.bbci.co.uk/ace/standard/1920/cpsprodpb/155C6/production/_120449478_bottom-3x.png,../Scripts/output/bbc/bbc_images/bbc_2021-10-31_uk-59110765_img04.png,,,0,,0,,1,broad_candidate
uk-59110765,BBC News,2021,"""1.5C""",COP26: 'Window closing' to meet 1.5C warming target - Alok Sharma,https://www.bbc.co.uk/news/uk-59110765,2021-10-31,,5,https://ichef.bbci.co.uk/ace/standard/2560/cpsprodpb/1284D/production/_119835857_spm1_b-nc.png,../Scripts/output/bbc/bbc_images/bbc_2021-10-31_uk-59110765_img05.png,,,0,,0,,1,broad_candidate
uk-59110765,BBC News,2021,"""1.5C""",COP26: 'Window closing' to meet 1.5C warming target - Alok Sharma,https://www.bbc.co.uk/news/uk-59110765,2021-10-31,,6,https://ichef.bbci.co.uk/ace/standard/1920/cpsprodpb/163F9/production/_120892119_summit_top-3x-002.png,../Scripts/output/bbc/bbc_images/bbc_2021-10-31_uk-59110765_img06.png,,,0,,0,,1,broad_candidate
uk-england-norfolk-59474711,BBC News,2021,"""sea level rise""",The Broads: 'Urgent action needed' over rising sea levels,https://www.bbc.co.uk/news/uk-england-norfolk-59474711,2021-11-30,2021-12-01,1,https://ichef.bbci.co.uk/ace/standard/976/cpsprodpb/8D8F/production/_121893263_hi061420898.jpg,../Scripts/output/bbc/bbc_images/bbc_2021-11-30_uk-england-norfolk-59474711_img01.jpg,"Image caption, Current flood alleviation measures are ""not fit for purpose"", the Broads Society chairman says",,0,,0,,1,broad_candidate
uk-england-norfolk-59474711,BBC News,2021,"""sea level rise""",The Broads: 'Urgent action needed' over rising sea levels,https://www.bbc.co.uk/news/uk-england-norfolk-59474711,2021-11-30,2021-12-01,2,https://ichef.bbci.co.uk/ace/standard/976/cpsprodpb/17671/production/_121075859_reedbed.jpg,../Scripts/output/bbc/bbc_images/bbc_2021-11-30_uk-england-norfolk-59474711_img02.jpg,"Image caption, The group said the effects of rising water levels were already being felt on the Broads",,0,,0,,1,broad_candidate
science-environment-60525591,BBC News,2022,IPCC,Climate change: IPCC report warns of âirreversibleâ impacts of global warming,https://www.bbc.co.uk/news/science-environment-60525591,2022-02-28,,2,https://ichef.bbci.co.uk/ace/standard/976/cpsprodpb/17E05/production/_123379779_rs87669_3e8a9450-lpr.jpg,../Scripts/output/bbc/bbc_images/bbc_2022-02-28_science-environment-60525591_img02.jpg,"Image caption, A prolonged drought in Somalia has had major impacts on families, causing displacement",,0,,0,,1,broad_candidate
science-environment-60541816,BBC News,2022,IPCC,Climate change: Five things we've learned from the IPCC report,https://www.bbc.co.uk/news/science-environment-60541816,2022-03-01,,5,https://ichef.bbci.co.uk/ace/standard/976/cpsprodpb/6C95/production/_123379772_rs87672_img_3009.jpg,../Scripts/output/bbc/bbc_images/bbc_2022-03-01_science-environment-60541816_img05.jpg,"Image caption, The drought in Somalia has seen thousands of families being displaced from their homes whilst livestock losses have been huge",,0,,0,,1,broad_candidate
science-environment-60959306,BBC News,2022,IPCC,Climate change: Scientists race to finish key IPCC report,https://www.bbc.co.uk/news/science-environment-60959306,2022-04-03,,1,https://ichef.bbci.co.uk/ace/standard/976/cpsprodpb/16791/production/_123994029_hi073852428.jpg,../Scripts/output/bbc/bbc_images/bbc_2022-04-03_science-environment-60959306_img01.jpg,,,0,,0,,1,broad_candidate
science-environment-61795783,BBC News,2022,"""sea level rise""","Climate change: Rising sea levels threaten 200,000 England properties",https://www.bbc.co.uk/news/science-environment-61795783,2022-06-15,,1,https://ichef.bbci.co.uk/ace/standard/976/cpsprodpb/15107/production/_125397268_droneshot.jpg,../Scripts/output/bbc/bbc_images/bbc_2022-06-15_science-environment-61795783_img01.jpg,"Image caption, The decision has been taken not to try and protect Happisburgh in north Norfolk from sea level rises",,0,,0,,1,broad_candidate
science-environment-61795783,BBC News,2022,"""sea level rise""","Climate change: Rising sea levels threaten 200,000 England properties",https://www.bbc.co.uk/news/science-environment-61795783,2022-06-15,,3,https://ichef.bbci.co.uk/ace/standard/1024/cpsprodpb/A1F4/production/_125406414_img_1059.jpg,../Scripts/output/bbc/bbc_images/bbc_2022-06-15_science-environment-61795783_img03.jpg,"Image caption, Bryony Nierop-Reading has already been made homeless by coastal erosion once",,0,,0,,1,broad_candidate
science-environment-61795783,BBC News,2022,"""sea level rise""","Climate change: Rising sea levels threaten 200,000 England properties",https://www.bbc.co.uk/news/science-environment-61795783,2022-06-15,,4,https://ichef.bbci.co.uk/ace/standard/1024/cpsprodpb/C904/production/_125406415_img_1068.jpg,../Scripts/output/bbc/bbc_images/bbc_2022-06-15_science-environment-61795783_img04.jpg,"Image caption, Malcolm Kerby helped organise the ""roll-back"" of homes at risk from the sea",,0,,0,,1,broad_candidate
science-environment-61795783,BBC News,2022,"""sea level rise""","Climate change: Rising sea levels threaten 200,000 England properties",https://www.bbc.co.uk/news/science-environment-61795783,2022-06-15,,5,https://ichef.bbci.co.uk/ace/standard/976/cpsprodpb/1C6F/production/_125397270_drone2.jpg,../Scripts/output/bbc/bbc_images/bbc_2022-06-15_science-environment-61795783_img05.jpg,"Image caption, Parts of Happisburgh have already crumbled into the sea",,0,,0,,1,broad_candidate
science-environment-62322574,BBC News,2022,"""sea level rise""",Climate change: UK sea level rise speeding up - Met Office,https://www.bbc.co.uk/news/science-environment-62322574,2022-07-28,,2,https://ichef.bbci.co.uk/ace/standard/1280/cpsprodpb/A97A/production/_126068334_top_ten_hottest_uk_days_1657_2x640-nc.png,../Scripts/output/bbc/bbc_images/bbc_2022-07-28_science-environment-62322574_img02.png,,,0,,0,,1,broad_candidate
science-environment-63591796,BBC News,2022,"""1.5C""",COP27: Key climate goal of 1.5C rise faces new challenge,https://www.bbc.co.uk/news/science-environment-63591796,2022-11-11,,2,https://ichef.bbci.co.uk/ace/standard/2560/cpsprodpb/AB71/production/_127598834_2022-11-02-climate_warming-cat-projections-nc.png,../Scripts/output/bbc/bbc_images/bbc_2022-11-11_science-environment-63591796_img02.png,,,0,,0,,1,broad_candidate
science-environment-63591796,BBC News,2022,"""1.5C""",COP27: Key climate goal of 1.5C rise faces new challenge,https://www.bbc.co.uk/news/science-environment-63591796,2022-11-11,,3,https://ichef.bbci.co.uk/ace/standard/976/cpsprodpb/48A7/production/_127599581_indiacoalandsolar.jpg,../Scripts/output/bbc/bbc_images/bbc_2022-11-11_science-environment-63591796_img03.jpg,"Image caption, India is both increasing its renewable energy and coal energy output",,0,,0,,1,broad_candidate
science-environment-63617400,BBC News,2022,"""global temperature""",COP27: Fears of compromise on key 1.5C global temperature issue,https://www.bbc.co.uk/news/science-environment-63617400,2022-11-14,,2,https://ichef.bbci.co.uk/ace/standard/624/cpsprodpb/604B/production/_97415642_007_in_numbers_624.png,../Scripts/output/bbc/bbc_images/bbc_2022-11-14_science-environment-63617400_img02.png,,,0,,0,,1,broad_candidate
science-environment-63617400,BBC News,2022,"""global temperature""",COP27: Fears of compromise on key 1.5C global temperature issue,https://www.bbc.co.uk/news/science-environment-63617400,2022-11-14,,3,https://ichef.bbci.co.uk/ace/standard/2560/cpsprodpb/17108/production/_127627449_2022-11-02-climate_warming-cat-projections_nov2022-nc.png,../Scripts/output/bbc/bbc_images/bbc_2022-11-14_science-environment-63617400_img03.png,,,0,,0,,1,broad_candidate
uk-england-essex-64255567,BBC News,2023,"""sea level rise""",Flood of 1953: Canvey Island defiant in face of rising sea levels,https://www.bbc.co.uk/news/uk-england-essex-64255567,2023-01-31,,1,https://ichef.bbci.co.uk/ace/standard/976/cpsprodpb/3847/production/_128370441_boots.jpg,../Scripts/output/bbc/bbc_images/bbc_2023-01-31_uk-england-essex-64255567_img01.jpg,"Image caption, Some people on Canvey reported a flood depth of 4ft (1.2m) in the centre of the island, but 8ft (2.4m) near the sea walls to the east",,0,,0,,1,broad_candidate
uk-england-essex-64255567,BBC News,2023,"""sea level rise""",Flood of 1953: Canvey Island defiant in face of rising sea levels,https://www.bbc.co.uk/news/uk-england-essex-64255567,2023-01-31,,2,https://ichef.bbci.co.uk/ace/standard/976/cpsprodpb/78E2/production/_128364903_newlands.jpg,../Scripts/output/bbc/bbc_images/bbc_2023-01-31_uk-england-essex-64255567_img02.jpg,"Image caption, Bungalows sitting beside the flood walls were the most severely affected properties",,0,,0,,1,broad_candidate
uk-england-essex-64255567,BBC News,2023,"""sea level rise""",Flood of 1953: Canvey Island defiant in face of rising sea levels,https://www.bbc.co.uk/news/uk-england-essex-64255567,2023-01-31,,3,https://ichef.bbci.co.uk/ace/standard/976/cpsprodpb/11072/production/_128364796_boat.jpg,../Scripts/output/bbc/bbc_images/bbc_2023-01-31_uk-england-essex-64255567_img03.jpg,"Image caption, Sylvia Stone and her mother were rescued from their Maurice Road home by Gunners from the Shoeburyness barracks",,0,,0,,1,broad_candidate
uk-england-essex-64255567,BBC News,2023,"""sea level rise""",Flood of 1953: Canvey Island defiant in face of rising sea levels,https://www.bbc.co.uk/news/uk-england-essex-64255567,2023-01-31,,4,https://ichef.bbci.co.uk/ace/standard/976/cpsprodpb/17509/production/_128279459_pxl_20230112_125357820.mp.jpg,../Scripts/output/bbc/bbc_images/bbc_2023-01-31_uk-england-essex-64255567_img04.jpg,"Image caption, (From left) Graham Stevens, Ray Howard, Joan Liddiard (nÃ©e Bishop) and Rod Bishop all still live on the island",,0,,0,,1,broad_candidate
uk-england-essex-64255567,BBC News,2023,"""sea level rise""",Flood of 1953: Canvey Island defiant in face of rising sea levels,https://www.bbc.co.uk/news/uk-england-essex-64255567,2023-01-31,,5,https://ichef.bbci.co.uk/ace/standard/976/cpsprodpb/15E92/production/_128364798_flowers.jpg,../Scripts/output/bbc/bbc_images/bbc_2023-01-31_uk-england-essex-64255567_img05.jpg,"Image caption, Graham Everitt, Ann and Doreen White lay flowers for lost friends",,0,,0,,1,broad_candidate
uk-england-essex-64255567,BBC News,2023,"""sea level rise""",Flood of 1953: Canvey Island defiant in face of rising sea levels,https://www.bbc.co.uk/news/uk-england-essex-64255567,2023-01-31,,6,https://ichef.bbci.co.uk/ace/standard/976/cpsprodpb/C702/production/_128364905_thamescresc.jpg,../Scripts/output/bbc/bbc_images/bbc_2023-01-31_uk-england-essex-64255567_img06.jpg,"Image caption, Ray Howard's mother Elizabeth, and his brothers Alan and Keith, being rowed by Ernie Etherington and pulled along by local council and fire brigade volunteer Bill Beaver",,0,,0,,1,broad_candidate
uk-england-essex-64255567,BBC News,2023,"""sea level rise""",Flood of 1953: Canvey Island defiant in face of rising sea levels,https://www.bbc.co.uk/news/uk-england-essex-64255567,2023-01-31,,7,https://ichef.bbci.co.uk/ace/standard/976/cpsprodpb/4071/production/_128279461_pxl_20230112_130642861.jpg,../Scripts/output/bbc/bbc_images/bbc_2023-01-31_uk-england-essex-64255567_img07.jpg,"Image caption, Ray Howard MBE standing at the same spot in Thameside Crescent, 70 years on",,0,,0,,1,broad_candidate
uk-england-essex-64255567,BBC News,2023,"""sea level rise""",Flood of 1953: Canvey Island defiant in face of rising sea levels,https://www.bbc.co.uk/news/uk-england-essex-64255567,2023-01-31,,9,https://ichef.bbci.co.uk/ace/standard/976/cpsprodpb/159B1/production/_128279488_pxl_20230112_132920747.jpg,../Scripts/output/bbc/bbc_images/bbc_2023-01-31_uk-england-essex-64255567_img09.jpg,"Image caption, Contractors for the Environment Agency are reinforcing Canvey Island's sea wall",,0,,0,,1,broad_candidate
uk-england-essex-64255567,BBC News,2023,"""sea level rise""",Flood of 1953: Canvey Island defiant in face of rising sea levels,https://www.bbc.co.uk/news/uk-england-essex-64255567,2023-01-31,,10,https://ichef.bbci.co.uk/ace/standard/976/cpsprodpb/16CDF/production/_128370439_miss_fowler-868x658.jpg,../Scripts/output/bbc/bbc_images/bbc_2023-01-31_uk-england-essex-64255567_img10.jpg,"Image caption, About 13,000 people were evacuated from Canvey Island, including an 84-year-old woman believed to be Miss Fowler (pictured)",,0,,0,,1,broad_candidate
uk-england-essex-64255567,BBC News,2023,"""sea level rise""",Flood of 1953: Canvey Island defiant in face of rising sea levels,https://www.bbc.co.uk/news/uk-england-essex-64255567,2023-01-31,,11,https://ichef.bbci.co.uk/ace/standard/976/cpsprodpb/11522/production/_128364907_martin.jpg,../Scripts/output/bbc/bbc_images/bbc_2023-01-31_uk-england-essex-64255567_img11.jpg,"Image caption, Martin Siegert, pictured in Antarctica, suggested Canvey Island would eventually have to stop reinforcing its sea wall",,0,,0,,1,broad_candidate
uk-england-essex-64255567,BBC News,2023,"""sea level rise""",Flood of 1953: Canvey Island defiant in face of rising sea levels,https://www.bbc.co.uk/news/uk-england-essex-64255567,2023-01-31,,12,https://ichef.bbci.co.uk/ace/standard/976/cpsprodpb/0D65/production/_128292430_sea.png,../Scripts/output/bbc/bbc_images/bbc_2023-01-31_uk-england-essex-64255567_img12.png,"Image caption, Annual flood levels are predicted to exceed the sea level along much of the Essex coast by 2050",,0,,0,,1,broad_candidate
science-environment-65602293,BBC News,2023,"""1.5C""",Global warming set to break key 1.5C limit for first time,https://www.bbc.co.uk/news/science-environment-65602293,2023-05-17,,1,https://ichef.bbci.co.uk/ace/standard/976/cpsprodpb/1853C/production/_129744699_c0268980-el_nino_sea_temperatures_october_2015.jpg,../Scripts/output/bbc/bbc_images/bbc_2023-05-17_science-environment-65602293_img01.jpg,"Image caption, This is how El NiÃ±o brought heat to the surface of the Pacific in 2015",,0,,0,,1,broad_candidate
science-environment-66256101,BBC News,2023,"""1.5C""",World will miss 1.5C warming limit - top UK expert,https://www.bbc.co.uk/news/science-environment-66256101,2023-07-20,,1,https://ichef.bbci.co.uk/ace/standard/976/cpsprodpb/2020/production/_130442280_sirbobwatson.jpg,../Scripts/output/bbc/bbc_images/bbc_2023-07-20_science-environment-66256101_img01.jpg,"Image caption, Professor Sir Bob Watson formerly headed the UN climate body",,0,,0,,1,broad_candidate
science-environment-66256101,BBC News,2023,"""1.5C""",World will miss 1.5C warming limit - top UK expert,https://www.bbc.co.uk/news/science-environment-66256101,2023-07-20,,2,https://ichef.bbci.co.uk/ace/standard/2560/cpsprodpb/E370/production/_130442285_2022-11-02-climate_warming-cat-projections-nc.png,../Scripts/output/bbc/bbc_images/bbc_2023-07-20_science-environment-66256101_img02.png,,,0,,0,,1,broad_candidate
uk-scotland-66316923,BBC News,2023,IPCC,IPCC: Scots professor to lead top global climate body,https://www.bbc.co.uk/news/uk-scotland-66316923,2023-07-26,,2,https://ichef.bbci.co.uk/ace/standard/464/cpsprodpb/10301/production/_98950366_presentational_grey_line464-nc.jpg,../Scripts/output/bbc/bbc_images/bbc_2023-07-26_uk-scotland-66316923_img02.jpg,,,0,,0,,1,broad_candidate
uk-scotland-66316923,BBC News,2023,IPCC,IPCC: Scots professor to lead top global climate body,https://www.bbc.co.uk/news/uk-scotland-66316923,2023-07-26,,3,https://ichef.bbci.co.uk/ace/standard/1680/cpsprodpb/147C9/production/_112831938__109341507_kevinkeane_tr-nc.png,../Scripts/output/bbc/bbc_images/bbc_2023-07-26_uk-scotland-66316923_img03.png,,,0,,0,,1,broad_candidate
world-europe-isle-of-man-66394605,BBC News,2023,"""sea level rise""",Manx forecaster's warning over rising sea levels,https://www.bbc.co.uk/news/world-europe-isle-of-man-66394605,2023-08-05,,1,https://ichef.bbci.co.uk/ace/standard/976/cpsprodpb/14EF7/production/_122015758_260816101_326310049326813_4260473563104710390_n.jpg,../Scripts/output/bbc/bbc_images/bbc_2023-08-05_world-europe-isle-of-man-66394605_img01.jpg,"Image caption, High winds led to flooding on Douglas promenade in December 2021",,0,,0,,1,broad_candidate
world-europe-isle-of-man-66394605,BBC News,2023,"""sea level rise""",Manx forecaster's warning over rising sea levels,https://www.bbc.co.uk/news/world-europe-isle-of-man-66394605,2023-08-05,,2,https://ichef.bbci.co.uk/ace/standard/976/cpsprodpb/5066/production/_130628502_adriancowin.jpg,../Scripts/output/bbc/bbc_images/bbc_2023-08-05_world-europe-isle-of-man-66394605_img02.jpg,"Image caption, Adrian Cowin recently retired after 40 years of forecasts on the Isle of Man",,0,,0,,1,broad_candidate
world-europe-isle-of-man-66394605,BBC News,2023,"""sea level rise""",Manx forecaster's warning over rising sea levels,https://www.bbc.co.uk/news/world-europe-isle-of-man-66394605,2023-08-05,,3,https://ichef.bbci.co.uk/ace/standard/976/cpsprodpb/169D0/production/_130642629_adriancowin2.jpg,../Scripts/output/bbc/bbc_images/bbc_2023-08-05_world-europe-isle-of-man-66394605_img03.jpg,"Image caption, The retiring forecaster worked about 3,200 overnight shifts during his career at the Ronaldsway Met Office",,0,,0,,1,broad_candidate
science-environment-66857354,BBC News,2023,"""1.5C""",World breaches key 1.5C warming mark for record number of days,https://www.bbc.co.uk/news/science-environment-66857354,2023-10-06,2023-10-07,5,https://ichef.bbci.co.uk/ace/standard/464/cpsprodpb/1541D/production/_106396078_298260dd-8c4c-43d7-af3c-8533936fd910.jpg,../Scripts/output/bbc/bbc_images/bbc_2023-10-06_science-environment-66857354_img05.jpg,,,0,,0,,1,broad_candidate
science-environment-66857354,BBC News,2023,"""1.5C""",World breaches key 1.5C warming mark for record number of days,https://www.bbc.co.uk/news/science-environment-66857354,2023-10-06,2023-10-07,6,https://ichef.bbci.co.uk/ace/standard/1920/cpsprodpb/3AC6/production/_113664051_yqa_get_in_touch_top_640-nc.png,../Scripts/output/bbc/bbc_images/bbc_2023-10-06_science-environment-66857354_img06.png,,,0,,0,,1,broad_candidate
science-environment-67171231,BBC News,2023,"""sea level rise""",Sea-level rise: West Antarctic ice shelf melt 'unavoidable',https://www.bbc.co.uk/news/science-environment-67171231,2023-10-23,,1,https://ichef.bbci.co.uk/ace/standard/976/cpsprodpb/16B51/production/_131490039_northcoverotheraresearchstation.michaelshorttbas.jpg,../Scripts/output/bbc/bbc_images/bbc_2023-10-23_science-environment-67171231_img01.jpg,,,0,,0,,1,broad_candidate
science-environment-67171231,BBC News,2023,"""sea level rise""",Sea-level rise: West Antarctic ice shelf melt 'unavoidable',https://www.bbc.co.uk/news/science-environment-67171231,2023-10-23,,2,https://ichef.bbci.co.uk/ace/standard/1280/cpsprodpb/0F6E/production/_131505930_antarctic_locatorv2-2x-nc.png,../Scripts/output/bbc/bbc_images/bbc_2023-10-23_science-environment-67171231_img02.png,"Image caption, The West Antarctic Ice Sheet is considered highly vulnerable to rising temperatures, especially Thwaites Glacier",,0,,0,,1,broad_candidate
science-environment-67171231,BBC News,2023,"""sea level rise""",Sea-level rise: West Antarctic ice shelf melt 'unavoidable',https://www.bbc.co.uk/news/science-environment-67171231,2023-10-23,,3,https://ichef.bbci.co.uk/ace/standard/1280/cpsprodpb/367E/production/_131505931_antarctica_3d_glacier-nc_v2-2x-nc.png,../Scripts/output/bbc/bbc_images/bbc_2023-10-23_science-environment-67171231_img03.png,,,0,,0,,1,broad_candidate
science-environment-67171231,BBC News,2023,"""sea level rise""",Sea-level rise: West Antarctic ice shelf melt 'unavoidable',https://www.bbc.co.uk/news/science-environment-67171231,2023-10-23,,4,https://ichef.bbci.co.uk/ace/standard/976/cpsprodpb/12E4E/production/_131509377_front_of_thwaites_-1920.jpg,../Scripts/output/bbc/bbc_images/bbc_2023-10-23_science-environment-67171231_img04.jpg,"Image caption, Floating ice shelves act as a brake on the flowing ice behind them",,0,,0,,1,broad_candidate
science-environment-67242386,BBC News,2023,"""1.5C""",Carbon emissions threaten 1.5C climate threshold sooner than thought - report,https://www.bbc.co.uk/news/science-environment-67242386,2023-10-30,,3,https://ichef.bbci.co.uk/ace/standard/2560/cpsprodpb/43F2/production/_131349371_global_temp_lines_w1_5-nc.png,../Scripts/output/bbc/bbc_images/bbc_2023-10-30_science-environment-67242386_img03.png,,,0,,0,,1,broad_candidate
world-67418276,BBC News,2023,"""sea level rise""","When sea levels rise, so does your rent",https://www.bbc.co.uk/news/world-67418276,2023-11-28,,1,https://ichef.bbci.co.uk/ace/standard/976/cpsprodpb/ED32/production/_131722706_d11ab6cb-54da-4072-8b60-839547e82b4f.jpg,../Scripts/output/bbc/bbc_images/bbc_2023-11-28_world-67418276_img01.jpg,"Image caption, Renita Holmes has been displaced four times in the past three years by rising rents",,0,,0,,1,broad_candidate
world-67418276,BBC News,2023,"""sea level rise""","When sea levels rise, so does your rent",https://www.bbc.co.uk/news/world-67418276,2023-11-28,,2,https://ichef.bbci.co.uk/ace/standard/976/cpsprodpb/9F12/production/_131722704_751aa183-53d1-4ae5-821a-71bb5e7eeab7.jpg,../Scripts/output/bbc/bbc_images/bbc_2023-11-28_world-67418276_img02.jpg,"Image caption, Little Haiti is a vibrant community known for its bright, colourful murals",,0,,0,,1,broad_candidate
world-67418276,BBC News,2023,"""sea level rise""","When sea levels rise, so does your rent",https://www.bbc.co.uk/news/world-67418276,2023-11-28,,3,https://ichef.bbci.co.uk/ace/standard/976/cpsprodpb/D6F8/production/_131723055_7523333e-2e7e-4b2a-b775-95127452633b.jpg,../Scripts/output/bbc/bbc_images/bbc_2023-11-28_world-67418276_img03.jpg,"Image caption, Developer Tony Cho was behind the Magic City Innovation District project",,0,,0,,1,broad_candidate
world-67418276,BBC News,2023,"""sea level rise""","When sea levels rise, so does your rent",https://www.bbc.co.uk/news/world-67418276,2023-11-28,,4,https://ichef.bbci.co.uk/ace/standard/976/cpsprodpb/16A63/production/_131817729_097d8b7d-75fe-499b-b625-fcd9782ec903.jpg,../Scripts/output/bbc/bbc_images/bbc_2023-11-28_world-67418276_img04.jpg,"Image caption, Prof William Butler, from Florida State University, researches climate displacement",,0,,0,,1,broad_candidate
world-67418276,BBC News,2023,"""sea level rise""","When sea levels rise, so does your rent",https://www.bbc.co.uk/news/world-67418276,2023-11-28,,5,https://ichef.bbci.co.uk/ace/standard/976/cpsprodpb/13B52/production/_131722708_f905ca47-3751-4f92-9775-53b5b606653c.jpg,../Scripts/output/bbc/bbc_images/bbc_2023-11-28_world-67418276_img05.jpg,"Image caption, Flooding and storm events are becoming more frequent in Miami",,0,,0,,1,broad_candidate
world-67418276,BBC News,2023,"""sea level rise""","When sea levels rise, so does your rent",https://www.bbc.co.uk/news/world-67418276,2023-11-28,,6,https://ichef.bbci.co.uk/ace/standard/976/cpsprodpb/50F2/production/_131722702_506294b0-9cf6-4eae-97be-1f043764dde4.jpg,../Scripts/output/bbc/bbc_images/bbc_2023-11-28_world-67418276_img06.jpg,"Image caption, Protestors tried to fight the Magic City development before it was approved in 2019",,0,,0,,1,broad_candidate
world-67418276,BBC News,2023,"""sea level rise""","When sea levels rise, so does your rent",https://www.bbc.co.uk/news/world-67418276,2023-11-28,,7,https://ichef.bbci.co.uk/ace/standard/976/cpsprodpb/3AB8/production/_131723051_14289d0c-bd1c-4218-a9b2-214dc7c7d71e.jpg,../Scripts/output/bbc/bbc_images/bbc_2023-11-28_world-67418276_img07.jpg,"Image caption, Residents and business owners in Little Haiti are feeling the pressure of gentrification",,0,,0,,1,broad_candidate
world-67418276,BBC News,2023,"""sea level rise""","When sea levels rise, so does your rent",https://www.bbc.co.uk/news/world-67418276,2023-11-28,,8,https://ichef.bbci.co.uk/ace/standard/624/cpsprodpb/1FCD/production/_105914180_line976-nc.png,../Scripts/output/bbc/bbc_images/bbc_2023-11-28_world-67418276_img08.png,,,0,,0,,1,broad_candidate
world-67418276,BBC News,2023,"""sea level rise""","When sea levels rise, so does your rent",https://www.bbc.co.uk/news/world-67418276,2023-11-28,,9,https://ichef.bbci.co.uk/ace/standard/976/cpsprodpb/0253/production/_124659500_generic_banner_top.png,../Scripts/output/bbc/bbc_images/bbc_2023-11-28_world-67418276_img09.png,,,0,,0,,1,broad_candidate
world-67418276,BBC News,2023,"""sea level rise""","When sea levels rise, so does your rent",https://www.bbc.co.uk/news/world-67418276,2023-11-28,,10,https://ichef.bbci.co.uk/ace/standard/976/cpsprodpb/B2BC/production/_124365754_generic_banner_bottom.png,../Scripts/output/bbc/bbc_images/bbc_2023-11-28_world-67418276_img10.png,,,0,,0,,1,broad_candidate
world-67418276,BBC News,2023,"""sea level rise""","When sea levels rise, so does your rent",https://www.bbc.co.uk/news/world-67418276,2023-11-28,,11,https://ichef.bbci.co.uk/ace/standard/1920/cpsprodpb/BA0C/production/_131782674_english_bbc100women_logo_bubbles_640x360-3x-nc.png,../Scripts/output/bbc/bbc_images/bbc_2023-11-28_world-67418276_img11.png,,,0,,0,,1,broad_candidate
science-environment-67544977,BBC News,2023,"""1.5C""",Five climate change solutions under the spotlight at COP28,https://www.bbc.co.uk/news/science-environment-67544977,2023-12-06,,4,https://ichef.bbci.co.uk/ace/standard/1920/cpsprodpb/E7B1/production/_131831395_renewables-nc.png,../Scripts/output/bbc/bbc_images/bbc_2023-12-06_science-environment-67544977_img04.png,,,0,,0,,1,broad_candidate
science-environment-67544977,BBC News,2023,"""1.5C""",Five climate change solutions under the spotlight at COP28,https://www.bbc.co.uk/news/science-environment-67544977,2023-12-06,,5,https://ichef.bbci.co.uk/ace/standard/1920/cpsprodpb/10EC1/production/_131831396_globalevsales-nc.png,../Scripts/output/bbc/bbc_images/bbc_2023-12-06_science-environment-67544977_img05.png,,,0,,0,,1,broad_candidate
science-environment-67544977,BBC News,2023,"""1.5C""",Five climate change solutions under the spotlight at COP28,https://www.bbc.co.uk/news/science-environment-67544977,2023-12-06,,6,https://ichef.bbci.co.uk/ace/standard/1920/cpsprodpb/9991/production/_131831393_methane_emissions-nc.png,../Scripts/output/bbc/bbc_images/bbc_2023-12-06_science-environment-67544977_img06.png,,,0,,0,,1,broad_candidate
science-environment-67544977,BBC News,2023,"""1.5C""",Five climate change solutions under the spotlight at COP28,https://www.bbc.co.uk/news/science-environment-67544977,2023-12-06,,7,https://ichef.bbci.co.uk/ace/standard/976/cpsprodpb/B309/production/_131933854_forestcanopy.jpg,../Scripts/output/bbc/bbc_images/bbc_2023-12-06_science-environment-67544977_img07.jpg,"Image caption, Healthy forests can help soak up carbon emissions, but they aren't enough on their own",,0,,0,,1,broad_candidate
science-environment-68110310,BBC News,2024,"""1.5C""",World's first year-long breach of key 1.5C warming limit,https://www.bbc.co.uk/news/science-environment-68110310,2024-02-08,,2,https://ichef.bbci.co.uk/ace/standard/1920/cpsprodpb/148A/production/_132585250_era5_ma365days-nc.png,../Scripts/output/bbc/bbc_images/bbc_2024-02-08_science-environment-68110310_img02.png,,,0,,0,,1,broad_candidate
science-environment-68110310,BBC News,2024,"""1.5C""",World's first year-long breach of key 1.5C warming limit,https://www.bbc.co.uk/news/science-environment-68110310,2024-02-08,,3,https://ichef.bbci.co.uk/ace/standard/1920/cpsprodpb/3B9A/production/_132585251_era_5_global_sea_temp_lines_2024-02-03-nc.png,../Scripts/output/bbc/bbc_images/bbc_2024-02-08_science-environment-68110310_img03.png,,,0,,0,,1,broad_candidate
science-environment-68110310,BBC News,2024,"""1.5C""",World's first year-long breach of key 1.5C warming limit,https://www.bbc.co.uk/news/science-environment-68110310,2024-02-08,,4,https://ichef.bbci.co.uk/ace/standard/1920/cpsprodpb/62AA/production/_132585252_global_temp_record-nc.png,../Scripts/output/bbc/bbc_images/bbc_2024-02-08_science-environment-68110310_img04.png,,,0,,0,,1,broad_candidate
science-environment-68110310,BBC News,2024,"""1.5C""",World's first year-long breach of key 1.5C warming limit,https://www.bbc.co.uk/news/science-environment-68110310,2024-02-08,,5,https://ichef.bbci.co.uk/ace/standard/1280/cpsprodpb/804D/production/_130154823_newsdailybox.png,../Scripts/output/bbc/bbc_images/bbc_2024-02-08_science-environment-68110310_img05.png,,,0,,0,,1,broad_candidate
science-environment-68110310,BBC News,2024,"""1.5C""",World's first year-long breach of key 1.5C warming limit,https://www.bbc.co.uk/news/science-environment-68110310,2024-02-08,,6,https://ichef.bbci.co.uk/ace/standard/1280/cpsprodpb/11C8D/production/_130154827_newsdailybox2.png,../Scripts/output/bbc/bbc_images/bbc_2024-02-08_science-environment-68110310_img06.png,,,0,,0,,1,broad_candidate
c72g71y7j82o,BBC News,2024,"""sea level rise""","Rising sea levels a risk to NI rail network, report finds",https://www.bbc.co.uk/news/articles/c72g71y7j82o,2024-02-28,,1,https://ichef.bbci.co.uk/ace/standard/976/cpsprodpb/e8ed/live/4d47fc60-d638-11ee-8f28-259790e80bba.jpg,../Scripts/output/bbc/bbc_images/bbc_2024-02-28_c72g71y7j82o_img01.jpg,"Image caption, A number of locations on the Londonderry line are identified as being high risk",,0,,0,,1,broad_candidate
uk-england-bristol-68468499,BBC News,2024,"""sea level rise""",Severn Beach rail line 'threatened' by sea level rise,https://www.bbc.co.uk/news/uk-england-bristol-68468499,2024-03-04,,2,https://ichef.bbci.co.uk/ace/standard/464/cpsprodpb/11678/production/_105988217_line976.jpg,../Scripts/output/bbc/bbc_images/bbc_2024-03-04_uk-england-bristol-68468499_img02.jpg,,,0,,0,,1,broad_candidate
c05zm9vv16yo,BBC News,2024,"""net zero""",Council's net zero Barrow solar farm project complete,https://www.bbc.co.uk/news/articles/c05zm9vv16yo,2024-11-01,,1,https://ichef.bbci.co.uk/ace/standard/583/cpsprodpb/6a5b/live/2d394220-9844-11ef-9993-f7959d92ab33.png,../Scripts/output/bbc/bbc_images/bbc_2024-11-01_c05zm9vv16yo_img01.png,"Image caption, About 3,700 solar panels have been set up at Sandscale Park",,0,,0,,1,broad_candidate
c1dpnxnvv2go,BBC News,2024,"""1.5C""",2024 'virtually certain' to be world's warmest year on record,https://www.bbc.co.uk/news/articles/c1dpnxnvv2go,2024-11-07,,1,https://ichef.bbci.co.uk/ace/standard/1280/cpsprodpb/9665/live/b79dfd00-9d00-11ef-82c3-45a801b7330b.jpg,../Scripts/output/bbc/bbc_images/bbc_2024-11-07_c1dpnxnvv2go_img01.jpg,"Image caption, This summer, India experienced its longest ever recorded heatwave according to officials",,0,,0,,1,broad_candidate
c1dpnxnvv2go,BBC News,2024,"""1.5C""",2024 'virtually certain' to be world's warmest year on record,https://www.bbc.co.uk/news/articles/c1dpnxnvv2go,2024-11-07,,2,https://ichef.bbci.co.uk/ace/standard/1920/cpsprodpb/e5bf/live/feda4130-9c5e-11ef-82c3-45a801b7330b.png,../Scripts/output/bbc/bbc_images/bbc_2024-11-07_c1dpnxnvv2go_img02.png,,,0,,0,,1,broad_candidate
c1dpnxnvv2go,BBC News,2024,"""1.5C""",2024 'virtually certain' to be world's warmest year on record,https://www.bbc.co.uk/news/articles/c1dpnxnvv2go,2024-11-07,,3,https://ichef.bbci.co.uk/ace/standard/1920/cpsprodpb/154d/live/56f297a0-9c5f-11ef-9260-19e6a950e830.png,../Scripts/output/bbc/bbc_images/bbc_2024-11-07_c1dpnxnvv2go_img03.png,,,0,,0,,1,broad_candidate
c1dpnxnvv2go,BBC News,2024,"""1.5C""",2024 'virtually certain' to be world's warmest year on record,https://www.bbc.co.uk/news/articles/c1dpnxnvv2go,2024-11-07,,4,https://ichef.bbci.co.uk/ace/standard/1600/cpsprodpb/3cc2/live/a54ef530-9cdf-11ef-9260-19e6a950e830.png,../Scripts/output/bbc/bbc_images/bbc_2024-11-07_c1dpnxnvv2go_img04.png,,,0,,0,,1,broad_candidate
c87x2q0y5lgo,BBC News,2024,"""net zero""",Missed net zero targets added as a risk to Highland Council,https://www.bbc.co.uk/news/articles/c87x2q0y5lgo,2024-11-24,,1,https://ichef.bbci.co.uk/ace/standard/2048/cpsprodpb/b3b2/live/2218c170-aaf2-11ef-ac02-ad79d59cfbd7.jpg,../Scripts/output/bbc/bbc_images/bbc_2024-11-24_c87x2q0y5lgo_img01.jpg,,,0,,0,,1,broad_candidate
c245e726r79o,BBC News,2024,"""net zero""",Can flights hit net zero by 2025 and at what cost to passengers?,https://www.bbc.co.uk/news/articles/c245e726r79o,2024-11-29,,1,https://ichef.bbci.co.uk/ace/standard/2560/cpsprodpb/c8ee/live/622b2bb0-ad75-11ef-bdf5-b7cb2fa86e10.png,../Scripts/output/bbc/bbc_images/bbc_2024-11-29_c245e726r79o_img01.png,,,0,,0,,1,broad_candidate
c245e726r79o,BBC News,2024,"""net zero""",Can flights hit net zero by 2025 and at what cost to passengers?,https://www.bbc.co.uk/news/articles/c245e726r79o,2024-11-29,,2,https://ichef.bbci.co.uk/ace/standard/1920/cpsprodpb/d248/live/6a9700d0-ad98-11ef-a4fe-a3e9a6c5d640.png,../Scripts/output/bbc/bbc_images/bbc_2024-11-29_c245e726r79o_img02.png,"Image caption, SAF blends fossil fuels with renewable materials such as used oils, fats and agricultural waste",,0,,0,,1,broad_candidate
c245e726r79o,BBC News,2024,"""net zero""",Can flights hit net zero by 2025 and at what cost to passengers?,https://www.bbc.co.uk/news/articles/c245e726r79o,2024-11-29,,3,https://ichef.bbci.co.uk/ace/standard/1920/cpsprodpb/fb20/live/967e5270-ad98-11ef-8ab9-9192db313061.png,../Scripts/output/bbc/bbc_images/bbc_2024-11-29_c245e726r79o_img03.png,"Image caption, Stephen Fitzpatrick's all-electric aircraft, the VX4",,0,,0,,1,broad_candidate
c80vejvm0edo,BBC News,2024,"""net zero""",Douglas Council falling behind on net-zero targets,https://www.bbc.co.uk/news/articles/c80vejvm0edo,2024-12-06,,1,https://ichef.bbci.co.uk/ace/standard/976/cpsprodpb/094b/live/d7e0c6b0-b268-11ef-93fc-515d2be0e1f7.jpg,../Scripts/output/bbc/bbc_images/bbc_2024-12-06_c80vejvm0edo_img01.jpg,"Image caption, The council has recorded a 3% reduction in its emmissions on the year prior",,0,,0,,1,broad_candidate
cj6z73z34w9o,BBC News,2024,"""net zero""",Bid to have Isle of Man net-zero targets reviewed rejected,https://www.bbc.co.uk/news/articles/cj6z73z34w9o,2024-12-11,,1,https://ichef.bbci.co.uk/ace/standard/2048/cpsprodpb/7ffd/live/45dca040-b7c2-11ef-a0cf-7bf220dc1294.jpg,../Scripts/output/bbc/bbc_images/bbc_2024-12-11_cj6z73z34w9o_img01.jpg,"Image caption, The Isle of Man government has committed to reaching net-zero emissions by 2050",,0,,0,,1,broad_candidate
cy9qv8xjd4yo,BBC News,2024,"""net zero""",Funding to help Cambridgeshire villages toward net zero targets,https://www.bbc.co.uk/news/articles/cy9qv8xjd4yo,2024-12-13,,1,https://ichef.bbci.co.uk/ace/standard/999/cpsprodpb/489a/live/d2591ae0-b889-11ef-a0f2-fd81ae5962f4.jpg,../Scripts/output/bbc/bbc_images/bbc_2024-12-13_cy9qv8xjd4yo_img01.jpg,"Image caption, Projects such as installing wind turbines could be helped by the new grants",,0,,0,,1,broad_candidate
cewx1pq1zxjo,BBC News,2024,"""sea level rise""",Grey seal pups in Essex affected by rising sea levels and storms,https://www.bbc.co.uk/news/articles/cewx1pq1zxjo,2024-12-31,,1,https://ichef.bbci.co.uk/ace/standard/3840/cpsprodpb/fdc7/live/b94090e0-b232-11ef-afbb-adf2418b5e72.jpg,../Scripts/output/bbc/bbc_images/bbc_2024-12-31_cewx1pq1zxjo_img01.jpg,"Image caption, Rocky was half the weight he was supposed to be when he arrived at the South Essex Wildlife Hospital in October",,0,,0,,1,broad_candidate
cewx1pq1zxjo,BBC News,2024,"""sea level rise""",Grey seal pups in Essex affected by rising sea levels and storms,https://www.bbc.co.uk/news/articles/cewx1pq1zxjo,2024-12-31,,2,https://ichef.bbci.co.uk/ace/standard/3840/cpsprodpb/c902/live/b68feba0-b239-11ef-a9f8-ff78b97fa269.jpg,../Scripts/output/bbc/bbc_images/bbc_2024-12-31_cewx1pq1zxjo_img02.jpg,"Image caption, Grey seal pups actually have white fur coats when born but later moult and grow grey waterproof coats",,0,,0,,1,broad_candidate
cewx1pq1zxjo,BBC News,2024,"""sea level rise""",Grey seal pups in Essex affected by rising sea levels and storms,https://www.bbc.co.uk/news/articles/cewx1pq1zxjo,2024-12-31,,3,https://ichef.bbci.co.uk/ace/standard/3840/cpsprodpb/e0d6/live/15863520-c37d-11ef-97a2-cbf1b309e0fa.jpg,../Scripts/output/bbc/bbc_images/bbc_2024-12-31_cewx1pq1zxjo_img03.jpg,"Image caption, The hospital's owner, Sue Schwar, says it costs roughly Â£5,000 to rehabilitate each seal",,0,,0,,1,broad_candidate
cd7575x8yq5o,BBC News,2025,"""1.5C""",World's hottest year: 2024 first to pass 1.5C warming limit,https://www.bbc.co.uk/news/articles/cd7575x8yq5o,2025-01-10,,1,https://ichef.bbci.co.uk/ace/standard/976/cpsprodpb/93cd/live/648591f0-ce9c-11ef-9fd6-0be88a764111.jpg,../Scripts/output/bbc/bbc_images/bbc_2025-01-10_cd7575x8yq5o_img01.jpg,,,0,,0,,1,broad_candidate
cd7575x8yq5o,BBC News,2025,"""1.5C""",World's hottest year: 2024 first to pass 1.5C warming limit,https://www.bbc.co.uk/news/articles/cd7575x8yq5o,2025-01-10,,2,https://ichef.bbci.co.uk/ace/standard/1920/cpsprodpb/6de2/live/cffe1510-ce9c-11ef-9fd6-0be88a764111.png,../Scripts/output/bbc/bbc_images/bbc_2025-01-10_cd7575x8yq5o_img02.png,,,0,,0,,1,broad_candidate
cd7575x8yq5o,BBC News,2025,"""1.5C""",World's hottest year: 2024 first to pass 1.5C warming limit,https://www.bbc.co.uk/news/articles/cd7575x8yq5o,2025-01-10,,3,https://ichef.bbci.co.uk/ace/standard/2560/cpsprodpb/f3b2/live/4b41cf90-cea3-11ef-87df-d575b9a434a4.jpg,../Scripts/output/bbc/bbc_images/bbc_2025-01-10_cd7575x8yq5o_img03.jpg,,,0,,0,,1,broad_candidate
cd7575x8yq5o,BBC News,2025,"""1.5C""",World's hottest year: 2024 first to pass 1.5C warming limit,https://www.bbc.co.uk/news/articles/cd7575x8yq5o,2025-01-10,,4,https://ichef.bbci.co.uk/ace/standard/1280/cpsprodpb/3876/live/7fd3d0b0-ce9d-11ef-87df-d575b9a434a4.jpg,../Scripts/output/bbc/bbc_images/bbc_2025-01-10_cd7575x8yq5o_img04.jpg,,,0,,0,,1,broad_candidate
cd7575x8yq5o,BBC News,2025,"""1.5C""",World's hottest year: 2024 first to pass 1.5C warming limit,https://www.bbc.co.uk/news/articles/cd7575x8yq5o,2025-01-10,,5,https://ichef.bbci.co.uk/ace/standard/1280/cpsprodpb/994c/live/c7093cf0-cf41-11ef-87df-d575b9a434a4.jpg,../Scripts/output/bbc/bbc_images/bbc_2025-01-10_cd7575x8yq5o_img05.jpg,"Image caption, The extreme temperatures during the Mediterranean heatwave affecting Morocco in July 2024 would have been ""virtually impossible"" without human-caused climate change, according to the World Weather Attribution group",,0,,0,,1,broad_candidate
cd7575x8yq5o,BBC News,2025,"""1.5C""",World's hottest year: 2024 first to pass 1.5C warming limit,https://www.bbc.co.uk/news/articles/cd7575x8yq5o,2025-01-10,,6,https://ichef.bbci.co.uk/ace/standard/1600/cpsprodpb/91c8/live/97dfb010-cf2a-11ef-87df-d575b9a434a4.png,../Scripts/output/bbc/bbc_images/bbc_2025-01-10_cd7575x8yq5o_img06.png,,,0,,0,,1,broad_candidate
c334el4gg2ko,BBC News,2025,"""net zero""",Greater Cambridge expansion can meet net-zero targets - report,https://www.bbc.co.uk/news/articles/c334el4gg2ko,2025-01-15,,1,https://ichef.bbci.co.uk/ace/standard/3840/cpsprodpb/d830/live/d475e470-d274-11ef-9377-192b32874917.jpg,../Scripts/output/bbc/bbc_images/bbc_2025-01-15_c334el4gg2ko_img01.jpg,"Image caption, A variety of carbon efficient measures are being proposed in a report on how Cambridge can expand and meet its carbon neutral targets",,0,,0,,1,broad_candidate
c30dn5dn53jo,BBC News,2025,"""1.5C""",Planet-warming carbon dioxide levels rose more than ever in 2024,https://www.bbc.co.uk/news/articles/c30dn5dn53jo,2025-01-17,,1,https://ichef.bbci.co.uk/ace/standard/954/cpsprodpb/264e/live/271569a0-d458-11ef-a6f4-23ba91a24e49.jpg,../Scripts/output/bbc/bbc_images/bbc_2025-01-17_c30dn5dn53jo_img01.jpg,"Image caption, Parts of India smouldered in a blistering heatwave in June during the world's hottest year on record",,0,,0,,1,broad_candidate
c30dn5dn53jo,BBC News,2025,"""1.5C""",Planet-warming carbon dioxide levels rose more than ever in 2024,https://www.bbc.co.uk/news/articles/c30dn5dn53jo,2025-01-17,,2,https://ichef.bbci.co.uk/ace/standard/1920/cpsprodpb/96b2/live/ceed61f0-d43a-11ef-9fd6-0be88a764111.png,../Scripts/output/bbc/bbc_images/bbc_2025-01-17_c30dn5dn53jo_img02.png,,,0,,0,,1,broad_candidate
c30dn5dn53jo,BBC News,2025,"""1.5C""",Planet-warming carbon dioxide levels rose more than ever in 2024,https://www.bbc.co.uk/news/articles/c30dn5dn53jo,2025-01-17,,4,https://ichef.bbci.co.uk/ace/standard/1024/cpsprodpb/8682/live/e4515cd0-d459-11ef-94cb-5f844ceb9e30.jpg,../Scripts/output/bbc/bbc_images/bbc_2025-01-17_c30dn5dn53jo_img04.jpg,"Image caption, Drought, wildfires and deliberate deforestation have made the Amazon rainforest less able to absorb CO2",,0,,0,,1,broad_candidate
c30dn5dn53jo,BBC News,2025,"""1.5C""",Planet-warming carbon dioxide levels rose more than ever in 2024,https://www.bbc.co.uk/news/articles/c30dn5dn53jo,2025-01-17,,5,https://ichef.bbci.co.uk/ace/standard/1600/cpsprodpb/011f/live/0ed486c0-d4ab-11ef-9fd6-0be88a764111.png,../Scripts/output/bbc/bbc_images/bbc_2025-01-17_c30dn5dn53jo_img05.png,,,0,,0,,1,broad_candidate
c4g98km3k80o,BBC News,2025,"""net zero""",University of Bath gets funding to help council reach net zero,https://www.bbc.co.uk/news/articles/c4g98km3k80o,2025-01-24,,1,https://ichef.bbci.co.uk/ace/standard/1024/cpsprodpb/bf45/live/807f5890-da46-11ef-9d0e-bff0478a1627.jpg,../Scripts/output/bbc/bbc_images/bbc_2025-01-24_c4g98km3k80o_img01.jpg,"Image caption, The University of Bath will research how organisations can efficiently go net zero",,0,,0,,1,broad_candidate
crrdl5yprdwo,BBC News,2025,"""net zero""",More work needed to hit net zero by 2050 - Jersey meteorologist,https://www.bbc.co.uk/news/articles/crrdl5yprdwo,2025-02-18,,1,https://ichef.bbci.co.uk/ace/standard/1440/cpsprodpb/080d/live/6d89d5c0-ede8-11ef-b69a-69560a7e4afb.jpg,../Scripts/output/bbc/bbc_images/bbc_2025-02-18_crrdl5yprdwo_img01.jpg,"Image caption, PaulÂ Aked said the rising temperatures had ""an impact""",,0,,0,,1,broad_candidate
crrdl5yprdwo,BBC News,2025,"""net zero""",More work needed to hit net zero by 2050 - Jersey meteorologist,https://www.bbc.co.uk/news/articles/crrdl5yprdwo,2025-02-18,,2,https://ichef.bbci.co.uk/ace/standard/1104/cpsprodpb/d896/live/2475d680-ede9-11ef-b69a-69560a7e4afb.jpg,../Scripts/output/bbc/bbc_images/bbc_2025-02-18_crrdl5yprdwo_img02.jpg,"Image caption, The mural is placed by the avenue as a visual representation for drivers and pedestrians to see",,0,,0,,1,broad_candidate
cg5d6dd9pq4o,BBC News,2025,"""net zero""",Brighton bus company questions council's net-zero ambitions,https://www.bbc.co.uk/news/articles/cg5d6dd9pq4o,2025-02-20,,1,https://ichef.bbci.co.uk/ace/standard/910/cpsprodpb/bf10/live/4e1b6170-ef89-11ef-85a9-c7d843fd355b.png,../Scripts/output/bbc/bbc_images/bbc_2025-02-20_cg5d6dd9pq4o_img01.png,"Image caption, The council has confirmed it is awarding the contract to a rival company called Compass Travel Ltd",,0,,0,,1,broad_candidate
cly3pnjyzp4o,BBC News,2025,"""net zero""","Net Zero by 2050 'impossible' for UK, says Kemi Badenoch",https://www.bbc.co.uk/news/articles/cly3pnjyzp4o,2025-03-17,2025-03-18,1,https://ichef.bbci.co.uk/ace/standard/3840/cpsprodpb/a9ef/live/8d17b900-03ed-11f0-9bc8-ef492fcd35c4.jpg,../Scripts/output/bbc/bbc_images/bbc_2025-03-17_cly3pnjyzp4o_img01.jpg,,,0,,0,,1,broad_candidate
cly3pnjyzp4o,BBC News,2025,"""net zero""","Net Zero by 2050 'impossible' for UK, says Kemi Badenoch",https://www.bbc.co.uk/news/articles/cly3pnjyzp4o,2025-03-17,2025-03-18,2,https://ichef.bbci.co.uk/ace/standard/1920/cpsprodpb/0f33/live/a2f5db00-040e-11f0-97d3-37df2b293ed1.png,../Scripts/output/bbc/bbc_images/bbc_2025-03-17_cly3pnjyzp4o_img02.png,,,0,,0,,1,broad_candidate
cm2drrl4r4eo,BBC News,2025,"""net zero""","A5 upgrade won't jeopardise net zero goals, court told",https://www.bbc.co.uk/news/articles/cm2drrl4r4eo,2025-03-20,,1,https://ichef.bbci.co.uk/ace/standard/2048/cpsprodpb/0233/live/b86fa7b0-05b5-11f0-94d4-6f954f5dcfa3.jpg,../Scripts/output/bbc/bbc_images/bbc_2025-03-20_cm2drrl4r4eo_img01.jpg,"Image caption, The project was given the go-ahead by Stormont ministers in October last year",,0,,0,,1,broad_candidate
clyj015819qo,BBC News,2025,"""net zero""",Guernsey proposes 'more affordable' net zero approach,https://www.bbc.co.uk/news/articles/clyj015819qo,2025-03-25,,1,https://ichef.bbci.co.uk/ace/standard/2560/cpsprodpb/e908/live/12ef5850-0973-11f0-b3d3-c1e31240c270.jpg,../Scripts/output/bbc/bbc_images/bbc_2025-03-25_clyj015819qo_img01.jpg,"Image caption, The States will review the net zero pathway every seven years as technology improves",,0,,0,,1,broad_candidate
c5y0yd3djmvo,BBC News,2025,"""net zero""",Warning Stockton council close to net zero standstill,https://www.bbc.co.uk/news/articles/c5y0yd3djmvo,2025-03-29,,1,https://ichef.bbci.co.uk/ace/standard/2560/cpsprodpb/3fa7/live/d4282b50-0c98-11f0-b48e-5512f98f3582.jpg,../Scripts/output/bbc/bbc_images/bbc_2025-03-29_c5y0yd3djmvo_img01.jpg,"Image caption, Councillor Clare Besford has warned the local authority could hit a standstill on reducing carbon emissions",,0,,0,,1,broad_candidate
c5y0yd3djmvo,BBC News,2025,"""net zero""",Warning Stockton council close to net zero standstill,https://www.bbc.co.uk/news/articles/c5y0yd3djmvo,2025-03-29,,2,https://ichef.bbci.co.uk/ace/standard/3840/cpsprodpb/ef36/live/04e485a0-0c8e-11f0-96bb-25fd8e9f32ad.jpg,../Scripts/output/bbc/bbc_images/bbc_2025-03-29_c5y0yd3djmvo_img02.jpg,"Image caption, The council needs more investment to hit its net zero target, according to a report",,0,,0,,1,broad_candidate
c5y0yd3djmvo,BBC News,2025,"""net zero""",Warning Stockton council close to net zero standstill,https://www.bbc.co.uk/news/articles/c5y0yd3djmvo,2025-03-29,,3,https://ichef.bbci.co.uk/ace/standard/3840/cpsprodpb/4897/live/90961690-0c8e-11f0-96bb-25fd8e9f32ad.jpg,../Scripts/output/bbc/bbc_images/bbc_2025-03-29_c5y0yd3djmvo_img03.jpg,"Image caption, Councillor Bob Cook said the local authority needed to work with businesses in the area",,0,,0,,1,broad_candidate
cnv5255zz17o,BBC News,2025,"""net zero""",Crowle solar farm plan for net-zero bid village,https://www.bbc.co.uk/news/articles/cnv5255zz17o,2025-04-20,,1,https://ichef.bbci.co.uk/ace/standard/780/cpsprodpb/4aba/live/bef478c0-1d4f-11f0-b128-7357add2ed32.png,../Scripts/output/bbc/bbc_images/bbc_2025-04-20_cnv5255zz17o_img01.png,"Image caption, Steve Bott (centre) helped set up Crowle Community Energy with Richard Temple Cox (left) and Ian Boden",,0,,0,,1,broad_candidate
cnv5255zz17o,BBC News,2025,"""net zero""",Crowle solar farm plan for net-zero bid village,https://www.bbc.co.uk/news/articles/cnv5255zz17o,2025-04-20,,2,https://ichef.bbci.co.uk/ace/standard/976/cpsprodpb/3b6b/live/956e6520-1d4e-11f0-80b3-83959215671c.png,../Scripts/output/bbc/bbc_images/bbc_2025-04-20_cnv5255zz17o_img02.png,"Image caption, The orchard is currently unused, according to the planning application",,0,,0,,1,broad_candidate
czjn0pn830ko,BBC News,2025,"""net zero""",Ed Miliband accuses opponents of net zero carbon emissions 'nonsense and lies',https://www.bbc.co.uk/news/articles/czjn0pn830ko,2025-04-20,,1,https://ichef.bbci.co.uk/ace/standard/1024/cpsprodpb/bc9c/live/4d9bdf90-1d9c-11f0-8dcc-eb9925837cbb.jpg,../Scripts/output/bbc/bbc_images/bbc_2025-04-20_czjn0pn830ko_img01.jpg,"Image caption, Ed Miliband said his opponents will make up ""nonsense and lies to pursue their ideological agenda""",,0,,0,,1,broad_candidate
czjn0pn830ko,BBC News,2025,"""net zero""",Ed Miliband accuses opponents of net zero carbon emissions 'nonsense and lies',https://www.bbc.co.uk/news/articles/czjn0pn830ko,2025-04-20,,2,https://ichef.bbci.co.uk/ace/standard/1024/cpsprodpb/63de/live/15c33130-1d9d-11f0-80b3-83959215671c.jpg,../Scripts/output/bbc/bbc_images/bbc_2025-04-20_czjn0pn830ko_img02.jpg,"Image caption, Nigel Farage has been a staunch opponent of net zero",,0,,0,,1,broad_candidate
cx26379qnnlo,BBC News,2025,"""net zero""",Carbon net zero hotel in Exeter 'better than original dream',https://www.bbc.co.uk/news/articles/cx26379qnnlo,2025-04-24,,1,https://ichef.bbci.co.uk/ace/standard/1552/cpsprodpb/6ad7/live/d75153f0-1b8f-11f0-bfb8-e70272d1ce18.jpg,../Scripts/output/bbc/bbc_images/bbc_2025-04-24_cx26379qnnlo_img01.jpg,"Image caption, Tim Wheeldon said what had been achieved was ""better than I originally anticipated""",,0,,0,,1,broad_candidate
cz6d71yx574o,BBC News,2025,"""net zero""",University of Plymouth gets electric boat in net-zero push,https://www.bbc.co.uk/news/articles/cz6d71yx574o,2025-04-26,,1,https://ichef.bbci.co.uk/ace/standard/1536/cpsprodpb/7647/live/7b66f9f0-214d-11f0-87da-a18952343483.jpg,../Scripts/output/bbc/bbc_images/bbc_2025-04-26_cz6d71yx574o_img01.jpg,"Image caption, The university said the addition was part of its latest move to help clean up our seas",,0,,0,,1,broad_candidate
cpvrwyp0jx3o,BBC News,2025,"""net zero""",Tony Blair says current net zero push 'doomed to fail',https://www.bbc.co.uk/news/articles/cpvrwyp0jx3o,2025-04-29,,1,https://ichef.bbci.co.uk/ace/standard/3840/cpsprodpb/e463/live/bebfcf90-2523-11f0-8182-478cd6217f81.jpg,../Scripts/output/bbc/bbc_images/bbc_2025-04-29_cpvrwyp0jx3o_img01.jpg,,,0,,0,,1,broad_candidate
c2dekx9nw54o,BBC News,2025,"""net zero""",Newspaper headlines: Net zero 'doomed' and royals on 'love island',https://www.bbc.co.uk/news/articles/c2dekx9nw54o,2025-04-30,,1,https://ichef.bbci.co.uk/ace/standard/1680/cpsprodpb/0093/live/a2318920-2606-11f0-b130-4941788e26ce.jpg,../Scripts/output/bbc/bbc_images/bbc_2025-04-30_c2dekx9nw54o_img01.jpg,,,0,,0,,1,broad_candidate
c2dekx9nw54o,BBC News,2025,"""net zero""",Newspaper headlines: Net zero 'doomed' and royals on 'love island',https://www.bbc.co.uk/news/articles/c2dekx9nw54o,2025-04-30,,2,https://ichef.bbci.co.uk/ace/standard/1280/cpsprodpb/822b/live/90dc9080-0e19-11ef-82e8-cd354766a224.png,../Scripts/output/bbc/bbc_images/bbc_2025-04-30_c2dekx9nw54o_img02.png,,,0,,0,,1,broad_candidate
c2dekx9nw54o,BBC News,2025,"""net zero""",Newspaper headlines: Net zero 'doomed' and royals on 'love island',https://www.bbc.co.uk/news/articles/c2dekx9nw54o,2025-04-30,,3,https://ichef.bbci.co.uk/ace/standard/1280/cpsprodpb/1e82/live/a6307d40-0e21-11ef-b9d8-4f52aebe147d.png,../Scripts/output/bbc/bbc_images/bbc_2025-04-30_c2dekx9nw54o_img03.png,,,0,,0,,1,broad_candidate
cq80974l402o,BBC News,2025,"""net zero""",Labour defends net-zero policies after Blair criticism,https://www.bbc.co.uk/news/articles/cq80974l402o,2025-04-30,,1,https://ichef.bbci.co.uk/ace/standard/968/cpsprodpb/0976/live/5ed58e40-25a9-11f0-a4b5-cf8d960fb818.jpg,../Scripts/output/bbc/bbc_images/bbc_2025-04-30_cq80974l402o_img01.jpg,,,0,,0,,1,broad_candidate
c4gew0nj285o,BBC News,2025,"""net zero""",Ed Miliband criticises Reform UK's Net Zero stance,https://www.bbc.co.uk/news/articles/c4gew0nj285o,2025-05-15,,1,https://ichef.bbci.co.uk/ace/standard/976/cpsprodpb/4528/live/eb86cba0-3180-11f0-8519-3b5a01ebe413.jpg,../Scripts/output/bbc/bbc_images/bbc_2025-05-15_c4gew0nj285o_img01.jpg,"Image caption, Ed Miliband was visiting a solar farm in East Yorkshire that helps to power Castle Hill Hospital",,0,,0,,1,broad_candidate
c4gew0nj285o,BBC News,2025,"""net zero""",Ed Miliband criticises Reform UK's Net Zero stance,https://www.bbc.co.uk/news/articles/c4gew0nj285o,2025-05-15,,2,https://ichef.bbci.co.uk/ace/standard/976/cpsprodpb/7913/live/27e42250-3181-11f0-8519-3b5a01ebe413.jpg,../Scripts/output/bbc/bbc_images/bbc_2025-05-15_c4gew0nj285o_img02.jpg,"Image caption, The newly approved solar farm near Howden will cover 3,155 acres (1,277 hectares)",,0,,0,,1,broad_candidate
cj93e40znl3o,BBC News,2025,"""1.5C""","Coastlines in danger even if climate target met, scientists warn",https://www.bbc.co.uk/news/articles/cj93e40znl3o,2025-05-20,,1,https://ichef.bbci.co.uk/ace/standard/2048/cpsprodpb/9d85/live/4c473670-34d1-11f0-a7d6-116e90b77ae3.jpg,../Scripts/output/bbc/bbc_images/bbc_2025-05-20_cj93e40znl3o_img01.jpg,,,0,,0,,1,broad_candidate
cj93e40znl3o,BBC News,2025,"""1.5C""","Coastlines in danger even if climate target met, scientists warn",https://www.bbc.co.uk/news/articles/cj93e40znl3o,2025-05-20,,2,https://ichef.bbci.co.uk/ace/standard/1920/cpsprodpb/2e94/live/5a564310-34d0-11f0-8519-3b5a01ebe413.png,../Scripts/output/bbc/bbc_images/bbc_2025-05-20_cj93e40znl3o_img02.png,,,0,,0,,1,broad_candidate
cn4gg10mr24o,BBC News,2025,"""net zero""",West Suffolk Council's net zero pledge pushed back by nine years,https://www.bbc.co.uk/news/articles/cn4gg10mr24o,2025-05-22,,1,https://ichef.bbci.co.uk/ace/standard/1440/cpsprodpb/c680/live/2ea958f0-35ad-11f0-b092-712f055def2d.png,../Scripts/output/bbc/bbc_images/bbc_2025-05-22_cn4gg10mr24o_img01.png,"Image caption, West Suffolk councillors, including Gerald Kelly (back right), and others unveiled a reverse vending machine to encourage more people to recycle",,0,,0,,1,broad_candidate
cn4gg10mr24o,BBC News,2025,"""net zero""",West Suffolk Council's net zero pledge pushed back by nine years,https://www.bbc.co.uk/news/articles/cn4gg10mr24o,2025-05-22,,2,https://ichef.bbci.co.uk/ace/standard/1024/cpsprodpb/10a2/live/710e46a0-362b-11f0-b2c9-2d36257649ec.png,../Scripts/output/bbc/bbc_images/bbc_2025-05-22_cn4gg10mr24o_img02.png,"Image caption, Work will be undertaken to rid Haverhill Leisure Centre of all gas",,0,,0,,1,broad_candidate
c04eg5xn3e3o,BBC News,2025,"""net zero""",Appeal against Teesside 'net zero' power station dismissed,https://www.bbc.co.uk/news/articles/c04eg5xn3e3o,2025-05-27,,1,https://ichef.bbci.co.uk/ace/standard/957/cpsprodpb/5670/live/8b2220a0-f9d3-11ef-8be4-3bf54461d42e.png,../Scripts/output/bbc/bbc_images/bbc_2025-05-27_c04eg5xn3e3o_img01.png,"Image caption, The power station is planned for the Teesworks site, near Redcar",,0,,0,,1,broad_candidate
c04eg5xn3e3o,BBC News,2025,"""net zero""",Appeal against Teesside 'net zero' power station dismissed,https://www.bbc.co.uk/news/articles/c04eg5xn3e3o,2025-05-27,,2,https://ichef.bbci.co.uk/ace/standard/1536/cpsprodpb/8978/live/a524c8f0-7b56-11ef-9f51-2df4bcb50c71.jpg,../Scripts/output/bbc/bbc_images/bbc_2025-05-27_c04eg5xn3e3o_img02.jpg,"Image caption, The power station is owned by BP and Equinor",,0,,0,,1,broad_candidate
c4g360q511po,BBC News,2025,"""net zero""",Reform UK council leader in Northants criticised on net zero,https://www.bbc.co.uk/news/articles/c4g360q511po,2025-05-30,,2,https://ichef.bbci.co.uk/ace/standard/1920/cpsprodpb/d487/live/6cdacda0-3ca3-11f0-af00-f94ff1cabcc0.jpg,../Scripts/output/bbc/bbc_images/bbc_2025-05-30_c4g360q511po_img02.jpg,"Image caption, Emily Fedorowycz said there were economic benefits and job opportunities in renewable energy",,0,,0,,1,broad_candidate
c4g360q511po,BBC News,2025,"""net zero""",Reform UK council leader in Northants criticised on net zero,https://www.bbc.co.uk/news/articles/c4g360q511po,2025-05-30,,3,https://ichef.bbci.co.uk/ace/standard/3840/cpsprodpb/8a41/live/97c0a7e0-3c6e-11f0-bd09-85867b04fa4e.jpg,../Scripts/output/bbc/bbc_images/bbc_2025-05-30_c4g360q511po_img03.jpg,"Image caption, Martin Griffiths is the new leader of Reform-run North Northamptonshire Council",,0,,0,,1,broad_candidate
c4g360q511po,BBC News,2025,"""net zero""",Reform UK council leader in Northants criticised on net zero,https://www.bbc.co.uk/news/articles/c4g360q511po,2025-05-30,,4,https://ichef.bbci.co.uk/ace/standard/1504/cpsprodpb/f375/live/cdf73f00-3c6d-11f0-bd09-85867b04fa4e.jpg,../Scripts/output/bbc/bbc_images/bbc_2025-05-30_c4g360q511po_img04.jpg,"Image caption, Rosie Wrighting MP took to social media platform X to criticise the new leader of North Northamptonshire Council",,0,,0,,1,broad_candidate
c4g360q511po,BBC News,2025,"""net zero""",Reform UK council leader in Northants criticised on net zero,https://www.bbc.co.uk/news/articles/c4g360q511po,2025-05-30,,5,https://ichef.bbci.co.uk/ace/standard/3840/cpsprodpb/d4f7/live/1f9c3fb0-3c71-11f0-bd09-85867b04fa4e.jpg,../Scripts/output/bbc/bbc_images/bbc_2025-05-30_c4g360q511po_img05.jpg,"Image caption, Martin Griffiths' comments mirror the Reform Party's national stance, led by Nigel Farage",,0,,0,,1,broad_candidate
cy75jgp2epgo,BBC News,2025,"""net zero""",Chippenham road was resurfaced while 'meeting net zero' standards,https://www.bbc.co.uk/news/articles/cy75jgp2epgo,2025-06-05,,1,https://ichef.bbci.co.uk/ace/standard/1104/cpsprodpb/c77f/live/d67682a0-3ee1-11f0-a438-afaf6e874ac1.jpg,../Scripts/output/bbc/bbc_images/bbc_2025-06-05_cy75jgp2epgo_img01.jpg,"Image caption, The road was resurfaced using biochar, a waste product from the biomass industry",,0,,0,,1,broad_candidate
c74nrrzw8r9o,BBC News,2025,"""net zero""",Reform to 'dumb down' diversity and net zero council programmes,https://www.bbc.co.uk/news/articles/c74nrrzw8r9o,2025-06-06,,1,https://ichef.bbci.co.uk/ace/standard/2048/cpsprodpb/30d6/live/58b9d4d0-423c-11f0-afdc-91a9b062734f.jpg,../Scripts/output/bbc/bbc_images/bbc_2025-06-06_c74nrrzw8r9o_img01.jpg,"Image caption, Warwickshire County Council is now led by Reform UK's Rob Howard",,0,,0,,1,broad_candidate
c74nrrzw8r9o,BBC News,2025,"""net zero""",Reform to 'dumb down' diversity and net zero council programmes,https://www.bbc.co.uk/news/articles/c74nrrzw8r9o,2025-06-06,,2,https://ichef.bbci.co.uk/ace/standard/1024/cpsprodpb/eba8/live/26ef4a60-423d-11f0-afdc-91a9b062734f.jpg,../Scripts/output/bbc/bbc_images/bbc_2025-06-06_c74nrrzw8r9o_img02.jpg,"Image caption, Reform celebrate their success in Nuneaton during the Warwickshire County Council election count in May",,0,,0,,1,broad_candidate
c74nrrzw8r9o,BBC News,2025,"""net zero""",Reform to 'dumb down' diversity and net zero council programmes,https://www.bbc.co.uk/news/articles/c74nrrzw8r9o,2025-06-06,,3,https://ichef.bbci.co.uk/ace/standard/792/cpsprodpb/0b1a/live/ddd218d0-423c-11f0-afdc-91a9b062734f.jpg,../Scripts/output/bbc/bbc_images/bbc_2025-06-06_c74nrrzw8r9o_img03.jpg,"Image caption, Green councillor Keith Kondakor said the scale of the council and responsibility for the most vulnerable people in the county should be ""terrifying"" for such an inexperienced party",,0,,0,,1,broad_candidate
c74nrrzw8r9o,BBC News,2025,"""net zero""",Reform to 'dumb down' diversity and net zero council programmes,https://www.bbc.co.uk/news/articles/c74nrrzw8r9o,2025-06-06,,4,https://ichef.bbci.co.uk/ace/standard/3840/cpsprodpb/45f1/live/075ab9f0-423d-11f0-afdc-91a9b062734f.jpg,../Scripts/output/bbc/bbc_images/bbc_2025-06-06_c74nrrzw8r9o_img04.jpg,"Image caption, Diversity and net zero projects at Warwickshire County Council face cuts",,0,,0,,1,broad_candidate
c74nrrzw8r9o,BBC News,2025,"""net zero""",Reform to 'dumb down' diversity and net zero council programmes,https://www.bbc.co.uk/news/articles/c74nrrzw8r9o,2025-06-06,,5,https://ichef.bbci.co.uk/ace/standard/629/cpsprodpb/0ef7/live/86975bb0-423d-11f0-afdc-91a9b062734f.jpg,../Scripts/output/bbc/bbc_images/bbc_2025-06-06_c74nrrzw8r9o_img05.jpg,"Image caption, Peter Butlin, former Tory finance portfolio holder, presented a report ahead of the elections which warned the cost of Send provision presented a huge risk to the council",,0,,0,,1,broad_candidate
c629ywln03do,BBC News,2025,"""net zero""",Climate change: Can working boats hit net zero target?,https://www.bbc.co.uk/news/articles/c629ywln03do,2025-06-12,,1,https://ichef.bbci.co.uk/ace/standard/1920/cpsprodpb/5e2b/live/a114dfc0-46da-11f0-84b6-6bf0f66205f1.jpg,../Scripts/output/bbc/bbc_images/bbc_2025-06-12_c629ywln03do_img01.jpg,"Image caption, A wide range of workboats are on display on pontoons at the Seawork trade exhibition",,0,,0,,1,broad_candidate
c629ywln03do,BBC News,2025,"""net zero""",Climate change: Can working boats hit net zero target?,https://www.bbc.co.uk/news/articles/c629ywln03do,2025-06-12,,2,https://ichef.bbci.co.uk/ace/standard/1920/cpsprodpb/2e5c/live/b32f4600-46da-11f0-84b6-6bf0f66205f1.jpg,../Scripts/output/bbc/bbc_images/bbc_2025-06-12_c629ywln03do_img02.jpg,"Image caption, Alg Bennet from Lymington developed an electric outboard engine and battery system after being frustrated with what was on offer",,0,,0,,1,broad_candidate
c629ywln03do,BBC News,2025,"""net zero""",Climate change: Can working boats hit net zero target?,https://www.bbc.co.uk/news/articles/c629ywln03do,2025-06-12,,3,https://ichef.bbci.co.uk/ace/standard/1920/cpsprodpb/d13b/live/e683eb80-46dc-11f0-9471-e380f647874e.jpg,../Scripts/output/bbc/bbc_images/bbc_2025-06-12_c629ywln03do_img03.jpg,"Image caption, Hundreds of exhibitors gathered in an exhibition hall to show thousands of products from the workboat industry",,0,,0,,1,broad_candidate
c629ywln03do,BBC News,2025,"""net zero""",Climate change: Can working boats hit net zero target?,https://www.bbc.co.uk/news/articles/c629ywln03do,2025-06-12,,4,https://ichef.bbci.co.uk/ace/standard/1920/cpsprodpb/3262/live/5f01ebc0-46e2-11f0-bbaa-4bc03e0665b7.jpg,../Scripts/output/bbc/bbc_images/bbc_2025-06-12_c629ywln03do_img04.jpg,"Image caption, Alternative fuels provide one option for the workboat industry to cut its emissions in a bid to decarbonise",,0,,0,,1,broad_candidate
cn4qe01v20eo,BBC News,2025,"""net zero""",The drive to net zero picks up speed in Reading,https://www.bbc.co.uk/news/articles/cn4qe01v20eo,2025-06-12,,1,https://ichef.bbci.co.uk/ace/standard/3840/cpsprodpb/ab3a/live/ffaaf880-4761-11f0-84b6-6bf0f66205f1.jpg,../Scripts/output/bbc/bbc_images/bbc_2025-06-12_cn4qe01v20eo_img01.jpg,"Image caption, Some motorists in Reading could see their parking and permit charges more than double",,0,,0,,1,broad_candidate
cn9jr8p3zv4o,BBC News,2025,"""carbon budget""","Ministers back '20,000-job' Humber Viking carbon capture project",https://www.bbc.co.uk/news/articles/cn9jr8p3zv4o,2025-06-13,,1,https://ichef.bbci.co.uk/ace/standard/1104/cpsprodpb/ebfd/live/35c8a600-4849-11f0-ad73-b517cf483813.jpg,../Scripts/output/bbc/bbc_images/bbc_2025-06-13_cn9jr8p3zv4o_img01.jpg,"Image caption, Chancellor Rachel Reeves announced she is backing the Viking CCS project",,0,,0,,1,broad_candidate
cn9jr8p3zv4o,BBC News,2025,"""carbon budget""","Ministers back '20,000-job' Humber Viking carbon capture project",https://www.bbc.co.uk/news/articles/cn9jr8p3zv4o,2025-06-13,,2,https://ichef.bbci.co.uk/ace/standard/974/cpsprodpb/0ac1/live/00f5ce80-4853-11f0-84b6-6bf0f66205f1.jpg,../Scripts/output/bbc/bbc_images/bbc_2025-06-13_cn9jr8p3zv4o_img02.jpg,,,0,,0,,1,broad_candidate
c62g3dwpyweo,BBC News,2025,"""net zero""",Friesland School's 'net zero' rebuild given green light,https://www.bbc.co.uk/news/articles/c62g3dwpyweo,2025-06-18,,2,https://ichef.bbci.co.uk/ace/standard/740/cpsprodpb/6881/live/2e5bb320-4b6f-11f0-a6b4-f7f4e17c182c.png,../Scripts/output/bbc/bbc_images/bbc_2025-06-18_c62g3dwpyweo_img02.png,"Image caption, The majority of the site will be knocked down and rebuilt",,0,,0,,1,broad_candidate
cn4l927dj5zo,BBC News,2025,"""1.5C""","Three years left to limit warming to 1.5C, top scientists warn",https://www.bbc.co.uk/news/articles/cn4l927dj5zo,2025-06-19,,1,https://ichef.bbci.co.uk/ace/standard/999/cpsprodpb/b13a/live/54e69b00-4c27-11f0-ac5b-1dcff18d9d54.jpg,../Scripts/output/bbc/bbc_images/bbc_2025-06-19_cn4l927dj5zo_img01.jpg,,,0,,0,,1,broad_candidate
cy7n8m73yg4o,BBC News,2025,"""net zero""",Durham Reform UK councillors reviewing net zero commitments,https://www.bbc.co.uk/news/articles/cy7n8m73yg4o,2025-06-19,,1,https://ichef.bbci.co.uk/ace/standard/770/cpsprodpb/411e/live/d06e36e0-4cde-11f0-a62a-4f14d01ee3fc.jpg,../Scripts/output/bbc/bbc_images/bbc_2025-06-19_cy7n8m73yg4o_img01.jpg,"Image caption, Reform UK secured a majority at Durham County Council in May's election",,0,,0,,1,broad_candidate
cy0w90p7529o,BBC News,2025,"""carbon budget""","First electric bus for Falmouth, Cornwall to cut carbon emissions",https://www.bbc.co.uk/news/articles/cy0w90p7529o,2025-06-24,,1,https://ichef.bbci.co.uk/ace/standard/3840/cpsprodpb/0c1d/live/b6c43660-500b-11f0-8c0a-5b816c079050.jpg,../Scripts/output/bbc/bbc_images/bbc_2025-06-24_cy0w90p7529o_img01.jpg,"Image caption, The first EV bus in Cornwall is launched as a shuttle service for Falmouth",,0,,0,,1,broad_candidate
cy0w90p7529o,BBC News,2025,"""carbon budget""","First electric bus for Falmouth, Cornwall to cut carbon emissions",https://www.bbc.co.uk/news/articles/cy0w90p7529o,2025-06-24,,2,https://ichef.bbci.co.uk/ace/standard/3840/cpsprodpb/d5f6/live/13009fc0-5027-11f0-bdf6-9d43c4322174.jpg,../Scripts/output/bbc/bbc_images/bbc_2025-06-24_cy0w90p7529o_img02.jpg,"Image caption, Bus passenger Sarah Newstead said the new EV bus was very quiet and very smooth",,0,,0,,1,broad_candidate
cy0w90p7529o,BBC News,2025,"""carbon budget""","First electric bus for Falmouth, Cornwall to cut carbon emissions",https://www.bbc.co.uk/news/articles/cy0w90p7529o,2025-06-24,,3,https://ichef.bbci.co.uk/ace/standard/3840/cpsprodpb/7bdd/live/92552790-502d-11f0-bdf6-9d43c4322174.jpg,../Scripts/output/bbc/bbc_images/bbc_2025-06-24_cy0w90p7529o_img03.jpg,"Image caption, Councillor Dan Rogerson is the cabinet member for Transport on Cornwall Council",,0,,0,,1,broad_candidate
cvg6ed2g5e7o,BBC News,2025,"""carbon budget""",Rebuilt Leicester school 'one of first to be carbon neutral',https://www.bbc.co.uk/news/articles/cvg6ed2g5e7o,2025-06-25,,1,https://ichef.bbci.co.uk/ace/standard/3840/cpsprodpb/f9cb/live/3d2d8fc0-50ee-11f0-922f-9fb4bdd79d98.jpg,../Scripts/output/bbc/bbc_images/bbc_2025-06-25_cvg6ed2g5e7o_img01.jpg,"Image caption, The newly rebuilt Catherine Infant School will generate more electricity than it needs in the summer months",,0,,0,,1,broad_candidate
cvg6ed2g5e7o,BBC News,2025,"""carbon budget""",Rebuilt Leicester school 'one of first to be carbon neutral',https://www.bbc.co.uk/news/articles/cvg6ed2g5e7o,2025-06-25,,2,https://ichef.bbci.co.uk/ace/standard/1104/cpsprodpb/f6e6/live/51dbdff0-50f1-11f0-8c47-237c2e4015f5.png,../Scripts/output/bbc/bbc_images/bbc_2025-06-25_cvg6ed2g5e7o_img02.png,"Image caption, The site of the former school has been demolished to create play areas and sports pitches",,0,,0,,1,broad_candidate
cvg6ed2g5e7o,BBC News,2025,"""carbon budget""",Rebuilt Leicester school 'one of first to be carbon neutral',https://www.bbc.co.uk/news/articles/cvg6ed2g5e7o,2025-06-25,,3,https://ichef.bbci.co.uk/ace/standard/3840/cpsprodpb/d20c/live/27b92810-50f9-11f0-a942-690809c9f0ed.jpg,../Scripts/output/bbc/bbc_images/bbc_2025-06-25_cvg6ed2g5e7o_img03.jpg,"Image caption, Children from the infant school help head teacher Mitesh Madhaw (second from left) cut the ribbon on the new building",,0,,0,,1,broad_candidate
c628nnz3rp9o,BBC News,2025,"""carbon budget""","Tiny creature gorges, gets fat, and locks up planet-warming carbon",https://www.bbc.co.uk/news/articles/c628nnz3rp9o,2025-07-04,2025-07-05,1,https://ichef.bbci.co.uk/ace/standard/1504/cpsprodpb/cd42/live/e4c9e0f0-591b-11f0-960d-e9f1088a89fe.jpg,../Scripts/output/bbc/bbc_images/bbc_2025-07-04_c628nnz3rp9o_img01.jpg,,,0,,0,,1,broad_candidate
c628nnz3rp9o,BBC News,2025,"""carbon budget""","Tiny creature gorges, gets fat, and locks up planet-warming carbon",https://www.bbc.co.uk/news/articles/c628nnz3rp9o,2025-07-04,2025-07-05,2,https://ichef.bbci.co.uk/ace/standard/3840/cpsprodpb/f49f/live/d401beb0-58e3-11f0-9074-8989d8c97d87.jpg,../Scripts/output/bbc/bbc_images/bbc_2025-07-04_c628nnz3rp9o_img02.jpg,"Image caption, Female copepods (4mm) with cigar-shaped fat stores in their bodies",,0,,0,,1,broad_candidate
c628nnz3rp9o,BBC News,2025,"""carbon budget""","Tiny creature gorges, gets fat, and locks up planet-warming carbon",https://www.bbc.co.uk/news/articles/c628nnz3rp9o,2025-07-04,2025-07-05,3,https://ichef.bbci.co.uk/ace/standard/976/cpsprodpb/52c0/live/dc52a480-58d4-11f0-960d-e9f1088a89fe.jpg,../Scripts/output/bbc/bbc_images/bbc_2025-07-04_c628nnz3rp9o_img03.jpg,"Image caption, This copepod has hair-like arms for feeding",,0,,0,,1,broad_candidate
c628nnz3rp9o,BBC News,2025,"""carbon budget""","Tiny creature gorges, gets fat, and locks up planet-warming carbon",https://www.bbc.co.uk/news/articles/c628nnz3rp9o,2025-07-04,2025-07-05,4,https://ichef.bbci.co.uk/ace/standard/3840/cpsprodpb/6263/live/c7b6e230-58e2-11f0-960d-e9f1088a89fe.jpg,../Scripts/output/bbc/bbc_images/bbc_2025-07-04_c628nnz3rp9o_img04.jpg,"Image caption, Sacs of fat, or lipids, form in Southern Ocean copepods' bodies and heads after they eat phytoplankton (the green material in the bodies in this image)",,0,,0,,1,broad_candidate
c628nnz3rp9o,BBC News,2025,"""carbon budget""","Tiny creature gorges, gets fat, and locks up planet-warming carbon",https://www.bbc.co.uk/news/articles/c628nnz3rp9o,2025-07-04,2025-07-05,5,https://ichef.bbci.co.uk/ace/standard/3840/cpsprodpb/883d/live/7f948400-58e5-11f0-9074-8989d8c97d87.jpg,../Scripts/output/bbc/bbc_images/bbc_2025-07-04_c628nnz3rp9o_img05.jpg,,,0,,0,,1,broad_candidate
c628nnz3rp9o,BBC News,2025,"""carbon budget""","Tiny creature gorges, gets fat, and locks up planet-warming carbon",https://www.bbc.co.uk/news/articles/c628nnz3rp9o,2025-07-04,2025-07-05,6,https://ichef.bbci.co.uk/ace/standard/3840/cpsprodpb/c35a/live/9ef659c0-58e7-11f0-960d-e9f1088a89fe.jpg,../Scripts/output/bbc/bbc_images/bbc_2025-07-04_c628nnz3rp9o_img06.jpg,"Image caption, Dr Jennifer Freer analysed the zooplankton on board the Sir David Attenborough polar ship",,0,,0,,1,broad_candidate
c628nnz3rp9o,BBC News,2025,"""carbon budget""","Tiny creature gorges, gets fat, and locks up planet-warming carbon",https://www.bbc.co.uk/news/articles/c628nnz3rp9o,2025-07-04,2025-07-05,7,https://ichef.bbci.co.uk/ace/standard/976/cpsprodpb/fbf9/live/3187ff40-58d5-11f0-b5c5-012c5796682d.jpg,../Scripts/output/bbc/bbc_images/bbc_2025-07-04_c628nnz3rp9o_img07.jpg,"Image caption, Plankton sampling often happens at midnight when the animals are closest to the ocean surface.",,0,,0,,1,broad_candidate
c628nnz3rp9o,BBC News,2025,"""carbon budget""","Tiny creature gorges, gets fat, and locks up planet-warming carbon",https://www.bbc.co.uk/news/articles/c628nnz3rp9o,2025-07-04,2025-07-05,8,https://ichef.bbci.co.uk/ace/standard/2560/cpsprodpb/5f2d/live/01623410-58ea-11f0-852a-fb4f43c1b4cc.jpg,../Scripts/output/bbc/bbc_images/bbc_2025-07-04_c628nnz3rp9o_img08.jpg,"Image caption, Antarctic krill (50-60mm) with green guts showing they've recently eaten algae",,0,,0,,1,broad_candidate
c628nnz3rp9o,BBC News,2025,"""carbon budget""","Tiny creature gorges, gets fat, and locks up planet-warming carbon",https://www.bbc.co.uk/news/articles/c628nnz3rp9o,2025-07-04,2025-07-05,9,https://ichef.bbci.co.uk/ace/standard/1600/cpsprodpb/c47d/live/01806cd0-591e-11f0-9074-8989d8c97d87.png,../Scripts/output/bbc/bbc_images/bbc_2025-07-04_c628nnz3rp9o_img09.png,,,0,,0,,1,broad_candidate
cz7lpg859pjo,BBC News,2025,"""carbon budget""",Peak Cluster carbon capture project 'could boost hundreds of jobs',https://www.bbc.co.uk/news/articles/cz7lpg859pjo,2025-07-07,,1,https://ichef.bbci.co.uk/ace/standard/975/cpsprodpb/1a98/live/15a85900-5a60-11f0-bb7d-5f9bf28de527.jpg,../Scripts/output/bbc/bbc_images/bbc_2025-07-07_cz7lpg859pjo_img01.jpg,"Image caption, Thousands of jobs could be created across Derbyshire, Staffordshire and the North West, Chancellor Rachel Reeves says",,0,,0,,1,broad_candidate
cz7lpg859pjo,BBC News,2025,"""carbon budget""",Peak Cluster carbon capture project 'could boost hundreds of jobs',https://www.bbc.co.uk/news/articles/cz7lpg859pjo,2025-07-07,,2,https://ichef.bbci.co.uk/ace/standard/1680/cpsprodpb/aa8b/live/92cca210-5a60-11f0-bb7d-5f9bf28de527.jpg,../Scripts/output/bbc/bbc_images/bbc_2025-07-07_cz7lpg859pjo_img02.jpg,"Image caption, Reeves said the government was ""modernising the cement and lime industry""",,0,,0,,1,broad_candidate
c3vde31lwpdo,BBC News,2025,"""net zero""",Reform UK West Northants Council first to scrap net zero targets,https://www.bbc.co.uk/news/articles/c3vde31lwpdo,2025-07-10,,2,https://ichef.bbci.co.uk/ace/standard/3840/cpsprodpb/e2e4/live/8847ee50-5cca-11f0-b5c5-012c5796682d.jpg,../Scripts/output/bbc/bbc_images/bbc_2025-07-10_c3vde31lwpdo_img02.jpg,"Image caption, If the proposals are approved at The Forum in Towcester next week, the council's existing strategies will be updated",,0,,0,,1,broad_candidate
cr5vje4dzljo,BBC News,2025,"""net zero""",Durham County Council votes to scrap net zero pledge,https://www.bbc.co.uk/news/articles/cr5vje4dzljo,2025-07-16,,1,https://ichef.bbci.co.uk/ace/standard/1248/cpsprodpb/9964/live/7378de30-6242-11f0-905e-8d119c411041.jpg,../Scripts/output/bbc/bbc_images/bbc_2025-07-16_cr5vje4dzljo_img01.jpg,"Image caption, Reform UK took charge of Durham County Council following the elections in May",,0,,0,,1,broad_candidate
cr5vje4dzljo,BBC News,2025,"""net zero""",Durham County Council votes to scrap net zero pledge,https://www.bbc.co.uk/news/articles/cr5vje4dzljo,2025-07-16,,2,https://ichef.bbci.co.uk/ace/standard/952/cpsprodpb/2e49/live/a333f420-6242-11f0-905e-8d119c411041.jpg,../Scripts/output/bbc/bbc_images/bbc_2025-07-16_cr5vje4dzljo_img02.jpg,"Image caption, The motion, brought by Reform's Darren Grimes, was voted in at the council meeting on Wednesday",,0,,0,,1,broad_candidate
cyvj086m046o,BBC News,2025,"""net zero""",County council redirects net-zero cash to flood defences,https://www.bbc.co.uk/news/articles/cyvj086m046o,2025-07-16,,1,https://ichef.bbci.co.uk/ace/standard/2560/cpsprodpb/aeb8/live/e5786b80-6252-11f0-abab-8562a9f802b4.jpg,../Scripts/output/bbc/bbc_images/bbc_2025-07-16_cyvj086m046o_img01.jpg,"Image caption, Documents said 717 properties flooded in Leicestershire in January",,0,,0,,1,broad_candidate
cly2xy66ee2o,BBC News,2025,"""net zero""",West Northants Council scraps 'unaffordable' net zero targets,https://www.bbc.co.uk/news/articles/cly2xy66ee2o,2025-07-17,,1,https://ichef.bbci.co.uk/ace/standard/2560/cpsprodpb/809c/live/a895fac0-5d7a-11f0-8422-23a177a2e5e2.jpg,../Scripts/output/bbc/bbc_images/bbc_2025-07-17_cly2xy66ee2o_img01.jpg,"Image caption, West Northamptonshire Council leader Mark Arnull said the meeting took five hours to conclude",,0,,0,,1,broad_candidate
cly2xy66ee2o,BBC News,2025,"""net zero""",West Northants Council scraps 'unaffordable' net zero targets,https://www.bbc.co.uk/news/articles/cly2xy66ee2o,2025-07-17,,3,https://ichef.bbci.co.uk/ace/standard/999/cpsprodpb/8df5/live/d17a5830-3ca2-11f0-af00-f94ff1cabcc0.jpg,../Scripts/output/bbc/bbc_images/bbc_2025-07-17_cly2xy66ee2o_img03.jpg,"Image caption, Mark Arnull said the council would now look at what schemes could work that would bring in ""meaningful financial results""",,0,,0,,1,broad_candidate
cp3lepven93o,BBC News,2025,"""carbon budget""",Wiltshire Council rejects motion to end carbon neutral aims,https://www.bbc.co.uk/news/articles/cp3lepven93o,2025-07-24,,1,https://ichef.bbci.co.uk/ace/standard/2048/cpsprodpb/929a/live/44dbc810-67f8-11f0-8c3a-352af5639695.jpg,../Scripts/output/bbc/bbc_images/bbc_2025-07-24_cp3lepven93o_img01.jpg,"Image caption, The council rejected the idea they were being ""constrained by unachievable targets""",,0,,0,,1,broad_candidate
cp3lepven93o,BBC News,2025,"""carbon budget""",Wiltshire Council rejects motion to end carbon neutral aims,https://www.bbc.co.uk/news/articles/cp3lepven93o,2025-07-24,,2,https://ichef.bbci.co.uk/ace/standard/800/cpsprodpb/1636/live/110d7e60-67f9-11f0-8c3a-352af5639695.jpg,../Scripts/output/bbc/bbc_images/bbc_2025-07-24_cp3lepven93o_img02.jpg,"Image caption, Councillor Paul Sample said the decision was vital because the ""climate emergency affects us all""",,0,,0,,1,broad_candidate
c0l4j8wkrw7o,BBC News,2025,"""climate change""",Climate change could see more trees in cities to tackle heatwaves,https://www.bbc.co.uk/news/articles/c0l4j8wkrw7o,2025-07-25,2025-07-26,1,https://ichef.bbci.co.uk/ace/standard/1024/cpsprodpb/0957/live/24d47110-67d6-11f0-aedc-2b50f43b93da.jpg,../Scripts/output/bbc/bbc_images/bbc_2025-07-25_c0l4j8wkrw7o_img01.jpg,"Image caption, Planting more trees is among the ways scientists hope cities can cool residential areas",,0,,0,,1,broad_candidate
c0l4j8wkrw7o,BBC News,2025,"""climate change""",Climate change could see more trees in cities to tackle heatwaves,https://www.bbc.co.uk/news/articles/c0l4j8wkrw7o,2025-07-25,2025-07-26,2,https://ichef.bbci.co.uk/ace/standard/1920/cpsprodpb/3776/live/b1e755f0-63d4-11f0-8dbd-f3d32ebd3327.png,../Scripts/output/bbc/bbc_images/bbc_2025-07-25_c0l4j8wkrw7o_img02.png,"Image caption, The computer modelling looked at air temperatures on a street in Cardiff without any trees, which were about 24C",,0,,0,,1,broad_candidate
c0l4j8wkrw7o,BBC News,2025,"""climate change""",Climate change could see more trees in cities to tackle heatwaves,https://www.bbc.co.uk/news/articles/c0l4j8wkrw7o,2025-07-25,2025-07-26,3,https://ichef.bbci.co.uk/ace/standard/962/cpsprodpb/448d/live/28189950-63d5-11f0-b5e0-070c092a9780.jpg,../Scripts/output/bbc/bbc_images/bbc_2025-07-25_c0l4j8wkrw7o_img03.jpg,"Image caption, The computer modelling suggested that a full tree canopy on that same street could result in a decrease of air temperatures of about 4C",,0,,0,,1,broad_candidate
c0l4j8wkrw7o,BBC News,2025,"""climate change""",Climate change could see more trees in cities to tackle heatwaves,https://www.bbc.co.uk/news/articles/c0l4j8wkrw7o,2025-07-25,2025-07-26,4,https://ichef.bbci.co.uk/ace/standard/3840/cpsprodpb/f7bc/live/1f6ddc50-60c6-11f0-960d-e9f1088a89fe.jpg,../Scripts/output/bbc/bbc_images/bbc_2025-07-25_c0l4j8wkrw7o_img04.jpg,"Image caption, Researchers rode a bike with thermometers on the back around the city during a recent heatwave to assess temperature differences in areas with and without trees",,0,,0,,1,broad_candidate
c0l4j8wkrw7o,BBC News,2025,"""climate change""",Climate change could see more trees in cities to tackle heatwaves,https://www.bbc.co.uk/news/articles/c0l4j8wkrw7o,2025-07-25,2025-07-26,5,https://ichef.bbci.co.uk/ace/standard/2048/cpsprodpb/37dd/live/83e7aba0-63d4-11f0-b5e0-070c092a9780.jpg,../Scripts/output/bbc/bbc_images/bbc_2025-07-25_c0l4j8wkrw7o_img05.jpg,"Image caption, Singapore has experimented with lighter coloured buildings to reflect the heat and planting many more trees",,0,,0,,1,broad_candidate
c80p817nk40o,BBC News,2025,"""carbon budget""",City of London plays part in 74% carbon emission drop,https://www.bbc.co.uk/news/articles/c80p817nk40o,2025-07-27,,1,https://ichef.bbci.co.uk/ace/standard/3840/cpsprodpb/2484/live/17d4e860-67c6-11f0-bdb3-2fec70b719ae.jpg,../Scripts/output/bbc/bbc_images/bbc_2025-07-27_c80p817nk40o_img01.jpg,"Image caption, The corporation said it was ""proud"" to be playing a role in ""shaping a greener, healthier future for London and beyond""",,0,,0,,1,broad_candidate
cgerdvy5zv9o,BBC News,2025,"""net zero""",West Northants Council's scrapping of net-zero goals put on hold,https://www.bbc.co.uk/news/articles/cgerdvy5zv9o,2025-07-27,,1,https://ichef.bbci.co.uk/ace/standard/2560/cpsprodpb/406d/live/4d5e6f00-6ad8-11f0-8c84-c5f4b0ed4e68.jpg,../Scripts/output/bbc/bbc_images/bbc_2025-07-27_cgerdvy5zv9o_img01.jpg,"Image caption, Mark Arnull said the previous administration had set ""undeliverable targets""",,0,,0,,1,broad_candidate
cgerdvy5zv9o,BBC News,2025,"""net zero""",West Northants Council's scrapping of net-zero goals put on hold,https://www.bbc.co.uk/news/articles/cgerdvy5zv9o,2025-07-27,,2,https://ichef.bbci.co.uk/ace/standard/3840/cpsprodpb/92c0/live/50b260f0-6301-11f0-b371-a11a8511c634.jpg,../Scripts/output/bbc/bbc_images/bbc_2025-07-27_cgerdvy5zv9o_img02.jpg,"Image caption, A cabinet meeting in which net-zero targets were discussed was briefly paused after campaigners voiced concerns",,0,,0,,1,broad_candidate
c0mlzz1gy39o,BBC News,2025,"""carbon budget""",Trump to scrap landmark finding that regulates carbon emissions,https://www.bbc.co.uk/news/articles/c0mlzz1gy39o,2025-07-29,,1,https://ichef.bbci.co.uk/ace/standard/949/cpsprodpb/d77f/live/c5b0d1d0-6c92-11f0-9a27-87bb9aa7e3da.jpg,../Scripts/output/bbc/bbc_images/bbc_2025-07-29_c0mlzz1gy39o_img01.jpg,"Image caption, If successful, the repeal of the Endangerment Act could see US emissions standards revoked",,0,,0,,1,broad_candidate
c8739gvn7gzo,BBC News,2025,"""carbon budget""",Sheffield company launches eco-bricks that 'absorb carbon',https://www.bbc.co.uk/news/articles/c8739gvn7gzo,2025-07-29,,1,https://ichef.bbci.co.uk/ace/standard/2560/cpsprodpb/3d49/live/36e8e3a0-6875-11f0-8f9f-1d38db11c370.jpg,../Scripts/output/bbc/bbc_images/bbc_2025-07-29_c8739gvn7gzo_img01.jpg,"Image caption, Sheffield start-up company earth4Earth has developed a range of bricks designed to reduce carbon emissions",,0,,0,,1,broad_candidate
cwygq8543ywo,BBC News,2025,"""net zero""",Bristol not expected to meet its own 2030 net zero target,https://www.bbc.co.uk/news/articles/cwygq8543ywo,2025-07-29,,1,https://ichef.bbci.co.uk/ace/standard/819/cpsprodpb/91c9/live/b168e290-67c3-11f0-bdb3-2fec70b719ae.jpg,../Scripts/output/bbc/bbc_images/bbc_2025-07-29_cwygq8543ywo_img01.jpg,"Image caption, The goal was set when the authority became the first in the country to declare a Climate Emergency in November 2018",,0,,0,,1,broad_candidate
cwygq8543ywo,BBC News,2025,"""net zero""",Bristol not expected to meet its own 2030 net zero target,https://www.bbc.co.uk/news/articles/cwygq8543ywo,2025-07-29,,2,https://ichef.bbci.co.uk/ace/standard/3840/cpsprodpb/5172/live/62cfcdf0-66f2-11f0-af20-030418be2ca5.jpg,../Scripts/output/bbc/bbc_images/bbc_2025-07-29_cwygq8543ywo_img02.jpg,"Image caption, The report highlights big differences in emissions between different communities across the city",,0,,0,,1,broad_candidate
cwygq8543ywo,BBC News,2025,"""net zero""",Bristol not expected to meet its own 2030 net zero target,https://www.bbc.co.uk/news/articles/cwygq8543ywo,2025-07-29,,3,https://ichef.bbci.co.uk/ace/standard/3840/cpsprodpb/673d/live/9644a270-66f0-11f0-8dbd-f3d32ebd3327.jpg,../Scripts/output/bbc/bbc_images/bbc_2025-07-29_cwygq8543ywo_img03.jpg,"Image caption, Green Party MP Carla Denyer was a councillor when she put forward the Climate Emergency motion in 2018",,0,,0,,1,broad_candidate
c5ylgrxynxdo,BBC News,2025,"""net zero""",Reform UK declares war on Lincolnshire's net-zero projects,https://www.bbc.co.uk/news/articles/c5ylgrxynxdo,2025-07-30,,1,https://ichef.bbci.co.uk/ace/standard/976/cpsprodpb/8427/live/5fd9dc00-6d80-11f0-af20-030418be2ca5.jpg,../Scripts/output/bbc/bbc_images/bbc_2025-07-30_c5ylgrxynxdo_img01.jpg,"Image caption, Boston and Skegness MP Richard Tice calls net zero ""madness""",,0,,0,,1,broad_candidate
c5ylgrxynxdo,BBC News,2025,"""net zero""",Reform UK declares war on Lincolnshire's net-zero projects,https://www.bbc.co.uk/news/articles/c5ylgrxynxdo,2025-07-30,,2,https://ichef.bbci.co.uk/ace/standard/976/cpsprodpb/9648/live/fd0e0fc0-6d6f-11f0-8dbd-f3d32ebd3327.jpg,../Scripts/output/bbc/bbc_images/bbc_2025-07-30_c5ylgrxynxdo_img02.jpg,"Image caption, Plans for large-scale projects such as a solar farm near Navenby, Lincolnshire, have met with opposition from residents",,0,,0,,1,broad_candidate
c5ylgrxynxdo,BBC News,2025,"""net zero""",Reform UK declares war on Lincolnshire's net-zero projects,https://www.bbc.co.uk/news/articles/c5ylgrxynxdo,2025-07-30,,3,https://ichef.bbci.co.uk/ace/standard/2560/cpsprodpb/2010/live/ee2d4620-6d6e-11f0-89ea-4d6f9851f623.jpg,../Scripts/output/bbc/bbc_images/bbc_2025-07-30_c5ylgrxynxdo_img03.jpg,"Image caption, Dame Andrea has pledged to ""drill baby drill"" if Reform UK wins a general election",,0,,0,,1,broad_candidate
cj9wnpvgpypo,BBC News,2025,"""carbon budget""",Nearly half of Jersey's carbon goals behind schedule,https://www.bbc.co.uk/news/articles/cj9wnpvgpypo,2025-07-31,,1,https://ichef.bbci.co.uk/ace/standard/976/cpsprodpb/8118/live/ad8c5bb0-6d55-11f0-af20-030418be2ca5.jpg,../Scripts/output/bbc/bbc_images/bbc_2025-07-31_cj9wnpvgpypo_img01.jpg,"Image caption, Jersey wants to cut emissions by 68% by 2030 compared to 1990 levels",,0,,0,,1,broad_candidate
c3wnx84nx51o,BBC News,2025,"""carbon budget""",New carbon capturing power station in Flintshire could create jobs,https://www.bbc.co.uk/news/articles/c3wnx84nx51o,2025-08-05,,1,https://ichef.bbci.co.uk/ace/standard/2560/cpsprodpb/adea/live/14d78cd0-720c-11f0-bcec-4bb300ff8836.jpg,../Scripts/output/bbc/bbc_images/bbc_2025-08-05_c3wnx84nx51o_img01.jpg,"Image caption, Power has been produced at Connah's Quay since the 1950s",,0,,0,,1,broad_candidate
c3wnx84nx51o,BBC News,2025,"""carbon budget""",New carbon capturing power station in Flintshire could create jobs,https://www.bbc.co.uk/news/articles/c3wnx84nx51o,2025-08-05,,2,https://ichef.bbci.co.uk/ace/standard/2048/cpsprodpb/ade0/live/2d2a8cf0-720d-11f0-bcec-4bb300ff8836.jpg,../Scripts/output/bbc/bbc_images/bbc_2025-08-05_c3wnx84nx51o_img02.jpg,"Image caption, Mike Lockett said north Wales and HyNet have a potential to be ""a world leader for decarbonisation""",,0,,0,,1,broad_candidate
cg4x1zq0217o,BBC News,2025,"""net zero""",Sheffield City Council launches its first net-zero housing scheme,https://www.bbc.co.uk/news/articles/cg4x1zq0217o,2025-08-06,,1,https://ichef.bbci.co.uk/ace/standard/762/cpsprodpb/90c2/live/a3eb7d40-71f9-11f0-88cf-791e5d4bcee3.jpg,../Scripts/output/bbc/bbc_images/bbc_2025-08-06_cg4x1zq0217o_img01.jpg,"Image caption, The six council houses are designed to have no carbon footprint and reduce energy bills",,0,,0,,1,broad_candidate
cg4x1zq0217o,BBC News,2025,"""net zero""",Sheffield City Council launches its first net-zero housing scheme,https://www.bbc.co.uk/news/articles/cg4x1zq0217o,2025-08-06,,2,https://ichef.bbci.co.uk/ace/standard/2560/cpsprodpb/96d3/live/b8a5bbb0-71f9-11f0-88cf-791e5d4bcee3.jpg,../Scripts/output/bbc/bbc_images/bbc_2025-08-06_cg4x1zq0217o_img02.jpg,"Image caption, Councillor Douglas Johnson says it's ""very pleasing"" to see more council housing built",,0,,0,,1,broad_candidate
cly634lz0y3o,BBC News,2025,"""net zero""",Wales' battery energy systems a 'wild west' amid net zero drive,https://www.bbc.co.uk/news/articles/cly634lz0y3o,2025-08-07,2025-08-08,1,https://ichef.bbci.co.uk/ace/standard/1920/cpsprodpb/d0be/live/bc158d20-73b1-11f0-98d8-b14683e68fab.jpg,../Scripts/output/bbc/bbc_images/bbc_2025-08-07_cly634lz0y3o_img01.jpg,"Image caption, There is an application for battery storage on this patch of land in Cefn Rhigos, Rhondda Cynon Taf",,0,,0,,1,broad_candidate
cly634lz0y3o,BBC News,2025,"""net zero""",Wales' battery energy systems a 'wild west' amid net zero drive,https://www.bbc.co.uk/news/articles/cly634lz0y3o,2025-08-07,2025-08-08,2,https://ichef.bbci.co.uk/ace/standard/2560/cpsprodpb/e80e/live/98637830-7440-11f0-bf4f-19fef6902ccb.jpg,../Scripts/output/bbc/bbc_images/bbc_2025-08-07_cly634lz0y3o_img02.jpg,"Image caption, Clare Rees, from Cefn Rhigos, is concerned about fire risk from a proposed Bess site",,0,,0,,1,broad_candidate
cly634lz0y3o,BBC News,2025,"""net zero""",Wales' battery energy systems a 'wild west' amid net zero drive,https://www.bbc.co.uk/news/articles/cly634lz0y3o,2025-08-07,2025-08-08,3,https://ichef.bbci.co.uk/ace/standard/3840/cpsprodpb/c322/live/3cb58f70-73b2-11f0-98d8-b14683e68fab.jpg,../Scripts/output/bbc/bbc_images/bbc_2025-08-07_cly634lz0y3o_img03.jpg,"Image caption, Prof Kathryn Toghill of Lancaster University said other options should be considered",,0,,0,,1,broad_candidate
cly634lz0y3o,BBC News,2025,"""net zero""",Wales' battery energy systems a 'wild west' amid net zero drive,https://www.bbc.co.uk/news/articles/cly634lz0y3o,2025-08-07,2025-08-08,4,https://ichef.bbci.co.uk/ace/standard/2560/cpsprodpb/9e11/live/604da6c0-73b2-11f0-98d8-b14683e68fab.jpg,../Scripts/output/bbc/bbc_images/bbc_2025-08-07_cly634lz0y3o_img04.jpg,"Image caption, Llyr Gruffydd says battery energy storage system applications are a ""wild west""",,0,,0,,1,broad_candidate
cvgnp74rykgo,BBC News,2025,"""net zero""",New Salt Cross garden village progresses after net zero approval,https://www.bbc.co.uk/news/articles/cvgnp74rykgo,2025-08-07,,1,https://ichef.bbci.co.uk/ace/standard/1920/cpsprodpb/b668/live/e1f12de0-72d7-11f0-af20-030418be2ca5.jpg,../Scripts/output/bbc/bbc_images/bbc_2025-08-07_cvgnp74rykgo_img01.jpg,"Image caption, West Oxfordshire District Council wants to build 2,200 homes in Salt Cross garden village",,0,,0,,1,broad_candidate
c8ryey51l1eo,BBC News,2025,"""carbon budget""",West Bromwich firm and Aston University tackle carbon cost of metal car parts,https://www.bbc.co.uk/news/articles/c8ryey51l1eo,2025-08-08,,1,https://ichef.bbci.co.uk/ace/standard/679/cpsprodpb/3c29/live/37789c00-73a3-11f0-98d8-b14683e68fab.jpg,../Scripts/output/bbc/bbc_images/bbc_2025-08-08_c8ryey51l1eo_img01.jpg,"Image caption, Peter Douglas from Metal Assemblies and Ronnie Akumu, KTP partner at Aston Business School, will work together on the scheme",,0,,0,,1,broad_candidate
c3ez7445gnqo,BBC News,2025,"""net zero""",Shepreth village hall net zero aims could encourage others,https://www.bbc.co.uk/news/articles/c3ez7445gnqo,2025-08-13,,1,https://ichef.bbci.co.uk/ace/standard/976/cpsprodpb/27ea/live/48f7e780-7784-11f0-a20f-3b86f375586a.jpg,../Scripts/output/bbc/bbc_images/bbc_2025-08-13_c3ez7445gnqo_img01.jpg,"Image caption, Paish councillors Ruth White and John Fisher hope efforts to make the hall sustainable will rub off on others",,0,,0,,1,broad_candidate
c3ez7445gnqo,BBC News,2025,"""net zero""",Shepreth village hall net zero aims could encourage others,https://www.bbc.co.uk/news/articles/c3ez7445gnqo,2025-08-13,,2,https://ichef.bbci.co.uk/ace/standard/3840/cpsprodpb/3af7/live/c224f0a0-7782-11f0-b44c-fbe534d1a141.jpg,../Scripts/output/bbc/bbc_images/bbc_2025-08-13_c3ez7445gnqo_img02.jpg,"Image caption, Ruth White and John Fisher said people who used the hall had already noticed the difference the changes had made",,0,,0,,1,broad_candidate
cj4w157kkwdo,BBC News,2025,"""carbon budget""",Dashcam footage shows quad bike flip on police car bonnet,https://www.bbc.co.uk/news/articles/cj4w157kkwdo,2025-08-14,,1,https://ichef.bbci.co.uk/ace/standard/506/cpsprodpb/3155/live/ab17b6a0-78e4-11f0-85e4-03ebbfd01895.png,../Scripts/output/bbc/bbc_images/bbc_2025-08-14_cj4w157kkwdo_img01.png,"Image caption, The rider of the quad bike rammed into a police car twice, police said",,0,,0,,1,broad_candidate
cly31418eq7o,BBC News,2025,"""carbon budget""","Opt-out carbon offset restaurant fee good for planet, says owner",https://www.bbc.co.uk/news/articles/cly31418eq7o,2025-08-16,,1,https://ichef.bbci.co.uk/ace/standard/1920/cpsprodpb/433c/live/c4fda200-79c5-11f0-ab3e-bd52082cd0ae.jpg,../Scripts/output/bbc/bbc_images/bbc_2025-08-16_cly31418eq7o_img01.jpg,"Image caption, Edson Diaz-Fuentes, co-founder of Santo Remedio, said customers had planted 23,000 trees through their contributions",,0,,0,,1,broad_candidate
cly31418eq7o,BBC News,2025,"""carbon budget""","Opt-out carbon offset restaurant fee good for planet, says owner",https://www.bbc.co.uk/news/articles/cly31418eq7o,2025-08-16,,3,https://ichef.bbci.co.uk/ace/standard/1536/cpsprodpb/bf9b/live/8e119d90-79c6-11f0-8827-ede848a7813c.jpg,../Scripts/output/bbc/bbc_images/bbc_2025-08-16_cly31418eq7o_img03.jpg,"Image caption, Gerald Oppenheim, chief executive of the Fundraising Regulator, said the charges had to be optional",,0,,0,,1,broad_candidate
cjr100n2eevo,BBC News,2025,"""carbon budget""",Carbon literacy islanders commit to everyday changes,https://www.bbc.co.uk/news/articles/cjr100n2eevo,2025-08-20,,1,https://ichef.bbci.co.uk/ace/standard/2560/cpsprodpb/b1ce/live/202e67c0-79e1-11f0-9cfe-35292c1863f3.jpg,../Scripts/output/bbc/bbc_images/bbc_2025-08-20_cjr100n2eevo_img01.jpg,"Image caption, Participants have been learning how climate change will affect them and how to lower their carbon footprint.",,0,,0,,1,broad_candidate
cjr100n2eevo,BBC News,2025,"""carbon budget""",Carbon literacy islanders commit to everyday changes,https://www.bbc.co.uk/news/articles/cjr100n2eevo,2025-08-20,,2,https://ichef.bbci.co.uk/ace/standard/3840/cpsprodpb/95d5/live/13e90890-7927-11f0-a6d9-0f824b553a33.jpg,../Scripts/output/bbc/bbc_images/bbc_2025-08-20_cjr100n2eevo_img02.jpg,"Image caption, Karel Harris, managing director of Sarnia Hotels, says sustainability is a key issue for the island",,0,,0,,1,broad_candidate
cjr100n2eevo,BBC News,2025,"""carbon budget""",Carbon literacy islanders commit to everyday changes,https://www.bbc.co.uk/news/articles/cjr100n2eevo,2025-08-20,,3,https://ichef.bbci.co.uk/ace/standard/3840/cpsprodpb/97a9/live/22176790-7927-11f0-a6d9-0f824b553a33.jpg,../Scripts/output/bbc/bbc_images/bbc_2025-08-20_cjr100n2eevo_img03.jpg,"Image caption, Caitlin Duquemin from UN1TY helped train people in Guernsey",,0,,0,,1,broad_candidate
cjr100n2eevo,BBC News,2025,"""carbon budget""",Carbon literacy islanders commit to everyday changes,https://www.bbc.co.uk/news/articles/cjr100n2eevo,2025-08-20,,4,https://ichef.bbci.co.uk/ace/standard/3840/cpsprodpb/4f1f/live/2af463e0-79e0-11f0-9cfe-35292c1863f3.jpg,../Scripts/output/bbc/bbc_images/bbc_2025-08-20_cjr100n2eevo_img04.jpg,"Image caption, Dawn Gallienne said she believed what people do every day has a big impact",,0,,0,,1,broad_candidate
czxp41y3n7lo,BBC News,2025,"""climate change""",Climate change pushing winemakers to blend different years,https://www.bbc.co.uk/news/articles/czxp41y3n7lo,2025-08-24,2025-08-25,1,https://ichef.bbci.co.uk/ace/standard/1680/cpsprodpb/ee8c/live/4c4c28e0-7ce5-11f0-8302-b340557d621c.jpg,../Scripts/output/bbc/bbc_images/bbc_2025-08-24_czxp41y3n7lo_img01.jpg,"Image caption, Californian winery Cain makes a red wine that is a blend of two consecutive years",,0,,0,,1,broad_candidate
czxp41y3n7lo,BBC News,2025,"""climate change""",Climate change pushing winemakers to blend different years,https://www.bbc.co.uk/news/articles/czxp41y3n7lo,2025-08-24,2025-08-25,2,https://ichef.bbci.co.uk/ace/standard/1152/cpsprodpb/d162/live/e55cfe70-7ce4-11f0-8302-b340557d621c.jpg,../Scripts/output/bbc/bbc_images/bbc_2025-08-24_czxp41y3n7lo_img02.jpg,"Image caption, Winemaker Chris Howell says there is still a stigma attached to non-vintage still wine",,0,,0,,1,broad_candidate
czxp41y3n7lo,BBC News,2025,"""climate change""",Climate change pushing winemakers to blend different years,https://www.bbc.co.uk/news/articles/czxp41y3n7lo,2025-08-24,2025-08-25,3,https://ichef.bbci.co.uk/ace/standard/842/cpsprodpb/5f72/live/9258bf10-7ce5-11f0-8302-b340557d621c.jpg,../Scripts/output/bbc/bbc_images/bbc_2025-08-24_czxp41y3n7lo_img03.jpg,"Image caption, The Napa Valley wine region was hit by wild fires in 2017",,0,,0,,1,broad_candidate
czxp41y3n7lo,BBC News,2025,"""climate change""",Climate change pushing winemakers to blend different years,https://www.bbc.co.uk/news/articles/czxp41y3n7lo,2025-08-24,2025-08-25,4,https://ichef.bbci.co.uk/ace/standard/1440/cpsprodpb/c5f0/live/87a75c60-7ce6-11f0-8302-b340557d621c.jpg,../Scripts/output/bbc/bbc_images/bbc_2025-08-24_czxp41y3n7lo_img04.jpg,"Image caption, Pasqua's Hey French is made from a blend of wines from five years",,0,,0,,1,broad_candidate
cr4e771v7nlo,BBC News,2025,"""carbon budget""",Man dies and six hurt in Cornwall carbon monoxide poisoning,https://www.bbc.co.uk/news/articles/cr4e771v7nlo,2025-08-25,,1,https://ichef.bbci.co.uk/ace/standard/1600/cpsprodpb/c9d6/live/339ef010-81a0-11f0-ba2e-9321f123f193.jpg,../Scripts/output/bbc/bbc_images/bbc_2025-08-25_cr4e771v7nlo_img01.jpg,"Image caption, The leak happened on Saturday evening",,0,,0,,1,broad_candidate
cwyezwp9ejyo,BBC News,2025,"""climate change""",Welsh wine blooms as climate change brings 'opportunity and risk',https://www.bbc.co.uk/news/articles/cwyezwp9ejyo,2025-08-29,,1,https://ichef.bbci.co.uk/ace/standard/2560/cpsprodpb/faed/live/e1479770-849e-11f0-88a6-df8576d33bdd.jpg,../Scripts/output/bbc/bbc_images/bbc_2025-08-29_cwyezwp9ejyo_img01.jpg,"Image caption, Gwen Davies planted her first vines in north Wales in 2009",,0,,0,,1,broad_candidate
cwyezwp9ejyo,BBC News,2025,"""climate change""",Welsh wine blooms as climate change brings 'opportunity and risk',https://www.bbc.co.uk/news/articles/cwyezwp9ejyo,2025-08-29,,2,https://ichef.bbci.co.uk/ace/standard/3840/cpsprodpb/cd93/live/2c440860-8433-11f0-948c-5bc66b89f4bb.jpg,../Scripts/output/bbc/bbc_images/bbc_2025-08-29_cwyezwp9ejyo_img02.jpg,"Image caption, Robb and Nicola Merchant sold their first bottle of wine in 2012",,0,,0,,1,broad_candidate
cwyezwp9ejyo,BBC News,2025,"""climate change""",Welsh wine blooms as climate change brings 'opportunity and risk',https://www.bbc.co.uk/news/articles/cwyezwp9ejyo,2025-08-29,,3,https://ichef.bbci.co.uk/ace/standard/3840/cpsprodpb/f749/live/5ed03fb0-8433-11f0-948c-5bc66b89f4bb.jpg,../Scripts/output/bbc/bbc_images/bbc_2025-08-29_cwyezwp9ejyo_img03.jpg,"Image caption, Welsh wine makers are expecting a ""bumper"" harvest this year",,0,,0,,1,broad_candidate
cwyezwp9ejyo,BBC News,2025,"""climate change""",Welsh wine blooms as climate change brings 'opportunity and risk',https://www.bbc.co.uk/news/articles/cwyezwp9ejyo,2025-08-29,,4,https://ichef.bbci.co.uk/ace/standard/3840/cpsprodpb/a319/live/8afa8dc0-8433-11f0-948c-5bc66b89f4bb.jpg,../Scripts/output/bbc/bbc_images/bbc_2025-08-29_cwyezwp9ejyo_img04.jpg,"Image caption, Sarah says she found the vineyard tour ""fascinating""",,0,,0,,1,broad_candidate
c5yl5v4elgno,BBC News,2025,"""1.5C""",Britain is getting hotter â but are air conditioners the answer?,https://www.bbc.co.uk/news/articles/c5yl5v4elgno,2025-08-31,,1,https://ichef.bbci.co.uk/ace/standard/1536/cpsprodpb/156a/live/57747e30-8414-11f0-9546-191b8f8c1dd3.png,../Scripts/output/bbc/bbc_images/bbc_2025-08-31_c5yl5v4elgno_img01.png,,,0,,0,,1,broad_candidate
c5yl5v4elgno,BBC News,2025,"""1.5C""",Britain is getting hotter â but are air conditioners the answer?,https://www.bbc.co.uk/news/articles/c5yl5v4elgno,2025-08-31,,2,https://ichef.bbci.co.uk/ace/standard/976/cpsprodpb/ccf6/live/ef904ed0-85a7-11f0-84c8-99de564f0440.jpg,../Scripts/output/bbc/bbc_images/bbc_2025-08-31_c5yl5v4elgno_img02.jpg,,,0,,0,,1,broad_candidate
c5yl5v4elgno,BBC News,2025,"""1.5C""",Britain is getting hotter â but are air conditioners the answer?,https://www.bbc.co.uk/news/articles/c5yl5v4elgno,2025-08-31,,3,https://ichef.bbci.co.uk/ace/standard/1920/cpsprodpb/db78/live/b4a88aa0-55a3-11f0-9074-8989d8c97d87.png,../Scripts/output/bbc/bbc_images/bbc_2025-08-31_c5yl5v4elgno_img03.png,,,0,,0,,1,broad_candidate
cp890n51684o,BBC News,2025,"""1.5C""",Tories pledge to get 'all our oil and gas out of the North Sea',https://www.bbc.co.uk/news/articles/cp890n51684o,2025-08-31,2025-09-01,1,https://ichef.bbci.co.uk/ace/standard/999/cpsprodpb/468a/live/43964620-85fc-11f0-9cf6-cbf3e73ce2b9.jpg,../Scripts/output/bbc/bbc_images/bbc_2025-08-31_cp890n51684o_img01.jpg,,,0,,0,,1,broad_candidate
cy08rdye476o,BBC News,2025,"""net zero""",Net-zero 'not a platitude' for oil and gas sector - regulator,https://www.bbc.co.uk/news/articles/cy08rdye476o,2025-09-01,2025-09-02,1,https://ichef.bbci.co.uk/ace/standard/1680/cpsprodpb/c29e/live/09608a10-875f-11f0-ac15-0be71ebd833b.jpg,../Scripts/output/bbc/bbc_images/bbc_2025-09-01_cy08rdye476o_img01.jpg,"Image caption, Stuart Payne, who heads the North Sea Transition Authority, said being a political football was ""not a good thing""",,0,,0,,1,broad_candidate
cy08rdye476o,BBC News,2025,"""net zero""",Net-zero 'not a platitude' for oil and gas sector - regulator,https://www.bbc.co.uk/news/articles/cy08rdye476o,2025-09-01,2025-09-02,2,https://ichef.bbci.co.uk/ace/standard/2048/cpsprodpb/8ee7/live/69dc7810-84ec-11f0-8c11-4fc052682191.jpg,../Scripts/output/bbc/bbc_images/bbc_2025-09-01_cy08rdye476o_img02.jpg,"Image caption, About Â£6bn is expected to be invested in the North Sea over the next few years",,0,,0,,1,broad_candidate
cy08rdye476o,BBC News,2025,"""net zero""",Net-zero 'not a platitude' for oil and gas sector - regulator,https://www.bbc.co.uk/news/articles/cy08rdye476o,2025-09-01,2025-09-02,3,https://ichef.bbci.co.uk/ace/standard/2048/cpsprodpb/4d96/live/c1625280-84ec-11f0-b391-6936825093bd.jpg,../Scripts/output/bbc/bbc_images/bbc_2025-09-01_cy08rdye476o_img03.jpg,"Image caption, The UK Conservatives hope to scrap the ban on new oil and gas exploration licences",,0,,0,,1,broad_candidate
c1ejej4n2l4o,BBC News,2025,"""climate change""",'We've got to plan for floods in Cornwall as climate changes',https://www.bbc.co.uk/news/articles/c1ejej4n2l4o,2025-09-02,,1,https://ichef.bbci.co.uk/ace/standard/2560/cpsprodpb/67ab/live/344e4c50-8816-11f0-9b55-6f0b29093ae2.jpg,../Scripts/output/bbc/bbc_images/bbc_2025-09-02_c1ejej4n2l4o_img01.jpg,"Image caption, The Lost Gardens of Heligan had a month's worth of rain in just 12 hours",,0,,0,,1,broad_candidate
c1ejej4n2l4o,BBC News,2025,"""climate change""",'We've got to plan for floods in Cornwall as climate changes',https://www.bbc.co.uk/news/articles/c1ejej4n2l4o,2025-09-02,,2,https://ichef.bbci.co.uk/ace/standard/1200/cpsprodpb/df27/live/8d1b73d0-8816-11f0-9b55-6f0b29093ae2.jpg,../Scripts/output/bbc/bbc_images/bbc_2025-09-02_c1ejej4n2l4o_img02.jpg,"Image caption, Heavy rain ran down the pathways carrying debris with it",,0,,0,,1,broad_candidate
c1ejej4n2l4o,BBC News,2025,"""climate change""",'We've got to plan for floods in Cornwall as climate changes',https://www.bbc.co.uk/news/articles/c1ejej4n2l4o,2025-09-02,,3,https://ichef.bbci.co.uk/ace/standard/454/cpsprodpb/439e/live/3357c1e0-8817-11f0-9b55-6f0b29093ae2.jpg,../Scripts/output/bbc/bbc_images/bbc_2025-09-02_c1ejej4n2l4o_img03.jpg,"Image caption, Staff worked to clear the paths so the gardens could reopen",,0,,0,,1,broad_candidate
c1ejej4n2l4o,BBC News,2025,"""climate change""",'We've got to plan for floods in Cornwall as climate changes',https://www.bbc.co.uk/news/articles/c1ejej4n2l4o,2025-09-02,,4,https://ichef.bbci.co.uk/ace/standard/868/cpsprodpb/cb7e/live/993f87e0-87ea-11f0-b36e-47414de99d82.jpg,../Scripts/output/bbc/bbc_images/bbc_2025-09-02_c1ejej4n2l4o_img04.jpg,"Image caption, A sludge of mud filled the car park",,0,,0,,1,broad_candidate
c1ejej4n2l4o,BBC News,2025,"""climate change""",'We've got to plan for floods in Cornwall as climate changes',https://www.bbc.co.uk/news/articles/c1ejej4n2l4o,2025-09-02,,5,https://ichef.bbci.co.uk/ace/standard/3840/cpsprodpb/7178/live/e5f5c940-87eb-11f0-9e85-21d5b46d4c8a.jpg,../Scripts/output/bbc/bbc_images/bbc_2025-09-02_c1ejej4n2l4o_img05.jpg,"Image caption, Adrian Skinner spent hours mopping out his cottage and also the tourist office in Kingsand",,0,,0,,1,broad_candidate
c1ejej4n2l4o,BBC News,2025,"""climate change""",'We've got to plan for floods in Cornwall as climate changes',https://www.bbc.co.uk/news/articles/c1ejej4n2l4o,2025-09-02,,6,https://ichef.bbci.co.uk/ace/standard/786/cpsprodpb/ec85/live/d5236170-87ed-11f0-b36e-47414de99d82.jpg,../Scripts/output/bbc/bbc_images/bbc_2025-09-02_c1ejej4n2l4o_img06.jpg,"Image caption, The water lifted stones in Looe",,0,,0,,1,broad_candidate
c4gznnl41mxo,BBC News,2025,"""climate change""",Red squirrels 'resistant to climate change',https://www.bbc.co.uk/news/articles/c4gznnl41mxo,2025-09-02,,1,https://ichef.bbci.co.uk/ace/standard/3840/cpsprodpb/eb04/live/3b5b8770-8712-11ef-adfc-2b796b956c99.jpg,../Scripts/output/bbc/bbc_images/bbc_2025-09-02_c4gznnl41mxo_img01.jpg,"Image caption, Red squirrels have largely been wiped out in southern England",,0,,0,,1,broad_candidate
cq65rqd38l7o,BBC News,2025,"""climate change""",Reform UK scraps Derbyshire climate change aim,https://www.bbc.co.uk/news/articles/cq65rqd38l7o,2025-09-04,,1,https://ichef.bbci.co.uk/ace/standard/3840/cpsprodpb/e701/live/32f890f0-8982-11f0-9764-d92bc24dc2bc.jpg,../Scripts/output/bbc/bbc_images/bbc_2025-09-04_cq65rqd38l7o_img01.jpg,"Image caption, Alan Graves (Reform UK) said there was a ""massive change"" at the council",,0,,0,,1,broad_candidate
cq65rqd38l7o,BBC News,2025,"""climate change""",Reform UK scraps Derbyshire climate change aim,https://www.bbc.co.uk/news/articles/cq65rqd38l7o,2025-09-04,,2,https://ichef.bbci.co.uk/ace/standard/1024/cpsprodpb/0771/live/93f3f5e0-8985-11f0-84c8-99de564f0440.jpg,../Scripts/output/bbc/bbc_images/bbc_2025-09-04_cq65rqd38l7o_img02.jpg,"Image caption, Flooding in Derbyshire in 2019",,0,,0,,1,broad_candidate
cvgr9p7rl54o,BBC News,2025,"""net zero""",North Northamptonshire Council scraps 2030 net-zero target,https://www.bbc.co.uk/news/articles/cvgr9p7rl54o,2025-09-09,,1,https://ichef.bbci.co.uk/ace/standard/3840/cpsprodpb/0709/live/741d5f20-872f-11f0-9ea1-07d888221746.jpg,../Scripts/output/bbc/bbc_images/bbc_2025-09-09_cvgr9p7rl54o_img01.jpg,"Image caption, North Northamptonshire Council's executive voted on the net-zero target earlier",,0,,0,,1,broad_candidate
cz9jne1257jo,BBC News,2025,"""carbon budget""",Stafford Borough Council brings forward carbon neutral plans,https://www.bbc.co.uk/news/articles/cz9jne1257jo,2025-09-12,,1,https://ichef.bbci.co.uk/ace/standard/2560/cpsprodpb/9d53/live/39dce8c0-8fa5-11f0-a14f-a32aad03416f.jpg,../Scripts/output/bbc/bbc_images/bbc_2025-09-12_cz9jne1257jo_img01.jpg,"Image caption, Councillor Tony Pearce described the amendment as ""good progress""",,0,,0,,1,broad_candidate
c930454e77xo,BBC News,2025,"""1.5C""","Rising seas will threaten 1.5 million Australians by 2050, landmark climate report warns",https://www.bbc.co.uk/news/articles/c930454e77xo,2025-09-15,,1,https://ichef.bbci.co.uk/ace/standard/3840/cpsprodpb/dcb8/live/bf7b8680-91e4-11f0-bd63-51eee2872a05.jpg,../Scripts/output/bbc/bbc_images/bbc_2025-09-15_c930454e77xo_img01.jpg,"Image caption, Australians are already living with the consequences of climate change",,0,,0,,1,broad_candidate
ckgyz397kd1o,BBC News,2025,"""1.5C""",Opposition anger over Reform Kent County Council climate motion,https://www.bbc.co.uk/news/articles/ckgyz397kd1o,2025-09-15,,1,https://ichef.bbci.co.uk/ace/standard/1152/cpsprodpb/8447/live/67dcd7d0-8fbe-11f0-a253-25e46a317db9.png,../Scripts/output/bbc/bbc_images/bbc_2025-09-15_ckgyz397kd1o_img01.png,"Image caption, Reform UK's attempt to rescind the council's climate declaration will be debated at the council's full meeting on Thursday",,0,,0,,1,broad_candidate
ckgyz397kd1o,BBC News,2025,"""1.5C""",Opposition anger over Reform Kent County Council climate motion,https://www.bbc.co.uk/news/articles/ckgyz397kd1o,2025-09-15,,2,https://ichef.bbci.co.uk/ace/standard/2048/cpsprodpb/37bc/live/ed253840-8fd9-11f0-a984-69b738896393.jpg,../Scripts/output/bbc/bbc_images/bbc_2025-09-15_ckgyz397kd1o_img02.jpg,"Image caption, Green councillor Stuart Jeffery says the idea of rescinding the climate emergency declaration is ""dangerous""",,0,,0,,1,broad_candidate
ckgyz397kd1o,BBC News,2025,"""1.5C""",Opposition anger over Reform Kent County Council climate motion,https://www.bbc.co.uk/news/articles/ckgyz397kd1o,2025-09-15,,3,https://ichef.bbci.co.uk/ace/standard/2560/cpsprodpb/eaf0/live/c8bc8db0-8fdd-11f0-b986-51c52739b2d9.jpg,../Scripts/output/bbc/bbc_images/bbc_2025-09-15_ckgyz397kd1o_img03.jpg,"Image caption, Lib Dem leader Antony Hook said the motion was ""an act of vandalism""",,0,,0,,1,broad_candidate
ckgyz397kd1o,BBC News,2025,"""1.5C""",Opposition anger over Reform Kent County Council climate motion,https://www.bbc.co.uk/news/articles/ckgyz397kd1o,2025-09-15,,4,https://ichef.bbci.co.uk/ace/standard/2048/cpsprodpb/f742/live/a4ecc460-9229-11f0-9c15-eb8c0e460402.jpg,../Scripts/output/bbc/bbc_images/bbc_2025-09-15_ckgyz397kd1o_img04.jpg,"Image caption, Alister Brady, KCC Labour leader, says the motion flies in the face of science",,0,,0,,1,broad_candidate
crmekw0p7zyo,BBC News,2025,"""climate change""",Guernsey architects should 'look at climate change hitting homes',https://www.bbc.co.uk/news/articles/crmekw0p7zyo,2025-09-17,,1,https://ichef.bbci.co.uk/ace/standard/1920/cpsprodpb/8d5f/live/11a6d950-9258-11f0-b9c5-fd64e0842f34.jpg,../Scripts/output/bbc/bbc_images/bbc_2025-09-17_crmekw0p7zyo_img01.jpg,"Image caption, Ricky Mahy says overheating homes can have a detrimental impact on the health of householders",,0,,0,,1,broad_candidate
crmekw0p7zyo,BBC News,2025,"""climate change""",Guernsey architects should 'look at climate change hitting homes',https://www.bbc.co.uk/news/articles/crmekw0p7zyo,2025-09-17,,2,https://ichef.bbci.co.uk/ace/standard/3840/cpsprodpb/4cdb/live/98fa9f20-923c-11f0-a1c9-9feb11d883c1.jpg,../Scripts/output/bbc/bbc_images/bbc_2025-09-17_crmekw0p7zyo_img02.jpg,"Image caption, Chris De Mouilpied says he is getting more domestic customers over the past three years",,0,,0,,1,broad_candidate
c0jq4l8dpxlo,BBC News,2025,"""climate change""",Kent County Council rescinds climate change emergency declaration,https://www.bbc.co.uk/news/articles/c0jq4l8dpxlo,2025-09-18,,1,https://ichef.bbci.co.uk/ace/standard/3840/cpsprodpb/4937/live/75323590-9498-11f0-8e88-0f11af0637c1.jpg,../Scripts/output/bbc/bbc_images/bbc_2025-09-18_c0jq4l8dpxlo_img01.jpg,"Image caption, Protesters against the motion gathered outside County Hall in Maidstone before the meeting",,0,,0,,1,broad_candidate
c0jq4l8dpxlo,BBC News,2025,"""climate change""",Kent County Council rescinds climate change emergency declaration,https://www.bbc.co.uk/news/articles/c0jq4l8dpxlo,2025-09-18,,2,https://ichef.bbci.co.uk/ace/standard/2560/cpsprodpb/e28e/live/ed8a2980-9498-11f0-8e88-0f11af0637c1.jpg,../Scripts/output/bbc/bbc_images/bbc_2025-09-18_c0jq4l8dpxlo_img02.jpg,"Image caption, Some locals showed support of the Reform UK motion",,0,,0,,1,broad_candidate
c0jq4l8dpxlo,BBC News,2025,"""climate change""",Kent County Council rescinds climate change emergency declaration,https://www.bbc.co.uk/news/articles/c0jq4l8dpxlo,2025-09-18,,3,https://ichef.bbci.co.uk/ace/standard/1680/cpsprodpb/847e/live/b704b240-949d-11f0-ba1c-7d82afe5b321.jpg,../Scripts/output/bbc/bbc_images/bbc_2025-09-18_c0jq4l8dpxlo_img03.jpg,"Image caption, Members of Kent County Council voted to rescind the declaration",,0,,0,,1,broad_candidate
c0jq4l8dpxlo,BBC News,2025,"""climate change""",Kent County Council rescinds climate change emergency declaration,https://www.bbc.co.uk/news/articles/c0jq4l8dpxlo,2025-09-18,,4,https://ichef.bbci.co.uk/ace/standard/3840/cpsprodpb/b566/live/a1576370-94ac-11f0-a170-65cdc956211e.jpg,../Scripts/output/bbc/bbc_images/bbc_2025-09-18_c0jq4l8dpxlo_img04.jpg,"Image caption, Kent County Council leader Linden Kemkaran said humans needed to adapt to climate change",,0,,0,,1,broad_candidate
ckg38j10725o,BBC News,2025,"""carbon budget""",How will Peak District carbon capture plan work?,https://www.bbc.co.uk/news/articles/ckg38j10725o,2025-09-19,,1,https://ichef.bbci.co.uk/ace/standard/3840/cpsprodpb/2682/live/23032e80-93ff-11f0-88f9-857a462f652e.jpg,../Scripts/output/bbc/bbc_images/bbc_2025-09-19_ckg38j10725o_img01.jpg,"Image caption, Breedon's cement plant in Hope is one of the sites involved",,0,,0,,1,broad_candidate
ckg38j10725o,BBC News,2025,"""carbon budget""",How will Peak District carbon capture plan work?,https://www.bbc.co.uk/news/articles/ckg38j10725o,2025-09-19,,2,https://ichef.bbci.co.uk/ace/standard/937/cpsprodpb/6f53/live/f654b5d0-930d-11f0-95e2-05ae54c48259.jpg,../Scripts/output/bbc/bbc_images/bbc_2025-09-19_ckg38j10725o_img02.jpg,"Image caption, Model showing how carbon dioxide will be captured and stored under the Irish Sea",,0,,0,,1,broad_candidate
ckg38j10725o,BBC News,2025,"""carbon budget""",How will Peak District carbon capture plan work?,https://www.bbc.co.uk/news/articles/ckg38j10725o,2025-09-19,,3,https://ichef.bbci.co.uk/ace/standard/2560/cpsprodpb/1743/live/d029f040-930e-11f0-a647-dff301f4a439.jpg,../Scripts/output/bbc/bbc_images/bbc_2025-09-19_ckg38j10725o_img03.jpg,"Image caption, Peak Cluster chief executive John Egan said Derbyshire and Staffordshire would be leading the world in the use of the green technology",,0,,0,,1,broad_candidate
c4g7ke5j48xo,BBC News,2025,"""carbon budget""",Carbon monoxide incidents in London double over past five years,https://www.bbc.co.uk/news/articles/c4g7ke5j48xo,2025-09-20,,1,https://ichef.bbci.co.uk/ace/standard/2048/cpsprodpb/c9c1/live/aa2bc170-93ea-11f0-8750-ed240c52ff67.jpg,../Scripts/output/bbc/bbc_images/bbc_2025-09-20_c4g7ke5j48xo_img01.jpg,"Image caption, The LFB urges people to have carbon monoxide detectors in rooms where fossil fuels are burned",,0,,0,,1,broad_candidate
cx2jpn881w0o,BBC News,2025,"""1.5C""",Gatwick second runway: Can the UK expand airports and still hit climate targets?,https://www.bbc.co.uk/news/articles/cx2jpn881w0o,2025-09-22,,1,https://ichef.bbci.co.uk/ace/standard/2048/cpsprodpb/85cb/live/d758cfa0-97b2-11f0-a98f-a5aede2eafbc.jpg,../Scripts/output/bbc/bbc_images/bbc_2025-09-22_cx2jpn881w0o_img01.jpg,,,0,,0,,1,broad_candidate
c5y5dn85nzvo,BBC News,2025,"""sea level rise""",Yorkshire reservoirs' largest weekly rise in levels in 30 years,https://www.bbc.co.uk/news/articles/c5y5dn85nzvo,2025-09-24,,1,https://ichef.bbci.co.uk/ace/standard/2048/cpsprodpb/4f26/live/27d5f8a0-98a7-11f0-b37c-21373da9ac07.jpg,../Scripts/output/bbc/bbc_images/bbc_2025-09-24_c5y5dn85nzvo_img01.jpg,"Image caption, Langsett Reservoir, in South Yorkshire, saw an inflow of more than 900 million litres of water",,0,,0,,1,broad_candidate
c62l0114yn4o,BBC News,2025,"""net zero""",Leicester net-zero school welcomes first pupils,https://www.bbc.co.uk/news/articles/c62l0114yn4o,2025-09-24,,1,https://ichef.bbci.co.uk/ace/standard/3840/cpsprodpb/3951/live/f3083cf0-987e-11f0-b146-278281693603.jpg,../Scripts/output/bbc/bbc_images/bbc_2025-09-24_c62l0114yn4o_img01.jpg,"Image caption, The new school has banks of solar panels and ground source heat pumps",,0,,0,,1,broad_candidate
cj4y159190go,BBC News,2025,"""1.5C""",China makes landmark pledge to cut its climate emissions,https://www.bbc.co.uk/news/articles/cj4y159190go,2025-09-24,,1,https://ichef.bbci.co.uk/ace/standard/999/cpsprodpb/73e0/live/86e8f090-97d0-11f0-9dd8-57dfaa725755.jpg,../Scripts/output/bbc/bbc_images/bbc_2025-09-24_cj4y159190go_img01.jpg,,,0,,0,,1,broad_candidate
clyldw4dpe9o,BBC News,2025,"""carbon budget""",Work starts on Hull city centre Â£125m low-carbon energy system,https://www.bbc.co.uk/news/articles/clyldw4dpe9o,2025-09-26,,1,https://ichef.bbci.co.uk/ace/standard/976/cpsprodpb/215f/live/173fd130-2513-11f0-8f57-b7237f6a66e6.jpg,../Scripts/output/bbc/bbc_images/bbc_2025-09-26_clyldw4dpe9o_img01.jpg,"Image caption, Hull Energy Centre will be built in Trippett Street in the city centre",,0,,0,,1,broad_candidate
clyldw4dpe9o,BBC News,2025,"""carbon budget""",Work starts on Hull city centre Â£125m low-carbon energy system,https://www.bbc.co.uk/news/articles/clyldw4dpe9o,2025-09-26,,2,https://ichef.bbci.co.uk/ace/standard/976/cpsprodpb/2ed3/live/ea232160-99d5-11f0-97f5-bd38218a3641.jpg,../Scripts/output/bbc/bbc_images/bbc_2025-09-26_clyldw4dpe9o_img02.jpg,"Image caption, Alfred Gelder Street is currently closed",,0,,0,,1,broad_candidate
c78nj53vy28o,BBC News,2025,"""carbon budget""",Man dead and seven treated for 'effects of carbon monoxide' in Bloxwich,https://www.bbc.co.uk/news/articles/c78nj53vy28o,2025-09-27,,1,https://ichef.bbci.co.uk/ace/standard/666/cpsprodpb/0de0/live/e5225ef0-9bbb-11f0-852e-075d0572b37f.png,../Scripts/output/bbc/bbc_images/bbc_2025-09-27_c78nj53vy28o_img01.png,"Image caption, Walsall councillor Michael Coulson described the incident as an ""awful tragedy""",,0,,0,,1,broad_candidate
ckg6exkpdryo,BBC News,2025,"""carbon budget""",Inspectors visit 'carbon monoxide' tragedy takeaway,https://www.bbc.co.uk/news/articles/ckg6exkpdryo,2025-10-02,,1,https://ichef.bbci.co.uk/ace/standard/1024/cpsprodpb/e0a5/live/51081920-9d38-11f0-82af-53ec555e619b.jpg,../Scripts/output/bbc/bbc_images/bbc_2025-10-02_ckg6exkpdryo_img01.jpg,"Image caption, An electricity generator is understood to be at the centre of the investigation",,0,,0,,1,broad_candidate
czew95e2369o,BBC News,2025,"""climate change""",Minecraft-style game based on Bude to help teach climate change,https://www.bbc.co.uk/news/articles/czew95e2369o,2025-10-03,,1,https://ichef.bbci.co.uk/ace/standard/1552/cpsprodpb/b961/live/46fba3d0-9fbc-11f0-b73e-e715acbd6a10.jpg,../Scripts/output/bbc/bbc_images/bbc_2025-10-03_czew95e2369o_img01.jpg,"Image caption, The game's makers hopes the next generation will be ready to face environmental challenges",,0,,0,,1,broad_candidate
czew95e2369o,BBC News,2025,"""climate change""",Minecraft-style game based on Bude to help teach climate change,https://www.bbc.co.uk/news/articles/czew95e2369o,2025-10-03,,2,https://ichef.bbci.co.uk/ace/standard/566/cpsprodpb/c15f/live/080c24d0-9fa1-11f0-8e4d-7723b0da5e04.jpg,../Scripts/output/bbc/bbc_images/bbc_2025-10-03_czew95e2369o_img02.jpg,"Image caption, Minecraft took the gaming world by storm when it was released in 2009",,0,,0,,1,broad_candidate
ce32ezzq6zlo,BBC News,2025,"""1.5C""",Before and after images show glaciers vanishing before our eyes,https://www.bbc.co.uk/news/articles/ce32ezzq6zlo,2025-10-05,,1,https://ichef.bbci.co.uk/ace/standard/1920/cpsprodpb/4a62/live/e4a79e90-a07a-11f0-928c-71dbb8619e94.jpg,../Scripts/output/bbc/bbc_images/bbc_2025-10-05_ce32ezzq6zlo_img01.jpg,,,0,,0,,1,broad_candidate
ce32ezzq6zlo,BBC News,2025,"""1.5C""",Before and after images show glaciers vanishing before our eyes,https://www.bbc.co.uk/news/articles/ce32ezzq6zlo,2025-10-05,,2,https://ichef.bbci.co.uk/ace/standard/1280/cpsprodpb/847d/live/45081dc0-9fa7-11f0-b741-177e3e2c2fc7.jpg,../Scripts/output/bbc/bbc_images/bbc_2025-10-05_ce32ezzq6zlo_img02.jpg,,,0,,0,,1,broad_candidate
ce32ezzq6zlo,BBC News,2025,"""1.5C""",Before and after images show glaciers vanishing before our eyes,https://www.bbc.co.uk/news/articles/ce32ezzq6zlo,2025-10-05,,3,https://ichef.bbci.co.uk/ace/standard/1600/cpsprodpb/033d/live/14184b90-a05b-11f0-b741-177e3e2c2fc7.jpg,../Scripts/output/bbc/bbc_images/bbc_2025-10-05_ce32ezzq6zlo_img03.jpg,,,0,,0,,1,broad_candidate
ce32ezzq6zlo,BBC News,2025,"""1.5C""",Before and after images show glaciers vanishing before our eyes,https://www.bbc.co.uk/news/articles/ce32ezzq6zlo,2025-10-05,,4,https://ichef.bbci.co.uk/ace/standard/1600/cpsprodpb/85dc/live/427976d0-a05b-11f0-b741-177e3e2c2fc7.jpg,../Scripts/output/bbc/bbc_images/bbc_2025-10-05_ce32ezzq6zlo_img04.jpg,,,0,,0,,1,broad_candidate
ce32ezzq6zlo,BBC News,2025,"""1.5C""",Before and after images show glaciers vanishing before our eyes,https://www.bbc.co.uk/news/articles/ce32ezzq6zlo,2025-10-05,,5,https://ichef.bbci.co.uk/ace/standard/1600/cpsprodpb/a0bf/live/6bcb2970-a05b-11f0-92db-77261a15b9d2.jpg,../Scripts/output/bbc/bbc_images/bbc_2025-10-05_ce32ezzq6zlo_img05.jpg,,,0,,0,,1,broad_candidate
cqlz1k40rxpo,BBC News,2025,"""net zero""",Badenoch says ditching net zero will not cost North East jobs,https://www.bbc.co.uk/news/articles/cqlz1k40rxpo,2025-10-05,,1,https://ichef.bbci.co.uk/ace/standard/1376/cpsprodpb/d2da/live/5f8d4a70-a048-11f0-9251-31c97a45eb73.jpg,../Scripts/output/bbc/bbc_images/bbc_2025-10-05_cqlz1k40rxpo_img01.jpg,"Image caption, The Conservative leader said net zero is ""bankrupting our economy""",,0,,0,,1,broad_candidate
cqlz1k40rxpo,BBC News,2025,"""net zero""",Badenoch says ditching net zero will not cost North East jobs,https://www.bbc.co.uk/news/articles/cqlz1k40rxpo,2025-10-05,,2,https://ichef.bbci.co.uk/ace/standard/3840/cpsprodpb/122e/live/74cb37d0-a048-11f0-9251-31c97a45eb73.jpg,../Scripts/output/bbc/bbc_images/bbc_2025-10-05_cqlz1k40rxpo_img02.jpg,"Image caption, Luke Myer said the Conservatives' plan would risk jobs in the North East",,0,,0,,1,broad_candidate
c7v1443jlnjo,BBC News,2025,"""climate change""",Darlington council climate change pledge 'won't be scrapped' after Reform challenge,https://www.bbc.co.uk/news/articles/c7v1443jlnjo,2025-10-07,,1,https://ichef.bbci.co.uk/ace/standard/1280/cpsprodpb/c181/live/3aa23e50-a35e-11f0-a4d2-29dc308b56bc.png,../Scripts/output/bbc/bbc_images/bbc_2025-10-07_c7v1443jlnjo_img01.png,"Image caption, Darlington Borough Council says it will not end its plans to reach net zero",,0,,0,,1,broad_candidate
ckgy521kmkyo,BBC News,2025,"""sea level rise""",Storm Amy sees further rise in Yorkshire reservoir levels,https://www.bbc.co.uk/news/articles/ckgy521kmkyo,2025-10-07,,1,https://ichef.bbci.co.uk/ace/standard/1024/cpsprodpb/fc06/live/8cadb970-a397-11f0-b741-177e3e2c2fc7.jpg,../Scripts/output/bbc/bbc_images/bbc_2025-10-07_ckgy521kmkyo_img01.jpg,"Image caption, The long dry spell saw reservoirs across Yorkshire reach their lowest levels in decades",,0,,0,,1,broad_candidate
ckgy521kmkyo,BBC News,2025,"""sea level rise""",Storm Amy sees further rise in Yorkshire reservoir levels,https://www.bbc.co.uk/news/articles/ckgy521kmkyo,2025-10-07,,2,https://ichef.bbci.co.uk/ace/standard/2048/cpsprodpb/601f/live/dfc27e20-a397-11f0-95e7-93813d968835.jpg,../Scripts/output/bbc/bbc_images/bbc_2025-10-07_ckgy521kmkyo_img02.jpg,"Image caption, Reservoirs are still below the levels they would usually be at this time of year, Yorkshire Water says",,0,,0,,1,broad_candidate
c4gv18ve9zjo,BBC News,2025,"""net zero""",Cornwall Council set to delay net zero target to 2045,https://www.bbc.co.uk/news/articles/c4gv18ve9zjo,2025-10-08,,1,https://ichef.bbci.co.uk/ace/standard/1280/cpsprodpb/e419/live/3f084ac0-a412-11f0-8a9f-37bca6b63405.png,../Scripts/output/bbc/bbc_images/bbc_2025-10-08_c4gv18ve9zjo_img01.png,"Image caption, Under the new plan, Cornwall aims to meet 100% of its electricity demand from renewable sources by 2035",,0,,0,,1,broad_candidate
ckgy82nyzggo,BBC News,2025,"""net zero""",Dorset Council seeks to 'turbo charge' push for net zero,https://www.bbc.co.uk/news/articles/ckgy82nyzggo,2025-10-10,,1,https://ichef.bbci.co.uk/ace/standard/1040/cpsprodpb/10c7/live/5638c920-a5ae-11f0-bce4-d9d16b79c0d6.jpg,../Scripts/output/bbc/bbc_images/bbc_2025-10-10_ckgy82nyzggo_img01.jpg,"Image caption, Green hydrogen, produced near Wimborne, can replace fossil fuels, the council said",,0,,0,,1,broad_candidate
ckgy82nyzggo,BBC News,2025,"""net zero""",Dorset Council seeks to 'turbo charge' push for net zero,https://www.bbc.co.uk/news/articles/ckgy82nyzggo,2025-10-10,,2,https://ichef.bbci.co.uk/ace/standard/1680/cpsprodpb/6e57/live/25282080-a449-11f0-8a21-ff96e44d1cc2.jpg,../Scripts/output/bbc/bbc_images/bbc_2025-10-10_ckgy82nyzggo_img02.jpg,"Image caption, Dorset Council leader Nick Ireland said the push for net zero was to benefit ""future generations""",,0,,0,,1,broad_candidate
ckgy82nyzggo,BBC News,2025,"""net zero""",Dorset Council seeks to 'turbo charge' push for net zero,https://www.bbc.co.uk/news/articles/ckgy82nyzggo,2025-10-10,,3,https://ichef.bbci.co.uk/ace/standard/1200/cpsprodpb/b9da/live/a8d2b270-a443-11f0-8a21-ff96e44d1cc2.jpg,../Scripts/output/bbc/bbc_images/bbc_2025-10-10_ckgy82nyzggo_img03.jpg,"Image caption, Ed Rimmer is group leader of Reform UK at Wiltshire Council",,0,,0,,1,broad_candidate
ckgy82nyzggo,BBC News,2025,"""net zero""",Dorset Council seeks to 'turbo charge' push for net zero,https://www.bbc.co.uk/news/articles/ckgy82nyzggo,2025-10-10,,4,https://ichef.bbci.co.uk/ace/standard/877/cpsprodpb/1841/live/77830ae0-0a55-11f0-a4e7-c7ed371222d2.png,../Scripts/output/bbc/bbc_images/bbc_2025-10-10_ckgy82nyzggo_img04.png,"Image caption, Dorset Council is set to receive an extra Â£6m to reduce greenhouse gas emissions",,0,,0,,1,broad_candidate
c62ljyxpp0zo,BBC News,2025,"""climate change""",Young people's climate change artwork exhibit opens in Devon,https://www.bbc.co.uk/news/articles/c62ljyxpp0zo,2025-10-11,,1,https://ichef.bbci.co.uk/ace/standard/1920/cpsprodpb/b5df/live/6126da50-a376-11f0-a2a8-4ff859a7e9e7.jpg,../Scripts/output/bbc/bbc_images/bbc_2025-10-11_c62ljyxpp0zo_img01.jpg,"Image caption, The young artists took inspiration from places including Croyde beach",,0,,0,,1,broad_candidate
c5yldgxlw7do,BBC News,2025,"""climate change""",Climate change: Northern Ireland failing to meet tree planting targets,https://www.bbc.co.uk/news/articles/c5yldgxlw7do,2025-10-14,,1,https://ichef.bbci.co.uk/ace/standard/3840/cpsprodpb/fe09/live/ce815f50-a815-11f0-881e-a7ddfaa732cf.jpg,../Scripts/output/bbc/bbc_images/bbc_2025-10-14_c5yldgxlw7do_img01.jpg,"Image caption, John Martin, the Woodland Trust's NI director, said Northern Ireland ""very much needs"" to see tree planting increase",,0,,0,,1,broad_candidate
c5yldgxlw7do,BBC News,2025,"""climate change""",Climate change: Northern Ireland failing to meet tree planting targets,https://www.bbc.co.uk/news/articles/c5yldgxlw7do,2025-10-14,,2,https://ichef.bbci.co.uk/ace/standard/999/cpsprodpb/d93d/live/40f2fe90-a906-11f0-99b2-a3801a157d90.jpg,../Scripts/output/bbc/bbc_images/bbc_2025-10-14_c5yldgxlw7do_img02.jpg,"Image caption, The environment minster has said tree planting must increase to meet policy objectives",,0,,0,,1,broad_candidate
c5yldgxlw7do,BBC News,2025,"""climate change""",Climate change: Northern Ireland failing to meet tree planting targets,https://www.bbc.co.uk/news/articles/c5yldgxlw7do,2025-10-14,,3,https://ichef.bbci.co.uk/ace/standard/1024/cpsprodpb/c120/live/30cc4420-a818-11f0-881e-a7ddfaa732cf.jpg,../Scripts/output/bbc/bbc_images/bbc_2025-10-14_c5yldgxlw7do_img03.jpg,"Image caption, Just 8.6% of Northern Ireland's land area is wooded",,0,,0,,1,broad_candidate
cjd05mdz9pdo,BBC News,2025,"""carbon budget""","Australia's rainforests are releasing more carbon than they absorb, warn scientists",https://www.bbc.co.uk/news/articles/cjd05mdz9pdo,2025-10-16,,1,https://ichef.bbci.co.uk/ace/standard/1600/cpsprodpb/410a/live/74c89260-aa51-11f0-bee7-c3688d7175cc.jpg,../Scripts/output/bbc/bbc_images/bbc_2025-10-16_cjd05mdz9pdo_img01.jpg,"Image caption, Aerial view of a tropical rainforest in Australia",,0,,0,,1,broad_candidate
c3dnel5j2l9o,BBC News,2025,"""climate change""",Fund of Â£50k to help fight climate change impacts in Surrey,https://www.bbc.co.uk/news/articles/c3dnel5j2l9o,2025-10-17,,1,https://ichef.bbci.co.uk/ace/standard/1024/cpsprodpb/aa17/live/2eb9dda0-ab33-11f0-a94b-bd0a0d9557d9.jpg,../Scripts/output/bbc/bbc_images/bbc_2025-10-17_c3dnel5j2l9o_img01.jpg,"Image caption, The local authority says Surrey continues to face challenges including increased outdoor fires, species decline and projected increase in flooding",,0,,0,,1,broad_candidate
cly47dxj4e8o,BBC News,2025,"""carbon budget""",Devon carbon monoxide warning as poisoning cases rise,https://www.bbc.co.uk/news/articles/cly47dxj4e8o,2025-10-18,,1,https://ichef.bbci.co.uk/ace/standard/2560/cpsprodpb/17f2/live/19a19f20-aacf-11f0-b3ae-23ecbe68f6fa.jpg,../Scripts/output/bbc/bbc_images/bbc_2025-10-18_cly47dxj4e8o_img01.jpg,"Image caption, The fire service said carbon monoxide alarms saved lives",,0,,0,,1,broad_candidate
cly47dxj4e8o,BBC News,2025,"""carbon budget""",Devon carbon monoxide warning as poisoning cases rise,https://www.bbc.co.uk/news/articles/cly47dxj4e8o,2025-10-18,,2,https://ichef.bbci.co.uk/ace/standard/1680/cpsprodpb/edc5/live/1b004590-aa9f-11f0-80a3-d7eda8235a25.jpg,../Scripts/output/bbc/bbc_images/bbc_2025-10-18_cly47dxj4e8o_img02.jpg,"Image caption, Mike Porter said carbon monoxide was very hard to detect",,0,,0,,1,broad_candidate
ce8g9kw4yzeo,BBC News,2025,"""net zero""","Two areas of Oxfordshire ""lagging behind"" on Net zero targets",https://www.bbc.co.uk/news/articles/ce8g9kw4yzeo,2025-10-19,,1,https://ichef.bbci.co.uk/ace/standard/1200/cpsprodpb/0208/live/5dcdc1d0-ab59-11f0-b03c-d3cc69fd9896.png,../Scripts/output/bbc/bbc_images/bbc_2025-10-19_ce8g9kw4yzeo_img01.png,"Image caption, South Oxfordshire District Council and Vale of White Horse District Council both say their rate of decarbonisation is accelerating - but is still behind where it needs to be.",,0,,0,,1,broad_candidate
cg7nz78y9jko,BBC News,2025,"""carbon budget""",Hull low-carbon underground heat system gets Â£27m government loan,https://www.bbc.co.uk/news/articles/cg7nz78y9jko,2025-10-21,,1,https://ichef.bbci.co.uk/ace/standard/971/cpsprodpb/6ef7/live/5abb36f0-ae54-11f0-aa13-0b0479f6f42a.jpg,../Scripts/output/bbc/bbc_images/bbc_2025-10-21_cg7nz78y9jko_img01.jpg,"Image caption, The Hull District Heat Network has been given a Â£27m loan from the government's National Wealth Fund",,0,,0,,1,broad_candidate
crred9ljqz7o,BBC News,2025,"""sea level rise""",University fees rise and new V-levels: Your questions answered,https://www.bbc.co.uk/news/articles/crred9ljqz7o,2025-10-21,,1,https://ichef.bbci.co.uk/ace/standard/3840/cpsprodpb/eaa3/live/d80a9160-ae85-11f0-b0ec-2949909959e5.jpg,../Scripts/output/bbc/bbc_images/bbc_2025-10-21_crred9ljqz7o_img01.jpg,"Image caption, What questions do you have about university tuition fees and V-levels?",,0,,0,,1,broad_candidate
crred9ljqz7o,BBC News,2025,"""sea level rise""",University fees rise and new V-levels: Your questions answered,https://www.bbc.co.uk/news/articles/crred9ljqz7o,2025-10-21,,2,https://ichef.bbci.co.uk/ace/standard/2048/cpsprodpb/6c81/live/6de329e0-ae86-11f0-b0ec-2949909959e5.jpg,../Scripts/output/bbc/bbc_images/bbc_2025-10-21_crred9ljqz7o_img02.jpg,"Image caption, V-levels will replace qualifications like BTecs and will sit alongside T-Levels and A-Levels",,0,,0,,1,broad_candidate
c62exx578lzo,BBC News,2025,"""1.5C""","Airport expansion put climate goals at risk, MPs say",https://www.bbc.co.uk/news/articles/c62exx578lzo,2025-10-23,2025-10-24,1,https://ichef.bbci.co.uk/ace/standard/1920/cpsprodpb/3925/live/dbf20500-b057-11f0-b20a-936c1d71916e.jpg,../Scripts/output/bbc/bbc_images/bbc_2025-10-23_c62exx578lzo_img01.jpg,"Image caption, A second runway at Gatwick has been approved by the government, as well as a third runway at Heathrow",,0,,0,,1,broad_candidate
cvg924nrgd3o,BBC News,2025,"""climate change""",South Korea's fishermen keep dying. Is climate change to blame?,https://www.bbc.co.uk/news/articles/cvg924nrgd3o,2025-10-23,,1,https://ichef.bbci.co.uk/ace/standard/800/cpsprodpb/d4bc/live/e69c5420-a5d4-11f0-b98a-8b079c99c55e.jpg,../Scripts/output/bbc/bbc_images/bbc_2025-10-23_cvg924nrgd3o_img01.jpg,"Image caption, Boat owner Hong Suk-hui says the seas are becoming more dangerous",,0,,0,,1,broad_candidate
cvg924nrgd3o,BBC News,2025,"""climate change""",South Korea's fishermen keep dying. Is climate change to blame?,https://www.bbc.co.uk/news/articles/cvg924nrgd3o,2025-10-23,,2,https://ichef.bbci.co.uk/ace/standard/800/cpsprodpb/7d66/live/31c5a960-a5d5-11f0-b98a-8b079c99c55e.jpg,../Scripts/output/bbc/bbc_images/bbc_2025-10-23_cvg924nrgd3o_img02.jpg,"Image caption, Five of Mr Hong's crew members drowned when this fishing boat capsized in February",,0,,0,,1,broad_candidate
cvg924nrgd3o,BBC News,2025,"""climate change""",South Korea's fishermen keep dying. Is climate change to blame?,https://www.bbc.co.uk/news/articles/cvg924nrgd3o,2025-10-23,,3,https://ichef.bbci.co.uk/ace/standard/1024/cpsprodpb/d296/live/5ac878b0-a5d5-11f0-b98a-8b079c99c55e.jpg,../Scripts/output/bbc/bbc_images/bbc_2025-10-23_cvg924nrgd3o_img03.jpg,"Image caption, Some fish species are migrating from the waters around South Korea",,0,,0,,1,broad_candidate
cvg924nrgd3o,BBC News,2025,"""climate change""",South Korea's fishermen keep dying. Is climate change to blame?,https://www.bbc.co.uk/news/articles/cvg924nrgd3o,2025-10-23,,4,https://ichef.bbci.co.uk/ace/standard/800/cpsprodpb/2474/live/84876c10-a5d5-11f0-b98a-8b079c99c55e.jpg,../Scripts/output/bbc/bbc_images/bbc_2025-10-23_cvg924nrgd3o_img04.jpg,"Image caption, Fishermen on South Korea's Jeju Island say hairtail fish have become scarcer",,0,,0,,1,broad_candidate
cvg924nrgd3o,BBC News,2025,"""climate change""",South Korea's fishermen keep dying. Is climate change to blame?,https://www.bbc.co.uk/news/articles/cvg924nrgd3o,2025-10-23,,5,https://ichef.bbci.co.uk/ace/standard/800/cpsprodpb/d6ca/live/2ab82160-a5d6-11f0-b98a-8b079c99c55e.jpg,../Scripts/output/bbc/bbc_images/bbc_2025-10-23_cvg924nrgd3o_img05.jpg,"Image caption, Captain Park fishes for anchovies from this small boat",,0,,0,,1,broad_candidate
cvg924nrgd3o,BBC News,2025,"""climate change""",South Korea's fishermen keep dying. Is climate change to blame?,https://www.bbc.co.uk/news/articles/cvg924nrgd3o,2025-10-23,,6,https://ichef.bbci.co.uk/ace/standard/800/cpsprodpb/0fa6/live/61f86ae0-a5d6-11f0-b98a-8b079c99c55e.jpg,../Scripts/output/bbc/bbc_images/bbc_2025-10-23_cvg924nrgd3o_img06.jpg,"Image caption, There are far fewer anchovies to be sorted by fishing workers",,0,,0,,1,broad_candidate
cvg924nrgd3o,BBC News,2025,"""climate change""",South Korea's fishermen keep dying. Is climate change to blame?,https://www.bbc.co.uk/news/articles/cvg924nrgd3o,2025-10-23,,7,https://ichef.bbci.co.uk/ace/standard/800/cpsprodpb/2d6f/live/b4c8d390-a5d6-11f0-b98a-8b079c99c55e.jpg,../Scripts/output/bbc/bbc_images/bbc_2025-10-23_cvg924nrgd3o_img07.jpg,"Image caption, Fishermen Jong-un (left) and Yong-mook (right) were killed in a fishing boat accident this year",,0,,0,,1,broad_candidate
cvg924nrgd3o,BBC News,2025,"""climate change""",South Korea's fishermen keep dying. Is climate change to blame?,https://www.bbc.co.uk/news/articles/cvg924nrgd3o,2025-10-23,,8,https://ichef.bbci.co.uk/ace/standard/800/cpsprodpb/f5c0/live/ee6ef980-a5d6-11f0-8acc-67459230d517.jpg,../Scripts/output/bbc/bbc_images/bbc_2025-10-23_cvg924nrgd3o_img08.jpg,"Image caption, Young-mook's daughter Ean (right) wants boat owners to make their vessels safer",,0,,0,,1,broad_candidate
cvg924nrgd3o,BBC News,2025,"""climate change""",South Korea's fishermen keep dying. Is climate change to blame?,https://www.bbc.co.uk/news/articles/cvg924nrgd3o,2025-10-23,,9,https://ichef.bbci.co.uk/ace/standard/800/cpsprodpb/db64/live/1cfefcf0-a5d7-11f0-8acc-67459230d517.jpg,../Scripts/output/bbc/bbc_images/bbc_2025-10-23_cvg924nrgd3o_img09.jpg,,,0,,0,,1,broad_candidate
c0kpxn8kd07o,BBC News,2025,"""1.5C""",Council quit Ashford solar farm talks after climate policy shift,https://www.bbc.co.uk/news/articles/c0kpxn8kd07o,2025-10-27,,1,https://ichef.bbci.co.uk/ace/standard/2560/cpsprodpb/8a37/live/fe66f4a0-b0fd-11f0-9c44-b9209ab0e9f0.jpg,../Scripts/output/bbc/bbc_images/bbc_2025-10-27_c0kpxn8kd07o_img01.jpg,"Image caption, The government granted development consent for a 474-acre solar farm in Kent, even though the county council pulled out of discussions over land use",,0,,0,,1,broad_candidate
cvg78y64vmzo,BBC News,2025,"""1.5C""",Newspaper headlines: 'Migrants in barracks' and 'NHS printed me a new face',https://www.bbc.co.uk/news/articles/cvg78y64vmzo,2025-10-28,,1,https://ichef.bbci.co.uk/ace/standard/3840/cpsprodpb/349b/live/c26b9c90-b449-11f0-a22b-d7545a1d4b2b.jpg,../Scripts/output/bbc/bbc_images/bbc_2025-10-28_cvg78y64vmzo_img01.jpg,,,0,,0,,1,broad_candidate
cvg78y64vmzo,BBC News,2025,"""1.5C""",Newspaper headlines: 'Migrants in barracks' and 'NHS printed me a new face',https://www.bbc.co.uk/news/articles/cvg78y64vmzo,2025-10-28,,2,https://ichef.bbci.co.uk/ace/standard/1920/cpsprodpb/75c0/live/dbd92070-b2b5-11f0-b2a1-6f537f66f9aa.png,../Scripts/output/bbc/bbc_images/bbc_2025-10-28_cvg78y64vmzo_img02.png,,,0,,0,,1,broad_candidate
czdrv8m5v4lo,BBC News,2025,"""1.5C""","Climate plans don't limit dangerous warming, UN says ahead of COP",https://www.bbc.co.uk/news/articles/czdrv8m5v4lo,2025-10-28,,1,https://ichef.bbci.co.uk/ace/standard/2560/cpsprodpb/2e5a/live/0b4506b0-b33f-11f0-8c7d-e3b2a8158887.jpg,../Scripts/output/bbc/bbc_images/bbc_2025-10-28_czdrv8m5v4lo_img01.jpg,,,0,,0,,1,broad_candidate
czdrv8m5v4lo,BBC News,2025,"""1.5C""","Climate plans don't limit dangerous warming, UN says ahead of COP",https://www.bbc.co.uk/news/articles/czdrv8m5v4lo,2025-10-28,,2,https://ichef.bbci.co.uk/ace/standard/1024/cpsprodpb/b6ba/live/319ce4d0-b340-11f0-ba75-093eca1ac29b.jpg,../Scripts/output/bbc/bbc_images/bbc_2025-10-28_czdrv8m5v4lo_img02.jpg,"Image caption, Brazil's President Lula visits BelÃ©m ahead of COP30 in November",,0,,0,,1,broad_candidate
c5ylpgw7r71o,BBC News,2025,"""carbon budget""",Irish and Ulster Scots approaches 'don't need to be carbon copies',https://www.bbc.co.uk/news/articles/c5ylpgw7r71o,2025-10-29,,1,https://ichef.bbci.co.uk/ace/standard/2560/cpsprodpb/4327/live/6d290450-b4aa-11f0-af34-1517978c0fa1.jpg,../Scripts/output/bbc/bbc_images/bbc_2025-10-29_c5ylpgw7r71o_img01.jpg,"Image caption, Lee Reynolds has been appointed as the new Ulster Scots commissioner",,0,,0,,1,broad_candidate
c5ylpgw7r71o,BBC News,2025,"""carbon budget""",Irish and Ulster Scots approaches 'don't need to be carbon copies',https://www.bbc.co.uk/news/articles/c5ylpgw7r71o,2025-10-29,,2,https://ichef.bbci.co.uk/ace/standard/976/cpsprodpb/c760/live/3eab6250-b4a8-11f0-aa13-0b0479f6f42a.jpg,../Scripts/output/bbc/bbc_images/bbc_2025-10-29_c5ylpgw7r71o_img02.jpg,"Image caption, PÃ³l Deeds says he is ""delighted"" that the appointments have finally been made",,0,,0,,1,broad_candidate
c5ylpgw7r71o,BBC News,2025,"""carbon budget""",Irish and Ulster Scots approaches 'don't need to be carbon copies',https://www.bbc.co.uk/news/articles/c5ylpgw7r71o,2025-10-29,,3,https://ichef.bbci.co.uk/ace/standard/3840/cpsprodpb/ea0d/live/7ba17690-b4a8-11f0-af34-1517978c0fa1.jpg,../Scripts/output/bbc/bbc_images/bbc_2025-10-29_c5ylpgw7r71o_img03.jpg,"Image caption, The incoming director of the new Office of Identity and Cultural Expression, Dr Radford, says she's looking forward to working with the commissioners",,0,,0,,1,broad_candidate
c04gqez4lkyo,BBC News,2025,"""climate change""",What was agreed on climate change at COP30 in Brazil?,https://www.bbc.co.uk/news/articles/c04gqez4lkyo,2025-10-30,2025-11-22,1,https://ichef.bbci.co.uk/ace/standard/1024/cpsprodpb/d3f9/live/e076bb20-bbce-11f0-a755-ab35484afe82.jpg,../Scripts/output/bbc/bbc_images/bbc_2025-10-30_c04gqez4lkyo_img01.jpg,,,0,,0,,1,broad_candidate
c04gqez4lkyo,BBC News,2025,"""climate change""",What was agreed on climate change at COP30 in Brazil?,https://www.bbc.co.uk/news/articles/c04gqez4lkyo,2025-10-30,2025-11-22,2,https://ichef.bbci.co.uk/ace/standard/1024/cpsprodpb/405d/live/55ac28f0-b5a6-11f0-8833-43b4d09dd0bc.jpg,../Scripts/output/bbc/bbc_images/bbc_2025-10-30_c04gqez4lkyo_img02.jpg,,,0,,0,,1,broad_candidate
c04gqez4lkyo,BBC News,2025,"""climate change""",What was agreed on climate change at COP30 in Brazil?,https://www.bbc.co.uk/news/articles/c04gqez4lkyo,2025-10-30,2025-11-22,3,https://ichef.bbci.co.uk/ace/standard/993/cpsprodpb/1aea/live/eae257b0-bbcc-11f0-b6c2-7f3ceed9a880.jpg,../Scripts/output/bbc/bbc_images/bbc_2025-10-30_c04gqez4lkyo_img03.jpg,"Image caption, UK Prime Minister Sir Keir Starmer, Brazil's President Lula and Prince William all gave speeches",,0,,0,,1,broad_candidate
c04gqez4lkyo,BBC News,2025,"""climate change""",What was agreed on climate change at COP30 in Brazil?,https://www.bbc.co.uk/news/articles/c04gqez4lkyo,2025-10-30,2025-11-22,4,https://ichef.bbci.co.uk/ace/standard/1920/cpsprodpb/f02d/live/a8cfc080-4c44-11f0-a466-d54f65b60deb.png,../Scripts/output/bbc/bbc_images/bbc_2025-10-30_c04gqez4lkyo_img04.png,,,0,,0,,1,broad_candidate
c04gqez4lkyo,BBC News,2025,"""climate change""",What was agreed on climate change at COP30 in Brazil?,https://www.bbc.co.uk/news/articles/c04gqez4lkyo,2025-10-30,2025-11-22,5,https://ichef.bbci.co.uk/ace/standard/999/cpsprodpb/d75a/live/10ea7660-b5b3-11f0-962a-97c89857c780.jpg,../Scripts/output/bbc/bbc_images/bbc_2025-10-30_c04gqez4lkyo_img05.jpg,"Image caption, Global warming means that hurricanes like Melissa, which devastated the island of Jamaica, can bring stronger winds and heavier rainfall",,0,,0,,1,broad_candidate
c04gqez4lkyo,BBC News,2025,"""climate change""",What was agreed on climate change at COP30 in Brazil?,https://www.bbc.co.uk/news/articles/c04gqez4lkyo,2025-10-30,2025-11-22,6,https://ichef.bbci.co.uk/ace/standard/999/cpsprodpb/6f1a/live/57659260-b59e-11f0-99a1-9f4dd3d6a1a3.jpg,../Scripts/output/bbc/bbc_images/bbc_2025-10-30_c04gqez4lkyo_img06.jpg,"Image caption, A healthy Amazon rainforest is a crucial buffer against rising temperatures",,0,,0,,1,broad_candidate
c04gqez4lkyo,BBC News,2025,"""climate change""",What was agreed on climate change at COP30 in Brazil?,https://www.bbc.co.uk/news/articles/c04gqez4lkyo,2025-10-30,2025-11-22,7,https://ichef.bbci.co.uk/ace/standard/1920/cpsprodpb/8c6c/live/f9295fc0-0fde-11f0-ba12-8d27eb561761.png,../Scripts/output/bbc/bbc_images/bbc_2025-10-30_c04gqez4lkyo_img07.png,,,0,,0,,1,broad_candidate
c5yp8r4ryvmo,BBC News,2025,"""climate change""",Climate change intensified India's heatwaves in 2024 - Lancet study,https://www.bbc.co.uk/news/articles/c5yp8r4ryvmo,2025-10-30,,1,https://ichef.bbci.co.uk/ace/standard/1024/cpsprodpb/6739/live/e510cd10-b575-11f0-86b2-ed6a609e4a6c.jpg,../Scripts/output/bbc/bbc_images/bbc_2025-10-30_c5yp8r4ryvmo_img01.jpg,"Image caption, India has faced increasingly intense heatwaves in recent years",,0,,0,,1,broad_candidate
c5yp8r4ryvmo,BBC News,2025,"""climate change""",Climate change intensified India's heatwaves in 2024 - Lancet study,https://www.bbc.co.uk/news/articles/c5yp8r4ryvmo,2025-10-30,,2,https://ichef.bbci.co.uk/ace/standard/2560/cpsprodpb/eddb/live/670a44e0-b576-11f0-86b2-ed6a609e4a6c.jpg,../Scripts/output/bbc/bbc_images/bbc_2025-10-30_c5yp8r4ryvmo_img02.jpg,"Image caption, India is among the most polluted countries in the world",,0,,0,,1,broad_candidate
cgmx2e3nnw0o,BBC News,2025,"""climate change""",Devastation on repeat: How climate change is worsening Pakistan's deadly floods,https://www.bbc.co.uk/news/articles/cgmx2e3nnw0o,2025-11-02,,1,https://ichef.bbci.co.uk/ace/standard/3840/cpsprodpb/0a75/live/8f733ee0-b4aa-11f0-ba75-093eca1ac29b.jpg,../Scripts/output/bbc/bbc_images/bbc_2025-11-02_cgmx2e3nnw0o_img01.jpg,"Image caption, Floods have swept across Pakistan, hitting urban and rural areas, including the capital of Punjab, Lahore",,0,,0,,1,broad_candidate
cgmx2e3nnw0o,BBC News,2025,"""climate change""",Devastation on repeat: How climate change is worsening Pakistan's deadly floods,https://www.bbc.co.uk/news/articles/cgmx2e3nnw0o,2025-11-02,,2,https://ichef.bbci.co.uk/ace/standard/3840/cpsprodpb/96c5/live/d71409a0-b4aa-11f0-b2a1-6f537f66f9aa.jpg,../Scripts/output/bbc/bbc_images/bbc_2025-11-02_cgmx2e3nnw0o_img02.jpg,"Image caption, There are more than 7,000 glaciers in the high peaks of the Himalayas, Karakoram and Hindu Kush",,0,,0,,1,broad_candidate
cgmx2e3nnw0o,BBC News,2025,"""climate change""",Devastation on repeat: How climate change is worsening Pakistan's deadly floods,https://www.bbc.co.uk/news/articles/cgmx2e3nnw0o,2025-11-02,,3,https://ichef.bbci.co.uk/ace/standard/3840/cpsprodpb/720d/live/698d7e30-b643-11f0-aa13-0b0479f6f42a.jpg,../Scripts/output/bbc/bbc_images/bbc_2025-11-02_cgmx2e3nnw0o_img03.jpg,"Image caption, Rescuers and villagers search for survivors, after a flash flood swept away several houses in the village of Gadoon, in the province of Khyber Pakhtunkhwa",,0,,0,,1,broad_candidate
cgmx2e3nnw0o,BBC News,2025,"""climate change""",Devastation on repeat: How climate change is worsening Pakistan's deadly floods,https://www.bbc.co.uk/news/articles/cgmx2e3nnw0o,2025-11-02,,4,https://ichef.bbci.co.uk/ace/standard/3840/cpsprodpb/b7de/live/22e102f0-b59d-11f0-aa13-0b0479f6f42a.jpg,../Scripts/output/bbc/bbc_images/bbc_2025-11-02_cgmx2e3nnw0o_img04.jpg,"Image caption, Pakistan has laws in place banning building near rivers, hoping to avoid homes like these being flooded in future",,0,,0,,1,broad_candidate
cgmx2e3nnw0o,BBC News,2025,"""climate change""",Devastation on repeat: How climate change is worsening Pakistan's deadly floods,https://www.bbc.co.uk/news/articles/cgmx2e3nnw0o,2025-11-02,,5,https://ichef.bbci.co.uk/ace/standard/1600/cpsprodpb/879a/live/9e814820-b4ad-11f0-aa13-0b0479f6f42a.jpg,../Scripts/output/bbc/bbc_images/bbc_2025-11-02_cgmx2e3nnw0o_img05.jpg,"Image caption, Sumera's home in Lahore's Theme Park neighbourhood was flooded. Weeks away from giving birth, she is living in a tent with her son Arsh",,0,,0,,1,broad_candidate
cgmx2e3nnw0o,BBC News,2025,"""climate change""",Devastation on repeat: How climate change is worsening Pakistan's deadly floods,https://www.bbc.co.uk/news/articles/cgmx2e3nnw0o,2025-11-02,,6,https://ichef.bbci.co.uk/ace/standard/3840/cpsprodpb/2c20/live/7f674970-b4ae-11f0-b2a1-6f537f66f9aa.jpg,../Scripts/output/bbc/bbc_images/bbc_2025-11-02_cgmx2e3nnw0o_img06.jpg,"Image caption, Yasmeen Lari has built homes she says are ""climate-resilient"" and made of natural materials such as bamboo and lime cement",,0,,0,,1,broad_candidate
c75q0dr2w09o,BBC News,2025,"""carbon budget""",Hedgerows and mob grazing: Can farming fix its carbon black hole?,https://www.bbc.co.uk/news/articles/c75q0dr2w09o,2025-11-03,,1,https://ichef.bbci.co.uk/ace/standard/1552/cpsprodpb/4239/live/ab383a70-a5e8-11f0-920e-cb66ee1d5eb0.jpg,../Scripts/output/bbc/bbc_images/bbc_2025-11-03_c75q0dr2w09o_img01.jpg,"Image caption, Farmer Johnnie Balfour says there needs to be a more nuanced approach to climate change",,0,,0,,1,broad_candidate
c75q0dr2w09o,BBC News,2025,"""carbon budget""",Hedgerows and mob grazing: Can farming fix its carbon black hole?,https://www.bbc.co.uk/news/articles/c75q0dr2w09o,2025-11-03,,2,https://ichef.bbci.co.uk/ace/standard/2048/cpsprodpb/d895/live/29cf1dd0-a29d-11f0-94eb-2d0a64a6f1c0.jpg,../Scripts/output/bbc/bbc_images/bbc_2025-11-03_c75q0dr2w09o_img02.jpg,"Image caption, Emissions from livestock are caused by methane being expelled at both ends",,0,,0,,1,broad_candidate
c75q0dr2w09o,BBC News,2025,"""carbon budget""",Hedgerows and mob grazing: Can farming fix its carbon black hole?,https://www.bbc.co.uk/news/articles/c75q0dr2w09o,2025-11-03,,3,https://ichef.bbci.co.uk/ace/standard/1600/cpsprodpb/6d7a/live/b9693880-a80c-11f0-881e-a7ddfaa732cf.jpg,../Scripts/output/bbc/bbc_images/bbc_2025-11-03_c75q0dr2w09o_img03.jpg,"Image caption, Some farmers are using mob grazing to keep their herds outside year round",,0,,0,,1,broad_candidate
c75q0dr2w09o,BBC News,2025,"""carbon budget""",Hedgerows and mob grazing: Can farming fix its carbon black hole?,https://www.bbc.co.uk/news/articles/c75q0dr2w09o,2025-11-03,,4,https://ichef.bbci.co.uk/ace/standard/1680/cpsprodpb/05d2/live/7f985910-a80c-11f0-881e-a7ddfaa732cf.jpg,../Scripts/output/bbc/bbc_images/bbc_2025-11-03_c75q0dr2w09o_img04.jpg,"Image caption, Farmer Denise Walton has planted several kilometres of hedgerows",,0,,0,,1,broad_candidate
c75q0dr2w09o,BBC News,2025,"""carbon budget""",Hedgerows and mob grazing: Can farming fix its carbon black hole?,https://www.bbc.co.uk/news/articles/c75q0dr2w09o,2025-11-03,,5,https://ichef.bbci.co.uk/ace/standard/2048/cpsprodpb/f19b/live/6aaa43f0-a80d-11f0-881e-a7ddfaa732cf.jpg,../Scripts/output/bbc/bbc_images/bbc_2025-11-03_c75q0dr2w09o_img05.jpg,"Image caption, This recently planted hedgerow contains nine difference species including holly and willow",,0,,0,,1,broad_candidate
cx2pg0g4yl9o,BBC News,2025,"""net zero""",Glasgow lighthouse building could become 'net zero innovation hub',https://www.bbc.co.uk/news/articles/cx2pg0g4yl9o,2025-11-04,,1,https://ichef.bbci.co.uk/ace/standard/767/cpsprodpb/f5f7/live/f0dd2cd0-b97e-11f0-ba33-09d35dfa6f46.jpg,../Scripts/output/bbc/bbc_images/bbc_2025-11-04_cx2pg0g4yl9o_img01.jpg,"Image caption, The A-listed building on Mitchell Lane has not been open since before the Covid pandemic in 2020",,0,,0,,1,broad_candidate
c2dr1lg4nd3o,BBC News,2025,"""carbon budget""",Driver finds smouldering firework under car bonnet,https://www.bbc.co.uk/news/articles/c2dr1lg4nd3o,2025-11-06,,1,https://ichef.bbci.co.uk/ace/standard/1920/cpsprodpb/b190/live/9568b820-baf4-11f0-b2a1-6f537f66f9aa.jpg,../Scripts/output/bbc/bbc_images/bbc_2025-11-06_c2dr1lg4nd3o_img01.jpg,"Image caption, Nizam Patel said he discovered the smouldering firework after he spotted smoke coming from his car",,0,,0,,1,broad_candidate
c2dr1lg4nd3o,BBC News,2025,"""carbon budget""",Driver finds smouldering firework under car bonnet,https://www.bbc.co.uk/news/articles/c2dr1lg4nd3o,2025-11-06,,2,https://ichef.bbci.co.uk/ace/standard/1280/cpsprodpb/0c6c/live/0be38610-ba91-11f0-98e2-6fc7e162a06f.jpg,../Scripts/output/bbc/bbc_images/bbc_2025-11-06_c2dr1lg4nd3o_img02.jpg,"Image caption, Fire crews tackled a bonfire which spread to nearby trees in Farnworth",,0,,0,,1,broad_candidate
c30v97m59dyo,BBC News,2025,"""net zero""",Scottish government reveals plan to reach net zero targets by 2045,https://www.bbc.co.uk/news/articles/c30v97m59dyo,2025-11-06,,1,https://ichef.bbci.co.uk/ace/standard/736/cpsprodpb/cd62/live/f0a0eb60-bb24-11f0-b296-27a0423599e8.jpg,../Scripts/output/bbc/bbc_images/bbc_2025-11-06_c30v97m59dyo_img01.jpg,,,0,,0,,1,broad_candidate
c30v97m59dyo,BBC News,2025,"""net zero""",Scottish government reveals plan to reach net zero targets by 2045,https://www.bbc.co.uk/news/articles/c30v97m59dyo,2025-11-06,,2,https://ichef.bbci.co.uk/ace/standard/976/cpsprodpb/a996/live/c9100920-bb04-11f0-aa13-0b0479f6f42a.jpg,../Scripts/output/bbc/bbc_images/bbc_2025-11-06_c30v97m59dyo_img02.jpg,"Image caption, Climate Action Secretary Gillian Martin announced the new climate plan",,0,,0,,1,broad_candidate
c30v97m59dyo,BBC News,2025,"""net zero""",Scottish government reveals plan to reach net zero targets by 2045,https://www.bbc.co.uk/news/articles/c30v97m59dyo,2025-11-06,,3,https://ichef.bbci.co.uk/ace/standard/1600/cpsprodpb/6d4a/live/8e4519d0-bb26-11f0-aa13-0b0479f6f42a.png,../Scripts/output/bbc/bbc_images/bbc_2025-11-06_c30v97m59dyo_img03.png,,,0,,0,,1,broad_candidate
c30v97m59dyo,BBC News,2025,"""net zero""",Scottish government reveals plan to reach net zero targets by 2045,https://www.bbc.co.uk/news/articles/c30v97m59dyo,2025-11-06,,4,https://ichef.bbci.co.uk/ace/standard/976/cpsprodpb/2c48/live/a34728f0-bb21-11f0-b2a1-6f537f66f9aa.jpg,../Scripts/output/bbc/bbc_images/bbc_2025-11-06_c30v97m59dyo_img04.jpg,"Image caption, Opposition MSPs say the plan lacks details about the phase out of oil and gas energy sources",,0,,0,,1,broad_candidate
c30v97m59dyo,BBC News,2025,"""net zero""",Scottish government reveals plan to reach net zero targets by 2045,https://www.bbc.co.uk/news/articles/c30v97m59dyo,2025-11-06,,5,https://ichef.bbci.co.uk/ace/standard/1680/cpsprodpb/5b6e/live/c2b57a70-bb26-11f0-b2a1-6f537f66f9aa.png,../Scripts/output/bbc/bbc_images/bbc_2025-11-06_c30v97m59dyo_img05.png,,,0,,0,,1,broad_candidate
c867v8l583po,BBC News,2025,"""1.5C""",Mayor of West Yorkshire Tracy Brabin defends trip to Rio de Janeiro for climate conference,https://www.bbc.co.uk/news/articles/c867v8l583po,2025-11-06,,1,https://ichef.bbci.co.uk/ace/standard/947/cpsprodpb/f09c/live/628d8bd0-ba57-11f0-995c-3bd371294616.jpg,../Scripts/output/bbc/bbc_images/bbc_2025-11-06_c867v8l583po_img01.jpg,"Image caption, Mayor Brabin's trip to Rio de Janeiro is being supported by Bloomberg Philanthropies, and no public money has been spent on her attendance at the event",,0,,0,,1,broad_candidate
cn4j8dgnj1wo,BBC News,2025,"""climate change""",COP30: Starmer warns 'consensus is gone' on fighting climate change,https://www.bbc.co.uk/news/articles/cn4j8dgnj1wo,2025-11-06,,1,https://ichef.bbci.co.uk/ace/standard/2560/cpsprodpb/5f22/live/90240cd0-bb43-11f0-9494-47f20ee206c1.jpg,../Scripts/output/bbc/bbc_images/bbc_2025-11-06_cn4j8dgnj1wo_img01.jpg,"Image caption, Brazilian President Lula warned of ""extremist forces"" when he addressed world leaders at the global climate summit",,0,,0,,1,broad_candidate
cn4j8dgnj1wo,BBC News,2025,"""climate change""",COP30: Starmer warns 'consensus is gone' on fighting climate change,https://www.bbc.co.uk/news/articles/cn4j8dgnj1wo,2025-11-06,,2,https://ichef.bbci.co.uk/ace/standard/1920/cpsprodpb/b1cf/live/c1b03c70-bb47-11f0-a601-e323b3b84836.jpg,../Scripts/output/bbc/bbc_images/bbc_2025-11-06_cn4j8dgnj1wo_img02.jpg,"Image caption, Outeiro Port in BelÃ©m was recently expanded to accommodate cruise ships acting as ""floating hotels"" for COP30 delegates",,0,,0,,1,broad_candidate
cn4j8dgnj1wo,BBC News,2025,"""climate change""",COP30: Starmer warns 'consensus is gone' on fighting climate change,https://www.bbc.co.uk/news/articles/cn4j8dgnj1wo,2025-11-06,,3,https://ichef.bbci.co.uk/ace/standard/1920/cpsprodpb/49b2/live/5e7ba700-bb5d-11f0-9872-515b67a0dae0.jpg,../Scripts/output/bbc/bbc_images/bbc_2025-11-06_cn4j8dgnj1wo_img03.jpg,"Image caption, Researchers at Imperial College believe climate change increased the extreme rainfall associated with Hurricane Melissa, which caused at least 30 deaths and widespread flooding in Haiti (pictured)",,0,,0,,1,broad_candidate
cwy1wjj0rxdt,BBC News,2025,"""climate change""",Starmer warns 'consensus is gone' on fighting climate change as leaders gather at COP30,https://www.bbc.co.uk/news/live/cwy1wjj0rxdt,2025-11-06,,1,https://ichef.bbci.co.uk/ace/standard/640/cpsprodpb/vivo/live/images/2025/11/6/367015df-34dd-4e76-a63c-c598e677f0f8.jpg.webp,../Scripts/output/bbc/bbc_images/bbc_2025-11-06_cwy1wjj0rxdt_img01.webp,"Image caption, Prime Minister Keir Starmer and Prince William shake hands with Brazilian President Luiz InÃ¡cio Lula da Silva",,0,,0,,1,broad_candidate
cwy1wjj0rxdt,BBC News,2025,"""climate change""",Starmer warns 'consensus is gone' on fighting climate change as leaders gather at COP30,https://www.bbc.co.uk/news/live/cwy1wjj0rxdt,2025-11-06,,2,https://ichef.bbci.co.uk/ace/standard/640/cpsprodpb/vivo/live/images/2025/11/6/3ac9ccfd-ff43-4854-8f70-2eaa2a2e931c.png.webp,../Scripts/output/bbc/bbc_images/bbc_2025-11-06_cwy1wjj0rxdt_img02.webp,,,0,,0,,1,broad_candidate
cwy1wjj0rxdt,BBC News,2025,"""climate change""",Starmer warns 'consensus is gone' on fighting climate change as leaders gather at COP30,https://www.bbc.co.uk/news/live/cwy1wjj0rxdt,2025-11-06,,3,https://ichef.bbci.co.uk/ace/standard/640/cpsprodpb/vivo/live/images/2025/11/6/244e643e-36be-4864-bb9f-657913b4b851.png.webp,../Scripts/output/bbc/bbc_images/bbc_2025-11-06_cwy1wjj0rxdt_img03.webp,,,0,,0,,1,broad_candidate
cwy1wjj0rxdt,BBC News,2025,"""climate change""",Starmer warns 'consensus is gone' on fighting climate change as leaders gather at COP30,https://www.bbc.co.uk/news/live/cwy1wjj0rxdt,2025-11-06,,4,https://ichef.bbci.co.uk/ace/standard/640/cpsprodpb/vivo/live/images/2025/11/6/79ddb044-b353-4884-8f4a-7e0727ba26a2.jpg.webp,../Scripts/output/bbc/bbc_images/bbc_2025-11-06_cwy1wjj0rxdt_img04.webp,"Image caption, BelÃ©m, Brazil, sets the stage for COP30 - a fitting location as it's embedded within the dense, deep green of the Amazon rainforest",,0,,0,,1,broad_candidate
cwy1wjj0rxdt,BBC News,2025,"""climate change""",Starmer warns 'consensus is gone' on fighting climate change as leaders gather at COP30,https://www.bbc.co.uk/news/live/cwy1wjj0rxdt,2025-11-06,,5,https://ichef.bbci.co.uk/ace/standard/640/cpsprodpb/vivo/live/images/2025/11/6/d538ff15-8569-4ba3-a7b7-fd26771b5db2.jpg.webp,../Scripts/output/bbc/bbc_images/bbc_2025-11-06_cwy1wjj0rxdt_img05.webp,"Image caption, The EU's President Ursula Von der Leyen arrived at the summit with an EU-wide carbon cutting plan - a 80% cut in the EU's emissions",,0,,0,,1,broad_candidate
cwy1wjj0rxdt,BBC News,2025,"""climate change""",Starmer warns 'consensus is gone' on fighting climate change as leaders gather at COP30,https://www.bbc.co.uk/news/live/cwy1wjj0rxdt,2025-11-06,,6,https://ichef.bbci.co.uk/ace/standard/640/cpsprodpb/vivo/live/images/2025/11/6/944ebdfa-3f11-4317-87f5-093df58a6d1f.jpg.webp,../Scripts/output/bbc/bbc_images/bbc_2025-11-06_cwy1wjj0rxdt_img06.webp,"Image caption, Host nation Brazil's President Luiz InÃ¡cio Lula da Silva says ""COP30 will be the COP of truth"", encouraging participating countries not to abandon the 1.5C warming limit set out in the Paris Agreement",,0,,0,,1,broad_candidate
cwy1wjj0rxdt,BBC News,2025,"""climate change""",Starmer warns 'consensus is gone' on fighting climate change as leaders gather at COP30,https://www.bbc.co.uk/news/live/cwy1wjj0rxdt,2025-11-06,,7,https://ichef.bbci.co.uk/ace/standard/640/cpsprodpb/vivo/live/images/2025/11/6/4f0af01e-7389-4caa-be48-df2d74eee49f.jpg.webp,../Scripts/output/bbc/bbc_images/bbc_2025-11-06_cwy1wjj0rxdt_img07.webp,"Image caption, UK Prime Minister Starmer warned that the ""consensus is gone"" on climate change, as Prince William said threats are ""fast approaching"" - but that the UK remains committed to working against it",,0,,0,,1,broad_candidate
cwy1wjj0rxdt,BBC News,2025,"""climate change""",Starmer warns 'consensus is gone' on fighting climate change as leaders gather at COP30,https://www.bbc.co.uk/news/live/cwy1wjj0rxdt,2025-11-06,,8,https://ichef.bbci.co.uk/ace/standard/640/cpsprodpb/vivo/live/images/2025/11/6/9d4bd7c2-e1ab-4b21-a1af-b263d843ff93.jpg.webp,../Scripts/output/bbc/bbc_images/bbc_2025-11-06_cwy1wjj0rxdt_img08.webp,,,0,,0,,1,broad_candidate
cwy1wjj0rxdt,BBC News,2025,"""climate change""",Starmer warns 'consensus is gone' on fighting climate change as leaders gather at COP30,https://www.bbc.co.uk/news/live/cwy1wjj0rxdt,2025-11-06,,9,https://ichef.bbci.co.uk/ace/standard/640/cpsprodpb/vivo/live/images/2025/11/4/f239071e-f921-466d-9889-2808f03ef0f6.png.webp,../Scripts/output/bbc/bbc_images/bbc_2025-11-06_cwy1wjj0rxdt_img09.webp,,,0,,0,,1,broad_candidate
cwy1wjj0rxdt,BBC News,2025,"""climate change""",Starmer warns 'consensus is gone' on fighting climate change as leaders gather at COP30,https://www.bbc.co.uk/news/live/cwy1wjj0rxdt,2025-11-06,,10,https://ichef.bbci.co.uk/ace/standard/640/cpsprodpb/vivo/live/images/2025/11/6/a614d6c9-b82a-4333-a8f9-5718bd19a5b3.png.webp,../Scripts/output/bbc/bbc_images/bbc_2025-11-06_cwy1wjj0rxdt_img10.webp,,,0,,0,,1,broad_candidate
cwy1wjj0rxdt,BBC News,2025,"""climate change""",Starmer warns 'consensus is gone' on fighting climate change as leaders gather at COP30,https://www.bbc.co.uk/news/live/cwy1wjj0rxdt,2025-11-06,,11,https://ichef.bbci.co.uk/ace/standard/640/cpsprodpb/vivo/live/images/2025/11/6/0985c5f2-85d0-4ef3-ba61-4e3522ae48ff.jpg.webp,../Scripts/output/bbc/bbc_images/bbc_2025-11-06_cwy1wjj0rxdt_img11.webp,"Image caption, Addressing the UN in September President Trump called climate change the ""greatest con job""",,0,,0,,1,broad_candidate
cwy1wjj0rxdt,BBC News,2025,"""climate change""",Starmer warns 'consensus is gone' on fighting climate change as leaders gather at COP30,https://www.bbc.co.uk/news/live/cwy1wjj0rxdt,2025-11-06,,12,https://ichef.bbci.co.uk/ace/standard/640/cpsprodpb/vivo/live/images/2025/11/6/8e8808f9-d161-4149-856d-67f993122396.jpg.webp,../Scripts/output/bbc/bbc_images/bbc_2025-11-06_cwy1wjj0rxdt_img12.webp,"Image caption, US President Donald Trump is not attending the climate talks in Brazil",,0,,0,,1,broad_candidate
cwy1wjj0rxdt,BBC News,2025,"""climate change""",Starmer warns 'consensus is gone' on fighting climate change as leaders gather at COP30,https://www.bbc.co.uk/news/live/cwy1wjj0rxdt,2025-11-06,,13,https://ichef.bbci.co.uk/ace/standard/640/cpsprodpb/vivo/live/images/2025/11/6/397ed21d-f57c-4097-aace-2b54317ef778.jpg.webp,../Scripts/output/bbc/bbc_images/bbc_2025-11-06_cwy1wjj0rxdt_img13.webp,,,0,,0,,1,broad_candidate
cwy1wjj0rxdt,BBC News,2025,"""climate change""",Starmer warns 'consensus is gone' on fighting climate change as leaders gather at COP30,https://www.bbc.co.uk/news/live/cwy1wjj0rxdt,2025-11-06,,14,https://ichef.bbci.co.uk/ace/standard/640/cpsprodpb/vivo/live/images/2025/11/6/7c64c821-ee7f-44f9-ba27-58e55076162a.jpg.webp,../Scripts/output/bbc/bbc_images/bbc_2025-11-06_cwy1wjj0rxdt_img14.webp,,,0,,0,,1,broad_candidate
cwy1wjj0rxdt,BBC News,2025,"""climate change""",Starmer warns 'consensus is gone' on fighting climate change as leaders gather at COP30,https://www.bbc.co.uk/news/live/cwy1wjj0rxdt,2025-11-06,,15,https://ichef.bbci.co.uk/ace/standard/640/cpsprodpb/vivo/live/images/2025/11/6/d231ca8b-112d-40aa-bf32-d1c7fb314795.jpg.webp,../Scripts/output/bbc/bbc_images/bbc_2025-11-06_cwy1wjj0rxdt_img15.webp,,,0,,0,,1,broad_candidate
cwy1wjj0rxdt,BBC News,2025,"""climate change""",Starmer warns 'consensus is gone' on fighting climate change as leaders gather at COP30,https://www.bbc.co.uk/news/live/cwy1wjj0rxdt,2025-11-06,,16,https://ichef.bbci.co.uk/ace/standard/640/cpsprodpb/vivo/live/images/2025/11/6/cf5116bb-e71c-4251-982b-9de0c9cace18.jpg.webp,../Scripts/output/bbc/bbc_images/bbc_2025-11-06_cwy1wjj0rxdt_img16.webp,,,0,,0,,1,broad_candidate
cwy1wjj0rxdt,BBC News,2025,"""climate change""",Starmer warns 'consensus is gone' on fighting climate change as leaders gather at COP30,https://www.bbc.co.uk/news/live/cwy1wjj0rxdt,2025-11-06,,17,https://ichef.bbci.co.uk/ace/standard/640/cpsprodpb/vivo/live/images/2025/11/6/2d07199b-83f6-4b79-96b1-b580e18c4470.jpg.webp,../Scripts/output/bbc/bbc_images/bbc_2025-11-06_cwy1wjj0rxdt_img17.webp,,,0,,0,,1,broad_candidate
cx274lj661lo,BBC News,2025,"""1.5C""",Great Barrier Reef faces 'grim future' but can recover if global warming stays below 2C,https://www.bbc.co.uk/news/articles/cx274lj661lo,2025-11-06,,1,https://ichef.bbci.co.uk/ace/standard/3840/cpsprodpb/bfe1/live/c43925f0-bab2-11f0-8453-93084b1f136d.jpg,../Scripts/output/bbc/bbc_images/bbc_2025-11-06_cx274lj661lo_img01.jpg,"Image caption, The Great Barrier Reef has suffered mass bleaching events in recent years",,0,,0,,1,broad_candidate
cx274lj661lo,BBC News,2025,"""1.5C""",Great Barrier Reef faces 'grim future' but can recover if global warming stays below 2C,https://www.bbc.co.uk/news/articles/cx274lj661lo,2025-11-06,,2,https://ichef.bbci.co.uk/ace/standard/1280/cpsprodpb/3547/live/8b3335d0-baed-11f0-b2a1-6f537f66f9aa.png,../Scripts/output/bbc/bbc_images/bbc_2025-11-06_cx274lj661lo_img02.png,,,0,,0,,1,broad_candidate
c8x17e0ld9xo,BBC News,2025,"""carbon budget""",NHS Wales carbon emissions rise by 20% over past five years,https://www.bbc.co.uk/news/articles/c8x17e0ld9xo,2025-11-07,,1,https://ichef.bbci.co.uk/ace/standard/1024/cpsprodpb/2814/live/5f47bc40-bbef-11f0-a9b4-ab95792b4f31.jpg,../Scripts/output/bbc/bbc_images/bbc_2025-11-07_c8x17e0ld9xo_img01.jpg,,,0,,0,,1,broad_candidate
c8x17e0ld9xo,BBC News,2025,"""carbon budget""",NHS Wales carbon emissions rise by 20% over past five years,https://www.bbc.co.uk/news/articles/c8x17e0ld9xo,2025-11-07,,2,https://ichef.bbci.co.uk/ace/standard/3840/cpsprodpb/86ce/live/e72ec290-bbed-11f0-9180-e5e0a28c7de6.jpg,../Scripts/output/bbc/bbc_images/bbc_2025-11-07_c8x17e0ld9xo_img02.jpg,"Image caption, ICU consultant Dr Jack Parry-Jones wants to cut his hospital's waste and energy use",,0,,0,,1,broad_candidate
cwypg43yglvo,BBC News,2025,"""carbon budget""",Truro flats evacuated due to high carbon monoxide levels,https://www.bbc.co.uk/news/articles/cwypg43yglvo,2025-11-07,,1,https://ichef.bbci.co.uk/ace/standard/791/cpsprodpb/3433/live/afdf60b0-bba7-11f0-a7cb-89e3637e20db.png,../Scripts/output/bbc/bbc_images/bbc_2025-11-07_cwypg43yglvo_img01.png,"Image caption, Crews on scene confirmed everyone was accounted for",,0,,0,,1,broad_candidate
cq509y38348o,BBC News,2025,"""climate change""",Climate change threatening Norfolk and Suffolk Broads,https://www.bbc.co.uk/news/articles/cq509y38348o,2025-11-09,,1,https://ichef.bbci.co.uk/ace/standard/2048/cpsprodpb/1fee/live/fa4c53d0-bca4-11f0-9886-b3acf9644cc5.jpg,../Scripts/output/bbc/bbc_images/bbc_2025-11-09_cq509y38348o_img01.jpg,"Image caption, Thurne Windmill on the banks of the River Thurne, Norfolk Broads",,0,,0,,1,broad_candidate
cq509y38348o,BBC News,2025,"""climate change""",Climate change threatening Norfolk and Suffolk Broads,https://www.bbc.co.uk/news/articles/cq509y38348o,2025-11-09,,2,https://ichef.bbci.co.uk/ace/standard/746/cpsprodpb/0748/live/9aa1b9a0-46f4-11f0-9bde-5f73599115e1.jpg,../Scripts/output/bbc/bbc_images/bbc_2025-11-09_cq509y38348o_img02.jpg,"Image caption, Outgoing Broads Authority chief executive John Packman warns of challenges for the waterways",,0,,0,,1,broad_candidate
cq509y38348o,BBC News,2025,"""climate change""",Climate change threatening Norfolk and Suffolk Broads,https://www.bbc.co.uk/news/articles/cq509y38348o,2025-11-09,,3,https://ichef.bbci.co.uk/ace/standard/722/cpsprodpb/2aa3/live/b9f98a90-bca5-11f0-9886-b3acf9644cc5.jpg,../Scripts/output/bbc/bbc_images/bbc_2025-11-09_cq509y38348o_img03.jpg,"Image caption, Flooding in Potter Heigham in November 2023 affected homes and businesses surrounded by flood water",,0,,0,,1,broad_candidate
cq509y38348o,BBC News,2025,"""climate change""",Climate change threatening Norfolk and Suffolk Broads,https://www.bbc.co.uk/news/articles/cq509y38348o,2025-11-09,,4,https://ichef.bbci.co.uk/ace/standard/3840/cpsprodpb/f10f/live/f6e3f350-9d1a-11f0-aa0c-6923d2781ecc.jpg,../Scripts/output/bbc/bbc_images/bbc_2025-11-09_cq509y38348o_img04.jpg,"Image caption, Over the next 100 years, sea levels were being predicted to rise by up to a metre",,0,,0,,1,broad_candidate
c205jvyg3wjo,BBC News,2025,"""1.5C""",Do UN climate talks have a point any more?,https://www.bbc.co.uk/news/articles/c205jvyg3wjo,2025-11-10,,1,https://ichef.bbci.co.uk/ace/standard/2560/cpsprodpb/d4b9/live/c04b01b0-bbf8-11f0-ae46-bd64331f0fd4.jpg,../Scripts/output/bbc/bbc_images/bbc_2025-11-10_c205jvyg3wjo_img01.jpg,,,0,,0,,1,broad_candidate
c205jvyg3wjo,BBC News,2025,"""1.5C""",Do UN climate talks have a point any more?,https://www.bbc.co.uk/news/articles/c205jvyg3wjo,2025-11-10,,4,https://ichef.bbci.co.uk/ace/standard/1920/cpsprodpb/33e5/live/c9c39b70-bbe5-11f0-8669-5560f5c90fbe.png,../Scripts/output/bbc/bbc_images/bbc_2025-11-10_c205jvyg3wjo_img04.png,"Image caption, Prince William and Britain's Prime Minister Sir Keir Starmer did attend the COP30 UN climate conference",,0,,0,,1,broad_candidate
c205jvyg3wjo,BBC News,2025,"""1.5C""",Do UN climate talks have a point any more?,https://www.bbc.co.uk/news/articles/c205jvyg3wjo,2025-11-10,,5,https://ichef.bbci.co.uk/ace/standard/1920/cpsprodpb/254a/live/b31ef220-bbe5-11f0-ae46-bd64331f0fd4.jpg,../Scripts/output/bbc/bbc_images/bbc_2025-11-10_c205jvyg3wjo_img05.jpg,"Image caption, ""This 'climate change' - it's the greatest con job ever perpetrated on the world,"" President Trump said in September",,0,,0,,1,broad_candidate
c205jvyg3wjo,BBC News,2025,"""1.5C""",Do UN climate talks have a point any more?,https://www.bbc.co.uk/news/articles/c205jvyg3wjo,2025-11-10,,6,https://ichef.bbci.co.uk/ace/standard/1920/cpsprodpb/46a6/live/bb7ef550-bbe5-11f0-8669-5560f5c90fbe.jpg,../Scripts/output/bbc/bbc_images/bbc_2025-11-10_c205jvyg3wjo_img06.jpg,"Image caption, While the is US now betting on fossil fuels, China is going big on green tech",,0,,0,,1,broad_candidate
c205jvyg3wjo,BBC News,2025,"""1.5C""",Do UN climate talks have a point any more?,https://www.bbc.co.uk/news/articles/c205jvyg3wjo,2025-11-10,,7,https://ichef.bbci.co.uk/ace/standard/1920/cpsprodpb/8cc9/live/c2df14b0-bbe5-11f0-8456-eff94716b162.jpg,../Scripts/output/bbc/bbc_images/bbc_2025-11-10_c205jvyg3wjo_img07.jpg,"Image caption, Ursula Von der Leyen warned Europe must not repeat what she termed the mistakes of the past",,0,,0,,1,broad_candidate
c205jvyg3wjo,BBC News,2025,"""1.5C""",Do UN climate talks have a point any more?,https://www.bbc.co.uk/news/articles/c205jvyg3wjo,2025-11-10,,8,https://ichef.bbci.co.uk/ace/standard/1920/cpsprodpb/022c/live/dd0cbdb0-bbe5-11f0-8669-5560f5c90fbe.jpg,../Scripts/output/bbc/bbc_images/bbc_2025-11-10_c205jvyg3wjo_img08.jpg,"Image caption, America and China are taking very different paths on energy",,0,,0,,1,broad_candidate
c205jvyg3wjo,BBC News,2025,"""1.5C""",Do UN climate talks have a point any more?,https://www.bbc.co.uk/news/articles/c205jvyg3wjo,2025-11-10,,10,https://ichef.bbci.co.uk/ace/standard/1920/cpsprodpb/b54b/live/d2b3f7c0-bbe5-11f0-8669-5560f5c90fbe.jpg,../Scripts/output/bbc/bbc_images/bbc_2025-11-10_c205jvyg3wjo_img10.jpg,"Image caption, The European Commission forecasted that the market for renewables and other clean energy sources would grow to â¬2 trillion (Â£1.74tn) within a decade",,0,,0,,1,broad_candidate
c205jvyg3wjo,BBC News,2025,"""1.5C""",Do UN climate talks have a point any more?,https://www.bbc.co.uk/news/articles/c205jvyg3wjo,2025-11-10,,11,https://ichef.bbci.co.uk/ace/standard/976/cpsprodpb/5726/live/cba3cfe0-a8db-11f0-928c-71dbb8619e94.jpg,../Scripts/output/bbc/bbc_images/bbc_2025-11-10_c205jvyg3wjo_img11.jpg,,,0,,0,,1,broad_candidate
ckg1xjz419lo,BBC News,2025,"""1.5C""",University of Birmingham students head to COP30 in Brazil,https://www.bbc.co.uk/news/articles/ckg1xjz419lo,2025-11-10,,2,https://ichef.bbci.co.uk/ace/standard/3840/cpsprodpb/f27b/live/d1af8fd0-bbd4-11f0-a755-ab35484afe82.jpg,../Scripts/output/bbc/bbc_images/bbc_2025-11-10_ckg1xjz419lo_img02.jpg,"Image caption, Hadil Touihri is a medical student in her fourth year",,0,,0,,1,broad_candidate
cn5165dpzwlo,BBC News,2025,"""climate change""",University of Leicester researchers track Arctic climate change,https://www.bbc.co.uk/news/articles/cn5165dpzwlo,2025-11-10,,1,https://ichef.bbci.co.uk/ace/standard/3840/cpsprodpb/24cd/live/4dece350-ba6c-11f0-ba8c-5f7067df6bdc.jpg,../Scripts/output/bbc/bbc_images/bbc_2025-11-10_cn5165dpzwlo_img01.jpg,"Image caption, The University of Leicester team travelled to Svalbard for six days",,0,,0,,1,broad_candidate
cn5165dpzwlo,BBC News,2025,"""climate change""",University of Leicester researchers track Arctic climate change,https://www.bbc.co.uk/news/articles/cn5165dpzwlo,2025-11-10,,2,https://ichef.bbci.co.uk/ace/standard/3840/cpsprodpb/cf0d/live/c5682b80-ba6f-11f0-b642-ebdbf0374f70.jpg,../Scripts/output/bbc/bbc_images/bbc_2025-11-10_cn5165dpzwlo_img02.jpg,"Image caption, Abigail Waring says the climate records help inform other scientists and can influence government policy",,0,,0,,1,broad_candidate
cn5165dpzwlo,BBC News,2025,"""climate change""",University of Leicester researchers track Arctic climate change,https://www.bbc.co.uk/news/articles/cn5165dpzwlo,2025-11-10,,3,https://ichef.bbci.co.uk/ace/standard/3840/cpsprodpb/7466/live/e552a420-ba6f-11f0-b642-ebdbf0374f70.jpg,../Scripts/output/bbc/bbc_images/bbc_2025-11-10_cn5165dpzwlo_img03.jpg,"Image caption, Dr Jasdeep Singh Anand says measuring temperatures in the arctic is ""very challenging""",,0,,0,,1,broad_candidate
cn51pn74l23o,BBC News,2025,"""1.5C""","Fight fake news and climate deniers, Brazil's Lula tells UN talks",https://www.bbc.co.uk/news/articles/cn51pn74l23o,2025-11-10,,1,https://ichef.bbci.co.uk/ace/standard/1920/cpsprodpb/bd8e/live/bcee2270-be66-11f0-8456-eff94716b162.jpg,../Scripts/output/bbc/bbc_images/bbc_2025-11-10_cn51pn74l23o_img01.jpg,"Image caption, Brazilian President Luiz Inacio Lula da Silva speaks during the opening of the COP30 conferences in Belem, Brazil.",,0,,0,,1,broad_candidate
cn51pn74l23o,BBC News,2025,"""1.5C""","Fight fake news and climate deniers, Brazil's Lula tells UN talks",https://www.bbc.co.uk/news/articles/cn51pn74l23o,2025-11-10,,2,https://ichef.bbci.co.uk/ace/standard/3840/cpsprodpb/47af/live/d4621df0-be4b-11f0-8669-5560f5c90fbe.jpg,../Scripts/output/bbc/bbc_images/bbc_2025-11-10_cn51pn74l23o_img02.jpg,,,0,,0,,1,broad_candidate
cn51pn74l23o,BBC News,2025,"""1.5C""","Fight fake news and climate deniers, Brazil's Lula tells UN talks",https://www.bbc.co.uk/news/articles/cn51pn74l23o,2025-11-10,,3,https://ichef.bbci.co.uk/ace/standard/2048/cpsprodpb/d2a3/live/85d09540-be3c-11f0-8669-5560f5c90fbe.jpg,../Scripts/output/bbc/bbc_images/bbc_2025-11-10_cn51pn74l23o_img03.jpg,"Image caption, The latest UN climate talks talk place in BelÃ©m, a city of 1.5 million people in northern Brazil",,0,,0,,1,broad_candidate
c0l7yjgn050o,BBC News,2025,"""1.5C""",Protesters break into COP30 venue in Brazil,https://www.bbc.co.uk/news/articles/c0l7yjgn050o,2025-11-11,2025-11-12,1,https://ichef.bbci.co.uk/ace/standard/2048/cpsprodpb/f6de/live/8ad2e340-bf54-11f0-866a-3d978f060c01.jpg,../Scripts/output/bbc/bbc_images/bbc_2025-11-11_c0l7yjgn050o_img01.jpg,,,0,,0,,1,broad_candidate
c0l7yjgn050o,BBC News,2025,"""1.5C""",Protesters break into COP30 venue in Brazil,https://www.bbc.co.uk/news/articles/c0l7yjgn050o,2025-11-11,2025-11-12,2,https://ichef.bbci.co.uk/ace/standard/1920/cpsprodpb/dcf8/live/7eebc340-bfa3-11f0-ae46-bd64331f0fd4.png,../Scripts/output/bbc/bbc_images/bbc_2025-11-11_c0l7yjgn050o_img02.png,,,0,,0,,1,broad_candidate
c1k0y8mdmp2o,BBC News,2025,"""climate change""",Glastonbury Lake Village could be lost to climate change,https://www.bbc.co.uk/news/articles/c1k0y8mdmp2o,2025-11-12,,1,https://ichef.bbci.co.uk/ace/standard/1056/cpsprodpb/e93f/live/3ef10780-bf14-11f0-b8cd-876b55a928f2.jpg,../Scripts/output/bbc/bbc_images/bbc_2025-11-12_c1k0y8mdmp2o_img01.jpg,"Image caption, The Glastonbury Lake Village is preserved in the marsh land",,0,,0,,1,broad_candidate
c1k0y8mdmp2o,BBC News,2025,"""climate change""",Glastonbury Lake Village could be lost to climate change,https://www.bbc.co.uk/news/articles/c1k0y8mdmp2o,2025-11-12,,2,https://ichef.bbci.co.uk/ace/standard/2048/cpsprodpb/4d9c/live/34a7dc80-bf15-11f0-b8cd-876b55a928f2.jpg,../Scripts/output/bbc/bbc_images/bbc_2025-11-12_c1k0y8mdmp2o_img02.jpg,"Image caption, The settlement is hidden under marsh land - which keep it preserved",,0,,0,,1,broad_candidate
ckg161jklelo,BBC News,2025,"""1.5C""",Taunton Races: 'Disappointment' as meet cancelled due to dry ground,https://www.bbc.co.uk/news/articles/ckg161jklelo,2025-11-13,,1,https://ichef.bbci.co.uk/ace/standard/3840/cpsprodpb/8242/live/cdb77840-c082-11f0-ad34-0189a3f2a4c8.jpg,../Scripts/output/bbc/bbc_images/bbc_2025-11-13_ckg161jklelo_img01.jpg,"Image caption, There needs to be more rain before another race can go ahead at Taunton racecourse",,0,,0,,1,broad_candidate
cly1eg2v155o,BBC News,2025,"""carbon budget""",Labour to begin talks on admin fees for linking to EU carbon scheme,https://www.bbc.co.uk/news/articles/cly1eg2v155o,2025-11-13,2025-11-14,1,https://ichef.bbci.co.uk/ace/standard/3840/cpsprodpb/b21f/live/82b2cef0-c0b7-11f0-8a6c-bdcd4bb2f081.jpg,../Scripts/output/bbc/bbc_images/bbc_2025-11-13_cly1eg2v155o_img01.jpg,,,0,,0,,1,broad_candidate
cly1eg2v155o,BBC News,2025,"""carbon budget""",Labour to begin talks on admin fees for linking to EU carbon scheme,https://www.bbc.co.uk/news/articles/cly1eg2v155o,2025-11-13,2025-11-14,2,https://ichef.bbci.co.uk/ace/standard/1920/cpsprodpb/6133/live/2bce6ee0-0b00-11f0-97d3-37df2b293ed1.png,../Scripts/output/bbc/bbc_images/bbc_2025-11-13_cly1eg2v155o_img02.png,,,0,,0,,1,broad_candidate
cly4r9ggqleo,BBC News,2025,"""1.5C""",Thousands take to streets of Glasgow to highlight 'climate emergency',https://www.bbc.co.uk/news/articles/cly4r9ggqleo,2025-11-15,,1,https://ichef.bbci.co.uk/ace/standard/3840/cpsprodpb/95f6/live/bbcde1e0-c236-11f0-a786-17e554da8bc7.jpg,../Scripts/output/bbc/bbc_images/bbc_2025-11-15_cly4r9ggqleo_img01.jpg,"Image caption, Demonstrators marched through Glasgow before a rally was held on Glasgow Green",,0,,0,,1,broad_candidate
cly4r9ggqleo,BBC News,2025,"""1.5C""",Thousands take to streets of Glasgow to highlight 'climate emergency',https://www.bbc.co.uk/news/articles/cly4r9ggqleo,2025-11-15,,2,https://ichef.bbci.co.uk/ace/standard/3840/cpsprodpb/3c18/live/56dce680-c238-11f0-a786-17e554da8bc7.jpg,../Scripts/output/bbc/bbc_images/bbc_2025-11-15_cly4r9ggqleo_img02.jpg,"Image caption, Demonstrators gathered on Glasgow Green before marching through the city centre",,0,,0,,1,broad_candidate
cly4r9ggqleo,BBC News,2025,"""1.5C""",Thousands take to streets of Glasgow to highlight 'climate emergency',https://www.bbc.co.uk/news/articles/cly4r9ggqleo,2025-11-15,,3,https://ichef.bbci.co.uk/ace/standard/3840/cpsprodpb/357b/live/5360ece0-c23d-11f0-a786-17e554da8bc7.jpg,../Scripts/output/bbc/bbc_images/bbc_2025-11-15_cly4r9ggqleo_img03.jpg,"Image caption, Friends of the Earth Scotland said it was the biggest climate march in Glasgow since COP26",,0,,0,,1,broad_candidate
cly4r9ggqleo,BBC News,2025,"""1.5C""",Thousands take to streets of Glasgow to highlight 'climate emergency',https://www.bbc.co.uk/news/articles/cly4r9ggqleo,2025-11-15,,4,https://ichef.bbci.co.uk/ace/standard/3840/cpsprodpb/2a36/live/43b9f7a0-c23d-11f0-a786-17e554da8bc7.jpg,../Scripts/output/bbc/bbc_images/bbc_2025-11-15_cly4r9ggqleo_img04.jpg,"Image caption, Several groups took part in the protest, including the Climate and Migrant Justice Organising Group and the Gaza Genocide Emergency Committee.",,0,,0,,1,broad_candidate
cly4r9ggqleo,BBC News,2025,"""1.5C""",Thousands take to streets of Glasgow to highlight 'climate emergency',https://www.bbc.co.uk/news/articles/cly4r9ggqleo,2025-11-15,,5,https://ichef.bbci.co.uk/ace/standard/1504/cpsprodpb/cb93/live/5763cbf0-c247-11f0-a812-51e80b0d86ec.jpg,../Scripts/output/bbc/bbc_images/bbc_2025-11-15_cly4r9ggqleo_img05.jpg,"Image caption, Martin Canavan wanted to be part of the ""collective voice calling for change""",,0,,0,,1,broad_candidate
cly4r9ggqleo,BBC News,2025,"""1.5C""",Thousands take to streets of Glasgow to highlight 'climate emergency',https://www.bbc.co.uk/news/articles/cly4r9ggqleo,2025-11-15,,6,https://ichef.bbci.co.uk/ace/standard/1600/cpsprodpb/be87/live/7e7d1ac0-c247-11f0-a812-51e80b0d86ec.jpg,../Scripts/output/bbc/bbc_images/bbc_2025-11-15_cly4r9ggqleo_img06.jpg,"Image caption, Ailsa joined the protest because she wants people to have a ""happy life""",,0,,0,,1,broad_candidate
cly4r9ggqleo,BBC News,2025,"""1.5C""",Thousands take to streets of Glasgow to highlight 'climate emergency',https://www.bbc.co.uk/news/articles/cly4r9ggqleo,2025-11-15,,7,https://ichef.bbci.co.uk/ace/standard/1600/cpsprodpb/3eff/live/fcf2ea10-c247-11f0-a812-51e80b0d86ec.jpg,../Scripts/output/bbc/bbc_images/bbc_2025-11-15_cly4r9ggqleo_img07.jpg,"Image caption, Anna Brown said she had concerns about the future",,0,,0,,1,broad_candidate
cvgmyzvxevpo,BBC News,2025,"""net zero""",King Charles honours Wiltshire woman championing net zero flights,https://www.bbc.co.uk/news/articles/cvgmyzvxevpo,2025-11-15,,1,https://ichef.bbci.co.uk/ace/standard/1024/cpsprodpb/aeab/live/b4db4e30-c232-11f0-a786-17e554da8bc7.jpg,../Scripts/output/bbc/bbc_images/bbc_2025-11-15_cvgmyzvxevpo_img01.jpg,"Image caption, Rachel Gardner-Poole said starting her career felt ""impossible"" at first",,0,,0,,1,broad_candidate
c1d0vekq12ro,BBC News,2025,"""1.5C""",Brazil creates new Indigenous territories during protest-hit COP30,https://www.bbc.co.uk/news/articles/c1d0vekq12ro,2025-11-18,,1,https://ichef.bbci.co.uk/ace/standard/856/cpsprodpb/eecf/live/e2600450-c470-11f0-9759-1d09e236f39c.jpg,../Scripts/output/bbc/bbc_images/bbc_2025-11-18_c1d0vekq12ro_img01.jpg,"Image caption, Indigenous people during a march at COP30 in BelÃ©m, Brazil on 17 November",,0,,0,,1,broad_candidate
c1d0vekq12ro,BBC News,2025,"""1.5C""",Brazil creates new Indigenous territories during protest-hit COP30,https://www.bbc.co.uk/news/articles/c1d0vekq12ro,2025-11-18,,2,https://ichef.bbci.co.uk/ace/standard/1600/cpsprodpb/8fd2/live/f1d24aa0-c494-11f0-9025-c36e7e423373.jpg,../Scripts/output/bbc/bbc_images/bbc_2025-11-18_c1d0vekq12ro_img02.jpg,"Image caption, Dinamam TuxÃ¡ from the group Articulation of Indigenous Peoples of Brazil said he is happy that more indigenous peoples are represented at COP30",,0,,0,,1,broad_candidate
cr43yzq62rgo,BBC News,2025,"""carbon budget""",University of Sussex project to measure carbon capture levels in soil,https://www.bbc.co.uk/news/articles/cr43yzq62rgo,2025-11-19,,1,https://ichef.bbci.co.uk/ace/standard/1800/cpsprodpb/3246/live/e5209090-c2d3-11f0-8de9-1382f9537c23.jpg,../Scripts/output/bbc/bbc_images/bbc_2025-11-19_cr43yzq62rgo_img01.jpg,"Image caption, Field work involves calculating the carbon captured by a Sussex meadow",,0,,0,,1,broad_candidate
cr43yzq62rgo,BBC News,2025,"""carbon budget""",University of Sussex project to measure carbon capture levels in soil,https://www.bbc.co.uk/news/articles/cr43yzq62rgo,2025-11-19,,2,https://ichef.bbci.co.uk/ace/standard/1504/cpsprodpb/52d9/live/039e0bb0-c2d4-11f0-8de9-1382f9537c23.jpg,../Scripts/output/bbc/bbc_images/bbc_2025-11-19_cr43yzq62rgo_img02.jpg,"Image caption, A worm count helps in the assessment of biodiversity of meadow land",,0,,0,,1,broad_candidate
cr43yzq62rgo,BBC News,2025,"""carbon budget""",University of Sussex project to measure carbon capture levels in soil,https://www.bbc.co.uk/news/articles/cr43yzq62rgo,2025-11-19,,3,https://ichef.bbci.co.uk/ace/standard/1800/cpsprodpb/54b0/live/b32012f0-c2dd-11f0-9635-b18cfdbd6ae3.jpg,../Scripts/output/bbc/bbc_images/bbc_2025-11-19_cr43yzq62rgo_img03.jpg,"Image caption, Dr Chris Sandom says soil is a massive store of carbon",,0,,0,,1,broad_candidate
cly2y3wzyw4o,BBC News,2025,"""carbon budget""",Families claim damages over carbon monoxide leak at Balmuildy Primary School,https://www.bbc.co.uk/news/articles/cly2y3wzyw4o,2025-11-20,2025-11-21,1,https://ichef.bbci.co.uk/ace/standard/976/cpsprodpb/954b/live/7a7a7750-c6b2-11f0-9fb5-5f3a3703a365.png,../Scripts/output/bbc/bbc_images/bbc_2025-11-20_cly2y3wzyw4o_img01.png,"Image caption, The tower block of Balmuildy Primary School was where the most pupils and staff were affected by the leak",,0,,0,,1,broad_candidate
cly2y3wzyw4o,BBC News,2025,"""carbon budget""",Families claim damages over carbon monoxide leak at Balmuildy Primary School,https://www.bbc.co.uk/news/articles/cly2y3wzyw4o,2025-11-20,2025-11-21,2,https://ichef.bbci.co.uk/ace/standard/2048/cpsprodpb/fac6/live/d9f8b890-c5f9-11f0-a892-01d657345866.jpg,../Scripts/output/bbc/bbc_images/bbc_2025-11-20_cly2y3wzyw4o_img02.jpg,"Image caption, Carbon monoxide is a colourless and odourless gas and can be deadly if inhaled in high concentrations so detectors are needed to sound the alarm if gas appliances, such as boilers, are not functioning properly",,0,,0,,1,broad_candidate
c0q5ewew4geo,BBC News,2025,"""1.5C""",COP30: UN climate summit drops mention of fossil fuels from draft deal,https://www.bbc.co.uk/news/articles/c0q5ewew4geo,2025-11-21,,1,https://ichef.bbci.co.uk/ace/standard/3840/cpsprodpb/f10c/live/55491e60-c6de-11f0-9fb5-5f3a3703a365.jpg,../Scripts/output/bbc/bbc_images/bbc_2025-11-21_c0q5ewew4geo_img01.jpg,"Image caption, Members of the Ipereg Ayu movement, representing the indigenous Munduruku group, demonstrated outside this year's summit",,0,,0,,1,broad_candidate
c0q5ewew4geo,BBC News,2025,"""1.5C""",COP30: UN climate summit drops mention of fossil fuels from draft deal,https://www.bbc.co.uk/news/articles/c0q5ewew4geo,2025-11-21,,2,https://ichef.bbci.co.uk/ace/standard/1248/cpsprodpb/2863/live/d9151a30-c708-11f0-8651-e14c538db09b.jpg,../Scripts/output/bbc/bbc_images/bbc_2025-11-21_c0q5ewew4geo_img02.jpg,"Image caption, Country representatives are inside a negotiating room with journalists and observers waiting for news outside",,0,,0,,1,broad_candidate
c0q5ewew4geo,BBC News,2025,"""1.5C""",COP30: UN climate summit drops mention of fossil fuels from draft deal,https://www.bbc.co.uk/news/articles/c0q5ewew4geo,2025-11-21,,3,https://ichef.bbci.co.uk/ace/standard/1440/cpsprodpb/65b7/live/a6631090-c6f6-11f0-a863-434ee92aa5e3.jpg,../Scripts/output/bbc/bbc_images/bbc_2025-11-21_c0q5ewew4geo_img03.jpg,,,0,,0,,1,broad_candidate
c0q5ewew4geo,BBC News,2025,"""1.5C""",COP30: UN climate summit drops mention of fossil fuels from draft deal,https://www.bbc.co.uk/news/articles/c0q5ewew4geo,2025-11-21,,4,https://ichef.bbci.co.uk/ace/standard/594/cpsprodpb/5103/live/5a98b4a0-c6db-11f0-9fb5-5f3a3703a365.jpg,../Scripts/output/bbc/bbc_images/bbc_2025-11-21_c0q5ewew4geo_img04.jpg,"Image caption, Brazil's President Luiz InÃ¡cio Lula da Silva, wants the summit to commit countries to stronger, faster action to reduce their use of fossil fuels",,0,,0,,1,broad_candidate
cy8v8k8mlego,BBC News,2025,"""1.5C""",COP30: India's delayed action plan raises eyebrows at UN climate summit,https://www.bbc.co.uk/news/articles/cy8v8k8mlego,2025-11-21,,1,https://ichef.bbci.co.uk/ace/standard/1024/cpsprodpb/f972/live/ba929fd0-c675-11f0-a674-cf008e1f5535.jpg,../Scripts/output/bbc/bbc_images/bbc_2025-11-21_cy8v8k8mlego_img01.jpg,"Image caption, India is the world's third-largest carbon emitter",,0,,0,,1,broad_candidate
cy8v8k8mlego,BBC News,2025,"""1.5C""",COP30: India's delayed action plan raises eyebrows at UN climate summit,https://www.bbc.co.uk/news/articles/cy8v8k8mlego,2025-11-21,,2,https://ichef.bbci.co.uk/ace/standard/1024/cpsprodpb/fa7a/live/4529eec0-c5d4-11f0-bafb-89776fed60ea.jpg,../Scripts/output/bbc/bbc_images/bbc_2025-11-21_cy8v8k8mlego_img02.jpg,"Image caption, This year's UN's climate summit - COP30 - is being held at Brazil's Belem city",,0,,0,,1,broad_candidate
cy8v8k8mlego,BBC News,2025,"""1.5C""",COP30: India's delayed action plan raises eyebrows at UN climate summit,https://www.bbc.co.uk/news/articles/cy8v8k8mlego,2025-11-21,,3,https://ichef.bbci.co.uk/ace/standard/1024/cpsprodpb/b20c/live/ffa0eb00-c5d4-11f0-bafb-89776fed60ea.jpg,../Scripts/output/bbc/bbc_images/bbc_2025-11-21_cy8v8k8mlego_img03.jpg,"Image caption, Some estimates suggest that coal's share in India's total electricity generation remains at 75%",,0,,0,,1,broad_candidate
czxn9xnpey2o,BBC News,2025,"""1.5C""",Students 'anxious but hopeful' at mock COP30 talks,https://www.bbc.co.uk/news/articles/czxn9xnpey2o,2025-11-21,,1,https://ichef.bbci.co.uk/ace/standard/3840/cpsprodpb/87cb/live/d6c31af0-c5f7-11f0-8e3f-494114defdeb.jpg,../Scripts/output/bbc/bbc_images/bbc_2025-11-21_czxn9xnpey2o_img01.jpg,"Image caption, Mohammed Siddiqui says ""Mock COP"" allows future leaders to put forward ideas",,0,,0,,1,broad_candidate
czxn9xnpey2o,BBC News,2025,"""1.5C""",Students 'anxious but hopeful' at mock COP30 talks,https://www.bbc.co.uk/news/articles/czxn9xnpey2o,2025-11-21,,2,https://ichef.bbci.co.uk/ace/standard/1600/cpsprodpb/59d2/live/c4ef0850-c5fe-11f0-9c13-f920cfeeae8d.jpg,../Scripts/output/bbc/bbc_images/bbc_2025-11-21_czxn9xnpey2o_img02.jpg,"Image caption, Students chose which country to represent at the simulated climate conference",,0,,0,,1,broad_candidate
czxn9xnpey2o,BBC News,2025,"""1.5C""",Students 'anxious but hopeful' at mock COP30 talks,https://www.bbc.co.uk/news/articles/czxn9xnpey2o,2025-11-21,,3,https://ichef.bbci.co.uk/ace/standard/3840/cpsprodpb/1c05/live/defcdd30-c612-11f0-934b-cf5196b3cbea.jpg,../Scripts/output/bbc/bbc_images/bbc_2025-11-21_czxn9xnpey2o_img03.jpg,"Image caption, Andrew Alvedro says wealthier countries ""are not pulling their weight""",,0,,0,,1,broad_candidate
czxn9xnpey2o,BBC News,2025,"""1.5C""",Students 'anxious but hopeful' at mock COP30 talks,https://www.bbc.co.uk/news/articles/czxn9xnpey2o,2025-11-21,,4,https://ichef.bbci.co.uk/ace/standard/3840/cpsprodpb/92a5/live/c20565d0-c612-11f0-934b-cf5196b3cbea.jpg,../Scripts/output/bbc/bbc_images/bbc_2025-11-21_czxn9xnpey2o_img04.jpg,"Image caption, Patrizia Szewernoha called on world leaders to do more on climate change",,0,,0,,1,broad_candidate
c75vn7yel73o,BBC News,2025,"""1.5C""",COP30: UN climate talks fail to secure new fossil fuel promises,https://www.bbc.co.uk/news/articles/c75vn7yel73o,2025-11-22,,1,https://ichef.bbci.co.uk/ace/standard/1600/cpsprodpb/6ded/live/18a04ba0-c7e2-11f0-a715-415645a54121.jpg,../Scripts/output/bbc/bbc_images/bbc_2025-11-22_c75vn7yel73o_img01.jpg,,,0,,0,,1,broad_candidate
c75vn7yel73o,BBC News,2025,"""1.5C""",COP30: UN climate talks fail to secure new fossil fuel promises,https://www.bbc.co.uk/news/articles/c75vn7yel73o,2025-11-22,,2,https://ichef.bbci.co.uk/ace/standard/799/cpsprodpb/0655/live/608c9e50-c7e2-11f0-a715-415645a54121.jpg,../Scripts/output/bbc/bbc_images/bbc_2025-11-22_c75vn7yel73o_img02.jpg,"Image caption, The talks over-ran by almost 24 hours with delegates working all night",,0,,0,,1,broad_candidate
c75vn7yel73o,BBC News,2025,"""1.5C""",COP30: UN climate talks fail to secure new fossil fuel promises,https://www.bbc.co.uk/news/articles/c75vn7yel73o,2025-11-22,,3,https://ichef.bbci.co.uk/ace/standard/3840/cpsprodpb/3e9f/live/732f1f50-c7ed-11f0-bd46-bb233ca5cd6f.jpg,../Scripts/output/bbc/bbc_images/bbc_2025-11-22_c75vn7yel73o_img03.jpg,"Image caption, Some delegations stayed on cruise ships in BelÃ©m due to a shortage of accommodation",,0,,0,,1,broad_candidate
c75vn7yel73o,BBC News,2025,"""1.5C""",COP30: UN climate talks fail to secure new fossil fuel promises,https://www.bbc.co.uk/news/articles/c75vn7yel73o,2025-11-22,,4,https://ichef.bbci.co.uk/ace/standard/1536/cpsprodpb/e852/live/87d59230-c7ee-11f0-bd46-bb233ca5cd6f.jpg,../Scripts/output/bbc/bbc_images/bbc_2025-11-22_c75vn7yel73o_img04.jpg,"Image caption, A fire broke out at COP30, witnessed by the BBC climate team inside the venue",,0,,0,,1,broad_candidate
c75vn7yel73o,BBC News,2025,"""1.5C""",COP30: UN climate talks fail to secure new fossil fuel promises,https://www.bbc.co.uk/news/articles/c75vn7yel73o,2025-11-22,,5,https://ichef.bbci.co.uk/ace/standard/1600/cpsprodpb/cebe/live/82f5e790-dc9b-11ef-a37f-eba91255dc3d.png,../Scripts/output/bbc/bbc_images/bbc_2025-11-22_c75vn7yel73o_img05.png,,,0,,0,,1,broad_candidate
cm2895lzd1jo,BBC News,2025,"""carbon budget""",Travel warning as RUH carbon-cutting project work begins,https://www.bbc.co.uk/news/articles/cm2895lzd1jo,2025-11-24,,1,https://ichef.bbci.co.uk/ace/standard/3840/cpsprodpb/968b/live/c24a1da0-c94c-11f0-8c06-f5d460985095.jpg,../Scripts/output/bbc/bbc_images/bbc_2025-11-24_cm2895lzd1jo_img01.jpg,"Image caption, Disruption is expected while the RUH carries out work on its car park as part of a carbon-cutting project",,0,,0,,1,broad_candidate
cgr10jj8xg2o,BBC News,2025,"""carbon budget""","Humber carbon-capture plan 'a game-changer', villagers told",https://www.bbc.co.uk/news/articles/cgr10jj8xg2o,2025-11-25,,1,https://ichef.bbci.co.uk/ace/standard/3840/cpsprodpb/1e22/live/f43287f0-c959-11f0-b163-d7d455ce68d3.jpg,../Scripts/output/bbc/bbc_images/bbc_2025-11-25_cgr10jj8xg2o_img01.jpg,"Image caption, Rich Denny, managing director of the Northern Endurance Partnership, at the consultation event in Easington",,0,,0,,1,broad_candidate
cgr10jj8xg2o,BBC News,2025,"""carbon budget""","Humber carbon-capture plan 'a game-changer', villagers told",https://www.bbc.co.uk/news/articles/cgr10jj8xg2o,2025-11-25,,2,https://ichef.bbci.co.uk/ace/standard/3840/cpsprodpb/1057/live/40e6c820-c948-11f0-8a95-4d52567d02bf.jpg,../Scripts/output/bbc/bbc_images/bbc_2025-11-25_cgr10jj8xg2o_img02.jpg,"Image caption, Easington resident Andrea Clubley is in favour of the idea of carbon capture",,0,,0,,1,broad_candidate
cgr10jj8xg2o,BBC News,2025,"""carbon budget""","Humber carbon-capture plan 'a game-changer', villagers told",https://www.bbc.co.uk/news/articles/cgr10jj8xg2o,2025-11-25,,4,https://ichef.bbci.co.uk/ace/standard/1920/cpsprodpb/c8a7/live/b41eb8f0-c959-11f0-b163-d7d455ce68d3.jpg,../Scripts/output/bbc/bbc_images/bbc_2025-11-25_cgr10jj8xg2o_img04.jpg,"Image caption, Co2 could be captured from gas-fired power stations and stored under the sea",,0,,0,,1,broad_candidate
cly5xr1rze4o,BBC News,2025,"""carbon budget""",Low-carbon Coventry city centre heating project set for expansion,https://www.bbc.co.uk/news/articles/cly5xr1rze4o,2025-11-27,,1,https://ichef.bbci.co.uk/ace/standard/3840/cpsprodpb/f4e6/live/545bceb0-caf0-11f0-9fb5-5f3a3703a365.jpg,../Scripts/output/bbc/bbc_images/bbc_2025-11-27_cly5xr1rze4o_img01.jpg,"Image caption, Coventry City Council is recommended to extend the Heatline contract so it can expand in the city",,0,,0,,1,broad_candidate
ced6xj7d139o,BBC News,2025,"""climate change""",Energy the focus of Cornish council's climate change mission,https://www.bbc.co.uk/news/articles/ced6xj7d139o,2025-11-28,,1,https://ichef.bbci.co.uk/ace/standard/1200/cpsprodpb/adf9/live/ad56a460-cb89-11f0-80af-5fc3f0c6339f.jpg,../Scripts/output/bbc/bbc_images/bbc_2025-11-28_ced6xj7d139o_img01.jpg,"Image caption, Richard Davies, vice-chair of Stoke Climsland Parish Council, said it is hoped the guide makes residents consider making changes",,0,,0,,1,broad_candidate
ced6xj7d139o,BBC News,2025,"""climate change""",Energy the focus of Cornish council's climate change mission,https://www.bbc.co.uk/news/articles/ced6xj7d139o,2025-11-28,,2,https://ichef.bbci.co.uk/ace/standard/3840/cpsprodpb/3d1c/live/b418c720-ba53-11f0-aac3-4f1fdbb3aa71.jpg,../Scripts/output/bbc/bbc_images/bbc_2025-11-28_ced6xj7d139o_img02.jpg,"Image caption, John Lewis said he was sceptical at first about having a heat pump because he had an older property but ended up finding it ""very useful""",,0,,0,,1,broad_candidate
cwyg30ly956o,BBC News,2025,"""net zero""",Coop society's goals approved as part of net-zero mission,https://www.bbc.co.uk/news/articles/cwyg30ly956o,2025-11-29,,1,https://ichef.bbci.co.uk/ace/standard/797/cpsprodpb/7b66/live/09097c10-cc4d-11f0-a892-01d657345866.jpg,../Scripts/output/bbc/bbc_images/bbc_2025-11-29_cwyg30ly956o_img01.jpg,"Image caption, CI Coop said it aimed to reach net-zero greenhouse gas emissions across the entire chain by 2040",,0,,0,,1,broad_candidate
cx2gq4lrv6eo,BBC News,2025,"""carbon budget""",Sixteen people treated after carbon monoxide leak in Hastings,https://www.bbc.co.uk/news/articles/cx2gq4lrv6eo,2025-12-03,,1,https://ichef.bbci.co.uk/ace/standard/1504/cpsprodpb/a632/live/9ad68830-d04f-11f0-8949-71025704e055.jpg,../Scripts/output/bbc/bbc_images/bbc_2025-12-03_cx2gq4lrv6eo_img01.jpg,"Image caption, Emergency services called to Queen's Apartments in Robertson Terrace, Hastings on Tuesday shortly before 19:00 GMT",,0,,0,,1,broad_candidate
cn09zg32g3lo,BBC News,2025,"""net zero""",Dropped Teesside hydrogen plant âdiscouragingâ for net zero,https://www.bbc.co.uk/news/articles/cn09zg32g3lo,2025-12-08,,1,https://ichef.bbci.co.uk/ace/standard/781/cpsprodpb/667b/live/2e40a740-556d-11ef-83e3-9df5ffa02a25.png,../Scripts/output/bbc/bbc_images/bbc_2025-12-08_cn09zg32g3lo_img01.png,"Image caption, H2Teesside would have been one of the largest blue hydrogen plants in the UK, BP said",,0,,0,,1,broad_candidate
cr5zqnyde27o,BBC News,2025,"""carbon budget""",Is there a future for carbon capture and storage in Scotland?,https://www.bbc.co.uk/news/articles/cr5zqnyde27o,2025-12-08,2025-12-09,1,https://ichef.bbci.co.uk/ace/standard/2048/cpsprodpb/63b3/live/2db1aac0-d417-11f0-81ee-c91af15cf840.jpg,../Scripts/output/bbc/bbc_images/bbc_2025-12-08_cr5zqnyde27o_img01.jpg,"Image caption, St Fergus in Aberdeenshire is where Scotland's captured carbon will be processed",,0,,0,,1,broad_candidate
cr5zqnyde27o,BBC News,2025,"""carbon budget""",Is there a future for carbon capture and storage in Scotland?,https://www.bbc.co.uk/news/articles/cr5zqnyde27o,2025-12-08,2025-12-09,2,https://ichef.bbci.co.uk/ace/standard/2048/cpsprodpb/0bec/live/733be1d0-d428-11f0-93c0-4fd4a05b7c18.jpg,../Scripts/output/bbc/bbc_images/bbc_2025-12-08_cr5zqnyde27o_img02.jpg,"Image caption, The Chancellor Rachel Reeves visited St Fergus in August",,0,,0,,1,broad_candidate
cr5zqnyde27o,BBC News,2025,"""carbon budget""",Is there a future for carbon capture and storage in Scotland?,https://www.bbc.co.uk/news/articles/cr5zqnyde27o,2025-12-08,2025-12-09,3,https://ichef.bbci.co.uk/ace/standard/2048/cpsprodpb/14e5/live/38f2dba0-d469-11f0-b331-5f24a4a7069f.jpg,../Scripts/output/bbc/bbc_images/bbc_2025-12-08_cr5zqnyde27o_img03.jpg,"Image caption, ExxonMobil expects to close its operations at Mossmorran, Fife, in early 2026",,0,,0,,1,broad_candidate
cr5zqnyde27o,BBC News,2025,"""carbon budget""",Is there a future for carbon capture and storage in Scotland?,https://www.bbc.co.uk/news/articles/cr5zqnyde27o,2025-12-08,2025-12-09,4,https://ichef.bbci.co.uk/ace/standard/2048/cpsprodpb/03d8/live/92e68b20-d450-11f0-8b57-d3fa96717fb2.jpg,../Scripts/output/bbc/bbc_images/bbc_2025-12-08_cr5zqnyde27o_img04.jpg,"Image caption, General manager of the Acorn project, Nic Braley, says it has a viable future",,0,,0,,1,broad_candidate
cr5zqnyde27o,BBC News,2025,"""carbon budget""",Is there a future for carbon capture and storage in Scotland?,https://www.bbc.co.uk/news/articles/cr5zqnyde27o,2025-12-08,2025-12-09,5,https://ichef.bbci.co.uk/ace/standard/1920/cpsprodpb/1077/live/c0e9c8d0-d459-11f0-9aed-598bbb04d197.jpg,../Scripts/output/bbc/bbc_images/bbc_2025-12-08_cr5zqnyde27o_img05.jpg,"Image caption, Despite the refinery's closure, Grangemouth will still contribute significant emissions to the Acorn project",,0,,0,,1,broad_candidate
cvgrkyv8vpxo,BBC News,2025,"""net zero""",Bid for referendum on Isle of Man's net zero policy rejected,https://www.bbc.co.uk/news/articles/cvgrkyv8vpxo,2025-12-11,,1,https://ichef.bbci.co.uk/ace/standard/925/cpsprodpb/9272/live/535af200-d68c-11f0-863b-efebc3aa9a1d.jpg,../Scripts/output/bbc/bbc_images/bbc_2025-12-11_cvgrkyv8vpxo_img01.jpg,"Image caption, Stu Peters brought forward a motion to hold a referendum on the island's net zero policy",,0,,0,,1,broad_candidate
c5yq5r92gygo,BBC News,2025,"""carbon budget""",M&S Charlton staff checked for carbon monoxide poisoning,https://www.bbc.co.uk/news/articles/c5yq5r92gygo,2025-12-16,,1,https://ichef.bbci.co.uk/ace/standard/3840/cpsprodpb/d3ca/live/c932fe70-da95-11f0-a935-a596470f30cd.jpg,../Scripts/output/bbc/bbc_images/bbc_2025-12-16_c5yq5r92gygo_img01.jpg,"Image caption, Specialists have been assessing the situation at the shopping centre on Gallions Road",,0,,0,,1,broad_candidate
cvg14zxdxr1o,BBC News,2025,"""climate change""",Lincolnshire farm uses climate change to grow olives at Long Sutton,https://www.bbc.co.uk/news/articles/cvg14zxdxr1o,2025-12-16,,1,https://ichef.bbci.co.uk/ace/standard/2560/cpsprodpb/825b/live/1f3adff0-d9dc-11f0-ba85-09c2975a5393.jpg,../Scripts/output/bbc/bbc_images/bbc_2025-12-16_cvg14zxdxr1o_img01.jpg,"Image caption, David Hoyles is growing a commercial olive crop on land near Spalding",,0,,0,,1,broad_candidate
cvg14zxdxr1o,BBC News,2025,"""climate change""",Lincolnshire farm uses climate change to grow olives at Long Sutton,https://www.bbc.co.uk/news/articles/cvg14zxdxr1o,2025-12-16,,2,https://ichef.bbci.co.uk/ace/standard/3840/cpsprodpb/4cb4/live/764b0950-d667-11f0-a892-01d657345866.jpg,../Scripts/output/bbc/bbc_images/bbc_2025-12-16_cvg14zxdxr1o_img02.jpg,"Image caption, The farm at Long Sutton bought 18,000 olive tree saplings from Spain which were planted in 2024",,0,,0,,1,broad_candidate
cvg14zxdxr1o,BBC News,2025,"""climate change""",Lincolnshire farm uses climate change to grow olives at Long Sutton,https://www.bbc.co.uk/news/articles/cvg14zxdxr1o,2025-12-16,,3,https://ichef.bbci.co.uk/ace/standard/2560/cpsprodpb/85b7/live/40792340-d66f-11f0-91f5-0bd827601511.jpg,../Scripts/output/bbc/bbc_images/bbc_2025-12-16_cvg14zxdxr1o_img03.jpg,"Image caption, The olive trees were planted on the Hoyles' family farm in 2024",,0,,0,,1,broad_candidate
cvg14zxdxr1o,BBC News,2025,"""climate change""",Lincolnshire farm uses climate change to grow olives at Long Sutton,https://www.bbc.co.uk/news/articles/cvg14zxdxr1o,2025-12-16,,4,https://ichef.bbci.co.uk/ace/standard/2560/cpsprodpb/8af7/live/c5b09190-d67b-11f0-bfa6-937b2a201f13.jpg,../Scripts/output/bbc/bbc_images/bbc_2025-12-16_cvg14zxdxr1o_img04.jpg,"Image caption, The olives are currently harvested by hand by family and friends",,0,,0,,1,broad_candidate
cd9zpjqpdyxo,BBC News,2025,"""sea level rise""",Flood warnings across south of England as river levels rise,https://www.bbc.co.uk/news/articles/cd9zpjqpdyxo,2025-12-19,,1,https://ichef.bbci.co.uk/ace/standard/1536/cpsprodpb/50db/live/0cb2a070-dcc0-11f0-adc6-3df3a71ee64f.jpg,../Scripts/output/bbc/bbc_images/bbc_2025-12-19_cd9zpjqpdyxo_img01.jpg,"Image caption, The Upper Frome from Maiden Newton to Dorchester is under a flood warning with many routes, including the Charminster to Cerne Abbas road in Dorset, left awash with water",,0,,0,,1,broad_candidate
cd9zpjqpdyxo,BBC News,2025,"""sea level rise""",Flood warnings across south of England as river levels rise,https://www.bbc.co.uk/news/articles/cd9zpjqpdyxo,2025-12-19,,2,https://ichef.bbci.co.uk/ace/standard/1800/cpsprodpb/9c0d/live/7cf46840-dcbc-11f0-adc6-3df3a71ee64f.jpg,../Scripts/output/bbc/bbc_images/bbc_2025-12-19_cd9zpjqpdyxo_img02.jpg,"Image caption, A car got stuck on Thursday attempting to cross a ford at Godshill near Fordingbridge",,0,,0,,1,broad_candidate
c2k43en0pw0o,BBC News,2025,"""climate change""",Swindon teenagers give their views on tackling climate change,https://www.bbc.co.uk/news/articles/c2k43en0pw0o,2025-12-24,,1,https://ichef.bbci.co.uk/ace/standard/3840/cpsprodpb/b9c9/live/3c517be0-dbfc-11f0-a030-476ae6d8c14a.jpg,../Scripts/output/bbc/bbc_images/bbc_2025-12-24_c2k43en0pw0o_img01.jpg,"Image caption, Anya is part of a team of young people forging a new chapter for Swindon",,0,,0,,1,broad_candidate
c2k43en0pw0o,BBC News,2025,"""climate change""",Swindon teenagers give their views on tackling climate change,https://www.bbc.co.uk/news/articles/c2k43en0pw0o,2025-12-24,,2,https://ichef.bbci.co.uk/ace/standard/815/cpsprodpb/4805/live/17a60020-dbf9-11f0-b67b-690eb873de1b.png,../Scripts/output/bbc/bbc_images/bbc_2025-12-24_c2k43en0pw0o_img02.png,"Image caption, An excerpt from the WAY Changemakers' report into climate change views in Swindon",,0,,0,,1,broad_candidate
c2k43en0pw0o,BBC News,2025,"""climate change""",Swindon teenagers give their views on tackling climate change,https://www.bbc.co.uk/news/articles/c2k43en0pw0o,2025-12-24,,3,https://ichef.bbci.co.uk/ace/standard/3840/cpsprodpb/6e31/live/40b80a50-dbfc-11f0-a030-476ae6d8c14a.jpg,../Scripts/output/bbc/bbc_images/bbc_2025-12-24_c2k43en0pw0o_img03.jpg,"Image caption, Rylee worked with WAY Changemakers on a new climate change report",,0,,0,,1,broad_candidate
c2k43en0pw0o,BBC News,2025,"""climate change""",Swindon teenagers give their views on tackling climate change,https://www.bbc.co.uk/news/articles/c2k43en0pw0o,2025-12-24,,4,https://ichef.bbci.co.uk/ace/standard/3840/cpsprodpb/d6d1/live/5281b880-dbfc-11f0-a030-476ae6d8c14a.jpg,../Scripts/output/bbc/bbc_images/bbc_2025-12-24_c2k43en0pw0o_img04.jpg,"Image caption, Jonathan said some people fear cycling in Swindon due to a lack of cycle lanes",,0,,0,,1,broad_candidate
c2k43en0pw0o,BBC News,2025,"""climate change""",Swindon teenagers give their views on tackling climate change,https://www.bbc.co.uk/news/articles/c2k43en0pw0o,2025-12-24,,5,https://ichef.bbci.co.uk/ace/standard/3840/cpsprodpb/3c7f/live/4bc700e0-dbfc-11f0-a030-476ae6d8c14a.jpg,../Scripts/output/bbc/bbc_images/bbc_2025-12-24_c2k43en0pw0o_img05.jpg,"Image caption, Cycle lanes at the Fleming Way bus station in Swindon",,0,,0,,1,broad_candidate
c2k43en0pw0o,BBC News,2025,"""climate change""",Swindon teenagers give their views on tackling climate change,https://www.bbc.co.uk/news/articles/c2k43en0pw0o,2025-12-24,,6,https://ichef.bbci.co.uk/ace/standard/1600/cpsprodpb/c54e/live/7abe7be0-dc00-11f0-b92d-b15213b4df60.jpg,../Scripts/output/bbc/bbc_images/bbc_2025-12-24_c2k43en0pw0o_img06.jpg,"Image caption, Emma Bushell, pictured in all black by the door, met the WAY Changemakers",,0,,0,,1,broad_candidate
uk-england-beds-bucks-herts-36563581,BBC News,2016,IPCC,IPCC's criminal investigation into officers after man dies in Bedford,https://www.bbc.co.uk/news/uk-england-beds-bucks-herts-36563581,2016-06-17,,1,https://ichef.bbci.co.uk/ace/standard/976/cpsprodpb/95B8/production/_89682383_video-swns-edit.jpg,../Scripts/output/bbc/bbc_images/bbc_2016-06-17_uk-england-beds-bucks-herts-36563581_img01.jpg,"Image caption, Alleged footage of the incident was been posted online",,0,,1,video,1,broad_candidate
uk-england-leeds-38759001,BBC News,2017,IPCC,No IPCC investigation into Bradford City fire disaster,https://www.bbc.co.uk/news/uk-england-leeds-38759001,2017-01-26,,1,https://ichef.bbci.co.uk/ace/standard/976/cpsprodpb/10FF6/production/_93822696_gettyimages-52733611.jpg,../Scripts/output/bbc/bbc_images/bbc_2017-01-26_uk-england-leeds-38759001_img01.jpg,"Image caption, Fifty-six people died and more than 250 were injured in the 1985 disaster",,0,,1,getty,1,broad_candidate
uk-england-leeds-38759001,BBC News,2017,IPCC,No IPCC investigation into Bradford City fire disaster,https://www.bbc.co.uk/news/uk-england-leeds-38759001,2017-01-26,,2,https://ichef.bbci.co.uk/ace/standard/976/cpsprodpb/02D2/production/_93822700_gettyimages-52733540.jpg,../Scripts/output/bbc/bbc_images/bbc_2017-01-26_uk-england-leeds-38759001_img02.jpg,"Image caption, An inquiry ruled the fire had been started by a spectator dropping a cigarette or a lighted match",,0,,1,getty,1,broad_candidate
uk-england-london-38767799,BBC News,2017,IPCC,IPCC to investigate Met after DJ told 'black men commit crime',https://www.bbc.co.uk/news/uk-england-london-38767799,2017-01-27,,2,https://ichef.bbci.co.uk/ace/standard/976/cpsprodpb/7623/production/_93834203_mediaitem93834202.jpg,../Scripts/output/bbc/bbc_images/bbc_2017-01-27_uk-england-london-38767799_img02.jpg,"Image caption, DMODeejay said he posted the video on the internet to raise awareness",,0,,1,video,1,broad_candidate
uk-39034668,BBC News,2017,IPCC,IPCC advises separating police officers after fatal incidents,https://www.bbc.co.uk/news/uk-39034668,2017-02-21,,1,https://ichef.bbci.co.uk/ace/standard/976/cpsprodpb/13051/production/_94750977_tv037770446.jpg,../Scripts/output/bbc/bbc_images/bbc_2017-02-21_uk-39034668_img01.jpg,,,0,,1,epa,1,broad_candidate
uk-39034668,BBC News,2017,IPCC,IPCC advises separating police officers after fatal incidents,https://www.bbc.co.uk/news/uk-39034668,2017-02-21,,2,https://ichef.bbci.co.uk/ace/standard/976/cpsprodpb/22C9/production/_94750980_tv037730653.jpg,../Scripts/output/bbc/bbc_images/bbc_2017-02-21_uk-39034668_img02.jpg,,,0,,1,epa,1,broad_candidate
science-environment-41319885,BBC News,2017,"""1.5C""",Paris climate aim 'still achievable',https://www.bbc.co.uk/news/science-environment-41319885,2017-09-19,,1,https://ichef.bbci.co.uk/ace/standard/976/cpsprodpb/3D24/production/_96325651_gettyimages-187384421.jpg,../Scripts/output/bbc/bbc_images/bbc_2017-09-19_science-environment-41319885_img01.jpg,"Image caption, Renewable energy in Nicaragua",,0,,1,getty,1,broad_candidate
uk-england-44808202,BBC News,2018,"""sea level rise""",British salt marshes 'to disappear' as sea levels rise,https://www.bbc.co.uk/news/uk-england-44808202,2018-07-12,,3,https://ichef.bbci.co.uk/ace/standard/976/cpsprodpb/6251/production/_102496152_gettyimages-647392984.jpg,../Scripts/output/bbc/bbc_images/bbc_2018-07-12_uk-england-44808202_img03.jpg,"Image caption, The marshes protect coastal land and are home to delicate ecosystems",,0,,1,getty,1,broad_candidate
science-environment-45653099,BBC News,2018,"""1.5C""",IPCC: Climate scientists consider 'life changing' report,https://www.bbc.co.uk/news/science-environment-45653099,2018-10-01,,1,https://ichef.bbci.co.uk/ace/standard/976/cpsprodpb/13ABA/production/_103607508_gettyimages-495745754.jpg,../Scripts/output/bbc/bbc_images/bbc_2018-10-01_science-environment-45653099_img01.jpg,"Image caption, People who live on some Pacific islands are worried they will lose their homes to the sea if temperature rise exceeds 1.5C",,0,,1,getty,1,broad_candidate
science-environment-45653099,BBC News,2018,"""1.5C""",IPCC: Climate scientists consider 'life changing' report,https://www.bbc.co.uk/news/science-environment-45653099,2018-10-01,,2,https://ichef.bbci.co.uk/ace/standard/976/cpsprodpb/0622/production/_103607510_gettyimages-1029646536-1.jpg,../Scripts/output/bbc/bbc_images/bbc_2018-10-01_science-environment-45653099_img02.jpg,,,0,,1,getty,1,broad_candidate
science-environment-45653099,BBC News,2018,"""1.5C""",IPCC: Climate scientists consider 'life changing' report,https://www.bbc.co.uk/news/science-environment-45653099,2018-10-01,,3,https://ichef.bbci.co.uk/ace/standard/976/cpsprodpb/A262/production/_103607514_gettyimages-469723319.jpg,../Scripts/output/bbc/bbc_images/bbc_2018-10-01_science-environment-45653099_img03.jpg,"Image caption, Droughts and heatwaves have struck several parts of the world in 2018, leading many people to question just how much impact climate change is having",,0,,1,getty,1,broad_candidate
science-environment-45653099,BBC News,2018,"""1.5C""",IPCC: Climate scientists consider 'life changing' report,https://www.bbc.co.uk/news/science-environment-45653099,2018-10-01,,4,https://ichef.bbci.co.uk/ace/standard/976/cpsprodpb/EC9A/production/_103607506_gettyimages-621625710.jpg,../Scripts/output/bbc/bbc_images/bbc_2018-10-01_science-environment-45653099_img04.jpg,"Image caption, Hoesung Lee is the chairman of the IPCC",,0,,1,getty,1,broad_candidate
science-environment-45653099,BBC News,2018,"""1.5C""",IPCC: Climate scientists consider 'life changing' report,https://www.bbc.co.uk/news/science-environment-45653099,2018-10-01,,5,https://ichef.bbci.co.uk/ace/standard/976/cpsprodpb/5442/production/_103607512_gettyimages-889354378.jpg,../Scripts/output/bbc/bbc_images/bbc_2018-10-01_science-environment-45653099_img05.jpg,"Image caption, Researchers believe that wildfires in many locations have been impacted by rising temperatures",,0,,1,getty,1,broad_candidate
science-environment-45742191,BBC News,2018,"""1.5C""",Caution urged over use of 'carbon unicorns' to limit warming,https://www.bbc.co.uk/news/science-environment-45742191,2018-10-05,,2,https://ichef.bbci.co.uk/ace/standard/976/cpsprodpb/7473/production/_103711892_gettyimages-661608490.jpg,../Scripts/output/bbc/bbc_images/bbc_2018-10-05_science-environment-45742191_img02.jpg,"Image caption, BECCS: Wood pellets are now being burnt in power stations",,0,,1,getty,1,broad_candidate
science-environment-45784892,BBC News,2018,IPCC,Five things we have learned from the IPCC report,https://www.bbc.co.uk/news/science-environment-45784892,2018-10-08,,1,https://ichef.bbci.co.uk/ace/standard/976/cpsprodpb/14538/production/_103765238_gettyimages-844334316.jpg,../Scripts/output/bbc/bbc_images/bbc_2018-10-08_science-environment-45784892_img01.jpg,,,0,,1,getty,1,broad_candidate
science-environment-45784892,BBC News,2018,IPCC,Five things we have learned from the IPCC report,https://www.bbc.co.uk/news/science-environment-45784892,2018-10-08,,2,https://ichef.bbci.co.uk/ace/standard/976/cpsprodpb/11E28/production/_103765237_gettyimages-854124524.jpg,../Scripts/output/bbc/bbc_images/bbc_2018-10-08_science-environment-45784892_img02.jpg,,,0,,1,getty,1,broad_candidate
science-environment-45784892,BBC News,2018,IPCC,Five things we have learned from the IPCC report,https://www.bbc.co.uk/news/science-environment-45784892,2018-10-08,,5,https://ichef.bbci.co.uk/ace/standard/976/cpsprodpb/10A0/production/_103765240_gettyimages-929009736.jpg,../Scripts/output/bbc/bbc_images/bbc_2018-10-08_science-environment-45784892_img05.jpg,,,0,,1,getty,1,broad_candidate
science-environment-45784892,BBC News,2018,IPCC,Five things we have learned from the IPCC report,https://www.bbc.co.uk/news/science-environment-45784892,2018-10-08,,6,https://ichef.bbci.co.uk/ace/standard/976/cpsprodpb/16C48/production/_103765239_gettyimages-931226246.jpg,../Scripts/output/bbc/bbc_images/bbc_2018-10-08_science-environment-45784892_img06.jpg,,,0,,1,getty,1,broad_candidate
science-environment-48337629,BBC News,2019,"""sea level rise""",Climate change: Global sea level rise could be bigger than expected,https://www.bbc.co.uk/news/science-environment-48337629,2019-05-20,,1,https://ichef.bbci.co.uk/ace/standard/976/cpsprodpb/6EC1/production/_107035382_gettyimages-472144812.jpg,../Scripts/output/bbc/bbc_images/bbc_2019-05-20_science-environment-48337629_img01.jpg,,,0,,1,getty,1,broad_candidate
science-environment-50236882,BBC News,2019,"""sea level rise""",Climate change: Sea level rise to affect 'three times more people',https://www.bbc.co.uk/news/science-environment-50236882,2019-10-30,,1,https://ichef.bbci.co.uk/ace/standard/976/cpsprodpb/17C92/production/_109462479_getty1.jpg,../Scripts/output/bbc/bbc_images/bbc_2019-10-30_science-environment-50236882_img01.jpg,"Image caption, Heavy rain on a high tide flooded Don Mueang Airport in Bangkok in 2011",,0,,1,getty,1,broad_candidate
science-environment-56208651,BBC News,2021,"""1.5C""",Climate change: Carbon emission promises 'put Earth on red alert',https://www.bbc.co.uk/news/science-environment-56208651,2021-02-26,,1,https://ichef.bbci.co.uk/ace/standard/976/cpsprodpb/DD23/production/_117311665_gettyimages-1189129733.jpg,../Scripts/output/bbc/bbc_images/bbc_2021-02-26_science-environment-56208651_img01.jpg,"Image caption, Policies notified to the UN suggest the move to greener technologies will not be fast enough",,0,,1,getty,1,broad_candidate
science-environment-56935097,BBC News,2021,"""sea level rise""",The Cornish hut that gave rise to sea level benchmark,https://www.bbc.co.uk/news/science-environment-56935097,2021-04-30,,2,https://ichef.bbci.co.uk/ace/standard/976/cpsprodpb/C612/production/_118260705_gettyimages-567742023.jpg,../Scripts/output/bbc/bbc_images/bbc_2021-04-30_science-environment-56935097_img02.jpg,"Image caption, The six-year study was conducted in the concrete building behind the Newlyn lighthouse",,0,,1,getty,1,broad_candidate
science-environment-58130705,BBC News,2021,IPCC,Climate change: IPCC report is 'code red for humanity',https://www.bbc.co.uk/news/science-environment-58130705,2021-08-09,,4,https://ichef.bbci.co.uk/ace/standard/976/cpsprodpb/DDDA/production/_119549765_gettyimages-1330125393.jpg,../Scripts/output/bbc/bbc_images/bbc_2021-08-09_science-environment-58130705_img04.jpg,"Image caption, Drought in California has seen water levels in Lake Oroville drop to record lows",,0,,1,getty,1,broad_candidate
uk-wales-58146128,BBC News,2021,IPCC,Climate change: IPCC report heralds Wales' 'last-chance saloon',https://www.bbc.co.uk/news/uk-wales-58146128,2021-08-09,,1,https://ichef.bbci.co.uk/ace/standard/976/cpsprodpb/D6D4/production/_111069945_gettyimages-1206612086.jpg,../Scripts/output/bbc/bbc_images/bbc_2021-08-09_uk-wales-58146128_img01.jpg,"Image caption, Severe storms such as Storm Dennis in 2020 are ""a taste of things to come"", the Royal Meteorological Society said",,0,,1,getty,1,broad_candidate
world-58064485,BBC News,2021,IPCC,Climate change: At-risk nations fear extinction after IPCC report,https://www.bbc.co.uk/news/world-58064485,2021-08-09,,1,https://ichef.bbci.co.uk/ace/standard/976/cpsprodpb/15097/production/_119876168_maldives_floods_getty.jpg,../Scripts/output/bbc/bbc_images/bbc_2021-08-09_world-58064485_img01.jpg,"Image caption, Countries like the Maldives are among the most vulnerable to climate change",,0,,1,getty,1,broad_candidate
world-asia-india-58155294,BBC News,2021,IPCC,Climate change: The IPCC environmental warning India cannot ignore,https://www.bbc.co.uk/news/world-asia-india-58155294,2021-08-10,,1,https://ichef.bbci.co.uk/ace/standard/976/cpsprodpb/10F3D/production/_119873496_gettyimages-1234504243.jpg,../Scripts/output/bbc/bbc_images/bbc_2021-08-10_world-asia-india-58155294_img01.jpg,"Image caption, Many Indian states are seeing frequent flooding",,0,,1,getty,1,broad_candidate
world-asia-india-58155294,BBC News,2021,IPCC,Climate change: The IPCC environmental warning India cannot ignore,https://www.bbc.co.uk/news/world-asia-india-58155294,2021-08-10,,3,https://ichef.bbci.co.uk/ace/standard/976/cpsprodpb/15D5D/production/_119873498_gettyimages-962078678-1.jpg,../Scripts/output/bbc/bbc_images/bbc_2021-08-10_world-asia-india-58155294_img03.jpg,"Image caption, Forest fires will get more frequent as global warming worsens",,0,,1,getty,1,broad_candidate
world-asia-india-58155294,BBC News,2021,IPCC,Climate change: The IPCC environmental warning India cannot ignore,https://www.bbc.co.uk/news/world-asia-india-58155294,2021-08-10,,4,https://ichef.bbci.co.uk/ace/standard/976/cpsprodpb/C11D/production/_119873494_gettyimages-1234504087.jpg,../Scripts/output/bbc/bbc_images/bbc_2021-08-10_world-asia-india-58155294_img04.jpg,"Image caption, The Indian government says more areas have become prone to flooding in the past two decades",,0,,1,getty,1,broad_candidate
science-environment-58494391,BBC News,2021,"""1.5C""","Climate change: Fossil fuels must stay underground, scientists say",https://www.bbc.co.uk/news/science-environment-58494391,2021-09-08,2021-09-09,1,https://ichef.bbci.co.uk/ace/standard/976/cpsprodpb/18000/production/_119840389_gettyimages-1093927408.jpg,../Scripts/output/bbc/bbc_images/bbc_2021-09-08_science-environment-58494391_img01.jpg,"Image caption, The Ratcliffe-on-Soar power station in Nottinghamshire is one of Britain's two remaining coal-fired power stations",,0,,1,getty,1,broad_candidate
science-environment-58494391,BBC News,2021,"""1.5C""","Climate change: Fossil fuels must stay underground, scientists say",https://www.bbc.co.uk/news/science-environment-58494391,2021-09-08,2021-09-09,3,https://ichef.bbci.co.uk/ace/standard/976/cpsprodpb/E98F/production/_120419795_gettyimages-1234839043.jpg,../Scripts/output/bbc/bbc_images/bbc_2021-09-08_science-environment-58494391_img03.jpg,,,0,,1,getty,1,broad_candidate
world-asia-india-58922398,BBC News,2021,"""1.5C""",Climate change: What emission cuts has India promised?,https://www.bbc.co.uk/news/world-asia-india-58922398,2021-10-27,2022-11-07,1,https://ichef.bbci.co.uk/ace/standard/1024/cpsprodpb/D08F/production/_127519335_gettyimages-1243502660-1.jpg,../Scripts/output/bbc/bbc_images/bbc_2021-10-27_world-asia-india-58922398_img01.jpg,"Image caption, Many Indians have been participating in global climate strikes",,0,,1,getty,1,broad_candidate
world-asia-india-58922398,BBC News,2021,"""1.5C""",Climate change: What emission cuts has India promised?,https://www.bbc.co.uk/news/world-asia-india-58922398,2021-10-27,2022-11-07,3,https://ichef.bbci.co.uk/ace/standard/1024/cpsprodpb/168E7/production/_127519329_gettyimages-1355971240.jpg,../Scripts/output/bbc/bbc_images/bbc_2021-10-27_world-asia-india-58922398_img03.jpg,"Image caption, India is heavily reliant on coal for power generation",,0,,1,getty,1,broad_candidate
science-environment-59253928,BBC News,2021,"""1.5C""",COP26: Fear of failure as climate summit enters final day,https://www.bbc.co.uk/news/science-environment-59253928,2021-11-11,2021-11-12,1,https://ichef.bbci.co.uk/ace/standard/976/cpsprodpb/E986/production/_121528795_gettyimages-1236501451.jpg,../Scripts/output/bbc/bbc_images/bbc_2021-11-11_science-environment-59253928_img01.jpg,"Image caption, Youth climate activists made a human corridor at the start of the COP26 closing plenaries on Thursday",,0,,1,getty,1,broad_candidate
uk-england-suffolk-60120043,BBC News,2022,"""carbon budget""",Suffolk County Council publishes first carbon emissions 'budget',https://www.bbc.co.uk/news/uk-england-suffolk-60120043,2022-01-25,,1,https://ichef.bbci.co.uk/ace/standard/976/cpsprodpb/E125/production/_122973675_screenshot2022-01-24200728.jpg,../Scripts/output/bbc/bbc_images/bbc_2022-01-25_uk-england-suffolk-60120043_img01.jpg,"Image caption, The carbon budget will aim to measure emissions from the council's buildings",,0,,1,screenshot,1,broad_candidate
uk-england-suffolk-60120043,BBC News,2022,"""carbon budget""",Suffolk County Council publishes first carbon emissions 'budget',https://www.bbc.co.uk/news/uk-england-suffolk-60120043,2022-01-25,,2,https://ichef.bbci.co.uk/ace/standard/976/cpsprodpb/9305/production/_122973673_screenshot2022-01-24200649.jpg,../Scripts/output/bbc/bbc_images/bbc_2022-01-25_uk-england-suffolk-60120043_img02.jpg,"Image caption, Richard Rout said it would not be possible to eliminateÂ all emissions but it aimed to offset them by tree planting or producing its own renewable power",,0,,1,screenshot,1,broad_candidate
science-environment-60431081,BBC News,2022,IPCC,IPCC: Climate change report to sound warning on impacts,https://www.bbc.co.uk/news/science-environment-60431081,2022-02-22,,1,https://ichef.bbci.co.uk/ace/standard/976/cpsprodpb/A5AB/production/_123311424_gettyimages-1273798024.jpg,../Scripts/output/bbc/bbc_images/bbc_2022-02-22_science-environment-60431081_img01.jpg,,,0,,1,getty,1,broad_candidate
science-environment-60431081,BBC News,2022,IPCC,IPCC: Climate change report to sound warning on impacts,https://www.bbc.co.uk/news/science-environment-60431081,2022-02-22,,2,https://ichef.bbci.co.uk/ace/standard/976/cpsprodpb/141EB/production/_123311428_gettyimages-1237183487.jpg,../Scripts/output/bbc/bbc_images/bbc_2022-02-22_science-environment-60431081_img02.jpg,"Image caption, In Kenya, prolonged drought has pushed pastoralists off their land",,0,,1,getty,1,broad_candidate
science-environment-60431081,BBC News,2022,IPCC,IPCC: Climate change report to sound warning on impacts,https://www.bbc.co.uk/news/science-environment-60431081,2022-02-22,,4,https://ichef.bbci.co.uk/ace/standard/976/cpsprodpb/10F87/production/_123311596_gettyimages-1228178616.jpg,../Scripts/output/bbc/bbc_images/bbc_2022-02-22_science-environment-60431081_img04.jpg,"Image caption, People clearing a sewer in Lagos",,0,,1,getty,1,broad_candidate
science-environment-60431081,BBC News,2022,IPCC,IPCC: Climate change report to sound warning on impacts,https://www.bbc.co.uk/news/science-environment-60431081,2022-02-22,,5,https://ichef.bbci.co.uk/ace/standard/976/cpsprodpb/307B/production/_123311421_gettyimages-1232951847.jpg,../Scripts/output/bbc/bbc_images/bbc_2022-02-22_science-environment-60431081_img05.jpg,"Image caption, The melting of Arctic sea ice in the summer may be an important tipping point for climate change",,0,,1,getty,1,broad_candidate
science-environment-60431081,BBC News,2022,IPCC,IPCC: Climate change report to sound warning on impacts,https://www.bbc.co.uk/news/science-environment-60431081,2022-02-22,,6,https://ichef.bbci.co.uk/ace/standard/976/cpsprodpb/4C37/production/_123311591_gettyimages-1237916495.jpg,../Scripts/output/bbc/bbc_images/bbc_2022-02-22_science-environment-60431081_img06.jpg,"Image caption, A man runs from a fire in Colombia",,0,,1,getty,1,broad_candidate
science-environment-60525591,BBC News,2022,IPCC,Climate change: IPCC report warns of âirreversibleâ impacts of global warming,https://www.bbc.co.uk/news/science-environment-60525591,2022-02-28,,1,https://ichef.bbci.co.uk/ace/standard/976/cpsprodpb/929E/production/_123443573_gettyimages-1233951112.jpg,../Scripts/output/bbc/bbc_images/bbc_2022-02-28_science-environment-60525591_img01.jpg,,,0,,1,getty,1,broad_candidate
science-environment-60525591,BBC News,2022,IPCC,Climate change: IPCC report warns of âirreversibleâ impacts of global warming,https://www.bbc.co.uk/news/science-environment-60525591,2022-02-28,,3,https://ichef.bbci.co.uk/ace/standard/976/cpsprodpb/4C4E/production/_123443591_gettyimages-1228095629.jpg,../Scripts/output/bbc/bbc_images/bbc_2022-02-28_science-environment-60525591_img03.jpg,,,0,,1,getty,1,broad_candidate
science-environment-60525591,BBC News,2022,IPCC,Climate change: IPCC report warns of âirreversibleâ impacts of global warming,https://www.bbc.co.uk/news/science-environment-60525591,2022-02-28,,5,https://ichef.bbci.co.uk/ace/standard/976/cpsprodpb/155EE/production/_123443578_gettyimages-1238342624.jpg,../Scripts/output/bbc/bbc_images/bbc_2022-02-28_science-environment-60525591_img05.jpg,"Image caption, Flooding in Madagascar left devastation in its wake",,0,,1,getty,1,broad_candidate
science-environment-60541816,BBC News,2022,IPCC,Climate change: Five things we've learned from the IPCC report,https://www.bbc.co.uk/news/science-environment-60541816,2022-03-01,,1,https://ichef.bbci.co.uk/ace/standard/976/cpsprodpb/11693/production/_123451317_gettyimages-12387962302.jpg,../Scripts/output/bbc/bbc_images/bbc_2022-03-01_science-environment-60541816_img01.jpg,,,0,,1,getty,1,broad_candidate
science-environment-60541816,BBC News,2022,IPCC,Climate change: Five things we've learned from the IPCC report,https://www.bbc.co.uk/news/science-environment-60541816,2022-03-01,,2,https://ichef.bbci.co.uk/ace/standard/976/cpsprodpb/5343/production/_123451312_gettyimages-1236482077.jpg,../Scripts/output/bbc/bbc_images/bbc_2022-03-01_science-environment-60541816_img02.jpg,"Image caption, Campaigners protest about the lack of progress on loss and damage",,0,,1,getty,1,broad_candidate
science-environment-60541816,BBC News,2022,IPCC,Climate change: Five things we've learned from the IPCC report,https://www.bbc.co.uk/news/science-environment-60541816,2022-03-01,,3,https://ichef.bbci.co.uk/ace/standard/976/cpsprodpb/164B3/production/_123451319_gettyimages-1029015428.jpg,../Scripts/output/bbc/bbc_images/bbc_2022-03-01_science-environment-60541816_img03.jpg,"Image caption, Planting trees is seen as a good solution to climate change but the IPCC cautions that planting in the wrong place can do more harm than good",,0,,1,getty,1,broad_candidate
science-environment-60541816,BBC News,2022,IPCC,Climate change: Five things we've learned from the IPCC report,https://www.bbc.co.uk/news/science-environment-60541816,2022-03-01,,4,https://ichef.bbci.co.uk/ace/standard/976/cpsprodpb/4C3B/production/_123451591_gettyimages-1142442342.jpg,../Scripts/output/bbc/bbc_images/bbc_2022-03-01_science-environment-60541816_img04.jpg,"Image caption, Cities like Lagos in Nigeria are hotspots for climate impacts but could become beacons of hope",,0,,1,getty,1,broad_candidate
science-environment-60798220,BBC News,2022,IPCC,Climate change: IPCC scientists to examine carbon removal in key report,https://www.bbc.co.uk/news/science-environment-60798220,2022-03-21,,1,https://ichef.bbci.co.uk/ace/standard/976/cpsprodpb/10BFE/production/_123760686_gettyimages-1365916256.jpg,../Scripts/output/bbc/bbc_images/bbc_2022-03-21_science-environment-60798220_img01.jpg,,,0,,1,getty,1,broad_candidate
science-environment-60798220,BBC News,2022,IPCC,Climate change: IPCC scientists to examine carbon removal in key report,https://www.bbc.co.uk/news/science-environment-60798220,2022-03-21,,4,https://ichef.bbci.co.uk/ace/standard/976/cpsprodpb/4C96/production/_123760691_gettyimages-1237246419.jpg,../Scripts/output/bbc/bbc_images/bbc_2022-03-21_science-environment-60798220_img04.jpg,"Image caption, Solutions such as planting mangroves or trees to absorb carbon will be considered",,0,,1,getty,1,broad_candidate
science-environment-60959306,BBC News,2022,IPCC,Climate change: Scientists race to finish key IPCC report,https://www.bbc.co.uk/news/science-environment-60959306,2022-04-03,,2,https://ichef.bbci.co.uk/ace/standard/976/cpsprodpb/31A2/production/_123760721_gettyimages-1236290706.jpg,../Scripts/output/bbc/bbc_images/bbc_2022-04-03_science-environment-60959306_img02.jpg,"Image caption, Carbon removal technology, such as at this installation in Iceland, will be examined",,0,,1,getty,1,broad_candidate
science-environment-60959306,BBC News,2022,IPCC,Climate change: Scientists race to finish key IPCC report,https://www.bbc.co.uk/news/science-environment-60959306,2022-04-03,,3,https://ichef.bbci.co.uk/ace/standard/976/cpsprodpb/F10A/production/_123760716_gettyimages-1158953466.jpg,../Scripts/output/bbc/bbc_images/bbc_2022-04-03_science-environment-60959306_img03.jpg,"Image caption, Prof Jim Skea is one of the co-chairs of the latest IPCC report",,0,,1,getty,1,broad_candidate
science-environment-60984663,BBC News,2022,IPCC,Climate change: IPCC scientists say it's 'now or never' to limit warming,https://www.bbc.co.uk/news/science-environment-60984663,2022-04-04,,1,https://ichef.bbci.co.uk/ace/standard/976/cpsprodpb/1C52/production/_124005270_gettyimages-1387534297.jpg,../Scripts/output/bbc/bbc_images/bbc_2022-04-04_science-environment-60984663_img01.jpg,,,0,,1,getty,1,broad_candidate
science-environment-60984663,BBC News,2022,IPCC,Climate change: IPCC scientists say it's 'now or never' to limit warming,https://www.bbc.co.uk/news/science-environment-60984663,2022-04-04,,2,https://ichef.bbci.co.uk/ace/standard/976/cpsprodpb/6A72/production/_124005272_gettyimages-1239586641.jpg,../Scripts/output/bbc/bbc_images/bbc_2022-04-04_science-environment-60984663_img02.jpg,"Image caption, Drought is having an impact in many countries including Bangladesh",,0,,1,getty,1,broad_candidate
science-environment-60984663,BBC News,2022,IPCC,Climate change: IPCC scientists say it's 'now or never' to limit warming,https://www.bbc.co.uk/news/science-environment-60984663,2022-04-04,,3,https://ichef.bbci.co.uk/ace/standard/976/cpsprodpb/B892/production/_124005274_gettyimages-1237728482.jpg,../Scripts/output/bbc/bbc_images/bbc_2022-04-04_science-environment-60984663_img03.jpg,"Image caption, Governments will need to look at the provision of low carbon transport",,0,,1,getty,1,broad_candidate
science-environment-60984663,BBC News,2022,IPCC,Climate change: IPCC scientists say it's 'now or never' to limit warming,https://www.bbc.co.uk/news/science-environment-60984663,2022-04-04,,4,https://ichef.bbci.co.uk/ace/standard/976/cpsprodpb/106B2/production/_124005276_gettyimages-1239203556.jpg,../Scripts/output/bbc/bbc_images/bbc_2022-04-04_science-environment-60984663_img04.jpg,"Image caption, Solar power has fallen dramatically in price in the last decade",,0,,1,getty,1,broad_candidate
science-environment-60987614,BBC News,2022,IPCC,Climate change: IPCC scientists report five ways to save the planet,https://www.bbc.co.uk/news/science-environment-60987614,2022-04-04,2022-04-05,1,https://ichef.bbci.co.uk/ace/standard/976/cpsprodpb/C37A/production/_124024005_gettyimages-1386854373.jpg,../Scripts/output/bbc/bbc_images/bbc_2022-04-04_science-environment-60987614_img01.jpg,"Image caption, Coal fired power stations will need to be limited to keep temperatures down",,0,,1,getty,1,broad_candidate
science-environment-60987614,BBC News,2022,IPCC,Climate change: IPCC scientists report five ways to save the planet,https://www.bbc.co.uk/news/science-environment-60987614,2022-04-04,2022-04-05,2,https://ichef.bbci.co.uk/ace/standard/976/cpsprodpb/32F2/production/_124024031_gettyimages-1236290891.jpg,../Scripts/output/bbc/bbc_images/bbc_2022-04-04_science-environment-60987614_img02.jpg,"Image caption, An air capture planet in Iceland pulls in CO2 from the atmosphere which is then turned into rock",,0,,1,getty,1,broad_candidate
science-environment-60987614,BBC News,2022,IPCC,Climate change: IPCC scientists report five ways to save the planet,https://www.bbc.co.uk/news/science-environment-60987614,2022-04-04,2022-04-05,3,https://ichef.bbci.co.uk/ace/standard/976/cpsprodpb/273A/production/_124024001_gettyimages-1238719921.jpg,../Scripts/output/bbc/bbc_images/bbc_2022-04-04_science-environment-60987614_img03.jpg,"Image caption, Electric cars can make a big difference to emissions from transport but need investment in charging technology to speed the uptake",,0,,1,getty,1,broad_candidate
science-environment-60987614,BBC News,2022,IPCC,Climate change: IPCC scientists report five ways to save the planet,https://www.bbc.co.uk/news/science-environment-60987614,2022-04-04,2022-04-05,4,https://ichef.bbci.co.uk/ace/standard/976/cpsprodpb/14462/production/_124024038_gettyimages-1327149001.jpg,../Scripts/output/bbc/bbc_images/bbc_2022-04-04_science-environment-60987614_img04.jpg,"Image caption, Mobility is one of the main sources of emissions for wealthier people",,0,,1,getty,1,broad_candidate
science-environment-61095961,BBC News,2022,"""1.5C""",Climate change: COP26 promises will hold warming under 2C,https://www.bbc.co.uk/news/science-environment-61095961,2022-04-13,,1,https://ichef.bbci.co.uk/ace/standard/976/cpsprodpb/81D3/production/_124153233_gettyimages-1238897896.jpg,../Scripts/output/bbc/bbc_images/bbc_2022-04-13_science-environment-61095961_img01.jpg,,,0,,1,getty,1,broad_candidate
science-environment-61095961,BBC News,2022,"""1.5C""",Climate change: COP26 promises will hold warming under 2C,https://www.bbc.co.uk/news/science-environment-61095961,2022-04-13,,2,https://ichef.bbci.co.uk/ace/standard/976/cpsprodpb/89A3/production/_124153253_gettyimages-1236299730.jpg,../Scripts/output/bbc/bbc_images/bbc_2022-04-13_science-environment-61095961_img02.jpg,"Image caption, India's prime minster Modi is greeted by Boris Johnson at COP26",,0,,1,getty,1,broad_candidate
science-environment-61095961,BBC News,2022,"""1.5C""",Climate change: COP26 promises will hold warming under 2C,https://www.bbc.co.uk/news/science-environment-61095961,2022-04-13,,3,https://ichef.bbci.co.uk/ace/standard/976/cpsprodpb/14523/production/_124153238_gettyimages-1239918065.jpg,../Scripts/output/bbc/bbc_images/bbc_2022-04-13_science-environment-61095961_img03.jpg,"Image caption, Extreme weather events such as flooding are likely to increase as the climate warms",,0,,1,getty,1,broad_candidate
science-environment-61095961,BBC News,2022,"""1.5C""",Climate change: COP26 promises will hold warming under 2C,https://www.bbc.co.uk/news/science-environment-61095961,2022-04-13,,4,https://ichef.bbci.co.uk/ace/standard/976/cpsprodpb/FED3/production/_124153256_gettyimages-1239722657.jpg,../Scripts/output/bbc/bbc_images/bbc_2022-04-13_science-environment-61095961_img04.jpg,"Image caption, Curbing speed limits could reduce demand for oil, say experts",,0,,1,getty,1,broad_candidate
science-environment-61383391,BBC News,2022,"""1.5C""",Climate change: 'Fifty-fifty chance' of breaching 1.5C warming limit,https://www.bbc.co.uk/news/science-environment-61383391,2022-05-09,2022-05-10,1,https://ichef.bbci.co.uk/ace/standard/976/cpsprodpb/9B23/production/_124651793_gettyimages-1394880055.jpg,../Scripts/output/bbc/bbc_images/bbc_2022-05-09_science-environment-61383391_img01.jpg,"Image caption, Rising temperatures are linked to more extreme weather events such as these floods in China",,0,,1,getty,1,broad_candidate
science-environment-61383391,BBC News,2022,"""1.5C""",Climate change: 'Fifty-fifty chance' of breaching 1.5C warming limit,https://www.bbc.co.uk/news/science-environment-61383391,2022-05-09,2022-05-10,2,https://ichef.bbci.co.uk/ace/standard/976/cpsprodpb/14AEB/production/_124651748_gettyimages-1240334571.jpg,../Scripts/output/bbc/bbc_images/bbc_2022-05-09_science-environment-61383391_img02.jpg,"Image caption, The recent heatwave in India has impacted millions of people",,0,,1,getty,1,broad_candidate
science-environment-61383391,BBC News,2022,"""1.5C""",Climate change: 'Fifty-fifty chance' of breaching 1.5C warming limit,https://www.bbc.co.uk/news/science-environment-61383391,2022-05-09,2022-05-10,3,https://ichef.bbci.co.uk/ace/standard/976/cpsprodpb/15E73/production/_124651798_gettyimages-1236538614.jpg,../Scripts/output/bbc/bbc_images/bbc_2022-05-09_science-environment-61383391_img03.jpg,"Image caption, At COP26 in Glasgow, political leaders reaffirmed their commitment to keep warming under 1.5C",,0,,1,getty,1,broad_candidate
science-environment-62322574,BBC News,2022,"""sea level rise""",Climate change: UK sea level rise speeding up - Met Office,https://www.bbc.co.uk/news/science-environment-62322574,2022-07-28,,1,https://ichef.bbci.co.uk/ace/standard/976/cpsprodpb/14CD7/production/_126070258_gettyimages-520727490.jpg,../Scripts/output/bbc/bbc_images/bbc_2022-07-28_science-environment-62322574_img01.jpg,"Image caption, Climate change is speeding up coastal erosion, causing part of this road to fall away in Yorkshire",,0,,1,getty,1,broad_candidate
science-environment-63591796,BBC News,2022,"""1.5C""",COP27: Key climate goal of 1.5C rise faces new challenge,https://www.bbc.co.uk/news/science-environment-63591796,2022-11-11,,1,https://ichef.bbci.co.uk/ace/standard/976/cpsprodpb/F991/production/_127598836_gettyimages-1243186759.jpg,../Scripts/output/bbc/bbc_images/bbc_2022-11-11_science-environment-63591796_img01.jpg,,,0,,1,getty,1,broad_candidate
science-environment-63617400,BBC News,2022,"""global temperature""",COP27: Fears of compromise on key 1.5C global temperature issue,https://www.bbc.co.uk/news/science-environment-63617400,2022-11-14,,1,https://ichef.bbci.co.uk/ace/standard/976/cpsprodpb/B240/production/_127623654_gettyimages-1440934803.jpg,../Scripts/output/bbc/bbc_images/bbc_2022-11-14_science-environment-63617400_img01.jpg,"Image caption, Protests took place at COP27 against the slow state of progress",,0,,1,getty,1,broad_candidate
science-environment-63617400,BBC News,2022,"""global temperature""",COP27: Fears of compromise on key 1.5C global temperature issue,https://www.bbc.co.uk/news/science-environment-63617400,2022-11-14,,4,https://ichef.bbci.co.uk/ace/standard/976/cpsprodpb/17590/production/_127623659_gettyimages-1244128990.jpg,../Scripts/output/bbc/bbc_images/bbc_2022-11-14_science-environment-63617400_img04.jpg,"Image caption, Flooding in Nigeria has impacted many lives",,0,,1,getty,1,broad_candidate
uk-england-essex-64255567,BBC News,2023,"""sea level rise""",Flood of 1953: Canvey Island defiant in face of rising sea levels,https://www.bbc.co.uk/news/uk-england-essex-64255567,2023-01-31,,13,https://ichef.bbci.co.uk/ace/standard/976/cpsprodpb/D487/production/_128370445_gettyimages-1338629186.jpg,../Scripts/output/bbc/bbc_images/bbc_2023-01-31_uk-england-essex-64255567_img13.jpg,"Image caption, Researchers calculated that 270bn tonnes in glacial ice melted in the first two decades of the 21st Century",,0,,1,getty,1,broad_candidate
science-environment-65602293,BBC News,2023,"""1.5C""",Global warming set to break key 1.5C limit for first time,https://www.bbc.co.uk/news/science-environment-65602293,2023-05-17,,2,https://ichef.bbci.co.uk/ace/standard/976/cpsprodpb/1006C/production/_129744656_gettyimages-1254956065.jpg,../Scripts/output/bbc/bbc_images/bbc_2023-05-17_science-environment-65602293_img02.jpg,"Image caption, A school child tries to stay cool amid a heatwave in Indonesia this year",,0,,1,getty,1,broad_candidate
science-environment-65602293,BBC News,2023,"""1.5C""",Global warming set to break key 1.5C limit for first time,https://www.bbc.co.uk/news/science-environment-65602293,2023-05-17,,4,https://ichef.bbci.co.uk/ace/standard/976/cpsprodpb/14E8C/production/_129744658_gettyimages-1486113291.jpg,../Scripts/output/bbc/bbc_images/bbc_2023-05-17_science-environment-65602293_img04.jpg,"Image caption, Flamingoes in Spain find their nesting area hit by drought after fierce heatwave this spring",,0,,1,getty,1,broad_candidate
uk-scotland-66316923,BBC News,2023,IPCC,IPCC: Scots professor to lead top global climate body,https://www.bbc.co.uk/news/uk-scotland-66316923,2023-07-26,,1,https://ichef.bbci.co.uk/ace/standard/976/cpsprodpb/1313E/production/_130524187_gettyimages-1158953466.jpg,../Scripts/output/bbc/bbc_images/bbc_2023-07-26_uk-scotland-66316923_img01.jpg,"Image caption, Professor Jim Skea says he is honoured to take up the position",,0,,1,getty,1,broad_candidate
science-environment-66857354,BBC News,2023,"""1.5C""",World breaches key 1.5C warming mark for record number of days,https://www.bbc.co.uk/news/science-environment-66857354,2023-10-06,2023-10-07,1,https://ichef.bbci.co.uk/ace/standard/976/cpsprodpb/21B1/production/_131352680_greece_wildfire_epa.jpg,../Scripts/output/bbc/bbc_images/bbc_2023-10-06_science-environment-66857354_img01.jpg,,,0,,1,epa,1,broad_candidate
science-environment-67242386,BBC News,2023,"""1.5C""",Carbon emissions threaten 1.5C climate threshold sooner than thought - report,https://www.bbc.co.uk/news/science-environment-67242386,2023-10-30,,1,https://ichef.bbci.co.uk/ace/standard/976/cpsprodpb/109E2/production/_131566086_gettyimages-1718495212-1.jpg,../Scripts/output/bbc/bbc_images/bbc_2023-10-30_science-environment-67242386_img01.jpg,,,0,,1,getty,1,broad_candidate
science-environment-67242386,BBC News,2023,"""1.5C""",Carbon emissions threaten 1.5C climate threshold sooner than thought - report,https://www.bbc.co.uk/news/science-environment-67242386,2023-10-30,,2,https://ichef.bbci.co.uk/ace/standard/976/cpsprodpb/4692/production/_131566081_gettyimages-1750791993-1.jpg,../Scripts/output/bbc/bbc_images/bbc_2023-10-30_science-environment-67242386_img02.jpg,"Image caption, Damage to beach front hotels in Acapulco after Hurricane Otis",,0,,1,getty,1,broad_candidate
science-environment-67242386,BBC News,2023,"""1.5C""",Carbon emissions threaten 1.5C climate threshold sooner than thought - report,https://www.bbc.co.uk/news/science-environment-67242386,2023-10-30,,4,https://ichef.bbci.co.uk/ace/standard/976/cpsprodpb/3756/production/_131566141_gettyimages-1759847606-1.jpg,../Scripts/output/bbc/bbc_images/bbc_2023-10-30_science-environment-67242386_img04.jpg,"Image caption, Recent flooding in the UK followed intense periods of rainfall",,0,,1,getty,1,broad_candidate
science-environment-67544977,BBC News,2023,"""1.5C""",Five climate change solutions under the spotlight at COP28,https://www.bbc.co.uk/news/science-environment-67544977,2023-12-06,,1,https://ichef.bbci.co.uk/ace/standard/976/cpsprodpb/12350/production/_131467547_gettyimages-1243633905.jpg,../Scripts/output/bbc/bbc_images/bbc_2023-12-06_science-environment-67544977_img01.jpg,"Image caption, Renewable power like wind and solar has continued to surge in 2023, offering hope for climate talks in Dubai",,0,,1,getty,1,broad_candidate
science-environment-68110310,BBC News,2024,"""1.5C""",World's first year-long breach of key 1.5C warming limit,https://www.bbc.co.uk/news/science-environment-68110310,2024-02-08,,1,https://ichef.bbci.co.uk/ace/standard/999/cpsprodpb/D7C7/production/_132593255_chile-top-afp.jpg,../Scripts/output/bbc/bbc_images/bbc_2024-02-08_science-environment-68110310_img01.jpg,"Image caption, Chile has seen forest fires in several regions in February, including La AraucanÃ­a (pictured)",,0,,1,afp,1,broad_candidate
uk-england-bristol-68468499,BBC News,2024,"""sea level rise""",Severn Beach rail line 'threatened' by sea level rise,https://www.bbc.co.uk/news/uk-england-bristol-68468499,2024-03-04,,1,https://ichef.bbci.co.uk/ace/standard/976/cpsprodpb/E2CF/production/_132836085_gettyimages-155283349.jpg,../Scripts/output/bbc/bbc_images/bbc_2024-03-04_uk-england-bristol-68468499_img01.jpg,"Image caption, The rail line runs out of Bristol through Avonmouth to Severn Beach",,0,,1,getty,1,broad_candidate
c62g3dwpyweo,BBC News,2025,"""net zero""",Friesland School's 'net zero' rebuild given green light,https://www.bbc.co.uk/news/articles/c62g3dwpyweo,2025-06-18,,1,https://ichef.bbci.co.uk/ace/standard/739/cpsprodpb/fa22/live/00d55780-4b6f-11f0-a6b4-f7f4e17c182c.png,../Scripts/output/bbc/bbc_images/bbc_2025-06-18_c62g3dwpyweo_img01.png,"Image caption, The school was earmarked for a rebuild by the Department for Education",,0,,1,epa,1,broad_candidate
c8645jxyee2o,BBC News,2025,"""climate change""",Airports will get noisier due to climate change say scientists,https://www.bbc.co.uk/news/articles/c8645jxyee2o,2025-09-24,,1,https://ichef.bbci.co.uk/ace/standard/3840/cpsprodpb/4fa5/live/1e1e4ae0-993a-11f0-869a-3fa4ad43e8ee.jpg,../Scripts/output/bbc/bbc_images/bbc_2025-09-24_c8645jxyee2o_img01.jpg,"Image caption, Departing planes will create more noise pollution as the air warms due to climate change",,0,,1,epa,1,broad_candidate
cx24kllyye1o,BBC News,2025,"""1.5C""",Government told to prepare for 2C warming by 2050,https://www.bbc.co.uk/news/articles/cx24kllyye1o,2025-10-15,,1,https://ichef.bbci.co.uk/ace/standard/923/cpsprodpb/771e/live/645f8050-a97a-11f0-8efc-fbca622d9725.jpg,../Scripts/output/bbc/bbc_images/bbc_2025-10-15_cx24kllyye1o_img01.jpg,,,0,,1,epa,1,broad_candidate
c205jvyg3wjo,BBC News,2025,"""1.5C""",Do UN climate talks have a point any more?,https://www.bbc.co.uk/news/articles/c205jvyg3wjo,2025-11-10,,3,https://ichef.bbci.co.uk/ace/standard/1920/cpsprodpb/f278/live/4e826fa0-bbf8-11f0-ae46-bd64331f0fd4.png,../Scripts/output/bbc/bbc_images/bbc_2025-11-10_c205jvyg3wjo_img03.png,"Image caption, There were comparatively far fewer world leaders in this yearâs photo at COP, which is held in a humid town on the edge of the Amazon",,0,,1,photo,1,broad_candidate
