article_id,newspaper,year_window,search_term,title,article_url,section,published_date,updated_date,image_count
guardian_2d73f4485d,The Guardian,2014,"""global temperature""",Tony Abbott urged to rethink climate policy after hottest year on record,https://www.theguardian.com/environment/2014/jan/03/abbott-urged-to-rethink-climate-policy,Environment,2014-01-03,2018-03-13,1
guardian_f640907719,The Guardian,2014,"""carbon budget""",Australia swelters under a sham climate change policy after hottest year on record,https://www.theguardian.com/environment/southern-crossroads/2014/jan/03/hottest-year-ever-confirmed-2013-australia-tony-abbott-climate-change,Environment,2014-01-03,2021-08-25,1
guardian_5876be7650,The Guardian,2014,"""sea level rise""",Court overrules climate change clause in council's beachfront house approval,https://www.theguardian.com/environment/2014/jan/06/court-overrules-climate-change-clause-in-councils-beachfront-house-approval,Environment,2014-01-06,2021-08-25,1
guardian_8efc8cbfc0,The Guardian,2014,"""sea level rise""",Britain's wild weather: the silver linings in dark clouds,https://www.theguardian.com/environment/2014/jan/06/britain-wild-weather-rain-storms-floods,Environment,2014-01-06,2021-10-29,4
guardian_f281d1c00e,The Guardian,2014,"""global temperature""",The Weekly Standard's Lindzen puff piece exemplifies the conservative media's climate failures,https://www.theguardian.com/environment/climate-consensus-97-per-cent/2014/jan/06/climate-change-climate-change-scepticism,Global,2014-01-06,2021-08-25,2
guardian_1c045f7449,The Guardian,2014,IPCC,Win a chance to join a solar power debate in the House of Lords,https://www.theguardian.com/technology/2014/jan/09/win-chance-solar-power-house-lords,Technology,2014-01-09,2018-02-14,1
guardian_20663cd274,The Guardian,2014,"""sea level rise""",Harassment of climate scientists needs to stop,https://www.theguardian.com/commentisfree/2014/jan/09/denialist-harassment-of-climate-scientists-needs-to-stop,Opinion,2014-01-09,2021-08-25,1
guardian_2c900d2101,The Guardian,2014,IPCC,This perverse Mark Duggan verdict will ruin our relations with the police,https://www.theguardian.com/commentisfree/2014/jan/09/mark-duggan-verdict-relations-police,Opinion,2014-01-09,2018-01-11,1
guardian_3557397ce6,The Guardian,2014,IPCC,"Mark Duggan, the police and a question of justice",https://www.theguardian.com/uk-news/2014/jan/09/justice-police-death-mark-duggan,UK news,2014-01-09,2017-11-30,1
guardian_72ee10121b,The Guardian,2014,IPCC,David Cameron speaks to BBC London about Mark Duggan verdict : Politics live blog,https://www.theguardian.com/politics/blog/2014/jan/09/nick-clegg-hosts-his-lbc-phone-in-politics-live-blog,Politics,2014-01-09,2017-06-09,1
guardian_ae2b932bd7,The Guardian,2014,IPCC,"Global warming is being caused by humans, not the sun, and is highly sensitive to carbon, new research shows",https://www.theguardian.com/environment/climate-consensus-97-per-cent/2014/jan/09/global-warming-humans-not-sun,Environment,2014-01-09,2021-08-25,2
guardian_b1cec3f416,The Guardian,2014,IPCC,Nick Clegg: Mark Duggan family's anger after inquest understandable,https://www.theguardian.com/uk-news/2014/jan/09/nick-clegg-mark-duggan-family-anger-understandable,UK news,2014-01-09,2018-01-11,1
guardian_c3199b5afc,The Guardian,2014,IPCC,Met police hope personal cameras can restore trust after Mark Duggan killing,https://www.theguardian.com/uk-news/2014/jan/09/metropolitan-police-cameras-mark-duggan,UK news,2014-01-09,2017-11-30,1
guardian_f2825b91dc,The Guardian,2014,IPCC,David Cameron calls for calm after Mark Duggan inquest verdict,https://www.theguardian.com/uk-news/2014/jan/09/david-cameron-calm-mark-duggan-verdict,UK news,2014-01-09,2017-09-20,1
guardian_f09af422a7,The Guardian,2014,IPCC,"David Cameron right to link floods and global warming, say climate scientists",https://www.theguardian.com/environment/2014/jan/10/david-cameron-floods-global-warming-climate-scientists,Environment,2014-01-10,2021-08-25,1
guardian_e62192219d,The Guardian,2014,IPCC,Plebgate: Police Federation challenges watchdog's decision to reinvestigate,https://www.theguardian.com/uk-news/2014/jan/12/plebgate-police-federation-watchdog-officers,UK news,2014-01-12,2018-01-11,1
guardian_0417971133,The Guardian,2014,IPCC,"Mark Duggan police must stop refusing to be interviewed, says IPCC head",https://www.theguardian.com/uk-news/2014/jan/14/mark-duggan-police-must-talk-says-ipcc,UK news,2014-01-14,2018-01-11,1
guardian_19972dd84f,The Guardian,2014,IPCC,Oxford University apologises after list of low-grade students is made public,https://www.theguardian.com/education/abby-and-libby-blog/2014/jan/14/oxford-university-exam-results-blunder,Education,2014-01-14,2017-07-05,2
guardian_528bf23bc5,The Guardian,2014,"""carbon budget""",UN climate chief calls for tripling of clean energy investment,https://www.theguardian.com/environment/2014/jan/14/un-climate-chief-tripling-clean-energy-investment-christiana-figueres,Environment,2014-01-14,2021-08-25,1
guardian_b47bb0888b,The Guardian,2014,IPCC,Police co-operation lacking in Mark Duggan probe by IPCC,https://www.theguardian.com/uk-news/2014/jan/14/police-co-operation-lacking-mark-duggan-ipcc,UK news,2014-01-14,2018-01-11,0
guardian_c0db9e2fca,The Guardian,2014,"""sea level rise""",Britain's homes in race against time with climate change,https://www.theguardian.com/housing-network/2014/jan/14/britain-housing-climate-change-race-time,Housing Network,2014-01-14,2014-04-22,1
guardian_4c0ffb0308,The Guardian,2014,IPCC,Cameron and Miliband at PMQs: Politics live blog,https://www.theguardian.com/politics/blog/2014/jan/15/george-osbornes-speech-on-eu-reform-politics-live-blog,Politics,2014-01-15,2019-03-07,3
guardian_592732f10c,The Guardian,2014,IPCC,David Cameron considers IPCC reforms,https://www.theguardian.com/politics/2014/jan/15/david-cameron-ipcc-reforms-police,UK news,2014-01-15,2018-03-13,1
guardian_5e5340aed0,The Guardian,2014,"""sea level rise""","To tackle inequality, the first priority is to fight climate change",https://www.theguardian.com/sustainable-business/tackle-inequality-climate-change-obama,Guardian Sustainable Business,2014-01-15,2021-08-27,1
guardian_a556e02f7d,The Guardian,2014,IPCC,"Harnessing governments, business and finance for a green revolution",https://www.theguardian.com/sustainable-business/government-business-finance-green-revolution,Guardian Sustainable Business,2014-01-15,2021-08-27,1
guardian_cccd4cb7de,The Guardian,2014,IPCC,Hillsborough relatives demand answers over Met chief's conduct,https://www.theguardian.com/football/2014/jan/15/hillsborough-relatives-met-chief-hogan-howe,Football,2014-01-15,2017-11-30,1
guardian_09f4fa770c,The Guardian,2014,"""sea level rise""",High-stakes climate poker,https://www.theguardian.com/environment/climate-consensus-97-per-cent/2014/jan/16/high-stakes-climate-poker,Environment,2014-01-16,2021-08-27,1
guardian_156db98654,The Guardian,2014,IPCC,Greater Manchester police charged over shooting of Anthony Grainger,https://www.theguardian.com/uk-news/2014/jan/16/greater-manchester-police-health-safety-unarmed-anthony-grainger,UK news,2014-01-16,2017-11-30,2
guardian_4755fcf7c4,The Guardian,2014,"""sea level rise""",Will Barack Obama's climate agenda survive a Republican pushback?,https://www.theguardian.com/environment/2014/jan/16/will-barack-obamas-climate-agenda-survive-a-republican-pushback,Environment,2014-01-16,2021-08-25,1
guardian_6958406be8,The Guardian,2014,IPCC,Police watchdog investigates in wake of Mark Duggan inquest,https://www.theguardian.com/uk-news/2014/jan/17/police-watchdog-mark-duggan-inquest-ipcc,UK news,2014-01-17,2017-09-20,1
guardian_a6b45926c0,The Guardian,2014,"""global temperature""",CSIRO scientists say warmer world wager with Maurice Newman a safe bet,https://www.theguardian.com/environment/2014/jan/17/csiro-scientists-say-warmer-world-wager-with-maurice-newman-a-safe-bet,Environment,2014-01-17,2021-08-25,1
guardian_43c3c42ddc,The Guardian,2014,IPCC,CO2 emissions are being 'outsourced' by rich countries to rising economies,https://www.theguardian.com/environment/2014/jan/19/co2-emissions-outsourced-rich-nations-rising-economies,Environment,2014-01-19,2021-08-25,1
guardian_2e9f93cc4f,The Guardian,2014,IPCC,Refugee murdered by mistaken vigilante: police role to be investigated,https://www.theguardian.com/politics/2014/jan/20/ipcc-iranian-refugee-murdered-by-vigilante,UK news,2014-01-20,2018-01-11,1
guardian_3a81cf5cb4,The Guardian,2014,IPCC,IPCC to investigate police handling of Hamzah Khan case,https://www.theguardian.com/politics/2014/jan/20/ipcc-investigate-police-handling-hamzah-khan,UK news,2014-01-20,2018-01-11,1
guardian_4088cf8e0c,The Guardian,2014,IPCC,Climate scientist to US Senate: 'Climate change is a clear and present danger',https://www.theguardian.com/environment/climate-consensus-97-per-cent/2014/jan/20/climate-change-clear-and-present-danger,Environment,2014-01-20,2021-08-25,3
guardian_9eb66b3b63,The Guardian,2014,IPCC,Corporate response to climate change is plateauing says new supply chain report,https://www.theguardian.com/sustainable-business/coporate-response-climate-change-plateauing-cdp-supply-chain,Guardian Sustainable Business,2014-01-21,2014-01-21,1
guardian_bc005afe34,The Guardian,2014,"""sea level rise""","New, privatized African city heralds climate apartheid",https://www.theguardian.com/environment/true-north/2014/jan/21/new-privatized-african-city-heralds-climate-apartheid,Environment,2014-01-21,2021-08-25,2
guardian_c8dd4e49b6,The Guardian,2014,"""carbon budget""",EU sets targets of 40% carbon cut and 27% share of renewables by 2030 – live,https://www.theguardian.com/environment/blog/2014/jan/22/eu-energy-and-climate-targets-live,Environment,2014-01-22,2021-08-25,0
guardian_15c7e67a30,The Guardian,2014,IPCC,Murder detective who ignored rules for questioning suspect to learn his fate,https://www.theguardian.com/politics/2014/jan/23/detective-ignored-rules-questioning-suspect-steve-fulcher,UK news,2014-01-23,2018-01-11,1
guardian_62642ca6d9,The Guardian,2014,IPCC,Automatic numberplate recognition cameras – Q&A,https://www.theguardian.com/uk-news/2014/jan/23/anpr-automated-numberplate-recognition-cameras,UK news,2014-01-23,2022-08-17,1
guardian_6b6c495dd3,The Guardian,2014,IPCC,CCTV cameras on Britain's roads capture 26 million images every day,https://www.theguardian.com/uk-news/2014/jan/23/cctv-cameras-uk-roads-numberplate-recognition,UK news,2014-01-23,2017-11-30,1
guardian_cedff24b4f,The Guardian,2014,IPCC,Detective who broke rules on questioning murder suspect keeps job,https://www.theguardian.com/politics/2014/jan/23/detective-broke-rules-questioning-suspect-keeps-job,UK news,2014-01-23,2018-01-11,1
guardian_fbf3eaa997,The Guardian,2014,"""global temperature""",What will happen to global warming when we get the next big El Niño?,https://www.theguardian.com/environment/planet-oz/2014/jan/23/climate-change-global-warming-2013-warmest-years-el-nino,Environment,2014-01-23,2021-08-25,2
guardian_f11c5fd2f6,The Guardian,2014,"""carbon budget""",Davos 2014: climate change and sustainability – day three as it happened,https://www.theguardian.com/sustainable-business/2014/jan/24/davos-2014-climate-change-resource-security-sustainability-day-three-live,Guardian Sustainable Business,2014-01-24,2021-08-25,7
guardian_ea633e6ee7,The Guardian,2014,"""1.5C""",Weatherwatch: Blame it all on the jet stream,https://www.theguardian.com/news/2014/jan/26/jet-stream-blame-crazy-winter,News,2014-01-26,2017-11-30,1
guardian_eee165523a,The Guardian,2014,IPCC,IPCC hearing brings UK closer to US polarisation on climate change,https://www.theguardian.com/environment/blog/2014/jan/27/ipcc-hearing-uk-us-climate-change,Environment,2014-01-27,2021-08-25,1
guardian_a58476bb11,The Guardian,2014,IPCC,Boris Johnson says water cannon would have made no difference in 2011 riots,https://www.theguardian.com/politics/2014/jan/29/boris-johnson-backs-water-cannon-london,Politics,2014-01-29,2019-07-10,1
guardian_4e3a9804e6,The Guardian,2014,IPCC,"Green news roundup: fracking activists, electric cars in Norway and beavers",https://www.theguardian.com/environment/2014/jan/30/green-news-roundup,Environment,2014-01-30,2021-07-26,5
guardian_f82cf818f2,The Guardian,2014,"""sea level rise""",Global warming continues and won't be stopped by wishful thinking,https://www.theguardian.com/environment/climate-consensus-97-per-cent/2014/jan/30/global-warming-wishful-thinking,Environment,2014-01-30,2021-08-25,2
guardian_cc9757f2eb,The Guardian,2014,IPCC,Heed the warnings in extreme weather – or risk losing Earth,https://www.theguardian.com/environment/blog/2014/jan/31/climate-change-extreme-weather-earth,Environment,2014-01-31,2021-08-27,1
guardian_11fe66fa5e,The Guardian,2014,"""carbon budget""",Could bankers save the Great Barrier Reef?,https://www.theguardian.com/commentisfree/2014/feb/03/could-bankers-save-the-great-barrier-reef,Opinion,2014-02-03,2021-08-25,1
guardian_fb364e97a4,The Guardian,2014,IPCC,Police chief calls for rape cases rethink after woman's death,https://www.theguardian.com/society/2014/feb/04/greater-manchester-police-rape-cases,Society,2014-02-04,2017-11-30,1
guardian_7b74e3be36,The Guardian,2014,"""net zero""",Coalition’s direct action climate plan 'could undermine global efforts',https://www.theguardian.com/environment/2014/feb/05/coalitions-direct-action-climate-plan-has-major-structural-problems,Environment,2014-02-05,2021-08-25,1
guardian_a99ed8dc66,The Guardian,2014,"""global temperature""",Denying climate change isn't scepticism – it's 'motivated reasoning',https://www.theguardian.com/science/2014/feb/05/denying-climate-change-scepticism-motivated-reasoning,Science,2014-02-05,2021-08-25,1
guardian_ccf1116696,The Guardian,2014,"""global temperature""","2013 was sixth warmest year on record, UN says",https://www.theguardian.com/environment/2014/feb/05/2013-was-sixth-warmest-year-on-record-un-says,Environment,2014-02-05,2021-08-25,2
guardian_487ce76f02,The Guardian,2014,IPCC,Plebgate row: PC Keith Wallis jailed for a year for lying about Andrew Mitchell,https://www.theguardian.com/uk-news/2014/feb/06/plebgate-keith-wallis-jailed-police-andrew-mitchell,UK news,2014-02-06,2017-11-30,1
guardian_685fc67b7d,The Guardian,2014,"""sea level rise""","Boot up: Samsung Olympic iPhone coverup?, Facebook v Microsoft, and more",https://www.theguardian.com/technology/blog/2014/feb/06/samsung-olympics-iphone,Technology,2014-02-06,2017-02-21,1
guardian_6a8f39403c,The Guardian,2014,IPCC,2013 was the second-hottest year without an El Niño since before 1850,https://www.theguardian.com/environment/climate-consensus-97-per-cent/2014/feb/06/2013-second-hottest-year-without-el-nino,Environment,2014-02-06,2021-08-25,4
guardian_e90a8c2abe,The Guardian,2014,IPCC,Plebgate: stop digging,https://www.theguardian.com/commentisfree/2014/feb/06/plebgate-stop-digging,Opinion,2014-02-06,2017-11-30,0
guardian_8513aa1128,The Guardian,2014,"""sea level rise""",Should coastal Britain surrender to the tides?,https://www.theguardian.com/environment/2014/feb/07/should-coastal-britain-surrender-to-tide,Environment,2014-02-07,2017-11-30,3
guardian_bf63087346,The Guardian,2014,IPCC,Europe's 40% emissions cuts target has set the course for a low-carbon future,https://www.theguardian.com/environment/2014/feb/07/europe-emissions-carbon-climate,Environment,2014-02-07,2021-08-27,1
guardian_09bfb704df,The Guardian,2014,"""sea level rise""",Richard Branson pledges to turn Caribbean green,https://www.theguardian.com/business/2014/feb/08/richard-branson-caribbean-green-virgin-renewable-energy,Business,2014-02-08,2018-02-14,1
guardian_26293ac9cf,The Guardian,2014,"""global temperature""","Vivienne Westwood: climate change, not fashion, is now my priority",https://www.theguardian.com/lifeandstyle/2014/feb/08/vivienne-westwood-arctic-campaign,Fashion,2014-02-08,2020-03-26,1
guardian_019887495e,The Guardian,2014,IPCC,Norwegian universities consider the ethics of oil and gas research,https://www.theguardian.com/business/political-science/2014/feb/10/norwegian-universities-consider-the-ethics-of-oil-and-gas-research,Science,2014-02-10,2018-09-17,1
guardian_31b2b2fa98,The Guardian,2014,"""sea level rise""",What are the top five climate challenges for Australia?,https://www.theguardian.com/environment/southern-crossroads/2014/feb/10/top-five-climate-challenges-for-australia-coal-fossil-fuels,Environment,2014-02-10,2021-08-25,1
guardian_3fb325ad4b,The Guardian,2014,IPCC,"Unprecedented trade wind strength is shifting global warming to the oceans, but for how much longer?",https://www.theguardian.com/environment/climate-consensus-97-per-cent/2014/feb/10/unprecedented-trade-winds-global-warming-oceans,Environment,2014-02-10,2021-08-25,3
guardian_5187b1a4b1,The Guardian,2014,IPCC,Greater Manchester police plead not guilty over death of Anthony Grainger,https://www.theguardian.com/uk-news/2014/feb/10/greater-manchester-police-plead-not-guilty-anthony-grainger,UK news,2014-02-10,2017-09-20,1
guardian_e8113fdbf1,The Guardian,2014,IPCC,"Global warming 'pause' due to unusual trade winds in Pacific ocean, study finds",https://www.theguardian.com/environment/2014/feb/09/global-warming-pause-trade-winds-pacific-ocean-study,Environment,2014-02-10,2021-08-25,1
guardian_f81550aec0,The Guardian,2014,IPCC,"Excuses flood in, but nothing on climate change",https://www.theguardian.com/environment/2014/feb/10/excuses-flood-nothing-climate-change,Environment,2014-02-10,2021-08-27,1
guardian_554c07c607,The Guardian,2014,"""global temperature""",The 'pause' in global warming is not even a thing,https://www.theguardian.com/environment/planet-oz/2014/feb/12/global-warming-fake-pause-hiatus-climate-change,Environment,2014-02-12,2021-08-25,2
guardian_5d2b12c0b3,The Guardian,2014,IPCC,"Hillsborough: investigators recover 2,500 police notebooks",https://www.theguardian.com/football/2014/feb/12/hillsborough-investigators-recover-police-notebooks-spied,Football,2014-02-12,2017-11-30,1
guardian_d6fffda513,The Guardian,2014,IPCC,Cameron and Milband at PMQs: Politics live blog,https://www.theguardian.com/politics/blog/2014/feb/12/mps-question-welfare-and-housing-ministers-over-bedroom-tax-politics-live-blog,Politics,2014-02-12,2017-06-09,2
guardian_e54f6622f6,The Guardian,2014,IPCC,Police watchdog investigates vigilante murder of disabled Iranian refugee,https://www.theguardian.com/politics/2014/feb/13/police-watchdog-vigilante-murder-bijan-ebrahimi,UK news,2014-02-13,2018-01-11,1
guardian_00aa68e80b,The Guardian,2014,"""global temperature""",Why has British weather been so bad?,https://www.theguardian.com/environment/2014/feb/14/british-weather-bad-storms-floods,Environment,2014-02-14,2021-08-27,6
guardian_0b50cdcb17,The Guardian,2014,"""carbon budget""",MP Graham Stringer and CNN Crossfire get the 97% consensus on human-caused global warming wrong,https://www.theguardian.com/environment/climate-consensus-97-per-cent/2014/feb/14/global-warming-consensus-stringer-cnn,Environment,2014-02-14,2014-02-13,2
guardian_2565530b1c,The Guardian,2014,"""carbon budget""",The seven dimensions for action on climate change,https://www.theguardian.com/sustainable-business/behavioural-insights/2014/feb/14/seven-dimensions-action-climate-change,Guardian Sustainable Business,2014-02-14,2014-02-14,1
guardian_75c47757d8,The Guardian,2014,"""global temperature""",Climate change is here now and it could lead to global conflict,https://www.theguardian.com/environment/2014/feb/13/storms-floods-climate-change-upon-us-lord-stern,Opinion,2014-02-14,2021-08-25,6
guardian_8e9a04b49a,The Guardian,2014,"""global temperature""",UK floods making climate sceptics hot under the collar,https://www.theguardian.com/environment/2014/feb/14/uk-floods-climate-change-rainfall-storm,Environment,2014-02-14,2021-08-25,1
guardian_d9250943ac,The Guardian,2014,IPCC,Two cyclists killed in Purley on Thames 'during police pursuit',https://www.theguardian.com/uk-news/2014/feb/14/two-cyclists-killed-purley-on-thames,UK news,2014-02-14,2017-11-30,1
guardian_61e08e3b1d,The Guardian,2014,IPCC,"Eventually, jellyfish might rule the world. What should the art world do about it?",https://www.theguardian.com/commentisfree/2014/feb/19/eventually-jellyfish-might-rule-the-world-what-ought-the-art-world-do-about-it,Opinion,2014-02-18,2021-08-25,4
guardian_9299a9ad3d,The Guardian,2014,"""sea level rise""",Vision Prize: scientists are worried the IPCC is underestimating sea level rise,https://www.theguardian.com/environment/climate-consensus-97-per-cent/2014/feb/18/scientists-worried-ipcc-underestimate-sea-level-rise,Environment,2014-02-18,2021-08-25,4
guardian_ad5bfd2b31,The Guardian,2014,"""global temperature""",Climate change deniers have grasped that markets can't fix the climate,https://www.theguardian.com/commentisfree/2014/feb/20/climate-change-deniers-markets-fix,Opinion,2014-02-20,2021-08-25,1
guardian_87b15676ed,The Guardian,2014,"""sea level rise""","Extreme heat in Australia: more, longer, hotter",https://www.theguardian.com/environment/southern-crossroads/2014/feb/21/extreme-heat-in-australia-more-longer-hotter,Environment,2014-02-21,2021-08-25,1
guardian_d74ab3871c,The Guardian,2014,"""1.5C""","Large fish have disappeared from vast tracts of Australian coast, survey shows",https://www.theguardian.com/environment/2014/feb/21/large-fish-disappeared-from-australia-coast,Environment,2014-02-21,2016-10-27,1
guardian_0b94b7ac2e,The Guardian,2014,"""sea level rise""",Supreme court gives qualified support for EPA to set emissions limits,https://www.theguardian.com/environment/2014/feb/24/supreme-court-epa-emissions-limits,Environment,2014-02-24,2024-06-20,1
guardian_c8e662d95f,The Guardian,2014,IPCC,"Global warming continues, but volcanoes are slowing down the warming of the atmosphere",https://www.theguardian.com/environment/climate-consensus-97-per-cent/2014/feb/25/global-warming-slowdown-volcanoes-contribute,Environment,2014-02-25,2021-08-25,1
guardian_cd3aa28bc6,The Guardian,2014,"""global temperature""",World begins 2014 with unusual number of extreme weather events,https://www.theguardian.com/environment/2014/feb/25/world-2014-extreme-weather-events,Environment,2014-02-25,2021-08-25,4
guardian_f10e43da45,The Guardian,2014,"""global temperature""",Global warming slowdown 'does not invalidate climate change',https://www.theguardian.com/environment/2014/feb/27/global-warming-slowdown-not-invalidate-climate-change-science,Environment,2014-02-27,2021-08-25,2
guardian_5099f0c841,The Guardian,2014,IPCC,Carole Duggan interview: 'I'm not going away and they're not shutting me up',https://www.theguardian.com/uk-news/2014/feb/28/carole-duggan-interview-not-going-away,UK news,2014-02-28,2018-01-11,2
guardian_b8603ae7b6,The Guardian,2014,IPCC,Global riot epidemic due to demise of cheap fossil fuels,https://www.theguardian.com/environment/earth-insight/2014/feb/28/global-riots-protests-end-cheap-fossil-fuels-ukraine-venezuela,Environment,2014-02-28,2021-08-25,1
guardian_ea4af70f3b,The Guardian,2014,"""sea level rise""",Australian Antarctic Expedition: the power of pictures,https://www.theguardian.com/science/head-quarters/2014/mar/01/antarctic-expedition-climate-change-pictures-graph,Science,2014-03-01,2021-08-25,2
guardian_04fcb1b406,The Guardian,2014,"""sea level rise""",How are cities' accelerating growth affecting their poorest children?,https://www.theguardian.com/cities/2014/mar/03/cities-growth-affecting-poorest-children,Cities,2014-03-03,2022-10-19,5
guardian_1f5b724204,The Guardian,2014,IPCC,IPCC investigates contact between Hollie Gazzard and Gloucester police,https://www.theguardian.com/politics/2014/mar/03/ipcc-hollie-gazzard-gloucester-police,UK news,2014-03-03,2018-01-11,1
guardian_6cdc8b0330,The Guardian,2014,"""1.5C""","Climate forecast for Australia: hot days, higher fire risk, more severe droughts",https://www.theguardian.com/world/2014/mar/04/climate-forecast-australia-heat-fire-droughts,Environment,2014-03-03,2021-08-25,4
guardian_8573dd99fc,The Guardian,2014,"""global temperature""",World Wildlife day should remind us we need a climate deal in Paris,https://www.theguardian.com/environment/2014/mar/03/world-wildlife-day-climate-deal-paris,Environment,2014-03-03,2021-10-29,1
guardian_bb7ed2fa24,The Guardian,2014,IPCC,Alleged police rape case reopened 33 years on,https://www.theguardian.com/uk-news/2014/mar/04/alleged-police-rape-case-reopened-33-years-on-michelle-noble,UK news,2014-03-04,2017-11-30,1
guardian_3beb23ae35,The Guardian,2014,"""sea level rise""",Sydney Opera House and Statue of Liberty 'will be lost to sea level rise',https://www.theguardian.com/environment/2014/mar/05/sydney-opera-house-statue-liberty-sea-level-climate-change-unesco,Environment,2014-03-05,2021-08-25,3
guardian_16370e8486,The Guardian,2014,IPCC,Home secretary launches public inquiry into undercover police following Lawrence report,https://www.theguardian.com/uk-news/2014/mar/06/stephen-lawrence-report-police-corruption-live-updates,UK news,2014-03-06,2017-04-18,0
guardian_39570a25c4,The Guardian,2014,"""1.5C""",Great Barrier Reef damage ‘irreversible’ unless radical action taken,https://www.theguardian.com/environment/2014/mar/06/great-barrier-reef-damage-irreversible-unless-radical-action-taken,Environment,2014-03-06,2021-08-25,1
guardian_488b6303cb,The Guardian,2014,"""1.5C""",Lord Lawson climate sceptic thinktank's report rebuked by scientists,https://www.theguardian.com/environment/planet-oz/2014/mar/06/lord-lawson-climate-sceptic-thinktank,Environment,2014-03-06,2021-08-25,1
guardian_5e05a87f08,The Guardian,2014,IPCC,"Stephen Lawrence case: cast of characters, suspects and supergrasses",https://www.theguardian.com/uk-news/2014/mar/06/stephen-lawrence-case-suspects-supergrasses,UK news,2014-03-06,2017-11-30,1
guardian_c6044f7c9b,The Guardian,2014,IPCC,Stephen Lawrence: the shaming of the Met,https://www.theguardian.com/commentisfree/2014/mar/06/stephen-lawrence-sshaming-of-the-met-leader,Opinion,2014-03-06,2018-01-11,0
guardian_d8555a199b,The Guardian,2014,"""global temperature""",Will fossil fuels melt the global economy?,https://www.theguardian.com/environment/2014/mar/06/could-fossil-fuels-melt-the-global-economy-carbon-bubble,Environment,2014-03-06,2021-08-27,2
guardian_4dc830645e,The Guardian,2014,IPCC,Met counter-terror chief moved from post over role in Lawrence scandal,https://www.theguardian.com/uk-news/2014/mar/07/met-counter-terrorism-chief-moved-lawrence-scandal,UK news,2014-03-07,2017-09-20,1
guardian_764447a4aa,The Guardian,2014,"""sea level rise""","Floods and gales are taste of things to come, says UN climate science chief",https://www.theguardian.com/environment/2014/mar/07/floods-gales-un-climate-change-extreme-weather,Environment,2014-03-07,2021-08-25,0
guardian_383a5de317,The Guardian,2014,"""sea level rise""",Sleepless in the Senate: Democrats pull all-nighter for climate change – as it happened,https://www.theguardian.com/world/2014/mar/10/us-senate-climate-change-live,Environment,2014-03-10,2021-08-25,3
guardian_7a9d452b52,The Guardian,2014,IPCC,Police detectives sacked for failing to investigate sex assault allegations,https://www.theguardian.com/politics/2014/mar/10/police-detectives-sacked-failing-investigate-sexual-assault-colleague-jeffrey-davies-south-wales,UK news,2014-03-10,2018-01-11,1
guardian_cf56c6d1a7,The Guardian,2014,"""global temperature""","Global Warming Policy Foundation optimism is unjustified, but a positive step",https://www.theguardian.com/environment/climate-consensus-97-per-cent/2014/mar/10/global-warming-optimism-unjustified-high-sensitivity,Environment,2014-03-10,2021-08-25,2
guardian_0e1b942a02,The Guardian,2014,IPCC,What's going on with global warming and Antarctica's growing sea ice?,https://www.theguardian.com/environment/planet-oz/2014/mar/11/climate-change-antarctic-sea-ice-expedition,Environment,2014-03-11,2021-08-25,1
guardian_16b8d2e40f,The Guardian,2014,IPCC,Why is there no Manhattan Project to tackle climate change?,https://www.theguardian.com/environment/blog/2014/mar/11/why-no-manhattan-project-climate-change,Environment,2014-03-11,2021-08-27,1
guardian_1bdd118f7b,The Guardian,2014,"""sea level rise""",Senate Democrats pull all-night speechathon on climate change,https://www.theguardian.com/world/2014/mar/11/senate-democrats-all-night-climate-change-speechathon,US news,2014-03-11,2021-08-25,2
guardian_f6113fd0a3,The Guardian,2014,"""sea level rise""",Chagos islands: UK experts to carry out resettlement study,https://www.theguardian.com/world/2014/mar/13/chagos-islands-uk-experts-resettlement-study,World news,2014-03-13,2017-11-30,2
guardian_320f56c24b,The Guardian,2014,IPCC,Bereaved relatives criticise police watchdog over deaths in custody,https://www.theguardian.com/politics/2014/mar/17/bereaved-families-criticise-ipcc-lack-of-sensitivity,UK news,2014-03-17,2018-01-11,1
guardian_c760a13ab0,The Guardian,2014,"""sea level rise""",Weatherwatch: The politics of retreat,https://www.theguardian.com/news/2014/mar/17/weatherwatch-politics-coastal-retreat,News,2014-03-17,2017-11-30,1
guardian_c926c14a08,The Guardian,2014,IPCC,Remains of Shipman's victims destroyed without telling relatives,https://www.theguardian.com/uk-news/2014/mar/17/remains-shipman-victims-destroyed-greater-manchester-police-whistleblower,UK news,2014-03-17,2018-01-11,1
guardian_3212862b23,The Guardian,2014,IPCC,"Climate change is putting world at risk of irreversible changes, scientists warn",https://www.theguardian.com/environment/2014/mar/18/climate-change-world-risk-irreversible-changes-scientists-aaas,Environment,2014-03-18,2021-08-25,1
guardian_84af5c873f,The Guardian,2014,IPCC,An Evidence Information Service for UK politicians – Q&A,https://www.theguardian.com/science/blog/2014/mar/18/evidence-information-service-uk-politicians,Science,2014-03-18,2017-05-07,1
guardian_25e0463a2b,The Guardian,2014,IPCC,"Global warming will cut crop harvests by 2% each decade, researchers say",https://www.theguardian.com/world/2014/mar/19/global-warming-will-cut-crop-harvests-by-2-each-decade-researchers-say,Australia news,2014-03-19,2021-08-25,1
guardian_7dddec6531,The Guardian,2014,"""sea level rise""",California cities seek united front to counter earthquake and flood threats,https://www.theguardian.com/cities/2014/mar/19/californian-cities-san-francisco-threat-quake-flooding,Cities,2014-03-19,2020-02-03,4
guardian_9696deb26a,The Guardian,2014,"""sea level rise""",Engaging with climate change after the UK floods,https://www.theguardian.com/sustainable-business/engaging-climate-change-uk-floods,Guardian Sustainable Business,2014-03-19,2021-08-25,1
guardian_03304854e7,The Guardian,2014,"""sea level rise""",Exxon Mobil agrees to report on climate change's effect on business model,https://www.theguardian.com/business/2014/mar/20/exxon-mobil-climate-change-report-business-model,Business,2014-03-20,2021-08-25,1
guardian_ccdcec6349,The Guardian,2014,IPCC,IPCC investigates complaints over 15-year-old boy strip-searched by police,https://www.theguardian.com/politics/2014/mar/20/ipcc-investigates-complaints-boy-strip-searched-police,UK news,2014-03-20,2018-01-11,1
guardian_ba6ea70e7e,The Guardian,2014,IPCC,Indonesia's forest fires feed 'brown cloud' of pollution choking Asia's cities,https://www.theguardian.com/environment/2014/mar/23/indonesia-forest-fires-pollution-asia,Environment,2014-03-22,2021-08-25,1
guardian_c6df1fedbe,The Guardian,2014,IPCC,"Global warming to hit Asia hardest, warns new report on climate change",https://www.theguardian.com/environment/2014/mar/22/global-warming-hit-asia-hardest,Environment,2014-03-22,2021-08-25,1
guardian_f1f93f42f7,The Guardian,2014,IPCC,The climate change deniers have won,https://www.theguardian.com/commentisfree/2014/mar/22/climate-change-deniers-have-won-global-warming,Opinion,2014-03-22,2021-08-25,1
guardian_24abec159c,The Guardian,2014,"""sea level rise""",13 of 14 warmest years on record occurred in 21st century – UN,https://www.theguardian.com/environment/2014/mar/24/warmest-years-record-un-global-warming,Environment,2014-03-24,2021-08-25,2
guardian_53f788728f,The Guardian,2014,"""carbon budget""",Guardian Sustainable Business leader of the year – vote,https://www.theguardian.com/sustainable-business/sustainable-business-leader-of-the-year-award-vote,Guardian Sustainable Business,2014-03-24,2014-03-21,5
guardian_5ce505ac96,The Guardian,2014,"""sea level rise""",FiveThirtyEight undermines its brand by misrepresenting climate research,https://www.theguardian.com/environment/climate-consensus-97-per-cent/2014/mar/25/fivethirtyeight-misrepresents-climate-change-research,Environment,2014-03-25,2021-08-25,2
guardian_692273320f,The Guardian,2014,IPCC,"Climate change will make UK weather too wet and too dry, says Met Office",https://www.theguardian.com/environment/2014/mar/25/climate-change-uk-weather-wet-dry-met-office,Environment,2014-03-25,2021-08-25,2
guardian_9e40302c8d,The Guardian,2014,IPCC,"'Events, dear boy, events' have put climate change back on the agenda",https://www.theguardian.com/environment/blog/2014/mar/26/events-climate-change-extreme-weather,Environment,2014-03-26,2021-08-27,1
guardian_54ef65031c,The Guardian,2014,IPCC,Hillsborough disaster police officers identified as suspects in 'cover-up',https://www.theguardian.com/football/2014/mar/27/hillsborough-disaster-police-officers-suspects-13,Football,2014-03-27,2017-11-30,0
guardian_76a23e19b3,The Guardian,2014,"""carbon budget""",Will the UK warm to renewable heat?,https://www.theguardian.com/sustainable-business/will-uk-warm-renewable-heat,Guardian Sustainable Business,2014-03-27,2018-12-07,1
guardian_8c81c8b2ac,The Guardian,2014,IPCC,Victim treated as perpetrator: one woman's story of domestic violence,https://www.theguardian.com/society/2014/mar/27/victim-perpetrator-woman-domestic-violence-police,Society,2014-03-27,2018-01-11,0
guardian_37ac19d965,The Guardian,2014,"""global temperature""","How climate change will brew a bad-tasting, expensive cup of coffee",https://www.theguardian.com/environment/2014/mar/28/climate-change-bad-expensive-coffee-ipcc,Environment,2014-03-28,2022-10-19,3
guardian_5652994e7b,The Guardian,2014,IPCC,Governments reject IPCC economist's 'meaningless' climate costs estimate,https://www.theguardian.com/environment/2014/mar/28/ipcc-climate-costs-estimate-meaningless,Environment,2014-03-28,2021-08-25,1
guardian_f357d026a4,The Guardian,2014,"""sea level rise""",IPCC report: climate change felt 'on all continents and across the oceans',https://www.theguardian.com/environment/2014/mar/28/ipcc-report-climate-change-report-human-natural-systems,Environment,2014-03-28,2022-10-19,2
guardian_fc61d09d96,The Guardian,2014,IPCC,Earth Hour: millions to switch off lights around the world,https://www.theguardian.com/environment/2014/mar/28/earth-hour-lights-out-wwf,Environment,2014-03-28,2021-08-25,4
guardian_0ee753b994,The Guardian,2014,"""sea level rise""",Climate change report: 'The worst is yet to come' – as it happened,https://www.theguardian.com/environment/2014/mar/31/climate-change-report-ipcc-governments-unprepared-live-coverage,Environment,2014-03-30,2021-08-25,8
guardian_2512f20fa5,The Guardian,2014,IPCC,Climate change: smell the coffee while you can,https://www.theguardian.com/commentisfree/2014/mar/30/climate-change-smell-coffee-while-you-can,Opinion,2014-03-30,2021-08-25,0
guardian_4cdb36ec51,The Guardian,2014,IPCC,Latin America: how climate change will wipe out coffee crops – and farmers,https://www.theguardian.com/environment/2014/mar/30/latin-america-climate-change-coffee-crops-rust-fungus-threat-hemileaia-vastatrix,Environment,2014-03-30,2022-10-19,1
guardian_56d155a1f8,The Guardian,2014,IPCC,"Britain must take lead in global warming battle, says Ed Davey",https://www.theguardian.com/environment/2014/mar/30/uk-global-warming-battle-ed-davey-lib-dem-energy-climate-change,Environment,2014-03-30,2021-08-25,1
guardian_1ce7455485,The Guardian,2014,IPCC,"Climate catastrophes in other countries will hit UK's food security, experts say",https://www.theguardian.com/environment/2014/mar/31/climate-change-uk-food-security,Environment,2014-03-31,2022-10-19,1
guardian_1f62248194,The Guardian,2014,"""global temperature""",The hellish monotony of 25 years of IPCC climate change warnings,https://www.theguardian.com/environment/planet-oz/2014/mar/31/ipcc-climate-change-impacts-report-history-warnings,Environment,2014-03-31,2021-08-25,1
guardian_2468b337ae,The Guardian,2014,IPCC,The IPCC report takes us from alarmism to adaptation,https://www.theguardian.com/commentisfree/2014/mar/31/ipcc-report-adaptation-climate-change,Opinion,2014-03-31,2021-08-25,1
guardian_2d5bbfad1c,The Guardian,2014,"""sea level rise""",Haiyan – harbinger of things to come?,https://www.theguardian.com/global-development/2014/mar/31/typhoon-haiyan-philippines-climate-change-intergovernmental-panel-climate-change,Global development,2014-03-31,2022-10-19,1
guardian_38f69933f7,The Guardian,2014,IPCC,IPCC report: climate impacts on wildlife,https://www.theguardian.com/environment/2014/mar/31/ipcc-climate-report-wildlife-impact,Environment,2014-03-31,2021-10-29,6
guardian_3e58bba6b6,The Guardian,2014,IPCC,Think the new climate report is scary? The food-pocalypse is already upon us,https://www.theguardian.com/commentisfree/2014/mar/31/new-climate-report-food-prices-already-here,Opinion,2014-03-31,2021-08-25,1
guardian_534997dece,The Guardian,2014,IPCC,Climate change report 'should jolt people into action' says IPCC chief,https://www.theguardian.com/environment/2014/mar/31/climate-change-report-ipcc-chief,Environment,2014-03-31,2021-08-25,1
guardian_593bf01eb2,The Guardian,2014,IPCC,"'We expect catastrophe' – Manila, the megacity on the climate frontline",https://www.theguardian.com/environment/2014/mar/31/ipcc-climate-change-cities-manila,Environment,2014-03-31,2022-10-19,4
guardian_5949682ecc,The Guardian,2014,"""global temperature""",Climate change: the poor will suffer most,https://www.theguardian.com/environment/2014/mar/31/climate-change-poor-suffer-most-un-report,Environment,2014-03-31,2022-10-19,2
guardian_5c5ed8615c,The Guardian,2014,"""sea level rise""","IPCC report warns of future climate change risks, but is spun by contrarians",https://www.theguardian.com/environment/climate-consensus-97-per-cent/2014/mar/31/ipcc-warns-climate-change-risks,Environment,2014-03-31,2021-08-25,3
guardian_95c98106df,The Guardian,2014,IPCC,Australian activism reaches fever pitch as IPCC warns on climate,https://www.theguardian.com/sustainable-business/blog/australia-ipcc-climate-confront-oil-companies,Guardian Sustainable Business,2014-03-31,2016-10-27,1
guardian_b6c04e87ae,The Guardian,2014,IPCC,"Climate change a threat to security, food and humankind - IPCC report",https://www.theguardian.com/environment/2014/mar/31/climate-change-threat-food-security-humankind,Environment,2014-03-31,2021-08-25,1
guardian_bf28367e35,The Guardian,2014,IPCC,UK green bank invests £460m in offshore windfarms,https://www.theguardian.com/environment/2014/mar/31/uk-green-bank-invests-windfarms,Environment,2014-03-31,2014-03-31,1
guardian_c511019443,The Guardian,2014,"""sea level rise""",Climate change action is the best insurance policy in world history,https://www.theguardian.com/environment/damian-carrington-blog/2014/mar/31/climate-change-insurance-policy-,Environment,2014-03-31,2021-08-25,1
guardian_cf32b73216,The Guardian,2014,IPCC,"So, after the IPCC report, which bit of the world are you prepared to lose?",https://www.theguardian.com/commentisfree/2014/mar/31/ipcc-report-world-lose-habitats-climate-change,Opinion,2014-03-31,2021-08-25,1
guardian_d6b58e4db4,The Guardian,2014,"""sea level rise""","Climate change will damage Australia's coastal infrastructure, says IPCC",https://www.theguardian.com/world/2014/mar/31/climate-change-will-damage-australias-coastal-infrastructure-says-ipcc,Australia news,2014-03-31,2021-08-25,1
guardian_ec3819df2f,The Guardian,2014,IPCC,IPCC's out: our agricultural road map,https://www.theguardian.com/environment/world-on-a-plate/2014/mar/31/ipcc-environment-climate-change-food-security-crops,Environment,2014-03-31,2014-03-31,1
guardian_f6b3f71b0f,The Guardian,2014,IPCC,We must act now to stop the devastating effects of climate change,https://www.theguardian.com/environment/2014/mar/31/act-devastating-effects-climate-change,Environment,2014-03-31,2021-08-27,1
guardian_2755d6fdf6,The Guardian,2014,IPCC,Telegraph and Mail concede on climate change,https://www.theguardian.com/environment/2014/apr/01/telegraph-and-mail-concede-on-climate-change,Environment,2014-04-01,2021-08-25,1
guardian_5339c940a7,The Guardian,2014,IPCC,"Frame climate change as a food issue, experts say",https://www.theguardian.com/environment/2014/apr/01/climate-change-food-issue-ipcc-report,Environment,2014-04-01,2021-08-25,3
guardian_8e857368d7,The Guardian,2014,IPCC,Communicating climate change: lessons from art and Modern Family,https://www.theguardian.com/sustainable-business/climate-change-hbo-modern-family,Guardian Sustainable Business,2014-04-01,2021-08-27,1
guardian_b7d23b37bf,The Guardian,2014,"""carbon budget""",Reactions to the IPCC climate change report from business leaders and experts,https://www.theguardian.com/sustainable-business/2014/apr/01/business-reactions-ipcc-climate-change-report-experts,Guardian Sustainable Business,2014-04-01,2021-08-25,1
guardian_ba0b00ba2a,The Guardian,2014,"""sea level rise""",Will the new IPCC report help climate action?,https://www.theguardian.com/environment/southern-crossroads/2014/apr/01/climate-denier-ipcc-report-confirmation-bias-boomerang-effect,Environment,2014-04-01,2014-04-01,1
guardian_cba0d40911,The Guardian,2014,"""sea level rise""",IPCC report highlights the importance of carbon targets,https://www.theguardian.com/environment/2014/apr/01/ipcc-report-carbon-targets,Environment,2014-04-01,2021-08-27,1
guardian_e93e04c18a,The Guardian,2014,"""sea level rise""",Yeb Sano: unlikely climate justice star,https://www.theguardian.com/environment/2014/apr/01/yeb-sano-typhoon-haiyan-un-climate-talks,Environment,2014-04-01,2022-10-19,3
guardian_177c098b53,The Guardian,2014,IPCC,IPCC to investigate North Yorkshire police's handling of Savile reports,https://www.theguardian.com/politics/2014/apr/04/ipcc-north-yorkshire-police-jimmy-savile,UK news,2014-04-03,2018-01-11,1
guardian_fe7cbb1097,The Guardian,2014,IPCC,UN - climate 'perfect storm' is already here. Time to slay Zombie Big Oil,https://www.theguardian.com/environment/earth-insight/2014/apr/03/ipcc-un-climate-change-perfect-storm-zombie-oil,Environment,2014-04-03,2022-06-16,1
guardian_0268d85b84,The Guardian,2014,IPCC,From smog clouds to sad faces: 10 things we learned this week,https://www.theguardian.com/uk-news/2014/apr/04/10-things-we-learned-this-week,UK news,2014-04-04,2014-04-04,9
guardian_53ce9e9cb4,The Guardian,2014,"""carbon budget""",The climate change uncertainty monster – more uncertainty means more urgency to tackle global warming,https://www.theguardian.com/environment/climate-consensus-97-per-cent/2014/apr/04/climate-change-uncertainty-stronger-tackling-case,Environment,2014-04-04,2021-08-25,3
guardian_a1a1a0daca,The Guardian,2014,IPCC,Caroline Lucas: 'I didn't do this because I thought it was fun',https://www.theguardian.com/politics/2014/apr/04/caroline-lucas-interview-anti-fracking-balcombe-climate-change-air-pollution,Politics,2014-04-04,2018-02-14,2
guardian_ee66d9eb0b,The Guardian,2014,IPCC,Police watchdog called in to investigate murders of mother and child,https://www.theguardian.com/uk-news/2014/apr/04/police-watchdog-ipcc-investigates-murders-mother-child,UK news,2014-04-04,2017-11-30,1
guardian_58aa452fe3,The Guardian,2014,IPCC,Exxon Mobil dismisses a low carbon future and puts faith in oil markets,https://www.theguardian.com/sustainable-business/exxon-mobil-low-carbon-oil-markets,Guardian Sustainable Business,2014-04-07,2021-08-27,1
guardian_64e79775c8,The Guardian,2014,IPCC,IPCC report proposes sucking carbon out of the air as climate fix,https://www.theguardian.com/environment/2014/apr/07/ipcc-report-sucking-carbon-air-climate-report-biomass,Environment,2014-04-07,2021-08-25,1
guardian_ad6246e3ca,The Guardian,2014,"""net zero""",Leaked IPCC climate plan to worsen global warming - ecologists,https://www.theguardian.com/environment/earth-insight/2014/apr/07/ipcc-un-climate-change-mitigation-wg3-worsen-geoengineering,Environment,2014-04-07,2021-08-25,1
guardian_e6e5731b4f,The Guardian,2014,"""global temperature""",Defining moments in climate change: hope and crisis in Copenhagen,https://www.theguardian.com/global-development-professionals-network/2014/apr/07/copenhagen-climate-change-paris-talks,Working in development,2014-04-07,2022-10-19,1
guardian_1e49b89fd7,The Guardian,2014,"""net zero""",A simple accounting change can make green infrastructure more attractive,https://www.theguardian.com/sustainable-business/simple-change-green-infrastructure-profitable,Guardian Sustainable Business,2014-04-08,2014-04-08,1
guardian_345329986b,The Guardian,2014,"""net zero""","BT, Shell and corporates call for trillion tonne carbon cap",https://www.theguardian.com/environment/2014/apr/08/bt-shell-corporates-trillion-tonnes-carbon,Environment,2014-04-08,2021-08-25,1
guardian_ae6298bebb,The Guardian,2014,"""sea level rise""","Fox News climate change coverage is now 28% accurate, up from 7%",https://www.theguardian.com/environment/climate-consensus-97-per-cent/2014/apr/08/fox-news-28-percent-accurate-climate-change,Environment,2014-04-08,2021-08-25,5
guardian_f00ca44067,The Guardian,2014,IPCC,Philippine experts divided over climate change action,https://www.theguardian.com/global-development/2014/apr/08/philippine-experts-divided-climate-change-action,Global development,2014-04-08,2022-10-19,3
guardian_31b8c5283d,The Guardian,2014,IPCC,Five pathways to post-capitalist 'renaissance' by a former oil man,https://www.theguardian.com/environment/earth-insight/2014/apr/09/5-pathways-post-capitalist-renaissance-oil-man-transition,Environment,2014-04-09,2018-02-14,1
guardian_ec0a6c4835,The Guardian,2014,IPCC,"Climate change is good for you, says ultra-conservative Heartland Institute",https://www.theguardian.com/environment/2014/apr/09/climate-change-report-heartland-institute-debunk-ipcc,Environment,2014-04-09,2021-08-25,1
guardian_46558ed53c,The Guardian,2014,IPCC,People power: community approaches to energy,https://www.theguardian.com/lifeandstyle/2014/apr/10/people-power-community-renewable-energy,Life and style,2014-04-10,2018-02-14,1
guardian_e032609211,The Guardian,2014,IPCC,"Green news roundup: IPCC report, wildlife after Deepwater, and clean air",https://www.theguardian.com/environment/2014/apr/10/green-news-roundup,Environment,2014-04-10,2021-07-26,4
guardian_f19e602e62,The Guardian,2014,IPCC,Desmond Tutu calls for anti-apartheid style boycott of fossil fuel industry,https://www.theguardian.com/environment/2014/apr/10/desmond-tutu-anti-apartheid-style-boycott-fossil-fuel-industry,Environment,2014-04-10,2021-08-25,1
guardian_043a813aaa,The Guardian,2014,IPCC,Direct Action’s moment of truth is imminent,https://www.theguardian.com/world/2014/apr/11/direct-actions-moment-of-truth-is-imminent,World news,2014-04-11,2018-03-13,1
guardian_4b66625d71,The Guardian,2014,IPCC,Climate imbalance – disparity in the quality of research by contrarian and mainstream climate scientists,https://www.theguardian.com/environment/climate-consensus-97-per-cent/2014/apr/11/climate-change-research-quality-imbalance,Global,2014-04-11,2021-08-25,3
guardian_6a90e272d7,The Guardian,2014,IPCC,UN: rate of emissions growth nearly doubled in first decade of 21st century,https://www.theguardian.com/environment/2014/apr/11/un-greenhouse-gas-emissions-doubled-decade-ipcc-report,Environment,2014-04-11,2021-08-25,1
guardian_7a06b308ff,The Guardian,2014,"""sea level rise""",At-risk cities hold solutions to climate change: UN report,https://www.theguardian.com/environment/2014/apr/11/cities-solution-climate-change-ipcc,Environment,2014-04-11,2021-08-25,4
guardian_a2298932e4,The Guardian,2014,"""sea level rise""",An unwilling leader: the potential impact of Exxon Mobil's climate report,https://www.theguardian.com/sustainable-business/unwilling-leader-exxon-mobil-climate-report,Guardian Sustainable Business,2014-04-11,2014-04-16,1
guardian_a62759b975,The Guardian,2014,IPCC,"Post-IPCC, we have missed the glimmers of hope on the ground",https://www.theguardian.com/environment/world-on-a-plate/2014/apr/11/ipcc-environment-food-security-agriculture-crops-fisheries-innovation,Environment,2014-04-11,2014-04-11,3
guardian_c0f38efe16,The Guardian,2014,IPCC,Climate change: small is also beautiful,https://www.theguardian.com/commentisfree/2014/apr/11/climate-change-small-is-also-beautiful,Opinion,2014-04-11,2021-08-25,0
guardian_dcff2f0bef,The Guardian,2014,IPCC,What could David Beckham’s BBC film say about the Brazilian Amazon?,https://www.theguardian.com/environment/andes-to-the-amazon/2014/apr/11/david-beckham-bbc-film-brazilian-amazon,Environment,2014-04-11,2014-04-17,1
guardian_9bcf2c0f10,The Guardian,2014,IPCC,IPCC report: world must urgently switch to clean sources of energy,https://www.theguardian.com/environment/2014/apr/12/ipcc-report-world-must-switch-clean-sources-energy,Environment,2014-04-12,2021-08-25,1
guardian_e79bcc6309,The Guardian,2014,IPCC,UN urges huge increase in green energy to avert climate disaster,https://www.theguardian.com/environment/2014/apr/12/un-urges-increase-green-energy-avert-climate-disaster-uk,Environment,2014-04-12,2021-08-25,2
guardian_1a63e0bc83,The Guardian,2014,"""carbon budget""",UN climate change report on how to cut emissions,https://www.theguardian.com/environment/2014/apr/13/un-climate-change-report-on-how-to-cut-emissions-live-coverage,Environment,2014-04-13,2021-08-27,4
guardian_1f240b89b6,The Guardian,2014,IPCC,IPCC climate report: a route map for civilisation's greatest journey,https://www.theguardian.com/environment/damian-carrington-blog/2014/apr/13/ipcc-climate-report-a-route-map-for-civilisations-greatest-jour,Environment,2014-04-13,2021-08-25,1
guardian_2e49e8acfe,The Guardian,2014,IPCC,IPCC climate change report: averting catastrophe is eminently affordable,https://www.theguardian.com/environment/2014/apr/13/averting-climate-change-catastrophe-is-affordable-says-ipcc-report-un,Environment,2014-04-13,2021-08-25,1
guardian_62562b3efc,The Guardian,2014,IPCC,Martin Rowson on the IPCC climate change report – cartoon,https://www.theguardian.com/commentisfree/cartoon/2014/apr/13/ipcc-climate-change-report-rowson-cartoon,Opinion,2014-04-13,2021-08-25,1
guardian_0a1ab0c0e7,The Guardian,2014,IPCC,Is it un-Australian to be driving on with fossil fuel expansion plans?,https://www.theguardian.com/environment/planet-oz/2014/apr/14/ipcc-report-climate-change-queensland-alpha-coal-mine-liability,Environment,2014-04-14,2021-08-25,1
guardian_1a72716d1d,The Guardian,2014,"""global temperature""","Australian carbon price scrapping seen as ‘backwards step’, says IPCC author",https://www.theguardian.com/environment/2014/apr/14/australian-carbon-price-scrapping-seen-as-backwards-step-says-ipcc-author,Environment,2014-04-14,2016-10-27,1
guardian_cc63ecf861,The Guardian,2014,IPCC,Climate change report: reactions to the final instalment of the IPCC analysis,https://www.theguardian.com/sustainable-business/blog/2014/apr/14/climate-change-report-reactions-to-the-final-instalment-of-the-ipcc-analysis,Guardian Sustainable Business,2014-04-14,2018-02-14,1
guardian_e539cc93cf,The Guardian,2014,"""global temperature""","Coal will be a main energy source for 'decades and decades', says Greg Hunt",https://www.theguardian.com/environment/2014/apr/14/coal-will-be-a-main-energy-source-for-decades-and-decades-says-greg-hunt,Environment,2014-04-14,2018-03-13,1
guardian_f8b4078705,The Guardian,2014,IPCC,"IPCC report: the scientists have done their bit, now it is up to us",https://www.theguardian.com/environment/blog/2014/apr/14/ipcc-report-scientists-world-seize-opportunity-roadmap,Environment,2014-04-14,2021-08-25,2
guardian_0d60b1fe67,The Guardian,2014,IPCC,Inside the 18 April edition,https://www.theguardian.com/theguardian/2014/apr/15/abby-deveney-inside-guardian-weekly,News,2014-04-15,2014-04-15,0
guardian_24bc863ae6,The Guardian,2014,IPCC,Australians for Coal campaign fires up protesters instead of supporters,https://www.theguardian.com/world/2014/apr/15/australians-for-coal-campaign-fires-up-protesters-instead-of-supporters,Australia news,2014-04-15,2016-10-27,1
guardian_44c3cb41bd,The Guardian,2014,"""net zero""",TripZero: A lean startup tries to 'green' the travel industry,https://www.theguardian.com/sustainable-business/tripzero-startup-green-travel-industry,Guardian Sustainable Business,2014-04-15,2014-04-15,2
guardian_9036a4271e,The Guardian,2014,IPCC,"Guardian Weekly Letters, 18 April 2014",https://www.theguardian.com/global/2014/apr/15/weekly-letters-fracking-russia-statins-18-april,Global,2014-04-15,2014-04-14,0
guardian_21cbdefbef,The Guardian,2014,"""carbon budget""",Letter to Pope Francis calling for fossil fuel divestment,https://www.theguardian.com/environment/2014/apr/16/letter-pope-francis-fossil-fuel-divestment,Environment,2014-04-16,2014-04-16,0
guardian_62c0e7cec0,The Guardian,2014,"""global temperature""",Plants the key to removing 63m tonnes of carbon dioxide a year,https://www.theguardian.com/world/2014/apr/16/plants-the-key-to-removing-63m-tonnes-of-carbon-dioxide-a-year,World news,2014-04-16,2021-08-25,1
guardian_ec855f4cb8,The Guardian,2014,IPCC,Rising activist deaths are a symptom of our global environmental crisis,https://www.theguardian.com/environment/2014/apr/16/rising-activist-deaths-global-witness,Environment,2014-04-16,2017-07-05,1
guardian_9031f91934,The Guardian,2014,IPCC,Universities must end financial ties to climate denying fossil-fuel giants – now,https://www.theguardian.com/commentisfree/2014/apr/17/universities-end-financial-ties-fossil-fuel-industry-now,Opinion,2014-04-17,2017-07-14,1
guardian_5c784aa57e,The Guardian,2014,IPCC,Arctic oil: it is madness to celebrate a new source of fossil fuels,https://www.theguardian.com/environment/2014/apr/18/oil-arctic-putin-gazprom-fossil-fuels,Environment,2014-04-18,2018-02-14,1
guardian_91981e5016,The Guardian,2014,IPCC,Science Weekly podcast: why we should leave fossil fuels in the ground,https://www.theguardian.com/science/audio/2014/apr/21/podcast-science-weekly-fossil-fuels-climate-change,Science,2014-04-21,2021-08-25,1
guardian_7e4887f47d,The Guardian,2014,IPCC,Climate dollars and sense – preventing global warming is the cheap option,https://www.theguardian.com/environment/climate-consensus-97-per-cent/2014/apr/22/preventing-global-warming-cheaper-than-adapting,Global,2014-04-22,2014-04-24,2
guardian_91bd2dd60d,The Guardian,2014,IPCC,Energy and climate change: 'the tired response is buck-passing balderdash',https://www.theguardian.com/big-energy-debate/stand-up-to-fossil-fuels-climate-change,The big energy debate,2014-04-22,2021-08-27,1
guardian_c10f48e3cd,The Guardian,2014,IPCC,Will Tory plans kill onshore wind in the UK?,https://www.theguardian.com/environment/2014/apr/24/will-tory-plans-kill-onshore-wind-in-the-uk,Environment,2014-04-24,2018-02-14,2
guardian_f12eb65d40,The Guardian,2014,IPCC,Green nudges: can smileys on your utility bill reduce global emissions?,https://www.theguardian.com/sustainable-business/behavioural-insights/green-nudges-behaviour-change-reduce-emissions,Guardian Sustainable Business,2014-04-25,2021-08-27,1
guardian_719034e0f0,The Guardian,2014,IPCC,Care about sustainable fishing? You need to care about climate change too,https://www.theguardian.com/sustainable-business/blog/sustainable-fisheries-over-fishing-climate-change,Guardian Sustainable Business,2014-04-28,2014-04-28,1
guardian_8a4d2eca1d,The Guardian,2014,"""sea level rise""",Climate change a growing concern for companies expanding their footprint,https://www.theguardian.com/sustainable-business/hubs-water-climate-change-siting-drought-flood-business,Guardian Sustainable Business,2014-04-28,2014-04-28,1
guardian_d465a40c97,The Guardian,2014,"""sea level rise""",Typhoon Haiyan was just the start – prepare for an ever stormier future,https://www.theguardian.com/global-development-professionals-network/2014/apr/28/haiyan-prepare-future-fierce-weather,Working in development,2014-04-28,2021-08-26,1
guardian_0a22b9262b,The Guardian,2014,IPCC,"Exxon, Total and Shell are finally talking about climate change",https://www.theguardian.com/sustainable-business/climate-change-exxon-total-shell-oil-gas-emissions-security,Guardian Sustainable Business,2014-04-29,2021-08-27,1
guardian_2c49c21254,The Guardian,2014,IPCC,Police watchdog investigates officer who Tasered man during strip search,https://www.theguardian.com/politics/2014/apr/29/police-watchdog-officer-lee-birch-tasered-man-strip-search,UK news,2014-04-29,2018-01-11,1
guardian_b4f451dce3,The Guardian,2014,IPCC,Azelle Rodney shooting: mother attacks 'intolerable' delay by CPS,https://www.theguardian.com/uk-news/2014/apr/29/azelle-rodney-shooting-mother-attacks-intolerable-delay,UK news,2014-04-29,2017-11-30,1
guardian_b2b169c431,The Guardian,2014,IPCC,"Economics is clear on the need for climate action, now it's time to act",https://www.theguardian.com/environment/climate-consensus-97-per-cent/2014/apr/30/economics-clear-need-climate-action,Environment,2014-04-30,2021-08-25,1
guardian_c6a04f4636,The Guardian,2014,IPCC,Guardian obtains footage of police officer firing Taser at naked man,https://www.theguardian.com/politics/2014/apr/30/guardian-footage-police-taser-naked-man-lee-birch,UK news,2014-04-30,2018-01-11,0
guardian_f59798fb62,The Guardian,2014,IPCC,PC Lee Birch firing Taser at naked man – video,https://www.theguardian.com/politics/video/2014/apr/30/pc-lee-birch-firing-taser-naked-man-video,UK news,2014-04-30,2018-01-11,0
guardian_8931f4a1f2,The Guardian,2014,IPCC,Are pets bad for the environment?,https://www.theguardian.com/sustainable-business/reduce-pets-sustainable-future-cats-dogs,Guardian Sustainable Business,2014-05-01,2014-05-01,1
guardian_9d30f276d0,The Guardian,2014,"""carbon budget""",Why Treasury model is a flawed tool for valuing climate policies,https://www.theguardian.com/business/economics-blog/2014/may/01/treasury-economic-model-flawed-valuing-climate-policy,Business,2014-05-01,2021-08-27,1
guardian_3c26494986,The Guardian,2014,IPCC,The Australian quantum theory of climate denial,https://www.theguardian.com/environment/climate-consensus-97-per-cent/2014/may/02/australian-quantum-theory-climate-denial,Environment,2014-05-02,2021-08-25,2
guardian_7442094eb2,The Guardian,2014,IPCC,Businesses need to look after their water supplies – or we all perish,https://www.theguardian.com/business/economics-blog/2014/may/02/climate-change-businesses-water-supplies,Business,2014-05-02,2017-12-02,1
guardian_cf7c5a6e82,The Guardian,2014,"""sea level rise""","Climate change is clear and present danger, says landmark US report",https://www.theguardian.com/environment/2014/may/04/climate-change-present-us-national-assessment,Environment,2014-05-04,2021-08-25,1
guardian_7886ede6f4,The Guardian,2014,IPCC,"Division, not consensus, may be the key to fighting climate change",https://www.theguardian.com/commentisfree/2014/may/05/division-inequality-key-fighting-climate-change,Opinion,2014-05-05,2021-08-25,1
guardian_06a772d463,The Guardian,2014,"""sea level rise""",Climate change: what are the worst impacts facing America?,https://www.theguardian.com/environment/2014/may/06/climate-change-what-are-the-worst-impacts-facing-america,Environment,2014-05-06,2021-08-27,7
guardian_448ffed778,The Guardian,2014,"""sea level rise""",White House unveils climate change report with 'urgent' call for action – live,https://www.theguardian.com/environment/2014/may/06/white-house-climate-change-report-live-updates,Environment,2014-05-06,2021-08-25,2
guardian_49490a9d23,The Guardian,2014,"""sea level rise""","Climate change wreaking havoc in America's backyard, scientists warn",https://www.theguardian.com/environment/2014/may/06/climate-change-report-us-dire-warning,Environment,2014-05-06,2021-08-25,1
guardian_7eeb5c382c,The Guardian,2014,IPCC,The top ten global warming 'skeptic' arguments answered,https://www.theguardian.com/environment/climate-consensus-97-per-cent/2014/may/06/top-ten-global-warming-skeptic-arguments-debunked,Environment,2014-05-06,2021-08-25,2
guardian_f895d99137,The Guardian,2014,IPCC,Climate change and poverty: why Indira Gandhi's speech matters,https://www.theguardian.com/global-development-professionals-network/2014/may/06/indira-gandhi-india-climate-change,Working in development,2014-05-06,2021-08-26,1
guardian_098d8c70b3,The Guardian,2014,IPCC,"Police incompetence let killers go free, says father of Birmingham riot victim",https://www.theguardian.com/uk-news/2014/may/07/police-incompetence-father-birmingham-riot,UK news,2014-05-07,2017-11-30,1
guardian_d2ed385986,The Guardian,2014,"""global temperature""",Faith leaders need to find their voice on climate change,https://www.theguardian.com/environment/2014/may/07/faith-leaders-voice-climate-change,Environment,2014-05-07,2021-08-27,1
guardian_d8cc0a6247,The Guardian,2014,"""net zero""",Too big to save: why commercial buildings resist energy efficiency,https://www.theguardian.com/sustainable-business/energy-efficient-buildings-savings-challenges-behavior-change-research,Guardian Sustainable Business,2014-05-07,2016-10-18,1
guardian_fece8f5459,The Guardian,2014,IPCC,Birmingham riot deaths: police face no action over failure to secure convictions,https://www.theguardian.com/uk-news/2014/may/07/birmingham-riot-deaths-police-no-action,UK news,2014-05-07,2018-01-11,1
guardian_1b3177e933,The Guardian,2014,"""1.5C""",Fuel excise rise would be ‘forcefully’ fought by motoring groups,https://www.theguardian.com/world/2014/may/08/fuel-excise-rise-would-be-forcefully-fought-by-motoring-groups,World news,2014-05-08,2018-03-13,1
guardian_2226762653,The Guardian,2014,"""carbon budget""",$1tn oil projects 'will not see return' if governments act on climate – report,https://www.theguardian.com/environment/2014/may/08/oil-capital-climate-change,Environment,2014-05-08,2021-08-25,1
guardian_436c492343,The Guardian,2014,IPCC,Why are so many white men trying to save the planet without the rest of us?,https://www.theguardian.com/commentisfree/2014/may/08/white-men-environmental-movement-leadership,Opinion,2014-05-08,2014-05-08,1
guardian_ab4d91212a,The Guardian,2014,IPCC,New argument from climate change deniers: global warming is a good thing,https://www.theguardian.com/sustainable-business/blog/environment-climate-change-denier-global-warming,Guardian Sustainable Business,2014-05-08,2014-05-09,1
guardian_f76ab710bf,The Guardian,2014,"""1.5C""",Coalition backbenchers torn over fuel excise rise and deficit levy,https://www.theguardian.com/world/2014/may/08/coalition-backbenchers-torn-over-fuel-excise-rise-and-deficit-levy,World news,2014-05-08,2018-03-13,1
guardian_61f1c01c66,The Guardian,2014,IPCC,Kesgrave Hall school sex abuse suspect found dead,https://www.theguardian.com/uk-news/2014/may/09/kesgrave-hall-school-sex-abuse-suspect,UK news,2014-05-09,2014-05-09,1
guardian_e1b151b2a9,The Guardian,2014,"""sea level rise""",White House solar panels power up,https://www.theguardian.com/environment/2014/may/09/obama-solar-power-initiatives-california,Environment,2014-05-09,2018-02-14,1
guardian_f5f91303f9,The Guardian,2014,IPCC,#fastfortheclimate: gimmick or powerful climate change campaign?,https://www.theguardian.com/global-development-professionals-network/2014/may/09/climate-change-yeb-sano-fasting-campaign,Working in development,2014-05-09,2021-08-25,1
guardian_292dc59196,The Guardian,2014,IPCC,Sense and climate sensitivity – more evidence we're in for a hot future,https://www.theguardian.com/environment/climate-consensus-97-per-cent/2014/may/12/sense-and-climate-sensitivity,Environment,2014-05-12,2021-08-25,1
guardian_81d5682108,The Guardian,2014,"""sea level rise""","Western Antarctic ice sheet collapse has already begun, scientists warn",https://www.theguardian.com/environment/2014/may/12/western-antarctic-ice-sheet-collapse-has-already-begun-scientists-warn,Environment,2014-05-12,2021-08-25,2
guardian_9efd42d31c,The Guardian,2014,"""sea level rise""",New Zealand refuses climate change refugees – mass action is now needed,https://www.theguardian.com/commentisfree/2014/may/12/new-zealand-refuses-climate-change-refugees-mass-action-is-now-needed,Opinion,2014-05-12,2021-08-25,2
guardian_1c57c895ef,The Guardian,2014,IPCC,Police chief suspended over allegations of inappropriate behaviour,https://www.theguardian.com/politics/2014/may/13/police-chief-suspended-over-alleged-inappropriate-behaviour,UK news,2014-05-13,2018-01-11,1
guardian_1edf9e35eb,The Guardian,2014,"""sea level rise""",West Antarctica ice sheet collapse: 'it will change the coastline of the world',https://www.theguardian.com/environment/2014/may/13/west-antartica-ice-sheet-collapse-coastline-world,Environment,2014-05-13,2014-05-14,1
guardian_8d402299e1,The Guardian,2014,"""sea level rise""",Which books will survive rising sea levels?,https://www.theguardian.com/books/booksblog/2014/may/13/books-rising-sea-levels-antarctic-ice-melt,Books,2014-05-13,2019-08-21,1
guardian_0d82ccf4e1,The Guardian,2014,"""sea level rise""","Climate change poses growing threat of conflict in the Arctic, report finds",https://www.theguardian.com/environment/2014/may/14/climate-change-arctic-security-threat-report,Environment,2014-05-14,2021-08-25,1
guardian_8355484573,The Guardian,2014,IPCC,IPCC's outdated climate change communication won't cut it,https://www.theguardian.com/sustainable-business/ipcc-climate-change-science-communication,Guardian Sustainable Business,2014-05-14,2021-08-25,1
guardian_ddeed221ff,The Guardian,2014,"""global temperature""",Climate change: has science finally won the debate?,https://www.theguardian.com/global-development-professionals-network/2014/may/14/climate-change-science-scepticism,Working in development,2014-05-14,2021-08-26,1
guardian_22b160dbb3,The Guardian,2014,"""carbon budget""",IPCC reports 'diluted' under 'political pressure' to protect fossil fuel interests,https://www.theguardian.com/environment/earth-insight/2014/may/15/ipcc-un-climate-reports-diluted-protect-fossil-fuel-interests,Environment,2014-05-15,2021-08-25,1
guardian_35ef13f2a5,The Guardian,2014,"""net zero""",Veolia Environment finds value in rubbish,https://www.theguardian.com/sustainable-business/sustainability-case-studies-veolia-environment-value-rubbish,Guardian Sustainable Business,2014-05-15,2014-05-09,1
guardian_9dc68b1140,The Guardian,2014,"""carbon budget""",Carbon Tracker has changed the financial language of climate change,https://www.theguardian.com/sustainable-business/sustainability-case-studies-carbon-tracker,Guardian Sustainable Business,2014-05-15,2014-05-13,1
guardian_c4eb1ff97d,The Guardian,2014,IPCC,Renewable energy won't rid us of the horrors of coal,https://www.theguardian.com/commentisfree/2014/may/15/renewable-energy-horrors-coal-extraction-turkish-mine-disaster,Opinion,2014-05-15,2021-08-25,1
guardian_6c47908e28,The Guardian,2014,IPCC,Murdoch-owned media hypes lone metereologist's climate junk science,https://www.theguardian.com/environment/earth-insight/2014/may/16/murdoch-media-hypes-lone-climate-denial-big-oil,Environment,2014-05-16,2021-08-25,1
guardian_208c831afe,The Guardian,2014,IPCC,Climate change is upon us and we must act,https://www.theguardian.com/commentisfree/2014/may/18/climate-change-global-warning-calamity-floods-observer-editorial,Opinion,2014-05-17,2021-08-25,1
guardian_139bf5915b,The Guardian,2014,IPCC,Police chief condemns IPCC plan to keep officers apart after shootings,https://www.theguardian.com/uk-news/2014/may/18/police-ipcc-armed-officers-conferring,UK news,2014-05-18,2018-01-11,1
guardian_96170578fd,The Guardian,2014,IPCC,The Times has manufactured an unfounded climate change conspiracy theory,https://www.theguardian.com/environment/climate-consensus-97-per-cent/2014/may/19/another-manufactured-climate-controversy,Environment,2014-05-19,2021-08-25,2
guardian_af1c3f30d7,The Guardian,2014,"""sea level rise""",Doubling of Antarctic ice loss revealed by European satellite,https://www.theguardian.com/environment/2014/may/19/doubling-of-antarctic-ice-loss-revealed-by-european-satellite,Environment,2014-05-19,2021-08-25,2
guardian_75352a65b3,The Guardian,2014,"""carbon budget""",Shell hits back at 'carbon bubble' claims,https://www.theguardian.com/environment/2014/may/20/shell-hits-back-at-carbon-bubble-claims,Environment,2014-05-20,2021-08-25,1
guardian_a45c27581e,The Guardian,2014,IPCC,No evidence in favour of police conferring over statements,https://www.theguardian.com/uk-news/2014/may/20/evidence-police-conferring-statements-shooting,UK news,2014-05-20,2018-01-11,1
guardian_e69e09e1c6,The Guardian,2014,IPCC,'Climategate' had only fleeting effect on global warming scepticism,https://www.theguardian.com/environment/2014/may/20/climategate-longterm-level-climate-change-scepticism,Environment,2014-05-20,2021-08-25,1
guardian_1f8dccadff,The Guardian,2014,IPCC,Ian Watkins: IPCC serves six police officers with gross misconduct notices,https://www.theguardian.com/politics/2014/may/21/ian-watkins-ipcc-six-police-officers-gross-misconduct-notices,UK news,2014-05-21,2018-01-11,1
guardian_36d55ff8a2,The Guardian,2014,"""carbon budget""",Will carbon capture and storage ever make fossil fuels safe?,https://www.theguardian.com/environment/2014/may/21/carbon-capture-and-storage-fossil-fuels-safe,Environment,2014-05-21,2021-08-25,4
guardian_47a29a2118,The Guardian,2014,IPCC,Want cheap energy bills? Move to a city,https://www.theguardian.com/cities/2014/may/21/cheap-energy-bills-move-to-city,Cities,2014-05-21,2020-09-23,3
guardian_02ffe5a6d2,The Guardian,2014,"""sea level rise""",West Antarctic ice collapse 'could drown Middle East and Asia crops',https://www.theguardian.com/environment/2014/may/22/west-antarctic-ice-collapse-middle-east-asia-crops,Environment,2014-05-22,2021-08-25,1
guardian_52b30f8684,The Guardian,2014,"""sea level rise""",Tom Steyer mounts $100m midterm attack on climate-change deniers,https://www.theguardian.com/science/2014/may/22/tom-steyer-100m-midterm-attack-climate-change-deniers,Science,2014-05-22,2021-08-25,1
guardian_7a10137b2c,The Guardian,2014,"""global temperature""",How green spaces could stop cities from overheating,https://www.theguardian.com/news/datablog/2014/may/22/how-green-spaces-could-stop-cities-from-overheating,News,2014-05-22,2023-05-11,1
guardian_973c2d52a4,The Guardian,2014,IPCC,Man shot by police during armed siege in Liverpool,https://www.theguardian.com/uk-news/2014/may/22/man-shot-police-liverpool-armed-officers-dovecot,UK news,2014-05-22,2017-09-20,1
guardian_b6626d253b,The Guardian,2014,IPCC,The food system we choose affects biodiversity: do we want monocultures?,https://www.theguardian.com/sustainable-business/food-system-monocultures-gm-un-diversity-day,Guardian Sustainable Business,2014-05-22,2018-08-02,1
guardian_3cfede515e,The Guardian,2014,"""sea level rise""","Food, health and sustainability: we become what we eat, and so does Earth",https://www.theguardian.com/sustainable-business/food-health-sustainability-earth-johan-rockstrom,Guardian Sustainable Business,2014-05-27,2014-06-12,1
guardian_f880fce465,The Guardian,2014,IPCC,The Wall Street Journal denies the 97% scientific consensus on human-caused global warming,https://www.theguardian.com/environment/climate-consensus-97-per-cent/2014/may/28/wall-street-journal-denies-global-warming-consensus,Environment,2014-05-28,2021-08-25,1
guardian_89d39eb438,The Guardian,2014,IPCC,The age of climate warfare is here. The military-industrial complex is ready. Are you?,https://www.theguardian.com/environment/earth-insight/2014/may/30/climate-change-war-conflict-military-industrial-complex-syria-egypt-uprising,Environment,2014-05-30,2021-08-25,1
guardian_a05119f9e3,The Guardian,2014,IPCC,Sean Rigg death: Metropolitan police officer's resignation rejected,https://www.theguardian.com/uk-news/2014/may/30/sean-rigg-death-met-officer-resignation-rejected,UK news,2014-05-30,2017-11-30,1
guardian_c2c1a2579d,The Guardian,2014,"""sea level rise""",Global warming and the vulnerability of Greenland's ice sheet,https://www.theguardian.com/environment/climate-consensus-97-per-cent/2014/may/30/global-warming-vulnerability-greenlands-ice-sheet,Environment,2014-05-30,2021-08-25,2
guardian_30027f32d3,The Guardian,2014,IPCC,Republican witness admits the expert consensus on human-caused global warming is real,https://www.theguardian.com/environment/climate-consensus-97-per-cent/2014/jun/02/republican-witness-global-warming-consensus-real,Environment,2014-06-02,2021-08-25,1
guardian_d1cac5055d,The Guardian,2014,"""sea level rise""",It's OK to say 'climate change' on the campaign trail again,https://www.theguardian.com/commentisfree/2014/jun/02/climate-change-campaign-trail-obama-epa-rules,Opinion,2014-06-02,2021-08-25,1
guardian_f42ec45fd8,The Guardian,2014,IPCC,Stephen Lawrence: IPCC to investigate Met commander over spying claims,https://www.theguardian.com/uk-news/2014/jun/02/stephen-lawrence-ipcc-met-commander-spying-claims,UK news,2014-06-02,2018-01-11,1
guardian_ff0af386a0,The Guardian,2014,"""global temperature""",Obama says carbon pollution caps will 'protect health of vulnerable' – as it happened,https://www.theguardian.com/environment/2014/jun/02/obama-climate-change-carbon-emissions-live,Environment,2014-06-02,2021-08-25,3
guardian_37ae0ac0ad,The Guardian,2014,IPCC,Stephen Lawrence murder: new inquiry launched into police corruption claims,https://www.theguardian.com/uk-news/2014/jun/03/stephen-lawrence-ipcc-inquiry-police-corruption,UK news,2014-06-03,2018-01-11,1
guardian_87e1d90843,The Guardian,2014,"""global temperature""",Obama plan to reduce pollution will allow some states to increase emissions,https://www.theguardian.com/environment/2014/jun/03/obama-epa-carbon-pollution-rules-varies-states,Environment,2014-06-03,2021-08-25,1
guardian_bdb52b9a64,The Guardian,2014,IPCC,"China to limit carbon emissions for first time, climate adviser claims",https://www.theguardian.com/environment/2014/jun/03/china-pledges-limit-carbon-emissions,Environment,2014-06-03,2021-08-25,1
guardian_f6b4797434,The Guardian,2014,"""net zero""",Sustainable Brands in San Diego - as it happened,https://www.theguardian.com/sustainable-business/2014/jun/03/sustainable-brands-live-from-san-diego,Guardian Sustainable Business,2014-06-03,2014-12-17,10
guardian_16e1f7e343,The Guardian,2014,IPCC,Mark Duggan coroner: police created perception of collusion,https://www.theguardian.com/uk-news/2014/jun/04/mark-duggan-coroner-police-perception-collusion,UK news,2014-06-04,2017-11-30,1
guardian_b57bafaac5,The Guardian,2014,IPCC,Exhaustion of cheap mineral resources is terraforming Earth – scientific report,https://www.theguardian.com/environment/earth-insight/2014/jun/04/mineral-resource-fossil-fuel-depletion-terraform-earth-collapse-civilisation,Environment,2014-06-04,2021-08-25,1
guardian_1d03924895,The Guardian,2014,IPCC,El Niño would be a disaster for the world's coral reefs,https://www.theguardian.com/environment/blog/2014/jun/05/el-nino-coral-reef-earth-amazons,Environment,2014-06-05,2021-10-29,1
guardian_ba1903d7b8,The Guardian,2014,"""carbon budget""","Climate change ""off the G20 agenda"" as Australia prepares to abolish carbon price",https://www.theguardian.com/environment/southern-crossroads/2014/jun/05/g20-climate-change-agenda-obama-abbott,Environment,2014-06-05,2021-08-25,1
guardian_e33eafe90d,The Guardian,2014,"""global temperature""",Who will fund the renewable solution to the energy crisis?,https://www.theguardian.com/global-development-professionals-network/2014/jun/05/renewable-energy-electricty-africa-policy,Global Development Professionals Network,2014-06-05,2018-02-14,1
guardian_82fc9142d7,The Guardian,2014,IPCC,The claim of a 97% consensus on global warming does not stand up,https://www.theguardian.com/environment/blog/2014/jun/06/97-consensus-global-warming,Environment,2014-06-06,2021-08-25,1
guardian_7afce4238e,The Guardian,2014,IPCC,South Wales police apologise to woman attacked with hammer by her partner,https://www.theguardian.com/society/2014/jun/10/south-wales-police-hammer-rapist-domestic-violence,Society,2014-06-10,2018-01-11,1
guardian_35a7e39395,The Guardian,2014,IPCC,"Society briefing: NHS facing summer A&E crisis, says Labour",https://www.theguardian.com/society/2014/jun/11/society-briefing,Society,2014-06-11,2014-06-11,2
guardian_a9c3972e62,The Guardian,2014,"""1.5C""",How El Niño will change the world's weather in 2014,https://www.theguardian.com/environment/2014/jun/11/-sp-el-nino-weather-2014,Environment,2014-06-11,2022-10-19,6
guardian_ef3d931f69,The Guardian,2014,IPCC,"South Wales police failed domestic abuse hammer attack victim, IPCC finds",https://www.theguardian.com/society/2014/jun/11/south-wales-police-let-down-domestic-abuse-hammer-attack-victim,Society,2014-06-11,2017-09-20,1
guardian_333ab632ad,The Guardian,2014,"""sea level rise""",Climate change: how businesses can deal with America's most divisive issue,https://www.theguardian.com/sustainable-business/2014/jun/12/climate-change-global-warming-businesses-divisive-issue-america,Guardian Sustainable Business,2014-06-12,2021-08-25,1
guardian_8495ff6637,The Guardian,2014,IPCC,Food and agriculture: what are the sustainability challenges? - live chat,https://www.theguardian.com/sustainable-business/food-sustainability-agriculture-challenges-opportunities,Guardian Sustainable Business,2014-06-12,2015-02-17,1
guardian_38b22840b1,The Guardian,2014,IPCC,Climate change: historians will look back and ask 'why didn't they act?',https://www.theguardian.com/environment/2014/jun/13/climate-change-historians-will-look-back-and-ask-why-didnt-they-act,Environment,2014-06-13,2021-08-25,1
guardian_df44c00f34,The Guardian,2014,IPCC,EU slated for ‘cynical’ €113m shale gas subsidy,https://www.theguardian.com/environment/2014/jun/13/eu-slated-for-cynical-113m-shale-gas-subsidy,Environment,2014-06-13,2021-08-25,1
guardian_ecaba47406,The Guardian,2014,"""net zero""",Oil-rich United Arab Emirates aims to be a sustainable energy pioneer,https://www.theguardian.com/sustainable-business/uae-clean-energy-sustainable-technologies-masdar,Guardian Sustainable Business,2014-06-13,2021-08-25,1
guardian_0f2e769401,The Guardian,2014,IPCC,Coal's share of energy market at highest level since 1970,https://www.theguardian.com/environment/2014/jun/16/coals-share-of-energy-market-at-highest-level-since-1970,Environment,2014-06-15,2021-08-25,1
guardian_4debb599a8,The Guardian,2014,IPCC,"Police uphold just 1% of 7,963 public complaints of racism",https://www.theguardian.com/politics/2014/jun/15/police-uphold-just-one-percent-of-public-complaints-of-racism,UK news,2014-06-15,2018-01-11,1
guardian_7ca602cc4a,The Guardian,2014,IPCC,Police are accused of foot-dragging over miners' strike inquiry,https://www.theguardian.com/uk-news/2014/jun/15/orgreave-police-inquiry-foot-dragging-clashes,UK news,2014-06-15,2018-01-11,1
guardian_a5d4e04355,The Guardian,2014,IPCC,Miliband calls for inquiry into police actions during Orgreave miners clash,https://www.theguardian.com/politics/2014/jun/15/miliband-calls-for-investigation-into-police-actions-during-orgreave-miners-strike,Politics,2014-06-15,2018-01-11,1
guardian_69d6be911a,The Guardian,2014,IPCC,"So many complaints, so little action. Do the police take racism seriously?",https://www.theguardian.com/commentisfree/2014/jun/16/complaints-police-racism-accusations-officers,Opinion,2014-06-16,2017-11-30,1
guardian_d14529027a,The Guardian,2014,IPCC,Orgreave was a massive injustice. And so is 30 years without a proper inquiry,https://www.theguardian.com/commentisfree/2014/jun/18/orgreave-injustice-miners-ipcc-investigation-start-now,Opinion,2014-06-18,2018-01-11,1
guardian_b8b7734bcf,The Guardian,2014,IPCC,IPCC investigates detention of man found dead 24 hours after release,https://www.theguardian.com/politics/2014/jun/20/ipcc-investigates-detention-man-dead-24-hours-devon-cornwall-police,UK news,2014-06-20,2018-01-11,1
guardian_f136d80bfb,The Guardian,2014,IPCC,New study improves measurements of the warming oceans,https://www.theguardian.com/environment/climate-consensus-97-per-cent/2014/jun/20/new-study-improves-ocean-warming-measurements,Environment,2014-06-20,2021-08-25,2
guardian_a4281bc5de,The Guardian,2014,"""global temperature""",May was hottest on Earth since records began,https://www.theguardian.com/environment/2014/jun/24/may-was-hottest-on-earth-since-records-began,Environment,2014-06-24,2021-08-25,1
guardian_4f7949fd62,The Guardian,2014,"""global temperature""",Global warming conspiracy theorist zombies devour Telegraph and Fox News brains,https://www.theguardian.com/environment/climate-consensus-97-per-cent/2014/jun/25/global-warming-zombies-devour-telegraph-fox-news-brains,Environment,2014-06-25,2021-08-25,2
guardian_822813dd31,The Guardian,2014,IPCC,What really annoys scientists about the state of the climate change debate?,https://www.theguardian.com/environment/planet-oz/2014/jun/26/what-really-annoys-scientists-about-the-state-of-the-climate-change-debate,Environment,2014-06-26,2021-08-25,1
guardian_1d238bfb2d,The Guardian,2014,"""sea level rise""","Global warming makes drought come on earlier, faster, and harder",https://www.theguardian.com/environment/climate-consensus-97-per-cent/2014/jun/30/global-warming-makes-drought-earlier-faster-harder,Environment,2014-06-30,2021-08-25,1
guardian_35ac577970,The Guardian,2014,IPCC,Extreme weather official advice rewritten to remove climate change link,https://www.theguardian.com/environment/2014/jun/30/extreme-weather-official-advice-rewritten-to-remove-climate-change-link,Environment,2014-06-30,2021-08-25,1
guardian_97c9bbf9fc,The Guardian,2014,"""carbon budget""",Nasa to launch CO2-tracking satellite,https://www.theguardian.com/environment/2014/jun/30/nasa-to-launch-co2-tracking-satellite,Environment,2014-06-30,2021-08-25,2
guardian_bc78fcab29,The Guardian,2014,IPCC,"Besieged by the rising tides of climate change, Kiribati buys land in Fiji",https://www.theguardian.com/environment/2014/jul/01/kiribati-climate-change-fiji-vanua-levu,Environment,2014-07-01,2021-08-25,1
guardian_86f70b3725,The Guardian,2014,IPCC,Women duped by Met undercover officers win high court ruling,https://www.theguardian.com/uk-news/2014/jul/02/met-spy-undercover-police-damages-court,UK news,2014-07-02,2017-11-30,1
guardian_1960cac825,The Guardian,2014,"""sea level rise""","Dark snow: from the Arctic to the Himalayas, the phenomenon that is accelerating glacier melting",https://www.theguardian.com/environment/2014/jul/05/dark-snow-speeding-glacier-melting-rising-sea-levels,Environment,2014-07-05,2021-08-25,1
guardian_3c8e93466d,The Guardian,2014,"""sea level rise""",Rose-colored glasses: Antarctic sea ice is the Mail on Sunday's latest global warming distraction,https://www.theguardian.com/environment/climate-consensus-97-per-cent/2014/jul/07/antarctic-sea-ice-latest-global-warming-distraction,Environment,2014-07-07,2021-08-25,1
guardian_181d3289c6,The Guardian,2014,"""1.5C""","Climate change 'hysteria' like a sci-fi movie, Coalition MP tells fellow sceptics",https://www.theguardian.com/environment/2014/jul/09/climate-change-hysteria-sci-fi-movie-coalition-mp,Environment,2014-07-09,2021-08-25,1
guardian_1b46b46585,The Guardian,2014,IPCC,How much of a threat does Typhoon Neoguri pose to Japan? Q&A,https://www.theguardian.com/science/2014/jul/09/typhoon-neoguri-japan,Science,2014-07-09,2022-08-17,1
guardian_501a22f7a0,The Guardian,2014,"""sea level rise""",Cities and businesses prepare for the threat climate change poses to water,https://www.theguardian.com/sustainable-business/cities-climate-change-flooding-water-drought-resilience-businesses,Guardian Sustainable Business,2014-07-10,2021-08-25,1
guardian_5c7c4c86af,The Guardian,2014,"""carbon budget""","Zero carbon and economic growth can go together, UN study says",https://www.theguardian.com/environment/2014/jul/10/zero-carbon-and-economic-growth-can-go-together-un-study-says,Environment,2014-07-10,2021-08-25,1
guardian_b1f5392006,The Guardian,2014,"""sea level rise""",Louisiana businesses scramble as state loses Manhattan-size chunks of land to climate change,https://www.theguardian.com/sustainable-business/2014/jul/10/climate-change-louisiana-gulf-coast-flood,Guardian Sustainable Business,2014-07-10,2015-02-09,1
guardian_c3297621d9,The Guardian,2014,IPCC,Five reasons for the new senate to keep the carbon price,https://www.theguardian.com/environment/southern-crossroads/2014/jul/10/carbon-price-senate-palmer-muir-abbott,Environment,2014-07-10,2021-08-25,1
guardian_38e1a41816,The Guardian,2014,"""sea level rise""","Miami, the great world city, is drowning while the powers that be look away",https://www.theguardian.com/world/2014/jul/11/miami-drowning-climate-change-deniers-sea-levels-rising,US news,2014-07-11,2021-08-25,4
guardian_4c4b213c1a,The Guardian,2014,IPCC,Chief constable under criminal investigation over data protection,https://www.theguardian.com/uk-news/2014/jul/11/chief-constable-under-criminal-investigation-data-protection-nick-gargan,UK news,2014-07-11,2017-11-30,1
guardian_f1b32b0b2a,The Guardian,2014,IPCC,Why the next climate treaty is vital for my country to survive,https://www.theguardian.com/environment/2014/jul/12/why-next-climate-treaty-vital-for-country-to-survive,Environment,2014-07-12,2021-10-29,1
guardian_a23d72ba97,The Guardian,2014,"""sea level rise""","Rupert Murdoch doesn't understand climate change basics, and that's a problem",https://www.theguardian.com/environment/climate-consensus-97-per-cent/2014/jul/14/rupert-murdoch-doesnt-understand-climate-basics,Environment,2014-07-14,2021-08-25,3
guardian_ce0655e150,The Guardian,2014,"""sea level rise""",The business cost of climate change: what the science says,https://www.theguardian.com/sustainable-business/2014/jul/14/business-cost-risks-climate-change-science,Guardian Sustainable Business,2014-07-14,2014-07-14,1
guardian_f66fde371b,The Guardian,2014,"""carbon budget""",Why nothing has really changed in Australia's surrealist climate policy circus,https://www.theguardian.com/environment/planet-oz/2014/jul/14/why-nothing-has-really-changed-in-australias-surrealist-climate-policy-circus,Environment,2014-07-14,2021-08-25,1
guardian_ed974065b0,The Guardian,2014,"""net zero""","Why the modern bathroom is a wasteful, unhealthy design",https://www.theguardian.com/lifeandstyle/2014/jul/15/why-modern-bathroom-wasteful-unhealthy-design,Life and style,2014-07-15,2020-09-23,4
guardian_ed84066255,The Guardian,2014,IPCC,Gloucester man jailed for life after stabbing ex-girlfriend to death,https://www.theguardian.com/uk-news/2014/jul/16/gloucester-asher-maslin-sentenced-life-murder-ex-girlfriend-gazzard-hairdresser,UK news,2014-07-16,2014-07-16,2
guardian_dd7c4067b1,The Guardian,2014,"""net zero""",Better together: why construction needs collaboration to work efficiently,https://www.theguardian.com/sustainable-business/collaboration-construction-buildings,Guardian Sustainable Business,2014-07-17,2014-07-17,1
guardian_43a1d648e5,The Guardian,2014,"""sea level rise""",Climate change is far from the only cause of a rapid rise in disasters,https://www.theguardian.com/environment/2014/jul/21/climate-change-cause-rapid-rise-disasters,Environment,2014-07-21,2021-08-25,1
guardian_f5452b29f1,The Guardian,2014,IPCC,IPCC concern over police use of Tasers to gain compliance,https://www.theguardian.com/world/2014/jul/22/ipcc-concern-over-police-tasers-compliance,World news,2014-07-21,2018-01-11,1
guardian_0ba02e57c8,The Guardian,2014,"""sea level rise""",Only Ever Yours by Louise O'Neill – review,https://www.theguardian.com/childrens-books-site/2014/jul/22/review-louise-o-neill-only-ever-yours,Children's books,2014-07-22,2017-09-20,1
guardian_147bb281cd,The Guardian,2014,"""carbon budget""",George Osborne defeated in attempt to weaken UK carbon budget,https://www.theguardian.com/environment/2014/jul/22/george-osborne-defeated-in-attempt-to-weaken-uk-carbon-budget,Environment,2014-07-22,2021-08-25,1
guardian_724ed29b2c,The Guardian,2014,"""carbon budget""",EU agrees to improve energy efficiency 30% by 2030,https://www.theguardian.com/environment/2014/jul/23/eu-agrees-to-improve-energy-efficiency-30-by-2030,Environment,2014-07-23,2021-08-25,1
guardian_b435d05b79,The Guardian,2014,"""global temperature""",Will 2014 be the hottest year on record?,https://www.theguardian.com/environment/2014/jul/23/will-2014-be-the-hottest-year-on-record,Environment,2014-07-23,2021-08-25,8
guardian_b61554166d,The Guardian,2014,"""carbon budget""","Green news roundup: beef, jellyfish and the state of the Great Barrier Reef",https://www.theguardian.com/environment/2014/jul/23/green-news-roundup,Environment,2014-07-23,2021-07-26,1
guardian_47b6955c7f,The Guardian,2014,"""global temperature""",Press Council criticises the Australian newspaper's climate change coverage,https://www.theguardian.com/media/2014/jul/24/press-council-criticises-the-australian-newspapers-climate-change-coverage,Media,2014-07-24,2017-05-31,1
guardian_7adc6a82a9,The Guardian,2014,IPCC,Morning Mail: Israel strikes Gaza school; Air Algérie flight crashes,https://www.theguardian.com/world/2014/jul/25/morning-mail-israel-strikes-gaza-school-air-algerie-flight-crashes,World news,2014-07-24,2016-10-26,3
guardian_a4d31a8114,The Guardian,2014,"""global temperature""",General Mills joins climate change fight and requires pledges from suppliers too,https://www.theguardian.com/sustainable-business/2014/jul/28/general-mills-climate-change-lobbying-suppliers-kelloggs-oxfam,Guardian Sustainable Business,2014-07-28,2014-07-30,1
guardian_cbdc96f968,The Guardian,2014,IPCC,"IPCC climate change report's findings must be accepted, MPs say",https://www.theguardian.com/environment/2014/jul/29/ipcc-climate-change-reports-findings-must-be-accepted-mps-say,Environment,2014-07-29,2021-08-25,1
guardian_743122ef99,The Guardian,2014,IPCC,"Green news roundup: solar Apple, London air and threats to pangolins",https://www.theguardian.com/environment/2014/jul/30/green-news-roundup,Environment,2014-07-30,2021-07-26,1
guardian_cb3f42ed4e,The Guardian,2014,IPCC,10 reasons to be hopeful that we will overcome climate change,https://www.theguardian.com/environment/2014/jul/30/reasons-hopeful-overcome-climate-change-solar,Environment,2014-07-30,2021-08-25,6
guardian_5004b9c2b8,The Guardian,2014,"""1.5C""",The Great Barrier Reef and the coal mine that could kill it,https://www.theguardian.com/environment/2014/aug/01/-sp-great-barrier-reef-and-coal-mine-could-kill-it,Environment,2014-08-01,2021-10-29,4
guardian_6bf64e3a19,The Guardian,2014,IPCC,Error in satellite record may have overestimated Antarctic sea ice expansion,https://www.theguardian.com/environment/climate-consensus-97-per-cent/2014/aug/01/error-may-have-overestimated-antarctic-sea-ice-expansion,Environment,2014-08-01,2021-08-25,3
guardian_65c64cdafd,The Guardian,2014,IPCC,Activists complain to IPCC over police efforts to recruit them as informers,https://www.theguardian.com/uk-news/2014/aug/04/campaigners-ipcc-complaint-police-recruit-informers,UK news,2014-08-04,2018-01-11,1
guardian_b7d8bb2a96,The Guardian,2014,"""global temperature""",Geoengineering the Earth's climate sends policy debate down a curious rabbit hole,https://www.theguardian.com/environment/planet-oz/2014/aug/04/geoengineering-the-earths-climate-sends-policy-debate-down-a-curious-rabbit-hole,Environment,2014-08-04,2021-08-25,1
guardian_32cecaab85,The Guardian,2014,IPCC,Good news! UK's new environment ministers aren't climate change deniers,https://www.theguardian.com/environment/damian-carrington-blog/2014/aug/05/uks-new-environment-ministers-arent-climate-change-deniers,Environment,2014-08-05,2021-08-25,1
guardian_4f8d4591d3,The Guardian,2014,IPCC,Wikipedia edits made by government sought to minimise high-profile killings,https://www.theguardian.com/technology/2014/aug/07/wikipedia-edits-government-high-profile-killings,Technology,2014-08-06,2017-05-07,1
guardian_a4b5790ab9,The Guardian,2014,IPCC,Police officers face misconduct hearing over statements in death investigation,https://www.theguardian.com/uk-news/2014/aug/08/police-misconduct-hearing-habib-ullah-death,UK news,2014-08-08,2017-09-20,0
guardian_12a39019a4,The Guardian,2014,IPCC,New study finds fringe global warming contrarians get disproportionate media attention,https://www.theguardian.com/environment/climate-consensus-97-per-cent/2014/aug/11/fringe-global-warming-contrarians-disproportionate-media,Environment,2014-08-11,2021-08-25,3
guardian_a7c9791889,The Guardian,2014,IPCC,Jenny Jones: 'Boris gives credence to crank theories about climate change',https://www.theguardian.com/big-energy-debate/jenny-jones-boris-johnson-london-carbon-targets,The big energy debate,2014-08-12,2019-07-10,2
guardian_aa128de59a,The Guardian,2014,IPCC,Greater Manchester police chief faces criminal investigation,https://www.theguardian.com/uk-news/2014/aug/12/greater-manchester-police-sir-peter-fahy-criminal-investigation,UK news,2014-08-12,2017-11-30,1
guardian_05734c18c6,The Guardian,2014,"""global temperature""",Tony Abbott adviser warns of threat of 'global cooling',https://www.theguardian.com/environment/2014/aug/14/tony-abbott-adviser-warns-of-threat-of-global-cooling,Environment,2014-08-14,2021-08-25,1
guardian_88f17a63b9,The Guardian,2014,IPCC,"Manchester police chief Peter Fahy should be suspended, say local MPs",https://www.theguardian.com/uk-news/2014/aug/13/greater-manchester-police-peter-fahy-mps-call-suspension,UK news,2014-08-14,2017-11-30,1
guardian_e928d0f275,The Guardian,2014,"""1.5C""",Environment minister Greg Hunt admits Great Barrier Reef is in trouble,https://www.theguardian.com/environment/2014/aug/14/environment-minister-greg-hunt-admits-great-barrier-reef-is-in-trouble,Environment,2014-08-14,2021-08-25,6
guardian_4796dccaa9,The Guardian,2014,IPCC,Global cooling: climate scientists keen to meet Tony Abbott's business adviser,https://www.theguardian.com/environment/2014/aug/15/global-cooling-climate-scientists-keen-to-meet-tony-abbotts-business-adviser,Environment,2014-08-15,2021-08-25,1
guardian_64418f281f,The Guardian,2014,IPCC,Fact check: How Maurice Newman misrepresents science to claim future global cooling,https://www.theguardian.com/environment/planet-oz/2014/aug/15/fact-check-how-maurice-newman-misrepresents-science-to-claim-future-global-cooling,Environment,2014-08-15,2021-08-25,1
guardian_10e653802f,The Guardian,2014,IPCC,Clive Palmer's quotable quotes – a history of his more remarkable claims,https://www.theguardian.com/world/2014/aug/19/clive-palmers-quotable-quotes-a-brief-history-of-his-outlandish-commentary,World news,2014-08-19,2018-03-13,4
guardian_743e66ae71,The Guardian,2014,"""global temperature""",Food and drinks companies respond to consumer pressure on climate change,https://www.theguardian.com/sustainable-business/food-blog/2014/aug/21/kellogg-general-mills-oxfam-climate-change,Guardian Sustainable Business,2014-08-21,2021-08-25,1
guardian_8b37de7e4a,The Guardian,2014,"""global temperature""","Global warming slowdown answer lies in depths of Atlantic, study finds",https://www.theguardian.com/environment/2014/aug/21/global-warming-slowdown-answer-lies-in-depths-of-atlantic-study-finds,Environment,2014-08-21,2021-08-25,2
guardian_0571625350,The Guardian,2014,"""sea level rise""",'Incredible' rate of polar ice loss alarms scientists,https://www.theguardian.com/environment/2014/aug/24/incredible-polar-ice-loss-cryosat-antarctica-greenland,Environment,2014-08-23,2021-08-25,1
guardian_82b62864f4,The Guardian,2014,"""global temperature""",Unpacking unpaused global warming – climate models got it right,https://www.theguardian.com/environment/climate-consensus-97-per-cent/2014/aug/25/unpacking-unpaused-global-warming-climate-models-right,Environment,2014-08-25,2021-08-25,2
guardian_5e313671a2,The Guardian,2014,IPCC,Met chief apologises for officer's unlawful use of CS spray on protesters,https://www.theguardian.com/uk-news/2014/aug/27/met-chief-apologises-officers-unlawful-cs-spray-protesters,UK news,2014-08-27,2018-01-11,1
guardian_64d1a6f8f9,The Guardian,2014,IPCC,Ambassadors for evidence,https://www.theguardian.com/science/political-science/2014/aug/27/ambassadors-for-evidence-scientific-advice-science-policy,Science,2014-08-27,2017-09-20,1
guardian_d4822b6624,The Guardian,2014,"""carbon budget""",New coal power stations threat to EU’s emissions target,https://www.theguardian.com/environment/2014/aug/27/coal-power-stations-eu-emissions-target,Environment,2014-08-27,2021-08-25,2
guardian_058f96443a,The Guardian,2014,"""global temperature""",Libertarian ideology is the natural enemy of science,https://www.theguardian.com/science/blog/2014/aug/29/libertarian-ideology-natural-enemy-science,Science,2014-08-29,2021-08-25,1
guardian_4d009fe9f3,The Guardian,2014,"""sea level rise""",Help small island states win their battle against climate change,https://www.theguardian.com/environment/2014/aug/29/small-island-states-climate-change-sea-level,Environment,2014-08-29,2021-08-25,2
guardian_d7cc0c86ee,The Guardian,2014,IPCC,Rotherham: police spent 'great deal of time' trying to disprove victim abuse,https://www.theguardian.com/uk-news/2014/aug/28/rotherham-abuse-south-yorkshire-police-victims-john-mann-shaun-wright,UK news,2014-08-29,2017-11-30,1
guardian_8e8e0f98ae,The Guardian,2014,"""sea level rise""",Global labour's challenge to climate change,https://www.theguardian.com/environment/southern-crossroads/2014/sep/02/climate-change-uni-global-union-philip-jennings-sharan-burrow,Environment,2014-09-02,2021-08-25,1
guardian_e0cd392fe4,The Guardian,2014,"""global temperature""",New York climate summit is a chance to push for long-term climate neutrality,https://www.theguardian.com/environment/2014/sep/04/its-time-to-take-the-long-view-on-climate-change,Environment,2014-09-04,2021-08-25,1
guardian_6f853a3d32,The Guardian,2014,IPCC,Armed police kill man threatening woman with knife in London,https://www.theguardian.com/uk-news/2014/sep/05/police-shoot-man-dead-in-london,UK news,2014-09-05,2024-11-11,1
guardian_a17c873838,The Guardian,2014,IPCC,Man 'wielding knife' shot dead by police in London,https://www.theguardian.com/uk-news/2014/sep/05/man-knife-shot-dead-metropolitan-police-london,UK news,2014-09-05,2017-11-30,1
guardian_c7a14bf3d3,The Guardian,2014,"""carbon budget""",World on track to be 4C warmer by 2100 because of missed carbon targets,https://www.theguardian.com/sustainable-business/2014/sep/08/world-warmer-4c-carbon-targets-emissions-growth-business,Guardian Sustainable Business,2014-09-08,2021-08-25,1
guardian_2d2474f1a9,The Guardian,2014,IPCC,"Sorry policy-makers, the two-degrees warming policy is likely a road to disaster",https://www.theguardian.com/environment/southern-crossroads/2014/sep/09/new-york-climate-summit-two-degrees-warming-policy-disaster,Environment,2014-09-09,2021-08-25,1
guardian_392401fbb5,The Guardian,2014,"""sea level rise""",Art project to highlight risk of climate change to Bristol,https://www.theguardian.com/environment/2014/sep/09/high-water-line-bristol-climate-change-risk-art-project,Environment,2014-09-09,2022-10-19,3
guardian_43238839e1,The Guardian,2014,"""global temperature""",Research shows surprise global warming 'hiatus' could have been forecast,https://www.theguardian.com/environment/2014/sep/09/research-global-warming-hiatus,Environment,2014-09-09,2021-08-25,1
guardian_a70706db34,The Guardian,2014,"""sea level rise""","North America's key birds facing extinction, study finds",https://www.theguardian.com/environment/2014/sep/09/north-america-birds-extinction-study-climate-change,Environment,2014-09-09,2021-10-29,3
guardian_270ea745da,The Guardian,2014,"""carbon budget""",Will cutting carbon emissions save the UK money?,https://www.theguardian.com/environment/live/2014/sep/10/will-cutting-carbon-emissions-save-the-uk-money,Environment,2014-09-10,2021-08-25,4
guardian_273fbca921,The Guardian,2014,IPCC,Adapting to climate change can’t be left to the wild west of the markets,https://www.theguardian.com/commentisfree/2014/sep/10/adapting-climate-change-markets-extreme-weather-events-expensive,Opinion,2014-09-10,2021-08-25,1
guardian_3e5cf1fcb5,The Guardian,2014,"""global temperature""","In the Years of Living Dangerously, Part 3",https://www.theguardian.com/environment/climate-consensus-97-per-cent/2014/sep/10/in-the-years-of-living-dangerously-part-3,Environment,2014-09-10,2021-08-25,1
guardian_72db8986b9,The Guardian,2014,"""global temperature""",Stopping climate meltdown needs the courage that saved the ozone layer,https://www.theguardian.com/environment/georgemonbiot/2014/sep/11/stopping-climate-meltdown-needs-the-political-courage-that-saved-the-ozone-layer,Environment,2014-09-11,2021-08-25,1
guardian_81b573321d,The Guardian,2014,"""global temperature""",Hope for clean economy as $20bn in green bonds are issued in 2014,https://www.theguardian.com/sustainable-business/2014/sep/11/rise-green-bonds-hope-clean-economy-climate-change,Guardian Sustainable Business,2014-09-11,2021-08-25,1
guardian_9cd240e1f1,The Guardian,2014,"""carbon budget""",Governments and voters must work together to crack energy trilemma,https://www.theguardian.com/big-energy-debate/2014/sep/11/energy-trilemma-voters-government-solution,The big energy debate,2014-09-11,2014-09-11,1
guardian_a9fda6e115,The Guardian,2014,IPCC,New EU energy and climate commissioner 'must drop oil shares',https://www.theguardian.com/environment/2014/sep/12/new-eu-energy-and-climate-commissioner-must-drop-oil-shares,Environment,2014-09-12,2021-08-25,1
guardian_0da0ab7bce,The Guardian,2014,"""1.5C""",Naomi Klein: ‘We tried it your way and we don’t have another decade to waste’,https://www.theguardian.com/books/2014/sep/14/naomi-klein-interview-capitalism-vs-the-climate,Environment,2014-09-14,2021-08-25,4
guardian_63d86461c2,The Guardian,2014,IPCC,Your contribution to climate change: see your impact on the Earth's vital signs,https://www.theguardian.com/vital-signs/ng-interactive/2014/sep/15/climate-change-earth-environment-vital-signs-waste-wildfires-interactive,Vital Signs,2014-09-15,2021-10-29,0
guardian_b7b354f50a,The Guardian,2014,IPCC,The 97% v the 3% – just how much global warming are humans causing?,https://www.theguardian.com/environment/climate-consensus-97-per-cent/2014/sep/15/97-vs-3-how-much-global-warming-are-humans-causing,Environment,2014-09-15,2021-08-25,3
guardian_7700003a69,The Guardian,2014,"""sea level rise""","Rising sea levels a 'sleeping giant' that could cost $226bn, report says",https://www.theguardian.com/environment/2014/sep/17/rising-sea-levels-sleeping-giant-could-cost-226bn-australia,Environment,2014-09-16,2021-08-25,1
guardian_83b3838928,The Guardian,2014,IPCC,Climate change report by Lord Stern shows there's still time – just,https://www.theguardian.com/environment/2014/sep/16/climate-change-report-lord-stern-carbon-emissions,Environment,2014-09-16,2021-08-25,1
guardian_c0a2d48cc2,The Guardian,2014,IPCC,Texas proposes rewriting school text books to deny manmade climate change,https://www.theguardian.com/environment/2014/sep/16/texas-proposes-rewriting-school-text-books-to-deny-manmade-climate-change,Environment,2014-09-16,2021-08-25,2
guardian_e0166da319,The Guardian,2014,IPCC,It's clear that prosperity and climate change action can go hand in hand,https://www.theguardian.com/environment/2014/sep/16/prosperity-climate-change-action-lord-stern,Environment,2014-09-16,2021-08-25,1
guardian_21b4ce3cd6,The Guardian,2014,IPCC,"Murder of woman by estranged husband was preventable, says report",https://www.theguardian.com/uk-news/2014/sep/17/paul-holmes-murder-estranged-wife-becky-mcphee-preventable-merseyside-police,UK news,2014-09-17,2018-01-11,1
guardian_ea002efbcd,The Guardian,2014,IPCC,Police officer facing inquiry over death in custody 'wants to be church minister',https://www.theguardian.com/uk-news/2014/sep/17/police-officer-inquiry-death-custody-church-minister,UK news,2014-09-17,2018-01-11,1
guardian_94270adaa8,The Guardian,2014,"""sea level rise""",Why climate science denial courtesy of the New York Post measures five miles high,https://www.theguardian.com/environment/planet-oz/2014/sep/18/why-climate-science-denial-courtesy-of-the-new-york-post-measures-five-miles-high,Environment,2014-09-18,2021-08-25,1
guardian_a5a87c1676,The Guardian,2014,"""sea level rise""",Don't call them 'refugees': why climate-change victims need a different label,https://www.theguardian.com/vital-signs/2014/sep/18/refugee-camps-climate-change-victims-migration-pacific-islands,Vital Signs,2014-09-18,2021-08-25,1
guardian_4d7c212712,The Guardian,2014,"""sea level rise""",This Changes Everything: Capitalism vs the Climate by Naomi Klein – review,https://www.theguardian.com/books/2014/sep/19/this-changes-everything-capitalism-vs-climate-naomi-klein-review,Books,2014-09-19,2021-08-25,1
guardian_f0898114b1,The Guardian,2014,IPCC,Floods in India and Pakistan offer a chance for peace-building,https://www.theguardian.com/global-development/poverty-matters/2014/sep/19/floods-india-pakistan-chance-peace-building,Global development,2014-09-19,2022-10-19,1
guardian_32606e08d0,The Guardian,2014,"""sea level rise""",US will not commit to climate change aid for poor nations at UN summit,https://www.theguardian.com/environment/2014/sep/20/us-climate-change-aid-poor-nations-un-summit,Environment,2014-09-20,2021-08-25,1
guardian_8155620a83,The Guardian,2014,"""carbon budget""",People's Climate March: thousands demand action around the world - as it happened,https://www.theguardian.com/environment/live/2014/sep/21/peoples-climate-march-live,Environment,2014-09-20,2021-08-25,2
guardian_8eff892f61,The Guardian,2014,"""global temperature""",Climate warning to world leaders: stick to 2C limit or face 'mayhem',https://www.theguardian.com/environment/2014/sep/21/un-limit-climate-rise-warning-nicholas-stern-barack-obama-david-cameron,Environment,2014-09-20,2021-08-25,1
guardian_0d1bb15494,The Guardian,2014,"""carbon budget""",Record CO2 emissions 'committing world to dangerous climate change',https://www.theguardian.com/environment/2014/sep/21/record-co2-emissions-committing-world-to-dangerous-climate-change,Environment,2014-09-21,2021-08-25,1
guardian_3a875a2596,The Guardian,2014,"""carbon budget""",Climate change marches: Kerry cites fight against Ebola and Isis as thousands join protests,https://www.theguardian.com/environment/2014/sep/21/-sp-climate-change-protest-melbourne-london-new-york-protest,Environment,2014-09-21,2021-08-26,5
guardian_9c6657e93f,The Guardian,2014,"""1.5C""",Scientists reveal ‘fair system’ for countries to tackle climate change,https://www.theguardian.com/global-development/2014/sep/21/scientists-calculations-fair-system-climate-change,Global development,2014-09-21,2022-10-19,1
guardian_01957b8b67,The Guardian,2014,"""carbon budget""",Organisations controlling £30bn are divesting from fossil fuels,https://www.theguardian.com/sustainable-business/2014/sep/22/divestment-campiagn-fossil-fuels-dirty-energy-stanford,Guardian Sustainable Business,2014-09-22,2021-08-25,1
guardian_02373eeccc,The Guardian,2014,"""carbon budget""",New climate deal push will not repeat Copenhagen mistakes – UN envoy,https://www.theguardian.com/environment/2014/sep/22/new-climate-deal-push-will-not-repeat-copenhagen-mistakes-un-envoy,Environment,2014-09-22,2021-08-25,1
guardian_3158248705,The Guardian,2014,IPCC,Flood Wall Street climate change protest holds ground in lower Manhattan – as it happened,https://www.theguardian.com/environment/live/2014/sep/22/climate-change-activists-wall-street-protest,Environment,2014-09-22,2021-08-25,4
guardian_3a7d40d584,The Guardian,2014,"""carbon budget""","US to put climate change 'front and center' of diplomatic efforts, Kerry vows",https://www.theguardian.com/environment/2014/sep/22/us-climate-change-john-kerry-un,Environment,2014-09-22,2021-08-25,2
guardian_c3001e6b98,The Guardian,2014,"""sea level rise""",Young Pacific islanders are not climate change victims – they're fighting,https://www.theguardian.com/commentisfree/2014/sep/22/young-pacific-islanders-are-not-climate-change-victims-theyre-fighting,Opinion,2014-09-22,2021-08-25,1
guardian_d1540754a2,The Guardian,2014,"""global temperature""",The UN's New York climate summit is guilty of a major sin of omission,https://www.theguardian.com/environment/2014/sep/22/the-uns-new-york-climate-summit-is-guilty-of-a-major-sin-of-omission,Environment,2014-09-22,2021-08-25,1
guardian_dc837cc756,The Guardian,2014,IPCC,"Climate march: yes, we should save the world. But not only 'for the children'",https://www.theguardian.com/commentisfree/2014/sep/22/climate-march-yes-we-should-save-the-world-but-not-only-for-the-children,Opinion,2014-09-22,2021-08-25,4
guardian_4133312fd7,The Guardian,2014,"""global temperature""",What businesses need to know about the latest climate science,https://www.theguardian.com/sustainable-business/2014/sep/23/ipcc-climate-reports-cambridge-business-lessons-agriculture-energy-construction,Guardian Sustainable Business,2014-09-23,2014-10-21,1
guardian_8703fa081c,The Guardian,2014,"""sea level rise""",Google to cut ties with rightwing lobby group over climate change 'lies',https://www.theguardian.com/environment/2014/sep/23/google-to-cut-ties-with-rightwing-lobby-group-over-climate-change-lies,Environment,2014-09-23,2021-08-25,1
guardian_d013631302,The Guardian,2014,IPCC,Heroes and villains in the fight against climate change,https://www.theguardian.com/environment/2014/sep/23/heroes-and-villains-in-fight-against-climate-change,Environment,2014-09-23,2021-08-25,1
guardian_e717c8e576,The Guardian,2014,IPCC,UN climate change summit in New York – as it happened,https://www.theguardian.com/environment/blog/live/2014/sep/23/un-climate-change-summit-in-new-york-live-coverage,Environment,2014-09-23,2021-08-26,1
guardian_8c894a399e,The Guardian,2014,"""carbon budget""",Record year for fossil fuel emissions pushes carbon budget to the brink,https://www.theguardian.com/environment/planet-oz/2014/sep/24/record-year-for-fossil-fuel-emissions-declared-pushes-carbon-budget-to-the-brink,Environment,2014-09-24,2021-08-25,3
guardian_290f21ceaa,The Guardian,2014,IPCC,Alec lobbying group lashes out at Google over climate change 'lies' charge,https://www.theguardian.com/world/2014/sep/25/alec-google-climate-change-lies-letter-rebuttal,World news,2014-09-25,2021-08-25,1
guardian_31d2df295f,The Guardian,2014,IPCC,Sea change: big US businesses now support climate policy,https://www.theguardian.com/sustainable-business/2014/sep/25/business-came-out-on-top-during-climate-week,Guardian Sustainable Business,2014-09-25,2014-10-04,1
guardian_7db2cbd245,The Guardian,2014,"""carbon budget""",Row over EU marine protection fund tasked with lobbying for oil drilling,https://www.theguardian.com/environment/2014/sep/25/row-over-eu-marine-protection-fund-tasked-with-lobbying-for-oil-drilling,Environment,2014-09-25,2021-08-25,1
guardian_115821a68d,The Guardian,2014,IPCC,Expedia under fire over membership to rightwing lobby group Alec,https://www.theguardian.com/world/2014/sep/26/expedia-membership-rightwing-lobby-group-alec,World news,2014-09-26,2017-07-14,1
guardian_6bce70d8a2,The Guardian,2014,"""carbon budget""","Green news roundup: climate summit, Leonardo DiCaprio and acorns",https://www.theguardian.com/environment/2014/sep/26/1,Environment,2014-09-26,2021-07-26,1
guardian_2cdb6f12a5,The Guardian,2014,IPCC,Police criticised over handling of stalking victim shot dead by husband,https://www.theguardian.com/uk-news/2014/sep/29/police-criticised-stalking-victim-caroline-parry-shot-dead,UK news,2014-09-29,2017-11-30,1
guardian_553aa085e3,The Guardian,2014,"""sea level rise""","Cool Melbourne: whichever party wins the election, climate change is urgent",https://www.theguardian.com/world/victorian-election-the-countdown/2014/oct/01/cool-melbourne-whichever-party-wins-the-election-climate-change-is-urgent,World news,2014-09-30,2021-08-25,1
guardian_0c3e56c4f5,The Guardian,2014,IPCC,Could the 2C climate target be completely wrong?,https://www.theguardian.com/environment/2014/oct/01/2c-climate-change-target-global-warming-nature-paper,Environment,2014-10-01,2021-08-25,5
guardian_8adbaca9f0,The Guardian,2014,IPCC,Police concede allegations over attempts to turn activists into informers are “serious”,https://www.theguardian.com/uk-news/undercover-with-paul-lewis-and-rob-evans/2014/oct/06/police-concede-allegations-over-attempts-to-turn-activists-into-informers-are-serious,UK news,2014-10-06,2018-03-06,1
guardian_c1ef4521b8,The Guardian,2014,IPCC,Police officers in Sean Rigg death in custody case will not be prosecuted,https://www.theguardian.com/uk-news/2014/oct/07/police-officers-sean-rigg-case-no-prosecution,UK news,2014-10-07,2018-01-11,1
guardian_c5962aed2f,The Guardian,2014,"""global temperature""",Naomi Klein webchat – as it happened,https://www.theguardian.com/books/live/2014/oct/07/naomi-klein-webchat-this-changes-everything,Books,2014-10-07,2021-08-25,1
guardian_7703c20e25,The Guardian,2014,"""sea level rise""",US east coast cities face frequent flooding due to climate change,https://www.theguardian.com/environment/2014/oct/08/us-east-coast-cities-face-frequent-flooding-due-to-climate-change,Environment,2014-10-08,2021-08-25,2
guardian_b76604c1f6,The Guardian,2014,IPCC,Boeing investing in UAE effort as detractors warn of ‘peak travel’,https://www.theguardian.com/sustainable-business/2014/oct/08/boeing-biofuels-uae-peak-travel-airlines-sxsw-eco,Guardian Sustainable Business,2014-10-08,2018-02-14,1
guardian_a86fb37405,The Guardian,2014,"""sea level rise""",Ebola has proven how disruptive disease can be. Businesses must be prepared,https://www.theguardian.com/sustainable-business/2014/oct/09/ebola-infectious-disease-sustainability-concern-sxsw-eco-austin,Guardian Sustainable Business,2014-10-09,2017-09-20,2
guardian_d236205e5a,The Guardian,2014,"""sea level rise""",Why is Antarctic sea ice at record levels despite global warming?,https://www.theguardian.com/environment/2014/oct/09/why-is-antarctic-sea-ice-at-record-levels-despite-global-warming,Environment,2014-10-09,2017-02-22,3
guardian_6108697692,The Guardian,2014,"""global temperature""","We can meet 2C climate target – and here's how, say energy experts",https://www.theguardian.com/environment/2014/oct/10/we-can-meet-c2-climate-target-and-heres-how-say-energy-experts,Environment,2014-10-10,2021-08-25,1
guardian_149c26be2c,The Guardian,2014,IPCC,Met says police officers can confer over fatal shooting statements,https://www.theguardian.com/uk-news/2014/oct/11/mark-duggan-met-police-can-confer-on-fatal-shooting-statements,UK news,2014-10-11,2017-12-02,1
guardian_02a21259b7,The Guardian,2014,"""global temperature""",Owen Paterson proposal to scrap Climate Change Act is 'bonkers',https://www.theguardian.com/environment/2014/oct/13/owen-paterson-proposal-to-scrap-climate-change-act-is-bonkers,Environment,2014-10-13,2021-08-25,1
guardian_0dd4f9a9e0,The Guardian,2014,"""sea level rise""",Pentagon: global warming will change how US military trains and goes to war,https://www.theguardian.com/environment/2014/oct/13/pentagon-global-warming-will-change-how-us-military-trains-and-goes-to-war,Environment,2014-10-13,2021-08-25,1
guardian_499137a3e2,The Guardian,2014,"""sea level rise""","Morning Mail: Abbott to 'shirtfront' Putin at G20, truth about Christmas Island, coal 'good for humanity'",https://www.theguardian.com/australia-news/2014/oct/14/morning-mail-abbott-to-shirtfront-putin-at-g20-truth-about-christmas-island-coal-good-for-humanity,Australia news,2014-10-13,2016-10-26,5
guardian_64a20a575b,The Guardian,2014,IPCC,Police face questions over failure to pursue child abuse cases,https://www.theguardian.com/uk-news/2014/oct/13/police-questions-over-child-abuse-cases,UK news,2014-10-13,2017-11-30,1
guardian_82e76f264a,The Guardian,2014,"""sea level rise""",Island nations shouldn't be left to drown from climate change,https://www.theguardian.com/commentisfree/2014/oct/14/island-nations-shouldnt-be-left-to-drown-from-climate-change,Opinion,2014-10-13,2021-08-25,1
guardian_9d4df6c6b1,The Guardian,2014,"""sea level rise""","Sea level rise over past century unmatched in 6,000 years, says study",https://www.theguardian.com/environment/2014/oct/14/sea-level-rise-unmatched-6000-years-global-warming,Environment,2014-10-13,2021-08-25,1
guardian_2ac5651a41,The Guardian,2014,IPCC,Crime agency chief apologises over paedophile teacher case,https://www.theguardian.com/uk-news/2014/oct/14/national-crime-agency-paedophile-teacher-martin-goldberg,UK news,2014-10-14,2019-01-08,1
guardian_e6cbd268d6,The Guardian,2014,"""sea level rise""",Lost Louisiana: the race to reclaim vanished land back from the sea,https://www.theguardian.com/environment/2014/oct/14/lost-louisiana-the-race-to-reclaim-vanished-land-back-from-the-sea,Environment,2014-10-14,2021-08-25,3
guardian_5d4a445a49,The Guardian,2014,"""sea level rise""",Rising sea levels aren't a scientific threat – it's happening outside my window,https://www.theguardian.com/commentisfree/2014/oct/16/rising-sea-levels-isnt-a-scientific-threat-its-happening-outside-my-window,Opinion,2014-10-15,2021-08-25,1
guardian_c7509a029e,The Guardian,2014,"""sea level rise""",Pacific Islanders blockade Newcastle coal port to protest rising sea levels,https://www.theguardian.com/environment/2014/oct/17/pacific-islanders-blockade-newcastle-coal-port-to-protest-rising-sea-levels,Environment,2014-10-17,2021-08-25,1
guardian_eb09c9c4c7,The Guardian,2014,IPCC,IPCC corrects claim suggesting climate change would be good for the economy,https://www.theguardian.com/environment/2014/oct/17/ipcc-corrects-claim-suggesting-climate-change-would-be-good-for-the-economy,Environment,2014-10-17,2021-08-25,1
guardian_26bde26e68,The Guardian,2014,IPCC,Bushfire season 'will be more severe as a result of climate change',https://www.theguardian.com/australia-news/2014/oct/21/bushfire-season-will-be-more-severe-as-a-result-of-climate-change,Australia news,2014-10-20,2021-08-25,1
guardian_a2a3648c97,The Guardian,2014,"""global temperature""","2014 on track to be hottest year on record, says US science agency",https://www.theguardian.com/environment/2014/oct/20/2014-on-track-to-be-hottest-year-on-record-says-us-science-agency,Environment,2014-10-20,2021-08-25,1
guardian_28dbb326bb,The Guardian,2014,IPCC,Cause of death of 13-month-old Poppi Worthington in 2012 still unexplained,https://www.theguardian.com/global/2014/oct/21/poppi-worthington-cause-death-2012-unexplained-cumbria-coroner,Global,2014-10-21,2017-11-30,1
guardian_560595ae13,The Guardian,2014,IPCC,UN proposal of debt relief for climate adaptation divides aid experts,https://www.theguardian.com/global-development-professionals-network/2014/oct/21/un-climate-debt-swap-is-fundamentally-unjust-say-development-agencies,Working in development,2014-10-21,2021-08-26,1
guardian_f6a0d37b36,The Guardian,2014,IPCC,Another global warming contrarian paper found to be unrealistic and inaccurate,https://www.theguardian.com/environment/climate-consensus-97-per-cent/2014/oct/21/global-warming-contrarian-paper-unrealistic-inaccurate,Environment,2014-10-21,2021-08-25,1
guardian_a894985233,The Guardian,2014,IPCC,Climate activists warn BHP Billiton shareholders of coal's profit risk,https://www.theguardian.com/business/2014/oct/23/climate-activists-warn-bhp-billiton-shareholders-of-coals-profit-risk,Business,2014-10-23,2021-08-25,1
guardian_d18f71531b,The Guardian,2014,IPCC,Can art inspire climate change action? An ice installation aims to do just that,https://www.theguardian.com/sustainable-business/2014/oct/23/climate-change-ice-watch-installation-art-greenland-copenhagen-ipcc,Guardian Sustainable Business,2014-10-23,2022-10-19,1
guardian_edc072cd3d,The Guardian,2014,IPCC,Fossil fuel divestment campaign targets UCL and BHP Billiton,https://www.theguardian.com/environment/2014/oct/23/fossil-fuel-divestment-campaign-targets-ucl-and-bhp-billiton,Environment,2014-10-23,2021-08-25,1
guardian_a20eb29c34,The Guardian,2014,IPCC,Europe and the 'why me?' approach to decarbonisation,https://www.theguardian.com/environment/2014/oct/24/europe-and-the-why-me-approach-to-decarbonisation,Environment,2014-10-24,2021-08-25,1
guardian_52311cae72,The Guardian,2014,IPCC,Mark Duggan officer faces misconduct investigation,https://www.theguardian.com/uk-news/2014/oct/26/mark-duggan-zz46-ipcc-disciplinary,UK news,2014-10-26,2018-01-11,1
guardian_1d298bf5e2,The Guardian,2014,IPCC,2030 pact UK's most significant environmental deal ever – Ed Davey,https://www.theguardian.com/environment/2014/oct/27/2030-pact-uks-most-significant-environmental-deal-ever-ed-davey,Environment,2014-10-27,2021-08-25,1
guardian_3246754ed1,The Guardian,2014,IPCC,Tony Abbott's business adviser says 'anti-western' UN spreads socialism,https://www.theguardian.com/australia-news/2014/oct/28/tony-abbotts-business-adviser-says-anti-western-un-spreads-socialism,Australia news,2014-10-28,2019-01-12,1
guardian_3a61b560ca,The Guardian,2014,IPCC,10 sustainable innovations: from solar-powered suitcases to floating classrooms,https://www.theguardian.com/sustainable-business/photography-blog/2014/oct/29/10-sustainable-innovations-solar-powered-suitcases-floating-classrooms,Guardian Sustainable Business,2014-10-29,2022-10-19,11
guardian_52ee9e8653,The Guardian,2014,IPCC,Police returned gun to man who killed two women,https://www.theguardian.com/uk-news/2014/oct/29/police-investigation-man-guilty-puppy-farm-murders,UK news,2014-10-29,2017-11-30,4
guardian_c1f3975ddb,The Guardian,2014,IPCC,"Police ‘put gun in hands’ of man who shot dead my mother, says daughter",https://www.theguardian.com/uk-news/2014/oct/29/police-put-gun-in-hands-john-lowe-shot-two-women-court-told,UK news,2014-10-29,2017-11-30,4
guardian_c9a1e28db9,The Guardian,2014,IPCC,"Fury, disgust and apathy as people of South Yorkshire choose a new PCC",https://www.theguardian.com/politics/2014/oct/29/south-yorkshire-new-pcc,Politics,2014-10-29,2017-11-30,1
guardian_1bcba2299e,The Guardian,2014,"""sea level rise""",New research reveals what's causing sea level to rise,https://www.theguardian.com/environment/climate-consensus-97-per-cent/2014/oct/30/new-research-quantifies-sea-level-rise,Environment,2014-10-30,2021-08-25,2
guardian_a3d1c9a7be,The Guardian,2014,"""1.5C""",Britain set for warmest Halloween on record,https://www.theguardian.com/uk-news/2014/oct/30/halloween-uk-warmest-on-record,UK news,2014-10-30,2018-03-03,1
guardian_43f282196c,The Guardian,2014,"""sea level rise""",IPCC report: six graphs that show how we're changing the world's climate,https://www.theguardian.com/environment/2014/oct/31/ipcc-report-six-graphs-that-show-how-were-changing-the-worlds-climate,Environment,2014-10-31,2021-08-25,7
guardian_055afc069c,The Guardian,2014,IPCC,Tony Abbott must put climate change at front of the G20 agenda in Brisbane,https://www.theguardian.com/environment/2014/nov/02/tony-abbott-must-put-climate-change-on-the-g20-agenda-in-brisbane,Environment,2014-11-02,2021-08-26,1
guardian_4f3a43bc06,The Guardian,2014,IPCC,G20: Australia makes token concession on climate change after US lobbying,https://www.theguardian.com/world/2014/nov/02/g20-australia-makes-token-concession-on-climate-change-after-us-lobbying,World news,2014-11-02,2021-08-25,1
guardian_53037668e8,The Guardian,2014,IPCC,Brisbane airport rejects climate change billboard as ‘too political’,https://www.theguardian.com/world/2014/nov/02/brisbane-airport-rejects-climate-change-billboard-as-too-political,World news,2014-11-02,2021-08-25,3
guardian_707d5763b8,The Guardian,2014,"""1.5C""",IPCC: rapid carbon emission cuts vital to stop severe impact of climate change,https://www.theguardian.com/environment/2014/nov/02/rapid-carbon-emission-cuts-severe-impact-climate-change-ipcc-report,Environment,2014-11-02,2021-08-25,2
guardian_81cf92aa6c,The Guardian,2014,"""sea level rise""",The IPCC is stern on climate change – but it still underestimates the situation,https://www.theguardian.com/environment/2014/nov/02/ipcc-climate-change-carbon-emissions-underestimates-situation-fossil-fuels,Environment,2014-11-02,2021-08-25,1
guardian_a7bf927205,The Guardian,2014,IPCC,Nicholas Stern: Tony Abbott should not prevent G20 debate on climate change,https://www.theguardian.com/world/2014/nov/02/nicholas-stern-tony-abbott-should-not-prevent-g20-debate-on-climate-change,World news,2014-11-02,2021-08-25,1
guardian_1c52ec161f,The Guardian,2014,IPCC,"Coal emission reduction technology still five years off, says CSIRO",https://www.theguardian.com/environment/2014/nov/03/coal-emission-reduction-technology-still-five-years-off-says-csiro,Environment,2014-11-03,2018-03-13,1
guardian_2ea6d5f9c5,The Guardian,2014,IPCC,Denis Napthine: Victoria must continue to rely on brown coal,https://www.theguardian.com/australia-news/2014/nov/03/denis-napthine-victoria-must-continue-rely-brown-coal,Australia news,2014-11-03,2021-08-25,1
guardian_58aa197d0f,The Guardian,2014,IPCC,"Morning Mail: Melbourne Cup, 'Isis' shooting in Sydney, Virgin Galactic crash 'error'",https://www.theguardian.com/australia-news/2014/nov/04/morning-mail-melbourne-cup-isis-shooting-in-sydney-virgin-galactic-crash-error,Australia news,2014-11-03,2016-10-26,5
guardian_dc17ae4729,The Guardian,2014,IPCC,Six ways you can help stop climate change,https://www.theguardian.com/commentisfree/2014/nov/03/climate-change-ipcc,Opinion,2014-11-03,2021-08-25,1
guardian_e0b7f31656,The Guardian,2014,IPCC,"Like Daedalus, we should use our judgment to thrive within limits",https://www.theguardian.com/environment/2014/nov/03/we-have-one-chance-to-kick-the-carbon-habit,Environment,2014-11-03,2021-08-25,1
guardian_069249b3da,The Guardian,2014,IPCC,"Coal is the future, insists Tony Abbott as UN calls for action on climate change",https://www.theguardian.com/environment/2014/nov/04/coal-is-the-future-insists-tony-abbott-as-un-calls-for-action-on-climate-change,Environment,2014-11-04,2021-08-25,1
guardian_df1c890086,The Guardian,2014,IPCC,G20 energy efficiency action plan appears to require little or no action,https://www.theguardian.com/world/2014/nov/04/g20-energy-efficency-action-plan-offers-little-no-action,World news,2014-11-04,2021-08-25,1
guardian_edc8d66e49,The Guardian,2014,IPCC,Carbon capture and storage research budget slashed despite PM's coal focus,https://www.theguardian.com/environment/2014/nov/05/carbon-capture-and-storage-research-budget-slashed-despite-pms-coal-focus,Environment,2014-11-04,2021-08-25,1
guardian_0a1d22283c,The Guardian,2014,"""sea level rise""",'Are we safe? Of course not': climate scientist's NYC warning after Sandy,https://www.theguardian.com/us-news/2014/nov/05/climate-scientist-klaus-jacob-warning-new-york-city-hurricane-sandy,US news,2014-11-05,2020-02-03,6
guardian_209d6bfed4,The Guardian,2014,IPCC,Woman murdered and suspect dies after Taser arrest in Welsh valleys,https://www.theguardian.com/uk-news/2014/nov/06/woman-murdered-taser-welsh-valleys-argoed-village,UK news,2014-11-06,2017-11-30,1
guardian_c4cf4acd37,The Guardian,2014,IPCC,Girl injured as gun goes off during Nottinghamshire school trip,https://www.theguardian.com/uk-news/2014/nov/06/girl-injured-gun-school-trip-firearm-nottinghamshire-sherwood-lodge-police-headquarters,UK news,2014-11-06,2017-11-30,1
guardian_1a39dbb3e7,The Guardian,2014,IPCC,"Green news roundup: elephants, IPCC report and solar cycle lanes",https://www.theguardian.com/environment/2014/nov/07/1,Environment,2014-11-07,2021-07-26,1
guardian_63e5883a92,The Guardian,2014,IPCC,Playing whack-a-mole with Australian adviser's climate change myths,https://www.theguardian.com/environment/planet-oz/2014/nov/07/playing-whack-a-mole-with-australian-advisors-climate-change-myths,Environment,2014-11-07,2021-08-25,1
guardian_8159d6352b,The Guardian,2014,"""global temperature""",2071 five-star review – urgent call for the greatest collective action in history,https://www.theguardian.com/stage/2014/nov/07/2071-review-urgent-call-history-royal-court-theatre,Stage,2014-11-07,2020-03-26,2
guardian_93fa0352f6,The Guardian,2014,IPCC,Poland rejects IPCC target of zero emissions by 2100,https://www.theguardian.com/environment/2014/nov/07/poland-rejects-ipcc-target-of-zero-emissions-by-2100,Environment,2014-11-07,2021-08-25,1
guardian_aaa21aee05,The Guardian,2014,IPCC,‘Cannibal’ killing of woman at hostel in Wales as suspected attacker is left dead,https://www.theguardian.com/uk-news/2014/nov/07/cannibalistic-attack-sirhowy-arms-argoed-caerphilly,UK news,2014-11-07,2021-10-01,0
guardian_1c8f32c4fc,The Guardian,2014,IPCC,"Dapper Laughs: vile, humourless misogyny? It’s banter, innit?",https://www.theguardian.com/commentisfree/2014/nov/08/dapper-laughs-vile-humour-misogyny-banter-itv,Opinion,2014-11-08,2017-12-19,1
guardian_4acbef978f,The Guardian,2014,"""global temperature""","We must manage global warming risks by cutting carbon pollution, top scientists conclude",https://www.theguardian.com/environment/climate-consensus-97-per-cent/2014/nov/10/we-must-manage-global-warming-risks-by-cutting-carbon-pollution-ipcc,Environment,2014-11-10,2021-08-25,2
guardian_8ca97a7101,The Guardian,2014,"""global temperature""","Rich countries subsidising oil, gas and coal companies by $88bn a year",https://www.theguardian.com/environment/2014/nov/11/rich-countries-subsidising-oil-gas-and-coal-companies-by-88bn-a-year,Environment,2014-11-11,2021-08-25,2
guardian_040b5abdc7,The Guardian,2014,IPCC,IPCC to investigate three police forces over failure to act on child abuse,https://www.theguardian.com/society/2014/nov/12/ipcc-investigate-police-forces-failure-act-child-abuse,Society,2014-11-12,2018-01-11,1
guardian_378e794dfa,The Guardian,2014,"""global temperature""",US-China climate deal boosts global talks but Republicans vow to resist,https://www.theguardian.com/environment/2014/nov/12/us-china-climate-deal-boosts-global-talks-but-republicans-vow-to-resist,Environment,2014-11-12,2021-08-25,1
guardian_5bfb68cf91,The Guardian,2014,"""global temperature""",United States and China reach landmark carbon emissions deal - as it happened,https://www.theguardian.com/environment/live/2014/nov/12/united-states-and-china-reach-landmark-carbon-emissions-deal-live,Environment,2014-11-12,2021-08-25,3
guardian_be52368250,The Guardian,2014,"""global temperature""",US and China strike deal on carbon cuts in push for global climate change pact,https://www.theguardian.com/environment/2014/nov/12/china-and-us-make-carbon-pledge,Environment,2014-11-12,2021-08-25,2
guardian_d5294487aa,The Guardian,2014,IPCC,"Woman murdered by ex was let down by police, IPCC finds",https://www.theguardian.com/uk-news/2014/nov/12/katie-cullen-murder-police-ipcc,UK news,2014-11-12,2018-01-11,1
guardian_7c7daa57a4,The Guardian,2014,"""sea level rise""",New study shows warm waters are melting Antarctica from below,https://www.theguardian.com/environment/climate-consensus-97-per-cent/2014/nov/13/warm-waters-are-melting-antarctica-from-below,Environment,2014-11-13,2021-08-25,2
guardian_ccbe0d3972,The Guardian,2014,IPCC,G20: Reality bites for coal and climate change,https://www.theguardian.com/environment/planet-oz/2014/nov/13/g20-reality-bites-for-coal-and-climate-change,Environment,2014-11-13,2021-08-25,0
guardian_a3aae6322c,The Guardian,2014,"""sea level rise""",Finding solutions for urban resilience on a farm in Vermont,https://www.theguardian.com/cities/2014/nov/14/finding-solutions-for-urban-resilience-on-a-farm-in-vermont,Cities,2014-11-14,2020-09-23,2
guardian_fdb5cf6eec,The Guardian,2014,IPCC,Tell us the truth about the battle of Orgreave,https://www.theguardian.com/commentisfree/2014/nov/14/battle-orgreave-policing-1984-85-miners-strike-britain-ipcc,Opinion,2014-11-14,2018-01-11,1
guardian_0532821290,The Guardian,2014,"""global temperature""",2071 review – a lecture poised between the alarming and soporific,https://www.theguardian.com/stage/2014/nov/16/2071-climate-change-royal-court-observer-review,Stage,2014-11-16,2021-08-25,1
guardian_020aa7c424,The Guardian,2014,"""global temperature""",US-China climate deal's ambition fails to impress India,https://www.theguardian.com/environment/india-untamed/2014/nov/18/indians-not-impressed-with-us-china-climate-deal,Environment,2014-11-18,2021-08-25,2
guardian_1fbfb22534,The Guardian,2014,"""carbon budget""",One man's fight to join the board of Australia's largest mining company,https://www.theguardian.com/sustainable-business/2014/nov/18/one-mans-fight-join--board-australias-largest-mining-company-bhp-billiton,Guardian Sustainable Business,2014-11-18,2021-08-25,1
guardian_4269c24733,The Guardian,2014,IPCC,Rotherham abuse scandal: IPCC to investigate conduct of 10 police officers,https://www.theguardian.com/politics/2014/nov/18/rotherham-abuse-scandal-police-watchdog-investigate-conduct-10-officers,UK news,2014-11-18,2024-11-08,1
guardian_cab0c2f8f8,The Guardian,2014,IPCC,Revealed: Keystone company's PR blitz to safeguard its backup plan,https://www.theguardian.com/environment/2014/nov/18/revealed-keystone-companys-pr-blitz-to-safeguard-its-backup-plan,Environment,2014-11-18,2018-02-14,2
guardian_b65b2a3ca5,The Guardian,2014,"""global temperature""","CO2 emissions must be zero by 2070 to prevent climate disaster, UN says",https://www.theguardian.com/environment/2014/nov/19/co2-emissions-zero-by-2070-prevent-climate-disaster-un,Environment,2014-11-19,2021-08-25,1
guardian_2c15574817,The Guardian,2014,"""global temperature""",Six vital steps world leaders must agree to take to protect Earth,https://www.theguardian.com/environment/2014/nov/22/six-vital-steps-to-protect-earth-global-warming-carbon,Environment,2014-11-22,2022-10-19,2
guardian_5b825d7f6d,The Guardian,2014,"""global temperature""",Climate change is not just about science – it’s about the future we want to create,https://www.theguardian.com/science/2014/nov/22/-sp-climate-change-special-report,Science,2014-11-22,2021-08-25,2
guardian_3cf161606d,The Guardian,2014,"""1.5C""",World bank to focus future investment on clean energy,https://www.theguardian.com/environment/2014/nov/23/world-bank-to-focus-future-investment-on-clean-energy,Environment,2014-11-23,2021-08-25,1
guardian_2c8ced4ddf,The Guardian,2014,IPCC,"Met police accused of abusing black fireman have case to answer, says IPCC",https://www.theguardian.com/politics/2014/nov/25/ipcc-police-accused-abusing-taser-black-fireman-case,UK news,2014-11-25,2018-01-11,1
guardian_3f56afbe7e,The Guardian,2014,"""carbon budget""",Obama’s climate change envoy: fossil fuels will have to stay in the ground,https://www.theguardian.com/environment/2014/nov/25/todd-stern-fossil-fuels-ground-climate-change-obama,Environment,2014-11-25,2021-08-25,1
guardian_9c56a03eed,The Guardian,2014,IPCC,Australian foreign minister says reef not in danger but what do her own scientists say?,https://www.theguardian.com/environment/planet-oz/2014/nov/25/australian-foreign-minister-says-reef-not-in-danger-but-what-do-her-own-scientists-disagree,Environment,2014-11-25,2021-08-25,1
guardian_1b225eb06f,The Guardian,2014,IPCC,Watering down the Climate Act would be headline-chasing populism,https://www.theguardian.com/environment/2014/nov/26/watering-down-the-climate-act-would-be-headline-chasing-populism,Environment,2014-11-26,2021-08-25,1
guardian_42aae267d6,The Guardian,2014,IPCC,"Reflecting sunlight into space has terrifying consequences, say scientists",https://www.theguardian.com/environment/2014/nov/26/geoengineering-could-offer-solution-last-resort-climate-change,Environment,2014-11-26,2021-08-25,1
guardian_838a5ecb8f,The Guardian,2014,"""net zero""",Victorian election 2014: what each party is promising – in full,https://www.theguardian.com/australia-news/2014/nov/26/-sp-victorian-election-2014-what-each-party-is-promising-in-detail,Australia news,2014-11-26,2016-10-26,16
guardian_8c78b1b5b8,The Guardian,2014,IPCC,"Hotter summers are coming to Mumbai, and it won't be pretty",https://www.theguardian.com/cities/2014/nov/27/hotter-summers-coming-mumbai-temperature-climate-change,Cities,2014-11-27,2021-08-25,1
guardian_9ad53af0a7,The Guardian,2014,"""sea level rise""",Mumbai will likely flood again – and nobody's doing much about it,https://www.theguardian.com/cities/2014/nov/27/mumbai-flood-rain-monsoon-city-planning,Cities,2014-11-27,2020-02-03,4
guardian_3a4cd4ec0f,The Guardian,2014,IPCC,COP20 is a forum for regional green policies not just global climate targets,https://www.theguardian.com/global-development-professionals-network/2014/dec/01/cop20-lima-climate-targets-regional-programmes,Working in development,2014-12-01,2021-08-25,1
guardian_dfeb599f44,The Guardian,2014,"""1.5C""","Morning Mail: Tony Abbott down in polls, ABC cuts 'serve audience', hottest spring on record",https://www.theguardian.com/australia-news/2014/dec/02/morning-mail-tony-abbott-down-in-polls-abc-cuts-serve-audience-hottest-spring-on-record,Australia news,2014-12-01,2016-10-26,4
guardian_6bbc067f3c,The Guardian,2014,IPCC,Emissions targets are biggest challenge for Lima climate talks,https://www.theguardian.com/environment/2014/dec/02/emissions-targets-biggest-challenge-lima-climate-talks,Environment,2014-12-02,2021-08-25,1
guardian_a553ff5b74,The Guardian,2014,IPCC,Tougher government attitudes on climate change key to business action,https://www.theguardian.com/sustainable-business/2014/dec/02/tougher-government-attitudes-on-climate-change-key-to-business-action,Guardian Sustainable Business,2014-12-02,2021-08-25,1
guardian_2ead5069ab,The Guardian,2014,IPCC,Volcanoes may be responsible for most of the global surface warming slowdown,https://www.theguardian.com/environment/climate-consensus-97-per-cent/2014/dec/03/volcanoes-responsible-for-lot-of-global-surface-warming-slowdown,Environment,2014-12-03,2021-08-25,2
guardian_7088f6cc24,The Guardian,2014,IPCC,Business leaders must prioritise sustainability to gain society's trust,https://www.theguardian.com/sustainable-business/2014/dec/03/business-leaders-prioritise-sustainability-society-trust,Guardian Sustainable Business,2014-12-03,2021-08-25,1
guardian_91f6f56003,The Guardian,2014,"""carbon budget""","Eating less meat essential to curb climate change, says report",https://www.theguardian.com/environment/2014/dec/03/eating-less-meat-curb-climate-change,Environment,2014-12-03,2021-08-25,1
guardian_9f1fca9696,The Guardian,2014,"""1.5C""",Will Australia be the great coal defender at Lima climate talks?,https://www.theguardian.com/environment/planet-oz/2014/dec/03/will-australia-be-the-great-coal-defender-at-lima-climate-talks,Environment,2014-12-03,2018-02-14,1
guardian_fb4cadb4d5,The Guardian,2014,"""1.5C""",2014 on track to be England's hottest year in over three centuries,https://www.theguardian.com/environment/2014/dec/03/2014-on-track-to-be-englands-hottest-year-in-over-three-centuries,Environment,2014-12-03,2021-08-26,2
guardian_3325d37ca4,The Guardian,2014,"""carbon budget""",How science is solving today’s development problems,https://www.theguardian.com/global-development/2014/dec/04/science-development-ebola-climate-change-food-security,Global development,2014-12-04,2022-10-19,1
guardian_a3ba43efa8,The Guardian,2014,IPCC,Three PCs to be charged over handling of Iraqi refugee murdered in Bristol,https://www.theguardian.com/uk-news/2014/dec/05/three-pcs-charged-over-handling-iraqi-refugee-murdered-bristol,UK news,2014-12-05,2017-11-30,1
guardian_5e378c85e3,The Guardian,2014,"""climate change""",Lima climate talks: pledge to plant 20m hectares of trees,https://www.theguardian.com/environment/2014/dec/08/lima-climate-talks-pledge-to-plant-20m-hectares-of-trees,Environment,2014-12-08,2021-08-25,2
guardian_700b3d3397,The Guardian,2014,IPCC,Manchester police involved in Taser death seek anonymity at inquest,https://www.theguardian.com/uk-news/2014/dec/08/manchester-police-involved-taser-death-ask-remain-anonymous,UK news,2014-12-08,2018-01-11,1
guardian_9afe4937ae,The Guardian,2014,"""climate change""","Morning Mail: RIP Stella Young, Lima climate talks, storm season, first Test begins",https://www.theguardian.com/australia-news/2014/dec/09/morning-mail-rip-stella-young-lima-climate-talks-storm-season-first-test-begins,Australia news,2014-12-08,2016-10-26,4
guardian_ac457bb7c3,The Guardian,2014,"""1.5C""",Wild weather to continue to batter eastern Australia in lead-up to Christmas,https://www.theguardian.com/weather/2014/dec/08/wild-weather-continue-batter-eastern-australia,Australia news,2014-12-08,2025-05-16,3
guardian_092eac8339,The Guardian,2014,"""climate change""",Why we need to transform our hidden hatred of Mother Earth,https://www.theguardian.com/sustainable-business/2014/dec/09/mother-earth-hidden-hatred-transform-love-nature,Guardian Sustainable Business,2014-12-09,2020-09-23,1
guardian_25d9f7ee44,The Guardian,2014,"""climate change""","Guardian Weekly Letters, 12 December 2014",https://www.theguardian.com/global/2014/dec/09/guardian-weekly-letters-12-december-2014,Global,2014-12-09,2014-12-09,0
guardian_3e21976dff,The Guardian,2014,"""climate change""",Dilwyn Jenkins obituary,https://www.theguardian.com/world/2014/dec/09/dilwyn-jenkins,World news,2014-12-09,2017-11-30,1
guardian_47e0a0ca62,The Guardian,2014,"""climate change""",Goal to end fossil fuels by 2050 surfaces in Lima UN climate documents,https://www.theguardian.com/environment/planet-oz/2014/dec/08/goal-to-end-fossil-fuels-by-2050-surfaces-in-lima-un-climate-documents,Environment,2014-12-09,2021-08-25,1
guardian_5dc633d483,The Guardian,2014,"""climate change""",Chemicals are everywhere. Can a new business model make their use greener?,https://www.theguardian.com/sustainable-business/2014/dec/09/chemical-leasing-ecolab-coke-ikea-gm-un-cleaning-environment,Guardian Sustainable Business,2014-12-09,2015-01-05,1
guardian_a6805fd2ec,The Guardian,2014,"""climate change""",Tories ‘must explain’ why they stopped minister attending Lima climate talks,https://www.theguardian.com/environment/2014/dec/09/conservatives-explain-climate-change-minister-barred-lima-talks-ed-davey,Environment,2014-12-09,2021-08-25,1
guardian_b341c82282,The Guardian,2014,"""climate change""",Lima climate change talks and a year of Ebola,https://www.theguardian.com/global-development/2014/dec/09/lima-climate-change-talks-ebola,Global development,2014-12-09,2022-10-19,1
guardian_bea5ebab80,The Guardian,2014,"""climate change""",Green Climate Fund will get $200m from Australia after Tony Abbott's about-turn,https://www.theguardian.com/environment/2014/dec/10/green-climate-fund-200m-australia-tony-abbott-about-turn,Environment,2014-12-09,2021-08-25,0
guardian_e13e2c85ce,The Guardian,2014,"""climate change""",Lima climate talks: South American diplomats hopeful of progress on deal,https://www.theguardian.com/environment/2014/dec/09/south-america-cant-hope-for-progress-at-lima-and-renege-on-climate-pledges,Environment,2014-12-09,2021-08-25,4
guardian_ec4dc431f1,The Guardian,2014,"""climate change""",Julie Bishop steps up lobbying to stop Great Barrier Reef being listed 'in danger',https://www.theguardian.com/environment/2014/dec/09/julie-bishop-lobbying-stop-great-barrier-reef-listed-in-danger,Environment,2014-12-09,2021-08-25,1
guardian_ef9f6b8007,The Guardian,2014,"""climate change""",The Amazon oil spills overlooked by environmental leaders in Lima,https://www.theguardian.com/environment/2014/dec/09/the-amazon-oil-spills-overlooked-by-environmental-leaders-in-lima,Environment,2014-12-09,2021-08-25,4
guardian_0138e429e3,The Guardian,2014,"""climate change""",Fracking and Lima climate talks slammed at Nature Rights Tribunal,https://www.theguardian.com/environment/andes-to-the-amazon/2014/dec/10/fracking-redd-lima-climate-talks-slammed-nature-tribunal,Environment,2014-12-10,2018-02-14,1
guardian_091610d693,The Guardian,2014,"""climate change""",Victorian election: Greens plan to take on both sides of politics in lower house,https://www.theguardian.com/australia-news/2014/dec/10/victorian-election-greens-plan-to-take-on-both-sides-of-politics-in-lower-house,Australia news,2014-12-10,2016-10-26,1
guardian_0d5fd0c47c,The Guardian,2014,"""climate change""",Weatherwatch: Climate of Jurassic era just as much a patchwork as today,https://www.theguardian.com/news/2014/dec/10/weatherwatch-david-hambling-climate-jurassic-new-mexico-wyoming,News,2014-12-10,2021-08-25,1
guardian_1929c98c65,The Guardian,2014,"""climate change""",How I overcame the 'horrors' of a state-school education,https://www.theguardian.com/science/brain-flapping/2014/dec/10/state-private-school-education-difference-privilege-influence,Science,2014-12-10,2018-02-14,1
guardian_2dcd93a25c,The Guardian,2014,"""climate change""","It’s the cheap oil, stupid: how petrol prices could decide the 2015 election",https://www.theguardian.com/business/economics-blog/2014/dec/10/falling-oil-price-cheap-petrol,Business,2014-12-10,2019-03-07,1
guardian_36ad0813f3,The Guardian,2014,"""climate change""",How climate change will affect every part of NSW and the ACT,https://www.theguardian.com/news/datablog/2014/dec/10/how-climate-change-will-affect-every-part-of-nsw-and-the-act,News,2014-12-10,2021-08-25,7
guardian_375b6d7111,The Guardian,2014,"""climate change""",Thousands of marchers demand just solution at UN climate talks in Lima,https://www.theguardian.com/environment/2014/dec/10/thousands-marchers-demand-just-solution-un-climate-talks-lima,Environment,2014-12-10,2021-08-26,1
guardian_5ed70e0132,The Guardian,2014,"""climate change""",A Country Road: should the Nationals rethink their place in the Coalition?,https://www.theguardian.com/australia-news/bush-mail/2014/dec/10/a-country-road-should-the-nationals-rethink-their-place-in-the-coalition,Australia news,2014-12-10,2019-02-28,2
guardian_661103035b,The Guardian,2014,"""climate change""","Morning Mail: David Hicks heckles Brandis, CIA torture report fallout, Perth toddler Sam Trott",https://www.theguardian.com/australia-news/2014/dec/11/morning-mail-david-hicks-heckles-brandis-cia-torture-report-fallout-perth-toddler-sam-trott,Australia news,2014-12-10,2016-10-26,4
guardian_899d7e7366,The Guardian,2014,"""climate change""",Keystone XL and Galilee basin threaten to bring down the global climate talks,https://www.theguardian.com/environment/2014/dec/10/keystone-xl-and-galilee-valley-threaten-the-global-climate-talks,Environment,2014-12-10,2021-08-25,1
guardian_a72a7d71c7,The Guardian,2014,"""climate change""",Inequality is killing pensioners like me. We must keep up the good fight,https://www.theguardian.com/commentisfree/2014/dec/10/inequality-pensioners-1930s-poverty,Opinion,2014-12-10,2017-09-20,1
guardian_b6105a2ff1,The Guardian,2014,"""climate change""",What to do when climate change poses a risk to your water supply,https://www.theguardian.com/sustainable-business/2014/dec/10/climate-change-risk-water-supply-business,Guardian Sustainable Business,2014-12-10,2021-08-25,1
guardian_cb10df2d94,The Guardian,2014,"""climate change""",Green measures add £100 a year to energy bills,https://www.theguardian.com/environment/2014/dec/10/green-measures-add-100-a-year-to-energy-bills,Environment,2014-12-10,2021-08-25,1
guardian_d93084ff9a,The Guardian,2014,"""climate change""",From bamboo bikes to renewables: the leaders that understand sustainability,https://www.theguardian.com/sustainable-business/2014/dec/10/bamboo-bikes-to-renewables-leaders-understand-sustainability,Guardian Sustainable Business,2014-12-10,2014-12-11,4
guardian_e0d1f3e897,The Guardian,2014,"""climate change""",Climate change in Nicaragua pushes farmers into uncertain world,https://www.theguardian.com/global-development/2014/dec/10/climate-change-nicaragua-farming-drought-flood,Global development,2014-12-10,2021-08-25,2
guardian_e392d39977,The Guardian,2014,"""climate change""",Green Climate Fund: Abbott's claim of earmarking spending is questioned,https://www.theguardian.com/environment/2014/dec/10/green-climate-fund-abbotts-claim-of-earmarking-spending-is-questioned,Environment,2014-12-10,2021-08-25,0
guardian_f092097276,The Guardian,2014,"""climate change""",How can we store energy for a calm and cloudy day?,https://www.theguardian.com/big-energy-debate/2014/dec/10/energy-storage-intermittent-generation-grid-problems,The big energy debate,2014-12-10,2020-04-08,1
guardian_064262260f,The Guardian,2014,"""climate change""",Lima climate talks agree on just one paragraph of deal with 24 hours left,https://www.theguardian.com/environment/2014/dec/11/lima-climate-talks-fail-agreement-single-paragraph-deal,Environment,2014-12-11,2021-08-25,1
guardian_1d04da3403,The Guardian,2014,"""climate change""",Julie Bishop’s speech to Lima climate talks – annotated,https://www.theguardian.com/environment/planet-oz/2014/dec/10/foreign-minister-julie-bishops-speech-to-lima-climate-talks-annotated,Environment,2014-12-11,2021-08-25,1
guardian_25f53506c3,The Guardian,2014,"""climate change""",Nine things you need to know about polar sea ice,https://www.theguardian.com/vital-signs/2014/dec/11/arctic-antarctic-sea-ice-explainer,Vital Signs,2014-12-11,2014-12-14,1
guardian_375779f375,The Guardian,2014,"""climate change""",My first novel offered refuge from climate sceptics – and a new and powerful voice,https://www.theguardian.com/books/australia-books-blog/2014/dec/11/my-first-novel-offered-refuge-from-climate-sceptics-and-gave-me-a-more-powerful-voice,Books,2014-12-11,2021-08-25,1
guardian_3a1f1d7df7,The Guardian,2014,"""climate change""",Merchants of Doubt review – strategic cunning of climate-change sceptics,https://www.theguardian.com/film/2014/dec/11/merchants-of-doubt-review,Film,2014-12-11,2018-12-03,1
guardian_60681458a2,The Guardian,2014,"""climate change""",The Sweet Lowdown: Chasing the Sun review – immaculate harmonies from Canadian folk trio,https://www.theguardian.com/music/2014/dec/11/the-sweet-lowdown-chasing-the-sun-review,Music,2014-12-11,2018-12-03,1
guardian_6f6757e6e3,The Guardian,2014,"""climate change""","Disclose climate risk in fossil fuel investments, says UK minister",https://www.theguardian.com/environment/2014/dec/11/disclose-climate-risk-in-fossil-fuel-investments-says-uk-minister,Environment,2014-12-11,2021-08-25,1
guardian_9f5a6c98e4,The Guardian,2014,"""climate change""",John Kerry: climate change is now a security issue,https://www.theguardian.com/environment/2014/dec/11/john-kerry-climate-change-security-issue,Environment,2014-12-11,2021-08-25,1
guardian_9fcf5baa87,The Guardian,2014,"""climate change""",Great Barrier Reef: Australia sends diplomats out to defend its actions,https://www.theguardian.com/environment/2014/dec/11/great-barrier-reef-australia-sends-diplomats-defend-actions-un-in-danger-list,Environment,2014-12-11,2021-08-25,1
guardian_a212c8271d,The Guardian,2014,"""climate change""",International law stays silent on the responsibility for climate change,https://www.theguardian.com/sustainable-business/2014/dec/11/international-law-silent-climate-change,Guardian Sustainable Business,2014-12-11,2025-11-04,1
guardian_a44973f4c5,The Guardian,2014,"""climate change""",Drug-resistant infections could lead to 10 million extra deaths a year – report,https://www.theguardian.com/society/2014/dec/11/drug-resistant-infections-deaths-soar-10m-by-2050-report,Society,2014-12-11,2017-11-30,1
guardian_a8727767c6,The Guardian,2014,"""climate change""",EU plans to scrap laws on clean air and waste recycling,https://www.theguardian.com/environment/2014/dec/11/eu-plans-to-scrap-clean-air-and-waste-recycling-laws,Environment,2014-12-11,2020-09-24,3
guardian_c86834f1d5,The Guardian,2014,"""climate change""",Long Weekend rewatched – mother nature toys with her callous human prey,https://www.theguardian.com/film/2014/dec/12/long-weekend-rewatched-mother-nature-toys-with-her-callous-human-prey,Film,2014-12-11,2019-10-21,1
guardian_e12cbbc2d8,The Guardian,2014,"""climate change""","Morning Mail: Reza Barati, Lima climate talks, Abbott on Ukraine, top non-fiction books",https://www.theguardian.com/australia-news/2014/dec/12/morning-mail-reza-berati-lima-climate-talks-abbott-on-ukraine-top-non-fiction-books,Australia news,2014-12-11,2016-10-26,4
guardian_e4bdac48d5,The Guardian,2014,"""climate change""",Torture: Why did the CIA spend over $180m on bad science?,https://www.theguardian.com/science/the-lay-scientist/2014/dec/11/torture-why-did-the-cia-spend-over-180m-on-bad-science,Science,2014-12-11,2018-10-06,1
guardian_e543680f51,The Guardian,2014,"""climate change""",Food loss is the blindspot in our fight against hunger,https://www.theguardian.com/global-development-professionals-network/2014/dec/11/technology-food-loss-farming-hunger,Global Development Professionals Network,2014-12-11,2017-10-06,1
guardian_109106de95,The Guardian,2014,"""climate change""",Reader reviews roundup,https://www.theguardian.com/childrens-books-site/2014/dec/12/reader-reviews-roundup,Children's books,2014-12-12,2017-09-20,6
guardian_18ee7d3720,The Guardian,2014,"""climate change""",China’s water diversion project starts to flow to Beijing,https://www.theguardian.com/world/2014/dec/12/china-water-diversion-project-beijing-displaced-farmers,World news,2014-12-12,2017-11-30,1
guardian_3e2a2b705b,The Guardian,2014,"""climate change""",Lima climate summit extended as poor countries demand more from rich,https://www.theguardian.com/environment/2014/dec/12/lima-climate-change-talks-stumble-cash-emissions-cuts,Environment,2014-12-12,2021-08-25,1
guardian_41ffd8f1cb,The Guardian,2014,"""climate change""",Shinzo Abe and the Japanese election – the Guardian briefing,https://www.theguardian.com/world/2014/dec/12/-sp-shinzo-abe-japan-election-guardian-briefing,World news,2014-12-12,2018-02-14,2
guardian_c0456213d9,The Guardian,2014,"""climate change""","Australia could increase emissions 26% and still meet Kyoto pledge, says climate group",https://www.theguardian.com/environment/2014/dec/12/australia-could-increase-emissions-26-and-still-meet-kyoto-pledge,Environment,2014-12-12,2021-08-25,1
guardian_c1041d4f2c,The Guardian,2014,"""climate change""",Why whale poo matters,https://www.theguardian.com/environment/georgemonbiot/2014/dec/12/how-whale-poo-is-connected-to-climate-and-our-lives,Environment,2014-12-12,2021-10-29,5
guardian_c507961d4f,The Guardian,2014,"""climate change""",FTSE 100 set for worst week since 2011 but water companies bubble up,https://www.theguardian.com/business/marketforceslive/2014/dec/12/ftse-100-set-for-worst-week-since-2011-but-water-companies-bubble-up,Business,2014-12-12,2014-12-12,1
guardian_e1c7404c75,The Guardian,2014,"""climate change""",Investors question forecasts from ExxonMobil and other oil companies,https://www.theguardian.com/sustainable-business/2014/dec/12/investors-exxonmobil-big-oil-forecasts-climate-change-environment,Guardian Sustainable Business,2014-12-12,2018-02-14,1
guardian_e6a1e78153,The Guardian,2014,"""climate change""",Climate talks: summit chief warns 'we need to work' as deadline passes – as it happened,https://www.theguardian.com/environment/live/2014/dec/12/lima-climate-talks-final-day-live-coverage,Environment,2014-12-12,2021-08-25,2
guardian_15179ff67d,The Guardian,2014,"""climate change""","The Hobbit, Electricity, The Face Of Love: this week’s new films",https://www.theguardian.com/film/2014/dec/13/the-hobbit-this-weeks-new-films,Film,2014-12-13,2017-12-29,2
guardian_6a6febd735,The Guardian,2014,"""climate change""","World set for climate disaster, say activists, as Lima talks falter",https://www.theguardian.com/environment/2014/dec/13/world-climate-disaster-lima-talks-fail,Environment,2014-12-13,2021-08-25,1
guardian_b2f632a2d7,The Guardian,2014,"""climate change""",State surveillance is enabled by our own sloppy habits,https://www.theguardian.com/technology/2014/dec/13/state-surveillance-enabled-by-own-sloppy-habits,Technology,2014-12-13,2018-03-22,1
guardian_02b8c11b75,The Guardian,2014,"""climate change""",EDF stands to rake in £3.3bn windfall from existing power plants,https://www.theguardian.com/business/2014/dec/14/edf-3bn-windfall-existing-power-plants,Business,2014-12-14,2020-09-24,1
guardian_1ca8fbcb91,The Guardian,2014,"""climate change""",Merchants of Doubt review – documentary exposes big-business hucksters,https://www.theguardian.com/film/2014/dec/14/merchants-of-doubt-review-big-business-hucksters,Film,2014-12-14,2021-08-25,1
guardian_4c830f2bb3,The Guardian,2014,"""climate change""",Earth faces sixth ‘great extinction’ with 41% of amphibians set to go the way of the dodo,https://www.theguardian.com/environment/2014/dec/14/earth-faces-sixth-great-extinction-with-41-of-amphibians-set-to-go-the-way-of-the-dodo,Environment,2014-12-14,2021-10-29,1
guardian_83b71e1b7f,The Guardian,2014,"""climate change""",UN agrees way forward on climate change – but path is unclear,https://www.theguardian.com/environment/2014/dec/14/united-nations--way-forward-on-climate-change,Environment,2014-12-14,2021-08-25,1
guardian_aadfe8d8f7,The Guardian,2014,"""climate change""",The best teenage fiction this Christmas,https://www.theguardian.com/books/2014/dec/14/best-teenage-fiction-young-adult-novels-christmas-2014-observer,Books,2014-12-14,2018-03-22,2
guardian_b840b238d4,The Guardian,2014,"""climate change""","Morning Mail: Labor leads polls, Lima climate talks deal, copper NBN",https://www.theguardian.com/australia-news/2014/dec/15/morning-mail-labor-leads-polls-lima-climate-talks-deal-copper-nbn,Australia news,2014-12-14,2016-10-26,4
guardian_daabc385c1,The Guardian,2014,"""climate change""",The Guardian view on the Lima climate change conference: a skirmish before the real battle,https://www.theguardian.com/commentisfree/2014/dec/14/guardian-view-lima-climate-change-conference-cop-20-skirmish1,Opinion,2014-12-14,2021-08-25,1
guardian_e000b6c292,The Guardian,2014,"""climate change""",Lima climate change talks end in agreement - but who won?,https://www.theguardian.com/environment/2014/dec/14/lima-climate-change-talks-who-won,Environment,2014-12-14,2021-08-26,1
guardian_e8cdd52374,The Guardian,2014,"""climate change""",Lima climate change talks reach global warming agreement,https://www.theguardian.com/environment/2014/dec/14/lima-climate-change-talks-reach-agreement,Environment,2014-12-14,2021-08-25,1
guardian_ecd85e730b,The Guardian,2014,"""climate change""",American drought: California’s crisis,https://www.theguardian.com/environment/2014/dec/14/-sp-american-drought-california-crisis,Environment,2014-12-14,2021-08-25,8
guardian_f110bb122f,The Guardian,2014,"""climate change""","Hu tieu, a Vietnamese dish spiced with prosperity and climate change",https://www.theguardian.com/vital-signs/2014/dec/14/vietnam-dish-environment-fish-farm-shrimp-climate-aquaculture,Vital Signs,2014-12-14,2021-08-25,5
guardian_fa26f2d2ff,The Guardian,2014,"""climate change""",Lima conference in danger of missing the rainforest for the trees,https://www.theguardian.com/environment/2014/dec/14/lima-cop-20-danger-missing-rainforest-for-the-trees-european-union1,Environment,2014-12-14,2021-08-25,1
guardian_11933bc399,The Guardian,2014,"""climate change""",Michael Billington's top 10 theatre of 2014,https://www.theguardian.com/stage/2014/dec/15/michael-billington-top-10-theatre-of-2014,Stage,2014-12-15,2022-07-19,11
guardian_1a63141077,The Guardian,2014,"""climate change""",World's beaches being washed away due to coastal development,https://www.theguardian.com/environment/2014/dec/15/worlds-beaches-being-washed-away-coastal-development,Environment,2014-12-15,2021-08-25,3
guardian_403c17080b,The Guardian,2014,"""climate change""",Whitehall failed to predict Ebola and Isis. It will miss the next crisis too,https://www.theguardian.com/public-leaders-network/2014/dec/15/government-forecast-floods-fracking,Public Leaders Network,2014-12-15,2014-12-15,1
guardian_545034fbed,The Guardian,2014,"""climate change""",Christmas cheer for sacked turkey workers comes in the form of a co-op,https://www.theguardian.com/commentisfree/2014/dec/16/christmas-cheer-for-sacked-turkey-workers-comes-in-the-form-of-a-co-op,Opinion,2014-12-15,2018-03-13,4
guardian_5c1c09ee46,The Guardian,2014,"""climate change""",Eight unbelievable solutions to future water shortages,https://www.theguardian.com/sustainable-business/2014/dec/15/eight-unbelievable-solutions-to-future-water-shortages,Guardian Sustainable Business,2014-12-15,2018-02-14,1
guardian_5d87161d05,The Guardian,2014,"""climate change""",Coal demand set to break 9bn tonne barrier this decade,https://www.theguardian.com/environment/2014/dec/15/coal-demand-set-to-break-9bn-tonne-barrier-this-decade,Environment,2014-12-15,2021-08-25,1
guardian_5edad2c9e6,The Guardian,2014,"""climate change""",Lima deal represents a fundamental change in global climate regime,https://www.theguardian.com/environment/2014/dec/15/lima-deal-represents-a-fundamental-change-in-global-climate-regime,Environment,2014-12-15,2021-08-25,1
guardian_7979f1b340,The Guardian,2014,"""climate change""",Investing in nature: what governments can learn from Comoros,https://www.theguardian.com/sustainable-business/2014/dec/15/comoros-government-investing-nature-world-parks-congress-sydney,Guardian Sustainable Business,2014-12-15,2014-12-15,1
guardian_a1f1c8ed4d,The Guardian,2014,"""climate change""","Sustainable development goals could be compromised by cuts, MPs warn UK",https://www.theguardian.com/global-development/2014/dec/15/sustainable-development-goals-compromised-cuts-mps-warn-uk-environmental-audit-committee,Global development,2014-12-15,2022-10-19,1
guardian_a88c1e9a03,The Guardian,2014,"""climate change""",Readers' 10 best books of 2014,https://www.theguardian.com/books/booksblog/2014/dec/15/readers-10-best-books-of-2014,Books,2014-12-15,2019-08-21,12
guardian_cf40b3548c,The Guardian,2014,"""climate change""",What kind of climate deal will we get in Lima? – podcast transcript,https://www.theguardian.com/global-development/2014/dec/15/cop-20-un-climate-change-deal-lima-peru-podcast-transcript,Global development,2014-12-15,2022-10-19,1
guardian_d27c952e23,The Guardian,2014,"""climate change""",US and India to announce joint climate change action during Obama visit,https://www.theguardian.com/environment/2014/dec/15/us-india-joint-climate-change-action,Environment,2014-12-15,2021-08-25,1
guardian_d376244dba,The Guardian,2014,"""climate change""",UN climate change talks: what do NGOs think about the Lima Accord?,https://www.theguardian.com/global-development-professionals-network/live/2014/dec/15/un-climate-change-talks-ngos-developing-countries-lima-accords,Working in development,2014-12-15,2021-08-25,1
guardian_f881ff309b,The Guardian,2014,"""climate change""",Is the Lima deal a travesty of global climate justice?,https://www.theguardian.com/global-development/2014/dec/15/lima-deal-global-climate-justice,Global development,2014-12-15,2022-10-19,1
guardian_fbb624167c,The Guardian,2014,"""climate change""","Tropical rainforests not absorbing as much carbon as expected, scientists say",https://www.theguardian.com/environment/2014/dec/15/tropical-rainforests-not-absorbing-as-much-carbon-as-expected-scientists-say,Environment,2014-12-15,2021-08-25,1
guardian_0a35fe0bef,The Guardian,2014,"""climate change""",Inside the 19 December edition,https://www.theguardian.com/theguardian/2014/dec/16/inside-guardian-weekly-19-december,Global,2014-12-16,2014-12-17,1
guardian_2189c49952,The Guardian,2014,"""climate change""","Head of bailed out Green Deal Finance Company paid £400,000 salary",https://www.theguardian.com/environment/2014/dec/16/head-bailed-out-green-deal-finance-company-paid-400000-salary,Environment,2014-12-16,2020-09-23,1
guardian_25e44ceef7,The Guardian,2014,"""climate change""","Welcome to Manus, the island that has been changed forever by Australian asylum-seeker policy",https://www.theguardian.com/australia-news/2014/dec/16/-sp-welcome-to-manus-island-changed-forever-australian-asylum-seeker-policy,Australia news,2014-12-16,2018-03-13,11
guardian_69ed34a581,The Guardian,2014,"""climate change""",Renzo Martens – the artist who wants to gentrify the jungle,https://www.theguardian.com/artanddesign/2014/dec/16/renzo-martens-gentrify-the-jungle-congo-chocolate-art,Art and design,2014-12-16,2022-10-19,3
guardian_6c9cb42895,The Guardian,2014,"""climate change""",Cameron pushes for removal of onshore windfarm subsidies,https://www.theguardian.com/environment/2014/dec/16/cameron-windfarm-subsidies-onshore-energy,Environment,2014-12-16,2020-09-23,1
guardian_70402c3698,The Guardian,2014,"""climate change""",China climate negotiator says Lima deal ‘balanced’,https://www.theguardian.com/environment/chinas-choice/2014/dec/16/china-climate-negotiator-says-lima-deal-balanced,Environment,2014-12-16,2021-08-25,1
guardian_840651c774,The Guardian,2014,"""climate change""",Five ways to stop mass extinction,https://www.theguardian.com/commentisfree/2014/dec/16/five-ways-to-stop-mass-extinction,Opinion,2014-12-16,2021-10-29,1
guardian_882cb7a49f,The Guardian,2014,"""climate change""",Cameron questioned by MPs about climate change and radicalistion: Politics Live blog,https://www.theguardian.com/politics/blog/live/2014/dec/16/hague-publishes-english-votes-for-english-laws-evel-politics-live-blog,Politics,2014-12-16,2021-08-25,0
guardian_a061e74c73,The Guardian,2014,"""climate change""",How prepared is New York City for future superstorms? The question is far from settled,https://www.theguardian.com/us-news/2014/dec/16/stormproofing-the-city-conclusions-new-york-sandy,US news,2014-12-16,2017-07-14,6
guardian_a56f5ee382,The Guardian,2014,"""climate change""",The best nature books of 2014,https://www.theguardian.com/science/grrlscientist/2014/dec/16/the-best-nature-books-of-2014,Science,2014-12-16,2021-10-29,12
guardian_cbee636c67,The Guardian,2014,"""climate change""",Jeb Bush may be 'the smart brother' – but he's as much of a climate denier as any conservative,https://www.theguardian.com/commentisfree/2014/dec/16/jeb-bush-climate-denier-republican-presidential-candidate-2016,Opinion,2014-12-16,2016-11-13,1
guardian_e30739c40c,The Guardian,2014,"""climate change""",The renewable energy sector needs to commit to getting off subsidies,https://www.theguardian.com/environment/2014/dec/16/renewable-energy-sector-needs-commit-getting-off-subsidies,Environment,2014-12-16,2020-09-23,1
guardian_1ba521bf06,The Guardian,2014,"""climate change""",Amateur cloud enthusiast dreams up name for newly identified formation,https://www.theguardian.com/science/2014/dec/17/-sp-cloud-enthusiast-pretor-pinney-new-formation,Science,2014-12-17,2018-03-03,5
guardian_2be192d7c2,The Guardian,2014,"""climate change""",Head to head: should we ban coal power production?,https://www.theguardian.com/big-energy-debate/2014/dec/17/ban-coal-power-liberal-democrat-head-to-head,The big energy debate,2014-12-17,2018-02-14,1
guardian_415aa043ac,The Guardian,2014,"""climate change""",Families in literature: the Winshaws in What a Carve Up! by Jonathan Coe,https://www.theguardian.com/books/booksblog/2014/dec/17/families-in-literature-the-winshaws-in-what-a-carve-up-by-jonathan-coe,Books,2014-12-17,2019-08-21,1
guardian_68b9c3d735,The Guardian,2014,"""climate change""",2014 will be the hottest year on record,https://www.theguardian.com/environment/climate-consensus-97-per-cent/2014/dec/17/2014-will-be-the-hottest-year-on-record,Environment,2014-12-17,2021-08-25,1
guardian_76c34a900f,The Guardian,2014,IPCC,Police sergeant and custody officers charged over death of Thomas Orchard,https://www.theguardian.com/uk-news/2014/dec/17/police-charged-death-thomas-orchard-custody,UK news,2014-12-17,2017-11-30,1
guardian_779d5da63f,The Guardian,2014,"""climate change""","Climate change: global pressure will make Australia do more, says Cameron",https://www.theguardian.com/environment/2014/dec/17/climate-change-global-pressure-will-make-australia-do-more-says-cameron,Environment,2014-12-17,2021-08-25,1
guardian_8a4d497e61,The Guardian,2014,"""climate change""",George Osborne questioned by MPs about the autumn statement - as it happened,https://www.theguardian.com/politics/blog/live/2014/dec/17/cameron-and-miliband-at-pmqs-politics-live-blog,Politics,2014-12-17,2019-03-07,0
guardian_8ddd9fc5dd,The Guardian,2014,"""climate change""","Morning Mail: Sydney siege, Taliban school massacre, historic US-Cuba breakthrough",https://www.theguardian.com/australia-news/2014/dec/18/morning-mail-sydney-siege-taliban-school-massacre-historic-us-cuba-breakthrough,Australia news,2014-12-17,2016-10-26,6
guardian_8df09632fd,The Guardian,2014,"""climate change""",Meet the teen books site members T-Z,https://www.theguardian.com/childrens-books-site/2014/dec/17/meet-the-teen-books-site-members-t-z,Children's books,2014-12-17,2017-09-20,1
guardian_90e9340492,The Guardian,2014,"""climate change""","Europe's record hot year made at least 35 times more likely by climate change, say scientists",https://www.theguardian.com/environment/2014/dec/17/europes-record-hot-year-made-35-times-more-likely-climate-change,Environment,2014-12-17,2021-08-25,2
guardian_ab215299ef,The Guardian,2014,"""climate change""",Meet the teen books site members M-S,https://www.theguardian.com/childrens-books-site/2014/dec/17/meet-the-teen-books-site-members-m-s,Children's books,2014-12-17,2017-09-20,1
guardian_aca15e628a,The Guardian,2014,"""climate change""",Seven breakthroughs that will transform global health,https://www.theguardian.com/global-development-professionals-network/2014/dec/17/seven-breakthroughs-transform-global-health-technology,Global Development Professionals Network,2014-12-17,2022-10-19,1
guardian_b380ddd9b6,The Guardian,2014,"""climate change""",Cabinet split over crisis fund for vulnerable people,https://www.theguardian.com/society/2014/dec/17/cabinet-split-crisis-fund-george-osborne-eric-pickles,Society,2014-12-17,2019-03-07,1
guardian_ecd9123b82,The Guardian,2014,"""climate change""",Technology is ready for synthetic foods. Are you?,https://www.theguardian.com/sustainable-business/2014/dec/17/synthetic-foods-technology-labeling-gmo,Guardian Sustainable Business,2014-12-17,2018-08-02,1
guardian_19c065222f,The Guardian,2014,"""climate change""",French National Front launches nationalist environmental movement,https://www.theguardian.com/environment/2014/dec/18/french-national-front-launches-nationalist-environmental-movement,Environment,2014-12-18,2021-08-25,1
guardian_31dd19a264,The Guardian,2014,"""climate change""",The best popular science books of 2014: Physical sciences,https://www.theguardian.com/science/grrlscientist/2014/dec/18/the-best-popular-science-books-of-2014-physics,Science,2014-12-18,2018-02-22,13
guardian_6728bab1ea,The Guardian,2014,"""climate change""",Consumers face £750m subsidy scheme bill for generators to keep lights on,https://www.theguardian.com/business/2014/dec/18/consumers-subsidy-scheme-bill-energy-companies-government-capacity-market-auction,Business,2014-12-18,2018-02-14,1
guardian_7c75915abd,The Guardian,2014,"""climate change""",Government announces council funding cuts – as it happened,https://www.theguardian.com/politics/blog/live/2014/dec/18/nick-cleggs-call-clegg-phone-in-politics-live-blog,Politics,2014-12-18,2017-06-09,2
guardian_84f37931a1,The Guardian,2014,"""climate change""",Birds detect approaching storm from 900km away,https://www.theguardian.com/science/2014/dec/18/birds-storm-infrasound-warblers,Science,2014-12-18,2021-10-29,2
guardian_868976127a,The Guardian,2014,"""climate change""",Lego: can this most analogue of toys really be a modern urban planning tool?,https://www.theguardian.com/cities/2014/dec/18/lego-toys-urban-planning-tool-architects-mit,Cities,2014-12-18,2022-10-19,4
guardian_9068e09b1a,The Guardian,2014,"""climate change""",One female bishop is not enough – the church must behave more like Jesus,https://www.theguardian.com/commentisfree/belief/2014/dec/18/female-bishop-church-of-england-jesus-christ,Opinion,2014-12-18,2014-12-18,1
guardian_98712d9f79,The Guardian,2014,"""climate change""","On guns, David Leyonhjelm is neither a champion nor a villain. He's a libertarian",https://www.theguardian.com/commentisfree/2014/dec/18/david-leyonhjelm-is-neither-a-champion-nor-a-villain-hes-a-libertarian,Opinion,2014-12-18,2018-03-13,1
guardian_c99f281cb5,The Guardian,2014,"""climate change""",Guardian Australia’s awards of the year: winners (and losers) of 2014,https://www.theguardian.com/australia-news/2014/dec/19/guardian-australias-awards-of-the-year-winners-and-losers-of-2014,Australia news,2014-12-18,2019-10-21,10
guardian_e38223587a,The Guardian,2014,"""climate change""",Customer debts to energy suppliers rise to more than £900m,https://www.theguardian.com/money/2014/dec/18/customer-debts-energy-suppliers-rise-ofgem,Money,2014-12-18,2017-11-30,1
guardian_ee2bb6b9db,The Guardian,2014,"""climate change""","We can't let climate change turn droughts, flash floods and mudslides into the new normal",https://www.theguardian.com/commentisfree/2014/dec/18/climate-change-droughts-flash-floods-mudslides-normal-california,Opinion,2014-12-18,2021-08-25,3
guardian_098e50f773,The Guardian,2014,"""climate change""",Against Excellence,https://www.theguardian.com/science/political-science/2014/dec/19/against-excellence,Science,2014-12-19,2017-05-09,1
guardian_1af5b86111,The Guardian,2014,"""climate change""",Sustainable development goals: eight ways to make reality match ambition,https://www.theguardian.com/global-development/2014/dec/19/sustainable-development-goals-eight-ways-reality-match-ambition,Global development,2014-12-19,2022-10-19,1
guardian_1bc81edbee,The Guardian,2014,"""climate change""",Ebay joins Google and others in dumping Alec over climate stance,https://www.theguardian.com/sustainable-business/2014/dec/19/ebay-google-dumps-alec-climate-change-denial,Guardian Sustainable Business,2014-12-19,2021-08-25,1
guardian_1fefc0ee96,The Guardian,2014,"""climate change""",£1bn subsidy in energy capacity auction will boost coal and nuclear power,https://www.theguardian.com/business/2014/dec/19/uk-energy-auction-coal-nuclear-generation,Business,2014-12-19,2018-02-14,1
guardian_252f84d202,The Guardian,2014,"""climate change""","Major coral bleaching in Pacific may become worst die-off in 20 years, say experts",https://www.theguardian.com/environment/2014/dec/19/major-coral-bleaching-pacific-may-worst-20-years,Environment,2014-12-19,2021-08-25,3
guardian_339ee0b74b,The Guardian,2014,"""climate change""",UK's biggest solar farm connects to national grid,https://www.theguardian.com/environment/2014/dec/19/uks-biggest-solar-farm-connects-to-national-grid,Environment,2014-12-19,2018-02-14,2
guardian_769edcb6c7,The Guardian,2014,"""climate change""",Sony CEO insists 'we made no mistake' after US accuses North Korea of hack – as it happened,https://www.theguardian.com/us-news/live/2014/dec/19/obama-fbi-sony-hack-north-korea-china,US news,2014-12-19,2018-03-06,2
guardian_9becbbee78,The Guardian,2014,"""climate change""",How about a ‘not-so-fast' track for the Trans-Pacific Partnership?,https://www.theguardian.com/sustainable-business/2014/dec/19/trans-pacific-partnership-tpp-trade-agreement-climate-treaty,Guardian Sustainable Business,2014-12-19,2021-08-25,2
guardian_c80a18dd70,The Guardian,2014,"""climate change""",Obama expresses scepticism over Keystone pipeline,https://www.theguardian.com/us-news/2014/dec/19/obama-expresses-scepticism-over-keystone-pipeline,US news,2014-12-19,2017-07-14,1
guardian_d1ebc0c300,The Guardian,2014,"""climate change""",2014 in politics: from the Ukip Calypso to Gove in the garden,https://www.theguardian.com/uk-news/2014/dec/19/2014-in-politics-from-the-ukip-calypso-to-gove-in-the-garden,UK news,2014-12-19,2017-06-20,8
guardian_d6c4d2845a,The Guardian,2014,"""climate change""",Western ringtail possum's endangered status blamed on feral cats and foxes,https://www.theguardian.com/australia-news/2014/dec/19/western-ringtail-possums-endangered-status-blamed-on-feral-cats-and-foxes,Australia news,2014-12-19,2021-10-29,1
guardian_1d02f7d0db,The Guardian,2014,"""climate change""","A zealot, a rebel, but no miracle-worker: film studios plot a secular take on life of Jesus",https://www.theguardian.com/film/2014/dec/20/bible-epics-zealot-rebel-studios-plot-secular-take-on-life-of-jesus,Film,2014-12-20,2018-02-22,2
guardian_4af60aeb73,The Guardian,2014,"""climate change""",Liam Williams's guide to 2014 for hermits,https://www.theguardian.com/culture/2014/dec/20/liam-williams-met-the-hermit,Culture,2014-12-20,2017-12-29,1
guardian_d899e03a6a,The Guardian,2014,"""climate change""",Shopping for good: nine gifts that give back,https://www.theguardian.com/vital-signs/2014/dec/20/green-gifts-guide-christmas-holiday-sustainable-charity,Vital Signs,2014-12-20,2014-12-20,9
guardian_41fb4323d0,The Guardian,2014,"""climate change""",Man-buns are the sexiest thing in the world. This is why they drive us wild,https://www.theguardian.com/commentisfree/2014/dec/21/man-buns-hairdo-2014,Opinion,2014-12-21,2017-11-23,2
guardian_ae179f31cf,The Guardian,2014,"""climate change""",2014 in review: a cavalcade of grim events abroad ends with one frighteningly close to home,https://www.theguardian.com/australia-news/2014/dec/22/-sp-2014-review-david-marr-grim-events-abroad-close-home,Australia news,2014-12-21,2021-08-31,11
guardian_bb215c3440,The Guardian,2014,"""climate change""","What Bryan Cranston, Abba, Naomi Klein, Bill Murray, Gordon Brown and Adnan Syed's mum taught us in 2014",https://www.theguardian.com/culture/2014/dec/21/what-bryan-cranston-abba-naomi-klein-bill-murray-gordon-brown-and-adnan-syeds-mum-taught-us-in-2014,Culture,2014-12-21,2018-07-02,27
guardian_d8e9a527d0,The Guardian,2014,"""climate change""",Why must we tolerate police spies in our midst?,https://www.theguardian.com/commentisfree/2014/dec/21/why-tolerate-police-spies-in-our-midst,Opinion,2014-12-21,2017-12-02,1
guardian_f180d1cefb,The Guardian,2014,"""climate change""",The 12 most important moments in science in 2014,https://www.theguardian.com/science/2014/dec/21/12-most-important-moments-in-science-2014,Science,2014-12-21,2021-08-25,9
guardian_4aca01bbb8,The Guardian,2014,"""climate change""",Top business sustainability trends of 2014,https://www.theguardian.com/sustainable-business/2014/dec/22/2014-trends-cleantech-renewables-farm-factory-waste,Guardian Sustainable Business,2014-12-22,2014-12-26,1
guardian_62fdcfff7b,The Guardian,2014,"""climate change""","Direct Action unlikely to meet emissions target, says Climate Change Authority",https://www.theguardian.com/environment/2014/dec/22/direct-action-unlikely-to-meet-emissions-target-says-climate-change-authority,Environment,2014-12-22,2021-08-25,1
guardian_851c292c75,The Guardian,2014,IPCC,How dangerous is the use of Tasers?,https://www.theguardian.com/news/datablog/2014/dec/22/how-dangerous-is-the-use-of-tasers,News,2014-12-22,2017-09-20,1
guardian_b9030fb368,The Guardian,2014,"""climate change""",Decades of inaction on global warming,https://www.theguardian.com/environment/2014/dec/22/decades-of-inaction-on-global-warming,Environment,2014-12-22,2021-08-26,1
guardian_f8e0b850f7,The Guardian,2014,"""climate change""",Amazonian tribe take initiative to protect their lands from dam project,https://www.theguardian.com/global-development/2014/dec/22/amazon-munduruku-indians-brazil-tapajos,Global development,2014-12-22,2022-10-19,3
guardian_16328d5c3f,The Guardian,2014,"""climate change""","Koalas face extinction without stronger protection, say conservationists",https://www.theguardian.com/australia-news/2014/dec/23/koalas-face-extinction-without-stronger-protection-say-conservationists,Environment,2014-12-23,2021-10-29,1
guardian_1ea9b7ee45,The Guardian,2014,"""climate change""",Overstock.com rejoins controversial lobbying group Alec bucking trend,https://www.theguardian.com/business/2014/dec/23/overstockcom-alec-lobby-tech-climate-change,US news,2014-12-23,2021-08-25,1
guardian_502324bdd6,The Guardian,2014,"""climate change""",Labor returns to renewable energy target talks armed with Coalition's own advice,https://www.theguardian.com/australia-news/2014/dec/23/labor-returns-renewable-energy-target,Australia news,2014-12-23,2018-03-13,1
guardian_533443c3f0,The Guardian,2014,"""climate change""",Leadership: what were the top five stories of 2014?,https://www.theguardian.com/sustainable-business/2014/dec/23/leadership-what-were-the-top-5-stories-of-2014,Guardian Sustainable Business,2014-12-23,2014-12-26,1
guardian_7a8288c8ce,The Guardian,2014,"""climate change""",Let's leave behind the age of fossil fuel. Welcome to Year One of the climate revolution,https://www.theguardian.com/commentisfree/2014/dec/23/age-of-fossil-fuel-year-one-climate-revolution,Opinion,2014-12-23,2021-08-25,4
guardian_8076685abe,The Guardian,2014,"""climate change""",Scientists connect the dots from identifying to preventing dangerous climate risks,https://www.theguardian.com/environment/climate-consensus-97-per-cent/2014/dec/23/scientists-connect-dots-identifying-preventing-dangerous-climate-risks,Environment,2014-12-23,2021-08-25,2
guardian_8f9004a1f4,The Guardian,2014,"""climate change""",My quest to see every single one of the UK's snails,https://www.theguardian.com/environment/blog/2014/dec/23/why-snails-are-as-important-as-butterflies,Environment,2014-12-23,2021-10-29,2
guardian_c82d1281ff,The Guardian,2014,"""climate change""",2015: the beginning of the end for climate sceptics,https://www.theguardian.com/sustainable-business/2014/dec/23/2015-climate-sceptics-us-china-agreement-carbon-emissions,Guardian Sustainable Business,2014-12-23,2021-08-25,1
guardian_c84166ad3b,The Guardian,2014,"""climate change""",Twitter top 10: who to follow on energy,https://www.theguardian.com/big-energy-debate/2014/dec/23/top-10-energy-tweeters,The big energy debate,2014-12-23,2018-02-14,1
guardian_cfb1fe0f95,The Guardian,2014,"""climate change""","Global warming will cut wheat yields, research shows",https://www.theguardian.com/environment/2014/dec/23/global-warming-cut-wheat-yields-research-shows,Environment,2014-12-23,2021-08-25,1
guardian_e68aca0225,The Guardian,2014,"""climate change""","After New Era, it's harder than ever to mock Russell Brand as a hypocrite",https://www.theguardian.com/commentisfree/2014/dec/23/after-new-era-its-harder-than-ever-to-mock-russell-brand-as-a-hypocrite,Opinion,2014-12-23,2016-10-26,1
guardian_f9097a9895,The Guardian,2014,"""climate change""",Peru evacuates Amazon village after raid by indigenous tribe,https://www.theguardian.com/world/2014/dec/23/peru-evacuates-village-tribal-raid,World news,2014-12-23,2015-10-15,1
guardian_0d7e06b24f,The Guardian,2014,"""climate change""",How can Santa make Christmas more sustainable? – open thread,https://www.theguardian.com/sustainable-business/2014/dec/24/santa-christmas-business-model-environment-population-sustainability,Guardian Sustainable Business,2014-12-24,2015-01-05,1
guardian_2bf852f7e1,The Guardian,2014,"""climate change""",Wall brown butterfly 'may be a victim of climate change',https://www.theguardian.com/environment/2014/dec/24/wall-brown-butterfly-may-be-a-victim-of-climate-change,Environment,2014-12-24,2021-10-29,3
guardian_70b47cb418,The Guardian,2014,"""climate change""",Will climate change kill Santa Claus? This and more festive-themed research,https://www.theguardian.com/higher-education-network/2014/dec/24/will-climate-change-kill-santa-claus-this-and-more-festive-themed-research,Education,2014-12-24,2018-09-24,1
guardian_78a5b5b62c,The Guardian,2014,"""climate change""",Water: the top five stories of 2014,https://www.theguardian.com/sustainable-business/2014/dec/24/water-the-top-5-stories-of-2014,Guardian Sustainable Business,2014-12-24,2014-12-26,1
guardian_80c87d391b,The Guardian,2014,"""climate change""",Bitter winters for Peru's alpaca farmers combating climate change,https://www.theguardian.com/global-development/2014/dec/24/peru-alpaca-farmers-climate-change,Global development,2014-12-24,2022-10-19,3
guardian_a53d0bd58a,The Guardian,2014,"""climate change""",Brazil's 'chainsaw queen' appointed new agriculture minister,https://www.theguardian.com/world/2014/dec/24/brazil-agriculture-katia-abreu-climate-change,World news,2014-12-24,2021-08-25,1
guardian_abf7759f1a,The Guardian,2014,"""climate change""",The switch to renewable power is a battle we cannot afford to lose,https://www.theguardian.com/environment/2014/dec/24/the-switch-to-renewable-power-is-a-battle-we-cannot-afford-to-lose,Environment,2014-12-24,2021-08-25,2
guardian_b5934e4665,The Guardian,2014,"""climate change""",Australia records biggest emissions drop in a decade as carbon tax kicks in,https://www.theguardian.com/environment/2014/dec/24/australia-records-biggest-emissions-drop-in-a-decade-as-carbon-tax-kicks-in,Environment,2014-12-24,2021-08-26,2
guardian_ca803cdd31,The Guardian,2014,"""climate change""",Top 10 sustainability campaigns of 2014,https://www.theguardian.com/sustainable-business/2014/dec/24/top-10-sustainability-campaigns-2014,Guardian Sustainable Business,2014-12-24,2021-08-25,9
guardian_cffee8ec5a,The Guardian,2014,"""climate change""",Beyond 'naughty or nice': defence research and responsible innovation,https://www.theguardian.com/science/political-science/2014/dec/24/beyond-naughty-or-nice-defence-research-and-responsible-innovation,Science,2014-12-24,2017-05-09,1
guardian_f21babd47b,The Guardian,2014,"""climate change""",Opinions are like bums – everyone’s got one. This Christmas I’m going to try to sit on mine,https://www.theguardian.com/lifeandstyle/2014/dec/24/opinions-are-like-bums-everyones-got-one-this-christmas-im-going-to-try-to-sit-on-mine,Life and style,2014-12-24,2014-12-24,1
guardian_fa5e2f8c54,The Guardian,2014,"""climate change""",2015: the year businesses recognize that climate change is real,https://www.theguardian.com/sustainable-business/2014/dec/24/2015-predictions-business-climate-change-environment-justice-future,Guardian Sustainable Business,2014-12-24,2021-08-25,2
guardian_57a2651cdf,The Guardian,2014,"""climate change""",Scientists in focus – Susan Wijffels and Rebecca Cowley,https://www.theguardian.com/environment/climate-consensus-97-per-cent/2014/dec/26/scientists-in-focus-susan-wijffels-and-rebecca-cowley,Environment,2014-12-26,2021-08-25,3
guardian_95824fa6be,The Guardian,2014,"""climate change""",Spanish wine researchers work to preserve rare grape varieties,https://www.theguardian.com/world/2014/dec/26/spanish-wine-researchers-diversity-local-rare-grapes,World news,2014-12-26,2018-08-14,1
guardian_a875a3caa7,The Guardian,2014,"""climate change""",Why there’s more to sustainability than 2015’s big global events,https://www.theguardian.com/sustainable-business/2014/dec/26/more-to-sustainability-2015-global-events,Guardian Sustainable Business,2014-12-26,2021-08-25,1
guardian_acedbbda62,The Guardian,2014,"""climate change""",Values-led business: the top five stories of 2014,https://www.theguardian.com/sustainable-business/2014/dec/26/business-values-2014-meditation-google-politics-environment,Guardian Sustainable Business,2014-12-26,2015-01-03,5
guardian_b4cd65bb3b,The Guardian,2014,"""climate change""",Bumper general knowledge crossword of 2014,https://www.theguardian.com/lifeandstyle/2014/dec/26/bumper-crossword-2014-sy,Life and style,2014-12-26,2017-12-01,1
guardian_1a0f12f6e8,The Guardian,2014,"""climate change""",2015 general election could be the most unpredictable vote in living memory,https://www.theguardian.com/politics/2014/dec/27/2015-general-election-unpredictable-green-party-ukip,Politics,2014-12-27,2017-12-02,5
guardian_4c2aeae869,The Guardian,2014,"""climate change""","Power cuts helpline not in operation until April 2016, Labour reveals",https://www.theguardian.com/politics/2014/dec/27/power-cuts-helpline-not-operation-until-april-2016-labour,Politics,2014-12-27,2018-02-14,1
guardian_a0b6d06a9f,The Guardian,2014,"""climate change""",I never thought my vegetarian vow would be easy – but I thought I could resist a pork pie,https://www.theguardian.com/commentisfree/2014/dec/27/i-never-thought-my-vegetarian-vow-would-be-easy,Opinion,2014-12-27,2018-08-15,1
guardian_a97a3c9591,The Guardian,2014,"""climate change""",Pope Francis’s edict on climate change will anger deniers and US churches,https://www.theguardian.com/world/2014/dec/27/pope-francis-edict-climate-change-us-rightwing,World news,2014-12-27,2021-08-25,2
guardian_bf0bda3506,The Guardian,2014,"""climate change""",15 things to look forward to in 2015,https://www.theguardian.com/uk-news/2014/dec/27/15-things-look-forward-2015-hamlet-large-hadron-collider,UK news,2014-12-27,2020-09-23,2
guardian_1238b18cea,The Guardian,2014,"""climate change""",How can I go green in 2015?,https://www.theguardian.com/environment/2014/dec/28/how-can-i-go-green-in-2015-lucy-siegle,Environment,2014-12-28,2020-09-23,2
guardian_3d8a1087b1,The Guardian,2014,"""climate change""",Why ‘life will go on’ thesis about global economy might not pass muster in 2015,https://www.theguardian.com/business/economics-blog/2014/dec/28/global-economy-2015-2014-1999-problems,Business,2014-12-28,2017-11-30,1
guardian_67916219a7,The Guardian,2014,"""climate change""","Fall in greenhouse emissions due to economy not carbon tax, Coalition says",https://www.theguardian.com/environment/2014/dec/28/fall-in-greenhouse-emissions-due-to-economy-not-carbon-tax-coalition-says,Environment,2014-12-28,2014-12-28,2
guardian_71009c7d9f,The Guardian,2014,"""climate change""","Almost 7,000 UK properties to be sacrificed to rising seas",https://www.theguardian.com/environment/2014/dec/28/7000-uk-properties-sacrificed-rising-seas-coastal-erosion,Environment,2014-12-28,2021-08-26,1
guardian_7d6a60ccd0,The Guardian,2014,"""climate change""",The Guardian view on the Rosetta space mission,https://www.theguardian.com/commentisfree/2014/dec/28/guardian-view-on-rosetta-space-mission,Opinion,2014-12-28,2017-11-30,1
guardian_baa2cda524,The Guardian,2014,"""climate change""",The Observer view on Pope Francis,https://www.theguardian.com/commentisfree/2014/dec/28/observer-editorial-pope-francis-how-far-will-his-reforming-go,Opinion,2014-12-28,2017-12-02,1
guardian_f293d88174,The Guardian,2014,"""climate change""",Connie Hedegaard: credibility of UN climate process hangs on Paris talks,https://www.theguardian.com/environment/2014/dec/28/connie-hedegaard-credibility-un-climate-process-2015-paris-talks,Environment,2014-12-28,2021-08-25,2
guardian_71cd4a7b95,The Guardian,2014,"""climate change""",Talk point: what are the top development issues for 2015?,https://www.theguardian.com/global-development-professionals-network/2014/dec/29/talkpoint-what-are-development-issues-2015,Working in development,2014-12-29,2017-10-06,1
guardian_a80d135815,The Guardian,2014,"""climate change""",Sustainable food: the top five stories of 2014,https://www.theguardian.com/sustainable-business/2014/dec/29/sustainable-food-the-top-5-stories-of-2014,Guardian Sustainable Business,2014-12-29,2018-08-09,1
guardian_e5433f8b37,The Guardian,2014,"""climate change""","The bird that travels 29,000km a year",https://www.theguardian.com/environment/2014/dec/29/moonbird-rufa-red-knot-migration-climate,Environment,2014-12-29,2021-10-29,1
guardian_069a99fc10,The Guardian,2014,"""climate change""",'Stopping the boats' a fiction as Australia grows ever more isolationist on asylum,https://www.theguardian.com/australia-news/2014/dec/31/stopping-the-boats-a-fiction-as-australia-grows-ever-more-isolationist-on-asylum,Australia news,2014-12-30,2018-03-13,1
guardian_121bd3a143,The Guardian,2014,"""climate change""",Britain’s new breed of populists fail the Tony Blair test,https://www.theguardian.com/commentisfree/2014/dec/30/britain-new-breed-populists-fail-tony-blair-test,Opinion,2014-12-30,2017-11-30,1
guardian_32cdb16fce,The Guardian,2014,"""climate change""",Soil: the sustainable alternative to oil income in Africa,https://www.theguardian.com/global-development-professionals-network/2014/dec/30/soil-the-sustainable-alternative-to-oil-income-in-africa,Working in development,2014-12-30,2017-10-06,1
guardian_3e9c06921b,The Guardian,2014,"""climate change""",Inside the 2 January edition,https://www.theguardian.com/theguardian/2014/dec/30/economy-cuba-afghanistan-egypt-moonbird,From the Guardian,2014-12-30,2014-12-30,0
guardian_677ec34f43,The Guardian,2014,"""climate change""","Guardian Weekly Letters, 2 January 2015",https://www.theguardian.com/global/2014/dec/30/weekly-letters-2-january-torture-putin-terrorism,Global,2014-12-30,2014-12-30,1
guardian_8179ef2b2f,The Guardian,2014,"""climate change""","The Guardian view on 2015: there are many global uncertainties, but the crises will be interconnected",https://www.theguardian.com/commentisfree/2014/dec/30/guardian-view-2015-crises-global-uncertainties-interconnected,Opinion,2014-12-30,2017-11-30,1
guardian_8bbbc01f7b,The Guardian,2014,"""climate change""",Sustainable business 2014: countdown of our top stories from 20-11,https://www.theguardian.com/sustainable-business/2014/dec/30/sustainable-business-top-20-stories-2014,Guardian Sustainable Business,2014-12-30,2015-01-02,11
guardian_aeb15a70e1,The Guardian,2014,"""climate change""",Time is running out on climate denial,https://www.theguardian.com/environment/climate-consensus-97-per-cent/2014/dec/30/time-is-running-out-on-climate-denial,Environment,2014-12-30,2021-08-25,1
guardian_d4b14c4712,The Guardian,2014,"""climate change""",Five ways to achieve your New Year's resolutions,https://www.theguardian.com/sustainable-business/2014/dec/30/new-year-resolutions-2015-exercise-sustainable,Guardian Sustainable Business,2014-12-30,2014-12-31,1
guardian_6c92678f23,The Guardian,2014,"""climate change""",The Guardian view on the next UN secretary general: let’s appoint only on talent,https://www.theguardian.com/commentisfree/2014/dec/31/guardian-view-next-un-secretary-general-appoint-only-on-talent,Opinion,2014-12-31,2017-11-30,1
guardian_91db15c2ad,The Guardian,2014,"""climate change""","United States in 2014: beneath the numbers, a nation in pain",https://www.theguardian.com/theguardian/2014/dec/31/us-2014-economic-recovery-race,From the Guardian,2014-12-31,2017-07-14,1
guardian_9f771a8bd1,The Guardian,2014,"""climate change""",2014: not such a bad year after all,https://www.theguardian.com/environment/2014/dec/31/2014-not-such-a-bad-year-after-all,Environment,2014-12-31,2021-08-25,8
