article_id,newspaper,year_window,search_term,article_title,article_url,published_date,updated_date,image_index,image_url,local_image_path,caption,credit,positive_chart_signal_count,positive_chart_signals,negative_photo_signal_count,negative_photo_signals,review_priority,auto_review_label
guardian_4779145467,The Guardian,2013,"""carbon budget""",IPCC: 30 years to climate calamity if we carry on blowing the carbon budget,https://www.theguardian.com/environment/2013/sep/27/ipcc-world-dangerous-climate-change,2013-09-27,2021-08-25,2,https://i.guim.co.uk/img/static/sys-images/Guardian/About/General/2013/9/27/1380321841299/Climate-graphic-001.jpg?width=445&dpr=1&s=none&crop=none,../Scripts/output/guardian/guardian_images/guardian_2013-09-27_guardian_4779145467_img02.jpg,Credit: Guardian graphics,Guardian graphics,3,graph|graphic|graphics,0,,0,likely_visualization
guardian_4779145467,The Guardian,2013,"""carbon budget""",IPCC: 30 years to climate calamity if we carry on blowing the carbon budget,https://www.theguardian.com/environment/2013/sep/27/ipcc-world-dangerous-climate-change,2013-09-27,2021-08-25,3,https://i.guim.co.uk/img/static/sys-images/Guardian/About/General/2013/9/27/1380321917468/Sea-levels-graphic-001.jpg?width=445&dpr=1&s=none&crop=none,../Scripts/output/guardian/guardian_images/guardian_2013-09-27_guardian_4779145467_img03.jpg,Credit: Guardian graphics,Guardian graphics,3,graph|graphic|graphics,0,,0,likely_visualization
guardian_a00e38e760,The Guardian,2013,IPCC,IPCC: Europe has been warming faster than the global average,https://www.theguardian.com/environment/2013/oct/02/ipcc-europe-warming-faster-global-average,2013-10-02,2021-08-27,3,https://i.guim.co.uk/img/static/sys-images/Guardian/Pix/pictures/2013/10/2/1380705203448/a53f3c0b-2151-4bca-a28c-afeaf68cd3a9-bestSizeAvailable.jpeg?width=445&dpr=1&s=none&crop=none,../Scripts/output/guardian/guardian_images/guardian_2013-10-02_guardian_a00e38e760_img03.jpeg,"Image by Carbon Brief, created using data in Table 14.1 - Chapter 14 of the IPCC's Fifth Assessment Report. Photograph: /CarbonBrief Photograph: CarbonBrief",,3,data|graph|table,2,photo|photograph,0,likely_visualization
guardian_a00e38e760,The Guardian,2013,IPCC,IPCC: Europe has been warming faster than the global average,https://www.theguardian.com/environment/2013/oct/02/ipcc-europe-warming-faster-global-average,2013-10-02,2021-08-27,4,https://i.guim.co.uk/img/static/sys-images/Guardian/Pix/pictures/2013/10/2/1380705236266/fb2a3597-ec5c-4b8a-b5c7-bffae98a1f80-bestSizeAvailable.jpeg?width=445&dpr=1&s=none&crop=none,../Scripts/output/guardian/guardian_images/guardian_2013-10-02_guardian_a00e38e760_img04.jpeg,"Image by Carbon Brief, created using data in Table 14.1 - Chapter 14 of the IPCC's Fifth Assessment Report. Photograph: /CarbonBrief Photograph: CarbonBrief",,3,data|graph|table,2,photo|photograph,0,likely_visualization
guardian_93c6ec1d4c,The Guardian,2013,IPCC,Hinkley Point nuclear power station deal announced: Politics live blog,https://www.theguardian.com/politics/2013/oct/21/hinkley-point-nuclear-power-station-deal-announced-politics-live-blog,2013-10-21,2018-02-14,7,https://i.guim.co.uk/img/static/sys-images/Guardian/Pix/pictures/2013/10/21/1382344275492/20b37748-81bc-4025-b143-c7b1f2c918b0-620x372.png?width=465&dpr=1&s=none&crop=none,../Scripts/output/guardian/guardian_images/guardian_2013-10-21_guardian_93c6ec1d4c_img07.png,DECC infographic on Hinkley Point C Photograph: /DECC Photograph: DECC,,3,graph|graphic|infographic,2,photo|photograph,0,likely_visualization
guardian_93c6ec1d4c,The Guardian,2013,IPCC,Hinkley Point nuclear power station deal announced: Politics live blog,https://www.theguardian.com/politics/2013/oct/21/hinkley-point-nuclear-power-station-deal-announced-politics-live-blog,2013-10-21,2018-02-14,8,https://i.guim.co.uk/img/static/sys-images/Guardian/Pix/pictures/2013/10/21/1382344312559/2598d74e-8fda-4eb9-af4d-ad0ae5715f67-620x372.png?width=465&dpr=1&s=none&crop=none,../Scripts/output/guardian/guardian_images/guardian_2013-10-21_guardian_93c6ec1d4c_img08.png,DECC infographic on Hinkley Point C Photograph: /DECC Photograph: DECC,,3,graph|graphic|infographic,2,photo|photograph,0,likely_visualization
guardian_3db55e02b9,The Guardian,2013,"""climate change""",'We urgently need more data on internal migration',https://www.theguardian.com/global-development-professionals-network/2013/dec/18/internal-migration-international-migrants-day,2013-12-18,2022-10-19,1,https://i.guim.co.uk/img/static/sys-images/Guardian/Pix/pictures/2013/12/18/1387365126155/ETHIOPIAN-GIRL-008.jpg?width=465&dpr=1&s=none&crop=none,../Scripts/output/guardian/guardian_images/guardian_2013-12-18_guardian_3db55e02b9_img01.jpg,Demographic and health surveys suggest that up to 80% of urban girls in Ethiopia are recent migrants. Photograph: Isabelle Cadet/AP,,3,data|graph|graphic,2,photo|photograph,0,likely_visualization
guardian_008d47c681,The Guardian,2013,IPCC,Man killed in deadly terror attack in London street,https://www.theguardian.com/uk/2013/may/22/police-respond-serious-incident-woolwich,2013-05-22,2018-01-11,1,https://i.guim.co.uk/img/static/sys-images/Guardian/Pix/maps_and_graphs/2013/5/22/1369242290711/Woolwich-map-001.png?width=445&dpr=1&s=none&crop=none,../Scripts/output/guardian/guardian_images/guardian_2013-05-22_guardian_008d47c681_img01.png,Map showing the exact location of the incident,,2,graph|map,0,,0,likely_visualization
guardian_ee43700bbc,The Guardian,2013,IPCC,Arctic sea ice delusions strike the Mail on Sunday and Telegraph,https://www.theguardian.com/environment/climate-consensus-97-per-cent/2013/sep/09/climate-change-arctic-sea-ice-delusions,2013-09-09,2021-08-25,4,https://i.guim.co.uk/img/static/sys-images/Guardian/Pix/pictures/2013/9/9/1378693463744/Nuccitelli_OHC_Data_450.jpg?width=445&dpr=1&s=none&crop=none,../Scripts/output/guardian/guardian_images/guardian_2013-09-09_guardian_ee43700bbc_img04.jpg,"Global heat accumulation data (ocean heating in blue; land, atmosphere, and ice heating in red) from Nuccitelli et al. (2012).",,2,data|graph,0,,0,likely_visualization
guardian_f85cd8b72e,The Guardian,2013,IPCC,Hillsborough police officer faces fresh criticism from watchdog,https://www.theguardian.com/uk/2013/mar/28/hillsborough-disaster-officer-norman-bettison,2013-03-28,2018-01-11,1,https://i.guim.co.uk/img/static/sys-images/Guardian/About/General/2013/3/28/1364503258841/Sir-Norman-Bettison-008.jpg?width=465&dpr=1&s=none&crop=none,../Scripts/output/guardian/guardian_images/guardian_2013-03-28_guardian_f85cd8b72e_img01.jpg,"Sir Norman Bettison, former chief constable of West Yorkshire police, still faces an IPCC investigation into his role in the aftermath of the Hillsborough disaster. Photograph: Anna Gowthorpe/PA",,2,graph|table,2,photo|photograph,0,likely_visualization
guardian_77b4c8c5d8,The Guardian,2013,IPCC,Surrey police had 'collective amnesia' over Milly Dowler phone hacking,https://www.theguardian.com/uk/2013/apr/24/surrey-police-amnesia-milly-dowler,2013-04-24,2018-01-11,1,https://i.guim.co.uk/img/static/sys-images/Guardian/Pix/pictures/2013/4/24/1366800962778/Craig-Denholm-010.jpg?width=445&dpr=1&s=none&crop=none,../Scripts/output/guardian/guardian_images/guardian_2013-04-24_guardian_77b4c8c5d8_img01.jpg,"Craig Denholm, now deputy chief constable of Surrey police, who will receive words of advice – the lowest form of sanction. Photograph: Chris Young/PA",,2,graph|table,2,photo|photograph,0,likely_visualization
guardian_97b6eeeab9,The Guardian,2013,IPCC,Surrey police contact with News of the World over Milly Dowler – timeline,https://www.theguardian.com/media/2013/apr/24/surrey-police-news-of-the-world-milly-dowler,2013-04-24,2018-01-11,1,https://i.guim.co.uk/img/static/sys-images/Guardian/About/General/2013/4/24/1366817610325/Milly-Dowler-008.jpg?width=465&dpr=1&s=none&crop=none,../Scripts/output/guardian/guardian_images/guardian_2013-04-24_guardian_97b6eeeab9_img01.jpg,Surrey police were in contact with staff from the News of the World during the Milly Dowler investigation. Photograph: PA,,2,graph|timeline,2,photo|photograph,0,likely_visualization
guardian_405eae92c4,The Guardian,2013,IPCC,Jimmy Savile: police apologise for blunders that left him free to abuse,https://www.theguardian.com/media/2013/may/10/jimmy-savile-police-apologise-blunders,2013-05-10,2017-12-01,1,https://i.guim.co.uk/img/static/sys-images/Guardian/Pix/pictures/2013/5/10/1368204887545/West-Yorkshires-assistant-010.jpg?width=465&dpr=1&s=none&crop=none,../Scripts/output/guardian/guardian_images/guardian_2013-05-10_guardian_405eae92c4_img01.jpg,"Ingrid Lee, West Yorkshire assistant chief constable, said she was sad to discover the police mistakes revealed in a 59-page report on the force. Photograph: Lynne Cameron/PA",,2,graph|table,2,photo|photograph,0,likely_visualization
guardian_093acd9d4a,The Guardian,2013,IPCC,Stephen Lawrence family smear claims 'worthy of public inquiry',https://www.theguardian.com/uk/2013/jun/25/stephen-lawrence-family-smear-claims-public-inquiry,2013-06-25,2017-09-20,1,https://i.guim.co.uk/img/static/sys-images/Guardian/Pix/pictures/2013/6/25/1372168141484/Met-pressure-over-smear-c-010.jpg?width=465&dpr=1&s=none&crop=none,../Scripts/output/guardian/guardian_images/guardian_2013-06-25_guardian_093acd9d4a_img01.jpg,"Sir Bernard Hogan-Howe said that if claims police tried to smear Stephen Lawrence's family were proved, it would unacceptable. Photograph: Rebecca Naden/PA",,2,graph|table,2,photo|photograph,0,likely_visualization
guardian_7a214deb59,The Guardian,2013,IPCC,Met chief has not watched Stephen Lawrence family 'smears' documentary,https://www.theguardian.com/uk/2013/jun/25/met-chief-stephen-lawrence-smears,2013-06-25,2017-09-20,1,https://i.guim.co.uk/img/static/sys-images/Guardian/Pix/pictures/2013/6/25/1372154166298/Bernard-Hogan-Howe--010.jpg?width=465&dpr=1&s=none&crop=none,../Scripts/output/guardian/guardian_images/guardian_2013-06-25_guardian_7a214deb59_img01.jpg,"Sir Bernard Hogan-Howe, who told LBC 97.3 radio on Tuesday morning that if the allegations were proved true, it would be unacceptable. Photograph: Lewis Whyld/PA",,2,graph|table,2,photo|photograph,0,likely_visualization
guardian_55513e68b7,The Guardian,2013,IPCC,Is climate change humanity's greatest-ever risk management failure?,https://www.theguardian.com/environment/climate-consensus-97-per-cent/2013/aug/23/climate-change-greatest-risk-management-failure,2013-08-23,2021-08-25,1,https://i.guim.co.uk/img/static/sys-images/Guardian/Pix/pictures/2013/1/11/1357931308181/Roulette-wheel-008.jpg?width=465&dpr=1&s=none&crop=none,../Scripts/output/guardian/guardian_images/guardian_2013-08-23_guardian_55513e68b7_img01.jpg,Our gamble may lead to an unstable future climate. Photograph: Don Mcphee,,2,graph|table,2,photo|photograph,0,likely_visualization
guardian_476de0072e,The Guardian,2013,IPCC,How fast is Arctic sea ice melting?,https://www.theguardian.com/environment/2013/sep/18/how-fast-is-arctic-sea-ice-melting,2013-09-18,2021-08-27,3,https://i.guim.co.uk/img/static/sys-images/Guardian/Pix/pictures/2013/9/18/1379521161273/808e920b-cc3f-427c-9060-9b465e8eb4b6-2060x1032.png?width=465&dpr=1&s=none&crop=none,../Scripts/output/guardian/guardian_images/guardian_2013-09-18_guardian_476de0072e_img03.png,Summer temperatures for 2013 compared with data from 1981-2010 and 2007-2012. Photograph: NSIDC Photograph: NSIDC,,2,data|graph,2,photo|photograph,0,likely_visualization
guardian_476de0072e,The Guardian,2013,IPCC,How fast is Arctic sea ice melting?,https://www.theguardian.com/environment/2013/sep/18/how-fast-is-arctic-sea-ice-melting,2013-09-18,2021-08-27,5,https://i.guim.co.uk/img/static/sys-images/Guardian/Pix/pictures/2013/9/18/1379506591403/156e447c-bb99-4e49-b3d7-dfcdae403ac9-460x431.jpeg?width=465&dpr=1&s=none&crop=none,../Scripts/output/guardian/guardian_images/guardian_2013-09-18_guardian_476de0072e_img05.jpeg,This year's sea ice minimum compared to the 1981-2010 median. Source: guardian.co.uk Photograph: guardian.co.uk,guardian.co.uk Photograph: guardian.co.uk,2,graph|source:,2,photo|photograph,0,likely_visualization
guardian_476de0072e,The Guardian,2013,IPCC,How fast is Arctic sea ice melting?,https://www.theguardian.com/environment/2013/sep/18/how-fast-is-arctic-sea-ice-melting,2013-09-18,2021-08-27,8,https://i.guim.co.uk/img/static/sys-images/Guardian/Pix/pictures/2013/9/18/1379505788749/c8b2546e-9d07-4740-80be-2df61218f7b9-bestSizeAvailable.jpeg?width=465&dpr=1&s=none&crop=none,../Scripts/output/guardian/guardian_images/guardian_2013-09-18_guardian_476de0072e_img08.jpeg,Heat from global warming has been transferred into the ocean during the past thirty years. Complicating observations of warming on the surface. Source: Nuccitelli et al. (2012) Photograph: Nuccitelli et al. (2012),Nuccitelli et al. (2012) Photograph: Nuccitelli et al. (2012),2,graph|source:,2,photo|photograph,0,likely_visualization
guardian_476de0072e,The Guardian,2013,IPCC,How fast is Arctic sea ice melting?,https://www.theguardian.com/environment/2013/sep/18/how-fast-is-arctic-sea-ice-melting,2013-09-18,2021-08-27,9,https://i.guim.co.uk/img/static/sys-images/Guardian/Pix/pictures/2013/9/18/1379502242087/e73a3091-e0ae-46fc-a033-64d8a328fe20-bestSizeAvailable.png?width=465&dpr=1&s=none&crop=none,../Scripts/output/guardian/guardian_images/guardian_2013-09-18_guardian_476de0072e_img09.png,The yearly sea ice extent variation can bely the long-term trend. Source: NSIDC Photograph: NSIDC,NSIDC Photograph: NSIDC,2,graph|source:,2,photo|photograph,0,likely_visualization
guardian_e30b3e09d4,The Guardian,2013,"""sea level rise""",Climate change report: live reaction to IPCC conclusions,https://www.theguardian.com/environment/2013/sep/27/ipcc-climate-change-report-ar5-live-coverage,2013-09-27,2021-08-25,15,https://i.guim.co.uk/img/static/sys-images/Guardian/Pix/pictures/2013/1/8/1357646861584/Australian-Bureau-of-Mete-008.jpg?width=465&dpr=1&s=none&crop=none,../Scripts/output/guardian/guardian_images/guardian_2013-09-27_guardian_e30b3e09d4_img15.jpg,Australian Bureau of Metereology temperature map - with a new colour for 52-54C Photograph: BOM Photograph: BOM,,2,graph|map,2,photo|photograph,0,likely_visualization
guardian_26e7648d48,The Guardian,2013,IPCC,"Global warming can have a positive side, says Owen Paterson",https://www.theguardian.com/environment/2013/sep/30/owen-paterson-minister-climate-change-advantages,2013-09-30,2021-08-25,1,https://i.guim.co.uk/img/static/sys-images/Guardian/Pix/pictures/2013/9/30/1380499278631/Owen-Paterson-008.jpg?width=465&dpr=1&s=none&crop=none,../Scripts/output/guardian/guardian_images/guardian_2013-09-30_guardian_26e7648d48_img01.jpg,Owen Paterson's comments came after the IPCC found that within two or three decades the world will face nearly inevitable warming of more than 2 degrees. Photograph: Dominic Lipinski/PA,,2,graph|table,2,photo|photograph,0,likely_visualization
guardian_a00e38e760,The Guardian,2013,IPCC,IPCC: Europe has been warming faster than the global average,https://www.theguardian.com/environment/2013/oct/02/ipcc-europe-warming-faster-global-average,2013-10-02,2021-08-27,2,https://i.guim.co.uk/img/static/sys-images/Guardian/Pix/pictures/2013/10/2/1380705157717/4f1c2add-17bf-44f4-9590-aa154c2d751e-bestSizeAvailable.jpeg?width=445&dpr=1&s=none&crop=none,../Scripts/output/guardian/guardian_images/guardian_2013-10-02_guardian_a00e38e760_img02.jpeg,"Image by Carbon Brief, created using data from page 46 - Chapter 14 of the IPCC's Fifth Assessment Report. Photograph: /CarbonBrief Photograph: CarbonBrief",,2,data|graph,2,photo|photograph,0,likely_visualization
guardian_2e2d72d5a0,The Guardian,2013,IPCC,Family of man who died in custody demands answers over police restraint,https://www.theguardian.com/uk-news/2013/oct/07/family-died-police-custody-demand-answers,2013-10-07,2018-01-11,1,https://i.guim.co.uk/img/static/sys-images/Guardian/About/General/2013/10/7/1381142477684/Sir-Peter-Fahy-009.jpg?width=465&dpr=1&s=none&crop=none,../Scripts/output/guardian/guardian_images/guardian_2013-10-07_guardian_2e2d72d5a0_img01.jpg,"Sir Peter Fahy, chief constable of Greater Manchester police, said deaths in custody often occurred because officers were not trained to deal with mental health issues. Photograph: Dave Thompson/PA",,2,graph|table,2,photo|photograph,0,likely_visualization
guardian_3f5edb56fa,The Guardian,2013,IPCC,Earls Court: timeline of a Tory plan for London,https://www.theguardian.com/uk-news/davehillblog/2013/oct/13/earls-court-project-london-timeline,2013-10-13,2019-07-10,1,https://i.guim.co.uk/img/static/sys-images/Guardian/Pix/pictures/2013/1/25/1359115103470/HaroldCrop.jpg?width=465&dpr=1&s=none&crop=none,../Scripts/output/guardian/guardian_images/guardian_2013-10-13_guardian_3f5edb56fa_img01.jpg,A resident of the Earls Court project area whose home is threatened by the scheme. Photograph: Dave Hill,,2,graph|timeline,2,photo|photograph,0,likely_visualization
guardian_c4555280c5,The Guardian,2013,IPCC,David Cameron and Ed Miliband at PMQs: Politics live blog,https://www.theguardian.com/politics/2013/oct/16/supreme-court-rules-on-prisoner-voting-and-pmqs-politics-live-blog,2013-10-16,2017-06-09,1,https://i.guim.co.uk/img/static/sys-images/Guardian/Pix/pictures/2013/10/16/1381926139580/e7bed520-9547-4012-8067-97ff07b3c109-620x372.png?width=465&dpr=1&s=none&crop=none,../Scripts/output/guardian/guardian_images/guardian_2013-10-16_guardian_c4555280c5_img01.png,Disposable income chart Photograph: /ONS Photograph: ONS,,2,chart|graph,2,photo|photograph,0,likely_visualization
guardian_acefabfa88,The Guardian,2013,IPCC,Typhoon Haiyan hits Philippines – as it happened,https://www.theguardian.com/world/2013/nov/08/typhoon-haiyan-hits-philippines-live-updates,2013-11-08,2018-09-11,3,https://i.guim.co.uk/img/static/sys-images/Guardian/Pix/pictures/2013/11/8/1383915516570/Philippines-storm.png?width=465&dpr=1&s=none&crop=none,../Scripts/output/guardian/guardian_images/guardian_2013-11-08_guardian_acefabfa88_img03.png,Map of path of typhoon Haiyan Photograph: Guardian,,2,graph|map,2,photo|photograph,0,likely_visualization
guardian_e24a025b1b,The Guardian,2013,IPCC,"Could LinkedIn, apps and games revolutionise sustainability?",https://www.theguardian.com/sustainable-business/linkedin-apps-games-environmental-sustainability,2013-11-28,2020-04-18,1,https://i.guim.co.uk/img/static/sys-images/Guardian/Pix/pictures/2013/11/28/1385641858958/Linkedin-website-Male-sur-009.jpg?width=465&dpr=1&s=none&crop=none,../Scripts/output/guardian/guardian_images/guardian_2013-11-28_guardian_e24a025b1b_img01.jpg,Linkedin is essentially an enormous human resources database which could be used to pave the way to the new economy Photograph: Chris Batson / Alamy/Alamy,,2,data|graph,2,photo|photograph,0,likely_visualization
guardian_104595b8b5,The Guardian,2013,"""climate change""",Greenpeace Save Santa's Home Christmas cards - in pictures,https://www.theguardian.com/environment/gallery/2013/dec/05/greenpeace-save-santas-home-christmas-cards-in-pictures,2013-12-05,2022-10-19,5,https://i.guim.co.uk/img/static/sys-images/Guardian/Pix/pictures/2013/12/4/1386178937417/Save-Santas-Home-Christma-003.jpg?width=375&dpr=1&s=none&crop=none,../Scripts/output/guardian/guardian_images/guardian_2013-12-05_guardian_104595b8b5_img05.jpg,"A Vivienne Westwood creation. 'The Arctic matters to all of us, and we all need to do everything we can to raise the alarm. My thoughts have been with the Arctic 30 ever since they were arrested. It’s just unacceptable to stay silent while innocent people are facing jail sentences,' says the fashion icon and campaigner Photograph: Vivienne Westwood/Greenpeace Share",,2,graph|table,2,photo|photograph,0,likely_visualization
guardian_a6a859a6ab,The Guardian,2013,"""climate change""",National Geographic – 125 years of groundbreaking travel photography,https://www.theguardian.com/travel/2013/dec/06/125-years-of-national-geographic-photography,2013-12-06,2021-11-23,1,https://i.guim.co.uk/img/static/sys-images/Travel/Pix/gallery/2013/12/6/1386331038029/Hanging-off-the-tailgate--001.jpg?width=465&dpr=1&s=none&crop=none,../Scripts/output/guardian/guardian_images/guardian_2013-12-06_guardian_a6a859a6ab_img01.jpg,"Hanging off the tailgate of a speeding station wagon in Arizona, Des Bartlett films flying snow geese that he and his wife, Jen, had found orphaned as goslings. Photograph: Des and Jen Bartlett/National Geographic/1973",,2,graph|graphic,2,photo|photograph,0,likely_visualization
guardian_a6a859a6ab,The Guardian,2013,"""climate change""",National Geographic – 125 years of groundbreaking travel photography,https://www.theguardian.com/travel/2013/dec/06/125-years-of-national-geographic-photography,2013-12-06,2021-11-23,2,https://i.guim.co.uk/img/static/sys-images/Travel/Pix/gallery/2013/12/6/1386332264130/National-Geographic-s-Bar-001.jpg?width=445&dpr=1&s=none&crop=none,../Scripts/output/guardian/guardian_images/guardian_2013-12-06_guardian_a6a859a6ab_img02.jpg,The magazine’s Barry Bishop was a member of the first American team to reach the summit of Everest (left); and Steve McCurry’s iconic ‘Afghan Girl’ cover from 1985. Photograph: National Geographic,,2,graph|graphic,2,photo|photograph,0,likely_visualization
guardian_a6a859a6ab,The Guardian,2013,"""climate change""",National Geographic – 125 years of groundbreaking travel photography,https://www.theguardian.com/travel/2013/dec/06/125-years-of-national-geographic-photography,2013-12-06,2021-11-23,3,https://i.guim.co.uk/img/static/sys-images/Travel/Pix/gallery/2013/12/6/1386331188213/Laden-with-luggage-a-bus--001.jpg?width=445&dpr=1&s=none&crop=none,../Scripts/output/guardian/guardian_images/guardian_2013-12-06_guardian_a6a859a6ab_img03.jpg,"A bus labours up a switchback in Norway's Hjelle valley, offering passengers spectacular views at every turn. Photograph: Andrew H Brown/National Geographic/1950s",,2,graph|graphic,2,photo|photograph,0,likely_visualization
guardian_a6a859a6ab,The Guardian,2013,"""climate change""",National Geographic – 125 years of groundbreaking travel photography,https://www.theguardian.com/travel/2013/dec/06/125-years-of-national-geographic-photography,2013-12-06,2021-11-23,4,https://i.guim.co.uk/img/static/sys-images/Travel/Pix/gallery/2013/12/6/1386331764191/Still-point-of-the-turnin-001.jpg?width=445&dpr=1&s=none&crop=none,../Scripts/output/guardian/guardian_images/guardian_2013-12-06_guardian_a6a859a6ab_img04.jpg,"Still point of the turning world for Muslims, the Kaaba in Mecca's Grand Mosque attracts millions of pilgrims from all over the world. Photograph: Reza/National Geographic/2000",,2,graph|graphic,2,photo|photograph,0,likely_visualization
guardian_fb26c7f050,The Guardian,2013,"""climate change""",Tolkien gesture – scientist maps climate of Lord of the Rings,https://www.theguardian.com/environment/blog/2013/dec/06/jrr-tolkien-climate-lord-of-the-rings,2013-12-06,2021-08-25,1,https://i.guim.co.uk/img/static/sys-images/Environment/Pix/columnists/2013/12/6/1386337639899/Still-from-The-Lord-of-th-007.jpg?width=465&dpr=1&s=none&crop=none,../Scripts/output/guardian/guardian_images/guardian_2013-12-06_guardian_fb26c7f050_img01.jpg,Gandalf mulls the similarities between pavement-less dystopias Mount Doom and LA. Photograph: Rex Features,,2,graph|map,2,photo|photograph,0,likely_visualization
guardian_148e6d50a4,The Guardian,2013,"""climate change""",Are Comic Relief's investments all in a good cause? Absolutely,https://www.theguardian.com/commentisfree/2013/dec/10/comic-relief-investments-good-cause-absolutely,2013-12-10,2020-07-01,1,https://i.guim.co.uk/img/static/sys-images/Guardian/About/General/2013/12/9/1386618313425/Stars-of-Comic-Reliefs-20-009.jpg?width=465&dpr=1&s=none&crop=none,../Scripts/output/guardian/guardian_images/guardian_2013-12-10_guardian_148e6d50a4_img01.jpg,"Comic Relief, through the spirit of its supporters and its partnership with the BBC, has helped to increase charitable giving these past 25 years and make giving fun and effective to all generations. Photograph: Comic Relief",,2,graph|table,2,photo|photograph,0,likely_visualization
guardian_05e3be1079,The Guardian,2013,"""climate change""",Sustainable living: what were the top 5 stories of 2013?,https://www.theguardian.com/sustainable-business/sustainable-living-top-5-stories-2013,2013-12-25,2013-12-27,5,https://i.guim.co.uk/img/static/sys-images/Guardian/Pix/pictures/2013/6/11/1370942958421/People-resting-on-steps-a-006.jpg?width=445&dpr=1&s=none&crop=none,../Scripts/output/guardian/guardian_images/guardian_2013-12-25_guardian_05e3be1079_img05.jpg,"Ethnographic approaches allow us to observe consumer behaviour as it happens in its natural social and cultural context, rather than retrospectively discussing it in a contrived research setting. Photograph: Chad Ehlers / Alamy/Alamy",,2,graph|graphic,2,photo|photograph,0,likely_visualization
guardian_1ce2dc07b0,The Guardian,2013,"""climate change""",Sustainable business 2013: countdown of our top stories from 20-11,https://www.theguardian.com/sustainable-business/blog/sustainable-business-2013-top-20-stories,2013-12-31,2013-12-31,7,https://i.guim.co.uk/img/static/sys-images/Guardian/Pix/pictures/2013/7/15/1373905740676/Stacks-of-vegetables-005.jpg?width=445&dpr=1&s=none&crop=none,../Scripts/output/guardian/guardian_images/guardian_2013-12-31_guardian_1ce2dc07b0_img07.jpg,"Two sisters from Brighton want to recast the supermarket model to launch an ethical, sustainable supermarket with mass appeal. Photograph: Salem Krieger/Corbis",,2,graph|table,2,photo|photograph,0,likely_visualization
guardian_8c4e336da4,The Guardian,2013,"""carbon budget""",China and Australia top list of 'carbon bomb' projects,https://www.theguardian.com/environment/2013/jan/22/china-australia-carbon-bomb,2013-01-22,2021-08-25,2,https://i.guim.co.uk/img/static/sys-images/Environment/Pix/pictures/2013/1/22/1358855083968/Carbon-bombs-map-001.jpg?width=445&dpr=1&s=none&crop=none,../Scripts/output/guardian/guardian_images/guardian_2013-01-22_guardian_8c4e336da4_img02.jpg,Carbon bombs map Photograph: guardian.co.uk,,2,graph|map,3,ap photo|photo|photograph,0,likely_visualization
guardian_fcba13d29a,The Guardian,2013,IPCC,"Police did nothing about Dowler phone hacking for a decade, says IPCC",https://www.theguardian.com/uk/2013/apr/24/police-dowler-phone-hacking,2013-04-24,2018-01-11,1,https://i.guim.co.uk/img/static/sys-images/Guardian/Pix/pictures/2013/4/24/1366836632377/Lynne-Owens-010.jpg?width=465&dpr=1&s=none&crop=none,../Scripts/output/guardian/guardian_images/guardian_2013-04-24_guardian_fcba13d29a_img01.jpg,Surrey chief constable Lynne Owens has apologised to the Dowlers for the distress caused by the force’s inaction over phone hacking. Photograph: Dan Kitwood/Getty,,2,graph|table,3,getty|photo|photograph,0,likely_visualization
guardian_06902909d2,The Guardian,2013,IPCC,Science Weekly podcast: life beyond Earth – the search for habitable worlds,https://www.theguardian.com/science/audio/2013/sep/23/science-weekly-podcast-life-beyond-earth-alien,2013-09-22,2021-08-25,1,https://i.guim.co.uk/img/static/sys-images/Guardian/Pix/pictures/2010/9/29/1285791204938/An-artists-impression-of--002.jpg?width=445&dpr=1&s=none&crop=none,../Scripts/output/guardian/guardian_images/guardian_2013-09-22_guardian_06902909d2_img01.jpg,"An artist's impression of Gliese 581g, which astronomers say is near Earth - relatively speaking - at 120 trillion miles. Photograph: Zina Deretsky, National Science Foundation/AP Photograph: Zina Deretsky, National Science Foundation/AP",,2,graph|table,3,ap photo|photo|photograph,0,likely_visualization
guardian_60edc26be4,The Guardian,2013,"""sea level rise""","2C climate target is half of what is needed, say scientists",https://www.theguardian.com/environment/2013/jul/05/climate-change,2013-07-05,2021-08-25,1,https://i.guim.co.uk/img/static/sys-images/Guardian/Pix/online/2009/09/07/Africa-climate-change.jpg?width=465&dpr=1&s=none&crop=none,../Scripts/output/guardian/guardian_images/guardian_2013-07-05_guardian_60edc26be4_img01.jpg,"To keep the planet habitable, governments have also committed themselves to save biodiversity and at the same time to deliver food security for the 10 billion citizens who may populate the Earth later this century. Photograph: Walter Astrada/AFP/Getty",,2,graph|table,4,afp|getty|photo|photograph,0,likely_visualization
guardian_bd0ed19675,The Guardian,2013,IPCC,The Heartland Institute's skeptical Chinese fantasy,https://www.theguardian.com/environment/climate-consensus-97-per-cent/2013/jun/14/climate-change-heartland-chinese-academy-sciences,2013-06-14,2021-08-25,3,https://i.guim.co.uk/img/static/sys-images/Guardian/Pix/pictures/2013/6/14/1371188004371/ClimateConsensusAndResistance2.jpg?width=445&dpr=1&s=none&crop=none,../Scripts/output/guardian/guardian_images/guardian_2013-06-14_guardian_bd0ed19675_img03.jpg,Cook et al. (2013) 97% consensus results and notable anti-consensus campaigns. Image by John Garrett,,1,table,0,,0,likely_visualization
guardian_1d9d5bad4c,The Guardian,2013,IPCC,Andrew Neil - these are your climate errors on BBC Sunday Politics,https://www.theguardian.com/environment/climate-consensus-97-per-cent/2013/jul/17/climate-change-scepticism-andrew-neil-ed-davey,2013-07-17,2021-08-25,4,https://i.guim.co.uk/img/static/sys-images/Guardian/Pix/pictures/2013/7/17/1374020042661/SkepticView450.jpg?width=445&dpr=1&s=none&crop=none,../Scripts/output/guardian/guardian_images/guardian_2013-07-17_guardian_1d9d5bad4c_img04.jpg,Source: Climate Nexus,Climate Nexus,1,source:,0,,0,likely_visualization
guardian_56c78de709,The Guardian,2013,IPCC,"Climate change slowdown is due to warming of deep oceans, say scientists",https://www.theguardian.com/science/2013/jul/22/climate-change-slowdown-warming-oceans,2013-07-22,2021-08-25,1,https://i.guim.co.uk/img/static/sys-images/Environment/Pix/columnists/2010/2/4/1265280195608/Michael-Manns-graph-of-te-002.jpg?width=465&dpr=1&s=none&crop=none,../Scripts/output/guardian/guardian_images/guardian_2013-07-22_guardian_56c78de709_img01.jpg,Temperature in the northern hemisphere since 1000 CE. Natural variation in the climate cycle does not contradict climate scientists' predictions. Graph: IPCC report,,1,graph,0,,0,likely_visualization
guardian_d950a68ea3,The Guardian,2013,"""global temperature""",The climate change policy discussion I wish Andrew Neil would have on BBC,https://www.theguardian.com/environment/climate-consensus-97-per-cent/2013/jul/23/climate-change-andrew-neil-bbc-errors-take2,2013-07-23,2021-08-25,2,https://i.guim.co.uk/img/static/sys-images/Guardian/Pix/pictures/2013/7/23/1374538609091/bau_future_warming450.jpg?width=445&dpr=1&s=none&crop=none,../Scripts/output/guardian/guardian_images/guardian_2013-07-23_guardian_d950a68ea3_img02.jpg,"This graph shows that even at the lowest range of climate sensitivity, future global warming will take us well beyond any temperature experienced during civilized human history. The blue line represents reconstructed temperature. The red line represents measured and projected global surface temperature. The red dots show the projected warming in the year 2100 for three different climate sensitivities (high sensitivity 4.5°C, most likely sensitivity 3°C, low sensitivity 1.5°C).",,1,graph,0,,0,likely_visualization
guardian_d950a68ea3,The Guardian,2013,"""global temperature""",The climate change policy discussion I wish Andrew Neil would have on BBC,https://www.theguardian.com/environment/climate-consensus-97-per-cent/2013/jul/23/climate-change-andrew-neil-bbc-errors-take2,2013-07-23,2021-08-25,5,https://i.guim.co.uk/img/static/sys-images/Guardian/Pix/pictures/2013/7/23/1374542046038/SeaIceExtent450.jpg?width=445&dpr=1&s=none&crop=none,../Scripts/output/guardian/guardian_images/guardian_2013-07-23_guardian_d950a68ea3_img05.jpg,Average July through September Arctic sea ice extent 1870–2008 from the University of Illinois and observational data from the National Snow and Ice Data Center for 2009–2012,,1,data,0,,0,likely_visualization
guardian_622176361c,The Guardian,2013,"""sea level rise""",Now available: a guide to the IPCC's new RCP emissions pathways,https://www.theguardian.com/environment/climate-consensus-97-per-cent/2013/aug/30/climate-change-rcp-handy-summary,2013-08-30,2021-08-25,2,https://i.guim.co.uk/img/static/sys-images/Guardian/Pix/pictures/2013/8/30/1377832808485/emissions-concentration-rcp.jpg?width=445&dpr=1&s=none&crop=none,../Scripts/output/guardian/guardian_images/guardian_2013-08-30_guardian_622176361c_img02.jpg,"Emissions of carbon dioxide across the RCPs (left), and trends in concentrations of carbon dioxide (right). Grey area indicates the 98th and 90th percentiles (light/dark grey) of the literature. The dotted lines indicate four of the SRES marker scenarios. (Graphs from van Vuuren et.al. (2011).",,1,graph,0,,0,likely_visualization
guardian_3c4c1d71dc,The Guardian,2013,"""global temperature""",The Pacific Ocean fills in another piece of the global warming puzzle,https://www.theguardian.com/environment/climate-consensus-97-per-cent/2013/sep/03/global-warming-pacific-ocean-puzzle-piece,2013-09-03,2021-08-25,2,https://i.guim.co.uk/img/static/sys-images/Guardian/Pix/pictures/2013/8/30/1377826909810/Nature1a_450.jpg?width=445&dpr=1&s=none&crop=none,../Scripts/output/guardian/guardian_images/guardian_2013-09-03_guardian_3c4c1d71dc_img02.jpg,This graph shows the good match between temperatures in the Nature paper model (in red) and measured temperatures (in black). Just accounting for human and solar climate influences doesn't reproduce the recent surface warming slowdown (in purple).,,1,graph,0,,0,likely_visualization
guardian_631c4345d1,The Guardian,2013,IPCC,The 5 stages of climate denial are on display ahead of the IPCC report,https://www.theguardian.com/environment/climate-consensus-97-per-cent/2013/sep/16/climate-change-contrarians-5-stages-denial,2013-09-16,2021-08-25,2,https://i.guim.co.uk/img/static/sys-images/Guardian/Pix/pictures/2013/9/14/1379195583337/Nuccitelli_OHC_450.jpg?width=445&dpr=1&s=none&crop=none,../Scripts/output/guardian/guardian_images/guardian_2013-09-16_guardian_631c4345d1_img02.jpg,"Global heat accumulation data, from Nuccitelli et al. (2012)",,1,data,0,,0,likely_visualization
guardian_631c4345d1,The Guardian,2013,IPCC,The 5 stages of climate denial are on display ahead of the IPCC report,https://www.theguardian.com/environment/climate-consensus-97-per-cent/2013/sep/16/climate-change-contrarians-5-stages-denial,2013-09-16,2021-08-25,3,https://i.guim.co.uk/img/static/sys-images/Guardian/Pix/pictures/2013/9/15/1379268650023/WalshChap_450.jpg?width=445&dpr=1&s=none&crop=none,../Scripts/output/guardian/guardian_images/guardian_2013-09-16_guardian_631c4345d1_img03.jpg,Average July through September Arctic sea ice extent 1870–2008 from the University of Illinois (Walsh & Chapman 2001 updated to 2008) and observational data from NSIDC for 2009–2012.,,1,data,0,,0,likely_visualization
guardian_62bbe842ff,The Guardian,2013,IPCC,"Arctic sea ice ""recovers"" to its 6th-lowest extent in millennia",https://www.theguardian.com/environment/climate-consensus-97-per-cent/2013/sep/19/climate-change-arctic-ice-sixth-lowest-in-millennia,2013-09-19,2021-08-25,2,https://i.guim.co.uk/img/static/sys-images/Guardian/Pix/pictures/2013/9/19/1379557459907/WalshChapman2013_450.jpg?width=445&dpr=1&s=none&crop=none,../Scripts/output/guardian/guardian_images/guardian_2013-09-19_guardian_62bbe842ff_img02.jpg,Average July through September Arctic sea ice extent 1870–2008 from the University of Illinois (Walsh & Chapman 2001 updated to 2008) and observational data from NSIDC for 2009–2013.,,1,data,0,,0,likely_visualization
guardian_e1c3c5994e,The Guardian,2013,"""global temperature""",Magical climate contrarian thinking debunked by real science,https://www.theguardian.com/environment/climate-consensus-97-per-cent/2013/sep/23/climate-science-magical-thinking-debunked-by-science,2013-09-23,2021-08-25,3,https://i.guim.co.uk/img/static/sys-images/Guardian/Pix/pictures/2013/9/23/1379891650291/Nuccitelli_OHC_Data_450.jpg?width=445&dpr=1&s=none&crop=none,../Scripts/output/guardian/guardian_images/guardian_2013-09-23_guardian_e1c3c5994e_img03.jpg,"Global heat accumulation data (ocean heating in blue; land, atmosphere, and ice heating in red) from Nuccitelli et al. (2012)",,1,data,0,,0,likely_visualization
guardian_84abc54ecf,The Guardian,2013,IPCC,IPCC model global warming projections have done much better than you think,https://www.theguardian.com/environment/climate-consensus-97-per-cent/2013/oct/01/ipcc-global-warming-projections-accurate,2013-10-01,2021-08-25,3,https://i.guim.co.uk/img/static/sys-images/Guardian/Pix/pictures/2013/9/28/1380337244671/gisstrend12.jpg?width=445&dpr=1&s=none&crop=none,../Scripts/output/guardian/guardian_images/guardian_2013-10-01_guardian_84abc54ecf_img03.jpg,"Global surface temperature data 1975–2012 from NASA with a linear trend (black), with trends for 1992–2006 (red) and 1998–2012 (blue).",,1,data,0,,0,likely_visualization
guardian_d76900f636,The Guardian,2013,IPCC,Conservative media outlets found guilty of biased global warming coverage,https://www.theguardian.com/environment/climate-consensus-97-per-cent/2013/oct/11/climate-change-political-media-ipcc-coverage,2013-10-11,2021-08-25,2,https://i.guim.co.uk/img/static/sys-images/Guardian/Pix/pictures/2013/10/10/1381366627591/ipcc-chart1450.jpg?width=445&dpr=1&s=none&crop=none,../Scripts/output/guardian/guardian_images/guardian_2013-10-11_guardian_d76900f636_img02.jpg,"IPCC media coverage vs. the 97 percent expert consensus on human-caused global warming, courtesy of Media Matters.",,1,chart,0,,0,likely_visualization
guardian_d76900f636,The Guardian,2013,IPCC,Conservative media outlets found guilty of biased global warming coverage,https://www.theguardian.com/environment/climate-consensus-97-per-cent/2013/oct/11/climate-change-political-media-ipcc-coverage,2013-10-11,2021-08-25,3,https://i.guim.co.uk/img/static/sys-images/Guardian/Pix/pictures/2013/10/10/1381367117369/ipcc-chart2_450.jpg?width=445&dpr=1&s=none&crop=none,../Scripts/output/guardian/guardian_images/guardian_2013-10-11_guardian_d76900f636_img03.jpg,"Disproportionate climate contrarian coverage on Fox News as compared to the 97 percent expert consensus on human-caused global warming, courtesy of Media Matters.",,1,chart,0,,0,likely_visualization
guardian_d76900f636,The Guardian,2013,IPCC,Conservative media outlets found guilty of biased global warming coverage,https://www.theguardian.com/environment/climate-consensus-97-per-cent/2013/oct/11/climate-change-political-media-ipcc-coverage,2013-10-11,2021-08-25,4,https://i.guim.co.uk/img/static/sys-images/Guardian/Pix/pictures/2013/10/10/1381366539993/ipcc-chart3_450.jpg?width=445&dpr=1&s=none&crop=none,../Scripts/output/guardian/guardian_images/guardian_2013-10-11_guardian_d76900f636_img04.jpg,"Background of guests who accept and reject human-caused global warming in IPCC media stories, courtesy of Media Matters.",,1,chart,0,,0,likely_visualization
guardian_1b0f7ded44,The Guardian,2013,IPCC,Fox News defends global warming false balance by denying the 97% consensus,https://www.theguardian.com/environment/climate-consensus-97-per-cent/2013/oct/23/climate-change-climate-change-scepticism,2013-10-23,2021-08-25,2,https://i.guim.co.uk/img/static/sys-images/Guardian/Pix/pictures/2013/10/19/1382199101019/ipcc-chart2_450.jpg?width=445&dpr=1&s=none&crop=none,../Scripts/output/guardian/guardian_images/guardian_2013-10-23_guardian_1b0f7ded44_img02.jpg,,,1,chart,0,,0,likely_visualization
guardian_48f2206ab4,The Guardian,2013,"""sea level rise""",Will extreme weather like super typhoon Haiyan become the new norm?,https://www.theguardian.com/environment/climate-consensus-97-per-cent/2013/nov/20/climate-change-haiyan-hurricanes,2013-11-20,2021-08-25,2,https://i.guim.co.uk/img/static/sys-images/Guardian/Pix/pictures/2013/11/19/1384823741150/StrongestHurricanes.jpg?width=445&dpr=1&s=none&crop=none,../Scripts/output/guardian/guardian_images/guardian_2013-11-20_guardian_48f2206ab4_img02.jpg,The 13 strongest tropical cyclones at landfall. 6 have happened since 1998. Source: wunderground.com,wunderground.com,1,source:,0,,0,likely_visualization
guardian_adad640767,The Guardian,2013,"""global temperature""",Warsaw's widening climate chasm could lead to 4C warming,https://www.theguardian.com/environment/planet-oz/2013/nov/21/warsaw-climate-change-conference-global-warming,2013-11-21,2021-08-25,3,https://i.guim.co.uk/img/static/sys-images/Guardian/Pix/pictures/2013/11/21/1384992694379/emissions.jpg?width=445&dpr=1&s=none&crop=none,../Scripts/output/guardian/guardian_images/guardian_2013-11-21_guardian_adad640767_img03.jpg,Carbon dioxide emissions continue to rise: Chart courtesy Global Carbon Project,,1,chart,0,,0,likely_visualization
guardian_4aa60a0deb,The Guardian,2013,"""climate change""",Republicans in Congress got the testimony they wanted to keep playing climate Russian roulette,https://www.theguardian.com/environment/climate-consensus-97-per-cent/2013/dec/26/republicans-congress-climate-change-testimony-risk,2013-12-26,2021-08-25,3,https://i.guim.co.uk/img/static/sys-images/Guardian/Pix/pictures/2013/12/21/1387592233117/WSJ_waning_war450.jpg?width=445&dpr=1&s=none&crop=none,../Scripts/output/guardian/guardian_images/guardian_2013-12-26_guardian_4aa60a0deb_img03.jpg,Decreasing worldwide battle deaths over time. Image source: Wall Street Journal,Wall Street Journal,1,source:,0,,0,likely_visualization
guardian_4633502c27,The Guardian,2013,"""climate change""",It won't be long before the victims of climate change make the west pay,https://www.theguardian.com/commentisfree/2013/dec/29/poorer-countries-climate-change-case,2013-12-29,2021-08-25,1,https://i.guim.co.uk/img/static/sys-images/Guardian/Pix/pictures/2013/12/29/1388334532261/Andrzej-Krauze-301213-011.jpg?width=465&dpr=1&s=none&crop=none,../Scripts/output/guardian/guardian_images/guardian_2013-12-29_guardian_4633502c27_img01.jpg,"‘Legal action is not a substitute for politics, but it could highlight the evidence in an uncomfortable way.' Illustration by Andrzej Krauze",,1,table,0,,0,likely_visualization
guardian_cba48fc157,The Guardian,2013,"""climate change""","2013 was a good year for climate science, but a mixed bag for climate policy",https://www.theguardian.com/environment/climate-consensus-97-per-cent/2013/dec/31/2013-climate-change-science-policy-review,2013-12-31,2021-08-25,3,https://i.guim.co.uk/img/static/sys-images/Guardian/Pix/pictures/2013/12/29/1388276779378/Shakun_Marcott_HadCRUT4_A1B_450.jpg?width=445&dpr=1&s=none&crop=none,../Scripts/output/guardian/guardian_images/guardian_2013-12-31_guardian_cba48fc157_img03.jpg,"The temperature reconstruction of Shakun et al. (green – shifted manually by 0.25 degrees), of Marcott et al. (blue), combined with the instrumental period data from HadCRUT4 (red) and the model average of IPCC projections for the A1B scenario up to 2100 (orange). Created by Jos Hagelaars.",,1,data,0,,0,likely_visualization
guardian_a8c7c6ebfe,The Guardian,2013,"""sea level rise""",How Olympic spirit can turn around the prospects of global warming,https://www.theguardian.com/environment/blog/2013/jan/02/olympics-2012-global-warming,2013-01-02,2021-08-25,1,https://i.guim.co.uk/img/static/sys-images/Environment/Pix/columnists/2013/1/2/1357132360079/100-months-to-save-the-cl-009.jpg?width=465&dpr=1&s=none&crop=none,../Scripts/output/guardian/guardian_images/guardian_2013-01-02_guardian_a8c7c6ebfe_img01.jpg,'There are several seemingly unbelievable things about 2012 that are harder to come to terms with.' Photograph: Kevin Schmidt/Corbis,,1,graph,2,photo|photograph,0,likely_visualization
guardian_aa1f3006a3,The Guardian,2013,"""global temperature""",Wildfires: an astonishing photograph of survivors in an age of catastrophe,https://www.theguardian.com/commentisfree/2013/jan/09/australian-wildfires-astonishing-photograph,2013-01-09,2021-08-25,1,https://i.guim.co.uk/img/static/sys-images/Guardian/Pix/pictures/2013/1/9/1357755438736/Tim-Holmes-010.jpg?width=465&dpr=1&s=none&crop=none,../Scripts/output/guardian/guardian_images/guardian_2013-01-09_guardian_aa1f3006a3_img01.jpg,Tim Holmes (not pictured) and his wife Tammy (second from left) huddled under a jetty for three hours with their grandchildren while their hometown in Tasmania was destroyed by wildfires. Photograph: Tim Holmes/AP,,1,graph,2,photo|photograph,0,likely_visualization
guardian_b7866bb156,The Guardian,2013,"""global temperature""",Global warming: has the rise in temperatures 'paused'? – as it happened,https://www.theguardian.com/environment/blog/2013/jan/09/global-warming-met-office-paused,2013-01-10,2022-05-24,1,https://i.guim.co.uk/img/static/sys-images/Guardian/Pix/pictures/2013/1/9/1357729984401/-570.png?width=465&dpr=1&s=none&crop=none,../Scripts/output/guardian/guardian_images/guardian_2013-01-10_guardian_b7866bb156_img01.png,"Met Office's global annual temperature decadal forecast. Published December, 2011 Photograph: Met Office Photograph: /Met Office",,1,graph,2,photo|photograph,0,likely_visualization
guardian_b7866bb156,The Guardian,2013,"""global temperature""",Global warming: has the rise in temperatures 'paused'? – as it happened,https://www.theguardian.com/environment/blog/2013/jan/09/global-warming-met-office-paused,2013-01-10,2022-05-24,2,https://i.guim.co.uk/img/static/sys-images/Guardian/Pix/pictures/2013/1/9/1357730124210/-570.png?width=465&dpr=1&s=none&crop=none,../Scripts/output/guardian/guardian_images/guardian_2013-01-10_guardian_b7866bb156_img02.png,"Met Office's global annual temperature decadal forecast, December 2012 Photograph: Met Office Photograph: /Met Office",,1,graph,2,photo|photograph,0,likely_visualization
guardian_d6f881d414,The Guardian,2013,"""sea level rise""","Climate change set to make America hotter, drier and more disaster-prone",https://www.theguardian.com/environment/2013/jan/11/climate-change-america-hotter-drier-disaster,2013-01-11,2021-08-25,4,https://i.guim.co.uk/img/static/sys-images/Guardian/About/General/2011/5/3/1304417717598/A-flooded-farm-along-the--007.jpg?width=445&dpr=1&s=none&crop=none,../Scripts/output/guardian/guardian_images/guardian_2013-01-11_guardian_d6f881d414_img04.jpg,"A flooded farm along the Mississippi River is seen in Cairo, Illinois. Photograph: Stephen Lance Dennee/AP",,1,graph,2,photo|photograph,0,likely_visualization
guardian_161389b6a0,The Guardian,2013,"""carbon budget""",Ed Davey: UK companies support decarbonising target,https://www.theguardian.com/environment/2013/jan/15/ed-davey-companies-decarbonising-target,2013-01-15,2021-08-25,1,https://i.guim.co.uk/img/static/sys-images/Guardian/About/General/2012/6/14/1339690021456/Ed-Davey-MP-008.jpg?width=465&dpr=1&s=none&crop=none,../Scripts/output/guardian/guardian_images/guardian_2013-01-15_guardian_161389b6a0_img01.jpg,Ed Davey says a ‘vast majority’ of UK companies want a government-set target on decarbonising the electricity sector. Photograph: Martin Argles for the Guardian,,1,graph,2,photo|photograph,0,likely_visualization
guardian_a9bb4437ce,The Guardian,2013,"""global temperature""","2012 among the 10 warmest years on record, figures show",https://www.theguardian.com/environment/2013/jan/16/2012-10-warmest-years-on-record,2013-01-16,2021-08-25,1,https://i.guim.co.uk/img/static/sys-images/Environment/Pix/columnists/2013/1/16/1358337238983/Global-Temperatures--Long-008.jpg?width=445&dpr=1&s=none&crop=none,../Scripts/output/guardian/guardian_images/guardian_2013-01-16_guardian_a9bb4437ce_img01.jpg,"According to an ongoing temperature analysis conducted by scientists at NASA, the average global temperature on Earth has increased by about 0.8C (1.4F) since 1880, (left 1880-1889) compared to today (right 2000-2009). Photograph: GISS/NASA",,1,graph,2,photo|photograph,0,likely_visualization
guardian_8c4e336da4,The Guardian,2013,"""carbon budget""",China and Australia top list of 'carbon bomb' projects,https://www.theguardian.com/environment/2013/jan/22/china-australia-carbon-bomb,2013-01-22,2021-08-25,1,https://i.guim.co.uk/img/static/sys-images/Environment/Pix/columnists/2013/1/22/1358856065850/Opencast-coal-mine-in-Inn-009.jpg?width=465&dpr=1&s=none&crop=none,../Scripts/output/guardian/guardian_images/guardian_2013-01-22_guardian_8c4e336da4_img01.jpg,"The Shengli opencast coal mine in Xilin Hot, Inner Mongolia. China's five north-western provinces aim to increase coal production by 620m tonnes by 2015. Photograph: Lu Guang/Greenpeace",,1,graph,2,photo|photograph,0,likely_visualization
guardian_dad3b2d51e,The Guardian,2013,"""sea level rise""",Sea change: the Bay of Bengal's vanishing islands,https://www.theguardian.com/global-development/2013/jan/29/sea-change-bay-bengal-vanishing-islands,2013-01-29,2022-10-19,1,https://i.guim.co.uk/img/static/sys-images/Environment/Pix/columnists/2013/1/28/1359395724951/The-island-of-Kutubdia-in-010.jpg?width=465&dpr=1&s=none&crop=none,../Scripts/output/guardian/guardian_images/guardian_2013-01-29_guardian_dad3b2d51e_img01.jpg,"Disappearing world … a project for climate refugees near Cox's Bazar, as people have been forced from islands such as Kutubdia in the Bay of Bengal. Photograph: Salman Saeed",,1,graph,2,photo|photograph,0,likely_visualization
guardian_dad3b2d51e,The Guardian,2013,"""sea level rise""",Sea change: the Bay of Bengal's vanishing islands,https://www.theguardian.com/global-development/2013/jan/29/sea-change-bay-bengal-vanishing-islands,2013-01-29,2022-10-19,2,https://i.guim.co.uk/img/static/sys-images/Guardian/Pix/pictures/2013/1/29/1359470122309/Kutubdia-010.jpg?width=445&dpr=1&s=none&crop=none,../Scripts/output/guardian/guardian_images/guardian_2013-01-29_guardian_dad3b2d51e_img02.jpg,"Kutubdia's cyclone shelter, which doubles up as a school. Photograph: Salman Saeed",,1,graph,2,photo|photograph,0,likely_visualization
guardian_dad3b2d51e,The Guardian,2013,"""sea level rise""",Sea change: the Bay of Bengal's vanishing islands,https://www.theguardian.com/global-development/2013/jan/29/sea-change-bay-bengal-vanishing-islands,2013-01-29,2022-10-19,3,https://i.guim.co.uk/img/static/sys-images/Guardian/Pix/pictures/2013/1/29/1359470654087/Climate-refugees-from-Kut-010.jpg?width=445&dpr=1&s=none&crop=none,../Scripts/output/guardian/guardian_images/guardian_2013-01-29_guardian_dad3b2d51e_img03.jpg,A fishing village on Kutubdia island. Photograph: Salman Saeed,,1,graph,2,photo|photograph,0,likely_visualization
guardian_7107564a4e,The Guardian,2013,"""global temperature""",Secret funding of climate sceptics is not restricted to the US,https://www.theguardian.com/environment/2013/feb/15/secret-funding-climate-sceptics-not-restricted-us,2013-02-15,2021-08-25,1,https://i.guim.co.uk/img/static/sys-images/Environment/Pix/columnists/2013/2/15/1360946024385/Lord-Nigel-Lawson-at-the--008.jpg?width=465&dpr=1&s=none&crop=none,../Scripts/output/guardian/guardian_images/guardian_2013-02-15_guardian_7107564a4e_img01.jpg,"The main lobby group for suchsceptics in the UK is the Global Warming Policy Foundation, established by Lord Lawson. Photograph: Micha Theiner/Rex Features",,1,graph,2,photo|photograph,0,likely_visualization
guardian_a913e16574,The Guardian,2013,"""global temperature""","1.5C rise in temperature enough to start permafrost melt, scientists warn",https://www.theguardian.com/environment/2013/feb/21/temperature-rise-permafrost-melt,2013-02-21,2021-08-25,1,https://i.guim.co.uk/img/static/sys-images/Environment/Pix/pictures/2013/2/21/1361466593873/Frost-crystals-at-the-ent-008.jpg?width=465&dpr=1&s=none&crop=none,../Scripts/output/guardian/guardian_images/guardian_2013-02-21_guardian_a913e16574_img01.jpg,"Frost crystals at the entrance of Ledyanaya Lenskaya cave, Siberia. Photograph: Vladimir V Alexioglo",,1,graph,2,photo|photograph,0,likely_visualization
guardian_731a47649e,The Guardian,2013,"""carbon budget""",Senior Lib Dems to join cross-party rebellion on decarbonisation targets,https://www.theguardian.com/politics/2013/mar/03/liberal-democrats-rebellion-decarbonisation-targets-energy,2013-03-03,2018-02-14,1,https://i.guim.co.uk/img/static/sys-images/Guardian/About/General/2013/3/3/1362320871672/Tim-Farron-010.jpg?width=465&dpr=1&s=none&crop=none,../Scripts/output/guardian/guardian_images/guardian_2013-03-03_guardian_731a47649e_img01.jpg,"The president of the Liberal Democrats, Tim Farron, is among senior party members to join a cross-party rebellion to establish decarbonisation targets. Photograph: Martin Argles for the Guardian",,1,graph,2,photo|photograph,0,likely_visualization
guardian_03091738ef,The Guardian,2013,IPCC,India's villagers reap visible benefits from solar electricity scheme,https://www.theguardian.com/global-development/poverty-matters/2013/mar/06/india-solar-electricity,2013-03-06,2022-10-19,1,https://i.guim.co.uk/img/static/sys-images/Environment/Pix/columnists/2013/2/15/1360943751126/MDG--Energy-NGO-Teri-Indi-017.jpg?width=465&dpr=1&s=none&crop=none,../Scripts/output/guardian/guardian_images/guardian_2013-03-06_guardian_03091738ef_img01.jpg,"More than 2,000 villages have been provided with 'charging stations', each offering 50 or so solar LED lanterns. Photograph: Ahona Datta Gupta",,1,graph,2,photo|photograph,0,likely_visualization
guardian_1769c5ddf9,The Guardian,2013,IPCC,Today's media stories from the papers,https://www.theguardian.com/media/2013/mar/06/1,2013-03-06,2016-08-11,1,https://i.guim.co.uk/img/static/sys-images/Guardian/Pix/pictures/2013/3/5/1362515035762/Labour-peer-Lord-Puttnam-010.jpg?width=445&dpr=1&s=none&crop=none,../Scripts/output/guardian/guardian_images/guardian_2013-03-06_guardian_1769c5ddf9_img01.jpg,Lord Puttnam's amendment to the defamation bill would establish a statutory recognition body and an arbiter for disputes. Photograph: Rex Features,,1,graph,2,photo|photograph,0,likely_visualization
guardian_d889571f54,The Guardian,2013,"""global temperature""",Climate change poses a far greater threat to Scotland's future oil revenues,https://www.theguardian.com/politics/scottish-independence-blog/2013/mar/07/scotland-independence-oil-climate,2013-03-07,2021-08-25,1,https://i.guim.co.uk/img/static/sys-images/Business/Pix/pictures/2013/1/9/1357730269982/A-North-Sea-oil-rig-008.jpg?width=465&dpr=1&s=none&crop=none,../Scripts/output/guardian/guardian_images/guardian_2013-03-07_guardian_d889571f54_img01.jpg,North Sea oil is again becoming a major battle ground for supporters of Scottish independence Photograph: Ron Scott / Alamy/Alamy,,1,graph,2,photo|photograph,0,likely_visualization
guardian_cba14455ef,The Guardian,2013,IPCC,South Wales police under investigation over handling of crimes against women,https://www.theguardian.com/cardiff/2013/mar/10/south-wales-police-under-investigation,2013-03-10,2018-01-11,1,https://i.guim.co.uk/img/static/sys-images/Guardian/Pix/pictures/2013/3/10/1362937081525/Domestic-abuse-victim-008.jpg?width=465&dpr=1&s=none&crop=none,../Scripts/output/guardian/guardian_images/guardian_2013-03-10_guardian_cba14455ef_img01.jpg,A woman who alleges to be a victim of domestic abuse says her husband who serves in the South Wales force was tipped off by colleagues that she had reported him. Photograph: Dimitris Legakis/Athena Pictures,,1,graph,2,photo|photograph,0,likely_visualization
guardian_7fa3abf999,The Guardian,2013,IPCC,Body of man crushed by cement mixer to be exhumed by detectives,https://www.theguardian.com/uk/2013/mar/14/body-cement-mixer-exhumed-detectives,2013-03-14,2017-12-01,1,https://i.guim.co.uk/img/static/sys-images/Guardian/Pix/pictures/2013/3/14/1363277857373/Lee-Balkwells-parents-009.jpg?width=465&dpr=1&s=none&crop=none,../Scripts/output/guardian/guardian_images/guardian_2013-03-14_guardian_7fa3abf999_img01.jpg,"Lee Balkwell's parents, Les and Jackie, who have kept up pressure on police since their son's death. Photograph: John Mclellan",,1,graph,2,photo|photograph,0,likely_visualization
guardian_58ce37b284,The Guardian,2013,IPCC,Police community support officer guilty of sex charges,https://www.theguardian.com/uk/2013/mar/19/police-community-support-officer-guilty,2013-03-19,2017-12-01,1,https://i.guim.co.uk/img/static/sys-images/Guardian/Pix/pixies/2013/3/19/1363727240365/Peter-Bunyan-008.jpg?width=465&dpr=1&s=none&crop=none,../Scripts/output/guardian/guardian_images/guardian_2013-03-19_guardian_58ce37b284_img01.jpg,"Peter Bunyan, a Devon and Cornwall police community support officer, has been jailed for seven years. Photograph: Ben Birchall/PA",,1,graph,2,photo|photograph,0,likely_visualization
guardian_961f8bd407,The Guardian,2013,IPCC,Why geoengineering has immediate appeal to China,https://www.theguardian.com/environment/2013/mar/22/geoengineering-china-climate-change,2013-03-22,2021-08-27,1,https://i.guim.co.uk/img/static/sys-images/Environment/Pix/columnists/2010/11/10/1289389321529/Geoengineering-or-climate-006.jpg?width=465&dpr=1&s=none&crop=none,../Scripts/output/guardian/guardian_images/guardian_2013-03-22_guardian_961f8bd407_img01.jpg,One of the geoengineering solutions to climate change: marine cloud whitening (spraying seawater droplets into marine clouds to make them reflect more sunlight). Photograph: Nasa,,1,graph,2,photo|photograph,0,likely_visualization
guardian_b1dbc455d5,The Guardian,2013,IPCC,IPCC report on Mark Duggan shooting to be completed next month,https://www.theguardian.com/uk/2013/mar/25/ipcc-report-mark-duggan-shooting,2013-03-25,2018-01-11,1,https://i.guim.co.uk/img/static/sys-images/Guardian/Pix/pictures/2013/3/25/1364233149670/Mark-Duggan-009.jpg?width=465&dpr=1&s=none&crop=none,../Scripts/output/guardian/guardian_images/guardian_2013-03-25_guardian_b1dbc455d5_img01.jpg,"Mark Duggan, who was shot dead by police in north London in August 2011. Photograph: Rex Features",,1,graph,2,photo|photograph,0,likely_visualization
guardian_53b0a92caa,The Guardian,2013,IPCC,Police officers arrested on suspicion of perjury after 2008 death in custody,https://www.theguardian.com/uk/2013/mar/27/police-arrested-custody-sean-rigg,2013-03-27,2018-01-11,1,https://i.guim.co.uk/img/static/sys-images/Guardian/Pix/pictures/2013/3/27/1364413302167/Sean-Rigg-009.jpg?width=465&dpr=1&s=none&crop=none,../Scripts/output/guardian/guardian_images/guardian_2013-03-27_guardian_53b0a92caa_img01.jpg,"Sean Rigg, who died in police custody at Brixton police station in south London. Photograph: Hickman & Rose Solicitors/PA",,1,graph,2,photo|photograph,0,likely_visualization
guardian_55b032a9d8,The Guardian,2013,"""global temperature""",Global warming predictions prove accurate,https://www.theguardian.com/environment/2013/mar/27/climate-change-model-global-warming,2013-03-27,2021-08-25,1,https://i.guim.co.uk/img/static/sys-images/Environment/Pix/columnists/2013/3/27/1364402999247/Global-warming-prediction-009.jpg?width=465&dpr=1&s=none&crop=none,../Scripts/output/guardian/guardian_images/guardian_2013-03-27_guardian_55b032a9d8_img01.jpg,Predictions of rising temperatures due to human-induced climate change have proved accurate. Photograph: Graham Turner for the Guardian,,1,graph,2,photo|photograph,0,likely_visualization
guardian_55b032a9d8,The Guardian,2013,"""global temperature""",Global warming predictions prove accurate,https://www.theguardian.com/environment/2013/mar/27/climate-change-model-global-warming,2013-03-27,2021-08-25,2,https://i.guim.co.uk/img/static/sys-images/Environment/Pix/columnists/2013/3/27/1364398212810/-Climate-forecast-and-obs-001.jpg?width=445&dpr=1&s=none&crop=none,../Scripts/output/guardian/guardian_images/guardian_2013-03-27_guardian_55b032a9d8_img02.jpg,The climate forecast published in 1999 is showed by the dashed black line. Actual temperatures are shown by the red line (as a 10-year mean) and yellow diamonds (for individual years). The graph shows that temperatures rose somewhat faster than predicted in the early 2000s before returning to the forecasted trend in the last few years. Photograph: Nature Geoscience,,1,graph,2,photo|photograph,0,likely_visualization
guardian_0c64d25f0d,The Guardian,2013,IPCC,Watchdog rejects police report on officers' 'racist attack' on firefighter,https://www.theguardian.com/uk/2013/mar/28/watchdog-rejects-police-racist-firefighter-claims,2013-03-28,2018-01-11,1,https://i.guim.co.uk/img/static/sys-images/Guardian/Pix/pictures/2013/3/28/1364473224484/Edric-Kennedy-Macfoy-010.jpg?width=465&dpr=1&s=none&crop=none,../Scripts/output/guardian/guardian_images/guardian_2013-03-28_guardian_0c64d25f0d_img01.jpg,Edric Kennedy-Macfoy has accused police of behaving like 'wild animals'. Photograph: Casey Moore for the Guardian,,1,graph,2,photo|photograph,0,likely_visualization
guardian_2ff6d5d25d,The Guardian,2013,"""sea level rise""",Americans believe in climate change risks but won't pay to fix them – survey,https://www.theguardian.com/environment/2013/mar/28/americans-climate-change-risk-cost,2013-03-28,2021-08-25,1,https://i.guim.co.uk/img/static/sys-images/Guardian/Pix/pictures/2013/3/28/1364495393596/us-coast-climate-change-008.jpg?width=465&dpr=1&s=none&crop=none,../Scripts/output/guardian/guardian_images/guardian_2013-03-28_guardian_2ff6d5d25d_img01.jpg,Brian Hajeski surveys the debris of a home that washed in coastal New Jersey the morning after superstorm Sandy rolled through. Photograph: Julio Cortez/AP,,1,graph,2,photo|photograph,0,likely_visualization
guardian_8b5c1a2ce2,The Guardian,2013,IPCC,Norman Bettison 'has case to answer' over Hillsborough report response,https://www.theguardian.com/uk/2013/mar/28/norman-bettison-hillsborough-report-ipcc,2013-03-28,2018-01-11,1,https://i.guim.co.uk/img/static/sys-images/Guardian/Pix/pictures/2013/3/28/1364464666805/Norman-Bettison-010.jpg?width=465&dpr=1&s=none&crop=none,../Scripts/output/guardian/guardian_images/guardian_2013-03-28_guardian_8b5c1a2ce2_img01.jpg,"Sir Norman Bettison, who left the police in the aftermath of the damning Hillsborough report last year, cannot therefore be disciplined or dismissed. Photograph: Anna Gowthorpe/PA",,1,graph,2,photo|photograph,0,likely_visualization
guardian_d000baf775,The Guardian,2013,IPCC,'Plebgate' file passed to prosecutors contains no evidence that police lied,https://www.theguardian.com/politics/2013/mar/28/lebgate-file-contains-no-evidence-that-police-lied,2013-03-28,2018-01-11,1,https://i.guim.co.uk/img/static/sys-images/Guardian/About/General/2013/3/28/1364501313101/Andrew-Mitchell-008.jpg?width=465&dpr=1&s=none&crop=none,../Scripts/output/guardian/guardian_images/guardian_2013-03-28_guardian_d000baf775_img01.jpg,Former chief whip Andrew Mitchell. Scotland Yard has passed a file of evidence linked to the 'plebgate' scandal to the Crown Prosecution Service. Photograph: Nick Ansell/PA,,1,graph,2,photo|photograph,0,likely_visualization
guardian_255f487d24,The Guardian,2013,"""1.5C""","A glorious winter, but the Alps face a warmer world – bringing huge change",https://www.theguardian.com/environment/2013/mar/31/alps-skiing-climate-change,2013-03-31,2021-08-27,1,https://i.guim.co.uk/img/static/sys-images/Guardian/Pix/pictures/2013/3/30/1364647007363/Skiing-on-the-alpine-slop-010.jpg?width=465&dpr=1&s=none&crop=none,../Scripts/output/guardian/guardian_images/guardian_2013-03-31_guardian_255f487d24_img01.jpg,Skiing on the alpine slopes near Chamonix: low-altitude snowfall has been declining gently but steadily since the 1960s. Photograph: Image Broker/Rex Features,,1,graph,2,photo|photograph,0,likely_visualization
guardian_46a78755b1,The Guardian,2013,"""global temperature""",Ex-Ukip MEP: Our climate change policy was 'very amateurish',https://www.theguardian.com/environment/2013/apr/02/ukip-mep-climate-change-policy,2013-04-02,2024-11-12,1,https://i.guim.co.uk/img/static/sys-images/Environment/Pix/columnists/2012/12/6/1354796662825/COP18-Doha--Lord-Monckton-006.jpg?width=465&dpr=1&s=none&crop=none,../Scripts/output/guardian/guardian_images/guardian_2013-04-02_guardian_46a78755b1_img01.jpg,"Lord Monckton, the climate change spokesman for Ukip. Photograph: CFACT",,1,graph,2,photo|photograph,0,likely_visualization
guardian_40502c9fd0,The Guardian,2013,IPCC,Andrew Mitchell fails to get new 'plebgate' inquiry,https://www.theguardian.com/politics/2013/apr/05/andrew-mitchell-fails-plebgate-inquiry,2013-04-05,2018-01-11,1,https://i.guim.co.uk/img/static/sys-images/Guardian/About/General/2013/4/5/1365187383819/IPCC-chair-Deborah-Glass--008.jpg?width=465&dpr=1&s=none&crop=none,../Scripts/output/guardian/guardian_images/guardian_2013-04-05_guardian_40502c9fd0_img01.jpg,"IPCC chair Deborah Glass and Conservative MP Andrew Mitchell, who are at odds over the alleged leaking of the Met's report. Photograph: Pa",,1,graph,2,photo|photograph,0,likely_visualization
guardian_6d2ebb9ab8,The Guardian,2013,IPCC,Hillsborough service sees truth lift spirits amid remembrance of the 96,https://www.theguardian.com/football/blog/2013/apr/16/hillsborough-service-truth-lifts-spirits-96,2013-04-16,2017-02-20,1,https://i.guim.co.uk/img/static/sys-images/Sport/Pix/columnists/2013/4/16/1366112423589/Hillsborough-disaster-rem-010.jpg?width=465&dpr=1&s=none&crop=none,../Scripts/output/guardian/guardian_images/guardian_2013-04-16_guardian_6d2ebb9ab8_img01.jpg,"The Everton chairman, Bill Kenwright (left), paid tribute to the spirit of the mums in the battle to reveal the truth. Photograph: Pa Wire/PA",,1,graph,2,photo|photograph,0,likely_visualization
guardian_cfc881c860,The Guardian,2013,"""global temperature""",Why can't we quit fossil fuels?,https://www.theguardian.com/environment/2013/apr/17/why-cant-we-give-up-fossil-fuels,2013-04-17,2021-08-25,1,https://i.guim.co.uk/img/static/sys-images/Guardian/Pix/pictures/2013/4/17/1366216776275/A-coal-fired-power-statio-010.jpg?width=465&dpr=1&s=none&crop=none,../Scripts/output/guardian/guardian_images/guardian_2013-04-17_guardian_cfc881c860_img01.jpg,"A coal-fired power station in Gelsenkirchen, Germany dwarfs a wind turbine in the foreground. Photograph: Image Broker/Rex Features",,1,graph,2,photo|photograph,0,likely_visualization
guardian_cfc881c860,The Guardian,2013,"""global temperature""",Why can't we quit fossil fuels?,https://www.theguardian.com/environment/2013/apr/17/why-cant-we-give-up-fossil-fuels,2013-04-17,2021-08-25,2,https://i.guim.co.uk/img/static/sys-images/Guardian/Pix/pictures/2013/4/17/1366217095262/Impact-of-climate-change--010.jpg?width=445&dpr=1&s=none&crop=none,../Scripts/output/guardian/guardian_images/guardian_2013-04-17_guardian_cfc881c860_img02.jpg,Impact of climate change: flooding in India. Photograph: Gideon Mendel/Corbis for Actionaid,,1,graph,2,photo|photograph,0,likely_visualization
guardian_cfc881c860,The Guardian,2013,"""global temperature""",Why can't we quit fossil fuels?,https://www.theguardian.com/environment/2013/apr/17/why-cant-we-give-up-fossil-fuels,2013-04-17,2021-08-25,3,https://i.guim.co.uk/img/static/sys-images/Guardian/Pix/pictures/2013/4/17/1366219149837/C02-emissions-since-1850--001.jpg?width=445&dpr=1&s=none&crop=none,../Scripts/output/guardian/guardian_images/guardian_2013-04-17_guardian_cfc881c860_img03.jpg,CO2 emissions since 1850 (red); exponential growth (blue); cuts to hit climate target (dashed). Photograph: guardian.co.uk,,1,graph,2,photo|photograph,0,likely_visualization
guardian_cfc881c860,The Guardian,2013,"""global temperature""",Why can't we quit fossil fuels?,https://www.theguardian.com/environment/2013/apr/17/why-cant-we-give-up-fossil-fuels,2013-04-17,2021-08-25,4,https://i.guim.co.uk/img/static/sys-images/Guardian/Pix/pictures/2013/4/17/1366217207371/Impact-of-climate-change--010.jpg?width=445&dpr=1&s=none&crop=none,../Scripts/output/guardian/guardian_images/guardian_2013-04-17_guardian_cfc881c860_img04.jpg,Impact of climate change: ice melt in Antarctica. Photograph: Peter McBride/Barcroft Media,,1,graph,2,photo|photograph,0,likely_visualization
guardian_2d23a41ac7,The Guardian,2013,"""carbon budget""",Leading companies invest $674 billion in potentially worthless fossil fuels,https://www.theguardian.com/sustainable-business/companies-invest-worthless-fossil-fuels,2013-04-19,2013-04-19,1,https://i.guim.co.uk/img/static/sys-images/Guardian/Pix/pictures/2013/4/19/1366394434072/Offshore-oil-and-gas-prod-010.jpg?width=465&dpr=1&s=none&crop=none,../Scripts/output/guardian/guardian_images/guardian_2013-04-19_guardian_2d23a41ac7_img01.jpg,"Offshore oil and gas production in the Cook Inlet Oilfield of Alaska. Companies are investing hundreds of billions into finding and developing fossil fuel reserves. Photograph: P.A. Lawrence, LLC. / Alamy/Alamy",,1,graph,2,photo|photograph,0,likely_visualization
guardian_5d0a9b953d,The Guardian,2013,"""global temperature""",How the burning of fossil fuels was linked to a warming world in 1938,https://www.theguardian.com/environment/blog/2013/apr/22/guy-callendar-climate-fossil-fuels,2013-04-22,2021-08-25,1,https://i.guim.co.uk/img/static/sys-images/Environment/Pix/columnists/2013/4/22/1366630290195/Leo-blog--English-steam-e-009.jpg?width=465&dpr=1&s=none&crop=none,../Scripts/output/guardian/guardian_images/guardian_2013-04-22_guardian_5d0a9b953d_img01.jpg,English engineer Guy Stewart Callendar who expanded on the work Swedish scientist Svante Arrhenius and developed the theory called Callendar effect that linked rising carbon dioxide concentrations in the atmosphere to global temperature. Photograph: University of East Anglia Archives,,1,graph,2,photo|photograph,0,likely_visualization
guardian_ed730edce4,The Guardian,2013,"""global temperature""",10 of the worst examples of management-speak,https://www.theguardian.com/books/2013/apr/25/top-10-worst-management-speak,2013-04-25,2017-11-29,1,https://i.guim.co.uk/img/static/sys-images/Money/Pix/pictures/2011/10/24/1319451830262/An-unhappy-businessman-007.jpg?width=465&dpr=1&s=none&crop=none,../Scripts/output/guardian/guardian_images/guardian_2013-04-25_guardian_ed730edce4_img01.jpg,Blue sky thinking? Photograph: i love images/Alamy,,1,graph,2,photo|photograph,0,likely_visualization
guardian_fd7284b709,The Guardian,2013,IPCC,Man dies after police Taser incident,https://www.theguardian.com/uk/2013/apr/26/man-dies-police-taser,2013-04-26,2017-09-20,1,https://i.guim.co.uk/img/static/sys-images/Guardian/Pix/pictures/2013/4/26/1366999768849/Andrew-Pimlott-death-008.jpg?width=465&dpr=1&s=none&crop=none,../Scripts/output/guardian/guardian_images/guardian_2013-04-26_guardian_fd7284b709_img01.jpg,"Andrew Pimlott, who died from fatal burns after he was shot by a Taser fired by a police officer. Photograph: PA",,1,graph,2,photo|photograph,0,likely_visualization
guardian_fed024180b,The Guardian,2013,"""net zero""",How the National Football League became a champion of sustainability,https://www.theguardian.com/sustainable-business/nfl-champion-sustainability,2013-04-26,2013-05-14,1,https://i.guim.co.uk/img/static/sys-images/Guardian/Pix/pictures/2013/4/25/1366895505544/Candlestick-Park-during-p-008.jpg?width=465&dpr=1&s=none&crop=none,../Scripts/output/guardian/guardian_images/guardian_2013-04-26_guardian_fed024180b_img01.jpg,"Candlestick Park during a power outage. The San Francisco 49ers are due to move to a new, more sustainable stadium in 2014. Photograph: Jeff Chiu/AP",,1,graph,2,photo|photograph,0,likely_visualization
guardian_6441737beb,The Guardian,2013,"""sea level rise""",Hurricane Sandy dumped 11bn gallons of raw sewage in eastern US waterways,https://www.theguardian.com/world/2013/apr/30/hurricane-sandy-raw-sewage-eastern-us,2013-04-30,2024-12-12,1,https://i.guim.co.uk/img/static/sys-images/Guardian/Pix/pictures/2012/11/6/1352221063865/Hurricane-Sandy-010.jpg?width=465&dpr=1&s=none&crop=none,../Scripts/output/guardian/guardian_images/guardian_2013-04-30_guardian_6441737beb_img01.jpg,"Destruction caused by Hurricane Sandy in Breezy Point, New York. Photograph: Julie Hau/ Julie Hau/Demotix/Corbis",,1,graph,2,photo|photograph,0,likely_visualization
guardian_5d8b330cfc,The Guardian,2013,"""global temperature""",Meteorite crater reveals future of a globally warmed world,https://www.theguardian.com/environment/2013/may/09/meteorite-crater-global-warming,2013-05-09,2021-08-25,1,https://i.guim.co.uk/img/static/sys-images/Environment/Pix/columnists/2013/5/9/1368109048971/Lake-El-gygytgyn-located--008.jpg?width=465&dpr=1&s=none&crop=none,../Scripts/output/guardian/guardian_images/guardian_2013-05-09_guardian_5d8b330cfc_img01.jpg,"Satellite view of lake El'gygytgyn the largest unglaciated deep lake in the Arctic, located in central Chukotka, in north-east Siberia, Russia. Photograph: Landsat 7/NASA",,1,graph,2,photo|photograph,0,likely_visualization
guardian_d8abb3583c,The Guardian,2013,IPCC,No justice in legal aid changes,https://www.theguardian.com/law/2013/may/09/no-justice-legal-aid-changes,2013-05-09,2017-12-01,1,https://i.guim.co.uk/img/static/sys-images/GUARDIAN/Pix/pictures/2013/5/9/1368110511612/Statue-of-Justice-Old-Bai-008.jpg?width=465&dpr=1&s=none&crop=none,../Scripts/output/guardian/guardian_images/guardian_2013-05-09_guardian_d8abb3583c_img01.jpg,Statue of Justice on top of the Old Bailey. Photograph: Londonstills.com / Alamy/Alamy,,1,graph,2,photo|photograph,0,likely_visualization
guardian_3131bd337e,The Guardian,2013,IPCC,Global carbon dioxide in atmosphere passes milestone level,https://www.theguardian.com/environment/2013/may/10/carbon-dioxide-highest-level-greenhouse-gas,2013-05-10,2021-08-25,1,https://i.guim.co.uk/img/static/sys-images/Guardian/About/General/2013/3/8/1362739113382/MAUNA-LOA-OBSERVATORY-010.jpg?width=465&dpr=1&s=none&crop=none,../Scripts/output/guardian/guardian_images/guardian_2013-05-10_guardian_3131bd337e_img01.jpg,"Hawaii's Mauna Loa observatory, where record CO2 increases are being documented. Photograph: Richard Vogel/AP",,1,graph,2,photo|photograph,0,likely_visualization
guardian_f214c03c31,The Guardian,2013,IPCC,Jimmy Savile report clears West Yorkshire police of shielding star,https://www.theguardian.com/media/2013/may/10/jimmy-savile-police-report,2013-05-10,2016-08-11,1,https://i.guim.co.uk/img/static/sys-images/Guardian/Pix/pictures/2013/5/10/1368168941393/Jimmy-Savile-010.jpg?width=465&dpr=1&s=none&crop=none,../Scripts/output/guardian/guardian_images/guardian_2013-05-10_guardian_f214c03c31_img01.jpg,The West Yorkshire police report admits that intelligence about Jimmy Savile’s offending was mishandled a number of times. Photograph: Murdo Macleod,,1,graph,2,photo|photograph,0,likely_visualization
guardian_d8ffe6b004,The Guardian,2013,"""sea level rise""",Floods could 'overwhelm Thames Barrier by end of century',https://www.theguardian.com/environment/2013/may/14/floods-thames-barrier-sea-level,2013-05-14,2021-08-25,1,https://i.guim.co.uk/img/static/sys-images/Guardian/Pix/pictures/2013/4/29/1367254010842/The-Thames-Barrier-008.jpg?width=465&dpr=1&s=none&crop=none,../Scripts/output/guardian/guardian_images/guardian_2013-05-14_guardian_d8ffe6b004_img01.jpg,"Floods could overwhelm the Thames Barrier if nothing is done to bolster defences, warn scientists. Photograph: Rex Features",,1,graph,2,photo|photograph,0,likely_visualization
guardian_50a9c2a6bb,The Guardian,2013,"""carbon budget""",National Trust Wales: king of the eco-castle,https://www.theguardian.com/sustainable-business/national-trust-wales-eco-castle,2013-05-16,2013-05-16,1,https://i.guim.co.uk/img/static/sys-images/Guardian/About/General/2013/4/25/1366891495671/Penrhyn-castle-Wales--008.jpg?width=465&dpr=1&s=none&crop=none,../Scripts/output/guardian/guardian_images/guardian_2013-05-16_guardian_50a9c2a6bb_img01.jpg,The 19th century neo-Norman Penrhyn castle is among many properties owned by National Trust Wales. Photograph: Matthew Antrobus/Alamy,,1,graph,2,photo|photograph,0,likely_visualization
guardian_7447279816,The Guardian,2013,IPCC,Police watchdog criticised for errors in investigation into death in custody,https://www.theguardian.com/politics/2013/may/17/police-watchdog-criticised-investigation-death,2013-05-16,2018-01-11,1,https://i.guim.co.uk/img/static/sys-images/Guardian/Pix/pictures/2013/5/16/1368723090396/Sean-Rigg-009.jpg?width=465&dpr=1&s=none&crop=none,../Scripts/output/guardian/guardian_images/guardian_2013-05-16_guardian_7447279816_img01.jpg,"Sean Rigg, who died at Brixton police station, south London, in 2008. Photograph: Hickman & Rose Solicitors/PA",,1,graph,2,photo|photograph,0,likely_visualization
guardian_8df57908c2,The Guardian,2013,IPCC,Survey finds 97% of climate science papers agree warming is man-made,https://www.theguardian.com/environment/climate-consensus-97-per-cent/2013/may/16/climate-change-scienceofclimatechange,2013-05-16,2021-08-25,1,https://i.guim.co.uk/img/static/sys-images/Environment/Pix/columnists/2010/2/9/1265725312987/Hacked-climate-science-em-006.jpg?width=465&dpr=1&s=none&crop=none,../Scripts/output/guardian/guardian_images/guardian_2013-05-16_guardian_8df57908c2_img01.jpg,Porters carry cores of ancient glacial ice down from the 6542m summit of Mt Sajama in Bolivia. 97% of scientific papers taking a position on climate change say it is man-made. Photograph: George Steinmetz/Corbis,,1,graph,2,photo|photograph,0,likely_visualization
guardian_f0d5d7c562,The Guardian,2013,IPCC,'One Nation' Labour's policy blueprint,https://www.theguardian.com/politics/2013/may/16/one-nation-labour-policy-blueprint,2013-05-16,2017-12-01,1,https://i.guim.co.uk/img/static/sys-images/Guardian/Pix/pictures/2013/5/16/1368736085928/Ed-Miliband-010.jpg?width=465&dpr=1&s=none&crop=none,../Scripts/output/guardian/guardian_images/guardian_2013-05-16_guardian_f0d5d7c562_img01.jpg,"Labour leader Ed Miliband talks to members of the public in Hastings, East Sussex. Photograph: Gareth Fuller/PA",,1,graph,2,photo|photograph,0,likely_visualization
guardian_4e1901e40f,The Guardian,2013,IPCC,Obama's Arctic strategy sets off a climate time bomb,https://www.theguardian.com/environment/earth-insight/2013/may/17/obama-arctic-energy-security-climate,2013-05-17,2021-08-25,1,https://i.guim.co.uk/img/static/sys-images/Environment/Pix/columnists/2013/1/7/1357557094743/Sheel-oil-Arctic-drilling-006.jpg?width=465&dpr=1&s=none&crop=none,../Scripts/output/guardian/guardian_images/guardian_2013-05-17_guardian_4e1901e40f_img01.jpg,"Shell's drilling rig Kulluk aground on the southeast shore of Sitkalidak Island about 40 miles southwest of Kodiak City, Alaska, January 4, 2013. Photograph: Zachary Painter/USCG",,1,graph,2,photo|photograph,0,likely_visualization
guardian_5322aeaef7,The Guardian,2013,IPCC,Family of Maria Stubbings call for inquiry into police failings,https://www.theguardian.com/society/2013/may/21/murdered-domestic-violence-victim-inquiry-police-failings,2013-05-20,2017-12-01,1,https://i.guim.co.uk/img/static/sys-images/Guardian/Pix/pictures/2013/5/20/1369078334877/Maria-Stubbings-008.jpg?width=465&dpr=1&s=none&crop=none,../Scripts/output/guardian/guardian_images/guardian_2013-05-20_guardian_5322aeaef7_img01.jpg,"Maria Stubbings was murdered in her home in Chelmsford, Essex, in ­December 2008 by her former boyfriend Marc ­Chivers. Photograph: Essex police/PA",,1,graph,2,photo|photograph,0,likely_visualization
guardian_5322aeaef7,The Guardian,2013,IPCC,Family of Maria Stubbings call for inquiry into police failings,https://www.theguardian.com/society/2013/may/21/murdered-domestic-violence-victim-inquiry-police-failings,2013-05-20,2017-12-01,2,https://i.guim.co.uk/img/static/sys-images/Guardian/Pix/pictures/2013/5/20/1369078440032/Mark-Chivers-008.jpg?width=445&dpr=1&s=none&crop=none,../Scripts/output/guardian/guardian_images/guardian_2013-05-20_guardian_5322aeaef7_img02.jpg,Marc Chivers had previously served a sentence in Germany for the murder of a girlfriend. Photograph: Essex police/PA,,1,graph,2,photo|photograph,0,likely_visualization
guardian_5322aeaef7,The Guardian,2013,IPCC,Family of Maria Stubbings call for inquiry into police failings,https://www.theguardian.com/society/2013/may/21/murdered-domestic-violence-victim-inquiry-police-failings,2013-05-20,2017-12-01,3,https://i.guim.co.uk/img/static/sys-images/Guardian/Pix/pictures/2013/5/20/1369078637524/Maria-Stubbings-relatives-008.jpg?width=445&dpr=1&s=none&crop=none,../Scripts/output/guardian/guardian_images/guardian_2013-05-20_guardian_5322aeaef7_img03.jpg,"Inquiry plea – from left: Manuel Fernandez, Celia Peachey, and Bengi Stubbings. Photograph: Julian Nieman",,1,graph,2,photo|photograph,0,likely_visualization
guardian_6ccca70242,The Guardian,2013,IPCC,Leslie Thomas: a voice for the dead,https://www.theguardian.com/society/2013/may/21/leslie-thomas-lawyer-police-deaths-custody,2013-05-21,2018-01-11,1,https://i.guim.co.uk/img/static/sys-images/Guardian/Pix/pictures/2013/5/17/1368807828906/leslie-thomas-deaths-cust-008.jpg?width=465&dpr=1&s=none&crop=none,../Scripts/output/guardian/guardian_images/guardian_2013-05-21_guardian_6ccca70242_img01.jpg,"'Where somebody dies in the hands of the state, the only people likely to probe are the family and those who represent the family' - Leslie Thomas. Photograph: David Levene for the Guardian",,1,graph,2,photo|photograph,0,likely_visualization
guardian_0518ff2410,The Guardian,2013,IPCC,Woolwich attack: aftermath and reaction to killing on London street – as it happened,https://www.theguardian.com/uk/2013/may/22/woolwich-two-shot-in-police-incident-live-coverage,2013-05-22,2017-09-20,1,https://i.guim.co.uk/img/static/sys-images/Guardian/Pix/pictures/2013/5/22/1369249575274/0d612fe5-f539-4fcd-af85-61cf8d70cd54-620x372.jpeg?width=465&dpr=1&s=none&crop=none,../Scripts/output/guardian/guardian_images/guardian_2013-05-22_guardian_0518ff2410_img01.jpeg,The second suspect is seen speaking to a passerby holding a knife. At the left of the picture is the car the suspects crashed before the attack. Photograph: none/pixel8000 Photograph: /pixel8000,,1,graph,2,photo|photograph,0,likely_visualization
guardian_0518ff2410,The Guardian,2013,IPCC,Woolwich attack: aftermath and reaction to killing on London street – as it happened,https://www.theguardian.com/uk/2013/may/22/woolwich-two-shot-in-police-incident-live-coverage,2013-05-22,2017-09-20,2,https://i.guim.co.uk/img/static/sys-images/Guardian/Pix/pictures/2013/5/22/1369249207052/6c8f099f-a8d1-4a54-8ca8-a3ff9270a625-2060x1236.jpeg?width=465&dpr=1&s=none&crop=none,../Scripts/output/guardian/guardian_images/guardian_2013-05-22_guardian_0518ff2410_img02.jpeg,"The Royal Artillery Barracks near the scene in Woolwich, south London where a man was killed and two others were taken to hospital with gunshot wounds following a incident understood to have involved a serving soldier. Photograph: Nick Ansell/PA Photograph: Nick Ansell/PA",,1,graph,2,photo|photograph,0,likely_visualization
guardian_0518ff2410,The Guardian,2013,IPCC,Woolwich attack: aftermath and reaction to killing on London street – as it happened,https://www.theguardian.com/uk/2013/may/22/woolwich-two-shot-in-police-incident-live-coverage,2013-05-22,2017-09-20,4,https://i.guim.co.uk/img/static/sys-images/Guardian/Pix/Gallery_Images/2013/5/22/1369244428817/Woolwich-shooting-inciden-004.jpg?width=465&dpr=1&s=none&crop=none,../Scripts/output/guardian/guardian_images/guardian_2013-05-22_guardian_0518ff2410_img04.jpg,suspected killer taken ITV news Photograph: ITV News Photograph: ITV News,,1,graph,2,photo|photograph,0,likely_visualization
guardian_0518ff2410,The Guardian,2013,IPCC,Woolwich attack: aftermath and reaction to killing on London street – as it happened,https://www.theguardian.com/uk/2013/may/22/woolwich-two-shot-in-police-incident-live-coverage,2013-05-22,2017-09-20,5,https://i.guim.co.uk/img/static/sys-images/Guardian/Pix/online/2013/5/22/1369239414899/Police-at-the-scene-in-Wo-008.jpg?width=465&dpr=1&s=none&crop=none,../Scripts/output/guardian/guardian_images/guardian_2013-05-22_guardian_0518ff2410_img05.jpg,"Police at the scene in Woolwich, south London, where a man was killed and two others were taken to hospital with gunshot wounds following a 'serious incident' understood to have involved a serving soldier. Photograph: BBC News Photograph: BBC",,1,graph,2,photo|photograph,0,likely_visualization
guardian_0518ff2410,The Guardian,2013,IPCC,Woolwich attack: aftermath and reaction to killing on London street – as it happened,https://www.theguardian.com/uk/2013/may/22/woolwich-two-shot-in-police-incident-live-coverage,2013-05-22,2017-09-20,6,https://i.guim.co.uk/img/static/sys-images/Guardian/Pix/pictures/2013/5/22/1369239092611/9571f9a1-44e3-44c0-a497-f70b26882cb6-460x276.jpeg?width=465&dpr=1&s=none&crop=none,../Scripts/output/guardian/guardian_images/guardian_2013-05-22_guardian_0518ff2410_img06.jpeg,"A screengrab of an incident in Woolwich, London, where that has left one person dead and two injured. Photograph: BBC Photograph: BBC",,1,graph,2,photo|photograph,0,likely_visualization
guardian_0518ff2410,The Guardian,2013,IPCC,Woolwich attack: aftermath and reaction to killing on London street – as it happened,https://www.theguardian.com/uk/2013/may/22/woolwich-two-shot-in-police-incident-live-coverage,2013-05-22,2017-09-20,7,https://i.guim.co.uk/img/static/sys-images/Guardian/Pix/pictures/2013/5/22/1369238257256/Shooting-and-stabbing-in--010.jpg?width=465&dpr=1&s=none&crop=none,../Scripts/output/guardian/guardian_images/guardian_2013-05-22_guardian_0518ff2410_img07.jpg,Photograph: BietLe/Twitter Photograph: BietLe/Twitter,,1,graph,2,photo|photograph,0,likely_visualization
guardian_2cae2eea69,The Guardian,2013,IPCC,London attack: police make two further arrests after Woolwich killing,https://www.theguardian.com/uk/2013/may/23/woolwich-latest-developments-live,2013-05-23,2019-06-06,1,https://i.guim.co.uk/img/static/sys-images/Guardian/Pix/pictures/2013/5/23/1369325569279/Drummer-Lee-Rigby--011.jpg?width=465&dpr=1&s=none&crop=none,../Scripts/output/guardian/guardian_images/guardian_2013-05-23_guardian_2cae2eea69_img01.jpg,Photograph: MoD/PA Photograph: Mod/PA,,1,graph,2,photo|photograph,0,likely_visualization
guardian_2cae2eea69,The Guardian,2013,IPCC,London attack: police make two further arrests after Woolwich killing,https://www.theguardian.com/uk/2013/may/23/woolwich-latest-developments-live,2013-05-23,2019-06-06,3,https://i.guim.co.uk/img/static/sys-images/Guardian/Pix/pictures/2013/5/23/1369324309361/d577ed84-b031-400d-afc7-afa215f8c3ac-2060x1236.jpeg?width=465&dpr=1&s=none&crop=none,../Scripts/output/guardian/guardian_images/guardian_2013-05-23_guardian_2cae2eea69_img03.jpeg,"Police close a road in Saxilby, Lincolnshire, leading to a house which was raided today in connection with yesterday's terrorist attack in Woolwich. Photograph: Rui Vieira/PA Photograph: Rui Vieira/PA",,1,graph,2,photo|photograph,0,likely_visualization
guardian_2cae2eea69,The Guardian,2013,IPCC,London attack: police make two further arrests after Woolwich killing,https://www.theguardian.com/uk/2013/may/23/woolwich-latest-developments-live,2013-05-23,2019-06-06,4,https://i.guim.co.uk/img/static/sys-images/Guardian/Pix/pictures/2013/5/23/1369305479426/David-Cameron-gives-a-pre-010.jpg?width=465&dpr=1&s=none&crop=none,../Scripts/output/guardian/guardian_images/guardian_2013-05-23_guardian_2cae2eea69_img04.jpg,David Cameron gives a press conference about the Woolwich murder this morning. Photograph: BBC Photograph: BBC,,1,graph,2,photo|photograph,0,likely_visualization
guardian_2cae2eea69,The Guardian,2013,IPCC,London attack: police make two further arrests after Woolwich killing,https://www.theguardian.com/uk/2013/may/23/woolwich-latest-developments-live,2013-05-23,2019-06-06,5,https://i.guim.co.uk/img/static/sys-images/Guardian/Pix/pictures/2013/5/23/1369297337833/e75c230f-4d13-41ea-babc-6d3ad55292cf-1020x612.png?width=465&dpr=1&s=none&crop=none,../Scripts/output/guardian/guardian_images/guardian_2013-05-23_guardian_2cae2eea69_img05.png,The scene in Woolwich this morning. Photograph: BBC News Photograph: BBC News,,1,graph,2,photo|photograph,0,likely_visualization
guardian_0922fc4aa8,The Guardian,2013,IPCC,Earls Court: Greenhalgh decision is no validation,https://www.theguardian.com/politics/davehillblog/2013/may/28/boris-johnson-policing-deputy-earls-court,2013-05-28,2019-07-10,1,https://i.guim.co.uk/img/static/sys-images/Guardian/Pix/pictures/2013/1/15/1358246633299/Stephen-Greenhalgh-and-Bo-010.jpg?width=445&dpr=1&s=none&crop=none,../Scripts/output/guardian/guardian_images/guardian_2013-05-28_guardian_0922fc4aa8_img01.jpg,"Stephen Greenhalgh with Boris Johnson, the mayor of London. Photograph: Johnny Green/PA",,1,graph,2,photo|photograph,0,likely_visualization
guardian_013418b15c,The Guardian,2013,IPCC,"The Met should change its heart, not its face, to represent multiracial London",https://www.theguardian.com/commentisfree/2013/jun/03/met-multiracial-london-racially-diverse,2013-06-03,2018-01-11,1,https://i.guim.co.uk/img/static/sys-images/Guardian/Pix/pictures/2013/6/3/1370280599197/Youths-being-stopped-and--008.jpg?width=465&dpr=1&s=none&crop=none,../Scripts/output/guardian/guardian_images/guardian_2013-06-03_guardian_013418b15c_img01.jpg,'The disproportionate use of stop and search on young black men will not change our views of the police just because the act is carried out by black officers.' Photograph: Janine Wiedel Photolibrary/Alamy,,1,graph,2,photo|photograph,0,likely_visualization
guardian_5727e9f393,The Guardian,2013,"""global temperature""",Climate change – what next after the 2C boundary?,https://www.theguardian.com/science/political-science/2013/jun/11/science-policy1,2013-06-11,2017-05-09,1,https://i.guim.co.uk/img/static/sys-images/Environment/Pix/columnists/2013/6/11/1370942577667/global-temperature-anomal-008.jpg?width=465&dpr=1&s=none&crop=none,../Scripts/output/guardian/guardian_images/guardian_2013-06-11_guardian_5727e9f393_img01.jpg,"Global temperature anomalies for 2000-2009, with the Arctic 2°C warmer. The planetary boundary more widely is about to be broken. Photograph: NASA",,1,graph,2,photo|photograph,0,likely_visualization
guardian_d11bf11ae1,The Guardian,2013,IPCC,Michael Gove announces GCSE reform plans: Politics live blog,https://www.theguardian.com/politics/blog/2013/jun/11/michael-gove-gcse-reform-live-blog,2013-06-11,2018-12-04,1,https://i.guim.co.uk/img/static/sys-images/Guardian/Pix/pictures/2013/6/11/1370962815183/a1b382ff-189d-41c1-bdac-dcf5530a8038-2060x1236.jpeg?width=465&dpr=1&s=none&crop=none,../Scripts/output/guardian/guardian_images/guardian_2013-06-11_guardian_d11bf11ae1_img01.jpeg,Boris Johnson launching his '2020 Vision: The Greatest City on Earth' report. Photograph: Rex Features Photograph: Rex Features,,1,graph,2,photo|photograph,0,likely_visualization
guardian_d11bf11ae1,The Guardian,2013,IPCC,Michael Gove announces GCSE reform plans: Politics live blog,https://www.theguardian.com/politics/blog/2013/jun/11/michael-gove-gcse-reform-live-blog,2013-06-11,2018-12-04,2,https://i.guim.co.uk/img/static/sys-images/Guardian/Pix/pictures/2013/6/11/1370954998744/0a1d79f6-d825-4fb5-8699-193755090cd2-2060x1236.jpeg?width=465&dpr=1&s=none&crop=none,../Scripts/output/guardian/guardian_images/guardian_2013-06-11_guardian_d11bf11ae1_img02.jpeg,Diane Abbott MP. Photograph: Sarah Lee Photograph: Sarah Lee,,1,graph,2,photo|photograph,0,likely_visualization
guardian_d11bf11ae1,The Guardian,2013,IPCC,Michael Gove announces GCSE reform plans: Politics live blog,https://www.theguardian.com/politics/blog/2013/jun/11/michael-gove-gcse-reform-live-blog,2013-06-11,2018-12-04,3,https://i.guim.co.uk/img/static/sys-images/Guardian/Pix/pictures/2013/6/11/1370952037316/d2850f66-f099-468e-8f89-5499b0a1a7e8-1024x768.png?width=465&dpr=1&s=none&crop=none,../Scripts/output/guardian/guardian_images/guardian_2013-06-11_guardian_d11bf11ae1_img03.png,Michael Gove Photograph: /BBC Parliament Photograph: BBC Parliament,,1,graph,2,photo|photograph,0,likely_visualization
guardian_d11bf11ae1,The Guardian,2013,IPCC,Michael Gove announces GCSE reform plans: Politics live blog,https://www.theguardian.com/politics/blog/2013/jun/11/michael-gove-gcse-reform-live-blog,2013-06-11,2018-12-04,4,https://i.guim.co.uk/img/static/sys-images/Guardian/Pix/pictures/2013/6/11/1370951196836/aea7bf55-b124-4282-a137-f49e88269e77-1024x768.png?width=465&dpr=1&s=none&crop=none,../Scripts/output/guardian/guardian_images/guardian_2013-06-11_guardian_d11bf11ae1_img04.png,Stephen Twigg Photograph: /BBC Parliament Photograph: BBC Parliament,,1,graph,2,photo|photograph,0,likely_visualization
guardian_d11bf11ae1,The Guardian,2013,IPCC,Michael Gove announces GCSE reform plans: Politics live blog,https://www.theguardian.com/politics/blog/2013/jun/11/michael-gove-gcse-reform-live-blog,2013-06-11,2018-12-04,5,https://i.guim.co.uk/img/static/sys-images/Environment/Pix/columnists/2012/6/12/1339516392820/Tim-Yeo-speaks-at-Ecobuil-007.jpg?width=465&dpr=1&s=none&crop=none,../Scripts/output/guardian/guardian_images/guardian_2013-06-11_guardian_d11bf11ae1_img05.jpg,Tim Yeo. Photograph: Lynn Hilton/Rex Features,,1,graph,2,photo|photograph,0,likely_visualization
guardian_a0e0298627,The Guardian,2013,IPCC,Police to reveal details of partners' pasts to tackle domestic violence,https://www.theguardian.com/society/2013/jun/13/domestic-violence-police-partners-tackle,2013-06-12,2017-12-01,1,https://i.guim.co.uk/img/static/sys-images/Guardian/Pix/pixies/2013/6/12/1371067188508/Maria-Stubbings-008.jpg?width=465&dpr=1&s=none&crop=none,../Scripts/output/guardian/guardian_images/guardian_2013-06-12_guardian_a0e0298627_img01.jpg,Maria Stubbings was killed by her partner. Her family want an inquiry into domestic violence. Photograph: Graeme Robertson for the Guardian,,1,graph,2,photo|photograph,0,likely_visualization
guardian_e430632512,The Guardian,2013,"""sea level rise""",Why Greenland's darkening ice has become a hot topic in climate science,https://www.theguardian.com/environment/climate-consensus-97-per-cent/2013/jun/12/greenland-darkening-ice-climate-science,2013-06-12,2021-08-25,1,https://i.guim.co.uk/img/static/sys-images/Environment/Pix/columnists/2011/8/18/1313681612195/Scientist-Jason-Box-durin-006.jpg?width=465&dpr=1&s=none&crop=none,../Scripts/output/guardian/guardian_images/guardian_2013-06-12_guardian_e430632512_img01.jpg,Climate scientist Jason Box during an expedition in Greenland in July 2008. Photograph: Byrd Polar Research Center,,1,graph,2,photo|photograph,0,likely_visualization
guardian_8890bc9884,The Guardian,2013,"""carbon budget""",Keep our coal in the ground,https://www.theguardian.com/commentisfree/2013/jun/14/australia-coal-queensland-climate-change,2013-06-14,2016-10-27,1,https://i.guim.co.uk/img/static/sys-images/Guardian/Pix/pictures/2013/6/14/1371182824071/ff020eeb-99ff-42e9-8857-0663c340b592-460x276.jpeg?width=465&dpr=1&s=none&crop=none,../Scripts/output/guardian/guardian_images/guardian_2013-06-14_guardian_8890bc9884_img01.jpeg,Coal waiting to be loaded onto ships at the Gladstone harbour. Photograph: Simon Copland Photograph: Simon Copland,,1,graph,2,photo|photograph,0,likely_visualization
guardian_8890bc9884,The Guardian,2013,"""carbon budget""",Keep our coal in the ground,https://www.theguardian.com/commentisfree/2013/jun/14/australia-coal-queensland-climate-change,2013-06-14,2016-10-27,2,https://i.guim.co.uk/img/static/sys-images/Guardian/Pix/pictures/2013/6/14/1371182898221/f5a3c92b-1821-4571-8838-f08502ce24f7-460x276.jpeg?width=445&dpr=1&s=none&crop=none,../Scripts/output/guardian/guardian_images/guardian_2013-06-14_guardian_8890bc9884_img02.jpeg,Coal ships waiting off the coast of Gladstone. Photograph: Simon Copland Photograph: Simon Copland,,1,graph,2,photo|photograph,0,likely_visualization
guardian_bd0ed19675,The Guardian,2013,IPCC,The Heartland Institute's skeptical Chinese fantasy,https://www.theguardian.com/environment/climate-consensus-97-per-cent/2013/jun/14/climate-change-heartland-chinese-academy-sciences,2013-06-14,2021-08-25,1,https://i.guim.co.uk/img/static/sys-images/Guardian/Pix/pictures/2011/1/17/1295294978056/US-and-Chinese-flags-in-f-007.jpg?width=465&dpr=1&s=none&crop=none,../Scripts/output/guardian/guardian_images/guardian_2013-06-14_guardian_bd0ed19675_img01.jpg,"US and Chinese flags in front of the White House. The USA and China recently agreed to reduce emissions of HFCs, which are potent greenhouse gases. Photograph: Carolyn Kaster/AP",,1,graph,2,photo|photograph,0,likely_visualization
guardian_bd0ed19675,The Guardian,2013,IPCC,The Heartland Institute's skeptical Chinese fantasy,https://www.theguardian.com/environment/climate-consensus-97-per-cent/2013/jun/14/climate-change-heartland-chinese-academy-sciences,2013-06-14,2021-08-25,2,https://i.guim.co.uk/img/static/sys-images/Guardian/Pix/pictures/2013/6/14/1371177437717/Leo-blog--The-Heartland-I-007.jpg?width=445&dpr=1&s=none&crop=none,../Scripts/output/guardian/guardian_images/guardian_2013-06-14_guardian_bd0ed19675_img02.jpg,"Billboards in Chicago paid for by The Heartland Institute along the inbound Eisenhower Expressway in Maywood, Illinois. Photograph: The Heartland Institute",,1,graph,2,photo|photograph,0,likely_visualization
guardian_d471a98129,The Guardian,2013,IPCC,Man dies after falling from yacht mast during Border Force raid,https://www.theguardian.com/politics/2013/jun/18/man-dies-yacht-border-force-raid,2013-06-18,2018-01-11,1,https://i.guim.co.uk/img/static/sys-images/Guardian/Pix/pictures/2013/6/18/1371577830314/-St-Marys-on-the-Isles-of-010.jpg?width=465&dpr=1&s=none&crop=none,../Scripts/output/guardian/guardian_images/guardian_2013-06-18_guardian_d471a98129_img01.jpg,"St Mary's on the Isles of Scilly, where the incident occurred. Photograph: Apex",,1,graph,2,photo|photograph,0,likely_visualization
guardian_2d7e195c54,The Guardian,2013,IPCC,Firefighter found dead after police questioning in abuse inquiry,https://www.theguardian.com/uk/2013/jun/20/firefighter-dead-police-abuse-allegations,2013-06-20,2017-12-01,1,https://i.guim.co.uk/img/static/sys-images/Guardian/Pix/pictures/2013/6/20/1371751977677/Fire-engine-008.jpg?width=465&dpr=1&s=none&crop=none,../Scripts/output/guardian/guardian_images/guardian_2013-06-20_guardian_2d7e195c54_img01.jpg,Essex fire service says it has been co-operating fully with the police inquiry. Photograph: David Sillitoe for the Guardian,,1,graph,2,photo|photograph,0,likely_visualization
guardian_bf8e69b95d,The Guardian,2013,"""sea level rise""",Climate change measuring instruments are on life support,https://www.theguardian.com/environment/climate-consensus-97-per-cent/2013/jun/20/climate-change-measuring-instruments-on-life-support,2013-06-20,2021-08-25,2,https://i.guim.co.uk/img/static/sys-images/Guardian/Pix/pictures/2013/6/20/1371687933217/Argo_image-smaller.jpg?width=445&dpr=1&s=none&crop=none,../Scripts/output/guardian/guardian_images/guardian_2013-06-20_guardian_bf8e69b95d_img02.jpg,International Argo Program – Photograph of an Argo float used to measure ocean temperature and salinity,,1,graph,2,photo|photograph,0,likely_visualization
guardian_bf8e69b95d,The Guardian,2013,"""sea level rise""",Climate change measuring instruments are on life support,https://www.theguardian.com/environment/climate-consensus-97-per-cent/2013/jun/20/climate-change-measuring-instruments-on-life-support,2013-06-20,2021-08-25,3,https://i.guim.co.uk/img/static/sys-images/Guardian/Pix/pictures/2013/6/20/1371687971594/TAO_image.jpg?width=445&dpr=1&s=none&crop=none,../Scripts/output/guardian/guardian_images/guardian_2013-06-20_guardian_bf8e69b95d_img03.jpg,NOAA photograph of a TAO mooring,,1,graph,2,photo|photograph,0,likely_visualization
guardian_3b86306ace,The Guardian,2013,IPCC,Met campaign to 'smear' Stephen Lawrence's family - reaction: Politics live blog,https://www.theguardian.com/politics/blog/2013/jun/24/stephen-lawrence-police-spying-politics-blog,2013-06-24,2017-09-20,2,https://i.guim.co.uk/img/static/sys-images/Guardian/Pix/pictures/2013/6/24/1372085622465/a5011345-0085-4ec7-b1e9-85adc9693ba3-1024x768.png?width=465&dpr=1&s=none&crop=none,../Scripts/output/guardian/guardian_images/guardian_2013-06-24_guardian_3b86306ace_img02.png,Theresa May Photograph: /BBC Parliament Photograph: BBC Parliament,,1,graph,2,photo|photograph,0,likely_visualization
guardian_3b86306ace,The Guardian,2013,IPCC,Met campaign to 'smear' Stephen Lawrence's family - reaction: Politics live blog,https://www.theguardian.com/politics/blog/2013/jun/24/stephen-lawrence-police-spying-politics-blog,2013-06-24,2017-09-20,3,https://i.guim.co.uk/img/static/sys-images/Guardian/Pix/pictures/2013/6/24/1372085235746/8eb9bfa0-a569-4d11-8d70-562b9ece45e9-1024x768.png?width=465&dpr=1&s=none&crop=none,../Scripts/output/guardian/guardian_images/guardian_2013-06-24_guardian_3b86306ace_img03.png,Yvette Cooper Photograph: /BBC Parliament Photograph: BBC Parliament,,1,graph,2,photo|photograph,0,likely_visualization
guardian_3b86306ace,The Guardian,2013,IPCC,Met campaign to 'smear' Stephen Lawrence's family - reaction: Politics live blog,https://www.theguardian.com/politics/blog/2013/jun/24/stephen-lawrence-police-spying-politics-blog,2013-06-24,2017-09-20,5,https://i.guim.co.uk/img/static/sys-images/Guardian/Pix/pictures/2013/6/24/1372073968937/c0a82284-c46d-4ce9-8203-db12b7f43c84-1024x768.png?width=465&dpr=1&s=none&crop=none,../Scripts/output/guardian/guardian_images/guardian_2013-06-24_guardian_3b86306ace_img05.png,Lord Condon Photograph: /BBC News Photograph: BBC News,,1,graph,2,photo|photograph,0,likely_visualization
guardian_3b86306ace,The Guardian,2013,IPCC,Met campaign to 'smear' Stephen Lawrence's family - reaction: Politics live blog,https://www.theguardian.com/politics/blog/2013/jun/24/stephen-lawrence-police-spying-politics-blog,2013-06-24,2017-09-20,6,https://i.guim.co.uk/img/static/sys-images/Guardian/Pix/pictures/2013/6/24/1372071519887/1c9d43db-77d8-4a81-99dd-84562c5bbd94-1024x768.jpeg?width=465&dpr=1&s=none&crop=none,../Scripts/output/guardian/guardian_images/guardian_2013-06-24_guardian_3b86306ace_img06.jpeg,10 Downing Street. Photograph: Dominic Lipinski/PA Archive/Press Association Ima Photograph: Dominic Lipinski/PA Archive/Press Association Ima,,1,graph,2,photo|photograph,0,likely_visualization
guardian_94cf5eb56b,The Guardian,2013,IPCC,Stephen Lawrence's father demands judicial inquiry into police spying,https://www.theguardian.com/uk/2013/jun/24/stephen-lawrence-father-police-spy-inquiry,2013-06-24,2019-07-10,1,https://i.guim.co.uk/img/static/sys-images/Guardian/Pix/GU_front_gifs/2013/6/24/1372104557784/Neville-Lawrence-father-o-010.jpg?width=465&dpr=1&s=none&crop=none,../Scripts/output/guardian/guardian_images/guardian_2013-06-24_guardian_94cf5eb56b_img01.jpg,"Neville Lawrence, father of Stephen Lawrence, said: 'I am convinced that nothing short of a judge-led public inquiry will suffice.' Photograph: Graeme Robertson",,1,graph,2,photo|photograph,0,likely_visualization
guardian_6ccea57138,The Guardian,2013,IPCC,Sir Mervyn King's final appearance at Treasury committee: Politics live blog,https://www.theguardian.com/politics/blog/2013/jun/25/mervyn-king-treasury-committee-live-blog,2013-06-25,2017-06-09,1,https://i.guim.co.uk/img/static/sys-images/Guardian/Pix/pictures/2013/6/25/1372159302019/755cfa42-1988-4b44-85ac-adafb6492ef7-bestSizeAvailable.png?width=465&dpr=1&s=none&crop=none,../Scripts/output/guardian/guardian_images/guardian_2013-06-25_guardian_6ccea57138_img01.png,Sir Mervyn King Photograph: /Democracy Live Photograph: Democracy Live,,1,graph,2,photo|photograph,0,likely_visualization
guardian_6ccea57138,The Guardian,2013,IPCC,Sir Mervyn King's final appearance at Treasury committee: Politics live blog,https://www.theguardian.com/politics/blog/2013/jun/25/mervyn-king-treasury-committee-live-blog,2013-06-25,2017-06-09,2,https://i.guim.co.uk/img/static/sys-images/Guardian/Pix/pictures/2013/6/25/1372155782717/590e237c-158c-47e2-8d36-e5dc72e8bfc7-1024x768.jpeg?width=465&dpr=1&s=none&crop=none,../Scripts/output/guardian/guardian_images/guardian_2013-06-25_guardian_6ccea57138_img02.jpeg,Jane Austen - face of the next £10 note? Photograph: Courtesy Everett Collection/Re Photograph: Courtesy Everett Collection / Re,,1,graph,2,photo|photograph,0,likely_visualization
guardian_6ccea57138,The Guardian,2013,IPCC,Sir Mervyn King's final appearance at Treasury committee: Politics live blog,https://www.theguardian.com/politics/blog/2013/jun/25/mervyn-king-treasury-committee-live-blog,2013-06-25,2017-06-09,3,https://i.guim.co.uk/img/static/sys-images/Guardian/Pix/pictures/2013/6/25/1372149871360/7afd2ee6-1d32-4ce2-8561-ae2d8910a5d3-620x372.png?width=465&dpr=1&s=none&crop=none,../Scripts/output/guardian/guardian_images/guardian_2013-06-25_guardian_6ccea57138_img03.png,Ashcroft poll Photograph: /Lord Ashcroft Photograph: Lord Ashcroft,,1,graph,2,photo|photograph,0,likely_visualization
guardian_6ccea57138,The Guardian,2013,IPCC,Sir Mervyn King's final appearance at Treasury committee: Politics live blog,https://www.theguardian.com/politics/blog/2013/jun/25/mervyn-king-treasury-committee-live-blog,2013-06-25,2017-06-09,4,https://i.guim.co.uk/img/static/sys-images/Guardian/Pix/pictures/2013/6/25/1372148607949/fcc67767-d366-4fb6-b798-5bf6b0f0e9a7-2060x1236.jpeg?width=465&dpr=1&s=none&crop=none,../Scripts/output/guardian/guardian_images/guardian_2013-06-25_guardian_6ccea57138_img04.jpeg,Jo Swinson. Photograph: Yui Mok/PA Photograph: Yui Mok/PA,,1,graph,2,photo|photograph,0,likely_visualization
guardian_610096c0b0,The Guardian,2013,"""sea level rise""",Is Obama's climate plan enough to 'stop the planet being beyond fixing'?,https://www.theguardian.com/environment/blog/2013/jun/26/barack-obama-climate-action-plan,2013-06-26,2017-07-14,1,https://i.guim.co.uk/img/static/sys-images/Guardian/Pix/pictures/2013/6/26/1372250961619/5a0b7505-57f9-4b08-b847-4b8a9199ddaf-bestSizeAvailable.png?width=465&dpr=1&s=none&crop=none,../Scripts/output/guardian/guardian_images/guardian_2013-06-26_guardian_610096c0b0_img01.png,"US energy-related CO2 emissions, 1973-2040 Photograph: Washington Post Photograph: Washington Post",,1,graph,2,photo|photograph,0,likely_visualization
guardian_bfec795346,The Guardian,2013,IPCC,Three police officers charged over pregnant suspect's ordeal in prison cell,https://www.theguardian.com/uk/2013/jun/28/nottinghamshire-police-officers-pregnant-woman,2013-06-28,2018-01-11,1,https://i.guim.co.uk/img/static/sys-images/Guardian/Pix/pictures/2013/6/28/1372438431165/Lynette-Wallace-with-daug-010.jpg?width=465&dpr=1&s=none&crop=none,../Scripts/output/guardian/guardian_images/guardian_2013-06-28_guardian_bfec795346_img01.jpg,"Lynette Wallace with daughter Charna, who she says was born early after the ordeal. Photograph: David Sillitoe for the Guardian",,1,graph,2,photo|photograph,0,likely_visualization
guardian_fa40bfcfe0,The Guardian,2013,"""sea level rise""",Urban sustainability: what will a smart city look like in the future?,https://www.theguardian.com/sustainable-business/urban-sustainability-smart-city-future,2013-06-28,2013-06-28,1,https://i.guim.co.uk/img/static/sys-images/Guardian/Pix/pictures/2013/6/27/1372329527543/Schuylkill-River-Philadel-010.jpg?width=465&dpr=1&s=none&crop=none,../Scripts/output/guardian/guardian_images/guardian_2013-06-28_guardian_fa40bfcfe0_img01.jpg,"A man sweeps up floodwaters of the Schuylkill River, Philadelphia, after storm Irene. The city has an ambitious plan to better manage stormwater runoff. Photograph: Matt Rourke/AP",,1,graph,2,photo|photograph,0,likely_visualization
guardian_640052d3a0,The Guardian,2013,IPCC,Linzi Ashton murder: police had tried to arrest suspect over rape claims,https://www.theguardian.com/uk/2013/jul/01/linzi-ashton-murder-suspect-rape-claims,2013-07-01,2017-12-01,1,https://i.guim.co.uk/img/static/sys-images/Guardian/Pix/pictures/2013/7/1/1372696078527/Linzi-Ashton-was-found-mu-010.jpg?width=465&dpr=1&s=none&crop=none,../Scripts/output/guardian/guardian_images/guardian_2013-07-01_guardian_640052d3a0_img01.jpg,Linzi Ashton was found murdered in her home in Salford. Photograph: Greater Manchester police/PA,,1,graph,2,photo|photograph,0,likely_visualization
guardian_640052d3a0,The Guardian,2013,IPCC,Linzi Ashton murder: police had tried to arrest suspect over rape claims,https://www.theguardian.com/uk/2013/jul/01/linzi-ashton-murder-suspect-rape-claims,2013-07-01,2017-12-01,2,https://i.guim.co.uk/img/static/sys-images/Guardian/About/General/2013/7/1/1372669042372/Michael-Cope-004.jpg?width=445&dpr=1&s=none&crop=none,../Scripts/output/guardian/guardian_images/guardian_2013-07-01_guardian_640052d3a0_img02.jpg,Michael Cope. Photograph: Greater Manchester police/PA,,1,graph,2,photo|photograph,0,likely_visualization
guardian_5a09eac668,The Guardian,2013,IPCC,Norman Bettison referred to IPCC over Stephen Lawrence inquiry,https://www.theguardian.com/uk-news/2013/jul/03/norman-bettison-ipcc-stephen-lawrence,2013-07-03,2017-12-01,1,https://i.guim.co.uk/img/static/sys-images/Guardian/Pix/pictures/2013/7/3/1372889346907/Norman-Bettison--008.jpg?width=465&dpr=1&s=none&crop=none,../Scripts/output/guardian/guardian_images/guardian_2013-07-03_guardian_5a09eac668_img01.jpg,Norman Bettison resigned as chief of the West Yorkshire force over allegations about his role in the aftermath of the Hillsborough disaster. Photograph: Anna Gowthorpe/PA,,1,graph,2,photo|photograph,0,likely_visualization
guardian_9f6809235e,The Guardian,2013,IPCC,Norman Bettison 'had smear file' on anti-racist campaigner,https://www.theguardian.com/uk-news/2013/jul/05/norman-bettison-mohammed-amran-allegations,2013-07-05,2017-12-01,1,https://i.guim.co.uk/img/static/sys-images/Guardian/Pix/pictures/2013/7/5/1372982996923/Norman-Bettison-010.jpg?width=465&dpr=1&s=none&crop=none,../Scripts/output/guardian/guardian_images/guardian_2013-07-05_guardian_9f6809235e_img01.jpg,Sir Norman Bettison has been referred to the IPCC over claims made by former colleagues at West Yorkshire police. Photograph: Anna Gowthorpe/PA,,1,graph,2,photo|photograph,0,likely_visualization
guardian_d9f20393db,The Guardian,2013,IPCC,Azelle Rodney death: Met police had 'no lawful justification' for shooting,https://www.theguardian.com/uk-news/2013/jul/05/azelle-rodney-death-metropolitan-police,2013-07-05,2017-09-20,1,https://i.guim.co.uk/img/static/sys-images/Guardian/Pix/pictures/2013/7/5/1373018396225/Azelle-Rodney-010.jpg?width=465&dpr=1&s=none&crop=none,../Scripts/output/guardian/guardian_images/guardian_2013-07-05_guardian_d9f20393db_img01.jpg,Azelle Rodney did not have a gun in his hand when he was shot by police in April 2005. Photograph: Henry Browne Photography,,1,graph,2,photo|photograph,0,likely_visualization
guardian_ee28eeeccc,The Guardian,2013,IPCC,Why did Met officer keep firing at Azelle Rodney?,https://www.theguardian.com/uk-news/2013/jul/05/azelle-rodney-met-police-officer,2013-07-05,2017-09-20,1,https://i.guim.co.uk/img/static/sys-images/Guardian/About/General/2013/7/5/1373010776923/Car-in-which-Azelle-Rodne-008.jpg?width=465&dpr=1&s=none&crop=none,../Scripts/output/guardian/guardian_images/guardian_2013-07-05_guardian_ee28eeeccc_img01.jpg,Police remove the silver VW Golf in which Azelle Rodney was shot dead. Photograph: Edmond Terakopian/PA,,1,graph,2,photo|photograph,0,likely_visualization
guardian_ee28eeeccc,The Guardian,2013,IPCC,Why did Met officer keep firing at Azelle Rodney?,https://www.theguardian.com/uk-news/2013/jul/05/azelle-rodney-met-police-officer,2013-07-05,2017-09-20,2,https://i.guim.co.uk/img/static/sys-images/Guardian/Pix/pictures/2013/7/5/1373007544922/Azelle-Rodney.-shot-dead--004.jpg?width=445&dpr=1&s=none&crop=none,../Scripts/output/guardian/guardian_images/guardian_2013-07-05_guardian_ee28eeeccc_img02.jpg,Azelle Rodney. Photograph: Henry Browne,,1,graph,2,photo|photograph,0,likely_visualization
guardian_963870043d,The Guardian,2013,"""sea level rise""",James Hansen: Fossil fuel addiction could trigger runaway global warming,https://www.theguardian.com/environment/earth-insight/2013/jul/10/james-hansen-fossil-fuels-runaway-global-warming,2013-07-10,2021-08-25,2,https://i.guim.co.uk/img/static/sys-images/Guardian/Pix/pictures/2009/12/2/1259787086410/James-Hansen-001.jpg?width=445&dpr=1&s=none&crop=none,../Scripts/output/guardian/guardian_images/guardian_2013-07-10_guardian_963870043d_img02.jpg,"'We don’t have a leader who is able to grasp [the issue] and say what is really needed. Instead we are trying to continue business as usual,' said James Hansen in 2009. Photograph: Gareth Fuller/PA",,1,graph,2,photo|photograph,0,likely_visualization
guardian_c06ca6833c,The Guardian,2013,IPCC,Cameron and Miliband at PMQs: Politics live blog,https://www.theguardian.com/politics/blog/2013/jul/10/pmqs-cameron-miliband-live-blog,2013-07-10,2017-09-20,1,https://i.guim.co.uk/img/static/sys-images/Guardian/Pix/pictures/2013/7/10/1373474002101/1598e18f-d93c-4a06-bdff-fd6514574326-bestSizeAvailable.png?width=465&dpr=1&s=none&crop=none,../Scripts/output/guardian/guardian_images/guardian_2013-07-10_guardian_c06ca6833c_img01.png,Mark Ellison Photograph: /Parliament TV Photograph: Parliament TV,,1,graph,2,photo|photograph,0,likely_visualization
guardian_c06ca6833c,The Guardian,2013,IPCC,Cameron and Miliband at PMQs: Politics live blog,https://www.theguardian.com/politics/blog/2013/jul/10/pmqs-cameron-miliband-live-blog,2013-07-10,2017-09-20,2,https://i.guim.co.uk/img/static/sys-images/Guardian/Pix/pictures/2013/7/10/1373470113234/97fec8cc-bfbe-4b2f-860c-b1c8afe9f499-bestSizeAvailable.png?width=465&dpr=1&s=none&crop=none,../Scripts/output/guardian/guardian_images/guardian_2013-07-10_guardian_c06ca6833c_img02.png,Doreen Lawrence Photograph: /Parliament TV Photograph: Parliament TV,,1,graph,2,photo|photograph,0,likely_visualization
guardian_c06ca6833c,The Guardian,2013,IPCC,Cameron and Miliband at PMQs: Politics live blog,https://www.theguardian.com/politics/blog/2013/jul/10/pmqs-cameron-miliband-live-blog,2013-07-10,2017-09-20,3,https://i.guim.co.uk/img/static/sys-images/Guardian/Pix/pictures/2013/7/10/1373450679145/cc2b600c-53d4-4794-8e9b-4d5a305ac7bb-1024x768.jpeg?width=465&dpr=1&s=none&crop=none,../Scripts/output/guardian/guardian_images/guardian_2013-07-10_guardian_c06ca6833c_img03.jpeg,Francis Maude. Photograph: David Jones/PA Photograph: David Jones/PA,,1,graph,2,photo|photograph,0,likely_visualization
guardian_c06ca6833c,The Guardian,2013,IPCC,Cameron and Miliband at PMQs: Politics live blog,https://www.theguardian.com/politics/blog/2013/jul/10/pmqs-cameron-miliband-live-blog,2013-07-10,2017-09-20,4,https://i.guim.co.uk/img/static/sys-images/Guardian/Pix/pictures/2013/7/10/1373441034876/Paul-Kenny-010.jpg?width=465&dpr=1&s=none&crop=none,../Scripts/output/guardian/guardian_images/guardian_2013-07-10_guardian_c06ca6833c_img04.jpg,Paul Kenny. Photograph: Martin Argles/Guardian,,1,graph,2,photo|photograph,0,likely_visualization
guardian_385a9ae181,The Guardian,2013,IPCC,Man dies after police fired Taser gun,https://www.theguardian.com/uk-news/2013/jul/11/man-dies-tasered-by-police,2013-07-11,2017-12-01,1,https://i.guim.co.uk/img/static/sys-images/Guardian/Pix/pictures/2013/7/11/1373546250238/Taser-incident-in-Gorton--008.jpg?width=465&dpr=1&s=none&crop=none,../Scripts/output/guardian/guardian_images/guardian_2013-07-11_guardian_385a9ae181_img01.jpg,"A forensic tent at the scene of the Taser incident in Gorton, Manchester. Photograph: Dave Thompson/PA",,1,graph,2,photo|photograph,0,likely_visualization
guardian_7b266dfd6f,The Guardian,2013,IPCC,Hillsborough: watchdog believes 55 more police statements were altered,https://www.theguardian.com/football/2013/jul/12/hillsborough-disaster-watchdog-police-statements,2013-07-12,2018-01-11,1,https://i.guim.co.uk/img/static/sys-images/Guardian/Pix/pictures/2013/7/12/1373640926538/West-Midlands-police-file-010.jpg?width=465&dpr=1&s=none&crop=none,../Scripts/output/guardian/guardian_images/guardian_2013-07-12_guardian_7b266dfd6f_img01.jpg,Boxes of police files waiting to be searched in Birmingham after previously undisclosed documents on Hillsborough were found. Photograph: Michael Scott/Demotix/Corbis,,1,graph,2,photo|photograph,0,likely_visualization
guardian_e035e26cc2,The Guardian,2013,IPCC,Police continued to fire Tasers at chests – despite cardiac arrest warnings,https://www.theguardian.com/uk-news/2013/jul/14/police-tasers-cardiac-arrest-warnings,2013-07-14,2017-12-01,1,https://i.guim.co.uk/img/static/sys-images/Guardian/Pix/pictures/2013/7/14/1373827224249/Police-using-a-taser-duri-008.jpg?width=465&dpr=1&s=none&crop=none,../Scripts/output/guardian/guardian_images/guardian_2013-07-14_guardian_e035e26cc2_img01.jpg,Police using a taser during the attempted capture of Raoul Moat. Firing the devices at suspects' chests carries the risk of inducing a cardiac arrest. Photograph: Jamie Wiseman/Daily Mail/Rex,,1,graph,2,photo|photograph,0,likely_visualization
guardian_1a5cba82e8,The Guardian,2013,IPCC,Second police spy says Home Office knew of theft of children's identities,https://www.theguardian.com/uk-news/2013/jul/15/spy-home-office-children-peter-francis,2013-07-15,2017-12-01,1,https://i.guim.co.uk/img/static/sys-images/Guardian/Pix/pictures/2013/7/15/1373897867154/Peter-Francis-010.jpg?width=465&dpr=1&s=none&crop=none,../Scripts/output/guardian/guardian_images/guardian_2013-07-15_guardian_1a5cba82e8_img01.jpg,"Peter Francis, the former undercover police officer turned whistleblower. Photograph: Graham Turner for the Guardian",,1,graph,2,photo|photograph,0,likely_visualization
guardian_ed97a8bb90,The Guardian,2013,"""carbon budget""",UK climate movement planning to 'relaunch' in spring 2014,https://www.theguardian.com/environment/blog/2013/jul/15/uk-climate-movement-relaunch-2014,2013-07-15,2021-08-25,1,https://i.guim.co.uk/img/static/sys-images/Environment/Pix/columnists/2012/10/18/1350564561359/Activists-from-Stop-Clima-014.jpg?width=465&dpr=1&s=none&crop=none,../Scripts/output/guardian/guardian_images/guardian_2013-07-15_guardian_ed97a8bb90_img01.jpg,"Activists from Stop Climate Chaos Coalition protest in front of the Treasury to ask the government more active support for green economy and green jobs, London on 18 October 2012. Photograph: Stop Climate Chaos Coalition",,1,graph,2,photo|photograph,0,likely_visualization
guardian_1bce36b097,The Guardian,2013,IPCC,Six Met police officers could be sacked over racist joke text messages,https://www.theguardian.com/uk-news/2013/jul/17/met-officers-sack-racist-texts,2013-07-17,2017-12-01,1,https://i.guim.co.uk/img/static/sys-images/Guardian/Pix/pictures/2013/7/17/1374085374974/Metropolitan-police-008.jpg?width=465&dpr=1&s=none&crop=none,../Scripts/output/guardian/guardian_images/guardian_2013-07-17_guardian_1bce36b097_img01.jpg,Six Met officers could face the sack over sending 'highly offensive' racist text messages. Photograph: Dominic Lipinski/PA,,1,graph,2,photo|photograph,0,likely_visualization
guardian_1d9d5bad4c,The Guardian,2013,IPCC,Andrew Neil - these are your climate errors on BBC Sunday Politics,https://www.theguardian.com/environment/climate-consensus-97-per-cent/2013/jul/17/climate-change-scepticism-andrew-neil-ed-davey,2013-07-17,2021-08-25,1,https://i.guim.co.uk/img/static/sys-images/Guardian/Pix/pictures/2011/12/6/1323167533565/Andrew-Neil-007.jpg?width=465&dpr=1&s=none&crop=none,../Scripts/output/guardian/guardian_images/guardian_2013-07-17_guardian_1d9d5bad4c_img01.jpg,"Andrew Neil should stick to political discussions, because he got climate science all wrong. Photograph: David Levene for the Guardian",,1,graph,2,photo|photograph,0,likely_visualization
guardian_c297d91e55,The Guardian,2013,IPCC,"Met police failing to deal effectively with racism complaints, watchdog finds",https://www.theguardian.com/uk-news/2013/jul/17/met-police-racism-complaints-watchdog,2013-07-17,2018-01-11,1,https://i.guim.co.uk/img/static/sys-images/Guardian/Pix/pictures/2013/7/17/1374057651257/Scotland-Yard-010.jpg?width=465&dpr=1&s=none&crop=none,../Scripts/output/guardian/guardian_images/guardian_2013-07-17_guardian_c297d91e55_img01.jpg,"The Met police showed unwillingness to deal with racism complaints 'robustly and effectively', an IPCC commissioner said. Photograph: Dominic Lipinski/PA",,1,graph,2,photo|photograph,0,likely_visualization
guardian_df2c623d0a,The Guardian,2013,IPCC,Cameron and Miliband at PMQs: Politics live blog,https://www.theguardian.com/politics/blog/2013/jul/17/pmqs-cameron-miliband-live-blog,2013-07-17,2017-06-09,1,https://i.guim.co.uk/img/static/sys-images/Guardian/Pix/pictures/2013/7/17/1374062546738/7cdbe1c5-d25e-4fb5-881b-aa17255d307c-1024x768.png?width=465&dpr=1&s=none&crop=none,../Scripts/output/guardian/guardian_images/guardian_2013-07-17_guardian_df2c623d0a_img01.png,David Laws Photograph: /BBC Parliament Photograph: BBC Parliament,,1,graph,2,photo|photograph,0,likely_visualization
guardian_df2c623d0a,The Guardian,2013,IPCC,Cameron and Miliband at PMQs: Politics live blog,https://www.theguardian.com/politics/blog/2013/jul/17/pmqs-cameron-miliband-live-blog,2013-07-17,2017-06-09,2,https://i.guim.co.uk/img/static/sys-images/Guardian/Pix/pictures/2013/7/17/1374061858170/2bba56da-ca33-4049-a776-1166d3a8c7fe-1024x768.png?width=465&dpr=1&s=none&crop=none,../Scripts/output/guardian/guardian_images/guardian_2013-07-17_guardian_df2c623d0a_img02.png,Stephen Twigg Photograph: /BBC Parliament Photograph: BBC Parliament,,1,graph,2,photo|photograph,0,likely_visualization
guardian_df2c623d0a,The Guardian,2013,IPCC,Cameron and Miliband at PMQs: Politics live blog,https://www.theguardian.com/politics/blog/2013/jul/17/pmqs-cameron-miliband-live-blog,2013-07-17,2017-06-09,3,https://i.guim.co.uk/img/static/sys-images/Guardian/Pix/pictures/2013/7/17/1374060506313/7ba2111c-803c-41c9-a8b5-c52f3c8fce3f-1024x768.png?width=465&dpr=1&s=none&crop=none,../Scripts/output/guardian/guardian_images/guardian_2013-07-17_guardian_df2c623d0a_img03.png,David Cameron at PMQs Photograph: /BBC Parliament Photograph: BBC Parliament,,1,graph,2,photo|photograph,0,likely_visualization
guardian_df2c623d0a,The Guardian,2013,IPCC,Cameron and Miliband at PMQs: Politics live blog,https://www.theguardian.com/politics/blog/2013/jul/17/pmqs-cameron-miliband-live-blog,2013-07-17,2017-06-09,5,https://i.guim.co.uk/img/static/sys-images/Guardian/Pix/pictures/2013/7/17/1374052200294/d579963a-fc43-436f-8256-7c9dc9e0609b-2060x1236.jpeg?width=465&dpr=1&s=none&crop=none,../Scripts/output/guardian/guardian_images/guardian_2013-07-17_guardian_df2c623d0a_img05.jpeg,Mark Hoban. Photograph: David Levene Photograph: David Levene,,1,graph,2,photo|photograph,0,likely_visualization
guardian_6f62d3d153,The Guardian,2013,"""carbon budget""",Investors back away from fossil fuel assets and fracking,https://www.theguardian.com/sustainable-business/fossil-fuel-divestment-fracking-australia,2013-07-18,2013-07-18,1,https://i.guim.co.uk/img/static/sys-images/Guardian/Pix/pictures/2013/7/17/1374080276664/Environmentalist-and-auth-009.jpg?width=465&dpr=1&s=none&crop=none,../Scripts/output/guardian/guardian_images/guardian_2013-07-18_guardian_6f62d3d153_img01.jpg,"On his recent trip to Australia, climate activist Bill McKibben tried to persuade financiers to join his quest to rid the planet of fossil fuels. Photograph: Corey Hendrickson/Polaris",,1,graph,2,photo|photograph,0,likely_visualization
guardian_6374d2daa6,The Guardian,2013,IPCC,PC Blakelock: black people are waiting for justice too,https://www.theguardian.com/commentisfree/2013/jul/25/blakelock-black-people-justice-tottenham-police,2013-07-25,2017-12-01,1,https://i.guim.co.uk/img/static/sys-images/Guardian/Pix/pictures/2013/7/24/1374695446967/Cynthia-Jarrett-008.jpg?width=465&dpr=1&s=none&crop=none,../Scripts/output/guardian/guardian_images/guardian_2013-07-25_guardian_6374d2daa6_img01.jpg,"On 5 October 1985 Cynthia Jarrett died during a police raid on her home on Tottenham's Broadwater Farm estate. 'Had she lived, she would have celebrated her 76th birthday this week, yet there are no headlines recalling how she died, no media clamour for her killers to be brought to justice.' Photograph: Pa/EMPICS",,1,graph,2,photo|photograph,0,likely_visualization
guardian_9b7e9c9521,The Guardian,2013,IPCC,IPCC investigates claim police spied on Christopher Alder family after death,https://www.theguardian.com/politics/2013/jul/26/ipcc-investigates-police-spied-alder-family,2013-07-26,2018-01-11,1,https://i.guim.co.uk/img/static/sys-images/Guardian/About/General/2013/7/26/1374864009695/Christopher-Alder-010.jpg?width=465&dpr=1&s=none&crop=none,../Scripts/output/guardian/guardian_images/guardian_2013-07-26_guardian_9b7e9c9521_img01.jpg,Christopher Alder died on the floor of a police station in April 1998. Photograph: PA Photo/Picture Publicity/PA,,1,graph,2,photo|photograph,0,likely_visualization
guardian_a36c58c797,The Guardian,2013,IPCC,The new Jerusalem,https://www.theguardian.com/world/2013/jul/27/the-new-jerusalem,2013-07-27,2013-08-06,1,https://i.guim.co.uk/img/static/sys-images/Observer/Pix/pictures/2013/7/24/1374663092018/A-Muslim-family-living-in-008.jpg?width=465&dpr=1&s=none&crop=none,../Scripts/output/guardian/guardian_images/guardian_2013-07-27_guardian_a36c58c797_img01.jpg,"Living on the frontline: Ebtahaj Najib, 58, looks over three of her grandchildren. They share their three-room apartment with eight relatives. Photograph: Tanya Habjouqa for the Observer",,1,graph,2,photo|photograph,0,likely_visualization
guardian_a36c58c797,The Guardian,2013,IPCC,The new Jerusalem,https://www.theguardian.com/world/2013/jul/27/the-new-jerusalem,2013-07-27,2013-08-06,2,https://i.guim.co.uk/img/static/sys-images/Observer/Pix/pictures/2013/7/24/1374663695719/A-photo-of-the-Nijab-fami-008.jpg?width=445&dpr=1&s=none&crop=none,../Scripts/output/guardian/guardian_images/guardian_2013-07-27_guardian_a36c58c797_img02.jpg,"‘You think everyone has a room?’: a photo of the Najib family patriarch, who bought the first-floor apartment on El-Wad street decades ago. Photograph: Tanya Habjouqa for the Observer",,1,graph,2,photo|photograph,0,likely_visualization
guardian_a36c58c797,The Guardian,2013,IPCC,The new Jerusalem,https://www.theguardian.com/world/2013/jul/27/the-new-jerusalem,2013-07-27,2013-08-06,3,https://i.guim.co.uk/img/static/sys-images/Observer/Pix/pictures/2013/7/24/1374663563435/Arab-women-watched-by-Isr-008.jpg?width=445&dpr=1&s=none&crop=none,../Scripts/output/guardian/guardian_images/guardian_2013-07-27_guardian_a36c58c797_img03.jpg,"‘Unfortunately some Arabs have not come to terms with having Jews live next door to them’: Arab women are watched by Israeli soldiers and, left, El-Wad street in the Old City. Photograph: Tanya Habjouqa for the Observer",,1,graph,2,photo|photograph,0,likely_visualization
guardian_a36c58c797,The Guardian,2013,IPCC,The new Jerusalem,https://www.theguardian.com/world/2013/jul/27/the-new-jerusalem,2013-07-27,2013-08-06,4,https://i.guim.co.uk/img/static/sys-images/Observer/Pix/pictures/2013/7/24/1374664039063/Ed-Wad-street-Old-City-Je-016.jpg?width=445&dpr=1&s=none&crop=none,../Scripts/output/guardian/guardian_images/guardian_2013-07-27_guardian_a36c58c797_img04.jpg,'This is the heartland of the Jewish people. Why shouldn’t we return – especially if we’re paying good money?': El-Wad street in the Old City. Photograph: Tanya Habjouqa for the Observer,,1,graph,2,photo|photograph,0,likely_visualization
guardian_5c502f1cbb,The Guardian,2013,"""sea level rise""","After surviving nuclear tests, can the Marshall Islands survive the great climate experiment?",https://www.theguardian.com/global/planet-oz/2013/jul/30/marshall-islands-climate-change-pacific-forum-nuclear-testing,2013-07-30,2021-08-25,1,https://i.guim.co.uk/img/static/sys-images/Guardian/Pix/pictures/2013/7/30/1375143692693/Marshall-Islands-010.jpg?width=465&dpr=1&s=none&crop=none,../Scripts/output/guardian/guardian_images/guardian_2013-07-30_guardian_5c502f1cbb_img01.jpg,"The BRAVO Event in Operation Castle was an experimental thermonuclear device, 15-megaton weapons related surface event detonated on Bikini Atoll; an enormous bell of a condensation cloud hangs over the mushroom cloud. Photograph: Corbis",,1,graph,2,photo|photograph,0,likely_visualization
guardian_5c502f1cbb,The Guardian,2013,"""sea level rise""","After surviving nuclear tests, can the Marshall Islands survive the great climate experiment?",https://www.theguardian.com/global/planet-oz/2013/jul/30/marshall-islands-climate-change-pacific-forum-nuclear-testing,2013-07-30,2021-08-25,3,https://i.guim.co.uk/img/static/sys-images/Guardian/Pix/pictures/2013/7/30/1375158133243/Marshall-Islands-006.jpg?width=445&dpr=1&s=none&crop=none,../Scripts/output/guardian/guardian_images/guardian_2013-07-30_guardian_5c502f1cbb_img03.jpg,Marshall Islands Photograph: Corbis,,1,graph,2,photo|photograph,0,likely_visualization
guardian_a28ba08938,The Guardian,2013,IPCC,Police watchdog submits evidence to CPS over death of man in custody,https://www.theguardian.com/uk-news/2013/jul/30/police-watchdog-cps-thomas-orchard-death,2013-07-30,2018-01-11,1,https://i.guim.co.uk/img/static/sys-images/Guardian/About/General/2013/7/30/1375182834047/IPCC-007.jpg?width=465&dpr=1&s=none&crop=none,../Scripts/output/guardian/guardian_images/guardian_2013-07-30_guardian_a28ba08938_img01.jpg,Independent Police Complaints Commission has sent a file to the Crown Prosecution Service over officers' actions after the arrest of Thomas Orchard in Exeter. Photograph: Lewis Whyld/PA,,1,graph,2,photo|photograph,0,likely_visualization
guardian_080cc13dc1,The Guardian,2013,IPCC,Police 'should face action' over woman's strip search,https://www.theguardian.com/uk-news/2013/jul/31/police-action-woman-strip-search,2013-07-31,2017-12-01,1,https://i.guim.co.uk/img/static/sys-images/Business/Pix/cartoon/2013/7/31/1375268131987/met-Police-racism-complai-010.jpg?width=465&dpr=1&s=none&crop=none,../Scripts/output/guardian/guardian_images/guardian_2013-07-31_guardian_080cc13dc1_img01.jpg,The independent police complaints commission has said officers should face disciplinary charges after a woman was strip searched. Photograph: Anthony Devlin/PA,,1,graph,2,photo|photograph,0,likely_visualization
guardian_2f36b1205a,The Guardian,2013,"""carbon budget""",This gamble on carbon and the climate could trigger a new financial crisis,https://www.theguardian.com/business/2013/aug/02/carbon-tax-investment-market-timebomb,2013-08-02,2021-08-25,1,https://i.guim.co.uk/img/static/sys-images/Guardian/Pix/pictures/2013/8/2/1375461215799/Flood-in-Eastern-Germany--008.jpg?width=465&dpr=1&s=none&crop=none,../Scripts/output/guardian/guardian_images/guardian_2013-08-02_guardian_2f36b1205a_img01.jpg,Summer 2013: eastern Europe is facing one of the heaviest floodings in the last 50 years (Photograph: Ruben Neugebauer/Corbis,,1,graph,2,photo|photograph,0,likely_visualization
guardian_f87ddd75b7,The Guardian,2013,IPCC,Mark Duggan police shooting: IPCC inquiry finds no evidence of criminality,https://www.theguardian.com/uk-news/2013/aug/02/mark-duggan-shooting-inquiry-evidence,2013-08-02,2018-01-11,1,https://i.guim.co.uk/img/static/sys-images/Guardian/Pix/gallery/2013/8/2/1375469847753/Mark-Duggan-008.jpg?width=465&dpr=1&s=none&crop=none,../Scripts/output/guardian/guardian_images/guardian_2013-08-02_guardian_f87ddd75b7_img01.jpg,Mark Duggan had been trailed by offiers on the day he was shot and was riding in a taxi forced to a halt by armed police. Photograph: Barcroft Media,,1,graph,2,photo|photograph,0,likely_visualization
guardian_8870433b35,The Guardian,2013,IPCC,Police officers guilty of misconduct over treatment of pregnant woman,https://www.theguardian.com/uk-news/2013/aug/04/police-officers-misconduct-pregnant-woman,2013-08-04,2018-01-11,1,https://i.guim.co.uk/img/static/sys-images/Guardian/Pix/pictures/2013/8/4/1375626179108/Nottinghamshire-police-009.jpg?width=465&dpr=1&s=none&crop=none,../Scripts/output/guardian/guardian_images/guardian_2013-08-04_guardian_8870433b35_img01.jpg,Nottinghamshire police headquarters. Lynette Wallace said she was dismayed that no officers had lost their jobs. Photograph: David Sillitoe for the Guardian,,1,graph,2,photo|photograph,0,likely_visualization
guardian_8be4e50a50,The Guardian,2013,IPCC,Met police detective who ignored rape complaint allowed to keep job,https://www.theguardian.com/uk-news/2013/aug/05/met-police-detective-rape-complaint,2013-08-05,2017-12-01,1,https://i.guim.co.uk/img/static/sys-images/Guardian/Pix/pixies/2013/8/5/1375726859441/Harriet-Harman-008.jpg?width=465&dpr=1&s=none&crop=none,../Scripts/output/guardian/guardian_images/guardian_2013-08-05_guardian_8be4e50a50_img01.jpg,Harriet Harman said she would be raising the matter with the home secretary and the Metropolitan police commissioner. Photograph: Nick Ansell/PA,,1,graph,2,photo|photograph,0,likely_visualization
guardian_99c660b7c5,The Guardian,2013,IPCC,Newport shooting referred to IPCC after woman dies,https://www.theguardian.com/uk-news/2013/aug/08/newport-shooting-referred-ipcc-woman-dies,2013-08-08,2017-12-01,1,https://i.guim.co.uk/img/static/sys-images/Guardian/About/General/2013/8/8/1375986594414/Police-and-forensic-offic-008.jpg?width=465&dpr=1&s=none&crop=none,../Scripts/output/guardian/guardian_images/guardian_2013-08-08_guardian_99c660b7c5_img01.jpg,Police and forensic officers near the scene of the shooting in Newport. Photograph: Tim Ireland/PA,,1,graph,2,photo|photograph,0,likely_visualization
guardian_cf7bebed55,The Guardian,2013,IPCC,Police watchdog criticises Met officer over use of CS gas on protesters,https://www.theguardian.com/uk-news/2013/aug/08/met-officer-cs-gas-protesters,2013-08-08,2018-01-11,1,https://i.guim.co.uk/img/static/sys-images/Guardian/Pix/pictures/2013/8/8/1375980516494/Mike-Firth-008.jpg?width=465&dpr=1&s=none&crop=none,../Scripts/output/guardian/guardian_images/guardian_2013-08-08_guardian_cf7bebed55_img01.jpg,Mike Firth after being sprayed in face with CS gas during a UK Uncut protest in January 2011. Photograph: Donnacha DeLong,,1,graph,2,photo|photograph,0,likely_visualization
guardian_443225aafa,The Guardian,2013,IPCC,Police marksman keeps job after having sex on duty with gun around ankles,https://www.theguardian.com/uk-news/2013/aug/12/police-man-sex-gun-ankles-gwent,2013-08-12,2017-12-01,1,https://i.guim.co.uk/img/static/sys-images/Guardian/About/General/2013/8/12/1376315586044/Armed-police-officer-008.jpg?width=465&dpr=1&s=none&crop=none,../Scripts/output/guardian/guardian_images/guardian_2013-08-12_guardian_443225aafa_img01.jpg,An armed police officer on duty. Photograph: Alamy,,1,graph,2,photo|photograph,0,likely_visualization
guardian_922ee0d5a2,The Guardian,2013,IPCC,Police officer jailed for sexual assault on two domestic violence victims,https://www.theguardian.com/uk-news/2013/aug/15/police-sexual-assault-domestic-violence-south-wales,2013-08-15,2017-12-01,1,https://i.guim.co.uk/img/static/sys-images/Guardian/Pix/pictures/2013/8/15/1376560098106/Jeffrey-Howard-Davies-010.jpg?width=465&dpr=1&s=none&crop=none,../Scripts/output/guardian/guardian_images/guardian_2013-08-15_guardian_922ee0d5a2_img01.jpg,"Police officer Jeffrey Howard Davies, who was jailed for three years for sexually assaulting two victims of domestic abuse. Photograph: Antony Stone/PA",,1,graph,2,photo|photograph,0,likely_visualization
guardian_a2bfa05b18,The Guardian,2013,IPCC,Blacklisting activists is a human rights scandal. An inquiry is overdue,https://www.theguardian.com/commentisfree/2013/aug/20/blacklisting-activists-human-rights-inquiry,2013-08-20,2018-01-11,1,https://i.guim.co.uk/img/static/sys-images/Guardian/Pix/pictures/2013/8/20/1376996152851/A-construction-worker-010.jpg?width=465&dpr=1&s=none&crop=none,../Scripts/output/guardian/guardian_images/guardian_2013-08-20_guardian_a2bfa05b18_img01.jpg,'The systematic victimisation of union safety reps in an industry with an exceptionally high fatality rate may be difficult to explain – but blacklisting could still be pigeonholed as an industrial relations issue. Not any more.' Photograph: Action Press/Rex Features,,1,graph,2,photo|photograph,0,likely_visualization
guardian_d02028377a,The Guardian,2013,IPCC,David Miranda detention - latest developments and reaction,https://www.theguardian.com/politics/blog/2013/aug/20/david-miranda-detention-latest-developments,2013-08-20,2025-05-27,2,https://i.guim.co.uk/img/static/sys-images/Guardian/Pix/pictures/2013/8/20/1377020148594/5f534bc9-1b28-4da1-8091-515b95274d52-2060x1236.jpeg?width=465&dpr=1&s=none&crop=none,../Scripts/output/guardian/guardian_images/guardian_2013-08-20_guardian_d02028377a_img02.jpeg,The remains of a Macbook that held information leaked by Edward Snowden to the Guardian and was destroyed at the behest of the UK government. Photograph: Roger Tooth Photograph: Roger Tooth/Guardian,,1,graph,2,photo|photograph,0,likely_visualization
guardian_d02028377a,The Guardian,2013,IPCC,David Miranda detention - latest developments and reaction,https://www.theguardian.com/politics/blog/2013/aug/20/david-miranda-detention-latest-developments,2013-08-20,2025-05-27,3,https://i.guim.co.uk/img/static/sys-images/Guardian/Pix/pictures/2013/8/20/1377004204635/57c755f8-6aca-4665-aec8-0dc29a976949-1024x768.png?width=465&dpr=1&s=none&crop=none,../Scripts/output/guardian/guardian_images/guardian_2013-08-20_guardian_d02028377a_img03.png,Alan Rusbridger Photograph: /BBC News Photograph: BBC News,,1,graph,2,photo|photograph,0,likely_visualization
guardian_d02028377a,The Guardian,2013,IPCC,David Miranda detention - latest developments and reaction,https://www.theguardian.com/politics/blog/2013/aug/20/david-miranda-detention-latest-developments,2013-08-20,2025-05-27,4,https://i.guim.co.uk/img/static/sys-images/Guardian/Pix/pictures/2013/8/20/1376995333757/7380dc50-4299-43d7-b9a7-75329648e6f2-2060x1236.jpeg?width=465&dpr=1&s=none&crop=none,../Scripts/output/guardian/guardian_images/guardian_2013-08-20_guardian_d02028377a_img04.jpeg,Yvette Cooper. Photograph: Ian Nicholson/PA Photograph: Ian Nicholson/PA,,1,graph,2,photo|photograph,0,likely_visualization
guardian_d02028377a,The Guardian,2013,IPCC,David Miranda detention - latest developments and reaction,https://www.theguardian.com/politics/blog/2013/aug/20/david-miranda-detention-latest-developments,2013-08-20,2025-05-27,5,https://i.guim.co.uk/img/static/sys-images/Guardian/Pix/pictures/2013/8/20/1376993551658/1033472a-bf4b-4285-9835-0305c16c8f31-bestSizeAvailable.png?width=465&dpr=1&s=none&crop=none,../Scripts/output/guardian/guardian_images/guardian_2013-08-20_guardian_d02028377a_img05.png,Louise Mensch Photograph: /BBC Photograph: BBC,,1,graph,2,photo|photograph,0,likely_visualization
guardian_94a2e8874a,The Guardian,2013,"""sea level rise""",Extreme weather and climate change: is there a link?,https://www.theguardian.com/environment/2013/aug/23/climate-change-carbon-emissions-ipcc-extreme-weather,2013-08-23,2021-08-25,1,https://i.guim.co.uk/img/static/sys-images/Environment/Pix/columnists/2012/12/4/1354617323469/Satellite-Eye-on-Earth--H-009.jpg?width=465&dpr=1&s=none&crop=none,../Scripts/output/guardian/guardian_images/guardian_2013-08-23_guardian_94a2e8874a_img01.jpg,"The links between global warming and cyclones, such as 2012's Hurricane Sandy, shown here, are not yet well understood. Photograph: Suomi NPP/VIIRS/NASA",,1,graph,2,photo|photograph,0,likely_visualization
guardian_7bb06147a4,The Guardian,2013,IPCC,"Rising levels of acids in seas may endanger marine life, says study",https://www.theguardian.com/environment/2013/aug/25/rising-acid-levels-seas-endanger-marine-poertner,2013-08-25,2025-06-10,1,https://i.guim.co.uk/img/static/sys-images/Guardian/Pix/pictures/2013/8/25/1377452417543/Evening-in-the-mudflats-008.jpg?width=465&dpr=1&s=none&crop=none,../Scripts/output/guardian/guardian_images/guardian_2013-08-25_guardian_7bb06147a4_img01.jpg,Oceans are one of the biggest areas of focus for current climate change research. Photograph: Federico Gambarini/dpa/Corbis,,1,graph,2,photo|photograph,0,likely_visualization
guardian_f84a7a6b6c,The Guardian,2013,IPCC,Police commissioners investigated over electoral fraud claims,https://www.theguardian.com/uk-news/2013/aug/25/police-commissioners-electoral-fraud-claims,2013-08-25,2017-12-01,1,https://i.guim.co.uk/img/static/sys-images/Guardian/Pix/pictures/2013/8/25/1377426165736/Police-officers-010.jpg?width=465&dpr=1&s=none&crop=none,../Scripts/output/guardian/guardian_images/guardian_2013-08-25_guardian_f84a7a6b6c_img01.jpg,Police and crime commissioners replaced existing police authorities in 41 areas across England and Wales in November. Photograph: Rodger Tamblyn / Alamy/Alamy,,1,graph,2,photo|photograph,0,likely_visualization
guardian_57d34762e9,The Guardian,2013,"""sea level rise""","Cooling Pacific has dampened global warming, research shows",https://www.theguardian.com/environment/2013/aug/28/cooling-pacific-dampened-global-warming,2013-08-28,2021-08-25,1,https://i.guim.co.uk/img/static/sys-images/Environment/Pix/columnists/2013/8/28/1377692208713/Global-warming-and-pacifi-009.jpg?width=465&dpr=1&s=none&crop=none,../Scripts/output/guardian/guardian_images/guardian_2013-08-28_guardian_57d34762e9_img01.jpg,View of Pacific Ocean from outer space. Photograph: MODIS/Terra/NASA,,1,graph,2,photo|photograph,0,likely_visualization
guardian_57d34762e9,The Guardian,2013,"""sea level rise""","Cooling Pacific has dampened global warming, research shows",https://www.theguardian.com/environment/2013/aug/28/cooling-pacific-dampened-global-warming,2013-08-28,2021-08-25,2,https://i.guim.co.uk/img/static/sys-images/Environment/Pix/pictures/2013/8/28/1377701081220/Global-temperature-rise-001.jpg?width=445&dpr=1&s=none&crop=none,../Scripts/output/guardian/guardian_images/guardian_2013-08-28_guardian_57d34762e9_img02.jpg,Global temperature rise Photograph: Guardian,,1,graph,2,photo|photograph,0,likely_visualization
guardian_d2e734e7b8,The Guardian,2013,"""sea level rise""",Global warming and oceans: what are the known unknowns?,https://www.theguardian.com/environment/climate-consensus-97-per-cent/2013/aug/28/global-warming-oceans-known-unknowns,2013-08-28,2021-08-25,2,https://i.guim.co.uk/img/static/sys-images/Guardian/Pix/pictures/2013/8/28/1377657588135/Johnson.jpg?width=445&dpr=1&s=none&crop=none,../Scripts/output/guardian/guardian_images/guardian_2013-08-28_guardian_d2e734e7b8_img02.jpg,"Gregory Johnson, Photograph courtesy of NOAA",,1,graph,2,photo|photograph,0,likely_visualization
guardian_0eb01e4020,The Guardian,2013,IPCC,The world does need a red line – on climate change,https://www.theguardian.com/commentisfree/2013/sep/09/fossil-fuels-climate-change-keystone-pipeline,2013-09-09,2021-08-25,1,https://i.guim.co.uk/img/static/sys-images/Guardian/Pix/pictures/2013/7/1/1372679704634/President-Barack-Obama-wi-008.jpg?width=465&dpr=1&s=none&crop=none,../Scripts/output/guardian/guardian_images/guardian_2013-09-09_guardian_0eb01e4020_img01.jpg,President Barack Obama wipes perspiration from his face as he speaks about climate change in Washington. Photograph: Charles Dharapak/AP,,1,graph,2,photo|photograph,0,likely_visualization
guardian_18098b513c,The Guardian,2013,IPCC,Detective should face gross misconduct charge over killer's questioning – IPCC,https://www.theguardian.com/uk-news/2013/sep/09/detective-gross-misconduct-charge-ipcc,2013-09-09,2018-01-11,1,https://i.guim.co.uk/img/static/sys-images/Guardian/Pix/pictures/2013/9/9/1378728321207/DS-Steve-Fulcher-008.jpg?width=465&dpr=1&s=none&crop=none,../Scripts/output/guardian/guardian_images/guardian_2013-09-09_guardian_18098b513c_img01.jpg,"Because DS Steve Fulcher (above) had not followed the rules, details of the interview were not deemed admissible in court. Photograph: Steve Parsons/PA",,1,graph,2,photo|photograph,0,likely_visualization
guardian_18098b513c,The Guardian,2013,IPCC,Detective should face gross misconduct charge over killer's questioning – IPCC,https://www.theguardian.com/uk-news/2013/sep/09/detective-gross-misconduct-charge-ipcc,2013-09-09,2018-01-11,2,https://i.guim.co.uk/img/static/sys-images/Guardian/Pix/pictures/2013/9/9/1378728487438/Sian-OCallaghan-and-Becky-008.jpg?width=445&dpr=1&s=none&crop=none,../Scripts/output/guardian/guardian_images/guardian_2013-09-09_guardian_18098b513c_img02.jpg,"Sian O'Callaghan, left, and Becky Godden-Edwards. Photograph: PA",,1,graph,2,photo|photograph,0,likely_visualization
guardian_2bd7b918d6,The Guardian,2013,"""global temperature""","Mars One: The psychology of isolation, confinement and 24-hour Big Brother",https://www.theguardian.com/science/head-quarters/2013/sep/09/neuroscience-psychology,2013-09-09,2018-02-14,1,https://i.guim.co.uk/img/static/sys-images/Guardian/Pix/pictures/2013/9/8/1378675223877/Mars-004.jpg?width=445&dpr=1&s=none&crop=none,../Scripts/output/guardian/guardian_images/guardian_2013-09-09_guardian_2bd7b918d6_img01.jpg,Colonising Mars will be as much a challenge of psychology as engineering. Photograph: Denis Scott/Corbis,,1,graph,2,photo|photograph,0,likely_visualization
guardian_77de87e31c,The Guardian,2013,IPCC,Police watchdog calls for murder case detective to face misconduct charge,https://www.theguardian.com/politics/2013/sep/09/ipcc-murder-detective-steve-fulcher-misconduct-charge,2013-09-09,2018-01-11,1,https://i.guim.co.uk/img/static/sys-images/Guardian/Pix/pictures/2013/9/9/1378728487438/Sian-OCallaghan-and-Becky-008.jpg?width=465&dpr=1&s=none&crop=none,../Scripts/output/guardian/guardian_images/guardian_2013-09-09_guardian_77de87e31c_img01.jpg,"Sian O'Callaghan, left and Becky Godden-Edwards. Photograph: PA",,1,graph,2,photo|photograph,0,likely_visualization
guardian_3efe0e6457,The Guardian,2013,"""sea level rise""",Cities bypass slow government to lead the way on climate change,https://www.theguardian.com/sustainable-business/cities-bypass-government-climate-change,2013-09-12,2013-09-18,2,https://i.guim.co.uk/img/static/sys-images/Guardian/Pix/pictures/2013/9/12/1378985918458/Bogota-transport-010.jpg?width=445&dpr=1&s=none&crop=none,../Scripts/output/guardian/guardian_images/guardian_2013-09-12_guardian_3efe0e6457_img02.jpg,Bogota transport Photograph: Alcadia Mayor de Bogota,,1,graph,2,photo|photograph,0,likely_visualization
guardian_3efe0e6457,The Guardian,2013,"""sea level rise""",Cities bypass slow government to lead the way on climate change,https://www.theguardian.com/sustainable-business/cities-bypass-government-climate-change,2013-09-12,2013-09-18,3,https://i.guim.co.uk/img/static/sys-images/Guardian/Pix/pictures/2013/9/12/1378986420135/Sinagore-transport-010.jpg?width=445&dpr=1&s=none&crop=none,../Scripts/output/guardian/guardian_images/guardian_2013-09-12_guardian_3efe0e6457_img03.jpg,Sinagore transport Photograph: Land Transport Authority of Singapore,,1,graph,2,photo|photograph,0,likely_visualization
guardian_44de6dd4af,The Guardian,2013,IPCC,Report shows companies still don't take climate change seriously,https://www.theguardian.com/sustainable-business/blog/cdp-report-companies-emissions-failing,2013-09-12,2021-08-25,1,https://i.guim.co.uk/img/static/sys-images/Guardian/Pix/gallery/2013/9/11/1378918855688/Factory-pollution-008.jpg?width=465&dpr=1&s=none&crop=none,../Scripts/output/guardian/guardian_images/guardian_2013-09-12_guardian_44de6dd4af_img01.jpg,"The continuing failure to reduce emissions means that tougher regulation will almost certainly be necessary, said an adviser on the report. Photograph: Alamy",,1,graph,2,photo|photograph,0,likely_visualization
guardian_b3f9bf255d,The Guardian,2013,IPCC,Detective faces conduct hearing over 'catastrophic' interrogation,https://www.theguardian.com/uk-news/2013/sep/12/detective-conduct-hearing-murder,2013-09-12,2017-09-20,1,https://i.guim.co.uk/img/static/sys-images/Guardian/Pix/pictures/2013/9/12/1379006435058/Becky-Godden-Edwards-008.jpg?width=465&dpr=1&s=none&crop=none,../Scripts/output/guardian/guardian_images/guardian_2013-09-12_guardian_b3f9bf255d_img01.jpg,Detective Fulcher's visit to a hilltop with murder suspect Christopher Halliwell led to the discovery of the body of Becky Godden-Edwards. Photograph: Nicholas Razzell/PA,,1,graph,2,photo|photograph,0,likely_visualization
guardian_10633b2705,The Guardian,2013,IPCC,My brother Mark Duggan was shot dead two years ago. But we still don't know why,https://www.theguardian.com/commentisfree/2013/sep/16/why-brother-mark-duggan-shot-dead,2013-09-16,2018-01-11,1,https://i.guim.co.uk/img/static/sys-images/Guardian/Pix/pictures/2013/9/15/1379247996483/duggan-funeral-008.jpg?width=465&dpr=1&s=none&crop=none,../Scripts/output/guardian/guardian_images/guardian_2013-09-16_guardian_10633b2705_img01.jpg,Mourners at Mark Duggan's funeral. 'To date we know little more than we did when the tragedy happened.' Photograph: Graeme Robertson,,1,graph,2,photo|photograph,0,likely_visualization
guardian_631c4345d1,The Guardian,2013,IPCC,The 5 stages of climate denial are on display ahead of the IPCC report,https://www.theguardian.com/environment/climate-consensus-97-per-cent/2013/sep/16/climate-change-contrarians-5-stages-denial,2013-09-16,2021-08-25,1,https://i.guim.co.uk/img/static/sys-images/Guardian/Pix/pictures/2013/9/7/1378565992615/Rupert-Murdoch-010.jpg?width=465&dpr=1&s=none&crop=none,../Scripts/output/guardian/guardian_images/guardian_2013-09-16_guardian_631c4345d1_img01.jpg,Rupert Murdoch's Wall Street Journal and The Australian are providing the media coverage for climate contrarian damage control. Photograph: Stefan Rousseau/PA,,1,graph,2,photo|photograph,0,likely_visualization
guardian_23092807ce,The Guardian,2013,IPCC,Police watchdog defends speed of Met's plebgate investigation,https://www.theguardian.com/uk-news/2013/sep/18/police-watchdog-speed-plebgate-investigation,2013-09-18,2018-01-11,1,https://i.guim.co.uk/img/static/sys-images/Guardian/Pix/pictures/2013/9/18/1379508985165/Andrew-Mitchell-010.jpg?width=465&dpr=1&s=none&crop=none,../Scripts/output/guardian/guardian_images/guardian_2013-09-18_guardian_23092807ce_img01.jpg,"Andrew Mitchell, who resigned as chief whip after he was accused of calling police officers 'plebs', which he vehemently denied. Photograph: Yui Mok/PA",,1,graph,2,photo|photograph,0,likely_visualization
guardian_476de0072e,The Guardian,2013,IPCC,How fast is Arctic sea ice melting?,https://www.theguardian.com/environment/2013/sep/18/how-fast-is-arctic-sea-ice-melting,2013-09-18,2021-08-27,10,https://i.guim.co.uk/img/static/sys-images/Guardian/Pix/pictures/2013/9/18/1379500035599/c87bd0d5-3ddf-4c29-b1c1-5ee2d91b1b7d-bestSizeAvailable.png?width=465&dpr=1&s=none&crop=none,../Scripts/output/guardian/guardian_images/guardian_2013-09-18_guardian_476de0072e_img10.png,Summer sea ice extent for 2012 and 2013. This year's sea ice minimum was the sixth lowest since records began. Photograph: NSIDC Photograph: NSIDC,,1,graph,2,photo|photograph,0,likely_visualization
guardian_4b14c5a16a,The Guardian,2013,IPCC,Arctic sea ice shrinks to sixth-lowest extent on record,https://www.theguardian.com/environment/2013/sep/18/arctic-sea-ice-shrinks-record-low,2013-09-18,2021-08-25,1,https://i.guim.co.uk/img/static/sys-images/Guardian/Pix/pictures/2012/10/28/1351447576013/Melting-sea-ice-near-Elle-008.jpg?width=465&dpr=1&s=none&crop=none,../Scripts/output/guardian/guardian_images/guardian_2013-09-18_guardian_4b14c5a16a_img01.jpg,"Melting sea ice near Ellesmere Island, Canada. Photograph: Gordon Wiltsie/ Gordon Wiltsie/National Geogra",,1,graph,2,photo|photograph,0,likely_visualization
guardian_4b14c5a16a,The Guardian,2013,IPCC,Arctic sea ice shrinks to sixth-lowest extent on record,https://www.theguardian.com/environment/2013/sep/18/arctic-sea-ice-shrinks-record-low,2013-09-18,2021-08-25,2,https://i.guim.co.uk/img/static/sys-images/Environment/Pix/pictures/2013/9/18/1379504585992/Arctic-sea-ice-extent-gra-001.jpg?width=445&dpr=1&s=none&crop=none,../Scripts/output/guardian/guardian_images/guardian_2013-09-18_guardian_4b14c5a16a_img02.jpg,Arctic sea ice extent graph. Photograph: guardian.co.uk,,1,graph,2,photo|photograph,0,likely_visualization
guardian_4b14c5a16a,The Guardian,2013,IPCC,Arctic sea ice shrinks to sixth-lowest extent on record,https://www.theguardian.com/environment/2013/sep/18/arctic-sea-ice-shrinks-record-low,2013-09-18,2021-08-25,3,https://i.guim.co.uk/img/static/sys-images/Environment/Pix/pictures/2013/9/18/1379503599693/Arctic-sea-ice-extent-Spe-001.jpg?width=445&dpr=1&s=none&crop=none,../Scripts/output/guardian/guardian_images/guardian_2013-09-18_guardian_4b14c5a16a_img03.jpg,Arctic sea ice extent September 2013. Photograph: guardian.co.uk,,1,graph,2,photo|photograph,0,likely_visualization
guardian_fcc65da530,The Guardian,2013,IPCC,"Green news roundup: Arctic sea ice, badger cull and bumblebees",https://www.theguardian.com/environment/2013/sep/18/green-news-roundup,2013-09-18,2021-07-26,1,https://i.guim.co.uk/img/static/sys-images/Environment/Pix/columnists/2013/9/18/1379500920985/Big-Picture--Mercury-poll-014.jpg?width=465&dpr=1&s=none&crop=none,../Scripts/output/guardian/guardian_images/guardian_2013-09-18_guardian_fcc65da530_img01.jpg,"Tailings produced by mining in Peru's Madre de Dios region, 13 September 2013. Photograph: Rodrigo Abd/AP",,1,graph,2,photo|photograph,0,likely_visualization
guardian_fcc65da530,The Guardian,2013,IPCC,"Green news roundup: Arctic sea ice, badger cull and bumblebees",https://www.theguardian.com/environment/2013/sep/18/green-news-roundup,2013-09-18,2021-07-26,2,https://i.guim.co.uk/img/static/sys-images/Environment/Pix/columnists/2013/9/18/1379518371900/ZSL-Animal-Photography-Pr-004.jpg?width=445&dpr=1&s=none&crop=none,../Scripts/output/guardian/guardian_images/guardian_2013-09-18_guardian_fcc65da530_img02.jpg,ZSL Animal Photography Prize 2013 weird and wonderful category highly commended : Greedy Green Gecko by Jeremy Cusack. Photograph: Jeremy Cusack/ZSL Animal Photography Prize 2013,,1,graph,2,photo|photograph,0,likely_visualization
guardian_fcc65da530,The Guardian,2013,IPCC,"Green news roundup: Arctic sea ice, badger cull and bumblebees",https://www.theguardian.com/environment/2013/sep/18/green-news-roundup,2013-09-18,2021-07-26,3,https://i.guim.co.uk/img/static/sys-images/Environment/Pix/columnists/2013/9/18/1379505638718/GDT-Fritz-P-lking-Prize-2-004.jpg?width=445&dpr=1&s=none&crop=none,../Scripts/output/guardian/guardian_images/guardian_2013-09-18_guardian_fcc65da530_img03.jpg,"With his story Car Cemetery - A Wildlife Reserve, Norwegian Photographer Pal Hermansen won this year‘s GDT Fritz Pölking Award 2013. Photograph: Pål Hermansen/GDT Fritz Pölking Prize 2013",,1,graph,2,photo|photograph,0,likely_visualization
guardian_fcc65da530,The Guardian,2013,IPCC,"Green news roundup: Arctic sea ice, badger cull and bumblebees",https://www.theguardian.com/environment/2013/sep/18/green-news-roundup,2013-09-18,2021-07-26,4,https://i.guim.co.uk/img/static/sys-images/Environment/Pix/pictures/2013/9/18/1379503972314/Women-from-Ecuadors-Amazo-003.jpg?width=445&dpr=1&s=none&crop=none,../Scripts/output/guardian/guardian_images/guardian_2013-09-18_guardian_fcc65da530_img04.jpg,Women from Ecuador's Amazon region join a march in Quito in support of the government's proposal to allow oil drilling in a section of the Yasuní national park. Photograph: Dolores Ochoa/AP,,1,graph,2,photo|photograph,0,likely_visualization
guardian_6830a526db,The Guardian,2013,IPCC,Russia urges UN climate report to include geoengineering,https://www.theguardian.com/environment/2013/sep/19/russia-un-climate-report-geoengineering,2013-09-19,2021-08-25,1,https://i.guim.co.uk/img/static/sys-images/Environment/Pix/columnists/2012/5/17/1337256733443/Geoengineering--SPICE--St-007.jpg?width=465&dpr=1&s=none&crop=none,../Scripts/output/guardian/guardian_images/guardian_2013-09-19_guardian_6830a526db_img01.jpg,Documents seen by the Guardian show Russia is asking for a conclusion of the report to recommend geoengineering. Photograph: Graham Turner for the Guardian,,1,graph,2,photo|photograph,0,likely_visualization
guardian_6656e356c1,The Guardian,2013,"""sea level rise""","Arctic on course for ice-free summer 'within decades', scientists say",https://www.theguardian.com/environment/2013/sep/20/arctic-sea-ice-decline-melting-summer,2013-09-20,2021-08-25,1,https://i.guim.co.uk/img/static/sys-images/Guardian/Pix/pictures/2012/10/14/1350226843247/Arctic-iceberg-009.jpg?width=465&dpr=1&s=none&crop=none,../Scripts/output/guardian/guardian_images/guardian_2013-09-20_guardian_6656e356c1_img01.jpg,"The Arctic could be ice-free in summer within decades, scientists have said. Photograph: Jenny E Ross/Corbis",,1,graph,2,photo|photograph,0,likely_visualization
guardian_b0abd17a61,The Guardian,2013,IPCC,Police officers could face charges over men's wrongful murder conviction,https://www.theguardian.com/uk-news/2013/sep/20/police-officers-men-wrongful-conviction,2013-09-20,2018-01-11,1,https://i.guim.co.uk/img/static/sys-images/Guardian/Pix/pictures/2013/9/20/1379699207605/Kevin-Nunes-010.jpg?width=465&dpr=1&s=none&crop=none,../Scripts/output/guardian/guardian_images/guardian_2013-09-20_guardian_b0abd17a61_img01.jpg,"Kevin Nunes, who was shot dead in 2002. Five men's conviction for his murder was later overturned. Photograph: Staffordshire police/PA",,1,graph,2,photo|photograph,0,likely_visualization
guardian_3a7e9436d0,The Guardian,2013,IPCC,"To fight climate change, we must trust scientific truth and collective action",https://www.theguardian.com/commentisfree/2013/sep/21/climate-change-scientific-truth-collective,2013-09-21,2021-08-25,1,https://i.guim.co.uk/img/static/sys-images/guardian/Pix/pictures/2013/9/21/1379793818249/Protest-against-fossil-fu-010.jpg?width=465&dpr=1&s=none&crop=none,../Scripts/output/guardian/guardian_images/guardian_2013-09-21_guardian_3a7e9436d0_img01.jpg,Those on the 'highly ideological right wing' will instinctively distrust calls for collective action on climate change. Photograph: Alex Milan Tracy/NurPhoto/Corbis,,1,graph,2,photo|photograph,0,likely_visualization
guardian_4a9617d7c3,The Guardian,2013,"""global temperature""",World leaders must co-operate on talks for strong new climate change deal,https://www.theguardian.com/commentisfree/2013/sep/21/world-leaders-climate-change-challenge,2013-09-21,2021-08-25,1,https://i.guim.co.uk/img/static/sys-images/Arts/Arts_/Pictures/2013/9/21/1379771121749/Arctic-Glacier-Ice-Meltin-010.jpg?width=465&dpr=1&s=none&crop=none,../Scripts/output/guardian/guardian_images/guardian_2013-09-21_guardian_4a9617d7c3_img01.jpg,"Arctic glacier ice melting in Svalbard KongsFjorden, Norway. Photograph: Goncalo Diniz/Alamy",,1,graph,2,photo|photograph,0,likely_visualization
guardian_dec13f1d97,The Guardian,2013,"""global temperature""",Climate change: IPCC cites global temperature rise over last century,https://www.theguardian.com/environment/2013/sep/21/climate-change-ipcc-fossil-temperature,2013-09-21,2021-08-25,1,https://i.guim.co.uk/img/static/sys-images/guardian/Pix/pictures/2013/9/21/1379790747902/An-iceberg-melts-iion-Kul-010.jpg?width=465&dpr=1&s=none&crop=none,../Scripts/output/guardian/guardian_images/guardian_2013-09-21_guardian_dec13f1d97_img01.jpg,The report dismisses climate change denier's suggestions that recent global warming is explained by variations in the sun's energy. Photograph: John Mcconnico/AP,,1,graph,2,photo|photograph,0,likely_visualization
guardian_397c1ceca9,The Guardian,2013,IPCC,Andrew Mitchell faces legal fees setback over 'plebgate' libel case,https://www.theguardian.com/politics/2013/sep/22/andrew-mitchell-legal-fees-setback-plebgate,2013-09-22,2017-12-01,1,https://i.guim.co.uk/img/static/sys-images/Guardian/About/General/2013/9/22/1379868939440/Andrew-Mitchell-Plebgate--010.jpg?width=465&dpr=1&s=none&crop=none,../Scripts/output/guardian/guardian_images/guardian_2013-09-22_guardian_397c1ceca9_img01.jpg,The high court has ruled Andrew Mitchell will not be able to claim legal fees in his plebgate libel case against the Sun. Photograph: Yui Mok/PA,,1,graph,2,photo|photograph,0,likely_visualization
guardian_364feac8d7,The Guardian,2013,"""global temperature""","Children will bear brunt of climate change impact, new study says",https://www.theguardian.com/environment/2013/sep/23/children-bear-brunt-climate-change-new-study,2013-09-23,2021-08-25,1,https://i.guim.co.uk/img/static/sys-images/Guardian/Pix/pictures/2013/9/22/1379863248178/Indian-children-displaced-010.jpg?width=465&dpr=1&s=none&crop=none,../Scripts/output/guardian/guardian_images/guardian_2013-09-23_guardian_364feac8d7_img01.jpg,Indian children displaced due to the flooding of the River Ganges sit by a roadside in Allahabad. Photograph: Rajesh Kumar Singh/AP,,1,graph,2,photo|photograph,0,likely_visualization
guardian_3ca403fd7b,The Guardian,2013,IPCC,"Major fossil fuel reserves must be left in the ground, senior diplomat warns",https://www.theguardian.com/environment/2013/sep/23/fossil-fuel-reserves-left-in-ground,2013-09-23,2022-10-19,1,https://i.guim.co.uk/img/static/sys-images/Guardian/Pix/pictures/2012/7/5/1341507987901/Mary-Robinson-former-pres-008.jpg?width=465&dpr=1&s=none&crop=none,../Scripts/output/guardian/guardian_images/guardian_2013-09-23_guardian_3ca403fd7b_img01.jpg,"The former Irish president and UN high commissioner, Mary Robinson, is to spearhead a new international push aimed at breaking the climate talks deadlock and silencing sceptics. Photograph: Martin Argles for the Guardian",,1,graph,2,photo|photograph,0,likely_visualization
guardian_e1c3c5994e,The Guardian,2013,"""global temperature""",Magical climate contrarian thinking debunked by real science,https://www.theguardian.com/environment/climate-consensus-97-per-cent/2013/sep/23/climate-science-magical-thinking-debunked-by-science,2013-09-23,2021-08-25,1,https://i.guim.co.uk/img/static/sys-images/Guardian/Pix/pictures/2012/7/12/1342102849672/Magician-wand-008.jpg?width=465&dpr=1&s=none&crop=none,../Scripts/output/guardian/guardian_images/guardian_2013-09-23_guardian_e1c3c5994e_img01.jpg,Magical thinking doesn't belong in science. Photograph: Hypermania Images / Alamy/Alamy,,1,graph,2,photo|photograph,0,likely_visualization
guardian_4ab5d83cfd,The Guardian,2013,IPCC,Leading climate change economist brands sceptics 'irrational',https://www.theguardian.com/environment/2013/sep/24/lord-stern-climate-change-sceptics-irrational,2013-09-24,2021-08-25,1,https://i.guim.co.uk/img/static/sys-images/Guardian/Pix/pictures/2013/9/24/1380058905659/Lord-Nicholas-Stern-010.jpg?width=465&dpr=1&s=none&crop=none,../Scripts/output/guardian/guardian_images/guardian_2013-09-24_guardian_4ab5d83cfd_img01.jpg,Lord Nicholas Stern says some sceptics are in the pay of hostile industries. Photograph: Sarah Lee for the Guardian,,1,graph,2,photo|photograph,0,likely_visualization
guardian_8336e333ac,The Guardian,2013,"""sea level rise""",Why geoengineering suits Russia's carbon agenda,https://www.theguardian.com/environment/2013/sep/24/why-geoengineering-suits-russias-carbon-agenda,2013-09-24,2021-08-27,2,https://i.guim.co.uk/img/static/sys-images/Guardian/Pix/pictures/2013/9/23/1379933319167/6f3b1ead-8c49-467a-a3ab-3ec34c763557-2060x1236.jpeg?width=445&dpr=1&s=none&crop=none,../Scripts/output/guardian/guardian_images/guardian_2013-09-24_guardian_8336e333ac_img02.jpeg,Greenpeace activists detained as they try to board the Prirazlomnaya offshore oil platform in the Pechora Sea to protest against oil drilling in the Arctic. Photo:ITAR-TASS/Corbis/Greenpeace Photograph: Photo ITAR-TASS/ Photo ITAR-TASS/ITAR-TASS Photo/Corbis,,1,graph,2,photo|photograph,0,likely_visualization
guardian_42aaba6e06,The Guardian,2013,IPCC,An Enemy of the People: telling stories about science and politics,https://www.theguardian.com/science/political-science/2013/sep/25/enemy-of-the-people,2013-09-25,2021-08-25,1,https://i.guim.co.uk/img/static/sys-images/Guardian/Pix/pictures/2013/9/25/1380104347474/Indrani-Mamata-Shanka-and-012.jpg?width=465&dpr=1&s=none&crop=none,../Scripts/output/guardian/guardian_images/guardian_2013-09-25_guardian_42aaba6e06_img01.jpg,Indrani (Mamata Shanka) and Maya (Ruma Guha Thakurta) in Satyajit Ray's 1989 film Ganashatru. Photograph: BFI,,1,graph,2,photo|photograph,0,likely_visualization
guardian_4b52c3bda3,The Guardian,2013,IPCC,The Maldives is the extreme test case for climate change action,https://www.theguardian.com/environment/damian-carrington-blog/2013/sep/26/maldives-test-case-climate-change-action,2013-09-26,2021-08-25,1,https://i.guim.co.uk/img/static/sys-images/Guardian/Pix/pictures/2011/5/12/1305217325663/Under-threat-Baa-Atoll-Ma-007.jpg?width=465&dpr=1&s=none&crop=none,../Scripts/output/guardian/guardian_images/guardian_2013-09-26_guardian_4b52c3bda3_img01.jpg,"Paradox in paradise: the Maldives economy runs on the natural beauty that development, climate change and other environmental problems threaten. Photograph: Sakis Papadopoulos",,1,graph,2,photo|photograph,0,likely_visualization
guardian_cb968b1e30,The Guardian,2013,IPCC,"Green news roundup: IPCC, wildlife comeback and energy giants",https://www.theguardian.com/environment/2013/sep/26/1,2013-09-26,2021-07-26,1,https://i.guim.co.uk/img/static/sys-images/Politics/Pix/pictures/2008/03/06/iceberg.jpg?width=445&dpr=1&s=none&crop=none,../Scripts/output/guardian/guardian_images/guardian_2013-09-26_guardian_cb968b1e30_img01.jpg,An iceberg melts in Greeland in 2007. Climate change. Environment. Global warming. Photograph: John McConnico/AP,,1,graph,2,photo|photograph,0,likely_visualization
guardian_08ff6c5dce,The Guardian,2013,"""global temperature""",Climate change? Try catastrophic climate breakdown,https://www.theguardian.com/environment/georgemonbiot/2013/sep/27/ipcc-climate-change-report-global-warming,2013-09-27,2021-08-25,1,https://i.guim.co.uk/img/static/sys-images/Guardian/Pix/pictures/2013/9/27/1380308688599/Mary-Robinson-008.jpg?width=465&dpr=1&s=none&crop=none,../Scripts/output/guardian/guardian_images/guardian_2013-09-27_guardian_08ff6c5dce_img01.jpg,Former Irish president Mary Robinson emphasized the need to leave fossil fuels untouched. Photograph: Martin Argles for the Guardian,,1,graph,2,photo|photograph,0,likely_visualization
guardian_111b012a62,The Guardian,2013,IPCC,Martin Rowson on the IPCC report,https://www.theguardian.com/commentisfree/cartoon/2013/sep/27/ipcc-global-climate-talks,2013-09-27,2021-08-25,1,https://i.guim.co.uk/img/static/sys-images/Guardian/Pix/pictures/2013/9/27/1380315789276/Martin-Rowson-28.09.2013-013.jpg?width=480&dpr=1&s=none&crop=none,../Scripts/output/guardian/guardian_images/guardian_2013-09-27_guardian_111b012a62_img01.jpg,Martin Rowson 28.09.2013 Photograph: © Martin Rowson Illustration: © Martin Rowson,,1,graph,2,photo|photograph,0,likely_visualization
guardian_12715b2d42,The Guardian,2013,"""global temperature""",IPCC report: Australia can expect 6C rise on hottest days,https://www.theguardian.com/environment/2013/sep/27/climate-change-report-hotter-australia,2013-09-27,2021-08-25,1,https://i.guim.co.uk/img/static/sys-images/Guardian/Pix/pictures/2013/9/27/1380263527359/Kakadu-national-park-010.jpg?width=465&dpr=1&s=none&crop=none,../Scripts/output/guardian/guardian_images/guardian_2013-09-27_guardian_12715b2d42_img01.jpg,"Magpie geese in Kakadu. Rising sea levels will risk causing ""extensive loss"" of wetland habitat, the report will say. Photograph: Stephen van der Mark/AAP/PR image",,1,graph,2,photo|photograph,0,likely_visualization
guardian_3511406df9,The Guardian,2013,IPCC,It's vital that business acts on the IPCC's warnings,https://www.theguardian.com/sustainable-business/blog/vital-business-act-ipcc-warnings,2013-09-27,2021-08-25,1,https://i.guim.co.uk/img/static/sys-images/Guardian/Pix/pictures/2013/9/27/1380290647594/Oil-pumps-at-sunset-in-Ca-010.jpg?width=465&dpr=1&s=none&crop=none,../Scripts/output/guardian/guardian_images/guardian_2013-09-27_guardian_3511406df9_img01.jpg,Oil pumps in California. Some financial institutions have already been withdrawing from fossil fuels. Photograph: Jurgen Vogt/Alamy,,1,graph,2,photo|photograph,0,likely_visualization
guardian_5193bfb825,The Guardian,2013,IPCC,Do the UN's new numbers for livestock emissions kill the argument for vegetarianism?,https://www.theguardian.com/environment/world-on-a-plate/2013/sep/27/environment-food-ipcc-emissions-greenhouse-gas-livestock-vegetarian-meat,2013-09-27,2021-08-25,1,https://i.guim.co.uk/img/static/sys-images/Guardian/Pix/pictures/2012/4/13/1334336355920/A-pig-farm-in-Changzhi-Sh-008.jpg?width=465&dpr=1&s=none&crop=none,../Scripts/output/guardian/guardian_images/guardian_2013-09-27_guardian_5193bfb825_img01.jpg,A new report says the livestock sector could cut its emissions by 30%. Photograph: View China Photo/Rex Features,,1,graph,2,photo|photograph,0,likely_visualization
guardian_6304b6e76a,The Guardian,2013,IPCC,Coalition urged to raise emissions reduction target in wake of IPCC report,https://www.theguardian.com/environment/2013/sep/27/coalition-raise-emissions-reduction-target,2013-09-27,2021-08-27,1,https://i.guim.co.uk/img/static/sys-images/Guardian/Pix/pictures/2013/9/27/1380270633689/Hazelwood-power-station--010.jpg?width=465&dpr=1&s=none&crop=none,../Scripts/output/guardian/guardian_images/guardian_2013-09-27_guardian_6304b6e76a_img01.jpg,The Hazelwood power station in Victoria is one of the least carbon-efficient plants in the OECD. Critics have said the Coalition's Direct Action plan will fail to meet its emissions reduction target. Photograph: David Crosling/AAP,,1,graph,2,photo|photograph,0,likely_visualization
guardian_85487b3a17,The Guardian,2013,"""sea level rise""",IPCC climate change report by numbers,https://www.theguardian.com/environment/planet-oz/2013/sep/27/ipcc-report-climate-change-numbers,2013-09-27,2021-08-25,1,https://i.guim.co.uk/img/static/sys-images/Guardian/Pix/pictures/2013/9/26/1380216956122/IPCC-Melting-Glaciers-011.jpg?width=465&dpr=1&s=none&crop=none,../Scripts/output/guardian/guardian_images/guardian_2013-09-27_guardian_85487b3a17_img01.jpg,"Tracy Arm-Fords Terror Wilderness, Icebergs calve with massive splash from Dawes Glacier in Endicott Arm Photograph: Paul Souders/Corbis",,1,graph,2,photo|photograph,0,likely_visualization
guardian_8c96476e82,The Guardian,2013,"""global temperature""",Why has geoengineering been legitimised by the IPCC?,https://www.theguardian.com/science/political-science/2013/sep/27/science-policy1,2013-09-27,2021-08-25,1,https://i.guim.co.uk/img/static/sys-images/Guardian/Pix/pictures/2013/8/20/1377002158316/Planet-Earth-008.jpg?width=465&dpr=1&s=none&crop=none,../Scripts/output/guardian/guardian_images/guardian_2013-09-27_guardian_8c96476e82_img01.jpg,Planet Earth. Photograph: Corbis,,1,graph,2,photo|photograph,0,likely_visualization
guardian_dd1331a5c2,The Guardian,2013,"""sea level rise""",Global warming pause is a mirage: the science is clear and the threat real,https://www.theguardian.com/environment/damian-carrington-blog/2013/sep/27/global-warming-pause-mirage-ipcc,2013-09-27,2021-08-25,1,https://i.guim.co.uk/img/static/sys-images/Guardian/Pix/pictures/2013/9/26/1380216640076/IPCC-Arctic-Sea-Ice-009.jpg?width=465&dpr=1&s=none&crop=none,../Scripts/output/guardian/guardian_images/guardian_2013-09-27_guardian_dd1331a5c2_img01.jpg,A polar bear on Arctic sea ice. Photograph: Ralph Lee Hopkins/Corbis,,1,graph,2,photo|photograph,0,likely_visualization
guardian_e2fd6b8b45,The Guardian,2013,"""carbon budget""",What does the IPCC report mean for business and investors?,https://www.theguardian.com/sustainable-business/blog/ipcc-report-business-investor-response,2013-09-27,2021-08-25,2,https://i.guim.co.uk/img/static/sys-images/Guardian/Pix/pictures/2013/9/27/1380300944948/Paul-Simpson-003.jpg?width=445&dpr=1&s=none&crop=none,../Scripts/output/guardian/guardian_images/guardian_2013-09-27_guardian_e2fd6b8b45_img02.jpg,Photograph: CDP,,1,graph,2,photo|photograph,0,likely_visualization
guardian_e2fd6b8b45,The Guardian,2013,"""carbon budget""",What does the IPCC report mean for business and investors?,https://www.theguardian.com/sustainable-business/blog/ipcc-report-business-investor-response,2013-09-27,2021-08-25,3,https://i.guim.co.uk/img/static/sys-images/Guardian/Pix/pictures/2013/9/27/1380288505900/Anthony-Hobley-Norton-Ros-003.jpg?width=445&dpr=1&s=none&crop=none,../Scripts/output/guardian/guardian_images/guardian_2013-09-27_guardian_e2fd6b8b45_img03.jpg,Photograph: Norton Rose,,1,graph,2,photo|photograph,0,likely_visualization
guardian_e2fd6b8b45,The Guardian,2013,"""carbon budget""",What does the IPCC report mean for business and investors?,https://www.theguardian.com/sustainable-business/blog/ipcc-report-business-investor-response,2013-09-27,2021-08-25,4,https://i.guim.co.uk/img/static/sys-images/Guardian/Pix/pictures/2013/9/27/1380300695922/Jeremy-Leggett-003.jpg?width=445&dpr=1&s=none&crop=none,../Scripts/output/guardian/guardian_images/guardian_2013-09-27_guardian_e2fd6b8b45_img04.jpg,Photograph: Murdo Macleod,,1,graph,2,photo|photograph,0,likely_visualization
guardian_e2fd6b8b45,The Guardian,2013,"""carbon budget""",What does the IPCC report mean for business and investors?,https://www.theguardian.com/sustainable-business/blog/ipcc-report-business-investor-response,2013-09-27,2021-08-25,5,https://i.guim.co.uk/img/static/sys-images/Guardian/Pix/pictures/2013/9/27/1380304063587/Letitia-Webster-003.jpg?width=445&dpr=1&s=none&crop=none,../Scripts/output/guardian/guardian_images/guardian_2013-09-27_guardian_e2fd6b8b45_img05.jpg,Photograph: Letitia Webster,,1,graph,2,photo|photograph,0,likely_visualization
guardian_e30b3e09d4,The Guardian,2013,"""sea level rise""",Climate change report: live reaction to IPCC conclusions,https://www.theguardian.com/environment/2013/sep/27/ipcc-climate-change-report-ar5-live-coverage,2013-09-27,2021-08-25,4,https://i.guim.co.uk/img/static/sys-images/Guardian/Pix/pictures/2013/9/27/1380290343537/e9f0ded4-c5b6-4016-a7b0-20b0baa085df-2060x1236.jpeg?width=465&dpr=1&s=none&crop=none,../Scripts/output/guardian/guardian_images/guardian_2013-09-27_guardian_e30b3e09d4_img04.jpeg,Ed Davey MP. Photograph: Murdo MacLeod Photograph: Murdo MacLeod,,1,graph,2,photo|photograph,0,likely_visualization
guardian_e30b3e09d4,The Guardian,2013,"""sea level rise""",Climate change report: live reaction to IPCC conclusions,https://www.theguardian.com/environment/2013/sep/27/ipcc-climate-change-report-ar5-live-coverage,2013-09-27,2021-08-25,5,https://i.guim.co.uk/img/static/sys-images/Guardian/Pix/pictures/2013/9/27/1380289983771/53a53594-27c1-44ef-b73e-dcb92593e0cf-2060x1236.jpeg?width=465&dpr=1&s=none&crop=none,../Scripts/output/guardian/guardian_images/guardian_2013-09-27_guardian_e30b3e09d4_img05.jpeg,"Shadow minister for energy and climate change, Luciana Berger. Photograph: Stefan Rousseau/PA Photograph: Stefan Rousseau/PA",,1,graph,2,photo|photograph,0,likely_visualization
guardian_e30b3e09d4,The Guardian,2013,"""sea level rise""",Climate change report: live reaction to IPCC conclusions,https://www.theguardian.com/environment/2013/sep/27/ipcc-climate-change-report-ar5-live-coverage,2013-09-27,2021-08-25,9,https://i.guim.co.uk/img/static/sys-images/Guardian/Pix/pictures/2013/9/27/1380277006501/69b87852-7408-4e58-ba44-4e2f237d8f84-2060x1236.jpeg?width=465&dpr=1&s=none&crop=none,../Scripts/output/guardian/guardian_images/guardian_2013-09-27_guardian_e30b3e09d4_img09.jpeg,"Natalie Bennett leader of the Green party in England and Wales who has claimed that British politics is heading for ""big shifts"" in the next few years as voters abandon the mainstream parties in the search for ""new answers"". Photograph: Max Nash/PA Photograph: Max Nash/PA",,1,graph,2,photo|photograph,0,likely_visualization
guardian_e30b3e09d4,The Guardian,2013,"""sea level rise""",Climate change report: live reaction to IPCC conclusions,https://www.theguardian.com/environment/2013/sep/27/ipcc-climate-change-report-ar5-live-coverage,2013-09-27,2021-08-25,10,https://i.guim.co.uk/img/static/sys-images/Guardian/Pix/pictures/2013/9/27/1380276563601/9b1da97a-adfc-4cd1-87a4-3d26542f53d7-620x372.png?width=465&dpr=1&s=none&crop=none,../Scripts/output/guardian/guardian_images/guardian_2013-09-27_guardian_e30b3e09d4_img10.png,How will it get in your lifetime? Photograph: Guardian,,1,graph,2,photo|photograph,0,likely_visualization
guardian_e30b3e09d4,The Guardian,2013,"""sea level rise""",Climate change report: live reaction to IPCC conclusions,https://www.theguardian.com/environment/2013/sep/27/ipcc-climate-change-report-ar5-live-coverage,2013-09-27,2021-08-25,12,https://i.guim.co.uk/img/static/sys-images/Guardian/Pix/pictures/2013/9/27/1380268660538/d1de263f-e0f5-48c7-bd49-db92447bc23c-2060x1236.jpeg?width=465&dpr=1&s=none&crop=none,../Scripts/output/guardian/guardian_images/guardian_2013-09-27_guardian_e30b3e09d4_img12.jpeg,Le Conte Glacier in Alaska Photograph: Ernest Manewal/Purestock/Super Photograph: Ernest Manewal/Purestock/ Ernest Manewal/Purestock/Super,,1,graph,2,photo|photograph,0,likely_visualization
guardian_e30b3e09d4,The Guardian,2013,"""sea level rise""",Climate change report: live reaction to IPCC conclusions,https://www.theguardian.com/environment/2013/sep/27/ipcc-climate-change-report-ar5-live-coverage,2013-09-27,2021-08-25,13,https://i.guim.co.uk/img/static/sys-images/Guardian/Pix/pictures/2012/6/29/1340976217268/Sir-Mark-Walport-008.jpg?width=465&dpr=1&s=none&crop=none,../Scripts/output/guardian/guardian_images/guardian_2013-09-27_guardian_e30b3e09d4_img13.jpg,"Sir Mark Walport, former director of the Wellcome Trust and the UK government's chief scientific adviser, who succeeded Sir John Beddington in April 2013. Photograph: Wellcome Photograph: Wellcome",,1,graph,2,photo|photograph,0,likely_visualization
guardian_3892f6e6fc,The Guardian,2013,"""sea level rise""",The new IPCC climate change report makes deniers overheat,https://www.theguardian.com/commentisfree/2013/sep/28/ipcc-climate-change-deniers,2013-09-28,2021-08-26,1,https://i.guim.co.uk/img/static/sys-images/Guardian/Pix/pictures/2013/7/23/1374579401662/8156d1de-db03-4718-b9fd-48592be368bb-460x276.jpeg?width=465&dpr=1&s=none&crop=none,../Scripts/output/guardian/guardian_images/guardian_2013-09-28_guardian_3892f6e6fc_img01.jpeg,The fifth IPCC report express confidence that climate change is causing various forms of extreme weather. Photograph: Jason Reeve/Demotix/Corbis,,1,graph,2,photo|photograph,0,likely_visualization
guardian_c5230f31f2,The Guardian,2013,IPCC,British plan to avert climate disaster using sun power,https://www.theguardian.com/environment/2013/sep/29/sunpower-programme-climate-change,2013-09-28,2021-08-25,1,https://i.guim.co.uk/img/static/sys-images/Guardian/Pix/pictures/2013/9/28/1380387240035/-Vast-promise--Solar-pane-010.jpg?width=465&dpr=1&s=none&crop=none,../Scripts/output/guardian/guardian_images/guardian_2013-09-28_guardian_c5230f31f2_img01.jpg,‘Vast promise’: Solar panels in Los Angeles. Photograph: REX/Cultura,,1,graph,2,photo|photograph,0,likely_visualization
guardian_e71a1345e4,The Guardian,2013,IPCC,"I don't want UK to be at forefront of tackling climate change, says Osborne",https://www.theguardian.com/environment/2013/sep/28/climate-change-energy-bills-george-osborne,2013-09-28,2021-08-25,1,https://i.guim.co.uk/img/static/sys-images/Guardian/Pix/pictures/2013/9/28/1380363006312/George-Osborne-010.jpg?width=465&dpr=1&s=none&crop=none,../Scripts/output/guardian/guardian_images/guardian_2013-09-28_guardian_e71a1345e4_img01.jpg,George Osborne attacked Labour’s plans to eliminate carbon from the power sector by 2030. Photograph: Chris Ison/PA,,1,graph,2,photo|photograph,0,likely_visualization
guardian_517ee4ac43,The Guardian,2013,IPCC,Cardiff Three police corruption inquiry interviewed more than 50 officers,https://www.theguardian.com/uk-news/2013/sep/30/cardiff-three-inquiry-report,2013-09-30,2017-12-01,1,https://i.guim.co.uk/img/static/sys-images/Guardian/Pix/pictures/2013/9/30/1380563930234/Lynette-White-008.jpg?width=465&dpr=1&s=none&crop=none,../Scripts/output/guardian/guardian_images/guardian_2013-09-30_guardian_517ee4ac43_img01.jpg,Lynette White was murdered in Cardiff on Valentine’s Day 1988. Photograph: PA,,1,graph,2,photo|photograph,0,likely_visualization
guardian_780d5e974d,The Guardian,2013,IPCC,"Memo to Osborne: It's the green economy, stupid",https://www.theguardian.com/environment/damian-carrington-blog/2013/sep/30/george-osborne-green-economy-stupid,2013-09-30,2021-08-25,1,https://i.guim.co.uk/img/static/sys-images/Guardian/Pix/pictures/2013/9/30/1380542027103/George-Osborne-Chancellor-008.jpg?width=465&dpr=1&s=none&crop=none,../Scripts/output/guardian/guardian_images/guardian_2013-09-30_guardian_780d5e974d_img01.jpg,"George Osborne: 'I am going to stop the tendency that says ""stop the world, I want to get off"".' Photograph: Ray Tang/Rex Features",,1,graph,2,photo|photograph,0,likely_visualization
guardian_b52e94f343,The Guardian,2013,IPCC,Cardiff Three police corruption investigation satisfies IPCC,https://www.theguardian.com/uk-news/2013/sep/30/cardiff-three-police-corruption-investigation-ipcc-lynette-white,2013-09-30,2018-01-11,1,https://i.guim.co.uk/img/static/sys-images/Guardian/About/General/2013/9/30/1380545968209/Lynette-White-court-case-010.jpg?width=465&dpr=1&s=none&crop=none,../Scripts/output/guardian/guardian_images/guardian_2013-09-30_guardian_b52e94f343_img01.jpg,"Yusef Abdullahi, Stephen Miller and Tony Paris, not pictured, were freed in 1992 by the court of appeal. The corruption trial of eight former officers collapsed in 2011 because of missing key documents. Photograph: PA",,1,graph,2,photo|photograph,0,likely_visualization
guardian_b52e94f343,The Guardian,2013,IPCC,Cardiff Three police corruption investigation satisfies IPCC,https://www.theguardian.com/uk-news/2013/sep/30/cardiff-three-police-corruption-investigation-ipcc-lynette-white,2013-09-30,2018-01-11,2,https://i.guim.co.uk/img/static/sys-images/Guardian/About/General/2013/9/30/1380546081058/Lynette-White-006.jpg?width=445&dpr=1&s=none&crop=none,../Scripts/output/guardian/guardian_images/guardian_2013-09-30_guardian_b52e94f343_img02.jpg,Lynette White was murdered in 1988. Photograph: South Wales police/PA,,1,graph,2,photo|photograph,0,likely_visualization
guardian_dbae17269d,The Guardian,2013,"""carbon budget""",Carbon pricing: Anthony Albanese and Bill Shorten promise to stand firm,https://www.theguardian.com/world/2013/sep/30/carbon-pricing-labor-albanese-shorten,2013-09-30,2021-08-25,1,https://i.guim.co.uk/img/static/sys-images/Guardian/Pix/pictures/2013/9/20/1379657741879/shorten-albanese-composit-008.jpg?width=465&dpr=1&s=none&crop=none,../Scripts/output/guardian/guardian_images/guardian_2013-09-30_guardian_dbae17269d_img01.jpg,Urged to tackle Labor's internal division over the environment: Anthony Albanese and Bill Shorten. Photographs: AAP,,1,graph,2,photo|photograph,0,likely_visualization
guardian_e26a8977a9,The Guardian,2013,IPCC,Owen Paterson v the science of climate change,https://www.theguardian.com/environment/blog/2013/sep/30/owen-paterson-science-climate-change,2013-09-30,2021-08-25,1,https://i.guim.co.uk/img/static/sys-images/Guardian/Pix/pictures/2013/9/30/1380539301984/Owen-Paterson-009.jpg?width=465&dpr=1&s=none&crop=none,../Scripts/output/guardian/guardian_images/guardian_2013-09-30_guardian_e26a8977a9_img01.jpg,"Owen Paterson, the secretary of state for environment, food and rural affairs. Photograph: Dominic Lipinski/PA",,1,graph,2,photo|photograph,0,likely_visualization
guardian_282001fe86,The Guardian,2013,IPCC,BBC coverage of IPCC climate report criticised for sceptics' airtime,https://www.theguardian.com/media/2013/oct/01/bbc-coverage-climate-report-ipcc-sceptics,2013-10-01,2021-08-25,1,https://i.guim.co.uk/img/static/sys-images/Guardian/Pix/pictures/2013/10/1/1380654001366/Steve-Jones-biologist-010.jpg?width=465&dpr=1&s=none&crop=none,../Scripts/output/guardian/guardian_images/guardian_2013-10-01_guardian_282001fe86_img01.jpg,"Steve Jones, above, said he previously advised the BBC not to present climate-change sceptics as having equal scientific weight with mainstream researchers. Photograph: Murdo Macleod for the Guardian",,1,graph,2,photo|photograph,0,likely_visualization
guardian_a44fe3d811,The Guardian,2013,IPCC,"Climate change is happening, so don't shoot the messenger",https://www.theguardian.com/environment/blog/2013/oct/01/climate-change-ipcc,2013-10-01,2021-08-25,1,https://i.guim.co.uk/img/static/sys-images/Guardian/Pix/pictures/2013/10/1/1380625859092/Ed-Miliband-012.jpg?width=465&dpr=1&s=none&crop=none,../Scripts/output/guardian/guardian_images/guardian_2013-10-01_guardian_a44fe3d811_img01.jpg,Wrong priorities? Labour leader Ed Miliband announced last week that he would freeze energy bills if elected. Photograph: Graeme Robertson for the Guardian,,1,graph,2,photo|photograph,0,likely_visualization
guardian_f103d386f5,The Guardian,2013,IPCC,The BBC betrayed its values by giving Professor Carter this climate platform,https://www.theguardian.com/commentisfree/2013/oct/01/bbc-betrayed-values-carter-scorn-ipcc,2013-10-01,2021-08-25,1,https://i.guim.co.uk/img/static/sys-images/Guardian/Pix/pictures/2013/10/1/1380643129638/ashton-carter-008.jpg?width=465&dpr=1&s=none&crop=none,../Scripts/output/guardian/guardian_images/guardian_2013-10-01_guardian_f103d386f5_img01.jpg,"Campaigners install a gaint seesaw in Stockholm last Friday, where the IPCC report was unveiled, to represent the report's finding that there is a 95% scientific certainty that humans cause climate change. Photograph: Roger Vikstrom/AP Images for Avaaz",,1,graph,2,photo|photograph,0,likely_visualization
guardian_9a2d7bec78,The Guardian,2013,"""carbon budget""","Green news roundup: IPCC climate report, rhino poaching record and wildlife comeback",https://www.theguardian.com/environment/2013/oct/02/1,2013-10-02,2021-07-26,2,https://i.guim.co.uk/img/static/sys-images/Environment/Pix/columnists/2013/9/19/1379605094730/Greenpeace-action-Against-002.jpg?width=445&dpr=1&s=none&crop=none,../Scripts/output/guardian/guardian_images/guardian_2013-10-02_guardian_9a2d7bec78_img02.jpg,"A Russian Coast guard officer is seen pointing a knife at a Greenpeace International activist as five activists attempt to climb the 'Prirazlomnaya,' an oil platform operated by Russian state-owned energy giant Gazprom platform in Russia.s Pechora Sea, 18 September 2013. This is one example of the disproportionate use of force by the Russian authorities during a peaceful protest. The activists are there to stop it from becoming the first to produce oil from the ice-filled waters of the Arctic. Photograph: Denis Sinyakov/Greenpeace",,1,graph,2,photo|photograph,0,likely_visualization
guardian_9a2d7bec78,The Guardian,2013,"""carbon budget""","Green news roundup: IPCC climate report, rhino poaching record and wildlife comeback",https://www.theguardian.com/environment/2013/oct/02/1,2013-10-02,2021-07-26,3,https://i.guim.co.uk/img/static/sys-images/Environment/Pix/pictures/2012/6/27/1340812263864/Seized-ivory-goes-up-in-s-003.jpg?width=445&dpr=1&s=none&crop=none,../Scripts/output/guardian/guardian_images/guardian_2013-10-02_guardian_9a2d7bec78_img03.jpg,"Seized ivory goes up in smoke in Gabon, in a ceremony to symbolise Gabon's commitment to ending poaching and other wildlife crimes. Photograph: James Morgan/WWF-CANON VIA AP IMAGES",,1,graph,2,photo|photograph,0,likely_visualization
guardian_9a2d7bec78,The Guardian,2013,"""carbon budget""","Green news roundup: IPCC climate report, rhino poaching record and wildlife comeback",https://www.theguardian.com/environment/2013/oct/02/1,2013-10-02,2021-07-26,4,https://i.guim.co.uk/img/static/sys-images/Guardian/Pix/online/2013/9/25/1380123525931/European-beaver-Castor-fi-003.jpg?width=445&dpr=1&s=none&crop=none,../Scripts/output/guardian/guardian_images/guardian_2013-10-02_guardian_9a2d7bec78_img04.jpg,European beaver (Castor fiber) Photograph: blickwinkel/Alamy,,1,graph,2,photo|photograph,0,likely_visualization
guardian_9a2d7bec78,The Guardian,2013,"""carbon budget""","Green news roundup: IPCC climate report, rhino poaching record and wildlife comeback",https://www.theguardian.com/environment/2013/oct/02/1,2013-10-02,2021-07-26,5,https://i.guim.co.uk/img/static/sys-images/Guardian/Pix/pictures/2013/8/25/1377455562323/A-badger-005.jpg?width=445&dpr=1&s=none&crop=none,../Scripts/output/guardian/guardian_images/guardian_2013-10-02_guardian_9a2d7bec78_img05.jpg,Defra has given the go-ahead for badgers to be culled in west Somerset and west Gloucestershire for a six-week period. Photograph: Ben Birchall/PA,,1,graph,2,photo|photograph,0,likely_visualization
guardian_8e054a5b3c,The Guardian,2013,"""1.5C""",Global warming sceptics using media campaign to discredit IPCC,https://www.theguardian.com/environment/2013/oct/04/global-warming-sceptics-discredit-ipcc,2013-10-04,2021-08-25,1,https://i.guim.co.uk/img/static/sys-images/Guardian/Pix/pictures/2013/10/4/1380911671926/Lord-Lawson-climate-chang-008.jpg?width=465&dpr=1&s=none&crop=none,../Scripts/output/guardian/guardian_images/guardian_2013-10-04_guardian_8e054a5b3c_img01.jpg,"Lord Lawson (left) and Benny Peiser, the director of Lawson's Global Warming Policy Foundation. Photograph: PA",,1,graph,2,photo|photograph,0,likely_visualization
guardian_db48bcca7d,The Guardian,2013,IPCC,"Simon Armitage, water and the ocean's rising tide – books podcast",https://www.theguardian.com/books/audio/2013/oct/04/simon-armitage-water-ocean-rising-tide-podcast,2013-10-04,2018-02-22,1,https://i.guim.co.uk/img/static/sys-images/Books/Pix/pictures/2013/10/4/1380892162473/Stormy-seas-and-large-wav-005.jpg?width=445&dpr=1&s=none&crop=none,../Scripts/output/guardian/guardian_images/guardian_2013-10-04_guardian_db48bcca7d_img01.jpg,Stormy seas and large wave in the Southern Ocean. Photograph: Peter Barritt / Alamy/Alamy Photograph: Peter Barritt / Alamy/Alamy,,1,graph,2,photo|photograph,0,likely_visualization
guardian_338f5d3e31,The Guardian,2013,IPCC,Systems change requires multiple agents and dynamics,https://www.theguardian.com/sustainable-business/systems-change-many-actors-dynamics,2013-10-07,2013-11-01,1,https://i.guim.co.uk/img/static/sys-images/Guardian/Pix/pictures/2013/10/7/1381145960873/AN-INCONVENIENT-TRUTH--010.jpg?width=465&dpr=1&s=none&crop=none,../Scripts/output/guardian/guardian_images/guardian_2013-10-07_guardian_338f5d3e31_img01.jpg,Al Gore is just one of the types of people needed for societal change to be effective. Photograph: c.Paramount/Everett/Rex Featur,,1,graph,2,photo|photograph,0,likely_visualization
guardian_3761fe98b2,The Guardian,2013,IPCC,"Campaign against fossil fuels growing, says study",https://www.theguardian.com/environment/2013/oct/08/campaign-against-fossil-fuel-growing,2013-10-07,2021-08-25,1,https://i.guim.co.uk/img/static/sys-images/Guardian/Pix/pictures/2013/10/8/1381187134197/Coal-fired-power-plant-009.jpg?width=465&dpr=1&s=none&crop=none,../Scripts/output/guardian/guardian_images/guardian_2013-10-07_guardian_3761fe98b2_img01.jpg,Smoke rises at a coal-fired power plant in Kansas. Photograph: Charlie Riedel/AP,,1,graph,2,photo|photograph,0,likely_visualization
guardian_751b967b76,The Guardian,2013,"""carbon budget""",UK warned against watering down carbon targets,https://www.theguardian.com/environment/2013/oct/08/uk-carbon-targets-mps-government,2013-10-08,2021-08-25,1,https://i.guim.co.uk/img/static/sys-images/Environment/Pix/columnists/2013/10/7/1381163977368/UK-to-miss-its-carbon-tar-008.jpg?width=465&dpr=1&s=none&crop=none,../Scripts/output/guardian/guardian_images/guardian_2013-10-08_guardian_751b967b76_img01.jpg,"The key reasons the 2022 targets would not be met were the failure to insulate houses and decarbonise transport and heat production, the EAC report found. Photograph: Gareth Fuller/PA",,1,graph,2,photo|photograph,0,likely_visualization
guardian_1a5777458b,The Guardian,2013,IPCC,"Green news roundup: Greenpeace, aviation and marine photography",https://www.theguardian.com/environment/2013/oct/09/1,2013-10-09,2021-07-26,2,https://i.guim.co.uk/img/static/sys-images/Environment/Pix/columnists/2013/10/7/1381158854287/BirdLife-South-Africa-Oce-003.jpg?width=445&dpr=1&s=none&crop=none,../Scripts/output/guardian/guardian_images/guardian_2013-10-09_guardian_1a5777458b_img02.jpg,"BirdLife South Africa Oceans of Life photo competition 2013 1st place Oryx Award winner: “Evening Stretch” by Robert Tarr – Cape Gannets in their breeding colony on Malgas Island, South Africa . Photograph: Rob Tarr/BirdLife South Africa Oceans of Life photo competition 2013",,1,graph,2,photo|photograph,0,likely_visualization
guardian_1a5777458b,The Guardian,2013,IPCC,"Green news roundup: Greenpeace, aviation and marine photography",https://www.theguardian.com/environment/2013/oct/09/1,2013-10-09,2021-07-26,3,https://i.guim.co.uk/img/static/sys-images/Environment/Pix/columnists/2013/10/8/1381247541130/UK-invasive-moth--Crimson-004.jpg?width=445&dpr=1&s=none&crop=none,../Scripts/output/guardian/guardian_images/guardian_2013-10-09_guardian_1a5777458b_img03.jpg,"Photo issued by Butterfly Conservation of a Crimson Speckled moth as exotic butterflies and moths from the continent have begun to colonise Britain following the heatwave, experts have said, October 9, 2013. Increasing numbers of the rare migrants are believed to have been drawn to the UK by the spell of hot summer weather and warm autumn temperatures. Photograph: Robert Thompson/Butterfly Conservation/PA",,1,graph,2,photo|photograph,0,likely_visualization
guardian_24686fd1f6,The Guardian,2013,"""carbon budget""","Limits on use of North Sea oil vital to protect climate, warns Mary Robinson",https://www.theguardian.com/environment/2013/oct/09/north-sea-oil-climate-mary-robinson,2013-10-09,2021-08-25,1,https://i.guim.co.uk/img/static/sys-images/Guardian/Pix/pictures/2013/10/9/1381333278787/North-Sea-oil-platforms-008.jpg?width=465&dpr=1&s=none&crop=none,../Scripts/output/guardian/guardian_images/guardian_2013-10-09_guardian_24686fd1f6_img01.jpg,The Scottish and UK governments are currently competing against each other to be seen as the greatest champions of the North Sea oil industry in the run-up to next year’s independence referendum. Photograph: Alamy,,1,graph,2,photo|photograph,0,likely_visualization
guardian_e3302c9906,The Guardian,2013,IPCC,"Climate change sceptics aren't all alike, so don't tar them with the same brush",https://www.theguardian.com/environment/2013/oct/09/climate-change-sceptics-not-all-alike,2013-10-09,2021-08-25,1,https://i.guim.co.uk/img/static/sys-images/Guardian/Pix/pictures/2013/10/9/1381311704173/A-polar-bear-approaches-t-010.jpg?width=465&dpr=1&s=none&crop=none,../Scripts/output/guardian/guardian_images/guardian_2013-10-09_guardian_e3302c9906_img01.jpg,"'While much of the science of climate change is settled, or on the way to being settled, there remains plenty of argument about its impacts.' Photograph: Ralph Lee Hopkins/Corbis",,1,graph,2,photo|photograph,0,likely_visualization
guardian_98c21628a8,The Guardian,2013,IPCC,Study warns world's hottest years could be the coolest by mid-century,https://www.theguardian.com/environment/planet-oz/2013/oct/10/scienceofclimatechange-climate-change,2013-10-10,2021-08-25,1,https://i.guim.co.uk/img/static/sys-images/Guardian/Pix/pictures/2013/9/26/1380216469572/IPCC-Earth-011.jpg?width=465&dpr=1&s=none&crop=none,../Scripts/output/guardian/guardian_images/guardian_2013-10-10_guardian_98c21628a8_img01.jpg,A full globe view of earth showing the western hemisphere Photograph: NASA/Corbis,,1,graph,2,photo|photograph,0,likely_visualization
guardian_a1b538dbfa,The Guardian,2013,IPCC,Memo to sceptics of a low-carbon world – 'it's happening',https://www.theguardian.com/environment/blog/2013/oct/10/low-carbon-world-sceptics-climate-change,2013-10-10,2021-08-25,1,https://i.guim.co.uk/img/static/sys-images/Environment/Pix/columnists/2013/10/10/1381400489009/1010-global-its-happening-009.jpg?width=465&dpr=1&s=none&crop=none,../Scripts/output/guardian/guardian_images/guardian_2013-10-10_guardian_a1b538dbfa_img01.jpg,Portugal now gets 70% of its power from renewable sources – 46 countries use at least 60% clean electricity. Photograph: Rui Rebelo/10:10,,1,graph,2,photo|photograph,0,likely_visualization
guardian_a1b538dbfa,The Guardian,2013,IPCC,Memo to sceptics of a low-carbon world – 'it's happening',https://www.theguardian.com/environment/blog/2013/oct/10/low-carbon-world-sceptics-climate-change,2013-10-10,2021-08-25,3,https://i.guim.co.uk/img/static/sys-images/Environment/Pix/columnists/2013/10/10/1381400630431/1010-global-its-happening-009.jpg?width=445&dpr=1&s=none&crop=none,../Scripts/output/guardian/guardian_images/guardian_2013-10-10_guardian_a1b538dbfa_img03.jpg,"Boro are building a wind turbine that will cover their Riverside stadium's entire power demand for 20 years, saving 3,000 tonnes of carbon and £3.2m. Photograph: Raymond Theakston/10:10",,1,graph,2,photo|photograph,0,likely_visualization
guardian_d85720be1b,The Guardian,2013,"""sea level rise""",Climate change: Indigenous Australians 'face disproportionate harm',https://www.theguardian.com/environment/2013/oct/14/indigenous-face-disproportionate-harm-climate-change,2013-10-14,2021-08-27,1,https://i.guim.co.uk/img/static/sys-images/Guardian/Pix/pictures/2013/10/14/1381730812950/eab5d360-5f11-4563-b343-357d379b24ae-2060x1236.jpeg?width=465&dpr=1&s=none&crop=none,../Scripts/output/guardian/guardian_images/guardian_2013-10-14_guardian_d85720be1b_img01.jpeg,Indigenous children on the outskirts of Alice Springs in the Northern Territory. Photograph: AAP/Marianna Massey Photograph: AAP/Marianna Massey,,1,graph,2,photo|photograph,0,likely_visualization
guardian_304ff46e5f,The Guardian,2013,IPCC,Steve Bell on Plebgate – cartoon,https://www.theguardian.com/commentisfree/cartoon/2013/oct/15/plebgate-ipcc-andrew-mitchell-theresa-may-cartoon,2013-10-15,2018-01-11,1,https://i.guim.co.uk/img/static/sys-images/Guardian/Pix/pictures/2013/10/15/1381875824103/Steve-Bell-16.10.2013--012.jpg?width=480&dpr=1&s=none&crop=none,../Scripts/output/guardian/guardian_images/guardian_2013-10-15_guardian_304ff46e5f_img01.jpg,Steve Bell 16.10.2013 Photograph: © Steve Bell Illustration: © Steve Bell 2013,,1,graph,2,photo|photograph,0,likely_visualization
guardian_8f55a58b23,The Guardian,2013,IPCC,"Guardian Weekly Letters, 18 October 2013",https://www.theguardian.com/global/2013/oct/15/guardian-weekly-letters-18-october,2013-10-15,2013-10-14,1,https://i.guim.co.uk/img/static/sys-images/Guardian/Pix/GWeekly/2013/10/14/1381767232204/climate-change-clock-008.jpg?width=465&dpr=1&s=none&crop=none,../Scripts/output/guardian/guardian_images/guardian_2013-10-15_guardian_8f55a58b23_img01.jpg,Climate change … time to refocus our efforts? Photograph: Gary Kempston,,1,graph,2,photo|photograph,0,likely_visualization
guardian_e44f42cf85,The Guardian,2013,IPCC,Theresa May questioned by home affairs committee: Politics live blog,https://www.theguardian.com/politics/2013/oct/15/cameron-launches-plan-to-cut-eu-red-tape-politics-live-blog,2013-10-15,2017-09-20,1,https://i.guim.co.uk/img/static/sys-images/Guardian/Pix/pictures/2013/10/15/1381847853066/4699b1bc-e837-4537-9ff2-1ec597d30dae-bestSizeAvailable.png?width=465&dpr=1&s=none&crop=none,../Scripts/output/guardian/guardian_images/guardian_2013-10-15_guardian_e44f42cf85_img01.png,Keith Vaz Photograph: /Democracy Live Photograph: Democracy Live,,1,graph,2,photo|photograph,0,likely_visualization
guardian_e44f42cf85,The Guardian,2013,IPCC,Theresa May questioned by home affairs committee: Politics live blog,https://www.theguardian.com/politics/2013/oct/15/cameron-launches-plan-to-cut-eu-red-tape-politics-live-blog,2013-10-15,2017-09-20,2,https://i.guim.co.uk/img/static/sys-images/Guardian/Pix/pictures/2013/10/15/1381849711607/5f059740-08de-48a6-a486-90c126648046-bestSizeAvailable.png?width=465&dpr=1&s=none&crop=none,../Scripts/output/guardian/guardian_images/guardian_2013-10-15_guardian_e44f42cf85_img02.png,Theresa May Photograph: /Democracy Live Photograph: Democracy Live,,1,graph,2,photo|photograph,0,likely_visualization
guardian_e44f42cf85,The Guardian,2013,IPCC,Theresa May questioned by home affairs committee: Politics live blog,https://www.theguardian.com/politics/2013/oct/15/cameron-launches-plan-to-cut-eu-red-tape-politics-live-blog,2013-10-15,2017-09-20,3,https://i.guim.co.uk/img/static/sys-images/Guardian/Pix/pictures/2013/10/15/1381841164366/05c7397c-78c6-4c2d-8bc1-9c7d48aba9a9-1024x768.jpeg?width=465&dpr=1&s=none&crop=none,../Scripts/output/guardian/guardian_images/guardian_2013-10-15_guardian_e44f42cf85_img03.jpeg,Lord Wallace of Tankerness. Photograph: David Cheskin/PA Photograph: David Cheskin/PA,,1,graph,2,photo|photograph,0,likely_visualization
guardian_e44f42cf85,The Guardian,2013,IPCC,Theresa May questioned by home affairs committee: Politics live blog,https://www.theguardian.com/politics/2013/oct/15/cameron-launches-plan-to-cut-eu-red-tape-politics-live-blog,2013-10-15,2017-09-20,5,https://i.guim.co.uk/img/static/sys-images/Guardian/Pix/pictures/2013/10/15/1381830307087/5dcf8531-d57e-4b90-ab3e-cd591b34ad1f-2060x1236.jpeg?width=465&dpr=1&s=none&crop=none,../Scripts/output/guardian/guardian_images/guardian_2013-10-15_guardian_e44f42cf85_img05.jpeg,David Cameron with members of the cabinet before a cabinet meeting where he invited the authors of a government-commissioned report to present their findings on EU red tape. Photograph: John Stillwell/PA Photograph: John Stillwell/PA,,1,graph,2,photo|photograph,0,likely_visualization
guardian_edc1f0d1e7,The Guardian,2013,IPCC,Theresa May rebukes police over reaction to Plebgate,https://www.theguardian.com/politics/2013/oct/15/theresa-may-rebukes-police-plebgate,2013-10-15,2017-12-01,1,https://i.guim.co.uk/img/static/sys-images/Guardian/Pix/pixies/2013/10/16/1381883679229/Theresa-May-008.jpg?width=465&dpr=1&s=none&crop=none,../Scripts/output/guardian/guardian_images/guardian_2013-10-15_guardian_edc1f0d1e7_img01.jpg,Theresa May says it was 'quite wrong' officers were not to face disciplinary hearings. Photograph: Rex Features,,1,graph,2,photo|photograph,0,likely_visualization
guardian_28b2ca247d,The Guardian,2013,IPCC,Plebgate scandal: police chief calls for creation of new police ombudsman,https://www.theguardian.com/uk-news/2013/oct/16/plebgate-police-chief-hugh-orde-ipcc,2013-10-16,2018-03-13,1,https://i.guim.co.uk/img/static/sys-images/Guardian/Pix/pictures/2013/10/16/1381913110229/Sir-Hugh-Orde-011.jpg?width=465&dpr=1&s=none&crop=none,../Scripts/output/guardian/guardian_images/guardian_2013-10-16_guardian_28b2ca247d_img01.jpg,"Sir Hugh Orde: 'There’s no issue … the officers’ behaviour fell below the standard, the question is the quantum of seriousness.' Photograph: Steve Back/Rex Features",,1,graph,2,photo|photograph,0,likely_visualization
guardian_2c9d0ecd2a,The Guardian,2013,IPCC,Plebgate: watchdog says police watered down conclusions of investigation,https://www.theguardian.com/uk-news/2013/oct/16/plebgate-watchdog-police-watered-conclusions-investigation,2013-10-16,2018-01-11,1,https://i.guim.co.uk/img/static/sys-images/Guardian/Pix/pictures/2013/10/16/1381944894165/Andrew-Mitchell-011.jpg?width=465&dpr=1&s=none&crop=none,../Scripts/output/guardian/guardian_images/guardian_2013-10-16_guardian_2c9d0ecd2a_img01.jpg,Andrew Mitchell is seeking to clear his name after he was accused of calling officers plebs in a row at the gates of Downing Street. Photograph: Yui Mok/PA,,1,graph,2,photo|photograph,0,likely_visualization
guardian_c4555280c5,The Guardian,2013,IPCC,David Cameron and Ed Miliband at PMQs: Politics live blog,https://www.theguardian.com/politics/2013/oct/16/supreme-court-rules-on-prisoner-voting-and-pmqs-politics-live-blog,2013-10-16,2017-06-09,3,https://i.guim.co.uk/img/static/sys-images/Guardian/Pix/pictures/2013/10/16/1381913331169/29a43622-f223-43de-92b2-0f65cef886be-1024x768.png?width=465&dpr=1&s=none&crop=none,../Scripts/output/guardian/guardian_images/guardian_2013-10-16_guardian_c4555280c5_img03.png,Lord Mance at the supreme court Photograph: /BBC News Photograph: BBC News,,1,graph,2,photo|photograph,0,likely_visualization
guardian_e35159dd2c,The Guardian,2013,IPCC,GM agriculture is not the answer to seed diversity – it's part of the problem,https://www.theguardian.com/global-development/poverty-matters/2013/oct/17/gm-agriculture-not-answer-seed-diversity,2013-10-17,2022-10-19,1,https://i.guim.co.uk/img/static/sys-images/Environment/Pix/columnists/2012/10/9/1349785795829/MDG--Seed-Freedom-Fortnig-008.jpg?width=465&dpr=1&s=none&crop=none,../Scripts/output/guardian/guardian_images/guardian_2013-10-17_guardian_e35159dd2c_img01.jpg,"Traditional farmer in Wollo, the northern highlands of Ethiopia, 2012. Photograph: Damian Prestidge/The Gaia Foundation",,1,graph,2,photo|photograph,0,likely_visualization
guardian_f50df53ee2,The Guardian,2013,IPCC,"Plebgate: Mitchell right to feel 'pretty sore' about police treatment, says Clegg",https://www.theguardian.com/politics/2013/oct/17/plebgate-mitchell-pretty-sore-treatment-clegg,2013-10-17,2018-01-11,1,https://i.guim.co.uk/img/static/sys-images/Guardian/About/General/2013/10/17/1382004494508/Nick-Clegg-009.jpg?width=465&dpr=1&s=none&crop=none,../Scripts/output/guardian/guardian_images/guardian_2013-10-17_guardian_f50df53ee2_img01.jpg,"Clegg backed Theresa May, who called for disciplinary action against the representatives of the Police Federation who met Mitchell a month after an altercation with officers in Downing Street in September last year. Photograph: Sang Tan/AP",,1,graph,2,photo|photograph,0,likely_visualization
guardian_45460b040d,The Guardian,2013,IPCC,Will the IPCC start a new conversation about climate change?,https://www.theguardian.com/sustainable-business/ipcc-new-conversation-climate-change,2013-10-21,2021-08-25,1,https://i.guim.co.uk/img/static/sys-images/Guardian/Pix/pictures/2013/10/21/1382355928574/Rajendra-Kumar-Pachauri-009.jpg?width=465&dpr=1&s=none&crop=none,../Scripts/output/guardian/guardian_images/guardian_2013-10-21_guardian_45460b040d_img01.jpg,"Rajendra Kumar Pachauri, chairman of the IPCC. Last month, the organisation said the human impact from climate change was ""unequivocal"". But what will make citizens act? Photograph: Martial Trezzini",,1,graph,2,photo|photograph,0,likely_visualization
guardian_7faa22d6da,The Guardian,2013,IPCC,Police officers sorry for 'poor judgment' over Andrew Mitchell meeting,https://www.theguardian.com/politics/2013/oct/21/police-apologise-andrew-mitchell,2013-10-21,2017-11-30,1,https://i.guim.co.uk/img/static/sys-images/Guardian/Pix/pictures/2013/10/21/1382375326127/Andrew-Mitchell-008.jpg?width=465&dpr=1&s=none&crop=none,../Scripts/output/guardian/guardian_images/guardian_2013-10-21_guardian_7faa22d6da_img01.jpg,Andrew Mitchell. Photograph: Dominic Lipinski/PA,,1,graph,2,photo|photograph,0,likely_visualization
guardian_93c6ec1d4c,The Guardian,2013,IPCC,Hinkley Point nuclear power station deal announced: Politics live blog,https://www.theguardian.com/politics/2013/oct/21/hinkley-point-nuclear-power-station-deal-announced-politics-live-blog,2013-10-21,2018-02-14,1,https://i.guim.co.uk/img/static/sys-images/Guardian/Pix/pictures/2013/10/21/1382357961929/764a5838-9f13-4f91-9e01-b1b8ea25a45d-bestSizeAvailable.png?width=465&dpr=1&s=none&crop=none,../Scripts/output/guardian/guardian_images/guardian_2013-10-21_guardian_93c6ec1d4c_img01.png,Ed Davey Photograph: /EDF Photograph: EDF,,1,graph,2,photo|photograph,0,likely_visualization
guardian_93c6ec1d4c,The Guardian,2013,IPCC,Hinkley Point nuclear power station deal announced: Politics live blog,https://www.theguardian.com/politics/2013/oct/21/hinkley-point-nuclear-power-station-deal-announced-politics-live-blog,2013-10-21,2018-02-14,2,https://i.guim.co.uk/img/static/sys-images/Guardian/Pix/pictures/2013/10/21/1382357121954/d1363c6c-cf2e-4cf7-ad00-53fcf966dae9-bestSizeAvailable.png?width=465&dpr=1&s=none&crop=none,../Scripts/output/guardian/guardian_images/guardian_2013-10-21_guardian_93c6ec1d4c_img02.png,Vincent de Rivaz Photograph: /EDF Photograph: EDF,,1,graph,2,photo|photograph,0,likely_visualization
guardian_93c6ec1d4c,The Guardian,2013,IPCC,Hinkley Point nuclear power station deal announced: Politics live blog,https://www.theguardian.com/politics/2013/oct/21/hinkley-point-nuclear-power-station-deal-announced-politics-live-blog,2013-10-21,2018-02-14,4,https://i.guim.co.uk/img/static/sys-images/Guardian/Pix/pictures/2013/10/21/1382349615302/a70c1d84-cbc2-4ae2-b73d-1b4ea3a372a0-1024x768.jpeg?width=465&dpr=1&s=none&crop=none,../Scripts/output/guardian/guardian_images/guardian_2013-10-21_guardian_93c6ec1d4c_img04.jpeg,Caroline Lucas. Photograph: Ruth Lumley/PA Photograph: Ruth Lumley/PA,,1,graph,2,photo|photograph,0,likely_visualization
guardian_93c6ec1d4c,The Guardian,2013,IPCC,Hinkley Point nuclear power station deal announced: Politics live blog,https://www.theguardian.com/politics/2013/oct/21/hinkley-point-nuclear-power-station-deal-announced-politics-live-blog,2013-10-21,2018-02-14,6,https://i.guim.co.uk/img/static/sys-images/Guardian/Pix/pictures/2013/10/21/1382346414998/c6652bd2-068b-4d6b-9987-1db01fbaea1a-1024x768.jpeg?width=465&dpr=1&s=none&crop=none,../Scripts/output/guardian/guardian_images/guardian_2013-10-21_guardian_93c6ec1d4c_img06.jpeg,Ed Davey. Photograph: REX Photograph: REX,,1,graph,2,photo|photograph,0,likely_visualization
guardian_3972f80c16,The Guardian,2013,IPCC,New code of police ethics follows Plebgate,https://www.theguardian.com/politics/2013/oct/23/plebgate-officers-refuse-apologise-mitchell,2013-10-23,2017-11-30,1,https://i.guim.co.uk/img/static/sys-images/Guardian/Pix/pictures/2013/10/23/1382568557703/Officers-in-court-008.jpg?width=465&dpr=1&s=none&crop=none,../Scripts/output/guardian/guardian_images/guardian_2013-10-23_guardian_3972f80c16_img01.jpg,"Sergeant Chris Jones, Inspector Ken MacKaill and Detective Sergeant Stuart Hinton before the home affairs select committee. Photograph: PA Wire",,1,graph,2,photo|photograph,0,likely_visualization
guardian_7d34f11c88,The Guardian,2013,IPCC,MPs question police over Plebgate: Politics live blog,https://www.theguardian.com/politics/2013/oct/23/mps-question-police-over-plebgate-politics-live-blog,2013-10-23,2017-09-20,1,https://i.guim.co.uk/img/static/sys-images/Guardian/Pix/pictures/2013/10/23/1382549437752/4e487235-7c95-4847-8755-09da5abdf4b0-bestSizeAvailable.png?width=465&dpr=1&s=none&crop=none,../Scripts/output/guardian/guardian_images/guardian_2013-10-23_guardian_7d34f11c88_img01.png,Chris Sims Photograph: /Parliament TV Photograph: Parliament TV,,1,graph,2,photo|photograph,0,likely_visualization
guardian_7d34f11c88,The Guardian,2013,IPCC,MPs question police over Plebgate: Politics live blog,https://www.theguardian.com/politics/2013/oct/23/mps-question-police-over-plebgate-politics-live-blog,2013-10-23,2017-09-20,2,https://i.guim.co.uk/img/static/sys-images/Guardian/Pix/pictures/2013/10/23/1382549297409/97c9de5e-17cd-445e-8fdf-f1166b0cf171-bestSizeAvailable.png?width=465&dpr=1&s=none&crop=none,../Scripts/output/guardian/guardian_images/guardian_2013-10-23_guardian_7d34f11c88_img02.png,Andy Parker Photograph: /Parliament TV Photograph: Parliament TV,,1,graph,2,photo|photograph,0,likely_visualization
guardian_7d34f11c88,The Guardian,2013,IPCC,MPs question police over Plebgate: Politics live blog,https://www.theguardian.com/politics/2013/oct/23/mps-question-police-over-plebgate-politics-live-blog,2013-10-23,2017-09-20,3,https://i.guim.co.uk/img/static/sys-images/Guardian/Pix/pictures/2013/10/23/1382542910902/71b7e98d-4a80-48c2-8cd6-707e0029cbb0-bestSizeAvailable.png?width=465&dpr=1&s=none&crop=none,../Scripts/output/guardian/guardian_images/guardian_2013-10-23_guardian_7d34f11c88_img03.png,Stuart Hinton Photograph: /Parliament TV Photograph: Parliament TV,,1,graph,2,photo|photograph,0,likely_visualization
guardian_7d34f11c88,The Guardian,2013,IPCC,MPs question police over Plebgate: Politics live blog,https://www.theguardian.com/politics/2013/oct/23/mps-question-police-over-plebgate-politics-live-blog,2013-10-23,2017-09-20,4,https://i.guim.co.uk/img/static/sys-images/Guardian/Pix/pictures/2013/10/23/1382542703208/8df2b958-5e3a-41b9-bb0c-ed96a92dbe9d-bestSizeAvailable.png?width=465&dpr=1&s=none&crop=none,../Scripts/output/guardian/guardian_images/guardian_2013-10-23_guardian_7d34f11c88_img04.png,Ken MacKaill Photograph: /Parliament TV Photograph: Parliament TV,,1,graph,2,photo|photograph,0,likely_visualization
guardian_7d34f11c88,The Guardian,2013,IPCC,MPs question police over Plebgate: Politics live blog,https://www.theguardian.com/politics/2013/oct/23/mps-question-police-over-plebgate-politics-live-blog,2013-10-23,2017-09-20,5,https://i.guim.co.uk/img/static/sys-images/Guardian/Pix/pictures/2013/10/23/1382542355645/d268b0b2-d0f8-4eba-898f-b82d0fbd424c-bestSizeAvailable.png?width=465&dpr=1&s=none&crop=none,../Scripts/output/guardian/guardian_images/guardian_2013-10-23_guardian_7d34f11c88_img05.png,"Chris Jones, Ken MacKaill and Stuart Hinton (l-to-r) Photograph: /Parliament TV Photograph: Parliament TV",,1,graph,2,photo|photograph,0,likely_visualization
guardian_7d34f11c88,The Guardian,2013,IPCC,MPs question police over Plebgate: Politics live blog,https://www.theguardian.com/politics/2013/oct/23/mps-question-police-over-plebgate-politics-live-blog,2013-10-23,2017-09-20,6,https://i.guim.co.uk/img/static/sys-images/Guardian/Pix/pictures/2013/10/23/1382542202754/593262ea-a962-44aa-af85-0a2893ee13bc-bestSizeAvailable.png?width=465&dpr=1&s=none&crop=none,../Scripts/output/guardian/guardian_images/guardian_2013-10-23_guardian_7d34f11c88_img06.png,Chris Jones Photograph: /Parliament TV Photograph: Parliament TV,,1,graph,2,photo|photograph,0,likely_visualization
guardian_7d34f11c88,The Guardian,2013,IPCC,MPs question police over Plebgate: Politics live blog,https://www.theguardian.com/politics/2013/oct/23/mps-question-police-over-plebgate-politics-live-blog,2013-10-23,2017-09-20,7,https://i.guim.co.uk/img/static/sys-images/Guardian/Pix/pictures/2013/10/23/1382541332102/dd796a14-beae-4ae3-a991-18178928c692-bestSizeAvailable.png?width=465&dpr=1&s=none&crop=none,../Scripts/output/guardian/guardian_images/guardian_2013-10-23_guardian_7d34f11c88_img07.png,Anne Owers Photograph: /Parliament TV Photograph: Parliament TV,,1,graph,2,photo|photograph,0,likely_visualization
guardian_7d34f11c88,The Guardian,2013,IPCC,MPs question police over Plebgate: Politics live blog,https://www.theguardian.com/politics/2013/oct/23/mps-question-police-over-plebgate-politics-live-blog,2013-10-23,2017-09-20,8,https://i.guim.co.uk/img/static/sys-images/Guardian/Pix/pictures/2013/10/23/1382540393530/e02f3fe8-a3f9-4643-8112-ab68886219d0-bestSizeAvailable.png?width=465&dpr=1&s=none&crop=none,../Scripts/output/guardian/guardian_images/guardian_2013-10-23_guardian_7d34f11c88_img08.png,Deborah Glass Photograph: /Parliament TV Photograph: Parliament TV,,1,graph,2,photo|photograph,0,likely_visualization
guardian_7d34f11c88,The Guardian,2013,IPCC,MPs question police over Plebgate: Politics live blog,https://www.theguardian.com/politics/2013/oct/23/mps-question-police-over-plebgate-politics-live-blog,2013-10-23,2017-09-20,9,https://i.guim.co.uk/img/static/sys-images/Guardian/Pix/pictures/2013/10/23/1382537586033/a7db017a-2450-4ca1-aedc-0f3fd1a8aa25-bestSizeAvailable.png?width=465&dpr=1&s=none&crop=none,../Scripts/output/guardian/guardian_images/guardian_2013-10-23_guardian_7d34f11c88_img09.png,Jerry Reakes-Williams Photograph: Parliament TV Photograph: Parliament TV,,1,graph,2,photo|photograph,0,likely_visualization
guardian_7d34f11c88,The Guardian,2013,IPCC,MPs question police over Plebgate: Politics live blog,https://www.theguardian.com/politics/2013/oct/23/mps-question-police-over-plebgate-politics-live-blog,2013-10-23,2017-09-20,10,https://i.guim.co.uk/img/static/sys-images/Guardian/Pix/pictures/2013/10/23/1382520278326/6807d9ac-ec0b-48e4-850e-d598980b586c-2060x1236.jpeg?width=465&dpr=1&s=none&crop=none,../Scripts/output/guardian/guardian_images/guardian_2013-10-23_guardian_7d34f11c88_img10.jpeg,"Grangemouth oil refinery in Falkirk, Scotland. Photograph: David Cheskin/PA Photograph: David Cheskin/PA",,1,graph,2,photo|photograph,0,likely_visualization
guardian_7d34f11c88,The Guardian,2013,IPCC,MPs question police over Plebgate: Politics live blog,https://www.theguardian.com/politics/2013/oct/23/mps-question-police-over-plebgate-politics-live-blog,2013-10-23,2017-09-20,11,https://i.guim.co.uk/img/static/sys-images/Guardian/Pix/pictures/2013/10/23/1382517518546/fd9867f9-a5bc-4539-b6fd-6e106c6d8449-2060x1236.jpeg?width=465&dpr=1&s=none&crop=none,../Scripts/output/guardian/guardian_images/guardian_2013-10-23_guardian_7d34f11c88_img11.jpeg,Nick Herbert. Photograph: Eamonn McCabe Photograph: Eamonn McCabe,,1,graph,2,photo|photograph,0,likely_visualization
guardian_cc5f5f8932,The Guardian,2013,IPCC,Plebgate: David Davis calls for royal commission into police ethics,https://www.theguardian.com/uk-news/2013/oct/23/plebgate-david-davis-royal-commission-police-ethics,2013-10-23,2018-03-13,1,https://i.guim.co.uk/img/static/sys-images/Guardian/Pix/pictures/2013/10/23/1382518664726/David-Davis-011.jpg?width=465&dpr=1&s=none&crop=none,../Scripts/output/guardian/guardian_images/guardian_2013-10-23_guardian_cc5f5f8932_img01.jpg,"David Davis said UK needed tougher regulator to address 'crisis of ethics' in the force, which could overrule police chiefs. Photograph: Richard Saker/Rex Features",,1,graph,2,photo|photograph,0,likely_visualization
guardian_00b6e52203,The Guardian,2013,IPCC,"Nick Clegg's LBC phone-in, education speech and interviews: Politics live blog",https://www.theguardian.com/politics/2013/oct/24/nick-cleggs-lbc-phone-in-education-speech-and-interviews-politics-live-blog,2013-10-24,2022-05-24,1,https://i.guim.co.uk/img/static/sys-images/Guardian/Pix/pictures/2013/10/24/1382613413162/8231585f-dbba-4852-951c-e97dfe458bcb-620x372.png?width=465&dpr=1&s=none&crop=none,../Scripts/output/guardian/guardian_images/guardian_2013-10-24_guardian_00b6e52203_img01.png,Impact of green measures on energy bills Photograph: /DECC Photograph: DECC,,1,graph,2,photo|photograph,0,likely_visualization
guardian_20b7f95f99,The Guardian,2013,IPCC,Climate Council finds 'clear link' between bushfires and climate change,https://www.theguardian.com/world/2013/oct/25/climate-council-clear-link-bushfires,2013-10-24,2021-08-25,1,https://i.guim.co.uk/img/static/sys-images/Guardian/Pix/pictures/2013/10/25/1382656619002/cb17fec6-f222-48d8-bb02-9f458db935e9-2060x1236.jpeg?width=465&dpr=1&s=none&crop=none,../Scripts/output/guardian/guardian_images/guardian_2013-10-24_guardian_20b7f95f99_img01.jpeg,Firefighting in Bilpin in the Blue Mountains. Photograph: Nathan Edwards/Newspix/Rex Photograph: Nathan Edwards/Newspix/REX,,1,graph,2,photo|photograph,0,likely_visualization
guardian_27326bc6ef,The Guardian,2013,"""carbon budget""",Can carbon budgets divert the world from dangerous climate change?,https://www.theguardian.com/sustainable-business/blog/carbon-budgets-dangerous-climate-change,2013-10-25,2013-11-05,1,https://i.guim.co.uk/img/static/sys-images/Guardian/Pix/pictures/2013/10/25/1382705730450/Factory-Billows-Carcinoge-009.jpg?width=465&dpr=1&s=none&crop=none,../Scripts/output/guardian/guardian_images/guardian_2013-10-25_guardian_27326bc6ef_img01.jpg,Smoke pouring out of a factory in Romania. The recent IPCC report expresses 'near certainty' that humans are causing climate change. Photograph: Andrew Holbrooke,,1,graph,2,photo|photograph,0,likely_visualization
guardian_cb89f25918,The Guardian,2013,IPCC,A week is a long time in Australian climate change politics,https://www.theguardian.com/science/2013/oct/25/a-week-is-a-long-time-in-australian-climate-change-politics,2013-10-25,2021-08-25,1,https://i.guim.co.uk/img/static/sys-images/Guardian/Pix/pictures/2013/10/25/1382681644483/a7a8ae50-6770-4e7e-8206-6d4a895eb3f7-2060x1236.jpeg?width=465&dpr=1&s=none&crop=none,../Scripts/output/guardian/guardian_images/guardian_2013-10-25_guardian_cb89f25918_img01.jpeg,Greg Hunt and Tony Abbott both made strenuous efforts to downplay the connection between climate change and bushfires. Photograph: Alan Porritt/AAPImage Photograph: Alan Porritt/AAPImage,,1,graph,2,photo|photograph,0,likely_visualization
guardian_18b7673e8e,The Guardian,2013,IPCC,Noah's Ark: the scientific version,https://www.theguardian.com/science/brain-flapping/2013/oct/29/noahs-ark-modern-science,2013-10-29,2021-08-25,1,https://i.guim.co.uk/img/static/sys-images/Guardian/Pix/pixies/2010/1/1/1262385528504/Noahs-ark-007.jpg?width=465&dpr=1&s=none&crop=none,../Scripts/output/guardian/guardian_images/guardian_2013-10-29_guardian_18b7673e8e_img01.jpg,"It seems far-fetched and chaotic, but anyone who's ever flown Ryanair knows it could be a lot worse. Photograph: Brooklyn Museum/Corbis",,1,graph,2,photo|photograph,0,likely_visualization
guardian_038da8be7b,The Guardian,2013,"""carbon budget""",Al Gore: world is on brink of 'carbon bubble',https://www.theguardian.com/environment/2013/nov/01/gore-warns-carbon-bubble,2013-11-01,2021-08-25,1,https://i.guim.co.uk/img/static/sys-images/Guardian/Pix/pictures/2013/11/1/1383267966577/Al-Gore-008.jpg?width=465&dpr=1&s=none&crop=none,../Scripts/output/guardian/guardian_images/guardian_2013-11-01_guardian_038da8be7b_img01.jpg,"Al Gore: 'If investors look in clear-eyed, traditional risk management way, they can be in time to avoid the bubble.' Photograph: Miguel Juarez Lugo/Zuma Press/Corbis",,1,graph,2,photo|photograph,0,likely_visualization
guardian_ae2545317e,The Guardian,2013,"""sea level rise""","Oceans heating up faster now than in the past 10,000 years, says new study",https://www.theguardian.com/environment/climate-consensus-97-per-cent/2013/nov/01/global-warming-oceans-fastest-10000-years,2013-11-01,2021-08-25,1,https://i.guim.co.uk/img/static/sys-images/Guardian/Pix/pictures/2011/7/12/1310487103495/Ocean-sun-007.jpg?width=465&dpr=1&s=none&crop=none,../Scripts/output/guardian/guardian_images/guardian_2013-11-01_guardian_ae2545317e_img01.jpg,"A new study suggests the oceans are warming more rapidly than any time during the past 10,000 years. Photograph: Alamy",,1,graph,2,photo|photograph,0,likely_visualization
guardian_871e873a99,The Guardian,2013,IPCC,Plebgate police are told to apologise or face a charge of contempt,https://www.theguardian.com/politics/2013/nov/03/plebgate-police-federation-select-committee,2013-11-03,2017-12-02,1,https://i.guim.co.uk/img/static/sys-images/Observer/Pix/pictures/2013/11/2/1383416840709/Andrew-Mitchell-009.jpg?width=465&dpr=1&s=none&crop=none,../Scripts/output/guardian/guardian_images/guardian_2013-11-03_guardian_871e873a99_img01.jpg,Andrew Mitchell was forced to resign as Conservative chief whip after being accused of calling police officers 'plebs'. Photograph: Dominic Lipinski/PA,,1,graph,2,photo|photograph,0,likely_visualization
guardian_b33ad7fb2d,The Guardian,2013,"""sea level rise""","New York, London and Mumbai: major cities face risk from sea-level rises",https://www.theguardian.com/sustainable-business/blog/major-cities-sea-level-rises,2013-11-04,2021-08-27,1,https://i.guim.co.uk/img/static/sys-images/Guardian/Pix/pictures/2013/11/4/1383572872592/NY-flood-008.jpg?width=465&dpr=1&s=none&crop=none,../Scripts/output/guardian/guardian_images/guardian_2013-11-04_guardian_b33ad7fb2d_img01.jpg,"Ben Strauss, Climate Central predicts that by 2100, more than 25% of Boston, Miami, New Orleans, and Atlantic City could be under water. Photograph: Alex Brandon/AP",,1,graph,2,photo|photograph,0,likely_visualization
guardian_2e691ae0f3,The Guardian,2013,IPCC,Plebgate - MPs demand apology from officers: Politics live blog,https://www.theguardian.com/politics/2013/nov/05/plebgate-mps-demand-apology-from-officers-politics-live-blog,2013-11-05,2017-09-20,1,https://i.guim.co.uk/img/static/sys-images/Guardian/Pix/pictures/2013/11/5/1383669669473/42997053-ff6a-4b50-88bd-4bd037c00c1a-1024x768.png?width=465&dpr=1&s=none&crop=none,../Scripts/output/guardian/guardian_images/guardian_2013-11-05_guardian_2e691ae0f3_img01.png,Keith Vaz Photograph: /BBC News Photograph: BBC News,,1,graph,2,photo|photograph,0,likely_visualization
guardian_2e691ae0f3,The Guardian,2013,IPCC,Plebgate - MPs demand apology from officers: Politics live blog,https://www.theguardian.com/politics/2013/nov/05/plebgate-mps-demand-apology-from-officers-politics-live-blog,2013-11-05,2017-09-20,2,https://i.guim.co.uk/img/static/sys-images/Guardian/Pix/pictures/2013/11/5/1383664434749/bbe70cda-3c59-419b-8ce0-bf6b74428bed-bestSizeAvailable.png?width=465&dpr=1&s=none&crop=none,../Scripts/output/guardian/guardian_images/guardian_2013-11-05_guardian_2e691ae0f3_img02.png,Chris Jones Photograph: /Parliament TV Photograph: Parliament TV,,1,graph,2,photo|photograph,0,likely_visualization
guardian_2e691ae0f3,The Guardian,2013,IPCC,Plebgate - MPs demand apology from officers: Politics live blog,https://www.theguardian.com/politics/2013/nov/05/plebgate-mps-demand-apology-from-officers-politics-live-blog,2013-11-05,2017-09-20,3,https://i.guim.co.uk/img/static/sys-images/Guardian/Pix/pictures/2013/11/5/1383664494581/63ca844f-0f1a-48b5-a294-ab4de68f0ac2-bestSizeAvailable.png?width=465&dpr=1&s=none&crop=none,../Scripts/output/guardian/guardian_images/guardian_2013-11-05_guardian_2e691ae0f3_img03.png,Stuart Hinton Photograph: /Parliament TV Photograph: Parliament TV,,1,graph,2,photo|photograph,0,likely_visualization
guardian_2e691ae0f3,The Guardian,2013,IPCC,Plebgate - MPs demand apology from officers: Politics live blog,https://www.theguardian.com/politics/2013/nov/05/plebgate-mps-demand-apology-from-officers-politics-live-blog,2013-11-05,2017-09-20,4,https://i.guim.co.uk/img/static/sys-images/Guardian/Pix/pictures/2013/11/5/1383654842411/df1ea836-0337-48a6-b0fa-907c1f94f6f9-1024x768.png?width=465&dpr=1&s=none&crop=none,../Scripts/output/guardian/guardian_images/guardian_2013-11-05_guardian_2e691ae0f3_img04.png,Ed Miliband delivering his cost of living speech Photograph: /BBC News Photograph: BBC News,,1,graph,2,photo|photograph,0,likely_visualization
guardian_3d95e87971,The Guardian,2013,IPCC,Plebgate police: the officers accused of lying,https://www.theguardian.com/politics/2013/nov/05/plebgate-police-officers-profiles-select-committee,2013-11-05,2018-01-11,1,https://i.guim.co.uk/img/static/sys-images/Guardian/About/General/2013/11/5/1383659595918/Plebgate-police-profiles--009.jpg?width=465&dpr=1&s=none&crop=none,../Scripts/output/guardian/guardian_images/guardian_2013-11-05_guardian_3d95e87971_img01.jpg,"From left: Sgt Chris Jones, Insp Ken MacKaill, and DS Stuart Hinton. Photograph: PA",,1,graph,2,photo|photograph,0,likely_visualization
guardian_44bada286a,The Guardian,2013,"""global temperature""","Carbon emissions must be cut ‘significantly’ by 2020, says UN report",https://www.theguardian.com/environment/2013/nov/05/carbon-emissions-must-be-cut-significantly-by-2020-says-un-report,2013-11-05,2021-08-25,1,https://i.guim.co.uk/img/static/sys-images/Guardian/Pix/pictures/2013/10/21/1382344069775/climate-change--010.jpg?width=465&dpr=1&s=none&crop=none,../Scripts/output/guardian/guardian_images/guardian_2013-11-05_guardian_44bada286a_img01.jpg,"UN analysis heightens concerns the world could be heading for temperature rise of 4C or even 6C, triggering damaging sea level rises, extreme weather and food insecurity. Photograph: Dean Lewins/AAPIMAGE Photograph: Dean Lewins/AAPIMAGE",,1,graph,2,photo|photograph,0,likely_visualization
guardian_11f263eef3,The Guardian,2013,IPCC,"Green news roundup: Food waste, Australia's coal and rediscovered toad",https://www.theguardian.com/environment/2013/nov/07/green-news-roundup-food-waste,2013-11-07,2021-07-26,1,https://i.guim.co.uk/img/static/sys-images/Guardian/Pix/commercial/2013/11/7/1383819478799/Food-waste-produce-to-be--008.jpg?width=465&dpr=1&s=none&crop=none,../Scripts/output/guardian/guardian_images/guardian_2013-11-07_guardian_11f263eef3_img01.jpg,The average UK household wastes the equivalent of six meals per week. Photograph: Alamy,,1,graph,2,photo|photograph,0,likely_visualization
guardian_11f263eef3,The Guardian,2013,IPCC,"Green news roundup: Food waste, Australia's coal and rediscovered toad",https://www.theguardian.com/environment/2013/nov/07/green-news-roundup-food-waste,2013-11-07,2021-07-26,2,https://i.guim.co.uk/img/static/sys-images/Guardian/Pix/pictures/2013/11/4/1383537765165/4f3ef5af-d033-41a5-a6fa-55d346e53cf5-140x84.jpeg?width=445&dpr=1&s=none&crop=none,../Scripts/output/guardian/guardian_images/guardian_2013-11-07_guardian_11f263eef3_img02.jpeg,The Alpha Coal project in central Queensland. Green groups are threatening legal action action to prevent the nearby Kevin's Corner mine from going ahead. Photograph: Andrew Quilty/AAP,,1,graph,2,photo|photograph,0,likely_visualization
guardian_11f263eef3,The Guardian,2013,IPCC,"Green news roundup: Food waste, Australia's coal and rediscovered toad",https://www.theguardian.com/environment/2013/nov/07/green-news-roundup-food-waste,2013-11-07,2021-07-26,4,https://i.guim.co.uk/img/static/sys-images/Guardian/Pix/pictures/2013/11/4/1383575285063/0019af5c-4421-44e3-83b1-b5bb4218da96-140x84.jpeg?width=445&dpr=1&s=none&crop=none,../Scripts/output/guardian/guardian_images/guardian_2013-11-07_guardian_11f263eef3_img04.jpeg,Bill de Blasio at a rally to help keep Long Island College Hospital open. Polls show De Blasio leading his opponent with historic margins. Photograph: Andrew Lichtenstein/Corbis,,1,graph,2,photo|photograph,0,likely_visualization
guardian_11f263eef3,The Guardian,2013,IPCC,"Green news roundup: Food waste, Australia's coal and rediscovered toad",https://www.theguardian.com/environment/2013/nov/07/green-news-roundup-food-waste,2013-11-07,2021-07-26,5,https://i.guim.co.uk/img/static/sys-images/Guardian/Pix/online/2013/11/6/1383737556796/The-Costa-Rican-Variable--004.jpg?width=445&dpr=1&s=none&crop=none,../Scripts/output/guardian/guardian_images/guardian_2013-11-07_guardian_11f263eef3_img05.jpg,Harlequin Toad (Atelopus varius) which was thought to be extinct in Costa Rica Photograph: Robin Moore,,1,graph,2,photo|photograph,0,likely_visualization
guardian_34d618a189,The Guardian,2013,IPCC,Nick Clegg: 'green consensus across the political parties is falling away',https://www.theguardian.com/environment/2013/nov/07/nick-clegg-green-consensus-across-the-political-parties-is-falling-away,2013-11-07,2017-05-07,1,https://i.guim.co.uk/img/static/sys-images/Environment/Pix/pictures/2013/11/6/1383736276821/Nick-Clegg--008.jpg?width=465&dpr=1&s=none&crop=none,../Scripts/output/guardian/guardian_images/guardian_2013-11-07_guardian_34d618a189_img01.jpg,Nick Clegg argues the Lib Dems are the only mainstream party to take the environment seriously. Photograph: Martin Argles for the Guardian Photograph: Martin Argles/Guardian,,1,graph,2,photo|photograph,0,likely_visualization
guardian_442a8fd1e4,The Guardian,2013,"""carbon budget""",Fossil fuel subsidies set a bad example for businesses and investors,https://www.theguardian.com/sustainable-business/fossil-fuel-subsidies-bad-example-business,2013-11-07,2013-11-07,1,https://i.guim.co.uk/img/static/sys-images/Guardian/Pix/pictures/2013/11/7/1383838619159/An-oil-drilling-jack-up-r-009.jpg?width=465&dpr=1&s=none&crop=none,../Scripts/output/guardian/guardian_images/guardian_2013-11-07_guardian_442a8fd1e4_img01.jpg,"'According to the International Energy Agency (IEA) governments pumped over $0.5tn into subsidies for oil, gas and coal in 2012' Photograph: Murdo Macleod",,1,graph,2,photo|photograph,0,likely_visualization
guardian_e359892617,The Guardian,2013,IPCC,Jimmy Savile: police officers referred to IPCC over handling of abuse allegation,https://www.theguardian.com/politics/2013/nov/07/jimmy-savile-police-referred-ipcc-abuse,2013-11-07,2018-01-11,1,https://i.guim.co.uk/img/static/sys-images/Guardian/About/General/2013/11/7/1383832394784/Jimmy-Savile-009.jpg?width=465&dpr=1&s=none&crop=none,../Scripts/output/guardian/guardian_images/guardian_2013-11-07_guardian_e359892617_img01.jpg,The police watchdog is examining potential misconduct by police forces in their handling of allegations about Jimmy Savile. Photograph: Peter Jordan/PA,,1,graph,2,photo|photograph,0,likely_visualization
guardian_228ce3e596,The Guardian,2013,"""sea level rise""",Typhoon Haiyan: what really alarms Filipinos is the rich world ignoring climate change,https://www.theguardian.com/commentisfree/2013/nov/08/typhoon-haiyan-rich-ignore-climate-change,2013-11-08,2021-08-25,1,https://i.guim.co.uk/img/static/sys-images/Guardian/About/General/2013/11/8/1383918160537/Philippines-Haiyan-008.jpg?width=465&dpr=1&s=none&crop=none,../Scripts/output/guardian/guardian_images/guardian_2013-11-08_guardian_228ce3e596_img01.jpg,"Super-typhoon Haiyan, an equivalent category 5 hurricane, hits the coastal area of Laguna de Bay. Photograph: Herman Lumanog/ Herman Lumanog/Demotix/Corbis",,1,graph,2,photo|photograph,0,likely_visualization
guardian_acefabfa88,The Guardian,2013,IPCC,Typhoon Haiyan hits Philippines – as it happened,https://www.theguardian.com/world/2013/nov/08/typhoon-haiyan-hits-philippines-live-updates,2013-11-08,2018-09-11,1,https://i.guim.co.uk/img/static/sys-images/Guardian/Pix/pictures/2013/11/8/1383918444736/828bfc42-fd6b-4184-a035-6bd5390887aa-2060x1236.jpeg?width=465&dpr=1&s=none&crop=none,../Scripts/output/guardian/guardian_images/guardian_2013-11-08_guardian_acefabfa88_img01.jpeg,"A satellite image of Typhoon Haiyan approaching the Philippines, made using images captured by the geostationary satellites of the Japan Meteorological Agency and EUMETSAT. Photograph: Barcroft Media Photograph: Barcroft Media",,1,graph,2,photo|photograph,0,likely_visualization
guardian_ae94abd20b,The Guardian,2013,IPCC,Today's media stories from the papers,https://www.theguardian.com/media/2013/nov/08/media-briefing-friday-8-november,2013-11-08,2016-08-11,1,https://i.guim.co.uk/img/static/sys-images/Guardian/Pix/cartoons/2013/11/7/1383865088910/POLITICS-Blunkett-2-009.jpg?width=445&dpr=1&s=none&crop=none,../Scripts/output/guardian/guardian_images/guardian_2013-11-08_guardian_ae94abd20b_img01.jpg,"David Blunkett and Kimberly Quinn, at the Last Night of the Proms in 2003. Photograph: Chris Christodoulou/PA",,1,graph,2,photo|photograph,0,likely_visualization
guardian_fa93fb8a11,The Guardian,2013,IPCC,"Plebgate: MPs 'grandstanding' over police officers, says ex-Met chief",https://www.theguardian.com/politics/2013/nov/08/plebgate-mps-grandstanding-police-officers,2013-11-08,2017-11-30,1,https://i.guim.co.uk/img/static/sys-images/Guardian/Pix/pictures/2013/11/8/1383909846432/Former-Metropolitan-polic-009.jpg?width=465&dpr=1&s=none&crop=none,../Scripts/output/guardian/guardian_images/guardian_2013-11-08_guardian_fa93fb8a11_img01.jpg,"Former Metropolitan police commissioner Lord Blair. Writing in The House magazine, he said so far no one had emerged from the Plebgate affair with their honour enhanced. Photograph: David Levene for the Guardian",,1,graph,2,photo|photograph,0,likely_visualization
guardian_71930ff77b,The Guardian,2013,IPCC,Typhoon Haiyan: we cannot afford to procrastinate on climate action,https://www.theguardian.com/world/2013/nov/11/typhoon-haiyan-philippines-climate-change,2013-11-11,2021-08-27,1,https://i.guim.co.uk/img/static/sys-images/Guardian/Pix/online/2013/11/10/1384082675899/Super-typhoon-Haiyan-surv-002.jpg?width=465&dpr=1&s=none&crop=none,../Scripts/output/guardian/guardian_images/guardian_2013-11-11_guardian_71930ff77b_img01.jpg,"Super Typhoon Haiyan has wrecked the Philippines, killing thousands and flattening entire towns. Tacloban, where a ship was thrown ashore, above, was wrost hit. Photograph: Aaron Favila/AP",,1,graph,2,photo|photograph,0,likely_visualization
guardian_ea1de0cccc,The Guardian,2013,IPCC,Denialism: the shifting relationship between science and industry,https://www.theguardian.com/sustainable-business/blog/denialism-relationship-science-industry,2013-11-11,2021-08-27,1,https://i.guim.co.uk/img/static/sys-images/Guardian/Pix/pictures/2013/11/11/1384182638326/Exxon-005.jpg?width=465&dpr=1&s=none&crop=none,../Scripts/output/guardian/guardian_images/guardian_2013-11-11_guardian_ea1de0cccc_img01.jpg,Scientific research on climate change has remarkably little influence where it matters: on the oil industry. Photograph: Lm Otero/AP,,1,graph,2,photo|photograph,0,likely_visualization
guardian_ea90898255,The Guardian,2013,IPCC,Leaked IPCC report must be catalyst for a reassessment of global food system,https://www.theguardian.com/sustainable-business/food-blog/leaked-ipcc-report-climate-change-global-food-systems,2013-11-11,2021-08-27,1,https://i.guim.co.uk/img/static/sys-images/Guardian/Pix/pictures/2013/11/11/1384165126660/Maize-Zambia-007.jpg?width=465&dpr=1&s=none&crop=none,../Scripts/output/guardian/guardian_images/guardian_2013-11-11_guardian_ea90898255_img01.jpg,"Amelia Nyundo, a farmer in Zambia, in her field of failed maize. A leaked IPCC report shows the serious threat climate change poses to the global food system. Photograph: Martin Godwin",,1,graph,2,photo|photograph,0,likely_visualization
guardian_027afa3353,The Guardian,2013,IPCC,Live chat: how to build a global coalition to end climate change,https://www.theguardian.com/global-development-professionals-network/2013/nov/11/climate-change-cross-sector-collaboration-cop19,2013-11-12,2022-10-19,1,https://i.guim.co.uk/img/static/sys-images/Guardian/Pix/pictures/2013/11/11/1384177734209/Typhoon-Haiyan-satallite--007.jpg?width=465&dpr=1&s=none&crop=none,../Scripts/output/guardian/guardian_images/guardian_2013-11-12_guardian_027afa3353_img01.jpg,A digital composite of typhoon Haiyan approaching the Philippines. Three-quarters of a million people were ordered to evacuate their homes in villages in the typhoon's path. Photograph: Barcroft Media,,1,graph,2,photo|photograph,0,likely_visualization
guardian_44bf378aa1,The Guardian,2013,"""carbon budget""",Climate talks: will COP19 help poor countries? – podcast transcript,https://www.theguardian.com/global-development/2013/nov/14/climate-talks-cop19-podcast-transcript,2013-11-14,2022-10-19,1,https://i.guim.co.uk/img/static/sys-images/Environment/Pix/pictures/2013/11/13/1384362615790/A-solar-panel-is-installe-008.jpg?width=465&dpr=1&s=none&crop=none,../Scripts/output/guardian/guardian_images/guardian_2013-11-14_guardian_44bf378aa1_img01.jpg,"Climate talks in Warsaw focused on how to pay for a greener future. Above: a solar panel is installed on the roof of a house near Mangalore, India. Photograph: AP",,1,graph,2,photo|photograph,0,likely_visualization
guardian_30f36a762c,The Guardian,2013,"""carbon budget""","Leave coal in the ground to avoid climate catastrophe, UN tells industry",https://www.theguardian.com/environment/2013/nov/18/leave-coal-avoid-climate-catastrophe-un,2013-11-18,2021-08-25,1,https://i.guim.co.uk/img/static/sys-images/Guardian/Pix/pictures/2013/11/18/1384804089408/La-Cygne-power-plant-Kans-008.jpg?width=465&dpr=1&s=none&crop=none,../Scripts/output/guardian/guardian_images/guardian_2013-11-18_guardian_30f36a762c_img01.jpg,The La Cygne coal-fired power plant in eastern Kansas. Photograph: Charlie Riedel/AP,,1,graph,2,photo|photograph,0,likely_visualization
guardian_4185e36214,The Guardian,2013,IPCC,Global warming and business reporting – can business news organizations achieve less than zero?,https://www.theguardian.com/environment/climate-consensus-97-per-cent/2013/nov/18/global-warming-business-reporting,2013-11-18,2021-08-25,1,https://i.guim.co.uk/img/static/sys-images/Guardian/Pix/pictures/2011/10/12/1318430788869/The-Wall-Street-Journal-007.jpg?width=465&dpr=1&s=none&crop=none,../Scripts/output/guardian/guardian_images/guardian_2013-11-18_guardian_4185e36214_img01.jpg,Business periodicals like the Wall Street Journal are failing to report accurately on climate change. Photograph: Mark Lennihan/AP,,1,graph,2,photo|photograph,0,likely_visualization
guardian_6a0e46891f,The Guardian,2013,"""carbon budget""",UN climate chief says coal can be part of global warming solution,https://www.theguardian.com/environment/2013/nov/18/un-climate-chief-coal-global-warming,2013-11-18,2018-02-14,1,https://i.guim.co.uk/img/static/sys-images/Guardian/Pix/pictures/2013/11/18/1384772107971/2cfbcf79-3e87-445b-a27c-6a8eb80efd74-2060x1236.jpeg?width=465&dpr=1&s=none&crop=none,../Scripts/output/guardian/guardian_images/guardian_2013-11-18_guardian_6a0e46891f_img01.jpeg,"Christiana Figueres spoke to delegates at the World Coal summit, which takes place as the second week of UN climate negotiations get under way in Warsaw. Photograph: Zhang Fan/Xinhua Press/Corbis Photograph: Zhang Fan/ Zhang Fan/Xinhua Press/Corbis",,1,graph,2,photo|photograph,0,likely_visualization
guardian_d52a4f2160,The Guardian,2013,IPCC,Hillsborough: Bernard Hogan-Howe faces IPCC investigation over actions,https://www.theguardian.com/football/2013/nov/18/hillsborough-bernard-hogan-howe-ipcc,2013-11-18,2017-11-30,1,https://i.guim.co.uk/img/static/sys-images/Guardian/About/General/2013/11/18/1384817528870/Bernard-Hogan-Howe--009.jpg?width=465&dpr=1&s=none&crop=none,../Scripts/output/guardian/guardian_images/guardian_2013-11-18_guardian_d52a4f2160_img01.jpg,Bernard Hogan-Howe appears never to have made a statement after Hillsborough to any of the official investigations into the disaster. Photograph: Dominic Lipinski/PA,,1,graph,2,photo|photograph,0,likely_visualization
guardian_115256ceef,The Guardian,2013,IPCC,13 tips on building a coalition to tackle climate change,https://www.theguardian.com/global-development-professionals-network/2013/nov/19/climate-change-coalition-best-bits,2013-11-19,2022-10-19,1,https://i.guim.co.uk/img/static/sys-images/Guardian/Pix/pictures/2013/11/19/1384878507543/Climate-Conference-Warsaw-008.jpg?width=465&dpr=1&s=none&crop=none,../Scripts/output/guardian/guardian_images/guardian_2013-11-19_guardian_115256ceef_img01.jpg,"As Marcin Korolec, president of the COP during COP 19 in Warsaw gives a speech, our panel question the 'right' type of leadership for a climate change coalition. Photograph: Theo Schneider/Demotix/Corbis",,1,graph,2,photo|photograph,0,likely_visualization
guardian_4ede04c21a,The Guardian,2013,"""sea level rise""",After Haiyan: how to act on scientific advice that's politically inconvenient?,https://www.theguardian.com/science/political-science/2013/nov/19/typhoon-haiyan-scientific-advice-extreme-weather,2013-11-19,2021-08-25,1,https://i.guim.co.uk/img/static/sys-images/Guardian/Pix/pictures/2013/11/19/1384864423352/A-Philippine-Air-Force-cr-011.jpg?width=465&dpr=1&s=none&crop=none,../Scripts/output/guardian/guardian_images/guardian_2013-11-19_guardian_4ede04c21a_img01.jpg,A Philippine Air Force crewman looks out from his helicopter over the typhoon Haiyan-ravaged city of Tacloban. Photograph: Dita Alangkara/AP,,1,graph,2,photo|photograph,0,likely_visualization
guardian_c10eabf439,The Guardian,2013,"""carbon budget""",UN climate talks in Warsaw: what you need to know,https://www.theguardian.com/environment/2013/nov/19/un-climate-talks-warsaw-poland,2013-11-19,2022-08-17,1,https://i.guim.co.uk/img/static/sys-images/Environment/Pix/columnists/2013/11/19/1384865220426/COP19-in-Warsaw--Christia-009.jpg?width=465&dpr=1&s=none&crop=none,../Scripts/output/guardian/guardian_images/guardian_2013-11-19_guardian_c10eabf439_img01.jpg,"From left to right: COP19 executive secretary Christiana Figueres, president Marcin Korolec and spokesman Eric Hall answer questions at the UN Climate Change Conference in Warsaw, Poland. Photograph: Zhang Fan/Corbis",,1,graph,2,photo|photograph,0,likely_visualization
guardian_3a9a52cc70,The Guardian,2013,IPCC,Crossing continents – the latest challenge for the readers' editor,https://www.theguardian.com/sustainability/sustainability-report-2013-guardian-readers-editor,2013-11-20,2013-11-27,1,https://i.guim.co.uk/img/static/sys-images/Guardian/Pix/pictures/2013/10/2/1380711303948/Bondi-beach-Australia-010.jpg?width=465&dpr=1&s=none&crop=none,../Scripts/output/guardian/guardian_images/guardian_2013-11-20_guardian_3a9a52cc70_img01.jpg,Australia: new territory for the Guardian. Photograph: Graeme Robertson,,1,graph,2,photo|photograph,0,likely_visualization
guardian_48f2206ab4,The Guardian,2013,"""sea level rise""",Will extreme weather like super typhoon Haiyan become the new norm?,https://www.theguardian.com/environment/climate-consensus-97-per-cent/2013/nov/20/climate-change-haiyan-hurricanes,2013-11-20,2021-08-25,1,https://i.guim.co.uk/img/static/sys-images/Guardian/Pix/pictures/2013/11/8/1383941669014/Satellite-image-of-typhoo-008.jpg?width=465&dpr=1&s=none&crop=none,../Scripts/output/guardian/guardian_images/guardian_2013-11-20_guardian_48f2206ab4_img01.jpg,"Typhoon Haiyan over the Leyte Gulf, east of the central Philippines. Photograph: Zuma/Rex Features",,1,graph,2,photo|photograph,0,likely_visualization
guardian_4f3eaf0992,The Guardian,2013,"""sea level rise""",Poor countries walk out of UN climate talks as compensation row rumbles on,https://www.theguardian.com/global-development/2013/nov/20/climate-talks-walk-out-compensation-un-warsaw,2013-11-20,2022-10-19,1,https://i.guim.co.uk/img/static/sys-images/Environment/Pix/columnists/2013/11/20/1384958203087/MDG--COP19-in-Warsaw--Del-008.jpg?width=465&dpr=1&s=none&crop=none,../Scripts/output/guardian/guardian_images/guardian_2013-11-20_guardian_4f3eaf0992_img01.jpg,UN climate change conference in Warsaw: delegates from the G77 and China in talks before staging a walkout. Photograph: Francis Dejon/IISD,,1,graph,2,photo|photograph,0,likely_visualization
guardian_8fa2de334c,The Guardian,2013,"""sea level rise""",Climate talks: Should rich countries pay for damage caused by global warming?,https://www.theguardian.com/environment/2013/nov/20/climate-talks-rich-countries-pay-damage-global-warming,2013-11-20,2022-10-19,5,https://i.guim.co.uk/img/static/sys-images/Guardian/Pix/pictures/2013/11/20/1384966365370/96a53caa-3d86-4281-932a-5c2c354a7430-bestSizeAvailable.png?width=465&dpr=1&s=none&crop=none,../Scripts/output/guardian/guardian_images/guardian_2013-11-20_guardian_8fa2de334c_img05.png,Regional distributions of the impacts and contributions of climate change. Annex 1 indicates developed countries. RoW is rest of world. Photograph: Cambridge University Photograph: Cambridge University,,1,graph,2,photo|photograph,0,likely_visualization
guardian_922021fdae,The Guardian,2013,"""sea level rise""","Cost of climate change adaptation could destabilise African countries, UN warns",https://www.theguardian.com/global-development/2013/nov/20/climate-change-adaptation-cost-destabilise-african-countries,2013-11-20,2022-10-19,1,https://i.guim.co.uk/img/static/sys-images/Environment/Pix/columnists/2013/11/19/1384877331180/MDG--COP19-in-Warsaw--Pan-008.jpg?width=465&dpr=1&s=none&crop=none,../Scripts/output/guardian/guardian_images/guardian_2013-11-20_guardian_922021fdae_img01.jpg,African climate change activists demonstrate in Warsaw. Photograph: Jenny Bates,,1,graph,2,photo|photograph,0,likely_visualization
guardian_fedd53c153,The Guardian,2013,IPCC,Unilever's new Project Sunlight campaign - experts give their views,https://www.theguardian.com/sustainable-business/blog/unilever-project-sunlight-campaign-expert-view,2013-11-20,2020-07-01,2,https://i.guim.co.uk/img/static/sys-images/Guardian/Pix/pictures/2013/11/20/1384967804099/Rachael-Post-003.jpg?width=445&dpr=1&s=none&crop=none,../Scripts/output/guardian/guardian_images/guardian_2013-11-20_guardian_fedd53c153_img02.jpg,Rachael Post Photograph: Rachael Post,,1,graph,2,photo|photograph,0,likely_visualization
guardian_fedd53c153,The Guardian,2013,IPCC,Unilever's new Project Sunlight campaign - experts give their views,https://www.theguardian.com/sustainable-business/blog/unilever-project-sunlight-campaign-expert-view,2013-11-20,2020-07-01,3,https://i.guim.co.uk/img/static/sys-images/Guardian/Pix/pictures/2013/4/12/1365762901502/Justine-Roberts-003.jpg?width=445&dpr=1&s=none&crop=none,../Scripts/output/guardian/guardian_images/guardian_2013-11-20_guardian_fedd53c153_img03.jpg,Photograph: Mumsnet,,1,graph,2,photo|photograph,0,likely_visualization
guardian_fedd53c153,The Guardian,2013,IPCC,Unilever's new Project Sunlight campaign - experts give their views,https://www.theguardian.com/sustainable-business/blog/unilever-project-sunlight-campaign-expert-view,2013-11-20,2020-07-01,4,https://i.guim.co.uk/img/static/sys-images/Guardian/Pix/pictures/2013/11/20/1384967906715/Elisa-Niemtzow-003.jpg?width=445&dpr=1&s=none&crop=none,../Scripts/output/guardian/guardian_images/guardian_2013-11-20_guardian_fedd53c153_img04.jpg,Photograph: BSR,,1,graph,2,photo|photograph,0,likely_visualization
guardian_fedd53c153,The Guardian,2013,IPCC,Unilever's new Project Sunlight campaign - experts give their views,https://www.theguardian.com/sustainable-business/blog/unilever-project-sunlight-campaign-expert-view,2013-11-20,2020-07-01,5,https://i.guim.co.uk/img/static/sys-images/Guardian/Pix/pictures/2013/11/20/1384968615071/Stuart-Capsticks-003.jpg?width=445&dpr=1&s=none&crop=none,../Scripts/output/guardian/guardian_images/guardian_2013-11-20_guardian_fedd53c153_img05.jpg,Stuart Capsticks Photograph: Stuart Capsticks,,1,graph,2,photo|photograph,0,likely_visualization
guardian_2acff945da,The Guardian,2013,"""global temperature""","Government might clear low bar for greenest ever, but is it green enough?",https://www.theguardian.com/environment/2013/nov/21/government-greenest-ever-enough-david-cameron,2013-11-21,2017-11-30,1,https://i.guim.co.uk/img/static/sys-images/Guardian/Pix/pictures/2013/11/21/1385054680282/David-Cameron-008.jpg?width=465&dpr=1&s=none&crop=none,../Scripts/output/guardian/guardian_images/guardian_2013-11-21_guardian_2acff945da_img01.jpg,David Cameron at a clean energy conference in London last year. Photograph: Stefan Rousseau/PA,,1,graph,2,photo|photograph,0,likely_visualization
guardian_adad640767,The Guardian,2013,"""global temperature""",Warsaw's widening climate chasm could lead to 4C warming,https://www.theguardian.com/environment/planet-oz/2013/nov/21/warsaw-climate-change-conference-global-warming,2013-11-21,2021-08-25,1,https://i.guim.co.uk/img/static/sys-images/Environment/Pix/columnists/2013/11/20/1384970856922/Planet-Oz-Blog-at-COP19-i-007.jpg?width=465&dpr=1&s=none&crop=none,../Scripts/output/guardian/guardian_images/guardian_2013-11-21_guardian_adad640767_img01.jpg,"In this January 4, 2013 Tammy Holmes and her grandchildren take refuge under a jetty as a wildfire rages nearby in the Tasmanian town of Dunalley, east of the state capital of Hobart, Australia. Photograph: Tim Holmes/AP",,1,graph,2,photo|photograph,0,likely_visualization
guardian_e34533326d,The Guardian,2013,"""global temperature""",How China's action on air pollution is slowing its carbon emissions,https://www.theguardian.com/environment/chinas-choice/2013/nov/21/china-air-pollution-carbon-emissions,2013-11-21,2021-08-25,1,https://i.guim.co.uk/img/static/sys-images/Guardian/Pix/pictures/2011/4/14/1302778710537/Wind-turbines-at-sunset-N-008.jpg?width=465&dpr=1&s=none&crop=none,../Scripts/output/guardian/guardian_images/guardian_2013-11-21_guardian_e34533326d_img01.jpg,"Wind turbines at sunset, Nei Mongol Autonomous Region, China. China's investments in renewable energies along with a debate on coal ""give hope"" for slower emission growth, according to a new report. Photograph: Yi Lu/Corbis",,1,graph,2,photo|photograph,0,likely_visualization
guardian_2620a9a3f4,The Guardian,2013,IPCC,Plebgate: Andrew Mitchell press conference – live,https://www.theguardian.com/politics/2013/nov/26/plebgate-andrew-mitchell-press-conference-live,2013-11-26,2017-09-20,2,https://i.guim.co.uk/img/static/sys-images/Guardian/Pix/pictures/2013/11/26/1385483815779/Andrew-Mitchell-at-his-pr-009.jpg?width=465&dpr=1&s=none&crop=none,../Scripts/output/guardian/guardian_images/guardian_2013-11-26_guardian_2620a9a3f4_img02.jpg,Andrew Mitchell at his press conference. Photograph: Sky News Photograph: Sky News,,1,graph,2,photo|photograph,0,likely_visualization
guardian_c3a79ed4bd,The Guardian,2013,"""carbon budget""",The Climate Change Act: Speaking Truth to Power?,https://www.theguardian.com/science/2013/nov/26/the-climate-change-act-speaking-truth-to-power,2013-11-26,2021-08-25,1,https://i.guim.co.uk/img/static/sys-images/Guardian/Pix/pictures/2013/11/26/1385461740043/725a6936-e7be-45b5-afc7-25ae4fb4afb4-2060x1236.jpeg?width=465&dpr=1&s=none&crop=none,../Scripts/output/guardian/guardian_images/guardian_2013-11-26_guardian_c3a79ed4bd_img01.jpeg,"Wind farm with North Sea Brent oil and gas field system in background, outskirts of Cowdenbeath, Fife. Photograph: Murdo MacLeod Photograph: Murdo MacLeod",,1,graph,2,photo|photograph,0,likely_visualization
guardian_f5277a8a91,The Guardian,2013,IPCC,The Ian Watkins case doesn't need pap shots of celebrity ex-girlfriends,https://www.theguardian.com/lifeandstyle/lostinshowbiz/2013/nov/28/ian-watkins-case-celebrity-lostprophets,2013-11-28,2017-11-25,1,https://i.guim.co.uk/img/static/sys-images/Guardian/Pix/pictures/2013/11/28/1385652355768/Ian-Watkins-of-Lostprophe-009.jpg?width=465&dpr=1&s=none&crop=none,../Scripts/output/guardian/guardian_images/guardian_2013-11-28_guardian_f5277a8a91_img01.jpg,Ian Watkins of Lostprophets: 'unspeakably grim story'. Photograph: Marc Grimwade/WireImage,,1,graph,2,photo|photograph,0,likely_visualization
guardian_f5277a8a91,The Guardian,2013,IPCC,The Ian Watkins case doesn't need pap shots of celebrity ex-girlfriends,https://www.theguardian.com/lifeandstyle/lostinshowbiz/2013/nov/28/ian-watkins-case-celebrity-lostprophets,2013-11-28,2017-11-25,2,https://i.guim.co.uk/img/static/sys-images/Guardian/Pix/pictures/2013/11/28/1385657590679/The-Sun-27-November-2013-001.jpg?width=445&dpr=1&s=none&crop=none,../Scripts/output/guardian/guardian_images/guardian_2013-11-28_guardian_f5277a8a91_img02.jpg,"The Sun, 27 November 2013 Photograph: The Sun",,1,graph,2,photo|photograph,0,likely_visualization
guardian_fec173d161,The Guardian,2013,"""carbon budget""",Drink local? The Climate Change Act in the Lake District,https://www.theguardian.com/science/2013/nov/28/drink-local-the-climate-change-act-in-the-lake-district-rebecca-willis,2013-11-28,2021-08-25,1,https://i.guim.co.uk/img/static/sys-images/Guardian/Pix/pictures/2013/11/28/1385658736532/d1618de5-a444-4390-9dd2-d2d682014d5a-2060x1236.jpeg?width=465&dpr=1&s=none&crop=none,../Scripts/output/guardian/guardian_images/guardian_2013-11-28_guardian_fec173d161_img01.jpeg,"Trees near Grasmere Lake in the Lake District, Cumbria. Photograph: Owen Humphreys/PA Photograph: Owen Humphreys/PA",,1,graph,2,photo|photograph,0,likely_visualization
guardian_961d389292,The Guardian,2013,IPCC,Climate science: can geoengineering save the world?,https://www.theguardian.com/sustainable-business/blog/climate-science-geoengineering-save-world,2013-11-29,2021-08-27,1,https://i.guim.co.uk/img/static/sys-images/Guardian/Pix/pictures/2013/11/29/1385747117367/Planet-Earth-in-Outer-Spa-009.jpg?width=465&dpr=1&s=none&crop=none,../Scripts/output/guardian/guardian_images/guardian_2013-11-29_guardian_961d389292_img01.jpg,Geoengineering means artificially modifying the Earth's climate. Is this a dangerous folly or one of our great hopes? Photograph: Corbis,,1,graph,2,photo|photograph,0,likely_visualization
guardian_961d389292,The Guardian,2013,IPCC,Climate science: can geoengineering save the world?,https://www.theguardian.com/sustainable-business/blog/climate-science-geoengineering-save-world,2013-11-29,2021-08-27,2,https://i.guim.co.uk/img/static/sys-images/Guardian/Pix/pictures/2013/11/29/1385744250913/David-Keith-003.jpg?width=445&dpr=1&s=none&crop=none,../Scripts/output/guardian/guardian_images/guardian_2013-11-29_guardian_961d389292_img02.jpg,David Keith Photograph: David Keith,,1,graph,2,photo|photograph,0,likely_visualization
guardian_961d389292,The Guardian,2013,IPCC,Climate science: can geoengineering save the world?,https://www.theguardian.com/sustainable-business/blog/climate-science-geoengineering-save-world,2013-11-29,2021-08-27,3,https://i.guim.co.uk/img/static/sys-images/Guardian/Pix/pictures/2013/11/29/1385745065659/Mike-Hulme-003.jpg?width=445&dpr=1&s=none&crop=none,../Scripts/output/guardian/guardian_images/guardian_2013-11-29_guardian_961d389292_img03.jpg,Mike Hulme Photograph: Mike Hulme,,1,graph,2,photo|photograph,0,likely_visualization
guardian_4196b3da2f,The Guardian,2013,"""climate change""",As it happened - Tony Abbott faces final parliamentary fortnight,https://www.theguardian.com/world/2013/dec/02/tony-abbott-final-parliamentary-fortnight-live,2013-12-01,2018-03-13,1,https://i.guim.co.uk/img/static/sys-images/Guardian/Pix/pictures/2013/12/2/1385959606893/6c01f52b-ff86-412c-9614-b1bc3997fecc-2060x1236.jpeg?width=465&dpr=1&s=none&crop=none,../Scripts/output/guardian/guardian_images/guardian_2013-12-01_guardian_4196b3da2f_img01.jpeg,Charades: Labor's Mark Dreyfus and Tony Burke react during the suspension debate on education. AAP image for The Guardian/Alan Porritt Photograph: Alan Porritt/AAP/AAP,,1,graph,2,photo|photograph,0,likely_visualization
guardian_4196b3da2f,The Guardian,2013,"""climate change""",As it happened - Tony Abbott faces final parliamentary fortnight,https://www.theguardian.com/world/2013/dec/02/tony-abbott-final-parliamentary-fortnight-live,2013-12-01,2018-03-13,2,https://i.guim.co.uk/img/static/sys-images/Guardian/Pix/pictures/2013/12/2/1385959250989/85ca48c1-08c9-4c48-ade1-ff48be0260cc-2060x1236.jpeg?width=465&dpr=1&s=none&crop=none,../Scripts/output/guardian/guardian_images/guardian_2013-12-01_guardian_4196b3da2f_img02.jpeg,Bill Shorten during question time. AAP image for The Guardian/Alan Porritt Photograph: Alan Porritt/AAP/AAP,,1,graph,2,photo|photograph,0,likely_visualization
guardian_4196b3da2f,The Guardian,2013,"""climate change""",As it happened - Tony Abbott faces final parliamentary fortnight,https://www.theguardian.com/world/2013/dec/02/tony-abbott-final-parliamentary-fortnight-live,2013-12-01,2018-03-13,3,https://i.guim.co.uk/img/static/sys-images/Guardian/Pix/pictures/2013/12/2/1385957398615/3f716540-9403-4d4a-8744-f43d1e03c78b-2060x1236.jpeg?width=465&dpr=1&s=none&crop=none,../Scripts/output/guardian/guardian_images/guardian_2013-12-01_guardian_4196b3da2f_img03.jpeg,Education minister Christopher Pyne arguing against a suspension of standing orders on education. AAP image for The Guardian/Alan Porritt Photograph: Alan Porritt/AAP/AAP,,1,graph,2,photo|photograph,0,likely_visualization
guardian_4196b3da2f,The Guardian,2013,"""climate change""",As it happened - Tony Abbott faces final parliamentary fortnight,https://www.theguardian.com/world/2013/dec/02/tony-abbott-final-parliamentary-fortnight-live,2013-12-01,2018-03-13,4,https://i.guim.co.uk/img/static/sys-images/Guardian/Pix/pictures/2013/12/2/1385957263145/cc488113-db22-4a7c-ad49-4f1dff1df05c-2060x1236.jpeg?width=465&dpr=1&s=none&crop=none,../Scripts/output/guardian/guardian_images/guardian_2013-12-01_guardian_4196b3da2f_img04.jpeg,Five fingers but don't mention Five Eyes. Tony Abbott in the prime minister's courtyard prior to question time. AAP image for The Guardian/Alan Porritt Photograph: Alan Porritt/AAP/AAP,,1,graph,2,photo|photograph,0,likely_visualization
guardian_4196b3da2f,The Guardian,2013,"""climate change""",As it happened - Tony Abbott faces final parliamentary fortnight,https://www.theguardian.com/world/2013/dec/02/tony-abbott-final-parliamentary-fortnight-live,2013-12-01,2018-03-13,5,https://i.guim.co.uk/img/static/sys-images/Guardian/Pix/pictures/2013/12/2/1385955269586/17eac0bd-52e8-46a8-9aaf-3d96f8e91a4f-2060x1236.jpeg?width=465&dpr=1&s=none&crop=none,../Scripts/output/guardian/guardian_images/guardian_2013-12-01_guardian_4196b3da2f_img05.jpeg,Education minister Christopher Pyne keeping a straight face during his earlier press conference. AAP image for The Guardian/Alan Porritt Photograph: Alan Porritt/AAP/AAP,,1,graph,2,photo|photograph,0,likely_visualization
guardian_4196b3da2f,The Guardian,2013,"""climate change""",As it happened - Tony Abbott faces final parliamentary fortnight,https://www.theguardian.com/world/2013/dec/02/tony-abbott-final-parliamentary-fortnight-live,2013-12-01,2018-03-13,6,https://i.guim.co.uk/img/static/sys-images/Guardian/Pix/pictures/2013/12/2/1385953908605/fcd5f595-a522-4c2d-9f75-5fb774cfc357-2060x1236.jpeg?width=465&dpr=1&s=none&crop=none,../Scripts/output/guardian/guardian_images/guardian_2013-12-01_guardian_4196b3da2f_img06.jpeg,Tony Abbott and education minister Christropher Pyne re-committing to Gonski funding. AAP image for The Guardian/Alan Porritt Photograph: Alan Porritt/AAP/AAP,,1,graph,2,photo|photograph,0,likely_visualization
guardian_4196b3da2f,The Guardian,2013,"""climate change""",As it happened - Tony Abbott faces final parliamentary fortnight,https://www.theguardian.com/world/2013/dec/02/tony-abbott-final-parliamentary-fortnight-live,2013-12-01,2018-03-13,7,https://i.guim.co.uk/img/static/sys-images/Guardian/Pix/pictures/2013/12/2/1385951637974/b9d8b336-cc50-48fb-b48e-1753fc4da586-2060x1236.jpeg?width=465&dpr=1&s=none&crop=none,../Scripts/output/guardian/guardian_images/guardian_2013-12-01_guardian_4196b3da2f_img07.jpeg,Greens senator Scott Ludlam urges an inquiry into Australian intelligence gathering. AAP image for The Guardian/Alan Porritt Photograph: Alan Porritt/AAP/AAP,,1,graph,2,photo|photograph,0,likely_visualization
guardian_4196b3da2f,The Guardian,2013,"""climate change""",As it happened - Tony Abbott faces final parliamentary fortnight,https://www.theguardian.com/world/2013/dec/02/tony-abbott-final-parliamentary-fortnight-live,2013-12-01,2018-03-13,8,https://i.guim.co.uk/img/static/sys-images/Guardian/Pix/pictures/2013/12/2/1385943298593/dad4266f-9826-4c72-94fe-8fd05fca417a-2060x1236.jpeg?width=465&dpr=1&s=none&crop=none,../Scripts/output/guardian/guardian_images/guardian_2013-12-01_guardian_4196b3da2f_img08.jpeg,"In the Senate, Labor's Deborah O'Neill is sworn in to replace Bob Carr while Doug Cameron watches on. AAP image for The Guardian/Alan Porritt Photograph: Alan Porritt/AAP/AAP",,1,graph,2,photo|photograph,0,likely_visualization
guardian_664979e459,The Guardian,2013,"""climate change""","Labour would seek budget surplus in next parliament, says Ed Balls",https://www.theguardian.com/politics/2013/dec/01/labour-seeks-budget-surplus-ed-balls,2013-12-01,2019-03-07,1,https://i.guim.co.uk/img/static/sys-images/Guardian/Pix/pictures/2013/12/1/1385900159819/Ed-Balls-and-George-Osbor-006.jpg?width=465&dpr=1&s=none&crop=none,../Scripts/output/guardian/guardian_images/guardian_2013-12-01_guardian_664979e459_img01.jpg,"Ed Balls told the chancellor, George Osborne, that he will look out of touch if he boasts about a recovery that 'is not there for most people'. Photograph: Jeff Overs/BBC/PA",,1,graph,2,photo|photograph,0,likely_visualization
guardian_27521eb17a,The Guardian,2013,"""climate change""",Judges,https://www.theguardian.com/sustainable-business/sustainable-business-awards-judges-2014,2013-12-02,2014-04-01,1,https://i.guim.co.uk/img/static/sys-images/Guardian/Pix/pictures/2013/11/29/1385718948092/Sustainable-Business-Awar-008.jpg?width=465&dpr=1&s=none&crop=none,../Scripts/output/guardian/guardian_images/guardian_2013-12-02_guardian_27521eb17a_img01.jpg,Guardian Sustainable Business awards 2014 judges. Photograph: Scriberia,,1,graph,2,photo|photograph,0,likely_visualization
guardian_31cc74b528,The Guardian,2013,"""climate change""",How do meteorologists fit into the 97% global warming consensus?,https://www.theguardian.com/environment/climate-consensus-97-per-cent/2013/dec/02/meteorologists-global-warming-consensus,2013-12-02,2021-08-25,1,https://i.guim.co.uk/img/static/sys-images/Guardian/About/General/2010/11/9/1289328456853/BBC-weatherman-006.jpg?width=465&dpr=1&s=none&crop=none,../Scripts/output/guardian/guardian_images/guardian_2013-12-02_guardian_31cc74b528_img01.jpg,Meteorologists' positions on climate science are most determined by their acceptance of the expert consensus and their political ideology. Photograph: BNPS.co.uk,,1,graph,2,photo|photograph,0,likely_visualization
guardian_4bf16ec4c3,The Guardian,2013,"""climate change""",Energy bills plan announced and Cameron in China: Politics live blog,https://www.theguardian.com/politics/2013/dec/02/energy-bills-plan-announced-and-cameron-in-china-politics-live-blog,2013-12-02,2018-02-14,1,https://i.guim.co.uk/img/static/sys-images/Guardian/Pix/pictures/2013/12/2/1385999558886/5af3848b-8383-4f1b-8767-f47e8e834a21-1024x768.png?width=465&dpr=1&s=none&crop=none,../Scripts/output/guardian/guardian_images/guardian_2013-12-02_guardian_4bf16ec4c3_img01.png,Caroline Flint Photograph: /BBC Parliament Photograph: BBC Parliament,,1,graph,2,photo|photograph,0,likely_visualization
guardian_4bf16ec4c3,The Guardian,2013,"""climate change""",Energy bills plan announced and Cameron in China: Politics live blog,https://www.theguardian.com/politics/2013/dec/02/energy-bills-plan-announced-and-cameron-in-china-politics-live-blog,2013-12-02,2018-02-14,2,https://i.guim.co.uk/img/static/sys-images/Guardian/Pix/pictures/2013/12/2/1385998833664/e9aa9b3a-b2b6-4eec-b8d9-d31b9d10c65e-1024x768.png?width=465&dpr=1&s=none&crop=none,../Scripts/output/guardian/guardian_images/guardian_2013-12-02_guardian_4bf16ec4c3_img02.png,Ed Davey at the despatch box Photograph: /BBC Parliament Photograph: BBC Parliament,,1,graph,2,photo|photograph,0,likely_visualization
guardian_4bf16ec4c3,The Guardian,2013,"""climate change""",Energy bills plan announced and Cameron in China: Politics live blog,https://www.theguardian.com/politics/2013/dec/02/energy-bills-plan-announced-and-cameron-in-china-politics-live-blog,2013-12-02,2018-02-14,3,https://i.guim.co.uk/img/static/sys-images/Guardian/Pix/pictures/2013/12/2/1385981014579/a3ba516c-28ec-42b6-ad1d-ce845159017a-2060x1236.jpeg?width=465&dpr=1&s=none&crop=none,../Scripts/output/guardian/guardian_images/guardian_2013-12-02_guardian_4bf16ec4c3_img03.jpeg,"David Cameron meets President Xi Jinping at the State Guest House, Diaoyupai in Beijing. Photograph: Stefan Rousseau/PA Photograph: Stefan Rousseau/PA",,1,graph,2,photo|photograph,0,likely_visualization
guardian_4bf16ec4c3,The Guardian,2013,"""climate change""",Energy bills plan announced and Cameron in China: Politics live blog,https://www.theguardian.com/politics/2013/dec/02/energy-bills-plan-announced-and-cameron-in-china-politics-live-blog,2013-12-02,2018-02-14,4,https://i.guim.co.uk/img/static/sys-images/Guardian/Pix/pictures/2013/12/2/1385977372300/fe5bc3f9-9994-45ed-88fb-576637023638-1024x768.png?width=465&dpr=1&s=none&crop=none,../Scripts/output/guardian/guardian_images/guardian_2013-12-02_guardian_4bf16ec4c3_img04.png,Ed Davey Photograph: /BBC News Photograph: BBC News,,1,graph,2,photo|photograph,0,likely_visualization
guardian_76236e7bbb,The Guardian,2013,"""climate change""",Film today: Fast & Furious 7 going ahead despite Paul Walker's death,https://www.theguardian.com/film/2013/dec/02/film-today,2013-12-02,2017-04-24,1,https://i.guim.co.uk/img/static/sys-images/Arts/Arts_/Pictures/2013/5/15/1368639465004/Vin-Diesel-and-Paul-Walke-010.jpg?width=465&dpr=1&s=none&crop=none,../Scripts/output/guardian/guardian_images/guardian_2013-12-02_guardian_76236e7bbb_img01.jpg,Paul Walker (right) and co-star Vin Diesel in Fast & Furious 6. Photograph: Allstar/UNIVERSAL PICTURES/Sportsphoto Ltd./Allstar,,1,graph,2,photo|photograph,0,likely_visualization
guardian_9116f0a9f0,The Guardian,2013,"""climate change""",Green levy 'rollback': UK government energy advisers condemn changes,https://www.theguardian.com/environment/2013/dec/02/green-levy-rollback-energy-advisers-uk-government,2013-12-02,2018-02-14,1,https://i.guim.co.uk/img/static/sys-images/Money/Pix/pictures/2012/9/28/1348832121678/Cavity-wall-insulation-008.jpg?width=465&dpr=1&s=none&crop=none,../Scripts/output/guardian/guardian_images/guardian_2013-12-02_guardian_9116f0a9f0_img01.jpg,The biggest cut to energy efficiency in the government’s plan is a cut in installing solid wall insulation through the ECO scheme. Photograph: Graham Turner for the Guardian,,1,graph,2,photo|photograph,0,likely_visualization
guardian_bb53ab9eff,The Guardian,2013,"""climate change""",Energy firms push for more cuts to green levies,https://www.theguardian.com/environment/2013/dec/02/energy-firms-cuts-green-levies,2013-12-02,2018-03-13,1,https://i.guim.co.uk/img/static/sys-images/Guardian/Pix/pictures/2013/12/2/1386018677579/Energy-firms-push-for-mor-008.jpg?width=465&dpr=1&s=none&crop=none,../Scripts/output/guardian/guardian_images/guardian_2013-12-02_guardian_bb53ab9eff_img01.jpg,Commons energy committee chair Tim Yeo argues that green levies should not be cut as a way of reducing household energy bills. Photograph: Dan Chung for the Guardian,,1,graph,2,photo|photograph,0,likely_visualization
guardian_14c24d13e7,The Guardian,2013,"""climate change""",US business leaders must break silence on climate change,https://www.theguardian.com/sustainable-business/us-business-leaders-climate-change-silence,2013-12-03,2021-08-25,1,https://i.guim.co.uk/img/static/sys-images/Work/IQ_vs_Income/General/2013/12/3/1386085237744/Barack-Obama-in-Berlin-008.jpg?width=465&dpr=1&s=none&crop=none,../Scripts/output/guardian/guardian_images/guardian_2013-12-03_guardian_14c24d13e7_img01.jpg,US President Barack Obama speaks in Berlin about climate change in June. US business leaders have been slow to speak out on the issue. Photograph: Pablo Martinez Monsivais/AP,,1,graph,2,photo|photograph,0,likely_visualization
guardian_661fcd7fed,The Guardian,2013,"""climate change""",George Osborne's autumn statement: my seven suggestions,https://www.theguardian.com/commentisfree/2013/dec/03/suggestion-george-osborne-autumn-statement,2013-12-03,2019-03-07,1,https://i.guim.co.uk/img/static/sys-images/Guardian/Pix/pictures/2013/12/3/1386071826014/George-Osborne-008.jpg?width=465&dpr=1&s=none&crop=none,../Scripts/output/guardian/guardian_images/guardian_2013-12-03_guardian_661fcd7fed_img01.jpg,"'Obviously, Osborne won’t simply leave taxes as they are: there are bound to be some reductions.' Photograph: Nigel Roddis/PA",,1,graph,2,photo|photograph,0,likely_visualization
guardian_c60da6d2a7,The Guardian,2013,"""climate change""",Chad struggles to prevent disease in midst of humanitarian emergency,https://www.theguardian.com/global-development/2013/dec/03/chad-struggles-humanitarian-emergency-refugees,2013-12-03,2022-10-19,1,https://i.guim.co.uk/img/static/sys-images/Environment/Pix/columnists/2013/11/25/1385385554803/MDG--Refugees-received-im-023.jpg?width=465&dpr=1&s=none&crop=none,../Scripts/output/guardian/guardian_images/guardian_2013-12-03_guardian_c60da6d2a7_img01.jpg,"Refugee children being immunised by Chadian state nurses, funded by Unicef, in Tissi, Chad, last month. Photograph: Alex Duval Smith for the Guardian",,1,graph,2,photo|photograph,0,likely_visualization
guardian_f98d1d4c27,The Guardian,2013,"""climate change""",How to hack corporate culture from within,https://www.theguardian.com/sustainable-business/hack-corporate-culture-within,2013-12-03,2013-12-03,1,https://i.guim.co.uk/img/static/sys-images/Film/Pix/pictures/2009/10/14/1255537365176/Scene-from-Gandhi-1982-001.jpg?width=465&dpr=1&s=none&crop=none,../Scripts/output/guardian/guardian_images/guardian_2013-12-03_guardian_f98d1d4c27_img01.jpg,"Mahatma Gandhi, played by Ben Kingsley in the 1982 film, Gandhi. The Indian leader famously said: 'Be the change you want to see in others'. Photograph: Kobal",,1,graph,2,photo|photograph,0,likely_visualization
guardian_146009d615,The Guardian,2013,"""climate change""",ALEC calls for penalties on 'freerider' homeowners in assault on clean energy,https://www.theguardian.com/world/2013/dec/04/alec-freerider-homeowners-assault-clean-energy,2013-12-04,2021-08-25,2,https://i.guim.co.uk/img/static/sys-images/Environment/Pix/columnists/2011/11/8/1320778718819/Pollution-due-to-carbon-e-006.jpg?width=445&dpr=1&s=none&crop=none,../Scripts/output/guardian/guardian_images/guardian_2013-12-04_guardian_146009d615_img02.jpg,Alec says requiring tougher standards would lead to spikes in electricity prices and would damage the economy. Photograph: Rex Features,,1,graph,2,photo|photograph,0,likely_visualization
guardian_45e9428f6c,The Guardian,2013,"""climate change""",Ed Davey pledges new price support for offshore wind power,https://www.theguardian.com/politics/2013/dec/04/ed-davey-support-offshore-wind-power,2013-12-04,2018-03-13,1,https://i.guim.co.uk/img/static/sys-images/Guardian/Pix/pictures/2013/12/4/1386171315485/Thanet-offshore-wind-turb-007.jpg?width=465&dpr=1&s=none&crop=none,../Scripts/output/guardian/guardian_images/guardian_2013-12-04_guardian_45e9428f6c_img01.jpg,"Thanet offshore windfarm, near Ramsgate, Kent. Photograph: Antonio Olmos",,1,graph,2,photo|photograph,0,likely_visualization
guardian_567cc75bf5,The Guardian,2013,"""climate change""",Onshore windfarm subsidies to be cut in further shakeup of green levies,https://www.theguardian.com/environment/2013/dec/04/onshore-windfarm-subsidies-shakeup-green-levies,2013-12-04,2018-03-13,1,https://i.guim.co.uk/img/static/sys-images/Guardian/Pix/pictures/2013/12/4/1386152875931/Two-onshore-wind-turbines-009.jpg?width=465&dpr=1&s=none&crop=none,../Scripts/output/guardian/guardian_images/guardian_2013-12-04_guardian_567cc75bf5_img01.jpg,Two onshore wind turbines. Danny Alexander said taxpayer support for solar and onshore wind would be cut as developers were finding ways to install them more cheaply. Photograph: Nick Ansell/PA,,1,graph,2,photo|photograph,0,likely_visualization
guardian_5d00f40ace,The Guardian,2013,"""climate change""",Experts say the IPCC underestimated future sea level rise,https://www.theguardian.com/environment/climate-consensus-97-per-cent/2013/dec/04/experts-ipcc-underestimated-sea-level-rise,2013-12-04,2021-08-25,1,https://i.guim.co.uk/img/static/sys-images/Guardian/Pix/pictures/2012/11/27/1354055679860/jacksonville-sea-level-008.jpg?width=465&dpr=1&s=none&crop=none,../Scripts/output/guardian/guardian_images/guardian_2013-12-04_guardian_5d00f40ace_img01.jpg,Sea level rise over the next century depends on future greenhouse gas emissions. Photograph: Jon M Fletcher/AP,,1,graph,2,photo|photograph,0,likely_visualization
guardian_867c2490e1,The Guardian,2013,"""climate change""",Nick Clegg takes PMQs and infrastructure announcement: Politics live blog,https://www.theguardian.com/politics/blog/2013/dec/04/nick-clegg-takes-pmqs-and-infrastructure-announcement-politics-live-blog,2013-12-04,2017-06-09,1,https://i.guim.co.uk/img/static/sys-images/Guardian/Pix/pictures/2013/12/4/1386168382921/c6fbb436-5fef-4638-82a7-7be79f17d4ad-2060x1236.jpeg?width=465&dpr=1&s=none&crop=none,../Scripts/output/guardian/guardian_images/guardian_2013-12-04_guardian_867c2490e1_img01.jpeg,Norman Baker. Photograph: London News Pictures/REX Photograph: London News Pictures/REX,,1,graph,2,photo|photograph,0,likely_visualization
guardian_867c2490e1,The Guardian,2013,"""climate change""",Nick Clegg takes PMQs and infrastructure announcement: Politics live blog,https://www.theguardian.com/politics/blog/2013/dec/04/nick-clegg-takes-pmqs-and-infrastructure-announcement-politics-live-blog,2013-12-04,2017-06-09,2,https://i.guim.co.uk/img/static/sys-images/Guardian/Pix/pictures/2013/12/4/1386150986344/e0d384f2-5091-468e-a03c-b7c405645124-1024x768.jpeg?width=465&dpr=1&s=none&crop=none,../Scripts/output/guardian/guardian_images/guardian_2013-12-04_guardian_867c2490e1_img02.jpeg,Dominic Grieve. Photograph: Lewis Whyld/PA Photograph: Lewis Whyld/PA,,1,graph,2,photo|photograph,0,likely_visualization
guardian_867c2490e1,The Guardian,2013,"""climate change""",Nick Clegg takes PMQs and infrastructure announcement: Politics live blog,https://www.theguardian.com/politics/blog/2013/dec/04/nick-clegg-takes-pmqs-and-infrastructure-announcement-politics-live-blog,2013-12-04,2017-06-09,3,https://i.guim.co.uk/img/static/sys-images/Guardian/Pix/pictures/2013/12/4/1386150046408/2daf49a2-9276-4f55-ba3e-93056d2523b3-1024x768.png?width=465&dpr=1&s=none&crop=none,../Scripts/output/guardian/guardian_images/guardian_2013-12-04_guardian_867c2490e1_img03.png,Danny Alexander Photograph: /BBC News Photograph: BBC News,,1,graph,2,photo|photograph,0,likely_visualization
guardian_046e417b68,The Guardian,2013,"""climate change""",To end poverty we also need to ensure equality and sustainability,https://www.theguardian.com/global-development/poverty-matters/2013/dec/05/end-poverty-ensure-equality-sustainability,2013-12-05,2022-10-19,1,https://i.guim.co.uk/img/static/sys-images/Environment/Pix/pictures/2013/12/4/1386154583813/A-girl-plays-next-to-a-ma-009.jpg?width=465&dpr=1&s=none&crop=none,../Scripts/output/guardian/guardian_images/guardian_2013-12-05_guardian_046e417b68_img01.jpg,"A girl plays next to a makeshift shelter in New Delhi, India. ‘Poverty reduction can also be green and fair.’ Photograph: Altaf Qadri/AP",,1,graph,2,photo|photograph,0,likely_visualization
guardian_104595b8b5,The Guardian,2013,"""climate change""",Greenpeace Save Santa's Home Christmas cards - in pictures,https://www.theguardian.com/environment/gallery/2013/dec/05/greenpeace-save-santas-home-christmas-cards-in-pictures,2013-12-05,2022-10-19,2,https://i.guim.co.uk/img/static/sys-images/Guardian/Pix/pictures/2013/12/4/1386178944953/Greenpeace-Save-Santas-Ho-006.jpg?width=375&dpr=1&s=none&crop=none,../Scripts/output/guardian/guardian_images/guardian_2013-12-05_guardian_104595b8b5_img02.jpg,"A Christmas card designed by Raymond Briggs, illustrator and creator of The Snowman. He says: 'Father Christmas has been having a dreadful time as the Arctic sea ice melts because of climate change. I feel strongly that we should all do what we can to shine a light on this important issue, which in time will affect all of us no matter where we live' Photograph: Raymond Briggs/Greenpeace Share",,1,graph,2,photo|photograph,0,likely_visualization
guardian_104595b8b5,The Guardian,2013,"""climate change""",Greenpeace Save Santa's Home Christmas cards - in pictures,https://www.theguardian.com/environment/gallery/2013/dec/05/greenpeace-save-santas-home-christmas-cards-in-pictures,2013-12-05,2022-10-19,3,https://i.guim.co.uk/img/static/sys-images/Guardian/Pix/pictures/2013/12/4/1386178972078/Save-Santas-Home-Christma-017.jpg?width=375&dpr=1&s=none&crop=none,../Scripts/output/guardian/guardian_images/guardian_2013-12-05_guardian_104595b8b5_img03.jpg,"Jamie Hewlett, artist and co-creator of the virtual band Gorillaz, has designed this card. He says: 'The beautiful white Arctic is one of the most extraordinary landscapes on Earth. It is shocking and sad that oil companies want to drill there. You might have thought that the melting sea ice would be a wake up call to do something about climate change, not an opportunity to go further north to drill for more oil! It is great to be part of a growing movement to protect the Arctic because it would be unforgivable if the Arctic was destroyed while on our watch' Photograph: Gorrillaz/Greenpeace...",,1,graph,2,photo|photograph,0,likely_visualization
guardian_104595b8b5,The Guardian,2013,"""climate change""",Greenpeace Save Santa's Home Christmas cards - in pictures,https://www.theguardian.com/environment/gallery/2013/dec/05/greenpeace-save-santas-home-christmas-cards-in-pictures,2013-12-05,2022-10-19,4,https://i.guim.co.uk/img/static/sys-images/Guardian/Pix/pictures/2013/12/4/1386178964617/Save-Santas-Home-Christma-014.jpg?width=375&dpr=1&s=none&crop=none,../Scripts/output/guardian/guardian_images/guardian_2013-12-05_guardian_104595b8b5_img04.jpg,"Kurt Jackson, leading contemporary British artist, designed this card. He says: 'The Arctic exists as one of the last pristine regions of the planet demanding our protection, but more fundamentally its survival is crucial for the future of us all' Photograph: Kurt Jackson/Greenpeace Share",,1,graph,2,photo|photograph,0,likely_visualization
guardian_104595b8b5,The Guardian,2013,"""climate change""",Greenpeace Save Santa's Home Christmas cards - in pictures,https://www.theguardian.com/environment/gallery/2013/dec/05/greenpeace-save-santas-home-christmas-cards-in-pictures,2013-12-05,2022-10-19,6,https://i.guim.co.uk/img/static/sys-images/Guardian/Pix/pictures/2013/12/4/1386178969441/Save-Santas-Home-Christma-016.jpg?width=375&dpr=1&s=none&crop=none,../Scripts/output/guardian/guardian_images/guardian_2013-12-05_guardian_104595b8b5_img06.jpg,A Save Santa's home Christmas card made by jewellery designer Jade Jagger Photograph: Jade Jagger/Greenpeace Share,,1,graph,2,photo|photograph,0,likely_visualization
guardian_104595b8b5,The Guardian,2013,"""climate change""",Greenpeace Save Santa's Home Christmas cards - in pictures,https://www.theguardian.com/environment/gallery/2013/dec/05/greenpeace-save-santas-home-christmas-cards-in-pictures,2013-12-05,2022-10-19,7,https://i.guim.co.uk/img/static/sys-images/Guardian/Pix/pictures/2013/12/4/1386178934812/Save-Santas-Home-Christma-002.jpg?width=375&dpr=1&s=none&crop=none,../Scripts/output/guardian/guardian_images/guardian_2013-12-05_guardian_104595b8b5_img07.jpg,Singer and guitarist Dave Walker designed this Save Santa's home Christmas card Photograph: Dave Walker/Greenpeace Share,,1,graph,2,photo|photograph,0,likely_visualization
guardian_104595b8b5,The Guardian,2013,"""climate change""",Greenpeace Save Santa's Home Christmas cards - in pictures,https://www.theguardian.com/environment/gallery/2013/dec/05/greenpeace-save-santas-home-christmas-cards-in-pictures,2013-12-05,2022-10-19,8,https://i.guim.co.uk/img/static/sys-images/Guardian/Pix/pictures/2013/12/4/1386178949624/Save-Santas-Home-Christma-008.jpg?width=375&dpr=1&s=none&crop=none,../Scripts/output/guardian/guardian_images/guardian_2013-12-05_guardian_104595b8b5_img08.jpg,"Peter Schrank, political cartoonist for the the Economist and the Independent, designed this card. 'I always welcome the chance to draw a cartoon on an environmental subject. Much of the work I do is about squabbling politicians; front page headline today, cat litter tomorrow. Green issues are much more important and remain relevant,' he says Photograph: Peter Schrank/Greenpeace Share",,1,graph,2,photo|photograph,0,likely_visualization
guardian_104595b8b5,The Guardian,2013,"""climate change""",Greenpeace Save Santa's Home Christmas cards - in pictures,https://www.theguardian.com/environment/gallery/2013/dec/05/greenpeace-save-santas-home-christmas-cards-in-pictures,2013-12-05,2022-10-19,9,https://i.guim.co.uk/img/static/sys-images/Guardian/Pix/pictures/2013/12/4/1386178947245/Save-Santas-Home-Christma-007.jpg?width=375&dpr=1&s=none&crop=none,../Scripts/output/guardian/guardian_images/guardian_2013-12-05_guardian_104595b8b5_img09.jpg,"A Save Santa's home Christmas card by the Perry Bible Fellowship, wellknown for their weekly comic strips published in American and British newspapers Photograph: Perry Bible Fellowship/Greenpeace Share",,1,graph,2,photo|photograph,0,likely_visualization
guardian_104595b8b5,The Guardian,2013,"""climate change""",Greenpeace Save Santa's Home Christmas cards - in pictures,https://www.theguardian.com/environment/gallery/2013/dec/05/greenpeace-save-santas-home-christmas-cards-in-pictures,2013-12-05,2022-10-19,10,https://i.guim.co.uk/img/static/sys-images/Guardian/Pix/pictures/2013/12/4/1386178952003/Save-Santas-Home-Christma-009.jpg?width=375&dpr=1&s=none&crop=none,../Scripts/output/guardian/guardian_images/guardian_2013-12-05_guardian_104595b8b5_img10.jpg,Natalie Sutton's Save Santa's home Christmas card Photograph: Natalie Sutton/Greenpeace Share,,1,graph,2,photo|photograph,0,likely_visualization
guardian_104595b8b5,The Guardian,2013,"""climate change""",Greenpeace Save Santa's Home Christmas cards - in pictures,https://www.theguardian.com/environment/gallery/2013/dec/05/greenpeace-save-santas-home-christmas-cards-in-pictures,2013-12-05,2022-10-19,11,https://i.guim.co.uk/img/static/sys-images/Guardian/Pix/pictures/2013/12/4/1386178959843/Save-Santas-Home-Christma-012.jpg?width=375&dpr=1&s=none&crop=none,../Scripts/output/guardian/guardian_images/guardian_2013-12-05_guardian_104595b8b5_img11.jpg,Cult comic strip creator Modern Toss have come up with this Save Santa's home Christmas card Photograph: Modern Toss/Greenpeace Share,,1,graph,2,photo|photograph,0,likely_visualization
guardian_104595b8b5,The Guardian,2013,"""climate change""",Greenpeace Save Santa's Home Christmas cards - in pictures,https://www.theguardian.com/environment/gallery/2013/dec/05/greenpeace-save-santas-home-christmas-cards-in-pictures,2013-12-05,2022-10-19,12,https://i.guim.co.uk/img/static/sys-images/Guardian/Pix/pictures/2013/12/4/1386178940066/Save-Santas-Home-Christma-004.jpg?width=375&dpr=1&s=none&crop=none,../Scripts/output/guardian/guardian_images/guardian_2013-12-05_guardian_104595b8b5_img12.jpg,"A poster-like Christmas Card by Stanley Donwood who is known for his close association with the British rock group Radiohead, having created all their album and poster art since 1994. He says: 'Drilling for oil in the Arctic is one of the most wantonly stupid activities mankind has yet engaged in. When the planet is a dead husk floating in the vacuum of space, our sad ghosts will haunt the sites of our tragic desecration. Just stop it. Now' Photograph: Stanley Donwood/Greenpeace Share",,1,graph,2,photo|photograph,0,likely_visualization
guardian_104595b8b5,The Guardian,2013,"""climate change""",Greenpeace Save Santa's Home Christmas cards - in pictures,https://www.theguardian.com/environment/gallery/2013/dec/05/greenpeace-save-santas-home-christmas-cards-in-pictures,2013-12-05,2022-10-19,13,https://i.guim.co.uk/img/static/sys-images/Guardian/Pix/pictures/2013/12/4/1386178967070/Save-Santas-Home-Christma-015.jpg?width=375&dpr=1&s=none&crop=none,../Scripts/output/guardian/guardian_images/guardian_2013-12-05_guardian_104595b8b5_img13.jpg,"This one is designed by Jarvis Cocker, musician and frontman for the band Pulp Photograph: Jarvis Cocker/Greenpeace Share",,1,graph,2,photo|photograph,0,likely_visualization
guardian_104595b8b5,The Guardian,2013,"""climate change""",Greenpeace Save Santa's Home Christmas cards - in pictures,https://www.theguardian.com/environment/gallery/2013/dec/05/greenpeace-save-santas-home-christmas-cards-in-pictures,2013-12-05,2022-10-19,14,https://i.guim.co.uk/img/static/sys-images/Guardian/Pix/pictures/2013/12/4/1386178942513/Save-Santas-Home-Christma-005.jpg?width=375&dpr=1&s=none&crop=none,../Scripts/output/guardian/guardian_images/guardian_2013-12-05_guardian_104595b8b5_img14.jpg,A Save Santa's home Christmas card by Seppo Photograph: Seppo/Greenpeace Share,,1,graph,2,photo|photograph,0,likely_visualization
guardian_104595b8b5,The Guardian,2013,"""climate change""",Greenpeace Save Santa's Home Christmas cards - in pictures,https://www.theguardian.com/environment/gallery/2013/dec/05/greenpeace-save-santas-home-christmas-cards-in-pictures,2013-12-05,2022-10-19,16,https://i.guim.co.uk/img/static/sys-images/Guardian/Pix/pictures/2013/12/4/1386178931383/Save-Santas-Home-Christma-001.jpg?width=375&dpr=1&s=none&crop=none,../Scripts/output/guardian/guardian_images/guardian_2013-12-05_guardian_104595b8b5_img16.jpg,"Wayne Hemmingway, fashion designer and co-founder of Red or Dead, designed this card dedicated to the Arctic 30. 'Your bravery, dedication and love you show for this precious planet we live on makes us all proud. Arctic 30 you have gone down in history for all the right reasons,' he says Photograph: Wayne Hemmingway/Greenpeace Share",,1,graph,2,photo|photograph,0,likely_visualization
guardian_4cee56009c,The Guardian,2013,IPCC,Detective jailed after failing to properly investigate alleged rape,https://www.theguardian.com/uk-news/2013/dec/06/detective-jailed-failing-investigate-alleged-rape-hannah-notley,2013-12-06,2017-11-30,1,https://i.guim.co.uk/img/static/sys-images/Guardian/Pix/pictures/2013/12/6/1386348220666/Hannah-Notley-011.jpg?width=465&dpr=1&s=none&crop=none,../Scripts/output/guardian/guardian_images/guardian_2013-12-06_guardian_4cee56009c_img01.jpg,"Hannah Notley arrives at Southwark crown court, where she was sentenced to four months in jail. Photograph: Nicholas Razzell",,1,graph,2,photo|photograph,0,likely_visualization
guardian_6788473692,The Guardian,2013,"""climate change""",Socially responsible investment in the financial system - live chat roundup,https://www.theguardian.com/sustainable-business/socially-responsible-investment-live-chat-round-up,2013-12-06,2022-08-17,1,https://i.guim.co.uk/img/static/sys-images/Guardian/Pix/pictures/2013/12/6/1386352722221/Fall-colours-cows-in-fiel-009.jpg?width=465&dpr=1&s=none&crop=none,../Scripts/output/guardian/guardian_images/guardian_2013-12-06_guardian_6788473692_img01.jpg,The business case is there for integrating environmental and social considerations into investment decisions - but the landscape isn't set up for making it easy Photograph: Alamy,,1,graph,2,photo|photograph,0,likely_visualization
guardian_6f8bb0d912,The Guardian,2013,"""climate change""",Chicken tumbling to add water – a widespread industrial practice,https://www.theguardian.com/environment/2013/dec/06/chicken-tumbling-water-industrial-practice-additives,2013-12-06,2017-12-02,1,https://i.guim.co.uk/img/static/sys-images/Guardian/Pix/pictures/2013/12/6/1386349002951/Frozen-chicken-breast-008.jpg?width=465&dpr=1&s=none&crop=none,../Scripts/output/guardian/guardian_images/guardian_2013-12-06_guardian_6f8bb0d912_img01.jpg,Chicken fillets are 'tumbled' in cement mixer-like machines to bulk them up with water. Photograph: Alamy,,1,graph,2,photo|photograph,0,likely_visualization
guardian_a321556b5a,The Guardian,2013,"""climate change""",Abbott team in government loses control of conversation,https://www.theguardian.com/world/2013/dec/06/abbott-team-in-government-loses-control-of-conversation,2013-12-06,2018-03-13,1,https://i.guim.co.uk/img/static/sys-images/Guardian/Pix/pictures/2013/12/4/1386131423772/b4e9dd50-048d-43d7-8054-01b97b861473-460x276.jpeg?width=465&dpr=1&s=none&crop=none,../Scripts/output/guardian/guardian_images/guardian_2013-12-06_guardian_a321556b5a_img01.jpeg,A po-faced Pyne duly delivered answers to Gonski questions with aplomb worthy of Comical Ali declaring imminent victory for the Iraqi army even as coalition troops advanced into Baghdad. Photograph: AAPImage Photograph: Alan Porritt/AAP/AAP,,1,graph,2,photo|photograph,0,likely_visualization
guardian_a98ae2acf2,The Guardian,2013,"""climate change""",Weatherwatch: Measuring rainfall variation – using windscreen wipers,https://www.theguardian.com/news/2013/dec/06/weatherwatch-rain-measurement-windscreen-wipers,2013-12-06,2017-11-30,1,https://i.guim.co.uk/img/static/sys-images/Guardian/About/General/2013/12/6/1386342309389/Traffic-in-heavy-rain-on--009.jpg?width=465&dpr=1&s=none&crop=none,../Scripts/output/guardian/guardian_images/guardian_2013-12-06_guardian_a98ae2acf2_img01.jpg,Researchers at the University of Hanover are using GPS-equipped vehicles to build a picture of rainfall across the city. Photograph: Don McPhee for the Guardian,,1,graph,2,photo|photograph,0,likely_visualization
guardian_0361392c0c,The Guardian,2013,"""climate change""",Half-million homes at risk are not covered by flood scheme,https://www.theguardian.com/environment/2013/dec/07/flood-insurance-flood-climate-change,2013-12-07,2021-08-25,1,https://i.guim.co.uk/img/static/sys-images/Money/Pix/pictures/2013/12/7/1386430209545/Storms-across-Britain-Sca-008.jpg?width=465&dpr=1&s=none&crop=none,../Scripts/output/guardian/guardian_images/guardian_2013-12-07_guardian_0361392c0c_img01.jpg,Shoppers on Scarborough sea front after the worst tidal surge in 60 years. Photograph: Dobson Agency/REX,,1,graph,2,photo|photograph,0,likely_visualization
guardian_2289247760,The Guardian,2013,"""climate change""","Millennials may be disgusted with Washington, but we're not all apathetic",https://www.theguardian.com/commentisfree/2013/dec/08/millennial-washington-obama-approval-political-apathy,2013-12-08,2017-07-14,1,https://i.guim.co.uk/img/static/sys-images/Guardian/Pix/Gallery_Images/2011/9/29/1317331455401/Occupy-Wall-Street-Protes-007.jpg?width=465&dpr=1&s=none&crop=none,../Scripts/output/guardian/guardian_images/guardian_2013-12-08_guardian_2289247760_img01.jpg,Youth participation has been critical in American political actions from climate change to Occupy. Photograph: James Fassinger,,1,graph,2,photo|photograph,0,likely_visualization
guardian_37ce53af7a,The Guardian,2013,"""climate change""",Carbon tax repeal debate as Abbott and Shorten leave for Mandela memorial - politics live,https://www.theguardian.com/world/2013/dec/09/carbon-tax-repeal-debate-as-abbott-and-shorten-leave-for-mandela-memorial-politics-live,2013-12-08,2018-03-13,1,https://i.guim.co.uk/img/static/sys-images/Guardian/Pix/pictures/2013/12/9/1386573139455/af25b4c8-addd-4908-8f6c-29de7f1a05d7-2060x1236.jpeg?width=465&dpr=1&s=none&crop=none,../Scripts/output/guardian/guardian_images/guardian_2013-12-08_guardian_37ce53af7a_img01.jpeg,"Federal treasurer Joe Hockey reacts during question time in the House Of Representatives chamber at Parliament House Canberra Monday, Dec. 9, 2013. AAPIMAGE for The Guardian/Alan Porritt Photograph: Alan Porritt",,1,graph,2,photo|photograph,0,likely_visualization
guardian_37ce53af7a,The Guardian,2013,"""climate change""",Carbon tax repeal debate as Abbott and Shorten leave for Mandela memorial - politics live,https://www.theguardian.com/world/2013/dec/09/carbon-tax-repeal-debate-as-abbott-and-shorten-leave-for-mandela-memorial-politics-live,2013-12-08,2018-03-13,2,https://i.guim.co.uk/img/static/sys-images/Guardian/Pix/pictures/2013/12/9/1386567235661/71f94b28-9fbe-4710-809e-04e6bfc36272-2060x1236.jpeg?width=465&dpr=1&s=none&crop=none,../Scripts/output/guardian/guardian_images/guardian_2013-12-08_guardian_37ce53af7a_img02.jpeg,"Government advisers Peta Credlin and Andrew Hirst during question time in the House Of Representatives chamber at Parliament House Canberra Monday, Dec. 9, 2013. AAPIMAGE for The Guardian/Alan Porritt Photograph: Alan Porritt",,1,graph,2,photo|photograph,0,likely_visualization
guardian_37ce53af7a,The Guardian,2013,"""climate change""",Carbon tax repeal debate as Abbott and Shorten leave for Mandela memorial - politics live,https://www.theguardian.com/world/2013/dec/09/carbon-tax-repeal-debate-as-abbott-and-shorten-leave-for-mandela-memorial-politics-live,2013-12-08,2018-03-13,3,https://i.guim.co.uk/img/static/sys-images/Guardian/Pix/pictures/2013/12/9/1386566881708/10f0bc53-876b-4bca-955b-11e7d102c930-2060x1236.jpeg?width=465&dpr=1&s=none&crop=none,../Scripts/output/guardian/guardian_images/guardian_2013-12-08_guardian_37ce53af7a_img03.jpeg,"Agriculture minister Barnaby Joyce during question time in the House Of Representatives chamber at Parliament House Canberra Monday, Dec. 9, 2013. AAPIMAGE for The Guardian/Alan Porritt Photograph: Alan Porritt",,1,graph,2,photo|photograph,0,likely_visualization
guardian_37ce53af7a,The Guardian,2013,"""climate change""",Carbon tax repeal debate as Abbott and Shorten leave for Mandela memorial - politics live,https://www.theguardian.com/world/2013/dec/09/carbon-tax-repeal-debate-as-abbott-and-shorten-leave-for-mandela-memorial-politics-live,2013-12-08,2018-03-13,4,https://i.guim.co.uk/img/static/sys-images/Guardian/Pix/pictures/2013/12/9/1386564973008/783c91ea-52ac-4fc4-b3b7-80b06e5b75cd-2060x1236.jpeg?width=465&dpr=1&s=none&crop=none,../Scripts/output/guardian/guardian_images/guardian_2013-12-08_guardian_37ce53af7a_img04.jpeg,"Federal treasurer Joe Hockey, during question time in the House Of Representatives chamber at Parliament House Canberra Monday, Dec. 9, 2013. AAPIMAGE for The Guardian/Alan Porritt Photograph: Alan Porritt",,1,graph,2,photo|photograph,0,likely_visualization
guardian_37ce53af7a,The Guardian,2013,"""climate change""",Carbon tax repeal debate as Abbott and Shorten leave for Mandela memorial - politics live,https://www.theguardian.com/world/2013/dec/09/carbon-tax-repeal-debate-as-abbott-and-shorten-leave-for-mandela-memorial-politics-live,2013-12-08,2018-03-13,5,https://i.guim.co.uk/img/static/sys-images/Guardian/Pix/pictures/2013/12/9/1386565077386/5024cd4a-c9bb-452a-bf3e-236fb0718bea-2060x1236.jpeg?width=465&dpr=1&s=none&crop=none,../Scripts/output/guardian/guardian_images/guardian_2013-12-08_guardian_37ce53af7a_img05.jpeg,"Foreign Minister Julie Bishop and education minister Chris Pyne react during question time in the House Of Representatives chamber at Parliament House Canberra Monday, Dec. 9, 2013. AAPIMAGE for The Guardian/Alan Porritt Photograph: Alan Porritt",,1,graph,2,photo|photograph,0,likely_visualization
guardian_37ce53af7a,The Guardian,2013,"""climate change""",Carbon tax repeal debate as Abbott and Shorten leave for Mandela memorial - politics live,https://www.theguardian.com/world/2013/dec/09/carbon-tax-repeal-debate-as-abbott-and-shorten-leave-for-mandela-memorial-politics-live,2013-12-08,2018-03-13,6,https://i.guim.co.uk/img/static/sys-images/Guardian/Pix/pictures/2013/12/9/1386564577468/0f394959-b10d-4182-8c69-2fa9a01f8ba6-2060x1236.jpeg?width=465&dpr=1&s=none&crop=none,../Scripts/output/guardian/guardian_images/guardian_2013-12-08_guardian_37ce53af7a_img06.jpeg,"Foreign Minister Julie Bishop laughs as Jamie Briggs (centre) and Chris Pyne joke during question time in the House Of Representatives chamber at Parliament House Canberra Monday, Dec. 9, 2013. AAPIMAGE for The Guardian/Alan Porritt Photograph: Alan Porritt",,1,graph,2,photo|photograph,0,likely_visualization
guardian_37ce53af7a,The Guardian,2013,"""climate change""",Carbon tax repeal debate as Abbott and Shorten leave for Mandela memorial - politics live,https://www.theguardian.com/world/2013/dec/09/carbon-tax-repeal-debate-as-abbott-and-shorten-leave-for-mandela-memorial-politics-live,2013-12-08,2018-03-13,7,https://i.guim.co.uk/img/static/sys-images/Guardian/Pix/pictures/2013/12/9/1386564720199/18493104-fba5-4a01-a731-c02933fd0fa9-2060x1236.jpeg?width=465&dpr=1&s=none&crop=none,../Scripts/output/guardian/guardian_images/guardian_2013-12-08_guardian_37ce53af7a_img07.jpeg,"Jamie Briggs and Chris Pyne. Parliament House Canberra Monday, Dec. 9, 2013. AAPIMAGE for The Guardian/Alan Porritt Photograph: Alan Porritt",,1,graph,2,photo|photograph,0,likely_visualization
guardian_37ce53af7a,The Guardian,2013,"""climate change""",Carbon tax repeal debate as Abbott and Shorten leave for Mandela memorial - politics live,https://www.theguardian.com/world/2013/dec/09/carbon-tax-repeal-debate-as-abbott-and-shorten-leave-for-mandela-memorial-politics-live,2013-12-08,2018-03-13,8,https://i.guim.co.uk/img/static/sys-images/Guardian/Pix/pictures/2013/12/9/1386561970482/c03165f6-bdfe-4595-94b8-d8c1062c098a-2060x1236.jpeg?width=465&dpr=1&s=none&crop=none,../Scripts/output/guardian/guardian_images/guardian_2013-12-08_guardian_37ce53af7a_img08.jpeg,"Acting Opposition leader Tanya Plibersek during question time in the House Of Representatives chamber at Parliament House Canberra Monday, Dec. 9, 2013. AAPIMAGE for The Guardian/Alan Porritt Photograph: Alan Porritt",,1,graph,2,photo|photograph,0,likely_visualization
guardian_37ce53af7a,The Guardian,2013,"""climate change""",Carbon tax repeal debate as Abbott and Shorten leave for Mandela memorial - politics live,https://www.theguardian.com/world/2013/dec/09/carbon-tax-repeal-debate-as-abbott-and-shorten-leave-for-mandela-memorial-politics-live,2013-12-08,2018-03-13,9,https://i.guim.co.uk/img/static/sys-images/Guardian/Pix/pictures/2013/12/9/1386560269371/1c616ccf-4232-4f27-af6e-0f7fff7c712d-2060x1236.jpeg?width=465&dpr=1&s=none&crop=none,../Scripts/output/guardian/guardian_images/guardian_2013-12-08_guardian_37ce53af7a_img09.jpeg,"Acting Prime Minister Warren Truss during question time in the House Of Representatives chamber at Parliament House Canberra Monday, Dec. 9, 2013. AAPIMAGE for The Guardian/Alan Porritt Photograph: Alan Porritt",,1,graph,2,photo|photograph,0,likely_visualization
guardian_37ce53af7a,The Guardian,2013,"""climate change""",Carbon tax repeal debate as Abbott and Shorten leave for Mandela memorial - politics live,https://www.theguardian.com/world/2013/dec/09/carbon-tax-repeal-debate-as-abbott-and-shorten-leave-for-mandela-memorial-politics-live,2013-12-08,2018-03-13,10,https://i.guim.co.uk/img/static/sys-images/Guardian/Pix/pictures/2013/12/9/1386559466351/5ed6b300-f368-4d5a-9d21-d30ba53e807a-2060x1236.jpeg?width=465&dpr=1&s=none&crop=none,../Scripts/output/guardian/guardian_images/guardian_2013-12-08_guardian_37ce53af7a_img10.jpeg,"Acting opposition leader Tanya Plibersek listens to acting Prime Minister Warren Truss during question time in the House Of Representatives chamber at Parliament House Canberra Monday, Dec. 9, 2013. AAPIMAGE for The Guardian/Alan Porritt Photograph: Alan Porritt",,1,graph,2,photo|photograph,0,likely_visualization
guardian_37ce53af7a,The Guardian,2013,"""climate change""",Carbon tax repeal debate as Abbott and Shorten leave for Mandela memorial - politics live,https://www.theguardian.com/world/2013/dec/09/carbon-tax-repeal-debate-as-abbott-and-shorten-leave-for-mandela-memorial-politics-live,2013-12-08,2018-03-13,11,https://i.guim.co.uk/img/static/sys-images/Guardian/Pix/pictures/2013/12/9/1386555647079/642e8dcc-c87a-4016-8265-620824d2072f-2060x1236.jpeg?width=465&dpr=1&s=none&crop=none,../Scripts/output/guardian/guardian_images/guardian_2013-12-08_guardian_37ce53af7a_img11.jpeg,"The Australian Greens vote with the government during the debt ceiling vote in the Senate chamber at Parliament House Canberra Monday, Dec. 9, 2013. AAPIMAGE for The Guardian/Alan Porritt Alan Porritt Photograph: Alan Porritt",,1,graph,2,photo|photograph,0,likely_visualization
guardian_37ce53af7a,The Guardian,2013,"""climate change""",Carbon tax repeal debate as Abbott and Shorten leave for Mandela memorial - politics live,https://www.theguardian.com/world/2013/dec/09/carbon-tax-repeal-debate-as-abbott-and-shorten-leave-for-mandela-memorial-politics-live,2013-12-08,2018-03-13,12,https://i.guim.co.uk/img/static/sys-images/Guardian/Pix/pictures/2013/12/9/1386555865326/849a3bd7-efd4-4c70-8204-ae143983e3f9-2060x1236.jpeg?width=465&dpr=1&s=none&crop=none,../Scripts/output/guardian/guardian_images/guardian_2013-12-08_guardian_37ce53af7a_img12.jpeg,"Opposition senator Doug Cameron speaking during the debt ceiling debate in the Senate chamber at Parliament House Canberra Monday, Dec. 9, 2013. AAPIMAGE for The Guardian/Alan Porritt Photograph: Alan Porritt",,1,graph,2,photo|photograph,0,likely_visualization
guardian_37ce53af7a,The Guardian,2013,"""climate change""",Carbon tax repeal debate as Abbott and Shorten leave for Mandela memorial - politics live,https://www.theguardian.com/world/2013/dec/09/carbon-tax-repeal-debate-as-abbott-and-shorten-leave-for-mandela-memorial-politics-live,2013-12-08,2018-03-13,13,https://i.guim.co.uk/img/static/sys-images/Guardian/Pix/pictures/2013/12/9/1386556082285/8ee0bcec-f675-45fd-9f4c-085b4f842608-2060x1236.jpeg?width=465&dpr=1&s=none&crop=none,../Scripts/output/guardian/guardian_images/guardian_2013-12-08_guardian_37ce53af7a_img13.jpeg,"Shadow transport minister Anthony Albanese during a press conference in Canberra Monday, Dec. 9, 2013. AAPIMAGE for The Guardian/Alan Porritt Photograph: Alan Porritt",,1,graph,2,photo|photograph,0,likely_visualization
guardian_37ce53af7a,The Guardian,2013,"""climate change""",Carbon tax repeal debate as Abbott and Shorten leave for Mandela memorial - politics live,https://www.theguardian.com/world/2013/dec/09/carbon-tax-repeal-debate-as-abbott-and-shorten-leave-for-mandela-memorial-politics-live,2013-12-08,2018-03-13,14,https://i.guim.co.uk/img/static/sys-images/Guardian/Pix/pictures/2013/12/8/1386545978111/1ee88c14-aadd-455f-86eb-dc58deeb3cb6-2060x1236.jpeg?width=465&dpr=1&s=none&crop=none,../Scripts/output/guardian/guardian_images/guardian_2013-12-08_guardian_37ce53af7a_img14.jpeg,Agriculture Minister Barnaby Joyce (left) and Treasurer Joe Hockey during House of Representatives question time at Parliament House Canberra. Photograph: ALAN PORRITT/AAPIMAGE Photograph: ALAN PORRITT/AAPIMAGE,,1,graph,2,photo|photograph,0,likely_visualization
guardian_51521a83af,The Guardian,2013,"""climate change""",Greenish kitty plague spreads through US websites,https://www.theguardian.com/environment/nature-up/2013/dec/09/1,2013-12-09,2013-12-10,1,https://i.guim.co.uk/img/static/sys-images/Guardian/Pix/pictures/2013/12/3/1386092157772/%C2%A9Adam_Welz_460px-20120206_BrooklynNY-0601.jpg?width=445&dpr=1&s=none&crop=none,../Scripts/output/guardian/guardian_images/guardian_2013-12-09_guardian_51521a83af_img01.jpg,"Socks the cat, who oversaw the birth of this blog post, relaxes at home in New York City. Photograph: Adam Welz",,1,graph,2,photo|photograph,0,likely_visualization
guardian_762002f52c,The Guardian,2013,"""climate change""",Global trends in philanthropy: insights from the top,https://www.theguardian.com/global-development-professionals-network/2013/dec/09/jane-wales-philanthropy-global-impact,2013-12-09,2022-10-19,1,https://i.guim.co.uk/img/static/sys-images/Guardian/Pix/pictures/2013/11/26/1385480374510/Jane-Wales-008.jpg?width=465&dpr=1&s=none&crop=none,../Scripts/output/guardian/guardian_images/guardian_2013-12-09_guardian_762002f52c_img01.jpg,Jane Wales says she would like to see human ingenuity matched by opportunity. Photograph: Mona T Brooks,,1,graph,2,photo|photograph,0,likely_visualization
guardian_8b51424216,The Guardian,2013,"""climate change""",US Navy predicts summer ice free Arctic by 2016,https://www.theguardian.com/environment/earth-insight/2013/dec/09/us-navy-arctic-sea-ice-2016-melt,2013-12-09,2021-08-25,1,https://i.guim.co.uk/img/static/sys-images/Guardian/Pix/pictures/2013/10/10/1381435727478/Arctic-Sunrise-among-brok-010.jpg?width=465&dpr=1&s=none&crop=none,../Scripts/output/guardian/guardian_images/guardian_2013-12-09_guardian_8b51424216_img01.jpg,"Greenpeace icebreaking ship, Arctic Sunrise, among broken floes of Arctic sea ice, photographed from the air. This image was taken in the Fram Strait, in the month that the sea ice coverage receded to the second lowest extent since records began. Photograph: Nick Cobbing",,1,graph,2,photo|photograph,0,likely_visualization
guardian_a91846569b,The Guardian,2013,"""climate change""",Leaked documents reveal hardline US tactics in negotiating trade agreement,https://www.theguardian.com/world/2013/dec/09/leaked-documents-reveal-hardline-us-tactics-in-negotiating-trade-agreement,2013-12-09,2018-03-13,1,https://i.guim.co.uk/img/static/sys-images/Guardian/Pix/pictures/2013/12/9/1386577386314/58e85b24-0382-45cd-ac23-d60dc2f50307-2060x1236.jpeg?width=465&dpr=1&s=none&crop=none,../Scripts/output/guardian/guardian_images/guardian_2013-12-09_guardian_a91846569b_img01.jpeg,Australia's trade minister Andrew Robb: no final agreement made on Trans Pacific Partnership. Photograph: Xinhua/Landov/Barcroft Media Photograph: Xinhua /Landov / Barcroft Media,,1,graph,2,photo|photograph,0,likely_visualization
guardian_e5ccf5c192,The Guardian,2013,"""climate change""",Holden's future in Australia still unclear - as it happened,https://www.theguardian.com/world/2013/dec/10/coalition-records-worst-opinion-poll-result-since-2011-politics-live,2013-12-09,2018-03-13,2,https://i.guim.co.uk/img/static/sys-images/Guardian/Pix/pictures/2013/12/10/1386657548104/560473bb-7649-4b7f-84f1-5c7c9f0b3ceb-2060x1236.jpeg?width=465&dpr=1&s=none&crop=none,../Scripts/output/guardian/guardian_images/guardian_2013-12-09_guardian_e5ccf5c192_img02.jpeg,"Education minister Chris Pyne (left) and industry minister Ian Macfarlane during question time in the House of Representatives at Parliament House Canberra, Tuesday, Dec. 10, 2013. AAPIMAGE for the Guardian/Alan Porritt Photograph: Alan Porritt",,1,graph,2,photo|photograph,0,likely_visualization
guardian_e5ccf5c192,The Guardian,2013,"""climate change""",Holden's future in Australia still unclear - as it happened,https://www.theguardian.com/world/2013/dec/10/coalition-records-worst-opinion-poll-result-since-2011-politics-live,2013-12-09,2018-03-13,3,https://i.guim.co.uk/img/static/sys-images/Guardian/Pix/pictures/2013/12/10/1386654734318/26a41959-2aa7-40c3-a88b-bcb814b77ad8-2060x1236.jpeg?width=465&dpr=1&s=none&crop=none,../Scripts/output/guardian/guardian_images/guardian_2013-12-09_guardian_e5ccf5c192_img03.jpeg,"Chairman and Managing Director of GM Holden, Mike Devereaux waits to speak at the Productivity Commission hearing in Melbourne, Tuesday, Dec. 10, 2013. Speculation surrounds the future of Holden in Australia after media last week reported the imminent shutdown of the company's Australian operations. Photograph: JULIAN SMITH/AAPIMAGE Photograph: JULIAN SMITH/AAPIMAGE",,1,graph,2,photo|photograph,0,likely_visualization
guardian_e5ccf5c192,The Guardian,2013,"""climate change""",Holden's future in Australia still unclear - as it happened,https://www.theguardian.com/world/2013/dec/10/coalition-records-worst-opinion-poll-result-since-2011-politics-live,2013-12-09,2018-03-13,4,https://i.guim.co.uk/img/static/sys-images/Guardian/Pix/pictures/2013/12/10/1386653287194/e8b82ecf-d3fa-4bb8-bb9b-f7ce9d6e7943-2060x1236.jpeg?width=465&dpr=1&s=none&crop=none,../Scripts/output/guardian/guardian_images/guardian_2013-12-09_guardian_e5ccf5c192_img04.jpeg,"Acting opposition leader Tanya Plibersek during question time in the House of Representatives in Canberra, Tuesday, Dec. 10, 2013. AAPIMAGE for The Guardian/Alan Porritt Photograph: Alan Porritt",,1,graph,2,photo|photograph,0,likely_visualization
guardian_e5ccf5c192,The Guardian,2013,"""climate change""",Holden's future in Australia still unclear - as it happened,https://www.theguardian.com/world/2013/dec/10/coalition-records-worst-opinion-poll-result-since-2011-politics-live,2013-12-09,2018-03-13,5,https://i.guim.co.uk/img/static/sys-images/Guardian/Pix/pictures/2013/12/10/1386648164877/990e501c-f2f2-4fab-a5a0-f173cbcffae8-2060x1236.jpeg?width=465&dpr=1&s=none&crop=none,../Scripts/output/guardian/guardian_images/guardian_2013-12-09_guardian_e5ccf5c192_img05.jpeg,"Foreign minister Julie Bishop speaking during question time in the House of Representatives in Canberra, Tuesday, Dec. 10, 2013. AAPIMAGE for The Guardian/Alan Porritt Photograph: Alan Porritt",,1,graph,2,photo|photograph,0,likely_visualization
guardian_e5ccf5c192,The Guardian,2013,"""climate change""",Holden's future in Australia still unclear - as it happened,https://www.theguardian.com/world/2013/dec/10/coalition-records-worst-opinion-poll-result-since-2011-politics-live,2013-12-09,2018-03-13,6,https://i.guim.co.uk/img/static/sys-images/Guardian/Pix/pictures/2013/12/10/1386648247397/7ed49e03-84fc-4706-81e0-076f23579630-2060x1236.jpeg?width=465&dpr=1&s=none&crop=none,../Scripts/output/guardian/guardian_images/guardian_2013-12-09_guardian_e5ccf5c192_img06.jpeg,"Agriculture minister Barnaby Joyce speaking during question time in the House of Representatives in Canberra, Tuesday, Dec. 10, 2013. AAPIMAGE for The Guardian/Alan Porritt Photograph: Alan Porritt",,1,graph,2,photo|photograph,0,likely_visualization
guardian_e5ccf5c192,The Guardian,2013,"""climate change""",Holden's future in Australia still unclear - as it happened,https://www.theguardian.com/world/2013/dec/10/coalition-records-worst-opinion-poll-result-since-2011-politics-live,2013-12-09,2018-03-13,7,https://i.guim.co.uk/img/static/sys-images/Guardian/Pix/pictures/2013/12/10/1386648335700/d0234eb4-c8fc-4019-9c15-8da9ac8dae9b-2060x1236.jpeg?width=465&dpr=1&s=none&crop=none,../Scripts/output/guardian/guardian_images/guardian_2013-12-09_guardian_e5ccf5c192_img07.jpeg,"Industry minister Ian Macfarlane (centre) reacts during question time in the House of Representatives in Canberra, Tuesday, Dec. 10, 2013. AAPIMAGE for The Guardian/Alan Porritt Photograph: Alan Porritt",,1,graph,2,photo|photograph,0,likely_visualization
guardian_e5ccf5c192,The Guardian,2013,"""climate change""",Holden's future in Australia still unclear - as it happened,https://www.theguardian.com/world/2013/dec/10/coalition-records-worst-opinion-poll-result-since-2011-politics-live,2013-12-09,2018-03-13,8,https://i.guim.co.uk/img/static/sys-images/Guardian/Pix/pictures/2013/12/10/1386648406466/596b8861-d0f6-46b5-929c-ac40d24c4e8a-2060x1236.jpeg?width=465&dpr=1&s=none&crop=none,../Scripts/output/guardian/guardian_images/guardian_2013-12-09_guardian_e5ccf5c192_img08.jpeg,"Assistant education minister Sussan Ley speaking during question time in the House of Representatives in Canberra, Tuesday, Dec. 10, 2013. AAPIMAGE for The Guardian/Alan Porritt Photograph: Alan Porritt",,1,graph,2,photo|photograph,0,likely_visualization
guardian_e5ccf5c192,The Guardian,2013,"""climate change""",Holden's future in Australia still unclear - as it happened,https://www.theguardian.com/world/2013/dec/10/coalition-records-worst-opinion-poll-result-since-2011-politics-live,2013-12-09,2018-03-13,9,https://i.guim.co.uk/img/static/sys-images/Guardian/Pix/pictures/2013/12/10/1386645886146/598e4c43-3cd1-4462-8ec0-19d1467d764e-2060x1236.jpeg?width=465&dpr=1&s=none&crop=none,../Scripts/output/guardian/guardian_images/guardian_2013-12-09_guardian_e5ccf5c192_img09.jpeg,"Federal treasurer Joe Hockey speaking during question time in the House of Representatives in Canberra, Tuesday, Dec. 10, 2013. AAPIMAGE for The Guardian/Alan Porritt Photograph: Alan Porritt",,1,graph,2,photo|photograph,0,likely_visualization
guardian_e5ccf5c192,The Guardian,2013,"""climate change""",Holden's future in Australia still unclear - as it happened,https://www.theguardian.com/world/2013/dec/10/coalition-records-worst-opinion-poll-result-since-2011-politics-live,2013-12-09,2018-03-13,10,https://i.guim.co.uk/img/static/sys-images/Guardian/Pix/pictures/2013/12/10/1386642479477/15959734-ce54-400b-9bad-b51fc5baa71f-2060x1236.jpeg?width=465&dpr=1&s=none&crop=none,../Scripts/output/guardian/guardian_images/guardian_2013-12-09_guardian_e5ccf5c192_img10.jpeg,"Shadow education minister Kate Ellis during a press conference in Canberra, Tuesday, Dec. 10, 2013. AAPIMAGE for The Guardian/Alan Porritt Photograph: Alan Porritt",,1,graph,2,photo|photograph,0,likely_visualization
guardian_e5ccf5c192,The Guardian,2013,"""climate change""",Holden's future in Australia still unclear - as it happened,https://www.theguardian.com/world/2013/dec/10/coalition-records-worst-opinion-poll-result-since-2011-politics-live,2013-12-09,2018-03-13,11,https://i.guim.co.uk/img/static/sys-images/Guardian/Pix/pictures/2013/12/10/1386638984611/ed436a3e-4bbf-4ab6-a0ab-738430b50898-2060x1236.jpeg?width=465&dpr=1&s=none&crop=none,../Scripts/output/guardian/guardian_images/guardian_2013-12-09_guardian_e5ccf5c192_img11.jpeg,"Indepependent senator Nick Xenophon (left) and DLP senator John Madigan arrive for a press conference in Canberra, Tuesday, Dec. 10, 2013. AAPIMAGE for The Guardian/Alan Porritt Photograph: Alan Porritt",,1,graph,2,photo|photograph,0,likely_visualization
guardian_e5ccf5c192,The Guardian,2013,"""climate change""",Holden's future in Australia still unclear - as it happened,https://www.theguardian.com/world/2013/dec/10/coalition-records-worst-opinion-poll-result-since-2011-politics-live,2013-12-09,2018-03-13,12,https://i.guim.co.uk/img/static/sys-images/Guardian/Pix/pictures/2013/12/9/1386630229557/a2f3bdd6-cf2b-4c7e-b55d-eb16519e3a4a-2060x1236.jpeg?width=465&dpr=1&s=none&crop=none,../Scripts/output/guardian/guardian_images/guardian_2013-12-09_guardian_e5ccf5c192_img12.jpeg,Parliamentary flag at half mast for the Mandela memorial. AAPIMAGE for The Guardian/Alan Porritt Photograph: Alan Porritt,,1,graph,2,photo|photograph,0,likely_visualization
guardian_551744d749,The Guardian,2013,"""climate change""","Global warming is unpaused and stuck on fast forward, new research shows",https://www.theguardian.com/environment/climate-consensus-97-per-cent/2013/dec/10/global-warming-unpaused-fast-forward,2013-12-10,2021-08-25,1,https://i.guim.co.uk/img/static/sys-images/Guardian/Pix/pictures/2012/2/5/1328445684825/hand-holding-TV-remote-co-007.jpg?width=465&dpr=1&s=none&crop=none,../Scripts/output/guardian/guardian_images/guardian_2013-12-10_guardian_551744d749_img01.jpg,"Forget the pause button, global warming is stuck on fast forward. Photograph: Eyebyte/Alamy",,1,graph,2,photo|photograph,0,likely_visualization
guardian_9d74280273,The Guardian,2013,IPCC,Alleged victim of police officer rape hits brick wall in pursuit of justice,https://www.theguardian.com/uk-news/2013/dec/10/alleged-victim-police-rape-waives-anonymity,2013-12-10,2017-11-30,1,https://i.guim.co.uk/img/static/sys-images/Guardian/Pix/pictures/2013/12/10/1386635306002/michelle-noble-alleged-vi-008.jpg?width=465&dpr=1&s=none&crop=none,../Scripts/output/guardian/guardian_images/guardian_2013-12-10_guardian_9d74280273_img01.jpg,Michelle Noble said she felt the Savile revelations offered hope to child victims. Photograph: David Sillitoe for the Guardian,,1,graph,2,photo|photograph,0,likely_visualization
guardian_f205d0024b,The Guardian,2013,"""climate change""",Solar-powered parasols in Paris to make city's smokers sustainable,https://www.theguardian.com/sustainable-business/solar-power-parasol-paris-smokers,2013-12-10,2013-12-10,1,https://i.guim.co.uk/img/static/sys-images/Guardian/Pix/pictures/2013/12/9/1386608580458/Paris-parasol-008.jpg?width=465&dpr=1&s=none&crop=none,../Scripts/output/guardian/guardian_images/guardian_2013-12-10_guardian_f205d0024b_img01.jpg,Solar-powered parasols could provide heat and absorb cigarette smoke. Photograph: Amorphica,,1,graph,2,photo|photograph,0,likely_visualization
guardian_f205d0024b,The Guardian,2013,"""climate change""",Solar-powered parasols in Paris to make city's smokers sustainable,https://www.theguardian.com/sustainable-business/solar-power-parasol-paris-smokers,2013-12-10,2013-12-10,2,https://i.guim.co.uk/img/static/sys-images/Guardian/Pix/pictures/2013/12/9/1386608849501/Paris-bus-stop-007.jpg?width=445&dpr=1&s=none&crop=none,../Scripts/output/guardian/guardian_images/guardian_2013-12-10_guardian_f205d0024b_img02.jpg,"The urban parasol could easily affixed to existing urban fixtures, such as bus stops. Photograph: Amorphica",,1,graph,2,photo|photograph,0,likely_visualization
guardian_f6b991e655,The Guardian,2013,"""climate change""","St Peter's seminary, a 'glorious' gem given new life in the woods",https://www.theguardian.com/uk-news/scotland-blog/2013/dec/10/scotland-architecture-stpeters-seminary,2013-12-10,2020-09-25,1,https://i.guim.co.uk/img/static/sys-images/Guardian/Pix/pictures/2011/9/17/1316271701424/St-Peters-Seminary-007.jpg?width=465&dpr=1&s=none&crop=none,../Scripts/output/guardian/guardian_images/guardian_2013-12-10_guardian_f6b991e655_img01.jpg,"St Peter's seminary in Cardross, near Glasgow, could be rescued from ruin by the 'Invisible College' project. Photograph: NVA",,1,graph,2,photo|photograph,0,likely_visualization
guardian_f6b991e655,The Guardian,2013,"""climate change""","St Peter's seminary, a 'glorious' gem given new life in the woods",https://www.theguardian.com/uk-news/scotland-blog/2013/dec/10/scotland-architecture-stpeters-seminary,2013-12-10,2020-09-25,2,https://i.guim.co.uk/img/static/sys-images/Guardian/Pix/pictures/2012/1/22/1327251623675/St-Peter-s-Seminary-Cardr-003.jpg?width=445&dpr=1&s=none&crop=none,../Scripts/output/guardian/guardian_images/guardian_2013-12-10_guardian_f6b991e655_img02.jpg,"St Peter’s Seminary, Cardross, designed by Andy MacMillan and Isi Metzstein. It opened in 1966 and is now a ruin. Photograph: Riba Library",,1,graph,2,photo|photograph,0,likely_visualization
guardian_639d836b5d,The Guardian,2013,"""climate change""",How should universities respond to student protests? – 10 views,https://www.theguardian.com/higher-education-network/blog/2013/dec/11/student-protest-how-should-management-respond,2013-12-11,2018-09-24,1,https://i.guim.co.uk/img/static/sys-images/Guardian/Pix/pictures/2013/11/18/1384803334179/Student-protest-009.jpg?width=465&dpr=1&s=none&crop=none,../Scripts/output/guardian/guardian_images/guardian_2013-12-11_guardian_639d836b5d_img01.jpg,'Student protest is a right and should be encouraged – people will always look for other ways to make their voices heard.' Photograph: Paul Davey/Demotix/Corbis,,1,graph,2,photo|photograph,0,likely_visualization
guardian_639d836b5d,The Guardian,2013,"""climate change""",How should universities respond to student protests? – 10 views,https://www.theguardian.com/higher-education-network/blog/2013/dec/11/student-protest-how-should-management-respond,2013-12-11,2018-09-24,2,https://i.guim.co.uk/img/static/sys-images/Education/Clearing_Pix/furniture/2012/11/29/1354184312820/Naked-student-protest-008.jpg?width=445&dpr=1&s=none&crop=none,../Scripts/output/guardian/guardian_images/guardian_2013-12-11_guardian_639d836b5d_img02.jpg,'Students want better representation of their views and are willing to engage positively and constructively to this end.' Photograph: Guardian,,1,graph,2,photo|photograph,0,likely_visualization
guardian_7ad4a2a574,The Guardian,2013,"""climate change""",Comic Relief cash in arms and tobacco shines light on charities' investments,https://www.theguardian.com/sustainable-business/comic-relief-panorama-cash-arms-tobacco-charities-investment,2013-12-11,2013-12-11,1,https://i.guim.co.uk/img/static/sys-images/Guardian/Pix/pictures/2013/12/11/1386762981509/Comic-Relief-009.jpg?width=465&dpr=1&s=none&crop=none,../Scripts/output/guardian/guardian_images/guardian_2013-12-11_guardian_7ad4a2a574_img01.jpg,"Samantha Cameron baking cakes in support of Red Nose Day. Comic Relief is under fire for investing donations in arms, alcohol and tobacco companies. Photograph: Stefan Rousseau/PA",,1,graph,2,photo|photograph,0,likely_visualization
guardian_7b657b4c81,The Guardian,2013,"""climate change""",The US and China must show leadership on climate change,https://www.theguardian.com/environment/blog/2013/dec/11/us-china-leadership-climate-change,2013-12-11,2021-08-25,1,https://i.guim.co.uk/img/static/sys-images/Guardian/Pix/pictures/2013/6/25/1372192072921/Obama-climate-change-spee-010.jpg?width=465&dpr=1&s=none&crop=none,../Scripts/output/guardian/guardian_images/guardian_2013-12-11_guardian_7b657b4c81_img01.jpg,President Barack Obama makes a speech on a climate change. Photograph: Dennis Brack/Corbis Photograph: Dennis Brack/Corbis,,1,graph,2,photo|photograph,0,likely_visualization
guardian_c3bea1f017,The Guardian,2013,"""climate change""",ONS figures show squeeze on household budgets,https://www.theguardian.com/money/2013/dec/11/ons-figures-squeeze-household-budgets,2013-12-11,2017-11-30,1,https://i.guim.co.uk/img/static/sys-images/Guardian/Pix/pictures/2013/12/11/1386786784442/Thermostat-008.jpg?width=465&dpr=1&s=none&crop=none,../Scripts/output/guardian/guardian_images/guardian_2013-12-11_guardian_c3bea1f017_img01.jpg,A person adjusts a thermostat. Photograph: Martin Keene/PA,,1,graph,2,photo|photograph,0,likely_visualization
guardian_c7fe53e38e,The Guardian,2013,"""climate change""",PMQs and David Cameron's speech at the G8 dementia summit: Politics live blog,https://www.theguardian.com/politics/blog/2013/dec/11/pmqs-and-david-camerons-speech-at-the-g8-dementia-summit,2013-12-11,2017-09-20,2,https://i.guim.co.uk/img/static/sys-images/Guardian/Pix/pictures/2013/12/11/1386771822359/930c2301-7b0d-4694-af6e-5d591f440098-1024x768.png?width=465&dpr=1&s=none&crop=none,../Scripts/output/guardian/guardian_images/guardian_2013-12-11_guardian_c7fe53e38e_img02.png,David Cameron Photograph: /Sky News Photograph: Sky News,,1,graph,2,photo|photograph,0,likely_visualization
guardian_c7fe53e38e,The Guardian,2013,"""climate change""",PMQs and David Cameron's speech at the G8 dementia summit: Politics live blog,https://www.theguardian.com/politics/blog/2013/dec/11/pmqs-and-david-camerons-speech-at-the-g8-dementia-summit,2013-12-11,2017-09-20,3,https://i.guim.co.uk/img/static/sys-images/Guardian/Pix/pictures/2013/12/11/1386757462464/c8697887-ed5d-446b-a73a-6c2bdb52d0b0-1024x768.png?width=465&dpr=1&s=none&crop=none,../Scripts/output/guardian/guardian_images/guardian_2013-12-11_guardian_c7fe53e38e_img03.png,Jeremy Hunt Photograph: /BBC News Photograph: BBC News,,1,graph,2,photo|photograph,0,likely_visualization
guardian_26e3879295,The Guardian,2013,"""climate change""",The story of a girl activist - the Philippines,https://www.theguardian.com/global-development-professionals-network/2013/dec/12/girl-advocates-nafieza-mohammad-philippines-interview,2013-12-12,2022-10-19,1,https://i.guim.co.uk/img/static/sys-images/Guardian/Pix/pictures/2013/12/6/1386348609662/Nafieza-S-Mohammad-008.jpg?width=465&dpr=1&s=none&crop=none,../Scripts/output/guardian/guardian_images/guardian_2013-12-12_guardian_26e3879295_img01.jpg,"Nafieza, right, has been involved in environmental campaigns in the Philippines since she was 12 years old. Photograph: Nafieza Mohammad",,1,graph,2,photo|photograph,0,likely_visualization
guardian_3086a1e6a6,The Guardian,2013,"""climate change""",The psychology of investing for children,https://www.theguardian.com/sustainable-business/psychology-investing-for-children,2013-12-12,2017-05-25,1,https://i.guim.co.uk/img/static/sys-images/Guardian/About/General/2013/12/12/1386862200276/Parents-with-children--014.jpg?width=465&dpr=1&s=none&crop=none,../Scripts/output/guardian/guardian_images/guardian_2013-12-12_guardian_3086a1e6a6_img01.jpg,"A growing market has seen parents, grandparents and godparents making investments on behalf of children. Photograph: OJO Images / Rex Features",,1,graph,2,photo|photograph,0,likely_visualization
guardian_55e7374096,The Guardian,2013,"""climate change""",An open letter to NSW farmer Phil Laird: Greenpeace stands with you,https://www.theguardian.com/commentisfree/2013/dec/12/an-open-letter-to-nsw-farmer-phil-laird-greenpeace-stands-by-you,2013-12-12,2016-10-27,1,https://i.guim.co.uk/img/static/sys-images/Guardian/Pix/pictures/2013/12/12/1386820596408/bbb78759-f964-4c0e-8191-a01a7dd3f94b-2060x1236.jpeg?width=465&dpr=1&s=none&crop=none,../Scripts/output/guardian/guardian_images/guardian_2013-12-12_guardian_55e7374096_img01.jpeg,The Laird brothers at a protest earlier this year. Photograph: n/a,,1,graph,2,photo|photograph,0,likely_visualization
guardian_55e7374096,The Guardian,2013,"""climate change""",An open letter to NSW farmer Phil Laird: Greenpeace stands with you,https://www.theguardian.com/commentisfree/2013/dec/12/an-open-letter-to-nsw-farmer-phil-laird-greenpeace-stands-by-you,2013-12-12,2016-10-27,2,https://i.guim.co.uk/img/static/sys-images/Guardian/Pix/pictures/2013/12/12/1386821379918/d984803e-94de-48cc-9286-ae6d64608d14-460x260.jpeg?width=445&dpr=1&s=none&crop=none,../Scripts/output/guardian/guardian_images/guardian_2013-12-12_guardian_55e7374096_img02.jpeg,Leard State Forest and surrounding farmlands. Photograph: /Leard State Forest and surrounding farmlands. Photograph: maulescreek.org Photograph: Photograph: maulescreek.org,,1,graph,2,photo|photograph,0,likely_visualization
guardian_ccb422cb6d,The Guardian,2013,"""climate change""","The BBC must declare the interests of its contributors, or lose our trust",https://www.theguardian.com/commentisfree/2013/dec/12/bbc-declare-interests-contributors-tobacco,2013-12-12,2020-07-01,1,https://i.guim.co.uk/img/static/sys-images/Guardian/Pix/pictures/2013/12/12/1386850404618/Mark-Littlewood-008.jpg?width=465&dpr=1&s=none&crop=none,../Scripts/output/guardian/guardian_images/guardian_2013-12-12_guardian_ccb422cb6d_img01.jpg,'Is the audience supposed to deduce from the fact that Mark Littlewood is a smoker that he works for a body funded by the tobacco industry?' Photograph: Linda Nylind,,1,graph,2,photo|photograph,0,likely_visualization
guardian_ec64445b6a,The Guardian,2013,"""climate change""",Linking CSR performance with pay sends clear sustainability signal,https://www.theguardian.com/sustainable-business/linking-csr-pay-sustainability,2013-12-12,2013-12-12,1,https://i.guim.co.uk/img/static/sys-images/Guardian/Pix/pictures/2013/12/12/1386869732127/Cheque-003.jpg?width=465&dpr=1&s=none&crop=none,../Scripts/output/guardian/guardian_images/guardian_2013-12-12_guardian_ec64445b6a_img01.jpg,Companies that link employee remuneration to performance on social and environmental issues send a strong signal on sustainability. Photograph: Gallo Images/Alamy,,1,graph,2,photo|photograph,0,likely_visualization
guardian_fd4c42ef8d,The Guardian,2013,"""climate change""",Sustainability leaders can learn valuable lessons from Nelson Mandela,https://www.theguardian.com/sustainable-business/lessons-nelson-mandela-sustainability-leadership,2013-12-12,2021-08-25,1,https://i.guim.co.uk/img/static/sys-images/Admin/BkFill/Default_image_group/2013/4/6/1365257323459/Nelson-Mandela-010.jpg?width=465&dpr=1&s=none&crop=none,../Scripts/output/guardian/guardian_images/guardian_2013-12-12_guardian_fd4c42ef8d_img01.jpg,"If we're to act to prevent climate change, more people need to learn lessons from Nelson Mandela and question the status quo. Photograph: Rex Features",,1,graph,2,photo|photograph,0,likely_visualization
guardian_049860bc8d,The Guardian,2013,"""climate change""",Gazprom's over-reaction to Arctic oil protest is a sign their fortune is at stake,https://www.theguardian.com/environment/2013/dec/13/gazprom-arctic-oil-protest-climate-change,2013-12-13,2018-02-14,1,https://i.guim.co.uk/img/static/sys-images/Environment/Pix/columnists/2013/12/13/1386935257840/26-of-the--Greenpeace-Arc-009.jpg?width=465&dpr=1&s=none&crop=none,../Scripts/output/guardian/guardian_images/guardian_2013-12-13_guardian_049860bc8d_img01.jpg,"Twenty-six of the Arctic 30 in St Petersburg, 3 December 2013. 'Peaceful protests on oil rigs in the freezing Arctic Ocean are the only rational response to years of deliberate inaction.' Photograph: Dmitri Sharomov/Greenpeace",,1,graph,2,photo|photograph,0,likely_visualization
guardian_23b00106ce,The Guardian,2013,"""climate change""",Manmade global warming: a stormy meeting between sceptics and believers,https://www.theguardian.com/environment/2013/dec/13/global-warming-meeting-sceptics-scientists,2013-12-13,2021-08-25,1,https://i.guim.co.uk/img/static/sys-images/Guardian/Pix/cartoons/2013/12/13/1386966502004/Sir-Paul-Nurse-009.jpg?width=465&dpr=1&s=none&crop=none,../Scripts/output/guardian/guardian_images/guardian_2013-12-13_guardian_23b00106ce_img01.jpg,"Sir Paul Nurse, the Nobel prize-winning biologist and president of the Royal Society. Photograph: Sarah Lee for the Guardian",,1,graph,2,photo|photograph,0,likely_visualization
guardian_287860ba6e,The Guardian,2013,"""climate change""",'Every little helps' is a dangerous mantra for climate change,https://www.theguardian.com/sustainable-business/plastic-bags-climate-change-every-little-helps,2013-12-13,2013-12-12,1,https://i.guim.co.uk/img/static/sys-images/Guardian/Pix/pictures/2013/12/12/1386862455520/Plastic-bags-lit-009.jpg?width=465&dpr=1&s=none&crop=none,../Scripts/output/guardian/guardian_images/guardian_2013-12-13_guardian_287860ba6e_img01.jpg,"Re-using plastic bags is an iconic ""sustainable behaviour"" but these incremental steps may not be a proprtionate response to climate change. Photograph: Christopher Thomond",,1,graph,2,photo|photograph,0,likely_visualization
guardian_6a51212dfd,The Guardian,2013,"""climate change""",Climate change and slavery: the perfect storm?,https://www.theguardian.com/global-development-professionals-network/2013/dec/13/slavery-climate-change-poverty,2013-12-13,2022-10-19,1,https://i.guim.co.uk/img/static/sys-images/Guardian/Pix/pictures/2013/12/11/1386784746243/Climate-change-Haiyan-008.jpg?width=465&dpr=1&s=none&crop=none,../Scripts/output/guardian/guardian_images/guardian_2013-12-13_guardian_6a51212dfd_img01.jpg,A woman collects firewood in the aftermath of typhoon Haiyan. Increasingly there's a link between a damaged environment and growth in modern-day slavery. Photograph: Aaron Favila/AP,,1,graph,2,photo|photograph,0,likely_visualization
guardian_f4b8a41344,The Guardian,2013,"""climate change""",The BBC should ask more questions about the experts it puts on air,https://www.theguardian.com/science/political-science/2013/dec/13/the-bbc-should-ask-more-questions-about-the-experts-it-puts-on-air,2013-12-13,2020-07-01,1,https://i.guim.co.uk/img/static/sys-images/Guardian/Pix/pictures/2013/12/13/1386938837701/1fb3fda9-3e11-4995-81b5-c8177f1dc1c5-2060x1236.jpeg?width=465&dpr=1&s=none&crop=none,../Scripts/output/guardian/guardian_images/guardian_2013-12-13_guardian_f4b8a41344_img01.jpeg,"Broadcasting House. You can now see BBC newsmaking through a goldfish bowl, but are they being transparent enough? Photograph: Alice Bell. Photograph: Alice Bell/author's own",,1,graph,2,photo|photograph,0,likely_visualization
guardian_9cd0aad844,The Guardian,2013,"""climate change""",Fracking hell: what it's really like to live next to a shale gas well,https://www.theguardian.com/environment/2013/dec/14/fracking-hell-live-next-shale-gas-well-texas-us,2013-12-14,2018-02-14,1,https://i.guim.co.uk/img/static/sys-images/Guardian/About/General/2013/12/11/1386760401867/Christina-Mills-in-Ponder-009.jpg?width=445&dpr=1&s=none&crop=none,../Scripts/output/guardian/guardian_images/guardian_2013-12-14_guardian_9cd0aad844_img01.jpg,"As well as struggling with the noise and smells, Christina Mills says, there was the dust: 'It took the paint off my car.' Photograph: Deia Schlosberg for the Guardian",,1,graph,2,photo|photograph,0,likely_visualization
guardian_2b5911f1c7,The Guardian,2013,"""climate change""",Katharine Giles remembered by Fiona Strawbridge,https://www.theguardian.com/theobserver/2013/dec/15/katharine-giles-obituary-fiona-strawbridge,2013-12-15,2018-03-22,1,https://i.guim.co.uk/img/static/sys-images/Observer/Pix/pictures/2013/12/11/1386770641514/Katharine-Giles-obits-009.jpg?width=465&dpr=1&s=none&crop=none,../Scripts/output/guardian/guardian_images/guardian_2013-12-15_guardian_2b5911f1c7_img01.jpg,"'Warm, kind and great company': Katharine Giles with her mentor, Seymour Laxon. Photograph courtesy of UCL",,1,graph,2,photo|photograph,0,likely_visualization
guardian_60a6ebdb21,The Guardian,2013,"""climate change""",Murray-Darling basin: this gratuitous decision to reject science is disastrous,https://www.theguardian.com/commentisfree/2013/dec/16/murray-darling-basin-this-gratuitous-decision-to-reject-science-is-disastrous,2013-12-15,2018-03-13,1,https://i.guim.co.uk/img/static/sys-images/Guardian/Pix/pictures/2013/12/15/1387147435832/512fe199-9370-4b44-a6b5-f48b186fe9a4-2060x1236.jpeg?width=465&dpr=1&s=none&crop=none,../Scripts/output/guardian/guardian_images/guardian_2013-12-15_guardian_60a6ebdb21_img01.jpeg,The Murray river. Photograph: David Wall/Alamy Photograph: David Wall / Alamy/Alamy,,1,graph,2,photo|photograph,0,likely_visualization
guardian_d13cb5b60b,The Guardian,2013,"""climate change""","Let's rethink the idea of the state: it must be a catalyst for big, bold ideas",https://www.theguardian.com/commentisfree/2013/dec/15/george-osborne-public-spending-taxpayers-money,2013-12-15,2017-12-02,1,https://i.guim.co.uk/img/static/sys-images/Guardian/Pix/pictures/2013/12/14/1387037912847/Bright-spark-a-government-004.jpg?width=465&dpr=1&s=none&crop=none,../Scripts/output/guardian/guardian_images/guardian_2013-12-15_guardian_d13cb5b60b_img01.jpg,Bright spark: a government that ‘thinks big and makes things happen’ will also serrve as a catalyst to the private sector. Photograph: David Burton /Alamy,,1,graph,2,photo|photograph,0,likely_visualization
guardian_5bd01f943f,The Guardian,2013,IPCC,Met police's Sir Bernard Hogan-Howe referred to IPCC over Hillsborough role,https://www.theguardian.com/football/2013/dec/16/met-commissioner-hogan-howe-hillsborough-ipcc,2013-12-16,2017-11-30,1,https://i.guim.co.uk/img/static/sys-images/Guardian/Pix/pictures/2013/12/16/1387230753440/Sir-Bernard-Hogan-Howe-009.jpg?width=465&dpr=1&s=none&crop=none,../Scripts/output/guardian/guardian_images/guardian_2013-12-16_guardian_5bd01f943f_img01.jpg,Metropolitan police commissioner Sir Bernard Hogan-Howe was an inspector in South Yorkshire police at the time of the Hillsborough disaster Photograph: Lewis Whyld/PA,,1,graph,2,photo|photograph,0,likely_visualization
guardian_84eee5cbbd,The Guardian,2013,"""climate change""",Back to the Heathrow barricades as government gets ready for an airport U-turn,https://www.theguardian.com/commentisfree/2013/dec/16/heathrow-airport-runways-u-turn,2013-12-16,2017-09-15,1,https://i.guim.co.uk/img/static/sys-images/Guardian/Pix/pictures/2013/12/16/1387196075296/Heathrow-flights-009.jpg?width=465&dpr=1&s=none&crop=none,../Scripts/output/guardian/guardian_images/guardian_2013-12-16_guardian_84eee5cbbd_img01.jpg,"A report tomorrow will recommend new runways at Heathrow, reigniting campaigns over noise pollution and climate change. Photograph: Susannah Ireland/Rex",,1,graph,2,photo|photograph,0,likely_visualization
guardian_c54d8c99b8,The Guardian,2013,"""climate change""",The Great British Sewing Bee Christmas Special; Britain's Killer Storms – TV review,https://www.theguardian.com/tv-and-radio/2013/dec/16/great-british-sewing-bee-tv-review,2013-12-16,2018-06-19,1,https://i.guim.co.uk/img/static/sys-images/Guardian/Pix/pictures/2013/12/13/1386956633382/The-Great-British-Sewing--009.jpg?width=465&dpr=1&s=none&crop=none,../Scripts/output/guardian/guardian_images/guardian_2013-12-16_guardian_c54d8c99b8_img01.jpg,"Sew what? … The Great British Sewing Bee Christmas Special team (from left): Stuart, Sandra, May, Patrick, Lauren and Ann. Photograph: BBC/Love Productions",,1,graph,2,photo|photograph,0,likely_visualization
guardian_06c93a1f84,The Guardian,2013,"""climate change""",Thinktank director Tim Wilson appointed human rights commissioner,https://www.theguardian.com/world/2013/dec/17/thinktank-director-tim-wilson-appointed-human-rights-commissioner,2013-12-17,2018-08-08,1,https://i.guim.co.uk/img/static/sys-images/Guardian/Pix/pictures/2013/12/17/1387241799285/Human-rights-commissioner-010.jpg?width=465&dpr=1&s=none&crop=none,../Scripts/output/guardian/guardian_images/guardian_2013-12-17_guardian_06c93a1f84_img01.jpg,"The new human rights commissioner, Tim Wilson. Photograph: PR Photograph: PR",,1,graph,2,photo|photograph,0,likely_visualization
guardian_2abad7bd41,The Guardian,2013,"""climate change""",Heathrow and Gatwick shortlisted for new runway as airport options unveiled,https://www.theguardian.com/environment/2013/dec/17/heathrow-gatwick-airport-runway-davies-interim-report,2013-12-17,2019-07-10,1,https://i.guim.co.uk/img/static/sys-images/Guardian/Pix/pictures/2013/12/17/1387315239222/Plane-lands-at-Heathrow-009.jpg?width=465&dpr=1&s=none&crop=none,../Scripts/output/guardian/guardian_images/guardian_2013-12-17_guardian_2abad7bd41_img01.jpg,A plane lands at Heathrow. Extra runways at Heathrow and Gatwick are among the options put forward by an airports commission. Photograph: Steve Parsons/PA,,1,graph,2,photo|photograph,0,likely_visualization
guardian_8ec38eec46,The Guardian,2013,"""climate change""",Turning up the volume on climate change isn't changing behaviour,https://www.theguardian.com/sustainable-business/behavioural-insights/climate-change-denial-behaviour-change,2013-12-17,2021-08-25,1,https://i.guim.co.uk/img/static/sys-images/Guardian/Pix/pictures/2013/12/17/1387291801943/Cycling-students-009.jpg?width=465&dpr=1&s=none&crop=none,../Scripts/output/guardian/guardian_images/guardian_2013-12-17_guardian_8ec38eec46_img01.jpg,"Students from Edinburgh University changing behaviour by encouraging cycling. But despite a broad scientific consensus on climate change, many are in denial. Photograph: Murdo MacLeod",,1,graph,2,photo|photograph,0,likely_visualization
guardian_c23042c797,The Guardian,2013,"""climate change""",Open thread: co-operatives – what's in store for 2014?,https://www.theguardian.com/social-enterprise-network/2013/dec/17/co-ops-social-enterprise-2014,2013-12-17,2017-05-07,1,https://i.guim.co.uk/img/static/sys-images/Guardian/Pix/pictures/2013/12/6/1386325728306/John-Lewis-Christmas-adve-008.jpg?width=465&dpr=1&s=none&crop=none,../Scripts/output/guardian/guardian_images/guardian_2013-12-17_guardian_c23042c797_img01.jpg,Employee ownership gained an early christmas present when the autumn statement encouraged employee ownership of the kind that makes John Lewis a success. Photograph: John Lewis/PA,,1,graph,2,photo|photograph,0,likely_visualization
guardian_c8fcd364bf,The Guardian,2013,"""climate change""",Heathrow expansion - Airports Commission publishes interim report: Politics live blog,https://www.theguardian.com/politics/blog/2013/dec/17/heathrow-expansion-airports-commission-publishes-interim-report-politics-live-blog,2013-12-17,2017-06-09,1,https://i.guim.co.uk/img/static/sys-images/Guardian/Pix/pictures/2013/12/17/1387284865222/0bd65ea0-b688-43b9-8731-8ec9716bfb9b-1024x768.png?width=465&dpr=1&s=none&crop=none,../Scripts/output/guardian/guardian_images/guardian_2013-12-17_guardian_c8fcd364bf_img01.png,Patrick McLoughlin Photograph: /BBC Parliament Photograph: BBC Parliament,,1,graph,2,photo|photograph,0,likely_visualization
guardian_c8fcd364bf,The Guardian,2013,"""climate change""",Heathrow expansion - Airports Commission publishes interim report: Politics live blog,https://www.theguardian.com/politics/blog/2013/dec/17/heathrow-expansion-airports-commission-publishes-interim-report-politics-live-blog,2013-12-17,2017-06-09,2,https://i.guim.co.uk/img/static/sys-images/Guardian/Pix/pictures/2013/12/17/1387278764786/086aca21-dfc6-40c4-8fe4-0bc6348289bb-2060x1236.jpeg?width=465&dpr=1&s=none&crop=none,../Scripts/output/guardian/guardian_images/guardian_2013-12-17_guardian_c8fcd364bf_img02.jpeg,Boris Johnson. Photograph: Ik Aldama/Demotix/Corbis Photograph: Ik Aldama/ Ik Aldama/Demotix/Corbis,,1,graph,2,photo|photograph,0,likely_visualization
guardian_c8fcd364bf,The Guardian,2013,"""climate change""",Heathrow expansion - Airports Commission publishes interim report: Politics live blog,https://www.theguardian.com/politics/blog/2013/dec/17/heathrow-expansion-airports-commission-publishes-interim-report-politics-live-blog,2013-12-17,2017-06-09,3,https://i.guim.co.uk/img/static/sys-images/Guardian/Pix/pictures/2013/12/17/1387266189241/08e42d53-c11d-4a63-846c-16fafb5681a7-620x372.png?width=465&dpr=1&s=none&crop=none,../Scripts/output/guardian/guardian_images/guardian_2013-12-17_guardian_c8fcd364bf_img03.png,Sir Howard Davies Photograph: /BBC News Photograph: BBC News,,1,graph,2,photo|photograph,0,likely_visualization
guardian_c8fcd364bf,The Guardian,2013,"""climate change""",Heathrow expansion - Airports Commission publishes interim report: Politics live blog,https://www.theguardian.com/politics/blog/2013/dec/17/heathrow-expansion-airports-commission-publishes-interim-report-politics-live-blog,2013-12-17,2017-06-09,4,https://i.guim.co.uk/img/static/sys-images/Education/Pix/pictures/2008/06/18/hd24.jpg?width=465&dpr=1&s=none&crop=none,../Scripts/output/guardian/guardian_images/guardian_2013-12-17_guardian_c8fcd364bf_img04.jpg,Sir Howard Davies. Photograph: Sarah Lee Photograph: Guardian,,1,graph,2,photo|photograph,0,likely_visualization
guardian_205042d690,The Guardian,2013,"""climate change""",How to write a personal statement for geography,https://www.theguardian.com/education/2013/dec/18/personal-statement-geography,2013-12-18,2017-11-21,1,https://i.guim.co.uk/img/static/sys-images/Education/Pix/site_furniture/2013/11/28/1385648093657/Volcano-geography-student-008.jpg?width=465&dpr=1&s=none&crop=none,../Scripts/output/guardian/guardian_images/guardian_2013-12-18_guardian_205042d690_img01.jpg,"Whether you’re interested in volcanoes, or climate change, would-be geographers must demonstrate their interest in the course. Photograph: Alamy",,1,graph,2,photo|photograph,0,likely_visualization
guardian_52e8ddf6b5,The Guardian,2013,"""climate change""","Jerry Brown, version 2.0: 'California's the healthiest it's been in a decade'",https://www.theguardian.com/world/2013/dec/18/california-evolution-jerry-brown-governor-moonbeam,2013-12-18,2017-07-14,2,https://i.guim.co.uk/img/static/sys-images/Guardian/Pix/pictures/2013/10/20/1382283206737/Governor-Jerry-Brown-010.jpg?width=445&dpr=1&s=none&crop=none,../Scripts/output/guardian/guardian_images/guardian_2013-12-18_guardian_52e8ddf6b5_img02.jpg,Governor Jerry Brown. Photograph: Richard Harrison/ Richard Harrison/Demotix/Corbis Photograph: Richard Harrison/ Richard Harrison/Demotix/Corbis,,1,graph,2,photo|photograph,0,likely_visualization
guardian_6c12a3cbc5,The Guardian,2013,IPCC,Ian Watkins abuse: police forces to be investigated by IPCC,https://www.theguardian.com/uk-news/2013/dec/18/ian-watkins-ipcc-investigated-police-lostprophets,2013-12-18,2018-01-11,1,https://i.guim.co.uk/img/static/sys-images/Guardian/About/General/2013/12/18/1387362246596/Ian-Watkins-011.jpg?width=465&dpr=1&s=none&crop=none,../Scripts/output/guardian/guardian_images/guardian_2013-12-18_guardian_6c12a3cbc5_img01.jpg,Ian Watkins has been jailed for a string of sex offences including the attempted rape of a baby. Photograph: South Wales police/PA,,1,graph,2,photo|photograph,0,likely_visualization
guardian_e759e01982,The Guardian,2013,"""climate change""",2013 in review: a year of increasing extreme weather events,https://www.theguardian.com/environment/2013/dec/18/2013-extreme-weather-events,2013-12-18,2021-08-25,2,https://i.guim.co.uk/img/static/sys-images/Environment/Pix/columnists/2013/12/17/1387292938242/Extreme-weather-in-2013---006.jpg?width=445&dpr=1&s=none&crop=none,../Scripts/output/guardian/guardian_images/guardian_2013-12-18_guardian_e759e01982_img02.jpg,"An iceberg floats off a glacier in northern Svalbard, Spitsbergen, Norway. All of Svalbards glaciers are retreating, even in the north of the archipelago despite only being around 600 miles from the north pole. Photograph: Ashley Cooper/Corbis",,1,graph,2,photo|photograph,0,likely_visualization
guardian_e759e01982,The Guardian,2013,"""climate change""",2013 in review: a year of increasing extreme weather events,https://www.theguardian.com/environment/2013/dec/18/2013-extreme-weather-events,2013-12-18,2021-08-25,3,https://i.guim.co.uk/img/static/sys-images/Environment/Pix/columnists/2013/12/17/1387288586566/Extreme-Weather-in-2013---007.jpg?width=445&dpr=1&s=none&crop=none,../Scripts/output/guardian/guardian_images/guardian_2013-12-18_guardian_e759e01982_img03.jpg,"A sign in the main street of Taradale indicates extreme fire danger and a total fire ban throughout the area. Authorities declared a day of total fire ban for the entire state of Victoria, Australia, as the area continued to experience unusually high temperatures. The risks of fire danger were rated as extreme. Photograph: David Reid/Corbis",,1,graph,2,photo|photograph,0,likely_visualization
guardian_e759e01982,The Guardian,2013,"""climate change""",2013 in review: a year of increasing extreme weather events,https://www.theguardian.com/environment/2013/dec/18/2013-extreme-weather-events,2013-12-18,2021-08-25,5,https://i.guim.co.uk/img/static/sys-images/Environment/Pix/columnists/2013/12/17/1387292197985/Extreme-Weather-in-2013---008.jpg?width=445&dpr=1&s=none&crop=none,../Scripts/output/guardian/guardian_images/guardian_2013-12-18_guardian_e759e01982_img05.jpg,A digital composite of typhoon Haiyan approaching the Philippines. This satellite image shows the fearsome size of the typhoon as it headed towards the Philippines. Photograph: Japan Meteorological Agency/Barcroft Media,,1,graph,2,photo|photograph,0,likely_visualization
guardian_0fdac0ef71,The Guardian,2013,"""climate change""",Dramatic decline in industrial agriculture could herald 'peak food',https://www.theguardian.com/environment/earth-insight/2013/dec/19/industrial-agriculture-limits-peak-food,2013-12-19,2017-02-22,1,https://i.guim.co.uk/img/static/sys-images/Guardian/Pix/pictures/2013/10/31/1383224105745/A-farmer-spreads-rice-to--008.jpg?width=465&dpr=1&s=none&crop=none,../Scripts/output/guardian/guardian_images/guardian_2013-12-19_guardian_0fdac0ef71_img01.jpg,Staple crops like rice are facing unprecedented decline. Photograph: George Osodi,,1,graph,2,photo|photograph,0,likely_visualization
guardian_7020e8daf4,The Guardian,2013,"""climate change""",Guardian Australia's awards of the year,https://www.theguardian.com/world/2013/dec/19/review-of-2013-ashes-rudd-gillard-abbott,2013-12-19,2018-03-13,1,https://i.guim.co.uk/img/static/sys-images/Guardian/Pix/pictures/2013/9/9/1378710155853/feral-pig-which-has-repor-010.jpg?width=445&dpr=1&s=none&crop=none,../Scripts/output/guardian/guardian_images/guardian_2013-12-19_guardian_7020e8daf4_img01.jpg,Swino the drunken pig sleeping it off. Photograph: AAP Image/Supplied by Main Roads WA Photograph: MAIN ROADS WESTERN AUSTRALIA/PR IMAGE,,1,graph,2,photo|photograph,0,likely_visualization
guardian_7020e8daf4,The Guardian,2013,"""climate change""",Guardian Australia's awards of the year,https://www.theguardian.com/world/2013/dec/19/review-of-2013-ashes-rudd-gillard-abbott,2013-12-19,2018-03-13,3,https://i.guim.co.uk/img/static/sys-images/Guardian/Pix/pictures/2013/12/10/1386649455969/Crossword--010.jpg?width=445&dpr=1&s=none&crop=none,../Scripts/output/guardian/guardian_images/guardian_2013-12-19_guardian_7020e8daf4_img03.jpg,"The Sunday Telegraph crossword containing the hidden phrase 'Murdoch is evil', highlighted in blue. Photograph: Public Domain",,1,graph,2,photo|photograph,0,likely_visualization
guardian_7020e8daf4,The Guardian,2013,"""climate change""",Guardian Australia's awards of the year,https://www.theguardian.com/world/2013/dec/19/review-of-2013-ashes-rudd-gillard-abbott,2013-12-19,2018-03-13,9,https://i.guim.co.uk/img/static/sys-images/Guardian/Pix/pictures/2013/8/6/1375754559941/Peter-Dowling-007.jpg?width=445&dpr=1&s=none&crop=none,../Scripts/output/guardian/guardian_images/guardian_2013-12-19_guardian_7020e8daf4_img09.jpg,Peter Dowling has a way with wine. Photograph: peterdowling.com.au Photograph: peterdowling.com.au,,1,graph,2,photo|photograph,0,likely_visualization
guardian_7456915243,The Guardian,2013,"""climate change""",National Grid to reward businesses for saving electricity to head off blackouts,https://www.theguardian.com/business/2013/dec/19/national-grid-reward-businesses-save-electricity-blackouts,2013-12-19,2017-11-30,1,https://i.guim.co.uk/img/static/sys-images/Environment/Pix/pictures/2013/10/27/1382880992036/E.ONs-coal-fired-power-st-008.jpg?width=465&dpr=1&s=none&crop=none,../Scripts/output/guardian/guardian_images/guardian_2013-12-19_guardian_7456915243_img01.jpg,Ofgem said the pressure on the UK's power supplies was the result of coal-fired power stations closing sooner than expected because of new EU regulations. Photograph: David Sillitoe for the Guardian,,1,graph,2,photo|photograph,0,likely_visualization
guardian_7af9de7b69,The Guardian,2013,"""climate change""",Antarctica live: the mysterious song of the leopard seal,https://www.theguardian.com/science/antarctica-live/2013/dec/19/antarctica-live-mysterious-song-leopard-seal,2013-12-19,2021-08-25,1,https://i.guim.co.uk/img/static/sys-images/Guardian/Pix/pictures/2013/12/19/1387465952467/28b72ec5-9ab2-40ce-b5f8-1bc197239be0-460x276.jpeg?width=445&dpr=1&s=none&crop=none,../Scripts/output/guardian/guardian_images/guardian_2013-12-19_guardian_7af9de7b69_img01.jpeg,"Ecologist Tracey Rogers, who studies marine food chains in Antarctica. Photograph: Laurence Topham/Guardian Photograph: Laurence Topham/Guardian",,1,graph,2,photo|photograph,0,likely_visualization
guardian_7af9de7b69,The Guardian,2013,"""climate change""",Antarctica live: the mysterious song of the leopard seal,https://www.theguardian.com/science/antarctica-live/2013/dec/19/antarctica-live-mysterious-song-leopard-seal,2013-12-19,2021-08-25,2,https://i.guim.co.uk/img/static/sys-images/Guardian/Pix/pictures/2013/12/19/1387466716961/2f4d7d6d-6696-45b2-a82d-2d2e17160ff6-1024x768.jpeg?width=445&dpr=1&s=none&crop=none,../Scripts/output/guardian/guardian_images/guardian_2013-12-19_guardian_7af9de7b69_img02.jpeg,Rogers deploys an underwater speaker that will 'sing' to any leopard seals within hearing range. Photograph: Laurence Topham/Guardian Photograph: Laurence Topham/Guardian,,1,graph,2,photo|photograph,0,likely_visualization
guardian_8bd69b023f,The Guardian,2013,"""climate change""",Climate and economic models – birds of a different feather,https://www.theguardian.com/environment/climate-consensus-97-per-cent/2013/dec/19/climate-change-economic-models,2013-12-19,2021-08-25,1,https://i.guim.co.uk/img/static/sys-images/Guardian/Pix/pictures/2010/10/28/1288287682993/Hector-the-supercomputer-006.jpg?width=465&dpr=1&s=none&crop=none,../Scripts/output/guardian/guardian_images/guardian_2013-12-19_guardian_8bd69b023f_img01.jpg,"Climate modeling is done on some of the world's fastest supercomputers, like the UK's HECToR. Photograph: Murdo Macleod",,1,graph,2,photo|photograph,0,likely_visualization
guardian_9225efdaeb,The Guardian,2013,"""climate change""",You won't believe which environment group the Australian government has de-funded now,https://www.theguardian.com/environment/southern-crossroads/2013/dec/19/environmental-defenders-office-defunded-potoroo,2013-12-19,2021-08-25,1,https://i.guim.co.uk/img/static/sys-images/Guardian/Pix/pictures/2013/9/30/1380526072942/George-Brandis-010.jpg?width=465&dpr=1&s=none&crop=none,../Scripts/output/guardian/guardian_images/guardian_2013-12-19_guardian_9225efdaeb_img01.jpg,Australian Attorney General George Brandis and Prime Minister Tony Abbott have cut federal funding a small group of non-profit environmental lawyers. Photograph: Alan Porritt/AAP,,1,graph,2,photo|photograph,0,likely_visualization
guardian_991495400f,The Guardian,2013,"""climate change""",Guardian Weekly year in review 2013: Obama's bubble continues to deflate,https://www.theguardian.com/theguardian/2013/dec/19/guardian-weekly-year-review-2013-us-obama,2013-12-19,2020-02-26,1,https://i.guim.co.uk/img/static/sys-images/Guardian/Pix/pictures/2013/12/10/1386678889001/Obama-State-of-the-Union--008.jpg?width=465&dpr=1&s=none&crop=none,../Scripts/output/guardian/guardian_images/guardian_2013-12-19_guardian_991495400f_img01.jpg,Barack Obama could not deliver the robust agenda laid out in February's state of the union address. Photograph: Rex Features,,1,graph,2,photo|photograph,0,likely_visualization
guardian_cc06b0ad3e,The Guardian,2013,"""climate change""",Nick Clegg may drop party opposition to airport expansion after Davies report,https://www.theguardian.com/politics/2013/dec/19/nick-clegg-drop-opposition-airport-expansion-davies-gatwick-boris,2013-12-19,2017-06-06,1,https://i.guim.co.uk/img/static/sys-images/Guardian/Pix/pictures/2013/12/19/1387452188302/Nick-Clegg-on-LBC-radio-008.jpg?width=465&dpr=1&s=none&crop=none,../Scripts/output/guardian/guardian_images/guardian_2013-12-19_guardian_cc06b0ad3e_img01.jpg,Nick Clegg praises the Airports Commission in his final appearance of the year on LBC radio. Photograph: John Stillwell/PA,,1,graph,2,photo|photograph,0,likely_visualization
guardian_cc687a9c8b,The Guardian,2013,"""climate change""",2013 climate year in review: 'the heat is on. Now we must act',https://www.theguardian.com/environment/2013/dec/19/2013-climate-change-review-global-warming,2013-12-19,2021-08-25,1,https://i.guim.co.uk/img/static/sys-images/Environment/Pix/columnists/2011/11/8/1320778718819/Pollution-due-to-carbon-e-006.jpg?width=465&dpr=1&s=none&crop=none,../Scripts/output/guardian/guardian_images/guardian_2013-12-19_guardian_cc687a9c8b_img01.jpg,"Smoke billowing out of a coal burning power plant in Kentucky, US. Photograph: Rex Features",,1,graph,2,photo|photograph,0,likely_visualization
guardian_cc687a9c8b,The Guardian,2013,"""climate change""",2013 climate year in review: 'the heat is on. Now we must act',https://www.theguardian.com/environment/2013/dec/19/2013-climate-change-review-global-warming,2013-12-19,2021-08-25,4,https://i.guim.co.uk/img/static/sys-images/Guardian/Pix/pictures/2013/11/19/1384880388051/19029da7-17f5-4eae-a3f3-bcb3eee7ae09-460x276.jpeg?width=445&dpr=1&s=none&crop=none,../Scripts/output/guardian/guardian_images/guardian_2013-12-19_guardian_cc687a9c8b_img04.jpeg,"The annual meeting of the UN's climate body, the UNFCCC, took place in November in coal-friendly Poland. Photograph: Jenny Bates",,1,graph,2,photo|photograph,0,likely_visualization
guardian_cdf72b3e40,The Guardian,2013,"""climate change""",Water reuse technologies mean drinking toilet water could be a reality,https://www.theguardian.com/sustainable-business/water-reuse-technologies-drinking-toilet-water,2013-12-19,2013-12-19,1,https://i.guim.co.uk/img/static/sys-images/Guardian/Pix/pictures/2013/12/19/1387454045828/Two-underpants-on-a-cloth-014.jpg?width=465&dpr=1&s=none&crop=none,../Scripts/output/guardian/guardian_images/guardian_2013-12-19_guardian_cdf72b3e40_img01.jpg,"The solution to water scarcity is staring us in the face every time we do laundry, wash dishes or go to the bathroom, says Albert Cho Photograph: T. Hoenig/A.B./Corbis",,1,graph,2,photo|photograph,0,likely_visualization
guardian_1339867be6,The Guardian,2013,"""climate change""",British social impact investing has left the US playing catch-up,https://www.theguardian.com/business/2013/dec/20/uk-social-investing-us-impact-bond,2013-12-20,2017-07-14,1,https://i.guim.co.uk/img/static/sys-images/Guardian/Pix/pictures/2013/12/19/1387413481769/07d6b1bb-dbe7-4709-8b91-df2c076894b0-460x276.jpeg?width=465&dpr=1&s=none&crop=none,../Scripts/output/guardian/guardian_images/guardian_2013-12-20_guardian_1339867be6_img01.jpeg,A social impact bond has helped reduce recidivism at Peterborough Prison by 6%. Photograph: Chris Radburn/PA Photograph: Chris Radburn/PA,,1,graph,2,photo|photograph,0,likely_visualization
guardian_182d262670,The Guardian,2013,"""climate change""",Amazon condom factory: a sustainable way to profit from Brazil's forests,https://www.theguardian.com/global-development-professionals-network/2013/dec/20/amazon-condom-factory-chico-mendes,2013-12-20,2022-10-19,1,https://i.guim.co.uk/img/static/sys-images/Guardian/Pix/pictures/2013/12/20/1387557433307/deforestation-in-brazil-008.jpg?width=465&dpr=1&s=none&crop=none,../Scripts/output/guardian/guardian_images/guardian_2013-12-20_guardian_182d262670_img01.jpg,"After four years of consecutive reductions, deforestation rates in the Brazilian Amazon edged up again this year. Photograph: CIFOR",,1,graph,2,photo|photograph,0,likely_visualization
guardian_2e50a40e63,The Guardian,2013,"""climate change""",2013 in review: Obama talks climate change – but pushes fracking,https://www.theguardian.com/environment/2013/dec/20/2013-climate-change-review-obama-fracking,2013-12-20,2021-08-25,3,https://i.guim.co.uk/img/static/sys-images/Environment/Pix/columnists/2013/12/20/1387543578608/Wildfire-near-Yarnell-Ari-006.jpg?width=445&dpr=1&s=none&crop=none,../Scripts/output/guardian/guardian_images/guardian_2013-12-20_guardian_2e50a40e63_img03.jpg,"Members of the Granite Mountain Hotshots watch a growing wildfire that later swept over and killed the crew of 19 firefighters near Yarnell, Arizona. Photograph: Andrew Ashcraft/AP",,1,graph,2,photo|photograph,0,likely_visualization
guardian_2e50a40e63,The Guardian,2013,"""climate change""",2013 in review: Obama talks climate change – but pushes fracking,https://www.theguardian.com/environment/2013/dec/20/2013-climate-change-review-obama-fracking,2013-12-20,2021-08-25,4,https://i.guim.co.uk/img/static/sys-images/Environment/Pix/columnists/2013/12/20/1387544173641/A-worker-helps-monitor-wa-008.jpg?width=445&dpr=1&s=none&crop=none,../Scripts/output/guardian/guardian_images/guardian_2013-12-20_guardian_2e50a40e63_img04.jpg,A worker monitors water pressure at a fracking site in Colorado. Photograph: Brennan Linsley/AP,,1,graph,2,photo|photograph,0,likely_visualization
guardian_2e50a40e63,The Guardian,2013,"""climate change""",2013 in review: Obama talks climate change – but pushes fracking,https://www.theguardian.com/environment/2013/dec/20/2013-climate-change-review-obama-fracking,2013-12-20,2021-08-25,5,https://i.guim.co.uk/img/static/sys-images/Environment/Pix/columnists/2013/12/20/1387545313825/Gray-wolf-in-the-wild-006.jpg?width=445&dpr=1&s=none&crop=none,../Scripts/output/guardian/guardian_images/guardian_2013-12-20_guardian_2e50a40e63_img05.jpg,Grey wolves may lose their protected status after sustained lobbying from ranchers. Photograph: National Park Service/AP,,1,graph,2,photo|photograph,0,likely_visualization
guardian_478b56c66e,The Guardian,2013,"""climate change""",Latest Snowden revelations spark anger at European commission,https://www.theguardian.com/world/2013/dec/20/snowden-revelations-almunia-anger-european-commission,2013-12-20,2017-11-30,1,https://i.guim.co.uk/img/static/sys-images/Guardian/Pix/pictures/2013/12/20/1387570390044/Joaquin-Almunia-008.jpg?width=465&dpr=1&s=none&crop=none,../Scripts/output/guardian/guardian_images/guardian_2013-12-20_guardian_478b56c66e_img01.jpg,Joaquín Almunia is a vice-president with responsibility for competition policy. Photograph: Yves Logghe/AP,,1,graph,2,photo|photograph,0,likely_visualization
guardian_643b9f8c0f,The Guardian,2013,"""climate change""","Tax meat to cut methane emissions, say scientists",https://www.theguardian.com/environment/2013/dec/20/tax-meat-cut-methane-emissions-scientists,2013-12-20,2021-08-25,1,https://i.guim.co.uk/img/static/sys-images/Guardian/Pix/pictures/2013/12/20/1387526437519/Cows-008.jpg?width=465&dpr=1&s=none&crop=none,../Scripts/output/guardian/guardian_images/guardian_2013-12-20_guardian_643b9f8c0f_img01.jpg,Cows at a farm. Photograph: David Sillitoe for the Guardian,,1,graph,2,photo|photograph,0,likely_visualization
guardian_f94bcf6b69,The Guardian,2013,"""climate change""",Conservative groups spend up to $1bn a year to fight action on climate change,https://www.theguardian.com/environment/2013/dec/20/conservative-groups-1bn-against-climate-change,2013-12-20,2021-08-25,1,https://i.guim.co.uk/img/static/sys-images/Guardian/Pix/pictures/2013/12/20/1387569074053/b8c88fc3-5dc1-44ed-b5e0-42b88477b669-2060x1236.jpeg?width=465&dpr=1&s=none&crop=none,../Scripts/output/guardian/guardian_images/guardian_2013-12-20_guardian_f94bcf6b69_img01.jpeg,A coal fired plant. Photograph: John Giles/PA Photograph: John Giles/PA,,1,graph,2,photo|photograph,0,likely_visualization
guardian_6dd6f5aeed,The Guardian,2013,"""climate change""",Fifty new nuclear plants could be goal in official energy plans,https://www.theguardian.com/environment/2013/dec/21/nuclear-plants-energy-plans,2013-12-21,2018-02-14,1,https://i.guim.co.uk/img/static/sys-images/Guardian/Pix/pictures/2013/12/21/1387656644133/Hinkley-Point-nuclear-pow-008.jpg?width=465&dpr=1&s=none&crop=none,../Scripts/output/guardian/guardian_images/guardian_2013-12-21_guardian_6dd6f5aeed_img01.jpg,Hinkley Point C in Somerset aims to provide 7% of the country’s electricity. Photograph: SWNS.com,,1,graph,2,photo|photograph,0,likely_visualization
guardian_8ea984846d,The Guardian,2013,"""climate change""",My first year in the House of Lords,https://www.theguardian.com/politics/2013/dec/22/my-first-year-house-of-lords-jenny-jones,2013-12-22,2017-11-25,1,https://i.guim.co.uk/img/static/sys-images/Guardian/Pix/pictures/2013/12/20/1387549525012/Jenny-Jones-outside-the-H-009.jpg?width=465&dpr=1&s=none&crop=none,../Scripts/output/guardian/guardian_images/guardian_2013-12-22_guardian_8ea984846d_img01.jpg,‘Every time I am called m’lady I feel a mild stab’ … Jenny Jones outside the House of Lords. Photograph by David Levene for the Guardian,,1,graph,2,photo|photograph,0,likely_visualization
guardian_99e9df7ded,The Guardian,2013,"""climate change""",The Observer science quiz 2013: part 2,https://www.theguardian.com/science/2013/dec/22/observer-science-quiz-2013-part-2,2013-12-22,2018-03-22,1,https://i.guim.co.uk/img/static/sys-images/Guardian/Pix/pictures/2013/10/30/1383143648598/india-mars-rocket-001.jpg?width=465&dpr=1&s=none&crop=none,../Scripts/output/guardian/guardian_images/guardian_2013-12-22_guardian_99e9df7ded_img01.jpg,India launched a Mars mission. But what was the rocket called? Photograph: Arun Sankar K/AP,,1,graph,2,photo|photograph,0,likely_visualization
guardian_a13fe1a91f,The Guardian,2013,"""climate change""",Heathrow climate report scuppers Tory plans to delay expansion debate,https://www.theguardian.com/environment/2013/dec/22/heathrow-airport-runway-expansion-report,2013-12-22,2021-08-25,1,https://i.guim.co.uk/img/static/sys-images/Guardian/Pix/pictures/2013/12/22/1387731639000/heathrow-runway-009.jpg?width=465&dpr=1&s=none&crop=none,../Scripts/output/guardian/guardian_images/guardian_2013-12-22_guardian_a13fe1a91f_img01.jpg,The climate change committee will report on the climate impact of new runways at Heathrow and Gatwick. Photograph: Stewart Capper/the Guardian,,1,graph,2,photo|photograph,0,likely_visualization
guardian_cb20c13479,The Guardian,2013,"""climate change""",What is the most eco-friendly carpet?,https://www.theguardian.com/environment/2013/dec/22/most-eco-friendly-carpet-emissions,2013-12-22,2020-09-23,1,https://i.guim.co.uk/img/static/sys-images/Observer/Pix/pictures/2013/12/16/1387195276337/Legs-of-woman-with-green--008.jpg?width=465&dpr=1&s=none&crop=none,../Scripts/output/guardian/guardian_images/guardian_2013-12-22_guardian_cb20c13479_img01.jpg,"Lucy Siegle: 'We like a fitted carpet in the UK, at least compared to our European neighbours.' Photograph: Alamy",,1,graph,2,photo|photograph,0,likely_visualization
guardian_353f30084e,The Guardian,2013,"""climate change""",The Philippines is devastated as much by unfair debt as typhoon Haiyan,https://www.theguardian.com/global-development/poverty-matters/2013/dec/23/philippines-devastated-unfair-debt-typhoon-haiyan,2013-12-23,2022-10-19,1,https://i.guim.co.uk/img/static/sys-images/Environment/Pix/columnists/2013/12/20/1387537086829/MDG-Philippines-after-Typ-008.jpg?width=465&dpr=1&s=none&crop=none,../Scripts/output/guardian/guardian_images/guardian_2013-12-23_guardian_353f30084e_img01.jpg,"The municipality of Basey as Christmas approaches. Devastated by typhoon Haiyan, the Philippines also has huge foreign debts. Photograph: Ezra Acayan/Barcroft Media",,1,graph,2,photo|photograph,0,likely_visualization
guardian_9c7741ee96,The Guardian,2013,"""climate change""",Can sheep restore Patagonia's grasslands?,https://www.theguardian.com/sustainable-business/patagonia-sheep-grass-ranch-savory,2013-12-23,2013-12-23,1,https://i.guim.co.uk/img/static/sys-images/Travel/Pix/pictures/2008/09/15/Alamy4.jpg?width=465&dpr=1&s=none&crop=none,../Scripts/output/guardian/guardian_images/guardian_2013-12-23_guardian_9c7741ee96_img01.jpg,"Gauchos herding sheep near Lake Argentino, in Patagonia. Photograph: Alamy",,1,graph,2,photo|photograph,0,likely_visualization
guardian_4020ab8c31,The Guardian,2013,"""climate change""",Energy dominated headlines in 2013 but climate change was almost invisible,https://www.theguardian.com/sustainable-business/energy-prices-climate-change-invisible-2013,2013-12-24,2013-12-24,1,https://i.guim.co.uk/img/static/sys-images/Guardian/Pix/pictures/2013/12/16/1387208337996/A-chorus-of-boys-008.jpg?width=465&dpr=1&s=none&crop=none,../Scripts/output/guardian/guardian_images/guardian_2013-12-24_guardian_4020ab8c31_img01.jpg,"We need a unified chorus of stakeholders reinforcing the climate change message, writes Adam Corner Photograph: Alamy",,1,graph,2,photo|photograph,0,likely_visualization
guardian_ac0ccdd31e,The Guardian,2013,"""climate change""",Aid on the edge of chaos - review,https://www.theguardian.com/global-development-professionals-network/2013/dec/24/book-review-aid-edge-of-chaos,2013-12-24,2022-10-19,1,https://i.guim.co.uk/img/static/sys-images/Guardian/Pix/pictures/2013/12/23/1387800113998/Conveyor-belt-006.jpg?width=465&dpr=1&s=none&crop=none,../Scripts/output/guardian/guardian_images/guardian_2013-12-24_guardian_ac0ccdd31e_img01.jpg,Is the application of complexity theory the best way to move away from churning out 'ready made' solutions in development? Photograph: Graeme Robertson,,1,graph,2,photo|photograph,0,likely_visualization
guardian_05e3be1079,The Guardian,2013,"""climate change""",Sustainable living: what were the top 5 stories of 2013?,https://www.theguardian.com/sustainable-business/sustainable-living-top-5-stories-2013,2013-12-25,2013-12-27,1,https://i.guim.co.uk/img/static/sys-images/Guardian/Pix/pictures/2012/12/17/1355749100697/Family-opening-Christmas--010.jpg?width=465&dpr=1&s=none&crop=none,../Scripts/output/guardian/guardian_images/guardian_2013-12-25_guardian_05e3be1079_img01.jpg,Understanding the complexity of human behaviour featured strongly as a theme on the sustainable living hub in 2013. Photograph: Ron Chapple/Alamy,,1,graph,2,photo|photograph,0,likely_visualization
guardian_05e3be1079,The Guardian,2013,"""climate change""",Sustainable living: what were the top 5 stories of 2013?,https://www.theguardian.com/sustainable-business/sustainable-living-top-5-stories-2013,2013-12-25,2013-12-27,4,https://i.guim.co.uk/img/static/sys-images/Guardian/Pix/pictures/2011/11/1/1320157779465/Man-Stargazing-in-Desert-003.jpg?width=445&dpr=1&s=none&crop=none,../Scripts/output/guardian/guardian_images/guardian_2013-12-25_guardian_05e3be1079_img04.jpg,What will the future of local government look like? Photograph: Bryan Allen/ Bryan Allen/Corbis,,1,graph,2,photo|photograph,0,likely_visualization
guardian_05e3be1079,The Guardian,2013,"""climate change""",Sustainable living: what were the top 5 stories of 2013?,https://www.theguardian.com/sustainable-business/sustainable-living-top-5-stories-2013,2013-12-25,2013-12-27,6,https://i.guim.co.uk/img/static/sys-images/Guardian/Pix/pictures/2013/5/24/1369402619695/Gallery-20-003.jpg?width=445&dpr=1&s=none&crop=none,../Scripts/output/guardian/guardian_images/guardian_2013-12-25_guardian_05e3be1079_img06.jpg,- Photograph: Joseph Zammit-Lucia,,1,graph,2,photo|photograph,0,likely_visualization
guardian_146a0b64c1,The Guardian,2013,"""climate change""",Happy new year - but what exactly will make the news in 2014?,https://www.theguardian.com/world/2013/dec/27/happy-new-year-what-make-news-2014,2013-12-27,2017-11-30,3,https://i.guim.co.uk/img/static/sys-images/Guardian/Pix/pictures/2013/1/17/1358435099334/A-European-Union-flag-fli-010.jpg?width=445&dpr=1&s=none&crop=none,../Scripts/output/guardian/guardian_images/guardian_2013-12-27_guardian_146a0b64c1_img03.jpg,May's elections could be the most momentous yet for the European parliament. Photograph: Martin Argles for the Guardian,,1,graph,2,photo|photograph,0,likely_visualization
guardian_146a0b64c1,The Guardian,2013,"""climate change""",Happy new year - but what exactly will make the news in 2014?,https://www.theguardian.com/world/2013/dec/27/happy-new-year-what-make-news-2014,2013-12-27,2017-11-30,4,https://i.guim.co.uk/img/static/sys-images/Guardian/Pix/pictures/2013/11/6/1383740358502/Royal-Marine-Afghanistan-011.jpg?width=445&dpr=1&s=none&crop=none,../Scripts/output/guardian/guardian_images/guardian_2013-12-27_guardian_146a0b64c1_img04.jpg,The last western troops will leave Afghanistan in 2014. Photograph: Sean Clee,,1,graph,2,photo|photograph,0,likely_visualization
guardian_146a0b64c1,The Guardian,2013,"""climate change""",Happy new year - but what exactly will make the news in 2014?,https://www.theguardian.com/world/2013/dec/27/happy-new-year-what-make-news-2014,2013-12-27,2017-11-30,5,https://i.guim.co.uk/img/static/sys-images/Guardian/About/General/2012/10/17/1350472347990/Narendra-Modi-mask-010.jpg?width=445&dpr=1&s=none&crop=none,../Scripts/output/guardian/guardian_images/guardian_2013-12-27_guardian_146a0b64c1_img05.jpg,"Narendra Modi, leader of the Hindu opposition, will take on the ruling Congress party in general elections. Photograph: Ajit Solanki/AP",,1,graph,2,photo|photograph,0,likely_visualization
guardian_146a0b64c1,The Guardian,2013,"""climate change""",Happy new year - but what exactly will make the news in 2014?,https://www.theguardian.com/world/2013/dec/27/happy-new-year-what-make-news-2014,2013-12-27,2017-11-30,9,https://i.guim.co.uk/img/static/sys-images/Guardian/About/General/2012/9/15/1347714020762/Xi-Jinping-China-Beijing-010.jpg?width=445&dpr=1&s=none&crop=none,../Scripts/output/guardian/guardian_images/guardian_2013-12-27_guardian_146a0b64c1_img09.jpg,Xi Jinping is hoping to bring 'national rejuvenation' to China. Photograph: Lan Hongguang/Xinhua Press/Corbis,,1,graph,2,photo|photograph,0,likely_visualization
guardian_3c058e2d57,The Guardian,2013,"""climate change""",East Anglian rood screens decaying as churches struggle for funds,https://www.theguardian.com/culture/2013/dec/27/east-anglian-rood-screens-decay,2013-12-27,2017-11-30,1,https://i.guim.co.uk/img/static/sys-images/Guardian/Pix/pictures/2013/12/27/1388165039726/Painted-rood-screen-panel-011.jpg?width=465&dpr=1&s=none&crop=none,../Scripts/output/guardian/guardian_images/guardian_2013-12-27_guardian_3c058e2d57_img01.jpg,"Painted rood screen panels at Barton Turf, Norfolk. Photograph: Holmes Garden Photos/Alamy",,1,graph,2,photo|photograph,0,likely_visualization
guardian_9be642396a,The Guardian,2013,"""climate change""",Reports of damp soar in social housing as residents avoid turning on heating,https://www.theguardian.com/society/2013/dec/27/damp-social-housing-residents-heating-energy-bills,2013-12-27,2017-11-30,1,https://i.guim.co.uk/img/static/sys-images/Guardian/Pix/pictures/2013/12/27/1388162102319/Radiator-011.jpg?width=465&dpr=1&s=none&crop=none,../Scripts/output/guardian/guardian_images/guardian_2013-12-27_guardian_9be642396a_img01.jpg,Some tenants have reportedly asked for their gas to be cut off so they do not use heating they cannot afford. Photograph: Graham Turner for the Guardian,,1,graph,2,photo|photograph,0,likely_visualization
guardian_99b59c7a68,The Guardian,2013,"""climate change""",Readers' books of the year 2013: part 2,https://www.theguardian.com/books/2013/dec/28/readers-books-of-2013-part-2,2013-12-28,2018-02-22,1,https://i.guim.co.uk/img/static/sys-images/Guardian/Pix/pictures/2013/12/17/1387295498045/Iain-Banks-009.jpg?width=465&dpr=1&s=none&crop=none,../Scripts/output/guardian/guardian_images/guardian_2013-12-28_guardian_99b59c7a68_img01.jpg,Two fingers to cancer and a cracking read … Iain Banks's The Quarry is on several readers' best of the year lists. Photograph: Murdo Macleod for the Guardian,,1,graph,2,photo|photograph,0,likely_visualization
guardian_99b59c7a68,The Guardian,2013,"""climate change""",Readers' books of the year 2013: part 2,https://www.theguardian.com/books/2013/dec/28/readers-books-of-2013-part-2,2013-12-28,2018-02-22,5,https://i.guim.co.uk/img/static/sys-images/Guardian/Pix/pictures/2013/12/17/1387296249927/A-L-Kennedy-008.jpg?width=445&dpr=1&s=none&crop=none,../Scripts/output/guardian/guardian_images/guardian_2013-12-28_guardian_99b59c7a68_img05.jpg,AL Kennedy's On Writing was called 'mandatory reading' by one reader. Photograph: Murdo Macleod for the Guardian,,1,graph,2,photo|photograph,0,likely_visualization
guardian_4747bb7728,The Guardian,2013,"""climate change""",Scientists tell us their favourite jokes: 'An electron and a positron walked into a bar…',https://www.theguardian.com/science/2013/dec/29/scientists-favourite-jokes,2013-12-29,2018-03-22,2,https://i.guim.co.uk/img/static/sys-images/Guardian/About/General/2013/12/19/1387479539174/Blowfly-009.jpg?width=445&dpr=1&s=none&crop=none,../Scripts/output/guardian/guardian_images/guardian_2013-12-29_guardian_4747bb7728_img02.jpg,A blowfly: not to be laughed at. Photograph: Alamy,,1,graph,2,photo|photograph,0,likely_visualization
guardian_4747bb7728,The Guardian,2013,"""climate change""",Scientists tell us their favourite jokes: 'An electron and a positron walked into a bar…',https://www.theguardian.com/science/2013/dec/29/scientists-favourite-jokes,2013-12-29,2018-03-22,4,https://i.guim.co.uk/img/static/sys-images/Guardian/Pix/pictures/2010/10/1/1285954787793/Student-in-a-chemistry-la-006.jpg?width=445&dpr=1&s=none&crop=none,../Scripts/output/guardian/guardian_images/guardian_2013-12-29_guardian_4747bb7728_img04.jpg,Chemistry seems to have produced some laughs at Imperial College London. Photograph: Linda Nylind for the Guardian,,1,graph,2,photo|photograph,0,likely_visualization
guardian_61cef9c2a3,The Guardian,2013,"""climate change""",The eight champions of climate change in the US in 2013,https://www.theguardian.com/sustainable-business/blog/eight-climate-change-champions-us-2013,2013-12-30,2021-08-27,1,https://i.guim.co.uk/img/static/sys-images/Guardian/Pix/pictures/2013/12/30/1388403551061/Record-Drought-in-United--009.jpg?width=465&dpr=1&s=none&crop=none,../Scripts/output/guardian/guardian_images/guardian_2013-12-30_guardian_61cef9c2a3_img01.jpg,The climate change debate geared up in the US in 2013. Anne Kelly picks out some of those who stand out for standing up on the issue. Photograph: Jim Reed/ Jim Reed/Corbis,,1,graph,2,photo|photograph,0,likely_visualization
guardian_8f009c8454,The Guardian,2013,"""climate change""",Ovo founder emerges as a 2013 winner after tackling big six energy firms,https://www.theguardian.com/business/2013/dec/30/energy-firm-ovo-wins-customers-disparaging-bill-rises,2013-12-30,2017-11-30,1,https://i.guim.co.uk/img/static/sys-images/Guardian/About/General/2013/12/30/1388420088879/Stephen-Fitzpatrick-at-OV-008.jpg?width=465&dpr=1&s=none&crop=none,../Scripts/output/guardian/guardian_images/guardian_2013-12-30_guardian_8f009c8454_img01.jpg,Stephen Fitzpatrick at OVO's Bristol office. Photograph: SWNS.com/David Hedges,,1,graph,2,photo|photograph,0,likely_visualization
guardian_e0fafcbae0,The Guardian,2013,"""climate change""",Number of households getting help with insulation plummets,https://www.theguardian.com/environment/2013/dec/30/number-households-insulation-lofts-plummets-green-deal,2013-12-30,2021-08-25,1,https://i.guim.co.uk/img/static/sys-images/Guardian/About/General/2013/12/30/1388432754947/Caroline-Flint-Labour-s-s-009.jpg?width=465&dpr=1&s=none&crop=none,../Scripts/output/guardian/guardian_images/guardian_2013-12-30_guardian_e0fafcbae0_img01.jpg,"Caroline Flint, Labour’s shadow energy secretary, said: 'The best way to cut people’s energy bills is to save the energy that escapes through our windows, walls and rooftops.' Photograph: Dominic Lipinski/PA",,1,graph,2,photo|photograph,0,likely_visualization
guardian_fe32dede8e,The Guardian,2013,"""climate change""",Finance: the top five stories of 2013,https://www.theguardian.com/sustainable-business/top-five-sustainable-finance-stories-2013,2013-12-30,2013-12-30,1,https://i.guim.co.uk/img/static/sys-images/Guardian/Pix/pictures/2013/12/17/1387293258121/Young-man-next-to-piggy-b-009.jpg?width=465&dpr=1&s=none&crop=none,../Scripts/output/guardian/guardian_images/guardian_2013-12-30_guardian_fe32dede8e_img01.jpg,Are things looking up for sustainable finance? Photograph: Hill Street Studios/Blend Images/Corbis,,1,graph,2,photo|photograph,0,likely_visualization
guardian_fe32dede8e,The Guardian,2013,"""climate change""",Finance: the top five stories of 2013,https://www.theguardian.com/sustainable-business/top-five-sustainable-finance-stories-2013,2013-12-30,2013-12-30,3,https://i.guim.co.uk/img/static/sys-images/Environment/Pix/columnists/2009/11/18/1258563619888/-Douglas-Fir-Trees-forest-005.jpg?width=445&dpr=1&s=none&crop=none,../Scripts/output/guardian/guardian_images/guardian_2013-12-30_guardian_fe32dede8e_img03.jpg,Douglas Fir Trees forest in New Zealand. Photograph: Rex Features,,1,graph,2,photo|photograph,0,likely_visualization
guardian_fe32dede8e,The Guardian,2013,"""climate change""",Finance: the top five stories of 2013,https://www.theguardian.com/sustainable-business/top-five-sustainable-finance-stories-2013,2013-12-30,2013-12-30,6,https://i.guim.co.uk/img/static/sys-images/Guardian/Pix/pictures/2013/11/6/1383728784121/Rachel-Kyte-004.jpg?width=445&dpr=1&s=none&crop=none,../Scripts/output/guardian/guardian_images/guardian_2013-12-30_guardian_fe32dede8e_img06.jpg,"Rachel Kyte, incoming head of climate change, says that the risks posed by climate change means the bank must reconsider its macroeconomic and fiscal policy. Photograph: The World Bank",,1,graph,2,photo|photograph,0,likely_visualization
guardian_10a8fe3dc2,The Guardian,2013,"""climate change""",Antarctic rescue: helicopter to evacuate passengers from trapped ship,https://www.theguardian.com/world/2013/dec/31/antarctic-rescue-helicopter-to-evacuate-passengers-from-trapped-ship,2013-12-31,2017-02-22,1,https://i.guim.co.uk/img/static/sys-images/Guardian/Pix/pictures/2013/12/31/1388471100957/Scientists-and-passengers-010.jpg?width=465&dpr=1&s=none&crop=none,../Scripts/output/guardian/guardian_images/guardian_2013-12-31_guardian_10a8fe3dc2_img01.jpg,Scientists and passengers from the Akademik Shokalskiy stomp flat an area of ice next to their ship in readiness for a helicopter evacuation after the Aurora Australis icebreaker failed to break through. Photograph: Laurence Topham/Guardian Photograph: Laurence Topham/Guardian,,1,graph,2,photo|photograph,0,likely_visualization
guardian_10a8fe3dc2,The Guardian,2013,"""climate change""",Antarctic rescue: helicopter to evacuate passengers from trapped ship,https://www.theguardian.com/world/2013/dec/31/antarctic-rescue-helicopter-to-evacuate-passengers-from-trapped-ship,2013-12-31,2017-02-22,2,https://i.guim.co.uk/img/static/sys-images/Guardian/Pix/pictures/2013/12/31/1388471910080/The-Chinese-helicopter-th-010.jpg?width=445&dpr=1&s=none&crop=none,../Scripts/output/guardian/guardian_images/guardian_2013-12-31_guardian_10a8fe3dc2_img02.jpg,The Chinese helicopter that will airlift crew and passengers from the Akademik Shokalskiy. Photograph: Laurence Topham/Guardian Photograph: Laurence Topham/Guardian,,1,graph,2,photo|photograph,0,likely_visualization
guardian_1ce2dc07b0,The Guardian,2013,"""climate change""",Sustainable business 2013: countdown of our top stories from 20-11,https://www.theguardian.com/sustainable-business/blog/sustainable-business-2013-top-20-stories,2013-12-31,2013-12-31,1,https://i.guim.co.uk/img/static/sys-images/Guardian/Pix/pictures/2013/9/28/1380370746407/A-fork-in-the-road-010.jpg?width=465&dpr=1&s=none&crop=none,../Scripts/output/guardian/guardian_images/guardian_2013-12-31_guardian_1ce2dc07b0_img01.jpg,The first half of our top 20 stories of 2013 is dominated by calls for new narratives and fresh thinking on sustainability. Photograph: Tony Stone,,1,graph,2,photo|photograph,0,likely_visualization
guardian_1ce2dc07b0,The Guardian,2013,"""climate change""",Sustainable business 2013: countdown of our top stories from 20-11,https://www.theguardian.com/sustainable-business/blog/sustainable-business-2013-top-20-stories,2013-12-31,2013-12-31,2,https://i.guim.co.uk/img/static/sys-images/Guardian/Pix/pictures/2013/11/22/1385141583899/An-evening-sunset--004.jpg?width=445&dpr=1&s=none&crop=none,../Scripts/output/guardian/guardian_images/guardian_2013-12-31_guardian_1ce2dc07b0_img02.jpg,"We need to look further into the horizon and deveop a new narrative for sustainabilty, argues Jo Confino Photograph: Alamy",,1,graph,2,photo|photograph,0,likely_visualization
guardian_1ce2dc07b0,The Guardian,2013,"""climate change""",Sustainable business 2013: countdown of our top stories from 20-11,https://www.theguardian.com/sustainable-business/blog/sustainable-business-2013-top-20-stories,2013-12-31,2013-12-31,3,https://i.guim.co.uk/img/static/sys-images/Guardian/Pix/pictures/2013/12/12/1386862445796/Plastic-bags-lit-004.jpg?width=445&dpr=1&s=none&crop=none,../Scripts/output/guardian/guardian_images/guardian_2013-12-31_guardian_1ce2dc07b0_img03.jpg,"Re-using plastic bags is an iconic ""sustainable behaviour"" but these incremental steps may not be a proprtionate response to climate change. Photograph: Christopher Thomond",,1,graph,2,photo|photograph,0,likely_visualization
guardian_1ce2dc07b0,The Guardian,2013,"""climate change""",Sustainable business 2013: countdown of our top stories from 20-11,https://www.theguardian.com/sustainable-business/blog/sustainable-business-2013-top-20-stories,2013-12-31,2013-12-31,5,https://i.guim.co.uk/img/static/sys-images/Guardian/Pix/pictures/2013/2/26/1361872426226/Oxfams-behind-the-brands--003.jpg?width=445&dpr=1&s=none&crop=none,../Scripts/output/guardian/guardian_images/guardian_2013-12-31_guardian_1ce2dc07b0_img05.jpg,"Oxfam's Behind the Brands scorecard focuses on the top ten food and beverage companies and investigates their polices, supplier codes and public commitments. Photograph: Oxfam",,1,graph,2,photo|photograph,0,likely_visualization
guardian_1ce2dc07b0,The Guardian,2013,"""climate change""",Sustainable business 2013: countdown of our top stories from 20-11,https://www.theguardian.com/sustainable-business/blog/sustainable-business-2013-top-20-stories,2013-12-31,2013-12-31,10,https://i.guim.co.uk/img/static/sys-images/Guardian/About/General/2013/10/13/1381683674290/Richard-Branson-006.jpg?width=445&dpr=1&s=none&crop=none,../Scripts/output/guardian/guardian_images/guardian_2013-12-31_guardian_1ce2dc07b0_img10.jpg,"Sir Richard Branson says he planned to spend his remaining years Necker, British Virgin Islands for the sake of his health rather than to protect his bank balance. Photograph: Todd Vansickle/AP",,1,graph,2,photo|photograph,0,likely_visualization
guardian_899faf8e7e,The Guardian,2013,"""climate change""","Climate change models underestimate likely temperature rise, report shows",https://www.theguardian.com/science/2014/jan/01/climate-change-models-underestimate-likely-temperature-rise-report-shows,2013-12-31,2016-10-27,1,https://i.guim.co.uk/img/static/sys-images/Guardian/Pix/pictures/2013/12/31/1388461823547/5015b387-5c09-4836-a700-b48f08f2ee03-2060x1236.jpeg?width=465&dpr=1&s=none&crop=none,../Scripts/output/guardian/guardian_images/guardian_2013-12-31_guardian_899faf8e7e_img01.jpeg,Understanding cloud formation is key to predicting climate change. Photograph: CBW/Alamy Photograph: CBW / Alamy/Alamy,,1,graph,2,photo|photograph,0,likely_visualization
guardian_adbede9fc6,The Guardian,2013,"""climate change""","Planet likely to warm by 4C by 2100, scientists warn",https://www.theguardian.com/environment/2013/dec/31/planet-will-warm-4c-2100-climate,2013-12-31,2022-10-19,1,https://i.guim.co.uk/img/static/sys-images/Guardian/About/General/2013/12/31/1388496173997/Clouds-011.jpg?width=465&dpr=1&s=none&crop=none,../Scripts/output/guardian/guardian_images/guardian_2013-12-31_guardian_adbede9fc6_img01.jpg,The role clouds play in climate change has been something of a mystery – until now. Photograph: Frank Rumpenhorst/ Frank Rumpenhorst/dpa/Corbis,,1,graph,2,photo|photograph,0,likely_visualization
guardian_ca0bc859ef,The Guardian,2013,"""climate change""",Tony Abbott’s top business adviser accuses IPCC of 'dishonesty and deceit',https://www.theguardian.com/environment/2013/dec/31/tony-abbotts-top-business-adviser-accuses-ipcc-of-dishonesty-and-deceit,2013-12-31,2021-08-25,1,https://i.guim.co.uk/img/static/sys-images/Guardian/Pix/pictures/2013/11/12/1384215989621/75dbb977-7645-4452-b6f0-ce451e7d4055-460x276.jpeg?width=465&dpr=1&s=none&crop=none,../Scripts/output/guardian/guardian_images/guardian_2013-12-31_guardian_ca0bc859ef_img01.jpeg,"Maurice Newman, chairman of the Abbott government's Business Advisory Council. Photograph: AAP/Julian Smith Photograph: AAP/Julian Smith",,1,graph,2,photo|photograph,0,likely_visualization
guardian_e88100e9c7,The Guardian,2013,"""climate change""",Auld Lang Syne in the Antarctic as stranded adventurers await rescue,https://www.theguardian.com/world/2013/dec/31/antarctica-trapped-passengers-prepare-for-helicopter-rescue,2013-12-31,2021-08-25,1,https://i.guim.co.uk/img/static/sys-images/Guardian/Pix/pictures/2013/12/31/1388479401088/b3f6893d-47ba-4098-83bc-1ca58b0113c7-460x307.jpeg?width=445&dpr=1&s=none&crop=none,../Scripts/output/guardian/guardian_images/guardian_2013-12-31_guardian_e88100e9c7_img01.jpeg,Passengers and scientists stomp an area of ice next to the Akademik Shokalskiy for a makeshift helicopter landing pad in readiness for evacuation from the trapped ship in Antarctica Photograph: Laurence Topham for th,,1,graph,2,photo|photograph,0,likely_visualization
guardian_e88100e9c7,The Guardian,2013,"""climate change""",Auld Lang Syne in the Antarctic as stranded adventurers await rescue,https://www.theguardian.com/world/2013/dec/31/antarctica-trapped-passengers-prepare-for-helicopter-rescue,2013-12-31,2021-08-25,3,https://i.guim.co.uk/img/static/sys-images/Guardian/Pix/pictures/2013/12/31/1388509012171/7f4ad72a-b19c-4909-8688-2ec5184265e3-460x276.jpeg?width=445&dpr=1&s=none&crop=none,../Scripts/output/guardian/guardian_images/guardian_2013-12-31_guardian_e88100e9c7_img03.jpeg,Steve Lambert entertains his fellow passengers with a rendition of Danny Boy. Photograph: Laurence Topham/Guardian,,1,graph,2,photo|photograph,0,likely_visualization
guardian_8e43057087,The Guardian,2013,"""global temperature""","Hottest on record: 2012 was America's warmest ever year, scientists say",https://www.theguardian.com/environment/2013/jan/08/hottest-on-record-2012-america,2013-01-08,2021-08-25,1,https://i.guim.co.uk/img/static/sys-images/Guardian/Pix/audio/video/2013/1/8/1357678081263/Midwest-drought-010.jpg?width=465&dpr=1&s=none&crop=none,../Scripts/output/guardian/guardian_images/guardian_2013-01-08_guardian_8e43057087_img01.jpg,"A dock extends into a dry cove at Morse Reservoir in Noblesville, Indiana. The extreme heat burned through the corn fields of the midwest. Photograph: Michael Conroy/AP",,1,graph,3,photo|photograph|video,0,likely_visualization
guardian_8e43057087,The Guardian,2013,"""global temperature""","Hottest on record: 2012 was America's warmest ever year, scientists say",https://www.theguardian.com/environment/2013/jan/08/hottest-on-record-2012-america,2013-01-08,2021-08-25,2,https://i.guim.co.uk/img/static/sys-images/Guardian/Pix/audio/video/2013/1/8/1357678195969/Record-temperatures-US-001.jpg?width=445&dpr=1&s=none&crop=none,../Scripts/output/guardian/guardian_images/guardian_2013-01-08_guardian_8e43057087_img02.jpg,"Record temperatures, US. Photograph: NOAA/NCDC",,1,graph,3,photo|photograph|video,0,likely_visualization
guardian_d6f881d414,The Guardian,2013,"""sea level rise""","Climate change set to make America hotter, drier and more disaster-prone",https://www.theguardian.com/environment/2013/jan/11/climate-change-america-hotter-drier-disaster,2013-01-11,2021-08-25,2,https://i.guim.co.uk/img/static/sys-images/Guardian/Pix/pictures/2011/7/22/1311357213077/Heatwave-in-New-York-007.jpg?width=445&dpr=1&s=none&crop=none,../Scripts/output/guardian/guardian_images/guardian_2013-01-11_guardian_d6f881d414_img02.jpg,"A heatwave swept across the US in 2011, with temperatures reaching over 110F (43C). Photograph: Timothy A Clary/AFP",,1,graph,3,afp|photo|photograph,0,likely_visualization
guardian_6be896b4e4,The Guardian,2013,"""global temperature""",Boris Johnson says snow casts doubt on climate change science,https://www.theguardian.com/environment/blog/2013/jan/21/boris-johnson-snow-climate-change,2013-01-21,2021-08-25,1,https://i.guim.co.uk/img/static/sys-images/Environment/Pix/columnists/2013/1/21/1358783021850/Londons-Mayor-Boris-Johns-008.jpg?width=465&dpr=1&s=none&crop=none,../Scripts/output/guardian/guardian_images/guardian_2013-01-21_guardian_6be896b4e4_img01.jpg,"Boris Johnson, London's mayor, arrives at an event in east London on December 4, 2012, wearing a woollen hat. Photograph: Andrew Winning/Reuters",,1,graph,3,photo|photograph|reuters,0,likely_visualization
guardian_bcbc95637e,The Guardian,2013,"""global temperature""",Davos 2013: why food and resource security will be on the agenda,https://www.theguardian.com/sustainable-business/food-resource-security-agenda-davos,2013-01-22,2013-01-23,1,https://i.guim.co.uk/img/static/sys-images/Guardian/Pix/pictures/2013/1/21/1358766538104/Pedestrian-walks-across-s-010.jpg?width=465&dpr=1&s=none&crop=none,../Scripts/output/guardian/guardian_images/guardian_2013-01-22_guardian_bcbc95637e_img01.jpg,"Davos: amid the snowy scenes at this year's World Economic Forum, leaders will discuss whether the world is heading towards a climate cliff. Photograph: Reuters/Andy Mettler",,1,graph,3,photo|photograph|reuters,0,likely_visualization
guardian_172ed231fd,The Guardian,2013,"""global temperature""",Leaders join to discuss climate change at Davos 2013,https://www.theguardian.com/sustainable-business/blog/leaders-discuss-climate-change-davos-2013,2013-01-24,2013-01-24,1,https://i.guim.co.uk/img/static/sys-images/Guardian/Pix/pictures/2013/1/22/1358872164546/World-Bank-president-Jim--008.jpg?width=465&dpr=1&s=none&crop=none,../Scripts/output/guardian/guardian_images/guardian_2013-01-24_guardian_172ed231fd_img01.jpg,An interview with World Bank president Jim Kim (pictured above) will be live streamed on Saturday. He joins other leaders at Davos 2013 to discuss climate change. Photograph: Enrique Castro-Mendivil/Reuters,,1,graph,3,photo|photograph|reuters,0,likely_visualization
guardian_2e99cf2aa2,The Guardian,2013,"""global temperature""","Heat from North American cities causing warmer winters, study finds",https://www.theguardian.com/science/2013/jan/27/scienceofclimatechange-climate-change,2013-01-27,2021-08-25,1,https://i.guim.co.uk/img/static/sys-images/Guardian/Pix/pictures/2011/11/10/1320936316763/The-New-York-skyline-007.jpg?width=465&dpr=1&s=none&crop=none,../Scripts/output/guardian/guardian_images/guardian_2013-01-27_guardian_2e99cf2aa2_img01.jpg,All those buildings and all those people in New York are generating heat thousands of miles away. Photograph: Matthew Lloyd/Getty Images,,1,graph,3,getty|photo|photograph,0,likely_visualization
guardian_d83613d340,The Guardian,2013,"""global temperature""",Tigers under threat from disappearing mangrove forest,https://www.theguardian.com/environment/2013/jan/29/sunderbans-disappearing-mangrove-india-bangladesh,2013-01-29,2021-08-25,1,https://i.guim.co.uk/img/static/sys-images/Guardian/Pix/pictures/2013/1/29/1359462743441/Tiger-in-Sunderban-mangro-009.jpg?width=465&dpr=1&s=none&crop=none,../Scripts/output/guardian/guardian_images/guardian_2013-01-29_guardian_d83613d340_img01.jpg,"A tiger roams within the Sunderban, some 140 km south of Calcutta. Photograph: EPA/Piyal Adhikary Photograph: Piyal Adhikary/EPA",,1,graph,3,epa|photo|photograph,0,likely_visualization
guardian_ad39d648be,The Guardian,2013,"""sea level rise""",Media campaign against windfarms funded by anonymous conservatives,https://www.theguardian.com/environment/2013/feb/15/media-campaign-windfarms-conservatives,2013-02-15,2021-08-25,1,https://i.guim.co.uk/img/static/sys-images/Environment/Pix/columnists/2013/2/15/1360929695600/Anti-wind-farm-lobby---ne-008.jpg?width=465&dpr=1&s=none&crop=none,../Scripts/output/guardian/guardian_images/guardian_2013-02-15_guardian_ad39d648be_img01.jpg,"The trusts, Donors Trust and Donors Capital Fund, served as the bankers of the conservative movement over the past decade, have funded a campaign against windfarms. Photograph: Alex Garcia/Getty Images",,1,graph,3,getty|photo|photograph,0,likely_visualization
guardian_81eb07a3c2,The Guardian,2013,"""global temperature""",Keystone XL decision will define Barack Obama's legacy on climate change,https://www.theguardian.com/environment/blog/2013/feb/22/keystone-xl-pipeline-barack-obama-oil-sands,2013-02-22,2021-08-25,1,https://i.guim.co.uk/img/static/sys-images/Guardian/About/General/2013/2/22/1361537055424/Barack-Obama--008.jpg?width=465&dpr=1&s=none&crop=none,../Scripts/output/guardian/guardian_images/guardian_2013-02-22_guardian_81eb07a3c2_img01.jpg,Barack Obama is being urged by green groups to throw out Keystone XL oil sands pipeline project. Photograph: Chip Somodevilla/Getty Images,,1,graph,3,getty|photo|photograph,0,likely_visualization
guardian_822dc3bb29,The Guardian,2013,"""carbon budget""",Ministers 'driving up bills by failing to commit to low-carbon energy',https://www.theguardian.com/environment/2013/feb/27/ministers-bills-low-carbon-energy,2013-02-27,2020-09-23,1,https://i.guim.co.uk/img/static/sys-images/Environment/Pix/columnists/2010/12/16/1292517744461/A-line-of-electricity-pyl-007.jpg?width=465&dpr=1&s=none&crop=none,../Scripts/output/guardian/guardian_images/guardian_2013-02-27_guardian_822dc3bb29_img01.jpg,"Postponing a decision on whether to require electricity generation to be essentially emissions-free by 2030, ministers are undermining their own policies, advisers warn. Photograph: Oli Scarff/Getty Images",,1,graph,3,getty|photo|photograph,0,likely_visualization
guardian_69726b280f,The Guardian,2013,"""sea level rise""",IPCC urges Obama to raise awareness of science behind climate change,https://www.theguardian.com/environment/2013/feb/28/climate-change-barack-obama-ipcc-rajesh-pachauri,2013-02-28,2021-08-25,1,https://i.guim.co.uk/img/static/sys-images/Environment/Pix/columnists/2013/2/28/1362059580598/IPCC-chairman-Rajendra-Ku-008.jpg?width=465&dpr=1&s=none&crop=none,../Scripts/output/guardian/guardian_images/guardian_2013-02-28_guardian_69726b280f_img01.jpg,"Chairman of the Intergovernmental Panel on Climate Change (IPCC), Rajendra Kumar Pachauri. Photograph: Martial Trezzini/EPA",,1,graph,3,epa|photo|photograph,0,likely_visualization
guardian_04ee4f4d21,The Guardian,2013,IPCC,Met rejects 'blunder' claims over Nicola Edgington background checks,https://www.theguardian.com/uk/2013/mar/05/met-rejects-blunder-nicola-edgington,2013-03-05,2017-12-01,1,https://i.guim.co.uk/img/static/sys-images/Guardian/Pix/pictures/2013/3/5/1362498020370/Nicola-Edgington-010.jpg?width=465&dpr=1&s=none&crop=none,../Scripts/output/guardian/guardian_images/guardian_2013-03-05_guardian_04ee4f4d21_img01.jpg,"Nicola Edgington, who was jailed for the murder of Sally Hodkin and attempted murder of Kerry Clark following the attacks in October 2011. Photograph: EPA/Met police",,1,graph,3,epa|photo|photograph,0,likely_visualization
guardian_e87d5bbb82,The Guardian,2013,"""carbon budget""",Death of Hugo Chávez gives Venezuela a choice on climate change,https://www.theguardian.com/environment/blog/2013/mar/07/death-hugo-chavez-venezuela-climate-change,2013-03-07,2021-08-27,1,https://i.guim.co.uk/img/static/sys-images/Environment/Pix/columnists/2013/3/7/1362678232828/Oil-Production-in-Venezue-010.jpg?width=465&dpr=1&s=none&crop=none,../Scripts/output/guardian/guardian_images/guardian_2013-03-07_guardian_e87d5bbb82_img01.jpg,"With the largest known oil reserves, Venezuela’s position on climate change is pivotal. Photograph: Miguel Gutierrez/EPA",,1,graph,3,epa|photo|photograph,0,likely_visualization
guardian_f6646491d3,The Guardian,2013,"""carbon budget""","Lib Dem spring conference, with Nick Clegg's speech: Politics live blog",https://www.theguardian.com/politics/blog/2013/mar/10/lib-dem-spring-conference-clegg-speech,2013-03-10,2017-06-09,1,https://i.guim.co.uk/img/static/sys-images/Guardian/Pix/pictures/2013/3/10/1362913977215/e4cef5fb-c836-4e00-b2f2-9f34ed10bb12-2060x1236.jpeg?width=465&dpr=1&s=none&crop=none,../Scripts/output/guardian/guardian_images/guardian_2013-03-10_guardian_f6646491d3_img01.jpeg,Paddy Ashdown prepares for a media interview during the Liberal Democrat's Spring Conference at the Hilton Brighton Metropole. Photograph: Gareth Fuller/PA Photograph: Gareth Fuller/PA,,1,graph,3,epa|photo|photograph,0,likely_visualization
guardian_b6f03360a1,The Guardian,2013,"""1.5C""",Cheltenham Festival will be coldest ever but racing will go ahead,https://www.theguardian.com/sport/2013/mar/11/cheltenham-festival-coldest-ever-racing,2013-03-11,2018-02-21,1,https://i.guim.co.uk/img/static/sys-images/Sport/Pix/pictures/2013/3/11/1363030870970/Cheltenham-Gallops-008.jpg?width=465&dpr=1&s=none&crop=none,../Scripts/output/guardian/guardian_images/guardian_2013-03-11_guardian_b6f03360a1_img01.jpg,Cheltenham Festival's Old Course and New Course are swathed in black plastic covers to make sure racing can go ahead. Photograph: Alan Crowhurst/Getty Images,,1,graph,3,getty|photo|photograph,0,likely_visualization
guardian_225f6ac21a,The Guardian,2013,IPCC,Rape investigations 'undermined by belief that false accusations are rife',https://www.theguardian.com/society/2013/mar/13/rape-investigations-belief-false-accusations,2013-03-13,2017-12-01,1,https://i.guim.co.uk/img/static/sys-images/Guardian/Pix/pictures/2013/3/12/1363118172328/Keir-Starmer-010.jpg?width=465&dpr=1&s=none&crop=none,../Scripts/output/guardian/guardian_images/guardian_2013-03-13_guardian_225f6ac21a_img01.jpg,"Keir Starmer QC, the director of public prosecutions, said police should not adopt an 'over-cautious approach' because of fears of false accusations. Photograph: Chris Helgren/Reuters",,1,graph,3,photo|photograph|reuters,0,likely_visualization
guardian_0b82a513dc,The Guardian,2013,IPCC,Operation Elveden expansion to include unpaid leakers provokes alarm,https://www.theguardian.com/uk/2013/mar/21/operation-elveden-expansion-unpaid-leaks,2013-03-21,2017-12-01,1,https://i.guim.co.uk/img/static/sys-images/Guardian/Pix/pictures/2013/3/21/1363896657551/New-Scotland-Yard-headqua-010.jpg?width=465&dpr=1&s=none&crop=none,../Scripts/output/guardian/guardian_images/guardian_2013-03-21_guardian_0b82a513dc_img01.jpg,The Metropolitan police have received a formal complaint about the conduct of officers from Elveden during the arrest of two public officials. Photograph: Facundo Arrizabalaga/EPA,,1,graph,3,epa|photo|photograph,0,likely_visualization
guardian_cca9479099,The Guardian,2013,IPCC,Plebgate affair: Police Federation staff quizzed over Andrew Mitchell remarks,https://www.theguardian.com/politics/2013/mar/24/plebgate-police-federation-andrew-mitchell,2013-03-24,2017-12-01,1,https://i.guim.co.uk/img/static/sys-images/Guardian/Pix/pictures/2013/3/24/1364138668868/Andrew-Mitchell-008.jpg?width=465&dpr=1&s=none&crop=none,../Scripts/output/guardian/guardian_images/guardian_2013-03-24_guardian_cca9479099_img01.jpg,Plebgate affair: Andrew Mitchell denies using the word pleb but admits he swore in the presence of Downing Street police officers. Photograph: Reuters,,1,graph,3,photo|photograph|reuters,0,likely_visualization
guardian_fb9a589d38,The Guardian,2013,IPCC,Scotland Yard urged to cede 'plebgate' investigation to IPCC after 'press leak',https://www.theguardian.com/politics/2013/mar/31/scotland-yard-plebgate-ipcc-leak,2013-03-31,2017-12-01,1,https://i.guim.co.uk/img/static/sys-images/Guardian/Pix/pictures/2013/2/4/1360014434992/Andrew-Mitchell-010.jpg?width=465&dpr=1&s=none&crop=none,../Scripts/output/guardian/guardian_images/guardian_2013-03-31_guardian_fb9a589d38_img01.jpg,"Andrew Mitchell made a formal complaint to the IPCC about the leak, which he said suggested there elements of the police still intent on destroying his career. Photograph: Oli Scarff/Getty Images",,1,graph,3,getty|photo|photograph,0,likely_visualization
guardian_181493a139,The Guardian,2013,"""carbon budget""",Investing 2.0: assessing companies' true sustainability performance,https://www.theguardian.com/sustainable-business/sustainable-investing-assessing-companies,2013-04-04,2013-04-05,1,https://i.guim.co.uk/img/static/sys-images/Guardian/Pix/pictures/2013/4/4/1365066775493/Smoke-from-factory-chimne-010.jpg?width=465&dpr=1&s=none&crop=none,../Scripts/output/guardian/guardian_images/guardian_2013-04-04_guardian_181493a139_img01.jpg,Rating a company by its carbon dioxide emissions is just one of the ways investors can assess its environmental and social impact. Photograph: Bei Feng/EPA,,1,graph,3,epa|photo|photograph,0,likely_visualization
guardian_708ca4c3f8,The Guardian,2013,IPCC,"Margaret Thatcher, science advice and climate change",https://www.theguardian.com/science/political-science/2013/apr/09/margaret-thatcher-science-advice-climate-change,2013-04-09,2021-08-25,1,https://i.guim.co.uk/img/static/sys-images/BOOKS/Pix/pictures/2013/4/8/1365432499655/Margaret-Thatcher-008.jpg?width=465&dpr=1&s=none&crop=none,../Scripts/output/guardian/guardian_images/guardian_2013-04-09_guardian_708ca4c3f8_img01.jpg,"Judging from speeches in the late 1980s, it's striking how well informed Margaret Thatcher was about climate change. Photograph: Hulton Archive/Getty Images",,1,graph,3,getty|photo|photograph,0,likely_visualization
guardian_eb83b50841,The Guardian,2013,IPCC,Police watchdog's Hillsborough inquiry 'must be fast and thorough',https://www.theguardian.com/football/2013/apr/15/police-watchdog-hillsborough-inquiry-fast,2013-04-15,2018-01-11,1,https://i.guim.co.uk/img/static/sys-images/Guardian/Pix/pictures/2013/4/15/1366052860398/Hillsborough-anniversary--009.jpg?width=465&dpr=1&s=none&crop=none,../Scripts/output/guardian/guardian_images/guardian_2013-04-15_guardian_eb83b50841_img01.jpg,"Margaret Aspinall, chair of the Hillsborough Family Support Group, hugs the Everton chairman Bill Kenwright at a service to mark the 24th anniversary. Photograph: Liverpool FC via Getty Images",,1,graph,3,getty|photo|photograph,0,likely_visualization
guardian_5c48f2d8c4,The Guardian,2013,"""net zero""",Giving immigrants a path to citizenship is key to US economic growth,https://www.theguardian.com/commentisfree/2013/apr/17/immigration-reform-bipartisan-path-citizenship,2013-04-17,2017-10-05,1,https://i.guim.co.uk/img/static/sys-images/Guardian/Pix/pictures/2011/1/21/1295639715455/Activists-in-Arizona-prot-005.jpg?width=465&dpr=1&s=none&crop=none,../Scripts/output/guardian/guardian_images/guardian_2013-04-17_guardian_5c48f2d8c4_img01.jpg,Activists protest against Arizona's immigration law. Photograph: Justin Sullivan/Getty Images North America,,1,graph,3,getty|photo|photograph,0,likely_visualization
guardian_178b0c12c7,The Guardian,2013,"""global temperature""",Carbon bubble will plunge the world into another financial crisis – report,https://www.theguardian.com/environment/2013/apr/19/carbon-bubble-financial-crash-crisis,2013-04-18,2021-08-25,1,https://i.guim.co.uk/img/static/sys-images/Environment/Pix/columnists/2013/4/18/1366296074540/Carbon-bubble--carbon-dio-009.jpg?width=465&dpr=1&s=none&crop=none,../Scripts/output/guardian/guardian_images/guardian_2013-04-18_guardian_178b0c12c7_img01.jpg,Global stock markets are betting on countries failing to adhere to legally binding carbon emission targets. Photograph: Robert Nickelsberg/Getty Images,,1,graph,3,getty|photo|photograph,0,likely_visualization
guardian_b709217264,The Guardian,2013,IPCC,White House warned on imminent Arctic ice death spiral,https://www.theguardian.com/environment/earth-insight/2013/may/02/white-house-arctic-ice-death-spiral,2013-05-02,2021-08-25,1,https://i.guim.co.uk/img/static/sys-images/Education/Pix/pictures/2012/9/13/1347549734138/Why-is-the-sea-ice-in-the-010.jpg?width=465&dpr=1&s=none&crop=none,../Scripts/output/guardian/guardian_images/guardian_2013-05-02_guardian_b709217264_img01.jpg,The melting of sea ice in the Arctic has caught the eye of the US Department of Homeland Security and the Pentagon. Photograph: John Mcconnico/AP,,1,graph,3,epa|photo|photograph,0,likely_visualization
guardian_12589dbf4c,The Guardian,2013,"""global temperature""","Climate change: human disaster looms, claims new research",https://www.theguardian.com/environment/2013/may/19/climate-change-meltdown-unlikely-research,2013-05-19,2021-08-25,1,https://i.guim.co.uk/img/static/sys-images/Environment/Pix/columnists/2010/11/26/1290774230451/Climate-change--Drought-i-007.jpg?width=465&dpr=1&s=none&crop=none,../Scripts/output/guardian/guardian_images/guardian_2013-05-19_guardian_12589dbf4c_img01.jpg,A human shadow is seen on a dried out field after drought in Germany. Photograph: Patrick Pleul/EPA,,1,graph,3,epa|photo|photograph,0,likely_visualization
guardian_2be476309b,The Guardian,2013,IPCC,Heartland Institute wastes real scientists' time – yet again,https://www.theguardian.com/environment/climate-consensus-97-per-cent/2013/may/20/heartland-institute-scientists,2013-05-20,2021-08-25,1,https://i.guim.co.uk/img/static/sys-images/Money/Pix/pictures/2012/10/18/1350554334157/The-sun-sets-behind-pylon-008.jpg?width=465&dpr=1&s=none&crop=none,../Scripts/output/guardian/guardian_images/guardian_2013-05-20_guardian_2be476309b_img01.jpg,Scientists have the thankless job of fact-checking books like the ones sent out by the Heartland Institute. Photograph: Darren Staples/Reuters,,1,graph,3,photo|photograph|reuters,0,likely_visualization
guardian_052d3d0255,The Guardian,2013,"""global temperature""",Matt Ridley has joined the real climate debate,https://www.theguardian.com/environment/blog/2013/may/21/matt-ridley-joined-real-climate-debate,2013-05-21,2021-08-25,1,https://i.guim.co.uk/img/static/sys-images/Environment/Pix/columnists/2010/2/5/1265367523070/hacked-climate-science-em-001.jpg?width=465&dpr=1&s=none&crop=none,../Scripts/output/guardian/guardian_images/guardian_2013-05-21_guardian_052d3d0255_img01.jpg,"A climate monitoring station. 'No one places their faith in any single climate model, and no one has done so for 20 years.' Photograph: Cliff Leight/Getty Images",,1,graph,3,getty|photo|photograph,0,likely_visualization
guardian_0c853d0421,The Guardian,2013,"""carbon budget""",Fossil fuel divestment campaign's victory in Australia will be a moral one,https://www.theguardian.com/environment/southern-crossroads/2013/may/21/fossil-fuel-divestment-campaign-australia,2013-05-21,2021-08-25,1,https://i.guim.co.uk/img/static/sys-images/Environment/Pix/columnists/2011/6/15/1308144991385/Damian-blog--coal-in-Aust-007.jpg?width=465&dpr=1&s=none&crop=none,../Scripts/output/guardian/guardian_images/guardian_2013-05-21_guardian_0c853d0421_img01.jpg,"A coal train awaits loading at BHP Billiton's Mt Arthur coal mine in Muswellbrook, Australia. Photograph: Ian Waldie/Getty Images",,1,graph,3,getty|photo|photograph,0,likely_visualization
guardian_0518ff2410,The Guardian,2013,IPCC,Woolwich attack: aftermath and reaction to killing on London street – as it happened,https://www.theguardian.com/uk/2013/may/22/woolwich-two-shot-in-police-incident-live-coverage,2013-05-22,2017-09-20,3,https://i.guim.co.uk/img/static/sys-images/Guardian/Pix/pictures/2013/5/22/1369247257451/392e3903-02a1-4900-91be-e2cf08694d7a-2060x1236.jpeg?width=465&dpr=1&s=none&crop=none,../Scripts/output/guardian/guardian_images/guardian_2013-05-22_guardian_0518ff2410_img03.jpeg,Prime minister David Cameron and France's president François Hollande and arrive for a news conference at the Elysée Palace in Paris. Photograph: Philippe Wojazer/Reuters Photograph: Philippe Wojazer/Reuters,,1,graph,3,photo|photograph|reuters,0,likely_visualization
guardian_2cae2eea69,The Guardian,2013,IPCC,London attack: police make two further arrests after Woolwich killing,https://www.theguardian.com/uk/2013/may/23/woolwich-latest-developments-live,2013-05-23,2019-06-06,2,https://i.guim.co.uk/img/static/sys-images/Guardian/Pix/pictures/2013/5/23/1369325344677/Drummer-Lee-Rigby--010.jpg?width=465&dpr=1&s=none&crop=none,../Scripts/output/guardian/guardian_images/guardian_2013-05-23_guardian_2cae2eea69_img02.jpg,"Ministry of Defence undated handout photo of Drummer Lee Rigby, 25, from the 2nd Battalion, Royal Regiment of Fusiliers who was named today as the soldier killed in Woolwich yesterday. Photograph: MoD/PA Photograph: Mod/PA",,1,graph,3,handout|photo|photograph,0,likely_visualization
guardian_2cae2eea69,The Guardian,2013,IPCC,London attack: police make two further arrests after Woolwich killing,https://www.theguardian.com/uk/2013/may/23/woolwich-latest-developments-live,2013-05-23,2019-06-06,6,https://i.guim.co.uk/img/static/sys-images/Guardian/Pix/pictures/2013/5/23/1369297054504/Theresa-May-arrives-at-No-010.jpg?width=465&dpr=1&s=none&crop=none,../Scripts/output/guardian/guardian_images/guardian_2013-05-23_guardian_2cae2eea69_img06.jpg,Theresa May arrives at No 10 for a Cobra meeting this morning. Photograph: Tal Cohen/EPA Photograph: Tal Cohen/EPA,,1,graph,3,epa|photo|photograph,0,likely_visualization
guardian_ff601904e3,The Guardian,2013,IPCC,Woolwich attack: questions Scotland Yard and MI5 will be asking themselves,https://www.theguardian.com/uk/2013/may/23/woolwich-attack-questions-scotland-yard,2013-05-23,2017-12-01,1,https://i.guim.co.uk/img/static/sys-images/Guardian/Pix/pictures/2013/5/23/1369329072813/Thames-House-the-MI5-head-010.jpg?width=465&dpr=1&s=none&crop=none,../Scripts/output/guardian/guardian_images/guardian_2013-05-23_guardian_ff601904e3_img01.jpg,"Thames House, the MI5 headquarters, where officers had between 2,000 and 3,000 names on a potential worry list. Photograph: Andy Rain/EPA",,1,graph,3,epa|photo|photograph,0,likely_visualization
guardian_92ec92b69e,The Guardian,2013,IPCC,Video shows moment police shot Woolwich attack suspects,https://www.theguardian.com/uk/2013/may/24/video-woolwich-attack-suspects-shot-police,2013-05-24,2017-09-15,1,https://i.guim.co.uk/img/static/sys-images/Guardian/Pix/pictures/2013/5/24/1369355845280/Video-shows-moment-police-007.jpg?width=465&dpr=1&s=none&crop=none,../Scripts/output/guardian/guardian_images/guardian_2013-05-24_guardian_92ec92b69e_img01.jpg,The IPCC has said it is not pursuing any criminal or misconduct offences over the police officers involved. Photograph: Jacob Carter/Rex Features,,1,graph,3,photo|photograph|video,0,likely_visualization
guardian_c4c5b5e6b3,The Guardian,2013,IPCC,Woolwich: new video shows suspect charging at police,https://www.theguardian.com/uk/blog/2013/may/24/woolwich-new-video-shows-suspect-charging-at-police-live-updates,2013-05-24,2017-09-15,2,https://i.guim.co.uk/img/static/sys-images/Guardian/Pix/pictures/2013/5/24/1369402444151/d6e701bc-6f47-4cd8-b98d-d3d8e6b749ae-1024x768.png?width=465&dpr=1&s=none&crop=none,../Scripts/output/guardian/guardian_images/guardian_2013-05-24_guardian_c4c5b5e6b3_img02.png,The route of a plane diverted today from Manchester to Stansted. Photograph: Flightradar24 Photograph: Flightradar24,,1,graph,3,photo|photograph|video,0,likely_visualization
guardian_c4c5b5e6b3,The Guardian,2013,IPCC,Woolwich: new video shows suspect charging at police,https://www.theguardian.com/uk/blog/2013/may/24/woolwich-new-video-shows-suspect-charging-at-police-live-updates,2013-05-24,2017-09-15,3,https://i.guim.co.uk/img/static/sys-images/Guardian/Pix/pictures/2013/5/24/1369401670786/Flowers-in-Woolwich-to-co-010.jpg?width=465&dpr=1&s=none&crop=none,../Scripts/output/guardian/guardian_images/guardian_2013-05-24_guardian_c4c5b5e6b3_img03.jpg,Flowers in Woolwich to commemorate the death of Lee Rigby. Photograph: Peter Walker for the Guardian Photograph: Peter Walker/Guardian,,1,graph,3,photo|photograph|video,0,likely_visualization
guardian_c4c5b5e6b3,The Guardian,2013,IPCC,Woolwich: new video shows suspect charging at police,https://www.theguardian.com/uk/blog/2013/may/24/woolwich-new-video-shows-suspect-charging-at-police-live-updates,2013-05-24,2017-09-15,4,https://i.guim.co.uk/img/static/sys-images/Guardian/Pix/pictures/2013/5/24/1369394396968/Lee-Rigbys-mother-and-ste-010.jpg?width=465&dpr=1&s=none&crop=none,../Scripts/output/guardian/guardian_images/guardian_2013-05-24_guardian_c4c5b5e6b3_img04.jpg,"Lee Rigby's mother and stepfather Lyn and Ian Rigby, his wife Rebecca Rigby, and her mother Susan Metcalfe at a press conference after Lee Rigby's death, in Bury on 24 May 2013. Photograph: Dave Thompson/PA Photograph: Dave Thompson/PA",,1,graph,3,photo|photograph|video,0,likely_visualization
guardian_c4c5b5e6b3,The Guardian,2013,IPCC,Woolwich: new video shows suspect charging at police,https://www.theguardian.com/uk/blog/2013/may/24/woolwich-new-video-shows-suspect-charging-at-police-live-updates,2013-05-24,2017-09-15,5,https://i.guim.co.uk/img/static/sys-images/Guardian/Pix/pictures/2013/5/24/1369391310263/Scenes-from-Woolwich-010.jpg?width=465&dpr=1&s=none&crop=none,../Scripts/output/guardian/guardian_images/guardian_2013-05-24_guardian_c4c5b5e6b3_img05.jpg,Photograph: Abecham/GuardianWitness Photograph: /Abecham/GuardianWitness,,1,graph,3,photo|photograph|video,0,likely_visualization
guardian_c4c5b5e6b3,The Guardian,2013,IPCC,Woolwich: new video shows suspect charging at police,https://www.theguardian.com/uk/blog/2013/may/24/woolwich-new-video-shows-suspect-charging-at-police-live-updates,2013-05-24,2017-09-15,6,https://i.guim.co.uk/img/static/sys-images/Guardian/Pix/pictures/2013/5/24/1369392230286/Nick-Clegg-speaks-at-a-mu-010.jpg?width=465&dpr=1&s=none&crop=none,../Scripts/output/guardian/guardian_images/guardian_2013-05-24_guardian_c4c5b5e6b3_img06.jpg,"Nick Clegg speaks at a multi-faith event in Islington, north London, today. Photograph: Sky News Photograph: Sky News",,1,graph,3,photo|photograph|video,0,likely_visualization
guardian_c4c5b5e6b3,The Guardian,2013,IPCC,Woolwich: new video shows suspect charging at police,https://www.theguardian.com/uk/blog/2013/may/24/woolwich-new-video-shows-suspect-charging-at-police-live-updates,2013-05-24,2017-09-15,7,https://i.guim.co.uk/img/static/sys-images/Guardian/Pix/pictures/2013/5/24/1369391140070/A-notice-condemning-the-W-010.jpg?width=465&dpr=1&s=none&crop=none,../Scripts/output/guardian/guardian_images/guardian_2013-05-24_guardian_c4c5b5e6b3_img07.jpg,A notice condemning the Woolwich attack pinned to the door of Greenwich Islamic Centre. Photograph: Peter Walker for the Guardian Photograph: Peter Walker/Guardian,,1,graph,3,photo|photograph|video,0,likely_visualization
guardian_dd55793b37,The Guardian,2013,"""sea level rise""","Climate change will be slower than thought, study shows – or does it?",https://www.theguardian.com/environment/planet-oz/2013/may/24/study-climate-change,2013-05-24,2013-05-24,1,https://i.guim.co.uk/img/static/sys-images/Environment/Pix/columnists/2011/11/23/1322047086065/Hacked-climate-emails--De-006.jpg?width=465&dpr=1&s=none&crop=none,../Scripts/output/guardian/guardian_images/guardian_2013-05-24_guardian_dd55793b37_img01.jpg,A new study suggests global warming might not occur quite so quickly as other studies have suggested it would. Photograph: How Hwee Young/EPA,,1,graph,3,epa|photo|photograph,0,likely_visualization
guardian_904dfdfdc8,The Guardian,2013,"""global temperature""",The Burning Question by Mike Berners-Lee and Duncan Clark – review,https://www.theguardian.com/books/2013/may/31/burning-question-berners-lee-review,2013-05-31,2021-08-25,1,https://i.guim.co.uk/img/static/sys-images/Books/Pix/pictures/2013/5/27/1369668428617/North-Sea-oil-rig-010.jpg?width=465&dpr=1&s=none&crop=none,../Scripts/output/guardian/guardian_images/guardian_2013-05-31_guardian_904dfdfdc8_img01.jpg,If the known reserves of energy companies continue to be used at the present rate there is expected to be a disastrous 4-6C rise in global temperature. Photograph: Royal Dutch Shell Ho/EPA,,1,graph,3,epa|photo|photograph,0,likely_visualization
guardian_6ab59b2615,The Guardian,2013,"""carbon budget""",Decarbonisation target narrowly defeated in Commons energy bill vote,https://www.theguardian.com/environment/2013/jun/04/decarbonisation-target-defeated-energy-bill-vote,2013-06-04,2021-08-25,1,https://i.guim.co.uk/img/static/sys-images/Admin/BkFill/Default_image_group/2011/9/6/1315330205310/Wind-turbines-at-dusk-not-007.jpg?width=465&dpr=1&s=none&crop=none,../Scripts/output/guardian/guardian_images/guardian_2013-06-04_guardian_6ab59b2615_img01.jpg,The decarbonisation target was seen as a way of stimulating investment in renewables and low-carbon energy. Photograph: Uwe Zucchi/EPA,,1,graph,3,epa|photo|photograph,0,likely_visualization
guardian_28940d82c7,The Guardian,2013,"""carbon budget""",Australians are waking up to why coal matters - US environmentalist,https://www.theguardian.com/environment/2013/jun/10/fossil-fuels-climate-change-australian-election,2013-06-10,2021-08-25,1,https://i.guim.co.uk/img/static/sys-images/Guardian/Pix/pictures/2013/6/10/1370841511365/ca69e886-c6aa-43a0-b389-60acf3e5cb3d-2060x1236.jpeg?width=465&dpr=1&s=none&crop=none,../Scripts/output/guardian/guardian_images/guardian_2013-06-10_guardian_28940d82c7_img01.jpeg,Environmentalist Bill McKibben believes there is growing support in Australia behind the fossil fuel divestment cause Photograph: HO/REUTERS,,1,graph,3,photo|photograph|reuters,0,likely_visualization
guardian_4c11daf69f,The Guardian,2013,IPCC,Silver linings in the IEA report on 2012 fossil fuel carbon emissions,https://www.theguardian.com/environment/climate-consensus-97-per-cent/2013/jun/11/climate-change-carbon-emissions-iea-silver-lining,2013-06-11,2021-08-25,1,https://i.guim.co.uk/img/static/sys-images/Guardian/About/General/2011/7/5/1309877146677/Carbon-emissions-007.jpg?width=465&dpr=1&s=none&crop=none,../Scripts/output/guardian/guardian_images/guardian_2013-06-11_guardian_4c11daf69f_img01.jpg,China's energy mix is becoming less carbon intensive. Photograph: Bei Feng/EPA,,1,graph,3,epa|photo|photograph,0,likely_visualization
guardian_40a274a01c,The Guardian,2013,IPCC,"Climate science debate has cost precious time, expert warns",https://www.theguardian.com/world/2013/jun/17/australia-climate-change-report2,2013-06-17,2021-08-25,1,https://i.guim.co.uk/img/static/sys-images/Guardian/Pix/pictures/2013/6/17/1371436271092/Cracks-are-seen-in-a-drie-010.jpg?width=465&dpr=1&s=none&crop=none,../Scripts/output/guardian/guardian_images/guardian_2013-06-17_guardian_40a274a01c_img01.jpg,"There is increasing evidence of man-made climate change and extreme weather events, according to a new report Photograph: David Gray/Reuters",,1,graph,3,photo|photograph|reuters,0,likely_visualization
guardian_110aac1d2c,The Guardian,2013,IPCC,Hydropower must win hearts and minds in local communities,https://www.theguardian.com/science/blog/2013/jun/20/hydropower-hearts-minds-local-communities,2013-06-20,2021-08-25,1,https://i.guim.co.uk/img/static/sys-images/Guardian/Pix/pictures/2013/6/20/1371732036196/A-building-is-demolished--012.jpg?width=465&dpr=1&s=none&crop=none,../Scripts/output/guardian/guardian_images/guardian_2013-06-20_guardian_110aac1d2c_img01.jpg,Former residents of Fengjie watch as part of their town is demolished in November 2002 to make way for the Three Gorges Dam hydropower project on the Yangtze river. Photograph: EPA,,1,graph,3,epa|photo|photograph,0,likely_visualization
guardian_bf8e69b95d,The Guardian,2013,"""sea level rise""",Climate change measuring instruments are on life support,https://www.theguardian.com/environment/climate-consensus-97-per-cent/2013/jun/20/climate-change-measuring-instruments-on-life-support,2013-06-20,2021-08-25,1,https://i.guim.co.uk/img/static/sys-images/Guardian/Pix/pictures/2011/9/22/1316687933044/Nasa-UARS-satellite-007.jpg?width=465&dpr=1&s=none&crop=none,../Scripts/output/guardian/guardian_images/guardian_2013-06-20_guardian_bf8e69b95d_img01.jpg,NASA’s decommissioned Upper Atmosphere Research Satellite. Photograph: NASA/Reuters,,1,graph,3,photo|photograph|reuters,0,likely_visualization
guardian_3b86306ace,The Guardian,2013,IPCC,Met campaign to 'smear' Stephen Lawrence's family - reaction: Politics live blog,https://www.theguardian.com/politics/blog/2013/jun/24/stephen-lawrence-police-spying-politics-blog,2013-06-24,2017-09-20,4,https://i.guim.co.uk/img/static/sys-images/Guardian/Pix/pictures/2013/6/24/1372080638193/dc2a326a-e3b2-4fbe-8661-874915012880-2060x1236.jpeg?width=465&dpr=1&s=none&crop=none,../Scripts/output/guardian/guardian_images/guardian_2013-06-24_guardian_3b86306ace_img04.jpeg,"David Cameron alongside Doreen Lawrence, mother of Stephen Lawrence, before a memorial service at St Martins-in-the-Fields Church in April 2013 for Stephen on the 20th anniversary of his murder. Photograph: FACUNDO ARRIZABALAGA/EPA",,1,graph,3,epa|photo|photograph,0,likely_visualization
guardian_3b86306ace,The Guardian,2013,IPCC,Met campaign to 'smear' Stephen Lawrence's family - reaction: Politics live blog,https://www.theguardian.com/politics/blog/2013/jun/24/stephen-lawrence-police-spying-politics-blog,2013-06-24,2017-09-20,7,https://i.guim.co.uk/img/static/sys-images/Guardian/Pix/pictures/2013/6/24/1372063637250/dcde1b0b-b34d-43b5-86a1-aadc4be7f737-1024x768.jpeg?width=465&dpr=1&s=none&crop=none,../Scripts/output/guardian/guardian_images/guardian_2013-06-24_guardian_3b86306ace_img07.jpeg,Jack Straw. Photograph: STEFAN WERMUTH/REUTERS Photograph: STEFAN WERMUTH/REUTERS,,1,graph,3,photo|photograph|reuters,0,likely_visualization
guardian_071a879a4c,The Guardian,2013,"""sea level rise""",Obama's fracked-up climate strategy will guarantee global warming disaster,https://www.theguardian.com/environment/earth-insight/2013/jun/25/obama-speech-climate-action-plan-disaster1,2013-06-25,2021-08-25,1,https://i.guim.co.uk/img/static/sys-images/Guardian/Pix/pictures/2013/6/25/1372190193290/Barack-Obama-010.jpg?width=465&dpr=1&s=none&crop=none,../Scripts/output/guardian/guardian_images/guardian_2013-06-25_guardian_071a879a4c_img01.jpg,"Barack Obama addresses students at Georgetown University. 'I refuse to condemn your generation and future generations to a planet that's beyond fixing,' he said. Photograph: Michael Reynolds/EPA",,1,graph,3,epa|photo|photograph,0,likely_visualization
guardian_7547708543,The Guardian,2013,IPCC,President Obama acts on climate change by enforcing the law,https://www.theguardian.com/environment/climate-consensus-97-per-cent/2013/jun/25/climate-change-carbon-emissions-president-obama-epa,2013-06-25,2021-08-25,1,https://i.guim.co.uk/img/static/sys-images/Guardian/Pix/pictures/2013/6/25/1372189110791/Obama-Gives-Major-Speech--010.jpg?width=465&dpr=1&s=none&crop=none,../Scripts/output/guardian/guardian_images/guardian_2013-06-25_guardian_7547708543_img01.jpg,Barack Obama speaks as he unveils his plan on climate change at Georgetown University in Washington DC. Photograph: Alex Wong/Getty Images,,1,graph,3,getty|photo|photograph,0,likely_visualization
guardian_c09f79e206,The Guardian,2013,"""sea level rise""",Obama to unveil first-ever US climate change strategy,https://www.theguardian.com/environment/2013/jun/25/obama-unveil-first-us-climate-strategy,2013-06-25,2021-08-25,1,https://i.guim.co.uk/img/static/sys-images/Guardian/Pix/pictures/2013/6/25/1372150659515/President-Barack-Obama-Vi-008.jpg?width=465&dpr=1&s=none&crop=none,../Scripts/output/guardian/guardian_images/guardian_2013-06-25_guardian_c09f79e206_img01.jpg,"Barack Obama will be using his executive authority for the proposals, meaning they would not need approval from Congress. Photograph: Timur Emek/Getty Images",,1,graph,3,getty|photo|photograph,0,likely_visualization
guardian_7b7c8fe4a9,The Guardian,2013,"""carbon budget""",UK 'could miss carbon emissions targets in 2020s',https://www.theguardian.com/environment/2013/jun/26/uk-miss-carbon-emissions-targets,2013-06-26,2021-08-25,1,https://i.guim.co.uk/img/static/sys-images/Environment/Pix/columnists/2013/6/25/1372172923205/UK-CO2-emissions--UK-to-m-009.jpg?width=465&dpr=1&s=none&crop=none,../Scripts/output/guardian/guardian_images/guardian_2013-06-26_guardian_7b7c8fe4a9_img01.jpg,"Grangemouth refinery in Falkirk, Scotland. Photograph: Mike Wilkinson/Getty Images",,1,graph,3,getty|photo|photograph,0,likely_visualization
guardian_055e2372ec,The Guardian,2013,IPCC,Met police officer who used racial slur against suspect is sacked,https://www.theguardian.com/uk-news/2013/jul/03/met-police-office-racial-slur-sacked,2013-07-03,2017-12-01,1,https://i.guim.co.uk/img/static/sys-images/Guardian/Pix/pictures/2013/7/3/1372872372285/New-Scotland-yard-sign-010.jpg?width=465&dpr=1&s=none&crop=none,../Scripts/output/guardian/guardian_images/guardian_2013-07-03_guardian_055e2372ec_img01.jpg,The director of the Met's complaints department said MacFarlane's breaches 'were judged so serious that dismissal was the only appropriate outcome in this case'. Photograph: Dominic Lipinski/PA,,1,graph,3,epa|photo|photograph,0,likely_visualization
guardian_5c39c67f92,The Guardian,2013,"""global temperature""","Unprecedented climate extremes marked last decade, says UN",https://www.theguardian.com/environment/2013/jul/03/unprecedented-climate-extremes-last-decade-un,2013-07-03,2021-08-25,1,https://i.guim.co.uk/img/static/sys-images/Environment/Pix/columnists/2011/3/17/1300384868985/2010-Heatwave-in-Germany--007.jpg?width=465&dpr=1&s=none&crop=none,../Scripts/output/guardian/guardian_images/guardian_2013-07-03_guardian_5c39c67f92_img01.jpg,"A human shadow is seen on the torn up and dried out soil of an agrarian field in Petersdorf, Germany, 12 July 2010. Photograph: Patrick Pleul/EPA",,1,graph,3,epa|photo|photograph,0,likely_visualization
guardian_3ba5b70d36,The Guardian,2013,IPCC,Azelle Rodney death: unlawful killing verdict for Met marksman,https://www.theguardian.com/uk-news/2013/jul/05/unlawful-killing-met-marksman-azelle-rodney,2013-07-05,2017-12-01,1,https://i.guim.co.uk/img/static/sys-images/Guardian/Pix/pictures/2013/7/5/1373053605042/Azelle-Rodney-killing-008.jpg?width=465&dpr=1&s=none&crop=none,../Scripts/output/guardian/guardian_images/guardian_2013-07-05_guardian_3ba5b70d36_img01.jpg,Azelle Rodney’s family fought a seven-year battle for a full and public inquiry into his death. Photograph: Family Handout/PA,,1,graph,3,handout|photo|photograph,0,likely_visualization
guardian_963870043d,The Guardian,2013,"""sea level rise""",James Hansen: Fossil fuel addiction could trigger runaway global warming,https://www.theguardian.com/environment/earth-insight/2013/jul/10/james-hansen-fossil-fuels-runaway-global-warming,2013-07-10,2021-08-25,1,https://i.guim.co.uk/img/static/sys-images/Guardian/Pix/pictures/2012/4/20/1334923898479/Nasa-image-of-planet-Eart-009.jpg?width=465&dpr=1&s=none&crop=none,../Scripts/output/guardian/guardian_images/guardian_2013-07-10_guardian_963870043d_img01.jpg,Nasa image of planet Earth. Photograph: Ho/Reuters,,1,graph,3,photo|photograph|reuters,0,likely_visualization
guardian_a12c5b4fad,The Guardian,2013,"""net zero""",Why companies need to be held to account over their environmental debt,https://www.theguardian.com/sustainable-business/companies-held-account-environmental-debt,2013-07-10,2013-10-16,1,https://i.guim.co.uk/img/static/sys-images/Guardian/Pix/pictures/2013/7/10/1373472814171/Residents-row-a-boat-in-f-010.jpg?width=465&dpr=1&s=none&crop=none,../Scripts/output/guardian/guardian_images/guardian_2013-07-10_guardian_a12c5b4fad_img01.jpg,"Flooding in Thailand in 2011, effectively shut down the country. The intense storms became catastrophic because of massive deforestation. Photograph: Chaiwat Subprasom/REUTERS",,1,graph,3,photo|photograph|reuters,0,likely_visualization
guardian_65d47a0472,The Guardian,2013,IPCC,Stephen Lawrence case: Special Branch 'spied on' Macpherson inquiry,https://www.theguardian.com/uk-news/2013/jul/11/stephen-lawrence-special-branch-mcpherson-inquiry,2013-07-11,2017-12-01,1,https://i.guim.co.uk/img/static/sys-images/Guardian/Pix/pictures/2013/7/11/1373568159395/Doreen-Lawrence-wants-an--010.jpg?width=465&dpr=1&s=none&crop=none,../Scripts/output/guardian/guardian_images/guardian_2013-07-11_guardian_65d47a0472_img01.jpg,Doreen Lawrence has called for an independent inquiry into the claims about police attempts to smear her family after Stephen was killed. Photograph: Andy Rain/EPA,,1,graph,3,epa|photo|photograph,0,likely_visualization
guardian_d165f3ba22,The Guardian,2013,"""global temperature""",Not good enough? English schools are world-class,https://www.theguardian.com/theobserver/2013/jul/14/free-schools-fracking-council-tax,2013-07-13,2017-12-02,1,https://i.guim.co.uk/img/static/sys-images/Guardian/Pix/pictures/2013/7/12/1373640290625/Two-schoolboys-watching-e-010.jpg?width=465&dpr=1&s=none&crop=none,../Scripts/output/guardian/guardian_images/guardian_2013-07-13_guardian_d165f3ba22_img01.jpg,The right chemistry: English schools are among the best internationally. Photograph: Ableimages/Getty Images,,1,graph,3,getty|photo|photograph,0,likely_visualization
guardian_df2c623d0a,The Guardian,2013,IPCC,Cameron and Miliband at PMQs: Politics live blog,https://www.theguardian.com/politics/blog/2013/jul/17/pmqs-cameron-miliband-live-blog,2013-07-17,2017-06-09,4,https://i.guim.co.uk/img/static/sys-images/Guardian/Pix/pictures/2013/7/17/1374057338767/8ae4dd48-b2d7-4fc3-aa96-0ab3e9e1adb7-2060x1236.jpeg?width=465&dpr=1&s=none&crop=none,../Scripts/output/guardian/guardian_images/guardian_2013-07-17_guardian_df2c623d0a_img04.jpeg,William Hague. Photograph: ANDREW WINNING/REUTERS Photograph: ANDREW WINNING/REUTERS,,1,graph,3,photo|photograph|reuters,0,likely_visualization
guardian_9adaf855da,The Guardian,2013,"""sea level rise""",Decarbonising the economy: the pivotal role of the financial sector,https://www.theguardian.com/sustainable-business/financial-sector-low-carbon-economy,2013-07-19,2021-08-27,1,https://i.guim.co.uk/img/static/sys-images/Guardian/Pix/pictures/2013/7/19/1374243726231/Worst-Snowfall-And-Cold-W-010.jpg?width=465&dpr=1&s=none&crop=none,../Scripts/output/guardian/guardian_images/guardian_2013-07-19_guardian_9adaf855da_img01.jpg,China's most recent winter was the coldest for three decades. Extreme weather is becoming normal weather. Photograph: China Photos/Getty Images,,1,graph,3,getty|photo|photograph,0,likely_visualization
guardian_d950a68ea3,The Guardian,2013,"""global temperature""",The climate change policy discussion I wish Andrew Neil would have on BBC,https://www.theguardian.com/environment/climate-consensus-97-per-cent/2013/jul/23/climate-change-andrew-neil-bbc-errors-take2,2013-07-23,2021-08-25,1,https://i.guim.co.uk/img/static/sys-images/Guardian/Pix/audio/video/2013/6/9/1370798335363/Andrew-Neil-ridicules-Ame-014.jpg?width=465&dpr=1&s=none&crop=none,../Scripts/output/guardian/guardian_images/guardian_2013-07-23_guardian_d950a68ea3_img01.jpg,Andrew Neil doesn't seem to like to admit when he's made an error. Photograph: BBC Sunday Politics,,1,graph,3,photo|photograph|video,0,likely_visualization
guardian_a9b4b23da4,The Guardian,2013,"""global temperature""",Global warming and the future of storms,https://www.theguardian.com/environment/climate-consensus-97-per-cent/2013/jul/26/global-warming-future-of-storms,2013-07-26,2021-08-25,1,https://i.guim.co.uk/img/static/sys-images/Guardian/Pix/pictures/2012/10/29/1351554818001/Hurricane-Sandy-batters-e-010.jpg?width=465&dpr=1&s=none&crop=none,../Scripts/output/guardian/guardian_images/guardian_2013-07-26_guardian_a9b4b23da4_img01.jpg,Hurricane Sandy battered towns along the United States east coast. Photograph: Scott Eisen/REUTERS,,1,graph,3,photo|photograph|reuters,0,likely_visualization
guardian_4dfe41f168,The Guardian,2013,"""carbon budget""",Climate change divestment campaigns go on the offensive,https://www.theguardian.com/environment/southern-crossroads/2013/jul/23/divestment-campaign-climate-change-fossil-fuels-australia,2013-07-28,2021-08-25,1,https://i.guim.co.uk/img/static/sys-images/Environment/Pix/columnists/2013/7/23/1374574031567/Fossil-fuel-in-Australia--009.jpg?width=465&dpr=1&s=none&crop=none,../Scripts/output/guardian/guardian_images/guardian_2013-07-28_guardian_4dfe41f168_img01.jpg,"Steam surrounds bucket-wheel reclaimers as they operate at the Newcastle coal terminal in Newcastle, north of Sydney, Australia. Photograph: Ian Waldie/Getty Images",,1,graph,3,getty|photo|photograph,0,likely_visualization
guardian_36923ea7da,The Guardian,2013,"""global temperature""","Climate study predicts a watery future for New York, Boston and Miami",https://www.theguardian.com/environment/2013/jul/29/climate-new-york-boston-miami-sea-level,2013-07-30,2021-08-25,1,https://i.guim.co.uk/img/static/sys-images/Environment/Pix/columnists/2013/7/29/1375106027122/US-sea-levels-rising--Flo-008.jpg?width=465&dpr=1&s=none&crop=none,../Scripts/output/guardian/guardian_images/guardian_2013-07-30_guardian_36923ea7da_img01.jpg,"For nearly 80 US cities, the watery future would come much sooner, within the next decade. Photograph: Joe Raedle/Getty Images",,1,graph,3,getty|photo|photograph,0,likely_visualization
guardian_507982482a,The Guardian,2013,"""global temperature""","Emissions target should be 15% by 2020, says Climate Change Authority",https://www.theguardian.com/environment/2013/aug/02/emissions-reduction-target-15-percent,2013-08-02,2016-10-27,1,https://i.guim.co.uk/img/static/sys-images/Guardian/Pix/pictures/2013/8/2/1375417278273/867332bd-9100-4414-8558-2097f71dfe98-2060x1236.jpeg?width=465&dpr=1&s=none&crop=none,../Scripts/output/guardian/guardian_images/guardian_2013-08-02_guardian_507982482a_img01.jpeg,"Increasing the emissions target to 15% would still not be enough, says the Australian Conservation Foundation. Photograph: Charlie Riedel/AP Photograph: Charlie Riedel/AP",,1,graph,3,ap photo|photo|photograph,0,likely_visualization
guardian_5fe6901c83,The Guardian,2013,"""sea level rise""",Seven facts you need to know about the Arctic methane timebomb,https://www.theguardian.com/environment/earth-insight/2013/aug/05/7-facts-need-to-know-arctic-methane-time-bomb,2013-08-05,2021-08-25,1,https://i.guim.co.uk/img/static/sys-images/Guardian/About/General/2010/11/4/1288906484303/Melting-ice-in-the-Arctic-006.jpg?width=465&dpr=1&s=none&crop=none,../Scripts/output/guardian/guardian_images/guardian_2013-08-05_guardian_5fe6901c83_img01.jpg,Melting ice in the Arctic. Photograph: Getty,,1,graph,3,getty|photo|photograph,0,likely_visualization
guardian_b7f979462e,The Guardian,2013,"""sea level rise""","With the election called, where do the parties stand on climate policy?",https://www.theguardian.com/environment/southern-crossroads/2013/aug/05/australian-election-2013-climate-change,2013-08-05,2021-08-25,1,https://i.guim.co.uk/img/static/sys-images/Guardian/Pix/pictures/2013/7/16/1373940436230/ba9be2b8-205f-4bab-bb64-3f0023069f97-460x276.jpeg?width=465&dpr=1&s=none&crop=none,../Scripts/output/guardian/guardian_images/guardian_2013-08-05_guardian_b7f979462e_img01.jpeg,Kevin Rudd and Chris Bowen outline federal budget cuts to pay for the end of the fixed carbon price. Photograph: Leigh Turner/Getty Images,,1,graph,3,getty|photo|photograph,0,likely_visualization
guardian_1311f1305f,The Guardian,2013,"""sea level rise""",Sandy taskforce: build stronger homes to withstand worsening storms,https://www.theguardian.com/world/2013/aug/19/superstorm-sandy-taskforce-stronger-homes,2013-08-19,2021-08-25,1,https://i.guim.co.uk/img/static/sys-images/Guardian/Pix/pictures/2012/10/29/1351537011682/Hurricane-Sandy-in-Winthr-007.jpg?width=465&dpr=1&s=none&crop=none,../Scripts/output/guardian/guardian_images/guardian_2013-08-19_guardian_1311f1305f_img01.jpg,"Hurricane Sandy in Winthrop, Massachusetts. Photograph: Darren McCollester/Getty Images",,1,graph,3,getty|photo|photograph,0,likely_visualization
guardian_43d6d437dd,The Guardian,2013,IPCC,"With the forthcoming IPCC report, the contrarians finally agree we are changing the climate",https://www.theguardian.com/environment/climate-consensus-97-per-cent/2013/aug/19/global-waring-ipcc-ar5-report,2013-08-19,2021-08-25,1,https://i.guim.co.uk/img/static/sys-images/Guardian/Pix/pictures/2011/11/16/1321457719141/UN-logo-on-a-door-at-U.N.-007.jpg?width=465&dpr=1&s=none&crop=none,../Scripts/output/guardian/guardian_images/guardian_2013-08-19_guardian_43d6d437dd_img01.jpg,The next UN IPCC report is due out in September. Photograph: Joshua Lott/REUTERS,,1,graph,3,photo|photograph|reuters,0,likely_visualization
guardian_d02028377a,The Guardian,2013,IPCC,David Miranda detention - latest developments and reaction,https://www.theguardian.com/politics/blog/2013/aug/20/david-miranda-detention-latest-developments,2013-08-20,2025-05-27,1,https://i.guim.co.uk/img/static/sys-images/Guardian/Pix/pictures/2013/8/20/1377031341083/6d06d005-38c2-4538-b264-37b5f681a014-2060x1236.jpeg?width=465&dpr=1&s=none&crop=none,../Scripts/output/guardian/guardian_images/guardian_2013-08-20_guardian_d02028377a_img01.jpeg,White House principal deputy press secretary Josh Earnest answers questions during his daily news briefing at the White House. Photograph: Pablo Martinez Monsivais/AP Photograph: Pablo Martinez Monsivais/AP,,1,graph,3,ap photo|photo|photograph,0,likely_visualization
guardian_c5a77e3e7e,The Guardian,2013,"""sea level rise""",Australian floods of 2010 and 2011 caused global sea level to drop,https://www.theguardian.com/environment/2013/aug/23/australian-floods-global-sea-level,2013-08-23,2021-08-25,1,https://i.guim.co.uk/img/static/sys-images/Guardian/Pix/pictures/2013/8/23/1377254810838/Wagga-Wagga-flood-010.jpg?width=465&dpr=1&s=none&crop=none,../Scripts/output/guardian/guardian_images/guardian_2013-08-23_guardian_c5a77e3e7e_img01.jpg,"An aerial view of flood waters around Wagga Wagga, New South Wales, Australia, on 6 December 2010. Photograph: Les Smith/pool/EPA",,1,graph,3,epa|photo|photograph,0,likely_visualization
guardian_319c8277f7,The Guardian,2013,"""sea level rise""","Climate change likely to steer away Sandy-like superstorms, study says",https://www.theguardian.com/environment/2013/sep/02/climate-change-sandy-storm,2013-09-02,2021-08-25,1,https://i.guim.co.uk/img/static/sys-images/Guardian/Pix/pictures/2012/10/29/1351522949641/143d6aab-db55-423a-bdf4-dbe8a3122201-460.jpeg?width=465&dpr=1&s=none&crop=none,../Scripts/output/guardian/guardian_images/guardian_2013-09-02_guardian_319c8277f7_img01.jpeg,"Satellite image of Superstorm Sandy hitting the US east coast last year. In future, warming temperatures will push such storms further offshore, but scientists warn 'US remains at risk and shouldn't drop guard.' Photograph: Nasa/Getty Images",,1,graph,3,getty|photo|photograph,0,likely_visualization
guardian_3c4c1d71dc,The Guardian,2013,"""global temperature""",The Pacific Ocean fills in another piece of the global warming puzzle,https://www.theguardian.com/environment/climate-consensus-97-per-cent/2013/sep/03/global-warming-pacific-ocean-puzzle-piece,2013-09-03,2021-08-25,1,https://i.guim.co.uk/img/static/sys-images/Guardian/Pix/pictures/2012/5/22/1337699936587/Jigsaw-puzzle-with-gold-p-008.jpg?width=465&dpr=1&s=none&crop=none,../Scripts/output/guardian/guardian_images/guardian_2013-09-03_guardian_3c4c1d71dc_img01.jpg,The global warming puzzle continues to be pieced together. Photograph: George Diebold/Getty Images,,1,graph,3,getty|photo|photograph,0,likely_visualization
guardian_7f443d77dc,The Guardian,2013,IPCC,Brazil faces drop in crops,https://www.theguardian.com/environment/2013/sep/03/brazil-food-crops-climate-change,2013-09-03,2021-08-25,1,https://i.guim.co.uk/img/static/sys-images/Guardian/Pix/pictures/2013/1/8/1357668228815/Soybeans-are-harvested-at-009.jpg?width=465&dpr=1&s=none&crop=none,../Scripts/output/guardian/guardian_images/guardian_2013-09-03_guardian_7f443d77dc_img01.jpg,"Soybeans are harvested at the Fartura Farm in Campo Verde, Brazil. Scientists say climate change will severely impact the country's food growing capacity. Photograph: Paulo Fridman/Getty Images/Bloomberg",,1,graph,3,getty|photo|photograph,0,likely_visualization
guardian_6cac086601,The Guardian,2013,"""1.5C""",Why the jury's still out on the risk of Arctic methane catastrophe,https://www.theguardian.com/environment/earth-insight/2013/sep/05/jury-out-arctic-methane-catastrophe-risk-real,2013-09-05,2017-02-22,1,https://i.guim.co.uk/img/static/sys-images/Guardian/Pix/cartoons/2010/5/18/1274213814536/arctic-iceberg-006.jpg?width=465&dpr=1&s=none&crop=none,../Scripts/output/guardian/guardian_images/guardian_2013-09-05_guardian_6cac086601_img01.jpg,arctic iceberg Photograph: Delphine Star/getty images,,1,graph,3,getty|photo|photograph,0,likely_visualization
guardian_f3d97a0f3d,The Guardian,2013,IPCC,Australia's federal election just couldn't face up to climate change,https://www.theguardian.com/environment/planet-oz/2013/sep/05/australia-election-climate-change,2013-09-05,2021-08-25,1,https://i.guim.co.uk/img/static/sys-images/Guardian/Pix/online/2013/9/4/1378297962172/A-river-flows-among-sand--009.jpg?width=465&dpr=1&s=none&crop=none,../Scripts/output/guardian/guardian_images/guardian_2013-09-05_guardian_f3d97a0f3d_img01.jpg,"A river flows among sand dunes in the Tanami Desert, in Australia's Northern Territory Photograph: David Gray/Reuters",,1,graph,3,photo|photograph|reuters,0,likely_visualization
guardian_46d5b1dc54,The Guardian,2013,IPCC,Police in firing line over growing use of Tasers,https://www.theguardian.com/uk-news/2013/sep/08/police-use-tasers-doubles-year,2013-09-08,2017-12-01,1,https://i.guim.co.uk/img/static/sys-images/Guardian/Pix/pictures/2013/9/8/1378655159688/Taser-010.jpg?width=465&dpr=1&s=none&crop=none,../Scripts/output/guardian/guardian_images/guardian_2013-09-08_guardian_46d5b1dc54_img01.jpg,"The rise in Taser use comes after the Home Office began rolling out 5,500 new weapons in 2008. Photograph: Christopher Furlong/Getty Images",,1,graph,3,getty|photo|photograph,0,likely_visualization
guardian_8a04929e23,The Guardian,2013,IPCC,Hillsborough disaster witness statements may have been altered by police – inquiry,https://www.theguardian.com/football/2013/sep/11/hillsborough-witness-statements-altered-police,2013-09-12,2017-09-20,1,https://i.guim.co.uk/img/static/sys-images/Guardian/Pix/pictures/2013/9/11/1378912271945/Hillsborough-police-008.jpg?width=465&dpr=1&s=none&crop=none,../Scripts/output/guardian/guardian_images/guardian_2013-09-12_guardian_8a04929e23_img01.jpg,Statements from fans at Hillsborough who saw the disaster unfold may have been altered by West Midlands police. Photograph: Bob Thomas/Getty Images,,1,graph,3,getty|photo|photograph,0,likely_visualization
guardian_c8474ce906,The Guardian,2013,IPCC,Baha Mousa will never get justice while the army investigates itself,https://www.theguardian.com/commentisfree/2013/sep/12/baha-mousa-justice-army-lawrence,2013-09-12,2018-01-11,1,https://i.guim.co.uk/img/static/sys-images/Guardian/Pix/pictures/2013/9/11/1378926525408/Baha-Mousa-inquiry-008.jpg?width=465&dpr=1&s=none&crop=none,../Scripts/output/guardian/guardian_images/guardian_2013-09-12_guardian_c8474ce906_img01.jpg,"A still taken from a video of a British soldier screaming abuse at hooded Iraqi detainees, played to the public inquiry into the death of Baha Mousa. Photograph: PA",,1,graph,3,photo|photograph|video,0,likely_visualization
guardian_350f061d2f,The Guardian,2013,"""carbon budget""",UK's main political parties have 'failed to show leadership on environment',https://www.theguardian.com/environment/2013/sep/13/uk-political-parties-failed-leadership-environment,2013-09-13,2021-08-25,1,https://i.guim.co.uk/img/static/sys-images/Environment/Pix/columnists/2013/9/12/1379002275774/Britains-political-leader-008.jpg?width=465&dpr=1&s=none&crop=none,../Scripts/output/guardian/guardian_images/guardian_2013-09-13_guardian_350f061d2f_img01.jpg,"(L-R) Labour leader Ed Miliband; deputy prime minister and Lib Dem leader, Nick Clegg, and Conservative prime minister, David Cameron. Photograph: Toby Melville/Reuters",,1,graph,3,photo|photograph|reuters,0,likely_visualization
guardian_a2da01e7ee,The Guardian,2013,IPCC,Police face court over refusal to hand over reports on anti-Muslim 'bias',https://www.theguardian.com/uk-news/2013/sep/13/police-court-reports-anti-muslim-bias,2013-09-13,2018-01-11,1,https://i.guim.co.uk/img/static/sys-images/Guardian/Pix/pictures/2013/9/13/1379095631255/Police-at-Heathrow-airpor-010.jpg?width=465&dpr=1&s=none&crop=none,../Scripts/output/guardian/guardian_images/guardian_2013-09-13_guardian_a2da01e7ee_img01.jpg,Schedule 7 allows police to stop people at ports and airports without reasonable suspicion that they are involved in any crime. Photograph: Andy Rain/EPA,,1,graph,3,epa|photo|photograph,0,likely_visualization
guardian_19777edd12,The Guardian,2013,"""global temperature""",Lib Dems' nuclear U-turn shows they realise we can't say 'no' to everything,https://www.theguardian.com/environment/2013/sep/16/ed-davey-nuclear-power-climate-change,2013-09-16,2021-08-25,1,https://i.guim.co.uk/img/static/sys-images/Environment/Pix/columnists/2013/9/16/1379332282110/Ed-Davey-Secretary-of-Sta-006.jpg?width=465&dpr=1&s=none&crop=none,../Scripts/output/guardian/guardian_images/guardian_2013-09-16_guardian_19777edd12_img01.jpg,"Ed Davey, energy and climate change secretary, argued for nuclear power at the Lib Dem party conference in Glasgow. Photograph: Dan Kitwood/Getty Images",,1,graph,3,getty|photo|photograph,0,likely_visualization
guardian_f4a0db1fab,The Guardian,2013,IPCC,"Case for climate change is overwhelming, say scientists",https://www.theguardian.com/environment/2013/sep/16/climate-change-case-overwhelming-scientists,2013-09-16,2021-08-25,1,https://i.guim.co.uk/img/static/sys-images/Guardian/Pix/pictures/2013/9/5/1378343668455/6415e857-f56e-46dc-869f-0ff0421e7d3a-460x276.jpeg?width=465&dpr=1&s=none&crop=none,../Scripts/output/guardian/guardian_images/guardian_2013-09-16_guardian_f4a0db1fab_img01.jpeg,"Scientists say that if humans continue with business as usual, using fossil fuels and pumping out excessive amounts of greenhouse gases, the world will be on track for a planet that is 4C warmer by the end of this century Photograph: Mick Tsikas/Reuters",,1,graph,3,photo|photograph|reuters,0,likely_visualization
guardian_05a1bca4fe,The Guardian,2013,"""global temperature""",Climate change to have double impact - study,https://www.theguardian.com/environment/earth-insight/2013/sep/18/climate-change-double-impact-study,2013-09-18,2021-08-25,1,https://i.guim.co.uk/img/static/sys-images/Guardian/Pix/pictures/2009/4/13/1239658658165/Path-of-global-warming-001.jpg?width=465&dpr=1&s=none&crop=none,../Scripts/output/guardian/guardian_images/guardian_2013-09-18_guardian_05a1bca4fe_img01.jpg,"A fisherman in the dried reservoir of Lam Takhong Dam, northeast of Bangkok, Thailand. Droughts and heatwaves are predicted to spread if average temperatures rise by 2C. Photograph: Vinay Dithajohn/EPA",,1,graph,3,epa|photo|photograph,0,likely_visualization
guardian_fb1dff92e4,The Guardian,2013,IPCC,"Majority of climate change news stories focus on uncertainty, study finds",https://www.theguardian.com/environment/2013/sep/18/climate-change-news-focus-uncertainty,2013-09-18,2021-08-25,1,https://i.guim.co.uk/img/static/sys-images/Environment/Pix/pictures/2012/11/28/1354128051713/Newspapers-are-displayed--008.jpg?width=465&dpr=1&s=none&crop=none,../Scripts/output/guardian/guardian_images/guardian_2013-09-18_guardian_fb1dff92e4_img01.jpg,The Oxford study is an analysis of 350 articles about climate change published between 2007 and 2012. Photograph: Dan Kitwood/Getty Images,,1,graph,3,getty|photo|photograph,0,likely_visualization
guardian_70b452a229,The Guardian,2013,IPCC,IPCC chairman dismisses climate report spoiler campaign,https://www.theguardian.com/environment/2013/sep/19/ipcc-chairman-climate-report,2013-09-19,2021-08-25,1,https://i.guim.co.uk/img/static/sys-images/Environment/Pix/columnists/2010/9/3/1283526905549/Chairman-of-the-IPCC-Raje-006.jpg?width=465&dpr=1&s=none&crop=none,../Scripts/output/guardian/guardian_images/guardian_2013-09-19_guardian_70b452a229_img01.jpg,"Chief of the Intergovernmental Panel on Climate Change, Rajendra Pachauri. Photograph: Elizabeth Ruiz/EPA",,1,graph,3,epa|photo|photograph,0,likely_visualization
guardian_7657eb9899,The Guardian,2013,IPCC,"John Yates, who quit Met over hacking scandal, joins shopping giant Westfield",https://www.theguardian.com/world/2013/sep/19/yates-phone-hacking-scandal-westfield,2013-09-19,2017-09-20,1,https://i.guim.co.uk/img/static/sys-images/Guardian/Pix/pictures/2011/7/18/1311002529005/FILE---John-Yates-007.jpg?width=465&dpr=1&s=none&crop=none,../Scripts/output/guardian/guardian_images/guardian_2013-09-19_guardian_7657eb9899_img01.jpg,"John Yates, who has been hired by the Australian shopping centre group Westfield. Photograph: Dan Kitwood/Getty Images",,1,graph,3,getty|photo|photograph,0,likely_visualization
guardian_9eea2898c6,The Guardian,2013,IPCC,Brendan Rodgers urges Liverpool fans to help Hillsborough review,https://www.theguardian.com/football/2013/sep/19/brendan-rodgers-hillsborough-appeal,2013-09-19,2017-12-01,1,https://i.guim.co.uk/img/static/sys-images/Football/Pix/pictures/2013/9/19/1379611547032/Brendan-Rodgers-Liverpool-008.jpg?width=465&dpr=1&s=none&crop=none,../Scripts/output/guardian/guardian_images/guardian_2013-09-19_guardian_9eea2898c6_img01.jpg,Liverpool's Brendan Rodgers says contacting IPCC may mean ‘reliving what are not nice memories’ of Hillsborough tragedy of 1989. Photograph: John Powell/Liverpool FC via Getty Images,,1,graph,3,getty|photo|photograph,0,likely_visualization
guardian_ef5007b3cf,The Guardian,2013,"""sea level rise""",Cleaner air from tackling climate change 'would save millions of lives',https://www.theguardian.com/environment/2013/sep/22/clean-air-climate-change-lives,2013-09-22,2021-08-25,1,https://i.guim.co.uk/img/static/sys-images/Environment/Pix/columnists/2013/2/28/1362065631078/-Heavy-haze-day-in-Beijin-008.jpg?width=465&dpr=1&s=none&crop=none,../Scripts/output/guardian/guardian_images/guardian_2013-09-22_guardian_ef5007b3cf_img01.jpg,"Researchers found that 300,000-700,000 premature deaths a year could be avoided in 2030, 800,000 – 1.8 million in 2050 and 1.4 million to 3 million in 2100. Photograph: Jason Lee/Reuters",,1,graph,3,photo|photograph|reuters,0,likely_visualization
guardian_8336e333ac,The Guardian,2013,"""sea level rise""",Why geoengineering suits Russia's carbon agenda,https://www.theguardian.com/environment/2013/sep/24/why-geoengineering-suits-russias-carbon-agenda,2013-09-24,2021-08-27,1,https://i.guim.co.uk/img/static/sys-images/Environment/Pix/columnists/2011/8/31/1314801635995/Geoengineering--a-rainbow-008.jpg?width=465&dpr=1&s=none&crop=none,../Scripts/output/guardian/guardian_images/guardian_2013-09-24_guardian_8336e333ac_img01.jpg,Geoengineering techniques include putting aerosols in the atmosphere to reduce the amount of solar energy reaching Earth. Photograph: Gallo Images/Getty Images Photograph: Gallo Images/Getty Images,,1,graph,3,getty|photo|photograph,0,likely_visualization
guardian_ce3b7bac66,The Guardian,2013,IPCC,"Climate Council faces ‘titanic struggle’, says Tim Flannery",https://www.theguardian.com/environment/2013/sep/24/climate-council-faces-titanic-struggle,2013-09-24,2021-08-25,1,https://i.guim.co.uk/img/static/sys-images/Guardian/Pix/audio/video/2011/3/31/1301576985379/Tim-Flannery-in-the-studi-007.jpg?width=465&dpr=1&s=none&crop=none,../Scripts/output/guardian/guardian_images/guardian_2013-09-24_guardian_ce3b7bac66_img01.jpg,Tim Flannery says the council will act 'largely in the same way as the commission'. Photograph: guardian.co.uk Photograph: guardian.co.uk,,1,graph,3,photo|photograph|video,0,likely_visualization
guardian_c729aa55a9,The Guardian,2013,IPCC,Take heart: combating climate change can happen on an individual level,https://www.theguardian.com/commentisfree/2013/sep/25/climate-change-recycling,2013-09-25,2021-08-25,1,https://i.guim.co.uk/img/static/sys-images/Guardian/Pix/pictures/2013/9/25/1380084929266/28de1461-de70-4ecd-b9c1-922eaf969d2c-2060x1236.jpeg?width=465&dpr=1&s=none&crop=none,../Scripts/output/guardian/guardian_images/guardian_2013-09-25_guardian_c729aa55a9_img01.jpeg,Recycling: ‘I started to wonder what difference my tiny efforts make in the larger scheme of things...’ Photographer: Brent Lewin/Bloomberg/Getty Photograph: Bloomberg/Bloomberg via Getty Images,,1,graph,3,getty|photo|photograph,0,likely_visualization
guardian_1834d289fd,The Guardian,2013,IPCC,IPCC climate report: last-minute Stockholm talks make slow progress,https://www.theguardian.com/environment/2013/sep/26/ipcc-climate-report-slow-progress,2013-09-26,2021-08-25,1,https://i.guim.co.uk/img/static/sys-images/Guardian/About/General/2013/9/26/1380198722565/A-drop-of-water-falls-fro-010.jpg?width=465&dpr=1&s=none&crop=none,../Scripts/output/guardian/guardian_images/guardian_2013-09-26_guardian_1834d289fd_img01.jpg,Water drips from a melting glacier: scientists are acutely conscious that they must make their report watertight. Photograph: Marcos Brindicci/Reuters,,1,graph,3,photo|photograph|reuters,0,likely_visualization
guardian_8366407324,The Guardian,2013,IPCC,How US climate change scepticism censors the business conversation,https://www.theguardian.com/sustainable-business/climate-change-scepticism-business,2013-09-26,2013-09-26,1,https://i.guim.co.uk/img/static/sys-images/Guardian/Pix/pictures/2013/9/26/1380222438754/A-Massachusetts-WRA-wind--010.jpg?width=465&dpr=1&s=none&crop=none,../Scripts/output/guardian/guardian_images/guardian_2013-09-26_guardian_8366407324_img01.jpg,"A Massachusetts Water Resources Authority wind turbine turns in front of a fossil fuel power plant in Charlestown, Massachusetts. Photograph: Brian Snyder/Reuters",,1,graph,3,photo|photograph|reuters,0,likely_visualization
guardian_933bb72778,The Guardian,2013,IPCC,Denial abounds in Australia as IPCC report lands,https://www.theguardian.com/environment/southern-crossroads/2013/sep/26/climate-change-denial-ipcc-report-australia,2013-09-26,2021-08-25,1,https://i.guim.co.uk/img/static/sys-images/Guardian/Pix/pictures/2013/1/4/1357293365117/25ff4247-903f-41b6-af10-bdffd692ccac-460.jpeg?width=465&dpr=1&s=none&crop=none,../Scripts/output/guardian/guardian_images/guardian_2013-09-26_guardian_933bb72778_img01.jpeg,"Clouds from a nearby bushfire are seen over Mount Wellington as bushfires burn across Tasmania, South Australia and Victoria as temperatures soared in January 2013. Photograph: Mark Metcalfe/Getty Images",,1,graph,3,getty|photo|photograph,0,likely_visualization
guardian_9f1310dbd0,The Guardian,2013,IPCC,"Greenhouse gas emissions from livestock can be cut by 30%, says FAO",https://www.theguardian.com/global-development/2013/sep/26/greenhouse-gas-emissions-livestock,2013-09-26,2022-10-19,1,https://i.guim.co.uk/img/static/sys-images/Guardian/Pix/pictures/2010/11/25/1290707170263/A-cow--007.jpg?width=465&dpr=1&s=none&crop=none,../Scripts/output/guardian/guardian_images/guardian_2013-09-26_guardian_9f1310dbd0_img01.jpg,"Greenhouse gas emissions associated with livestock add up to 7.1 gigatonnes of carbon dioxide equivalent per year, the FAO says. Photograph: EPA",,1,graph,3,epa|photo|photograph,0,likely_visualization
guardian_9f2f73087a,The Guardian,2013,"""sea level rise""","The Maldives, a fledgling democracy at the vanguard of climate change",https://www.theguardian.com/environment/2013/sep/26/maldives-democracy-climate-change-ipcc,2013-09-26,2021-08-25,2,https://i.guim.co.uk/img/static/sys-images/Environment/Pix/columnists/2009/12/14/1260791362547/COP15--An-areal-view-show-002.jpg?width=445&dpr=1&s=none&crop=none,../Scripts/output/guardian/guardian_images/guardian_2013-09-26_guardian_9f2f73087a_img02.jpg,"An areal view shows the Maldives capital Male'. A significantly higher estimate for future sea-level rise is expected, up to 97cm by 2100. Photograph: Reinhard Krause/Reuters",,1,graph,3,photo|photograph|reuters,0,likely_visualization
guardian_cb968b1e30,The Guardian,2013,IPCC,"Green news roundup: IPCC, wildlife comeback and energy giants",https://www.theguardian.com/environment/2013/sep/26/1,2013-09-26,2021-07-26,2,https://i.guim.co.uk/img/static/sys-images/Guardian/About/General/2012/11/13/1352819714357/A-gas-cooker-is-seen-in-B-005.jpg?width=445&dpr=1&s=none&crop=none,../Scripts/output/guardian/guardian_images/guardian_2013-09-26_guardian_cb968b1e30_img02.jpg,Getting heated: claims that traders manipulated wholesale prices of the gas market have raised questions about how well the sector is being regulated. Photograph: Nigel Roddis/Reuters,,1,graph,3,photo|photograph|reuters,0,likely_visualization
guardian_cb968b1e30,The Guardian,2013,IPCC,"Green news roundup: IPCC, wildlife comeback and energy giants",https://www.theguardian.com/environment/2013/sep/26/1,2013-09-26,2021-07-26,4,https://i.guim.co.uk/img/static/sys-images/Environment/Pix/pictures/2009/1/28/1233141399963/A-bee-collects-nectar-fro-003.jpg?width=445&dpr=1&s=none&crop=none,../Scripts/output/guardian/guardian_images/guardian_2013-09-26_guardian_cb968b1e30_img04.jpg,"A bee collects nectar from a flower in a garden in Pontevedra in this July 15, 2007 file photo. A parasite common in Asian bees has spread to Europe and the Americas and is behind the mass disappearance of honeybees in many countries, says a Spanish scientist who has been studying the phenomenon for years. REUTERS/Miguel Vidal (SPAIN) Photograph: MIGUEL VIDAL/REUTERS",,1,graph,3,photo|photograph|reuters,0,likely_visualization
guardian_0d9c60c796,The Guardian,2013,IPCC,We can't wash our hands of climate change. So let's roll up our sleeves,https://www.theguardian.com/commentisfree/2013/sep/27/climate-change-ed-miliband-energy-freeze,2013-09-27,2021-08-25,1,https://i.guim.co.uk/img/static/sys-images/Guardian/Pix/pictures/2013/9/26/1380212105488/West-Burton-Power-Station-008.jpg?width=465&dpr=1&s=none&crop=none,../Scripts/output/guardian/guardian_images/guardian_2013-09-27_guardian_0d9c60c796_img01.jpg,'Today we face a different giant evil – climate change and an energy crisis.' Photograph: Christopher Furlong/Getty Images,,1,graph,3,getty|photo|photograph,0,likely_visualization
guardian_4779145467,The Guardian,2013,"""carbon budget""",IPCC: 30 years to climate calamity if we carry on blowing the carbon budget,https://www.theguardian.com/environment/2013/sep/27/ipcc-world-dangerous-climate-change,2013-09-27,2021-08-25,1,https://i.guim.co.uk/img/static/sys-images/Guardian/Pix/pictures/2013/9/27/1380306219331/FILE---Humans-Are-Dominan-008.jpg?width=465&dpr=1&s=none&crop=none,../Scripts/output/guardian/guardian_images/guardian_2013-09-27_guardian_4779145467_img01.jpg,"Calved icebergs in Qaqortoq, Greenland. The IPCC report says the world is on the way to dangerous levels of global warming. Photograph: Joe Raedle/Getty Images",,1,graph,3,getty|photo|photograph,0,likely_visualization
guardian_4d75787bbb,The Guardian,2013,IPCC,Is the IPCC right on climate change? Just ask the world's farmers,https://www.theguardian.com/global-development/2013/sep/27/ipcc-climate-change-world-farmers,2013-09-27,2022-10-19,1,https://i.guim.co.uk/img/static/sys-images/Guardian/Pix/pictures/2013/9/27/1380299770239/MDG--Drought-in-Kenya-008.jpg?width=465&dpr=1&s=none&crop=none,../Scripts/output/guardian/guardian_images/guardian_2013-09-27_guardian_4d75787bbb_img01.jpg,"Climate change will hit poor countries hardest, the IPCC says. Above: drought-stricken goats drink from a borehole in Wargadud, Kenya. Photograph: Stephen Morrison/EPA",,1,graph,3,epa|photo|photograph,0,likely_visualization
guardian_58dd019334,The Guardian,2013,"""carbon budget""",IPCC climate report: six things we've learned,https://www.theguardian.com/environment/2013/sep/27/ipcc-climate-report-six-things-learned,2013-09-27,2021-08-25,1,https://i.guim.co.uk/img/static/sys-images/Guardian/Pix/pictures/2013/9/26/1380215810539/IPCC-Drought-011.jpg?width=465&dpr=1&s=none&crop=none,../Scripts/output/guardian/guardian_images/guardian_2013-09-27_guardian_58dd019334_img01.jpg,"Nearly dried-up area of the Jialing River, China. The IPCC report warns we are likely to surpass rises of 2C by 2100, beyond which dangerous consequences including drought, floods and storms are expected. Photograph: Diego Azubel/epa/Corbis",,1,graph,3,epa|photo|photograph,0,likely_visualization
guardian_c9c0199a4c,The Guardian,2013,IPCC,Global warming: why is IPCC report so certain about the influence of humans?,https://www.theguardian.com/environment/climate-consensus-97-per-cent/2013/sep/27/global-warming-ipcc-report-humans,2013-09-27,2021-08-25,1,https://i.guim.co.uk/img/static/sys-images/Guardian/About/General/2011/6/21/1308685137429/Greenhouse-gas-emissions-007.jpg?width=465&dpr=1&s=none&crop=none,../Scripts/output/guardian/guardian_images/guardian_2013-09-27_guardian_c9c0199a4c_img01.jpg,The IPCC is 95 percent confident that humans are the main cause of the current global warming. Photograph: Jianan Yu/Reuters,,1,graph,3,photo|photograph|reuters,0,likely_visualization
guardian_e2fd6b8b45,The Guardian,2013,"""carbon budget""",What does the IPCC report mean for business and investors?,https://www.theguardian.com/sustainable-business/blog/ipcc-report-business-investor-response,2013-09-27,2021-08-25,1,https://i.guim.co.uk/img/static/sys-images/Guardian/Pix/pictures/2013/9/27/1380301649805/France-riverbed-010.jpg?width=465&dpr=1&s=none&crop=none,../Scripts/output/guardian/guardian_images/guardian_2013-09-27_guardian_e2fd6b8b45_img01.jpg,The IPCC report has stated a 95% certainty that human activity is responsible for climate change and predicts that temperatures will continue to rise. Photograph: Stephane Mahe/ STEPHANE MAHE/Reuters/Corbis,,1,graph,3,photo|photograph|reuters,0,likely_visualization
guardian_e30b3e09d4,The Guardian,2013,"""sea level rise""",Climate change report: live reaction to IPCC conclusions,https://www.theguardian.com/environment/2013/sep/27/ipcc-climate-change-report-ar5-live-coverage,2013-09-27,2021-08-25,1,https://i.guim.co.uk/img/static/sys-images/Guardian/Pix/pictures/2013/9/26/1380228930756/Scientists-have-agreed-th-010.jpg?width=465&dpr=1&s=none&crop=none,../Scripts/output/guardian/guardian_images/guardian_2013-09-27_guardian_e30b3e09d4_img01.jpg,"The world cannot afford to bunch much more carbon, according to the IPCC and WRI. Photograph: AP Photograph: AP",,1,graph,3,ap photo|photo|photograph,0,likely_visualization
guardian_e30b3e09d4,The Guardian,2013,"""sea level rise""",Climate change report: live reaction to IPCC conclusions,https://www.theguardian.com/environment/2013/sep/27/ipcc-climate-change-report-ar5-live-coverage,2013-09-27,2021-08-25,2,https://i.guim.co.uk/img/static/sys-images/Environment/Pix/pictures/2013/9/27/1380291701457/UK-floods--008.jpg?width=465&dpr=1&s=none&crop=none,../Scripts/output/guardian/guardian_images/guardian_2013-09-27_guardian_e30b3e09d4_img02.jpg,Flooding may become more frequent in the UK as climate change turns the weather extreme. Photograph: Daniel Berehulak/Getty Images Photograph: Daniel Berehulak/Getty Images,,1,graph,3,getty|photo|photograph,0,likely_visualization
guardian_e30b3e09d4,The Guardian,2013,"""sea level rise""",Climate change report: live reaction to IPCC conclusions,https://www.theguardian.com/environment/2013/sep/27/ipcc-climate-change-report-ar5-live-coverage,2013-09-27,2021-08-25,3,https://i.guim.co.uk/img/static/sys-images/Guardian/About/General/2012/1/27/1327679544410/David-Cameron-husky-dogs--007.jpg?width=465&dpr=1&s=none&crop=none,../Scripts/output/guardian/guardian_images/guardian_2013-09-27_guardian_e30b3e09d4_img03.jpg,"David Cameron with huskies in Svalbard, Norway in 2006, part of his bid to rebrand the Conservative party as eco-friendly. Photograph: Reuters Photograph: Reuters",,1,graph,3,photo|photograph|reuters,0,likely_visualization
guardian_e30b3e09d4,The Guardian,2013,"""sea level rise""",Climate change report: live reaction to IPCC conclusions,https://www.theguardian.com/environment/2013/sep/27/ipcc-climate-change-report-ar5-live-coverage,2013-09-27,2021-08-25,6,https://i.guim.co.uk/img/static/sys-images/Guardian/Pix/pictures/2013/9/27/1380285697301/d638d42d-125c-4559-bb99-5ee18340528f-2060x1236.jpeg?width=465&dpr=1&s=none&crop=none,../Scripts/output/guardian/guardian_images/guardian_2013-09-27_guardian_e30b3e09d4_img06.jpeg,"Solar panels in Bad Hersfeld, Germany. Nick Robbins of HSBC says solar power and other 'solutions' to climate change are coming down in cost Photograph: LISI NIESNER/REUTERS Photograph: LISI NIESNER/REUTERS",,1,graph,3,photo|photograph|reuters,0,likely_visualization
guardian_e30b3e09d4,The Guardian,2013,"""sea level rise""",Climate change report: live reaction to IPCC conclusions,https://www.theguardian.com/environment/2013/sep/27/ipcc-climate-change-report-ar5-live-coverage,2013-09-27,2021-08-25,7,https://i.guim.co.uk/img/static/sys-images/Guardian/Pix/pictures/2013/9/27/1380281005501/a9678009-4d32-4398-8a39-7c1194c75386-2060x1236.jpeg?width=465&dpr=1&s=none&crop=none,../Scripts/output/guardian/guardian_images/guardian_2013-09-27_guardian_e30b3e09d4_img07.jpeg,"An aerial view of a farm near Rock Port, Missouri submerged in Missouri River flood waters Photograph: STR/Reuters/Corbis Photograph: STR/ STR/Reuters/Corbis",,1,graph,3,photo|photograph|reuters,0,likely_visualization
guardian_e30b3e09d4,The Guardian,2013,"""sea level rise""",Climate change report: live reaction to IPCC conclusions,https://www.theguardian.com/environment/2013/sep/27/ipcc-climate-change-report-ar5-live-coverage,2013-09-27,2021-08-25,8,https://i.guim.co.uk/img/static/sys-images/Guardian/Pix/pictures/2013/9/27/1380280006943/c93d97d0-329c-459b-90d8-42168137e227-2060x1236.jpeg?width=465&dpr=1&s=none&crop=none,../Scripts/output/guardian/guardian_images/guardian_2013-09-27_guardian_e30b3e09d4_img08.jpeg,British Foreign Secretary William Hague Photograph: PETER FOLEY/EPA Photograph: PETER FOLEY/EPA,,1,graph,3,epa|photo|photograph,0,likely_visualization
guardian_e30b3e09d4,The Guardian,2013,"""sea level rise""",Climate change report: live reaction to IPCC conclusions,https://www.theguardian.com/environment/2013/sep/27/ipcc-climate-change-report-ar5-live-coverage,2013-09-27,2021-08-25,11,https://i.guim.co.uk/img/static/sys-images/Environment/Pix/pictures/2013/9/26/1380211850296/Burma-cyclone-010.jpg?width=465&dpr=1&s=none&crop=none,../Scripts/output/guardian/guardian_images/guardian_2013-09-27_guardian_e30b3e09d4_img11.jpg,"A man rebuilds a house after Cyclone Nargis, which caused devastation in Burma. Photograph: Getty Images Photograph: Getty Images",,1,graph,3,getty|photo|photograph,0,likely_visualization
guardian_de6f9a78c2,The Guardian,2013,"""global temperature""",No more denial. Time to act on climate change,https://www.theguardian.com/commentisfree/2013/sep/28/observer-editorial-climate-change-government-must-act,2013-09-28,2021-08-25,1,https://i.guim.co.uk/img/static/sys-images/Observer/Pix/pictures/2013/9/28/1380384241520/Greenland-Ice-Cap-Draws-G-010.jpg?width=465&dpr=1&s=none&crop=none,../Scripts/output/guardian/guardian_images/guardian_2013-09-28_guardian_de6f9a78c2_img01.jpg,Melted water runs over the icecap in Greenland. Photograph: Uriel Sinai/Getty Images,,1,graph,3,getty|photo|photograph,0,likely_visualization
guardian_3b09822310,The Guardian,2013,"""carbon budget""","'Carbon budget' talks urgent, warns Lord Stern",https://www.theguardian.com/environment/2013/sep/29/carbon-budget-talks-urgent-ipcc-lord-stern,2013-09-29,2021-08-25,1,https://i.guim.co.uk/img/static/sys-images/Guardian/Pix/pictures/2013/9/29/1380478074950/Carbon-budget-talks-urgen-010.jpg?width=465&dpr=1&s=none&crop=none,../Scripts/output/guardian/guardian_images/guardian_2013-09-29_guardian_3b09822310_img01.jpg,"A barren landscape near Qaqortoq, Greenland. Lord Stern said: 'Delay is dangerous because greenhouse gases are accumulating in the atmosphere.' Photograph: Joe Raedle/Getty Images",,1,graph,3,getty|photo|photograph,0,likely_visualization
guardian_5133661f3d,The Guardian,2013,IPCC,Child protection agency chief under investigation over staff bullying claims,https://www.theguardian.com/society/2013/sep/29/child-protection-peter-davies-bullying-claims,2013-09-29,2017-12-01,1,https://i.guim.co.uk/img/static/sys-images/Guardian/About/General/2013/9/29/1380468766373/Peter-Davies-of-the-child-010.jpg?width=465&dpr=1&s=none&crop=none,../Scripts/output/guardian/guardian_images/guardian_2013-09-29_guardian_5133661f3d_img01.jpg,"Peter Davies, head of the Child Exploitation and Online Protection Centre, has not been suspended and remains in his post. Photograph: Toussaint Kluiters/EPA",,1,graph,3,epa|photo|photograph,0,likely_visualization
guardian_68815ea50b,The Guardian,2013,"""sea level rise""",We need action not egos in climate-change debate,https://www.theguardian.com/environment/2013/sep/29/action-not-egos-climate-change-debate,2013-09-29,2021-08-27,1,https://i.guim.co.uk/img/static/sys-images/Guardian/Pix/pictures/2013/9/29/1380470289039/chimneys-008.jpg?width=465&dpr=1&s=none&crop=none,../Scripts/output/guardian/guardian_images/guardian_2013-09-29_guardian_68815ea50b_img01.jpg,'The public should be thanking climate scientists for an open and honest assessment of uncertainty'. Photograph: Peter Andrews/Reuters,,1,graph,3,photo|photograph|reuters,0,likely_visualization
guardian_40ed711e7a,The Guardian,2013,"""carbon budget""",Australia has a chance to slow global warming down – but will it take it?,https://www.theguardian.com/commentisfree/2013/oct/02/australia-mining-alpha,2013-10-02,2021-08-25,1,https://i.guim.co.uk/img/static/sys-images/Guardian/Pix/pictures/2013/10/2/1380695134364/c19212f3-e2ce-488b-9293-932aa91f73f8-2060x1236.jpeg?width=465&dpr=1&s=none&crop=none,../Scripts/output/guardian/guardian_images/guardian_2013-10-02_guardian_40ed711e7a_img01.jpeg,"'The expansion of the Australian coal export industry is strongly supported by the new, enthusiastically pro-mining conservative government'. Photograph: Mick Tsikas/Reuters Photograph: MICK TSIKAS/REUTERS",,1,graph,3,photo|photograph|reuters,0,likely_visualization
guardian_a00e38e760,The Guardian,2013,IPCC,IPCC: Europe has been warming faster than the global average,https://www.theguardian.com/environment/2013/oct/02/ipcc-europe-warming-faster-global-average,2013-10-02,2021-08-27,1,https://i.guim.co.uk/img/static/sys-images/Guardian/Pix/pictures/2013/10/2/1380705495417/89918e8c-62ae-43c2-8cfd-0697a6a6aba5-2060x1236.jpeg?width=465&dpr=1&s=none&crop=none,../Scripts/output/guardian/guardian_images/guardian_2013-10-02_guardian_a00e38e760_img01.jpeg,The IPCC climate report says scientists are 95% certain that humans are the cause of global warming Photograph: Jordan Mansfield/Getty Images Photograph: Jordan Mansfield/Getty Images,,1,graph,3,getty|photo|photograph,0,likely_visualization
guardian_936dbde1e2,The Guardian,2013,"""carbon budget""","UK carbon budget should not change, Ed Davey told",https://www.theguardian.com/environment/2013/oct/03/climate-change-uk-carbon-targets,2013-10-03,2021-08-25,1,https://i.guim.co.uk/img/static/sys-images/Guardian/Pix/cartoons/2013/9/27/1380298146600/George-Osborne-010.jpg?width=465&dpr=1&s=none&crop=none,../Scripts/output/guardian/guardian_images/guardian_2013-10-03_guardian_936dbde1e2_img01.jpg,"George Osborne has made no secret of his wish to loosen UK's carbon budget, but will find difficult to go against the advice of climate change committee. Photograph: Suzanne Plunkett/Reuters",,1,graph,3,photo|photograph|reuters,0,likely_visualization
guardian_bc6afceb80,The Guardian,2013,IPCC,IPCC report makes US meteorologist cry – and give up flying,https://www.theguardian.com/environment/2013/oct/03/ipcc-climate-report-eric-holthaus,2013-10-03,2021-08-25,1,https://i.guim.co.uk/img/static/sys-images/Guardian/Pix/audio/video/2012/12/13/1355423659311/An-ariel-view-of-flooding-008.jpg?width=465&dpr=1&s=none&crop=none,../Scripts/output/guardian/guardian_images/guardian_2013-10-03_guardian_bc6afceb80_img01.jpg,An ariel view of flooding caused by hurricane Sandy in New Jersey. Meteorologist Eric Holthaus has been flooded with email about how individuals should respond to climate change. Photograph: guardian.co.uk,,1,graph,3,photo|photograph|video,0,likely_visualization
guardian_7a18b3aaf7,The Guardian,2013,"""carbon budget""",UK government should 'stay the course' on climate change policies,https://www.theguardian.com/environment/2013/oct/09/uk-government-climate-change-angel-gurria,2013-10-09,2021-08-25,1,https://i.guim.co.uk/img/static/sys-images/Environment/Pix/columnists/2013/10/9/1381334725990/OECD-Secretary-General-Jo-008.jpg?width=465&dpr=1&s=none&crop=none,../Scripts/output/guardian/guardian_images/guardian_2013-10-09_guardian_7a18b3aaf7_img01.jpg,"OECD secretary-general, Ángel Gurría, said the UK had been 'exemplary' on climate change. Photograph: Junko Kimura/Getty Images",,1,graph,3,getty|photo|photograph,0,likely_visualization
guardian_7a3297cd3b,The Guardian,2013,IPCC,Police watchdog takes Met to court in standoff over schedule 7 complaints,https://www.theguardian.com/uk-news/2013/oct/10/ipcc-met-police-court-schedule-7,2013-10-10,2018-01-11,1,https://i.guim.co.uk/img/static/sys-images/Guardian/Pix/pictures/2013/10/10/1381427809799/Scotland-Yard-006.jpg?width=465&dpr=1&s=none&crop=none,../Scripts/output/guardian/guardian_images/guardian_2013-10-10_guardian_7a3297cd3b_img01.jpg,Scotland Yard was ordered in February to investigate complaints over the use of schedule 7 powers. Photograph: Facundo Arrizabalaga/EPA,,1,graph,3,epa|photo|photograph,0,likely_visualization
guardian_a1b538dbfa,The Guardian,2013,IPCC,Memo to sceptics of a low-carbon world – 'it's happening',https://www.theguardian.com/environment/blog/2013/oct/10/low-carbon-world-sceptics-climate-change,2013-10-10,2021-08-25,2,https://i.guim.co.uk/img/static/sys-images/Environment/Pix/columnists/2013/10/10/1381400237197/1010-global-its-happening-008.jpg?width=445&dpr=1&s=none&crop=none,../Scripts/output/guardian/guardian_images/guardian_2013-10-10_guardian_a1b538dbfa_img02.jpg,One of Brighton's busiest routes just got safer for cycling. Lewes Road now has separate bike paths and dedicated bus lanes. Photograph: Brighton Bike Train/10:10,,1,graph,3,epa|photo|photograph,0,likely_visualization
guardian_1026e06f80,The Guardian,2013,IPCC,"Schedule 7 powers too intrusive, says committee",https://www.theguardian.com/law/2013/oct/11/schedule-7-powers-intrusive-committee,2013-10-11,2017-12-01,1,https://i.guim.co.uk/img/static/sys-images/Guardian/Pix/pictures/2013/10/11/1381507139105/David-Miranda-008.jpg?width=465&dpr=1&s=none&crop=none,../Scripts/output/guardian/guardian_images/guardian_2013-10-11_guardian_1026e06f80_img01.jpg,David Miranda was detained under schedule 7 powers for nine hours in August. Photograph: Ricardo Moraes/Reuters,,1,graph,3,photo|photograph|reuters,0,likely_visualization
guardian_81047d3806,The Guardian,2013,IPCC,Climate change: are companies prepared for the impact?,https://www.theguardian.com/sustainable-business/climate-change-companies-supply-chain-impact,2013-10-11,2021-08-25,2,https://i.guim.co.uk/img/static/sys-images/Guardian/Pix/pictures/2013/10/11/1381507179024/Celine-Herweijer-003.jpg?width=445&dpr=1&s=none&crop=none,../Scripts/output/guardian/guardian_images/guardian_2013-10-11_guardian_81047d3806_img02.jpg,Photograph: PwC,,1,graph,3,epa|photo|photograph,0,likely_visualization
guardian_81047d3806,The Guardian,2013,IPCC,Climate change: are companies prepared for the impact?,https://www.theguardian.com/sustainable-business/climate-change-companies-supply-chain-impact,2013-10-11,2021-08-25,3,https://i.guim.co.uk/img/static/sys-images/Guardian/Pix/pictures/2013/10/11/1381507678834/Richard-Parmenter-003.jpg?width=445&dpr=1&s=none&crop=none,../Scripts/output/guardian/guardian_images/guardian_2013-10-11_guardian_81047d3806_img03.jpg,Photograph: GSK,,1,graph,3,epa|photo|photograph,0,likely_visualization
guardian_b2704146a1,The Guardian,2013,IPCC,"Police colluded in secret plan to blacklist 3,200 building workers",https://www.theguardian.com/business/2013/oct/12/police-blacklist-construction-workers-watchdog,2013-10-12,2018-01-11,1,https://i.guim.co.uk/img/static/sys-images/Observer/Pix/pictures/2013/10/12/1381600537650/A-worker-lays-bricks-at-a-010.jpg?width=465&dpr=1&s=none&crop=none,../Scripts/output/guardian/guardian_images/guardian_2013-10-12_guardian_b2704146a1_img01.jpg,The admission of collusion has been welcomed by those campaigning for victims. Photograph: Neil Hall/Reuters,,1,graph,3,photo|photograph|reuters,0,likely_visualization
guardian_e44f42cf85,The Guardian,2013,IPCC,Theresa May questioned by home affairs committee: Politics live blog,https://www.theguardian.com/politics/2013/oct/15/cameron-launches-plan-to-cut-eu-red-tape-politics-live-blog,2013-10-15,2017-09-20,4,https://i.guim.co.uk/img/static/sys-images/Guardian/Pix/pictures/2013/10/15/1381837518334/5b3d7112-4243-4192-9f7d-ee7fefcace89-2060x1236.jpeg?width=465&dpr=1&s=none&crop=none,../Scripts/output/guardian/guardian_images/guardian_2013-10-15_guardian_e44f42cf85_img04.jpeg,Andrew Mitchell. Photograph: Stefan Wermuth/Reuters Photograph: STEFAN WERMUTH/REUTERS,,1,graph,3,photo|photograph|reuters,0,likely_visualization
guardian_e44f42cf85,The Guardian,2013,IPCC,Theresa May questioned by home affairs committee: Politics live blog,https://www.theguardian.com/politics/2013/oct/15/cameron-launches-plan-to-cut-eu-red-tape-politics-live-blog,2013-10-15,2017-09-20,6,https://i.guim.co.uk/img/static/sys-images/Guardian/Pix/pictures/2013/10/15/1381827446964/8b223e7b-9cf0-41fe-8efe-e838a2d54677-2060x1236.jpeg?width=465&dpr=1&s=none&crop=none,../Scripts/output/guardian/guardian_images/guardian_2013-10-15_guardian_e44f42cf85_img06.jpeg,George Osborne shakes hands with the Chinese vice-premier Ma Kai after a signing ceremony at the Diaoyutai Guesthouse in Beijing. Photograph: Kota Endo-pool/AP Photograph: Kota Endo-pool/AP,,1,graph,3,ap photo|photo|photograph,0,likely_visualization
guardian_7956f8ad31,The Guardian,2013,IPCC,"Andrew Mitchell is owed apology over Plebgate row, says David Cameron",https://www.theguardian.com/politics/2013/oct/16/andrew-mitchell-apology-plebgate-david-cameron-police,2013-10-16,2017-09-20,1,https://i.guim.co.uk/img/static/sys-images/Guardian/Pix/pictures/2013/10/16/1381926679296/David-Cameron-011.jpg?width=465&dpr=1&s=none&crop=none,../Scripts/output/guardian/guardian_images/guardian_2013-10-16_guardian_7956f8ad31_img01.jpg,"David Cameron told MPs he agreed with the home secretary, who said police should take disciplinary action against the officers. Photograph: Dan Kitwood/Getty Images",,1,graph,3,getty|photo|photograph,0,likely_visualization
guardian_c4555280c5,The Guardian,2013,IPCC,David Cameron and Ed Miliband at PMQs: Politics live blog,https://www.theguardian.com/politics/2013/oct/16/supreme-court-rules-on-prisoner-voting-and-pmqs-politics-live-blog,2013-10-16,2017-06-09,4,https://i.guim.co.uk/img/static/sys-images/Guardian/Pix/pictures/2013/10/16/1381911324199/01c248f0-6a7e-4340-a614-ba210e905a95-2060x1236.jpeg?width=465&dpr=1&s=none&crop=none,../Scripts/output/guardian/guardian_images/guardian_2013-10-16_guardian_c4555280c5_img04.jpeg,Boris Johnson on a subway train in Beijing. Photograph: CHINA DAILY/REUTERS Photograph: CHINA DAILY/REUTERS,,1,graph,3,photo|photograph|reuters,0,likely_visualization
guardian_88dd14eb85,The Guardian,2013,IPCC,"We need to talk about bushfires and climate change – if not now, when?",https://www.theguardian.com/world/2013/oct/21/we-need-to-talk-about-bushfires-and-climate-change-if-not-now-when,2013-10-21,2021-08-25,1,https://i.guim.co.uk/img/static/sys-images/Guardian/Pix/pictures/2013/10/21/1382328501113/dd71606b-6714-4c63-9e49-b295e8d4da97-2060x1236.jpeg?width=465&dpr=1&s=none&crop=none,../Scripts/output/guardian/guardian_images/guardian_2013-10-21_guardian_88dd14eb85_img01.jpeg,Report after report has pointed to climate change increasing the likelihood of conditions that pose the greatest risk for fire. Photograph: Stringer/Australia/Reuters Photograph: STRINGER/AUSTRALIA/REUTERS,,1,graph,3,photo|photograph|reuters,0,likely_visualization
guardian_93c6ec1d4c,The Guardian,2013,IPCC,Hinkley Point nuclear power station deal announced: Politics live blog,https://www.theguardian.com/politics/2013/oct/21/hinkley-point-nuclear-power-station-deal-announced-politics-live-blog,2013-10-21,2018-02-14,5,https://i.guim.co.uk/img/static/sys-images/Guardian/Pix/pictures/2013/10/21/1382347271839/4db88586-dbec-4c12-a600-4917bef8e310-1024x768.jpeg?width=465&dpr=1&s=none&crop=none,../Scripts/output/guardian/guardian_images/guardian_2013-10-21_guardian_93c6ec1d4c_img05.jpeg,Caroline Flint. Photograph: Oli Scarff/Getty Images Photograph: Oli Scarff/Getty Images,,1,graph,3,getty|photo|photograph,0,likely_visualization
guardian_93c6ec1d4c,The Guardian,2013,IPCC,Hinkley Point nuclear power station deal announced: Politics live blog,https://www.theguardian.com/politics/2013/oct/21/hinkley-point-nuclear-power-station-deal-announced-politics-live-blog,2013-10-21,2018-02-14,9,https://i.guim.co.uk/img/static/sys-images/Guardian/Pix/pictures/2013/10/21/1382343797581/3c09b60b-2862-4303-bc28-57e920770842-2060x1236.jpeg?width=465&dpr=1&s=none&crop=none,../Scripts/output/guardian/guardian_images/guardian_2013-10-21_guardian_93c6ec1d4c_img09.jpeg,David Cameron. Photograph: Matt Cardy/Getty Images Photograph: Matt Cardy/Getty Images,,1,graph,3,getty|photo|photograph,0,likely_visualization
guardian_22ad780d11,The Guardian,2013,IPCC,Tony Abbott says UN climate head is 'talking through her hat' about fires,https://www.theguardian.com/world/2013/oct/23/abbott-figueres-talking-hat-bushfires,2013-10-22,2021-08-25,1,https://i.guim.co.uk/img/static/sys-images/Guardian/Pix/pictures/2013/10/23/1382484628147/32b40e31-8498-4220-9218-beb647acf7ef-2060x1236.jpeg?width=465&dpr=1&s=none&crop=none,../Scripts/output/guardian/guardian_images/guardian_2013-10-22_guardian_22ad780d11_img01.jpeg,"Bushfires are 'not a function of climate change': Tony Abbott and the federal MP for Macquarie, Louise Markus, receive a Rural Fire Service briefing about fires in the Blue Mountains. Photograph: Dan Himbrechts/AAP Photograph: DAN HIMBRECHTS/AAPIMAGE",,1,graph,3,ap photo|photo|photograph,0,likely_visualization
guardian_539b51fdc9,The Guardian,2013,IPCC,Bushfires: Coalition deploys straw man against burning issue of climate change,https://www.theguardian.com/world/2013/oct/24/bushfires-coalition-straw-man-against-burning-issue,2013-10-24,2021-08-25,1,https://i.guim.co.uk/img/static/sys-images/Guardian/Pix/audio/video/2013/10/22/1382441428312/Bushfires-in-New-South-Wa-012.jpg?width=465&dpr=1&s=none&crop=none,../Scripts/output/guardian/guardian_images/guardian_2013-10-24_guardian_539b51fdc9_img01.jpg,Firefighters on duty in NSW this week. Photograph: REX/Sam Mooy/Newspix Photograph: REX/Sam Mooy/Newspix,,1,graph,3,photo|photograph|video,0,likely_visualization
guardian_7a92719b2a,The Guardian,2013,"""carbon budget""","IPCC's 'carbon budget' will not drive Warsaw talks, says Christiana Figueres",https://www.theguardian.com/environment/2013/oct/24/ipcc-carbon-budget-warsaw-climate-change-christiana-figueres,2013-10-24,2021-08-25,1,https://i.guim.co.uk/img/static/sys-images/Guardian/Pix/pictures/2013/10/24/1382614927654/Executive-secretary-of-UN-008.jpg?width=465&dpr=1&s=none&crop=none,../Scripts/output/guardian/guardian_images/guardian_2013-10-24_guardian_7a92719b2a_img01.jpg,Executive secretary of UNFCCC Christiana Figueres. Photograph: Jeon Heon-Kyun/EPA,,1,graph,3,epa|photo|photograph,0,likely_visualization
guardian_4a71baf079,The Guardian,2013,"""carbon budget""",Fighting the fuel giants for a fully renewable future,https://www.theguardian.com/commentisfree/2013/oct/25/climate-change-exxon-fossil-fuel,2013-10-25,2021-08-25,1,https://i.guim.co.uk/img/static/sys-images/Guardian/Pix/pictures/2013/10/25/1382675590226/68e5e960-ade0-4451-bc54-db913d897b51-2060x1236.jpeg?width=465&dpr=1&s=none&crop=none,../Scripts/output/guardian/guardian_images/guardian_2013-10-25_guardian_4a71baf079_img01.jpeg,PetroChina's oil rigs dig the banks of a snow covered lake in Daqing. Photograph: AP Photograph: AP,,1,graph,3,ap photo|photo|photograph,0,likely_visualization
guardian_19b59bb079,The Guardian,2013,"""carbon budget""","Australia should cut carbon emissions by at least 25% by 2020, says report",https://www.theguardian.com/environment/2013/oct/28/australia-should-reduce-carbon-emissions-by-at-least-25-by-2020,2013-10-28,2016-10-27,1,https://i.guim.co.uk/img/static/sys-images/Guardian/Pix/pictures/2013/10/28/1382927222587/d31aedc4-751a-4d99-9b12-b9c396a8c41a-2060x1236.jpeg?width=465&dpr=1&s=none&crop=none,../Scripts/output/guardian/guardian_images/guardian_2013-10-28_guardian_19b59bb079_img01.jpeg,Australia has already used up between 66% and 84% of its share of a 'carbon budget'. Photograph: Tim Wimbourne/REUTERS Photograph: TIM WIMBORNE/REUTERS,,1,graph,3,photo|photograph|reuters,0,likely_visualization
guardian_2744b2b197,The Guardian,2013,IPCC,Fossil fuels divestment campaign is gathering momentum,https://www.theguardian.com/environment/2013/oct/29/fossil-fuels-divestment-campaign-gather-momentum,2013-10-29,2021-08-25,1,https://i.guim.co.uk/img/static/sys-images/Environment/Pix/columnists/2013/6/26/1372251247163/Fossil-fuels-import--a-st-006.jpg?width=465&dpr=1&s=none&crop=none,../Scripts/output/guardian/guardian_images/guardian_2013-10-29_guardian_2744b2b197_img01.jpg,"The Fossil Free Europe tour is a divestment road show with stops in Berlin, Amsterdam, Edinburgh, Birmingham and London. Photograph: Chris Ratcliffe/Getty Images",,1,graph,3,getty|photo|photograph,0,likely_visualization
guardian_e1dbd19fce,The Guardian,2013,IPCC,"One third of Australia's media coverage rejects climate science, study finds",https://www.theguardian.com/environment/2013/oct/30/one-third-of-australias-media-coverage-rejects-climate-science-study-finds,2013-10-30,2021-08-25,1,https://i.guim.co.uk/img/static/sys-images/Guardian/Pix/pictures/2013/10/30/1383121308269/1d9fb9d0-8ae9-48fc-9380-17ce518c4057-1024x768.jpeg?width=465&dpr=1&s=none&crop=none,../Scripts/output/guardian/guardian_images/guardian_2013-10-30_guardian_e1dbd19fce_img01.jpeg,"Herald-Sun columnist and climate change sceptic, Andrew Bolt, monopolised coverage of the topic in high-circulation News Corporation titles. Photograph: Julian Smith/AAP Photograph: Julian Smith/AAP",,1,graph,3,ap photo|photo|photograph,0,likely_visualization
guardian_5b5fc3121b,The Guardian,2013,IPCC,Climate scientists want business leader to apologise for 'serious slur',https://www.theguardian.com/science/2013/nov/01/scientists-demand-apology-david-murray,2013-11-01,2021-08-25,1,https://i.guim.co.uk/img/static/sys-images/Guardian/Pix/pictures/2013/11/1/1383289242440/da3848cb-38bd-4bf7-8512-ac94dcdce625-620x372.jpeg?width=465&dpr=1&s=none&crop=none,../Scripts/output/guardian/guardian_images/guardian_2013-11-01_guardian_5b5fc3121b_img01.jpeg,David Murray believes 'the climate problem is severely overstated'. Photograph: William West/EPA Photograph: WILLIAM WEST/EPA,,1,graph,3,epa|photo|photograph,0,likely_visualization
guardian_3459379c96,The Guardian,2013,"""1.5C""",Britain braces for more storms as wind and heavy rain forecast,https://www.theguardian.com/uk-news/2013/nov/02/britain-storms-wind-rain,2013-11-02,2018-03-03,1,https://i.guim.co.uk/img/static/sys-images/Guardian/Pix/pictures/2013/11/2/1383395487136/Waves-crash-against-a-lig-009.jpg?width=465&dpr=1&s=none&crop=none,../Scripts/output/guardian/guardian_images/guardian_2013-11-02_guardian_3459379c96_img01.jpg,Waves crash against a lighthouse in Newhaven during last weekend's storm. Photograph: Luke Macgregor/Reuters,,1,graph,3,photo|photograph|reuters,0,likely_visualization
guardian_5c377c20d8,The Guardian,2013,IPCC,"Plebgate damaged trust in police, says head of policing body",https://www.theguardian.com/politics/2013/nov/03/plebgate-damaged-trust-police,2013-11-03,2018-03-13,1,https://i.guim.co.uk/img/static/sys-images/Guardian/Pix/pictures/2013/11/3/1383479211878/Andrew-Mitchell-former-To-009.jpg?width=465&dpr=1&s=none&crop=none,../Scripts/output/guardian/guardian_images/guardian_2013-11-03_guardian_5c377c20d8_img01.jpg,"Andrew Mitchell, who stepped down as Tory chief whip last year after he was alleged to have called officers 'fucking plebs' at the gates of Downing Street. Photograph: Dan Kitwood/Getty Images",,1,graph,3,getty|photo|photograph,0,likely_visualization
guardian_6b30d1209b,The Guardian,2013,IPCC,Esther Rantzen claims she had first-hand experience of police lies,https://www.theguardian.com/tv-and-radio/2013/nov/03/esther-rantzen-claims-police-lies,2013-11-03,2018-03-13,1,https://i.guim.co.uk/img/static/sys-images/Guardian/Pix/pictures/2013/11/3/1383504994522/Esther-Rantzen--008.jpg?width=465&dpr=1&s=none&crop=none,../Scripts/output/guardian/guardian_images/guardian_2013-11-03_guardian_6b30d1209b_img01.jpg,Esther Rantzen says they did not take the matter further because they did not think they would have much chance against the word of a police officer. Photograph: Chris Jackson/Getty Images,,1,graph,3,getty|photo|photograph,0,likely_visualization
guardian_efefcfb0e8,The Guardian,2013,"""global temperature""",Warsaw climate talks warned time is running out to close 'emissions gap',https://www.theguardian.com/environment/2013/nov/05/warsaw-climate-talks-emissions-gap,2013-11-05,2021-08-25,1,https://i.guim.co.uk/img/static/sys-images/Guardian/Pix/pictures/2013/11/5/1383645044298/182a9000-295a-4d19-af12-4598b495699a-2060x1236.jpeg?width=465&dpr=1&s=none&crop=none,../Scripts/output/guardian/guardian_images/guardian_2013-11-05_guardian_efefcfb0e8_img01.jpeg,"Coal-fired power plants such as this one in Peitz, Germany, mean the gap between temperatures are unlikely to be kept to 'safe' levels of warming, according to a Unep report Photograph: Sean Gallup/Getty Images",,1,graph,3,getty|photo|photograph,0,likely_visualization
guardian_39f6ae4093,The Guardian,2013,IPCC,Election ploy: why John Howard put climate scepticism on hold in 2006,https://www.theguardian.com/world/2013/nov/06/election-ploy-john-howard-climate,2013-11-06,2021-08-25,1,https://i.guim.co.uk/img/static/sys-images/Guardian/Pix/pictures/2013/11/6/1383714004215/John-Howard-010.jpg?width=465&dpr=1&s=none&crop=none,../Scripts/output/guardian/guardian_images/guardian_2013-11-06_guardian_39f6ae4093_img01.jpg,"John Howard speaks at a press conference in London on Tuesday with Global Warming Policy Foundation director Benny Peiser, left. Photograph: Julian Drape/AAP Photograph: Julian Drape/AAP",,1,graph,3,ap photo|photo|photograph,0,likely_visualization
guardian_944ae6e05f,The Guardian,2013,IPCC,CO2 levels hit record high,https://www.theguardian.com/environment/2013/nov/06/co2-levels-hit-record-high,2013-11-06,2021-08-25,1,https://i.guim.co.uk/img/static/sys-images/Guardian/Pix/pictures/2013/11/5/1383666209140/21890d4b-1a05-428b-82f7-f2f0b9e86e5e-2060x1236.jpeg?width=465&dpr=1&s=none&crop=none,../Scripts/output/guardian/guardian_images/guardian_2013-11-06_guardian_944ae6e05f_img01.jpeg,"A man fishes in an artificial lake outside Belchatow Power Station, Europe's largest coal-fired power plant, October 31, 2013. Photograph: KACPER PEMPEL/REUTERS Photograph: KACPER PEMPEL/REUTERS",,1,graph,3,photo|photograph|reuters,0,likely_visualization
guardian_11f263eef3,The Guardian,2013,IPCC,"Green news roundup: Food waste, Australia's coal and rediscovered toad",https://www.theguardian.com/environment/2013/nov/07/green-news-roundup-food-waste,2013-11-07,2021-07-26,3,https://i.guim.co.uk/img/static/sys-images/Guardian/Pix/audio/video/2013/11/5/1383672468733/Polar-bears-fight-for-sur-001.jpg?width=445&dpr=1&s=none&crop=none,../Scripts/output/guardian/guardian_images/guardian_2013-11-07_guardian_11f263eef3_img03.jpg,Polar bears fight for survival as sea ice melts Photograph: Guardian,,1,graph,3,photo|photograph|video,0,likely_visualization
guardian_693bb454a8,The Guardian,2013,"""carbon budget""",Nick Clegg to say he won't allow government U-turn on environment,https://www.theguardian.com/environment/2013/nov/07/nick-clegg-energy-carbon-budget-speech,2013-11-07,2021-08-25,1,https://i.guim.co.uk/img/static/sys-images/Environment/Pix/pictures/2013/11/6/1383760550329/Nick-Clegg--008.jpg?width=465&dpr=1&s=none&crop=none,../Scripts/output/guardian/guardian_images/guardian_2013-11-07_guardian_693bb454a8_img01.jpg,Deputy prime minister Nick Clegg is opposing George Osborne's plan to cut carbon budget. Photograph: Peter Macdiarmid/Getty Images,,1,graph,3,getty|photo|photograph,0,likely_visualization
guardian_1d60b814a7,The Guardian,2013,IPCC,Is Poland’s coal and climate summit outrageous or irrelevant?,https://www.theguardian.com/environment/2013/nov/08/polands-coal-climate-summit-outrageous-irrelevant,2013-11-08,2018-02-14,1,https://i.guim.co.uk/img/static/sys-images/Environment/Pix/columnists/2011/9/12/1315837331507/Damian-blog--coal-in-Pola-006.jpg?width=465&dpr=1&s=none&crop=none,../Scripts/output/guardian/guardian_images/guardian_2013-11-08_guardian_1d60b814a7_img01.jpg,"A worker walks past freshly-mined, high quality coal awaiting transport on a train at the Wieczorek coal mine. Photograph: Sean Gallup/Getty Images Photograph: Sean Gallup/Getty Images",,1,graph,3,getty|photo|photograph,0,likely_visualization
guardian_acefabfa88,The Guardian,2013,IPCC,Typhoon Haiyan hits Philippines – as it happened,https://www.theguardian.com/world/2013/nov/08/typhoon-haiyan-hits-philippines-live-updates,2013-11-08,2018-09-11,2,https://i.guim.co.uk/img/static/sys-images/Guardian/Pix/pictures/2013/11/8/1383918011661/7035ae8c-73ec-4f83-99f0-a0af8ac80f9c-2060x1236.jpeg?width=465&dpr=1&s=none&crop=none,../Scripts/output/guardian/guardian_images/guardian_2013-11-08_guardian_acefabfa88_img02.jpeg,"A Philippine Airlines plane lands at Manila's international airport, Philippines, 08 November 2013. The civil aviation authority said 12 airports had closed Photograph: Francis R Malasig/EPA Photograph: FRANCIS R. MALASIG/EPA",,1,graph,3,epa|photo|photograph,0,likely_visualization
guardian_acefabfa88,The Guardian,2013,IPCC,Typhoon Haiyan hits Philippines – as it happened,https://www.theguardian.com/world/2013/nov/08/typhoon-haiyan-hits-philippines-live-updates,2013-11-08,2018-09-11,4,https://i.guim.co.uk/img/static/sys-images/Guardian/Pix/pictures/2013/11/8/1383911586477/75a7c977-abc7-4e9f-821f-fa3dcd567647-2060x1236.jpeg?width=465&dpr=1&s=none&crop=none,../Scripts/output/guardian/guardian_images/guardian_2013-11-08_guardian_acefabfa88_img04.jpeg,"A man walks past a tree uprooted by strong winds brought by super Typhoon Haiyan that hit Cebu city, central Philippines. Photograph: Stringer/philippines/Reuters Photograph: STRINGER/PHILIPPINES/REUTERS",,1,graph,3,photo|photograph|reuters,0,likely_visualization
guardian_86068bb93d,The Guardian,2013,"""sea level rise""","IPCC chairman: we may ""pass on a lousy, spoilt and defiled planet""",https://www.theguardian.com/sustainable-business/ippc-pachauri-climate-change-spoilt-defiled-planet,2013-11-09,2013-11-11,1,https://i.guim.co.uk/img/static/sys-images/Guardian/Pix/pictures/2010/11/19/1290166813091/Rajendra-Pachauri-chairma-006.jpg?width=465&dpr=1&s=none&crop=none,../Scripts/output/guardian/guardian_images/guardian_2013-11-09_guardian_86068bb93d_img01.jpg,"Rajendra Pachauri, chairman of the United Nation's Intergovernmental Panel on Climate Change Photograph: Chip Somodevilla/Getty Images",,1,graph,3,getty|photo|photograph,0,likely_visualization
guardian_97861e083c,The Guardian,2013,"""carbon budget""",UK urged to maintain leadership on green issues on eve of Warsaw talks,https://www.theguardian.com/environment/2013/nov/10/uk-green-issues-warsaw-climate-change-talks,2013-11-10,2021-08-25,1,https://i.guim.co.uk/img/static/sys-images/Guardian/Pix/pictures/2013/11/10/1384101535043/Connie-Hedegaard-011.jpg?width=465&dpr=1&s=none&crop=none,../Scripts/output/guardian/guardian_images/guardian_2013-11-10_guardian_97861e083c_img01.jpg,"Connie Hedegaard, European commissioner for climate change: 'I hope the UK will be strong.' Photograph: Julien Warnand/EPA",,1,graph,3,epa|photo|photograph,0,likely_visualization
guardian_0c57eb262f,The Guardian,2013,"""sea level rise""",US fears climate talks will focus on compensation for extreme weather,https://www.theguardian.com/environment/2013/nov/13/climate-talks-typhoon-haiyan-philippines,2013-11-13,2021-08-25,1,https://i.guim.co.uk/img/static/sys-images/Guardian/Pix/pictures/2013/11/12/1384283614436/Debris-and-ruins-in-Taclo-004.jpg?width=465&dpr=1&s=none&crop=none,../Scripts/output/guardian/guardian_images/guardian_2013-11-13_guardian_0c57eb262f_img01.jpg,"Typhoon Haiyan battered Tacloban city in Philippines, killing thousands and displacing many more. Photograph: Erik de Castro/Reuters",,1,graph,3,photo|photograph|reuters,0,likely_visualization
guardian_68674e0397,The Guardian,2013,"""global temperature""",Is climate change to blame for Typhoon Haiyan?,https://www.theguardian.com/world/2013/nov/12/typhoon-haiyan-climate-change-blame-philippines,2013-11-13,2021-08-25,1,https://i.guim.co.uk/img/static/sys-images/Guardian/About/General/2013/11/12/1384279754034/Tacloban-City-Philippines-009.jpg?width=465&dpr=1&s=none&crop=none,../Scripts/output/guardian/guardian_images/guardian_2013-11-13_guardian_68674e0397_img01.jpg,"People walk among the debris of Tacloban, the Philippine city devastated by Typhoon Haiyan. Photograph: Erik De Castro/Reuters",,1,graph,3,photo|photograph|reuters,0,likely_visualization
guardian_68674e0397,The Guardian,2013,"""global temperature""",Is climate change to blame for Typhoon Haiyan?,https://www.theguardian.com/world/2013/nov/12/typhoon-haiyan-climate-change-blame-philippines,2013-11-13,2021-08-25,3,https://i.guim.co.uk/img/static/sys-images/Guardian/About/General/2013/11/12/1384271100467/Damage-in-New-Jersey-in-t-009.jpg?width=445&dpr=1&s=none&crop=none,../Scripts/output/guardian/guardian_images/guardian_2013-11-13_guardian_68674e0397_img03.jpg,Damage in New Jersey in the aftermath of hurricane Sandy in 2012. Photograph: Reuters,,1,graph,3,photo|photograph|reuters,0,likely_visualization
guardian_24c38d5c75,The Guardian,2013,IPCC,Hogan-Howe's work with Hillsborough families was 'a shambles',https://www.theguardian.com/football/2013/nov/16/police-hillsborough-victims-families-shambles-lowe,2013-11-16,2018-01-11,1,https://i.guim.co.uk/img/static/sys-images/Guardian/Pix/pictures/2013/11/16/1384606985921/Hillsborough-008.jpg?width=465&dpr=1&s=none&crop=none,../Scripts/output/guardian/guardian_images/guardian_2013-11-16_guardian_24c38d5c75_img01.jpg,Stephen Lowe said it was 'incomprehensible' that Hogan-Howe appears never to have made a statement about what happened. Photograph: Bob Thomas/Getty Images,,1,graph,3,getty|photo|photograph,0,likely_visualization
guardian_3e024ea351,The Guardian,2013,"""global temperature""",Typhoon Haiyan must spur us on to slow climate change,https://www.theguardian.com/commentisfree/2013/nov/17/typhoon-haiyan-slow-climate-change,2013-11-17,2021-08-25,1,https://i.guim.co.uk/img/static/sys-images/Environment/Pix/pictures/2013/11/17/1384702681441/Victims-of-Typhoon-Haiyan-008.jpg?width=465&dpr=1&s=none&crop=none,../Scripts/output/guardian/guardian_images/guardian_2013-11-17_guardian_3e024ea351_img01.jpg,"Victims of Typhoon Haiyan queue for food and water in Tacloban city, in the Philippines. Photograph: Erik De Castro/Reuters",,1,graph,3,photo|photograph|reuters,0,likely_visualization
guardian_7a3ca935cd,The Guardian,2013,"""carbon budget""","British banks among world's biggest lenders to coal industry, report finds",https://www.theguardian.com/environment/2013/nov/18/uk-banks-coal-lending-rbs-barclays-hsbc,2013-11-18,2018-02-14,1,https://i.guim.co.uk/img/static/sys-images/Environment/Pix/pictures/2013/11/18/1384794318176/Royal-Bank-Of-Scotland-008.jpg?width=465&dpr=1&s=none&crop=none,../Scripts/output/guardian/guardian_images/guardian_2013-11-18_guardian_7a3ca935cd_img01.jpg,Taxpayer-owned Royal Bank of Scotland is the British bank that lends the most to the coal industry. Photograph: Matthew Lloyd/Getty Images,,1,graph,3,getty|photo|photograph,0,likely_visualization
guardian_e1d00e073c,The Guardian,2013,"""sea level rise""","Ocean of Life: How our Seas are Changing, by Callum Roberts – review",https://www.theguardian.com/science/2013/nov/18/ocean-of-life-how-our-seas-are-changing-review,2013-11-18,2024-04-18,1,https://i.guim.co.uk/img/static/sys-images/Guardian/Pix/pictures/2013/11/15/1384533439346/A-fisherman-holding-a-fis-011.jpg?width=465&dpr=1&s=none&crop=none,../Scripts/output/guardian/guardian_images/guardian_2013-11-18_guardian_e1d00e073c_img01.jpg,"For every hour spent fishing today, in boats bristling with the latest electronics, fishers land just 6% of what they did 120 years ago. Photograph: Christopher Furlong/Getty Images",,1,graph,3,getty|photo|photograph,0,likely_visualization
guardian_7d83eecb25,The Guardian,2013,"""sea level rise""","Investors demand oil, coal and power companies assess climate change risks",https://www.theguardian.com/sustainable-business/investors-fossil-fuel-climate-change,2013-11-20,2021-08-27,1,https://i.guim.co.uk/img/static/sys-images/Guardian/Pix/pictures/2013/11/12/1384277844904/A-coal-merchant--009.jpg?width=465&dpr=1&s=none&crop=none,../Scripts/output/guardian/guardian_images/guardian_2013-11-20_guardian_7d83eecb25_img01.jpg,"Coal demand is slowing, especially in the US, and oil majors are feeling the pressure. Photograph: Nigel Roddis/REUTERS",,1,graph,3,photo|photograph|reuters,0,likely_visualization
guardian_874d7cbdf2,The Guardian,2013,"""carbon budget""",Just 90 companies caused two-thirds of man-made global warming emissions,https://www.theguardian.com/environment/2013/nov/20/90-companies-man-made-global-warming-emissions-climate-change,2013-11-20,2021-08-25,1,https://i.guim.co.uk/img/static/sys-images/Environment/Pix/columnists/2012/4/24/1335265028337/-Sandbag-s-report-into-th-008.jpg?width=465&dpr=1&s=none&crop=none,../Scripts/output/guardian/guardian_images/guardian_2013-11-20_guardian_874d7cbdf2_img01.jpg,"Oil, coal and gas companies are contributing to most carbon emissions, causing climate change and some are also funding denial campaigns. Photograph: David Gray/Reuters",,1,graph,3,photo|photograph|reuters,0,likely_visualization
guardian_8fa2de334c,The Guardian,2013,"""sea level rise""",Climate talks: Should rich countries pay for damage caused by global warming?,https://www.theguardian.com/environment/2013/nov/20/climate-talks-rich-countries-pay-damage-global-warming,2013-11-20,2022-10-19,1,https://i.guim.co.uk/img/static/sys-images/Guardian/Pix/pictures/2013/11/20/1384979934304/8fe55696-9ba7-4258-abaa-3091defa19e7-2060x1236.jpeg?width=465&dpr=1&s=none&crop=none,../Scripts/output/guardian/guardian_images/guardian_2013-11-20_guardian_8fa2de334c_img01.jpeg,"Help arrives. Typhoon survivors watch as a US helicopter lands to deliver relief goods in Tanauan, Leyte province, central Philippines today. Photograph: Aaron Favila/AP Photograph: Aaron Favila/AP",,1,graph,3,ap photo|photo|photograph,0,likely_visualization
guardian_fedd53c153,The Guardian,2013,IPCC,Unilever's new Project Sunlight campaign - experts give their views,https://www.theguardian.com/sustainable-business/blog/unilever-project-sunlight-campaign-expert-view,2013-11-20,2020-07-01,1,https://i.guim.co.uk/img/static/sys-images/Guardian/Pix/pictures/2013/11/20/1384969211593/-BESTPIX--Global-Handwash-009.jpg?width=465&dpr=1&s=none&crop=none,../Scripts/output/guardian/guardian_images/guardian_2013-11-20_guardian_fedd53c153_img01.jpg,"Unilever's Project Sunlight aims to improve the lives of two million children through sanitation, clean water and free meals. Photograph: Oscar Siagian/Getty Images",,1,graph,3,getty|photo|photograph,0,likely_visualization
guardian_dc54a37d9d,The Guardian,2013,"""carbon budget""",Warsaw climate talks set to reach deal to agree targets on emissions cuts,https://www.theguardian.com/environment/2013/nov/23/warsaw-climate-talks-carbon-emissions,2013-11-23,2021-08-25,1,https://i.guim.co.uk/img/static/sys-images/Guardian/Pix/pictures/2013/11/23/1385236682272/UN-Climate-Change-Confere-004.jpg?width=465&dpr=1&s=none&crop=none,../Scripts/output/guardian/guardian_images/guardian_2013-11-23_guardian_dc54a37d9d_img01.jpg,Representatives at the UN Climate Change Conference in Warsaw. Photograph: Rafal Guz/EPA,,1,graph,3,epa|photo|photograph,0,likely_visualization
guardian_42d2d1a762,The Guardian,2013,"""carbon budget""","As the Warsaw climate talks end, the hard work is just beginning",https://www.theguardian.com/environment/2013/nov/25/warsaw-climate-talks-end-cop19-2015,2013-11-25,2021-08-25,1,https://i.guim.co.uk/img/static/sys-images/Environment/Pix/columnists/2013/11/25/1385399127772/COP19-in-Warsaw--man-hold-008.jpg?width=465&dpr=1&s=none&crop=none,../Scripts/output/guardian/guardian_images/guardian_2013-11-25_guardian_42d2d1a762_img01.jpg,"By the first quarter of 2015, countries must come forward with their 'contributions' to global reductions of greenhouse gas emissions. Photograph: Kacper Pempel/Reuters",,1,graph,3,photo|photograph|reuters,0,likely_visualization
guardian_2620a9a3f4,The Guardian,2013,IPCC,Plebgate: Andrew Mitchell press conference – live,https://www.theguardian.com/politics/2013/nov/26/plebgate-andrew-mitchell-press-conference-live,2013-11-26,2017-09-20,1,https://i.guim.co.uk/img/static/sys-images/Guardian/Pix/pictures/2013/11/26/1385483912570/David-Davis-shows-a-video-009.jpg?width=465&dpr=1&s=none&crop=none,../Scripts/output/guardian/guardian_images/guardian_2013-11-26_guardian_2620a9a3f4_img01.jpg,David Davis shows a video during Andrew Mitchell's press conference. Photograph: Sky News Photograph: /Sky News,,1,graph,3,photo|photograph|video,0,likely_visualization
guardian_366b972e28,The Guardian,2013,IPCC,Lostprophets' Ian Watkins admits sex offences including attempted rape of baby,https://www.theguardian.com/music/2013/nov/26/lostprophets-singer-ian-watkins-admit-offences-attempted-rape-baby,2013-11-26,2017-11-30,1,https://i.guim.co.uk/img/static/sys-images/Guardian/About/General/2013/11/26/1385478528564/Ian-Watkins-009.jpg?width=465&dpr=1&s=none&crop=none,../Scripts/output/guardian/guardian_images/guardian_2013-11-26_guardian_366b972e28_img01.jpg,"Ian Watkins, pictured in 2010: the singer originally faced 24 separate charges – all sex offence-related. Photograph: Will Ireland/Metal Hammer MA/REX",,1,graph,3,epa|photo|photograph,0,likely_visualization
guardian_8763c0a645,The Guardian,2013,"""carbon budget""",Happy Birthday Climate Change Act,https://www.theguardian.com/science/2013/nov/26/happy-birthday-climate-change-act,2013-11-26,2021-08-25,1,https://i.guim.co.uk/img/static/sys-images/Guardian/Pix/pictures/2013/11/26/1385457201413/a26cdf20-972f-4f1d-a5b6-205085faa586-2060x1236.jpeg?width=465&dpr=1&s=none&crop=none,../Scripts/output/guardian/guardian_images/guardian_2013-11-26_guardian_8763c0a645_img01.jpeg,"Christiana Figueres at a press conference after the UN Climate Change Conference in Warsaw, Poland, 23 November 2013. Photograph: RAFAL GUZ/EPA Photograph: RAFAL GUZ/EPA",,1,graph,3,epa|photo|photograph,0,likely_visualization
guardian_cd55dcd0f1,The Guardian,2013,"""global temperature""",Happy 5th Birthday Climate Change Act: Don’t forget the 4th budget,https://www.theguardian.com/science/2013/nov/26/happy-5th-birthday-climate-change-act-dont-forget-the-4th-budget,2013-11-26,2021-08-25,1,https://i.guim.co.uk/img/static/sys-images/Guardian/Pix/pictures/2013/11/26/1385477472066/f304920d-b541-476e-b0e0-4f137835755a-2060x1236.jpeg?width=465&dpr=1&s=none&crop=none,../Scripts/output/guardian/guardian_images/guardian_2013-11-26_guardian_cd55dcd0f1_img01.jpeg,"Sun reflects on Hinkley Point A nuclear power station, Somerset. Photograph: Matt Cardy/Getty Images Photograph: Matt Cardy/Getty Images",,1,graph,3,getty|photo|photograph,0,likely_visualization
guardian_1c6beeb1f1,The Guardian,2013,"""climate change""",Carbon tax repeal: Labor and Greens split bills to save climate change bodies,https://www.theguardian.com/environment/2013/dec/02/carbon-tax-repeal-labor-and-greens-split-bills-to-save-climate-change-bodies,2013-12-02,2021-08-27,1,https://i.guim.co.uk/img/static/sys-images/Guardian/Pix/pictures/2013/8/19/1376876893770/1df7550f-96b7-4d3c-b11f-30d8a5e478cf-460x276.jpeg?width=465&dpr=1&s=none&crop=none,../Scripts/output/guardian/guardian_images/guardian_2013-12-02_guardian_1c6beeb1f1_img01.jpeg,"Penny Wong said the government was trying to debate the 11 bills together “to limit debate, scrutiny and consideration”. Photograph: AAP Photograph: AAP",,1,graph,3,ap photo|photo|photograph,0,likely_visualization
guardian_2633ede343,The Guardian,2013,"""climate change""",Coal industry accuses UN climate chief of 'ignoring reality',https://www.theguardian.com/environment/2013/dec/02/coal-industry-un-climate-chief-ignoring-reality,2013-12-02,2021-08-25,1,https://i.guim.co.uk/img/static/sys-images/Guardian/Pix/pictures/2013/12/2/1385996280703/ee9354d9-a44c-453b-a7cd-b2fe0895f6dd-2060x1236.jpeg?width=465&dpr=1&s=none&crop=none,../Scripts/output/guardian/guardian_images/guardian_2013-12-02_guardian_2633ede343_img01.jpeg,A worker sits on a truck as he waits for the loading of coal at a railway coal yard on the outskirts of the western Indian city of Ahmedabad. Photograph: AMIT DAVE/REUTERS Photograph: AMIT DAVE/REUTERS,,1,graph,3,photo|photograph|reuters,0,likely_visualization
guardian_78a575645d,The Guardian,2013,"""climate change""",Energy green levy 'rollback': Q&A,https://www.theguardian.com/money/2013/dec/02/energy-green-levy-rollback,2013-12-02,2022-08-17,1,https://i.guim.co.uk/img/static/sys-images/Money/Pix/pictures/2013/12/2/1385986872486/Pylons-in-Romney-Marsh-009.jpg?width=465&dpr=1&s=none&crop=none,../Scripts/output/guardian/guardian_images/guardian_2013-12-02_guardian_78a575645d_img01.jpg,"Electricity distribution companies will reduce their network costs next year, which should save consumers around £5 each. Photograph: Dan Kitwood/Getty Images",,1,graph,3,getty|photo|photograph,0,likely_visualization
guardian_7a29fed3b9,The Guardian,2013,"""climate change""",European commission inquiry into Hinkley Point deal could delay project,https://www.theguardian.com/business/2013/dec/02/european-commission-inquiry-hinkley-point-deal,2013-12-02,2018-02-14,1,https://i.guim.co.uk/img/static/sys-images/Guardian/Pix/pictures/2013/12/2/1386015371538/European-commission-inqui-008.jpg?width=465&dpr=1&s=none&crop=none,../Scripts/output/guardian/guardian_images/guardian_2013-12-02_guardian_7a29fed3b9_img01.jpg,EDF Energy is leading a consortium to build a plant near Hinkley Point B nuclear power station. Photograph: Matt Cardy/Getty Images,,1,graph,3,getty|photo|photograph,0,likely_visualization
guardian_91bdab3ff1,The Guardian,2013,"""climate change""",Government told to come clean on energy subsidies,https://www.theguardian.com/business/2013/dec/02/government-told-come-clean-energy-subsidies-fuel-poverty,2013-12-02,2019-03-07,1,https://i.guim.co.uk/img/static/sys-images/Guardian/About/General/2013/12/1/1385925382599/Hinkley-Point-Somerset-mi-009.jpg?width=465&dpr=1&s=none&crop=none,../Scripts/output/guardian/guardian_images/guardian_2013-12-02_guardian_91bdab3ff1_img01.jpg,"Hinkley Point, Somerset: ministers insist that the deal agreed by the Treasury and EDF to fund a new plant at Hinkley Point is not a subsidy. Photograph: Matt Cardy/Getty Images",,1,graph,3,getty|photo|photograph,0,likely_visualization
guardian_a4ea1438e7,The Guardian,2013,"""climate change""","My visit can begin a relationship to benefit China, Britain and the world",https://www.theguardian.com/commentisfree/2013/dec/02/david-cameron-my-visit-to-china,2013-12-02,2013-12-01,1,https://i.guim.co.uk/img/static/sys-images/Environment/Pix/pictures/2013/12/1/1385922694126/A-Chinese-man-walks-into--008.jpg?width=465&dpr=1&s=none&crop=none,../Scripts/output/guardian/guardian_images/guardian_2013-12-02_guardian_a4ea1438e7_img01.jpg,"A Chinese man walks into the Burberry flagship store in Beijing. ‘As Chinese people become more prosperous, Britain has the world-class goods and services they need.’ Photograph: Feng Li/Getty Images",,1,graph,3,getty|photo|photograph,0,likely_visualization
guardian_c4835835ab,The Guardian,2013,"""climate change""",COP19: the UN's climate talks proved to be just another cop out,https://www.theguardian.com/sustainable-business/cop19-un-climate-talks-another-cop-out,2013-12-02,2013-12-02,1,https://i.guim.co.uk/img/static/sys-images/Guardian/Pix/pictures/2013/12/2/1385995678456/Burnt-tree-amidst-heavy-s-016.jpg?width=465&dpr=1&s=none&crop=none,../Scripts/output/guardian/guardian_images/guardian_2013-12-02_guardian_c4835835ab_img01.jpg,The Warsaw climate change talks were supposed to lay the foundation for the new global climate agreement. Photograph: Denis Sinyakov/REUTERS,,1,graph,3,photo|photograph|reuters,0,likely_visualization
guardian_d1f11e4430,The Guardian,2013,"""climate change""",Australia must cut emissions 40% by 2020 to avoid 'dramatic climatic shifts',https://www.theguardian.com/environment/2013/dec/02/australia-must-cut-emissions-40-by-2020-to-avoid-dramatic-climatic-shifts,2013-12-02,2021-08-25,1,https://i.guim.co.uk/img/static/sys-images/Guardian/Pix/pictures/2013/10/29/1383014236714/e82091df-11c7-491c-8a96-f92363586361-460x276.jpeg?width=465&dpr=1&s=none&crop=none,../Scripts/output/guardian/guardian_images/guardian_2013-12-02_guardian_d1f11e4430_img01.jpeg,Book editor Peter Christoff : 'We’re looking at a significant wave of extinctions and the almost certain devastation of the Great Barrier Reef. Photograph: Grant V Faint/Getty Images Photograph: Grant V Faint/Getty Images,,1,graph,3,getty|photo|photograph,0,likely_visualization
guardian_c5736b571a,The Guardian,2013,"""climate change""","Greg Hunt defends scrapping carbon pricing, saying Direct Action will work",https://www.theguardian.com/environment/2013/dec/03/greg-hunt-defends-scrapping-carbon-pricing-saying-direct-action-will-work,2013-12-03,2021-08-25,1,https://i.guim.co.uk/img/static/sys-images/Guardian/Pix/pictures/2013/12/3/1386045339242/Greg-Hunt-010.jpg?width=465&dpr=1&s=none&crop=none,../Scripts/output/guardian/guardian_images/guardian_2013-12-03_guardian_c5736b571a_img01.jpg,Environment minister Greg Hunt at a press conference in Canberra on 15 October 2013. Photograph: Alan Porritt/AAP Photograph: Alan Porritt/AAP,,1,graph,3,ap photo|photo|photograph,0,likely_visualization
guardian_146009d615,The Guardian,2013,"""climate change""",ALEC calls for penalties on 'freerider' homeowners in assault on clean energy,https://www.theguardian.com/world/2013/dec/04/alec-freerider-homeowners-assault-clean-energy,2013-12-04,2021-08-25,1,https://i.guim.co.uk/img/static/sys-images/Guardian/Pix/audio/video/2013/12/4/1386177043974/Solar-panels-on-a-home-in-010.jpg?width=465&dpr=1&s=none&crop=none,../Scripts/output/guardian/guardian_images/guardian_2013-12-04_guardian_146009d615_img01.jpg,Solar panels on a home in Los Angeles. Alec will promote legislation planning to penalise individual homeowners who install solar panels. Photograph: Cultura/Rex,,1,graph,3,photo|photograph|video,0,likely_visualization
guardian_38c283f3f1,The Guardian,2013,"""climate change""",Social investment can reap real benefits for communities and companies,https://www.theguardian.com/sustainable-business/social-investment-benefits-communities-companies,2013-12-04,2013-12-18,1,https://i.guim.co.uk/img/static/sys-images/Guardian/Pix/commercial/2013/11/27/1385570964173/Women-cook-on-open-fire-s-008.jpg?width=465&dpr=1&s=none&crop=none,../Scripts/output/guardian/guardian_images/guardian_2013-12-04_guardian_38c283f3f1_img01.jpg,"Nearly 45% of the world’s population prepares meals on open fires, which is very polluting and a hazard to humans and to the home. Photograph: Ton Koene",,1,graph,3,epa|photo|photograph,0,likely_visualization
guardian_8ea4c6bfaf,The Guardian,2013,"""climate change""",Debt ceiling: Coalition strikes deal with Greens to scrap limit altogether,https://www.theguardian.com/world/2013/dec/04/debt-ceiling-coalition-strikes-deal-with-greens-to-scrap-limit-altogether,2013-12-04,2018-03-13,1,https://i.guim.co.uk/img/static/sys-images/Guardian/Pix/pictures/2013/12/3/1386055349394/Christine-Milne--010.jpg?width=465&dpr=1&s=none&crop=none,../Scripts/output/guardian/guardian_images/guardian_2013-12-04_guardian_8ea4c6bfaf_img01.jpg,"Christine Milne and treasurer Joe Hockey ""returned maturity to the debate"". Photograph: Daniel Munoz/AAP Photograph: Daniel Munoz/AAP",,1,graph,3,ap photo|photo|photograph,0,likely_visualization
guardian_a8bbd639f0,The Guardian,2013,"""climate change""","State conservative groups plan US-wide assault on education, health and tax",https://www.theguardian.com/world/2013/dec/05/state-conservative-groups-assault-education-health-tax,2013-12-05,2021-08-25,1,https://i.guim.co.uk/img/static/sys-images/Guardian/Pix/audio/video/2013/12/5/1386262552325/David-Koch-SPN-Alec-allia-010.jpg?width=465&dpr=1&s=none&crop=none,../Scripts/output/guardian/guardian_images/guardian_2013-12-05_guardian_a8bbd639f0_img01.jpg,"The State Policy Network has an annual warchest of $83m drawn from major donors like David Koch, above, and food giant Kraft. Photograph: Mark Lennihan/AP",,1,graph,3,photo|photograph|video,0,likely_visualization
guardian_c18950599b,The Guardian,2013,"""climate change""",Free-market research group's climate proposal denounced by host university,https://www.theguardian.com/world/2013/dec/05/host-university-research-group-climate-suffolk-university,2013-12-05,2021-08-25,1,https://i.guim.co.uk/img/static/sys-images/Guardian/Pix/pictures/2013/10/11/1381511159423/Climate-change-emissions-009.jpg?width=465&dpr=1&s=none&crop=none,../Scripts/output/guardian/guardian_images/guardian_2013-12-05_guardian_c18950599b_img01.jpg,The institute had sought cash to carry out research with the express purpose of undermining a climate change initiative. Photograph: Bei Feng/EPA,,1,graph,3,epa|photo|photograph,0,likely_visualization
guardian_dd6509af26,The Guardian,2013,"""climate change""",Autumn statement promises increase in the UK's overseas aid budget,https://www.theguardian.com/global-development/2013/dec/05/budget-autumn-statement-aid-development-increase,2013-12-05,2022-10-19,1,https://i.guim.co.uk/img/static/sys-images/Guardian/Pix/pictures/2013/12/5/1386263037778/George-Osborne-Delivers-H-008.jpg?width=465&dpr=1&s=none&crop=none,../Scripts/output/guardian/guardian_images/guardian_2013-12-05_guardian_dd6509af26_img01.jpg,"George Osborne, the chancellor, leaves to deliver his annual autumn financial statement in the House of Commons. Photograph: Alastair Grant/Getty Images",,1,graph,3,getty|photo|photograph,0,likely_visualization
guardian_269bc1aaca,The Guardian,2013,"""climate change""",India shows there can be life beyond the great liberator,https://www.theguardian.com/commentisfree/2013/dec/07/life-beyond-great-liberator-lessons-from-india,2013-12-06,2017-11-30,1,https://i.guim.co.uk/img/static/sys-images/Guardian/Pix/pictures/2013/12/6/1386351657985/Sand-sculpture-paying-tri-009.jpg?width=465&dpr=1&s=none&crop=none,../Scripts/output/guardian/guardian_images/guardian_2013-12-06_guardian_269bc1aaca_img01.jpg,Women walk past a sand sculpture paying tribute to Nelson Mandela on the beach at at Puri in eastern India. Photograph: Reuters,,1,graph,3,photo|photograph|reuters,0,likely_visualization
guardian_b4b3305f02,The Guardian,2013,"""climate change""",Media failure on Iraq War repeated in climate change coverage,https://www.theguardian.com/environment/climate-consensus-97-per-cent/2013/dec/06/media-failure-iraq-war-climate-change,2013-12-06,2021-08-27,1,https://i.guim.co.uk/img/static/sys-images/Guardian/About/General/2011/2/15/1297785986782/Colin-Powell-makes-his-pr-007.jpg?width=465&dpr=1&s=none&crop=none,../Scripts/output/guardian/guardian_images/guardian_2013-12-06_guardian_b4b3305f02_img01.jpg,"Colin Powell holds up a vial that could be used to hold anthrax, in his presentation to the UN in February 2003, ahead of the Iraq invasion. Photograph: Timothy A Clary/EPA",,1,graph,3,epa|photo|photograph,0,likely_visualization
guardian_b7399a564e,The Guardian,2013,"""climate change""",Tony Abbott's threat to delay holiday for senators appears hollow,https://www.theguardian.com/world/2013/dec/09/threat-to-keep-parliament-sitting-unlikely,2013-12-09,2018-03-13,1,https://i.guim.co.uk/img/static/sys-images/Guardian/Pix/pictures/2013/12/9/1386559420626/Tony-Abbott-010.jpg?width=465&dpr=1&s=none&crop=none,../Scripts/output/guardian/guardian_images/guardian_2013-12-09_guardian_b7399a564e_img01.jpg,Tony Abbott flies out of Canberra to attend the memorial service for Nelson Mandela in South Africa. Photograph: Alan Porritt/AAP Photograph: Alan Porritt/AAP,,1,graph,3,ap photo|photo|photograph,0,likely_visualization
guardian_cb8e3e7386,The Guardian,2013,"""climate change""",Pitt Street farmers: Barnaby Joyce urges Australians to join debate,https://www.theguardian.com/world/2013/dec/09/pitt-street-farmers-joyce-urges-debate,2013-12-09,2018-03-13,1,https://i.guim.co.uk/img/static/sys-images/Guardian/Pix/pictures/2013/12/9/1386569013606/Barnaby-Joyce-010.jpg?width=465&dpr=1&s=none&crop=none,../Scripts/output/guardian/guardian_images/guardian_2013-12-09_guardian_cb8e3e7386_img01.jpg,Barnaby Joyce during question time in parliament on Monday 9 December 2013. Photograph: Daniel Munoz/AAP Photograph: Daniel Munoz/AAP,,1,graph,3,ap photo|photo|photograph,0,likely_visualization
guardian_e5ccf5c192,The Guardian,2013,"""climate change""",Holden's future in Australia still unclear - as it happened,https://www.theguardian.com/world/2013/dec/10/coalition-records-worst-opinion-poll-result-since-2011-politics-live,2013-12-09,2018-03-13,1,https://i.guim.co.uk/img/static/sys-images/Guardian/Pix/pictures/2013/12/10/1386658994676/57e4fcb2-823e-4aa2-bcb4-73d5c2c5ea92-2060x1236.jpeg?width=465&dpr=1&s=none&crop=none,../Scripts/output/guardian/guardian_images/guardian_2013-12-09_guardian_e5ccf5c192_img01.jpeg,"People sing as they arrive for the memorial service of late South African president Nelson Mandela at the First National Bank (FNB) Stadium, in Soweto, Johannesburg, South Africa, 10 December 2013. Nobel Peace Prize winner Nelson Mandela died at the age of 95 on 05 December 2013. Photograph: KIM LUDBROOK/EPA Photograph: KIM LUDBROOK/EPA",,1,graph,3,epa|photo|photograph,0,likely_visualization
guardian_482886aec8,The Guardian,2013,"""climate change""",Neil Young confirms benefit concerts for oil sands fight,https://www.theguardian.com/music/2013/dec/10/neil-young-benefit-gig,2013-12-10,2017-02-14,1,https://i.guim.co.uk/img/static/sys-images/Music/Pix/pictures/2009/6/28/1246212139371/Hard-Rock-Calling-Neil-Yo-001.jpg?width=465&dpr=1&s=none&crop=none,../Scripts/output/guardian/guardian_images/guardian_2013-12-10_guardian_482886aec8_img01.jpg,Neil Young - hosting benefit concerts in support of the Athabasca Chipewyan First Nation Photograph: Jo Hale/Getty Images,,1,graph,3,getty|photo|photograph,0,likely_visualization
guardian_5d6284f7c5,The Guardian,2013,"""climate change""","Newly discovered greenhouse gas '7,000 times more powerful than CO2'",https://www.theguardian.com/environment/2013/dec/10/new-greenhouse-gas-powerful-chemical-perfluorotributylamine,2013-12-10,2021-08-25,1,https://i.guim.co.uk/img/static/sys-images/Environment/Pix/columnists/2013/12/10/1386691973172/Toronto-Skyline-With-Smog-009.jpg?width=465&dpr=1&s=none&crop=none,../Scripts/output/guardian/guardian_images/guardian_2013-12-10_guardian_5d6284f7c5_img01.jpg,Haze over the CN Tower and downtown Toronto. Researchers have discovered a new greenhouse gas called perfluorotributylamine. Photograph: Andrew Francis Wallace/Getty Images,,1,graph,3,getty|photo|photograph,0,likely_visualization
guardian_97667c030b,The Guardian,2013,"""climate change""",New York's new mayor must build on Michael Bloomberg's green legacy,https://www.theguardian.com/environment/blog/2013/dec/10/new-york-michael-bloomberg-climate-change,2013-12-10,2021-08-25,1,https://i.guim.co.uk/img/static/sys-images/Environment/Pix/columnists/2013/12/10/1386691115694/In-New-York-Commuting-wit-007.jpg?width=465&dpr=1&s=none&crop=none,../Scripts/output/guardian/guardian_images/guardian_2013-12-10_guardian_97667c030b_img01.jpg,A cyclist crosses the Brooklyn Bridge in New York City. Bloomberg's infrastructure initiatives have led to a huge rise in people chosing cycles to commute to work. Photograph: Mario Tama/Getty Images,,1,graph,3,getty|photo|photograph,0,likely_visualization
guardian_c8502eaf2b,The Guardian,2013,"""climate change""",Trans-Pacific Partnership: a guide to the most contentious issues,https://www.theguardian.com/world/2013/dec/10/trans-pacific-partnership-a-guide-to-the-most-contentious-issues,2013-12-10,2018-03-13,1,https://i.guim.co.uk/img/static/sys-images/Guardian/Pix/pictures/2013/12/10/1386650048845/339c54a6-bef4-45b9-ab8b-02f08b234f00-2060x1236.jpeg?width=465&dpr=1&s=none&crop=none,../Scripts/output/guardian/guardian_images/guardian_2013-12-10_guardian_c8502eaf2b_img01.jpeg,"Container ships are berthed near the financial district of Singapore, where the TPP agreement is being negotiated. Photograph: Vivek Prakash/Reuters Photograph: VIVEK PRAKASH/REUTERS",,1,graph,3,photo|photograph|reuters,0,likely_visualization
guardian_3f06c098cd,The Guardian,2013,"""climate change""","Ministers must stick to carbon dioxide emissions reductions, says CCC",https://www.theguardian.com/environment/2013/dec/11/uk-carbon-budget-emissions,2013-12-11,2021-08-25,1,https://i.guim.co.uk/img/static/sys-images/Environment/Pix/columnists/2013/12/10/1386696981077/George-Osborne-Delivers-A-006.jpg?width=465&dpr=1&s=none&crop=none,../Scripts/output/guardian/guardian_images/guardian_2013-12-11_guardian_3f06c098cd_img01.jpg,"Chancellor George Osborne, left, with Treasury chief secretary Danny Alexander. Osborne has spoken out strongly against 'burden' of green regulations on business. Photograph: Andy Rain/EPA",,1,graph,3,epa|photo|photograph,0,likely_visualization
guardian_8f6f349dfc,The Guardian,2013,"""climate change""",Carbon targets can help UK 'save £85bn a year',https://www.theguardian.com/environment/2013/dec/11/uk-carbon-targets-benefits,2013-12-11,2021-08-25,1,https://i.guim.co.uk/img/static/sys-images/Environment/Pix/columnists/2013/12/11/1386768405576/Cyclists-and-pedestrians--007.jpg?width=465&dpr=1&s=none&crop=none,../Scripts/output/guardian/guardian_images/guardian_2013-12-11_guardian_8f6f349dfc_img01.jpg,"The biggest benefit, estimated at £2.3bn a year, comes from people walking and cycling to work. Photograph: Peter Macdiarmid/Getty Images",,1,graph,3,getty|photo|photograph,0,likely_visualization
guardian_c7fe53e38e,The Guardian,2013,"""climate change""",PMQs and David Cameron's speech at the G8 dementia summit: Politics live blog,https://www.theguardian.com/politics/blog/2013/dec/11/pmqs-and-david-camerons-speech-at-the-g8-dementia-summit,2013-12-11,2017-09-20,1,https://i.guim.co.uk/img/static/sys-images/Guardian/Pix/pictures/2013/3/9/1362853831009/President-Ronald-Reagan-008.jpg?width=465&dpr=1&s=none&crop=none,../Scripts/output/guardian/guardian_images/guardian_2013-12-11_guardian_c7fe53e38e_img01.jpg,"United States President Ronald Reagan giving a speech in Washington, DC in 1984. Photograph: Shepard Sherbell/ Shepard Sherbell/CORBIS SABA Photograph: Shepard Sherbell/ Shepard Sherbell/CORBIS SABA",,1,graph,3,epa|photo|photograph,0,likely_visualization
guardian_36dec1e567,The Guardian,2013,"""climate change""",Unease among Brazil's farmers as Congress votes on GM terminator seeds,https://www.theguardian.com/global-development/2013/dec/12/brazil-gm-terminator-seed-technology-farmers,2013-12-12,2022-10-19,1,https://i.guim.co.uk/img/static/sys-images/Environment/Pix/pictures/2013/12/12/1386858263309/Brazil-national-congress-009.jpg?width=465&dpr=1&s=none&crop=none,../Scripts/output/guardian/guardian_images/guardian_2013-12-12_guardian_36dec1e567_img01.jpg,Brazil's national Congress is under pressure from landowning groups to green light GM 'terminator' seeds. Photograph: Ruy Barbosa Pinto/Getty Images/Flickr RF,,1,graph,3,getty|photo|photograph,0,likely_visualization
guardian_36ec0c9869,The Guardian,2013,"""climate change""","Organisations find new ways to address water, energy and food pressures",https://www.theguardian.com/sustainable-business/organisations-address-water-energy-food-pressures,2013-12-12,2013-12-12,1,https://i.guim.co.uk/img/static/sys-images/Guardian/Pix/pictures/2013/12/12/1386851027952/Badarganj-village-in-Guja-009.jpg?width=465&dpr=1&s=none&crop=none,../Scripts/output/guardian/guardian_images/guardian_2013-12-12_guardian_36ec0c9869_img01.jpg,"Children wash their hands in a partially dried-out pond at Badarganj village, in Gujarat. The state electricity board is working with farmers toreduce water use. Photograph: Ahmad Masood/REUTERS",,1,graph,3,photo|photograph|reuters,0,likely_visualization
guardian_5ceb188770,The Guardian,2013,"""climate change""",Three million properties shown to be at risk of flash flooding in England,https://www.theguardian.com/environment/2013/dec/12/three-million-properties-at-risk-flash-flooding,2013-12-12,2013-12-12,1,https://i.guim.co.uk/img/static/sys-images/Environment/Pix/columnists/2013/12/12/1386869185958/UK-Flood-Warnings-In-Nort-007.jpg?width=465&dpr=1&s=none&crop=none,../Scripts/output/guardian/guardian_images/guardian_2013-12-12_guardian_5ceb188770_img01.jpg,Floodwater covers the streets of St Asaph in north Wales after torrential rain in November 2012. Photograph: Christopher Furlong/Getty Images,,1,graph,3,getty|photo|photograph,0,likely_visualization
guardian_5ceb188770,The Guardian,2013,"""climate change""",Three million properties shown to be at risk of flash flooding in England,https://www.theguardian.com/environment/2013/dec/12/three-million-properties-at-risk-flash-flooding,2013-12-12,2013-12-12,2,https://i.guim.co.uk/img/static/sys-images/Environment/Pix/columnists/2013/12/12/1386869357249/UK-Flood--Severe-Winds-As-009.jpg?width=445&dpr=1&s=none&crop=none,../Scripts/output/guardian/guardian_images/guardian_2013-12-12_guardian_5ceb188770_img02.jpg,"A resident sits on the stairs of an flooded building in Boston, England. Photograph: Peter Macdiarmid/Getty Images",,1,graph,3,getty|photo|photograph,0,likely_visualization
guardian_39ef4448b5,The Guardian,2013,"""climate change""",Why climate change threatens Peru's poverty reduction mission,https://www.theguardian.com/global-development/poverty-matters/2013/dec/13/undp-climate-change-peru-poverty-reduction,2013-12-13,2022-10-19,1,https://i.guim.co.uk/img/static/sys-images/Environment/Pix/columnists/2013/12/12/1386855063926/MDG--Peru-and-Development-006.jpg?width=465&dpr=1&s=none&crop=none,../Scripts/output/guardian/guardian_images/guardian_2013-12-13_guardian_39ef4448b5_img01.jpg,Water pollution in Lake Titicaca in the Peruvian Andes. Peru will host the 2014 UN climate change conference. Photograph: David Mercado/Reuters,,1,graph,3,photo|photograph|reuters,0,likely_visualization
guardian_3d07743bec,The Guardian,2013,"""climate change""",North Korea's changes in key personnel,https://www.theguardian.com/theguardian/2013/dec/15/leeds-hoggart-north-korea-fibonacci,2013-12-15,2020-03-26,1,https://i.guim.co.uk/img/static/sys-images/Guardian/Pix/pictures/2013/12/15/1387134833729/South-Korean-People-React-009.jpg?width=465&dpr=1&s=none&crop=none,../Scripts/output/guardian/guardian_images/guardian_2013-12-15_guardian_3d07743bec_img01.jpg,News of Jang Song-Thaek's execution in North Korea on 13 December 2013 breaks on South Korean television. Photograph: Han Myung-Gu/Getty Images,,1,graph,3,getty|photo|photograph,0,likely_visualization
guardian_8a922a1ed0,The Guardian,2013,"""climate change""",Tree find confirms Italian Alpine melt,https://www.theguardian.com/environment/2013/dec/16/italian-alps-glacier-melting,2013-12-16,2021-08-25,1,https://i.guim.co.uk/img/static/sys-images/Environment/Pix/columnists/2013/12/16/1387197426064/Sun-seen-over-Italian-Alp-009.jpg?width=465&dpr=1&s=none&crop=none,../Scripts/output/guardian/guardian_images/guardian_2013-12-16_guardian_8a922a1ed0_img01.jpg,"Sun shines over snowcapped mountains in the glacier skiing area of Val Senales in Merano, Alps, Italy. Photograph: Getty Images",,1,graph,3,getty|photo|photograph,0,likely_visualization
guardian_a5ec51cbac,The Guardian,2013,"""climate change""",Parties must come clean on Heathrow,https://www.theguardian.com/environment/2013/dec/16/parties-come-clean-heathrow,2013-12-16,2021-08-27,1,https://i.guim.co.uk/img/static/sys-images/Guardian/Pix/pictures/2013/12/16/1387224998593/No-third-runway-protest-a-009.jpg?width=465&dpr=1&s=none&crop=none,../Scripts/output/guardian/guardian_images/guardian_2013-12-16_guardian_a5ec51cbac_img01.jpg,Protest sign against expansion of Heathrow airport. Photograph: Suzanne Plunkett/Reuters,,1,graph,3,photo|photograph|reuters,0,likely_visualization
guardian_b3dfa640b1,The Guardian,2013,"""climate change""",Nuclear scare stories are a gift to the truly lethal coal industry,https://www.theguardian.com/commentisfree/2013/dec/16/nuclear-scare-stories-coal-industry,2013-12-16,2018-02-14,1,https://i.guim.co.uk/img/static/sys-images/Guardian/Pix/pictures/2013/12/16/1387226501966/china-coal-monbiot-008.jpg?width=465&dpr=1&s=none&crop=none,../Scripts/output/guardian/guardian_images/guardian_2013-12-16_guardian_b3dfa640b1_img01.jpg,"A man walks past a coal plant in Lingwu, northern China. 'Research suggested by Greenpeace suggests that a quarter of a million deaths a year could be avoided if coal power [in China] were shut down.' Photograph: Stringer/China/Reuters",,1,graph,3,photo|photograph|reuters,0,likely_visualization
guardian_c1ab6462cf,The Guardian,2013,"""climate change""",Business case for airport expansion 'does not stack up',https://www.theguardian.com/environment/2013/dec/16/business-case-airport-expansion-wwf,2013-12-16,2013-12-13,1,https://i.guim.co.uk/img/static/sys-images/Guardian/Pix/pictures/2012/3/21/1332353605274/Flight-departures-board-a-007.jpg?width=465&dpr=1&s=none&crop=none,../Scripts/output/guardian/guardian_images/guardian_2013-12-16_guardian_c1ab6462cf_img01.jpg,"Business trips by air are down 13% since 2000, and as much as 23% at Heathrow. Photograph: Andy Rain/EPA",,1,graph,3,epa|photo|photograph,0,likely_visualization
guardian_ff2c70cbaf,The Guardian,2013,"""climate change""",Coal's grim forecast: projects may be 'stranded' by falling Chinese demand,https://www.theguardian.com/environment/2013/dec/16/coals-grim-forecast-chinas-falling-demand,2013-12-16,2021-08-25,1,https://i.guim.co.uk/img/static/sys-images/Guardian/Pix/pictures/2013/6/10/1370841514700/ca69e886-c6aa-43a0-b389-60acf3e5cb3d-460x276.jpeg?width=465&dpr=1&s=none&crop=none,../Scripts/output/guardian/guardian_images/guardian_2013-12-16_guardian_ff2c70cbaf_img01.jpeg,"An excavator works at a coalmine in the Hunter valley, north of Sydney. Photograph: Ho/Reuters Photograph: HO/REUTERS",,1,graph,3,photo|photograph|reuters,0,likely_visualization
guardian_5219a7d114,The Guardian,2013,"""climate change""","'Whole world' at risk from simultaneous droughts, famines, epidemics: scientists",https://www.theguardian.com/environment/earth-insight/2013/dec/17/planet-climate-change-risk-drought-famine-epidemic,2013-12-17,2021-08-25,1,https://i.guim.co.uk/img/static/sys-images/Guardian/About/General/2013/11/12/1384272010805/Corn-crops-in-New-Florenc-007.jpg?width=465&dpr=1&s=none&crop=none,../Scripts/output/guardian/guardian_images/guardian_2013-12-17_guardian_5219a7d114_img01.jpg,"Corn crops in New Florence, Missouri, wither in the devastating drought of 2012. Photograph: MCT via Getty Images",,1,graph,3,getty|photo|photograph,0,likely_visualization
guardian_45cf99ad5d,The Guardian,2013,"""climate change""",Hinkley Point C nuclear subsidy plan queried by European commission,https://www.theguardian.com/business/2013/dec/18/hinkley-point-c-nuclear-subsidy-european-commission,2013-12-18,2018-02-14,1,https://i.guim.co.uk/img/static/sys-images/Guardian/About/General/2013/12/18/1387373378543/Hinkley-Point-nuclear-pow-011.jpg?width=465&dpr=1&s=none&crop=none,../Scripts/output/guardian/guardian_images/guardian_2013-12-18_guardian_45cf99ad5d_img01.jpg,"Hinkley Point B nuclear power station, near Bridgwater: EDF plans to build Hinkley Point C on the site. Photograph: Matt Cardy/Getty Images",,1,graph,3,getty|photo|photograph,0,likely_visualization
guardian_52e8ddf6b5,The Guardian,2013,"""climate change""","Jerry Brown, version 2.0: 'California's the healthiest it's been in a decade'",https://www.theguardian.com/world/2013/dec/18/california-evolution-jerry-brown-governor-moonbeam,2013-12-18,2017-07-14,1,https://i.guim.co.uk/img/static/sys-images/Guardian/Pix/pictures/2013/12/18/1387379497843/efd04eff-f0b0-4740-aa6f-faff445ee710-2060x1236.jpeg?width=465&dpr=1&s=none&crop=none,../Scripts/output/guardian/guardian_images/guardian_2013-12-18_guardian_52e8ddf6b5_img01.jpeg,California governor Jerry Brown looks on during funeral services for two San Francisco firefighters. Photograph: Justin Sullivan/Getty Images Photograph: Justin Sullivan/Getty Images,,1,graph,3,getty|photo|photograph,0,likely_visualization
guardian_52e8ddf6b5,The Guardian,2013,"""climate change""","Jerry Brown, version 2.0: 'California's the healthiest it's been in a decade'",https://www.theguardian.com/world/2013/dec/18/california-evolution-jerry-brown-governor-moonbeam,2013-12-18,2017-07-14,3,https://i.guim.co.uk/img/static/sys-images/Guardian/Pix/pictures/2010/11/3/1288755895499/California-governor-elect-006.jpg?width=445&dpr=1&s=none&crop=none,../Scripts/output/guardian/guardian_images/guardian_2013-12-18_guardian_52e8ddf6b5_img03.jpg,Jerry Brown while campaigning for the 2010 US midterms. Photograph: Robert Galbraith/Reuters Photograph: Robert Galbraith/Reuters,,1,graph,3,photo|photograph|reuters,0,likely_visualization
guardian_910c728f07,The Guardian,2013,"""climate change""",The effectiveness of non-financial reporting - live chat round up,https://www.theguardian.com/sustainable-business/effectiveness-non-financial-reporting-live-chat,2013-12-18,2022-08-17,1,https://i.guim.co.uk/img/static/sys-images/Guardian/Pix/pictures/2012/11/16/1353083973285/Spider-Web-008.jpg?width=465&dpr=1&s=none&crop=none,../Scripts/output/guardian/guardian_images/guardian_2013-12-18_guardian_910c728f07_img01.jpg,Many view non-financial reporting as a complex web of rules and organisations. Our panel said there was much more consistency than at first might appear. Photograph: Narendra Shrestha/EPA,,1,graph,3,epa|photo|photograph,0,likely_visualization
guardian_e759e01982,The Guardian,2013,"""climate change""",2013 in review: a year of increasing extreme weather events,https://www.theguardian.com/environment/2013/dec/18/2013-extreme-weather-events,2013-12-18,2021-08-25,4,https://i.guim.co.uk/img/static/sys-images/Environment/Pix/columnists/2013/12/17/1387291622962/Extreme-weather-in-2013---008.jpg?width=445&dpr=1&s=none&crop=none,../Scripts/output/guardian/guardian_images/guardian_2013-12-18_guardian_e759e01982_img04.jpg,"An aerial view of the area affected by floods caused by heavy rains in Khartoum, Sudan. Photograph: Stringer/Reuters",,1,graph,3,photo|photograph|reuters,0,likely_visualization
guardian_f2d308d28c,The Guardian,2013,"""climate change""",Investing in sustainable water systems: who is leading the way?,https://www.theguardian.com/global-development-professionals-network/2013/dec/18/sustainable-waster-wastewater-development-cities,2013-12-18,2017-10-06,1,https://i.guim.co.uk/img/static/sys-images/Guardian/Pix/pictures/2013/12/18/1387382746143/Sanitation-008.jpg?width=465&dpr=1&s=none&crop=none,../Scripts/output/guardian/guardian_images/guardian_2013-12-18_guardian_f2d308d28c_img01.jpg,"Politicians have traditionally been reluctant to raise water and wastewater tariffs, but perceptions are changing. Photograph: Mike F. Alquinto/EPA",,1,graph,3,epa|photo|photograph,0,likely_visualization
guardian_f4e1842c8a,The Guardian,2013,"""climate change""",London told to cut air pollution by 2020 – or face fines,https://www.theguardian.com/environment/2013/dec/18/london-air-pollution-2020-vehicles,2013-12-18,2021-08-25,1,https://i.guim.co.uk/img/static/sys-images/Environment/Pix/columnists/2009/11/18/1258552928784/Climate-Change-And-Pollut-002.jpg?width=465&dpr=1&s=none&crop=none,../Scripts/output/guardian/guardian_images/guardian_2013-12-18_guardian_f4e1842c8a_img01.jpg,EC has warned cities including London to cut car emissions to clean the air or face heavy penalties. Photograph: Dan Kitwood/Getty Images,,1,graph,3,getty|photo|photograph,0,likely_visualization
guardian_7020e8daf4,The Guardian,2013,"""climate change""",Guardian Australia's awards of the year,https://www.theguardian.com/world/2013/dec/19/review-of-2013-ashes-rudd-gillard-abbott,2013-12-19,2018-03-13,4,https://i.guim.co.uk/img/static/sys-images/Guardian/Pix/pictures/2013/12/3/1386045339242/Greg-Hunt-010.jpg?width=445&dpr=1&s=none&crop=none,../Scripts/output/guardian/guardian_images/guardian_2013-12-19_guardian_7020e8daf4_img04.jpg,Environment minister Greg Hunt cited Wikipedia to dismiss a link between bushfires and climate change. Photograph: Alan Porritt/AAP Photograph: Alan Porritt/AAP,,1,graph,3,ap photo|photo|photograph,0,likely_visualization
guardian_7020e8daf4,The Guardian,2013,"""climate change""",Guardian Australia's awards of the year,https://www.theguardian.com/world/2013/dec/19/review-of-2013-ashes-rudd-gillard-abbott,2013-12-19,2018-03-13,5,https://i.guim.co.uk/img/static/sys-images/Guardian/Pix/pictures/2013/6/18/1371541925244/83ab835e-4895-4b8e-8ab0-8394ed03c1b8-460x276.jpeg?width=445&dpr=1&s=none&crop=none,../Scripts/output/guardian/guardian_images/guardian_2013-12-19_guardian_7020e8daf4_img05.jpeg,Cory Bernardi warned same-sex marriage would open the floodgates to bestiality. Photograph: Alan Porritt/AAP Photograph: Alan Porritt/AAP,,1,graph,3,ap photo|photo|photograph,0,likely_visualization
guardian_7020e8daf4,The Guardian,2013,"""climate change""",Guardian Australia's awards of the year,https://www.theguardian.com/world/2013/dec/19/review-of-2013-ashes-rudd-gillard-abbott,2013-12-19,2018-03-13,6,https://i.guim.co.uk/img/static/sys-images/Guardian/Pix/pictures/2013/8/23/1377228996365/chilly-008.jpg?width=445&dpr=1&s=none&crop=none,../Scripts/output/guardian/guardian_images/guardian_2013-12-19_guardian_7020e8daf4_img06.jpg,A man rides his motorised esky near Tuff street at the Summernats festival in Canberra. Photograph: Lukas Coch/AAP Photograph: LUKAS COCH/AAPIMAGE,,1,graph,3,ap photo|photo|photograph,0,likely_visualization
guardian_7020e8daf4,The Guardian,2013,"""climate change""",Guardian Australia's awards of the year,https://www.theguardian.com/world/2013/dec/19/review-of-2013-ashes-rudd-gillard-abbott,2013-12-19,2018-03-13,7,https://i.guim.co.uk/img/static/sys-images/Guardian/Pix/pictures/2013/12/9/1386623821364/50e3badf-3fc0-4ece-99ab-0baa986e43f8-460x276.jpeg?width=445&dpr=1&s=none&crop=none,../Scripts/output/guardian/guardian_images/guardian_2013-12-19_guardian_7020e8daf4_img07.jpeg,Dreamy ... Tony Abbott during question time at parliament house. Photograph: Daniel Munoz/AAP Photograph: DANIEL MUNOZ/AAPIMAGE,,1,graph,3,ap photo|photo|photograph,0,likely_visualization
guardian_7020e8daf4,The Guardian,2013,"""climate change""",Guardian Australia's awards of the year,https://www.theguardian.com/world/2013/dec/19/review-of-2013-ashes-rudd-gillard-abbott,2013-12-19,2018-03-13,8,https://i.guim.co.uk/img/static/sys-images/Guardian/Pix/pictures/2013/12/18/1387406938983/45b0ebc9-394e-439f-af8d-5ffb07797bcb-2060x1236.jpeg?width=445&dpr=1&s=none&crop=none,../Scripts/output/guardian/guardian_images/guardian_2013-12-19_guardian_7020e8daf4_img08.jpeg,The Australian team celebrates Ashes victory in the changing rooms at Perth. Photograph: Ryan Pierse/Getty Images Photograph: Ryan Pierse/Getty Images,,1,graph,3,getty|photo|photograph,0,likely_visualization
guardian_79239f6698,The Guardian,2013,"""climate change""",Should newspapers ban climate deniers like Reddit's science forum?,https://www.theguardian.com/environment/2013/dec/19/newspapers-ban-climate-deniers-reddit-science,2013-12-19,2021-08-25,1,https://i.guim.co.uk/img/static/sys-images/Guardian/Pix/pictures/2013/9/26/1380216142783/IPCC-drought-012.jpg?width=465&dpr=1&s=none&crop=none,../Scripts/output/guardian/guardian_images/guardian_2013-12-19_guardian_79239f6698_img01.jpg,"Cracked and dry earth is seen in the wide riverbed of the Loire River near the Anjou-Bretagne bridge in Ancenis, western France, May 20, 2011 Photograph: Stephane Mahe/Reuters/Corbis Photograph: Stephane Mahe/Reuters/Corbis",,1,graph,3,photo|photograph|reuters,0,likely_visualization
guardian_a2414514dd,The Guardian,2013,"""climate change""",MI5/MI6 torture collusion report published: Politics live blog,https://www.theguardian.com/politics/blog/2013/dec/19/mi5mi6-torture-collusion-report-published-politics-live-blog,2013-12-19,2017-09-20,1,https://i.guim.co.uk/img/static/sys-images/Money/Pix/pictures/2013/12/5/1386264248841/Father-Christmas-pulling--008.jpg?width=465&dpr=1&s=none&crop=none,../Scripts/output/guardian/guardian_images/guardian_2013-12-19_guardian_a2414514dd_img01.jpg,Photograph: Getty Images Photograph: Getty Images,,1,graph,3,getty|photo|photograph,0,likely_visualization
guardian_b0a958c86d,The Guardian,2013,"""climate change""",Embrace the bad stuff: turning crisis into business opportunity,https://www.theguardian.com/sustainable-business/embrace-crisis-opportunities-climate-change,2013-12-19,2013-12-20,1,https://i.guim.co.uk/img/static/sys-images/Guardian/Pix/pictures/2012/10/29/1351536108362/Hurricane-Sandy-in-Winthr-007.jpg?width=465&dpr=1&s=none&crop=none,../Scripts/output/guardian/guardian_images/guardian_2013-12-19_guardian_b0a958c86d_img01.jpg,Is Hurricane Sandy the new normal?. Photograph: Darren McCollester/Getty Images,,1,graph,3,getty|photo|photograph,0,likely_visualization
guardian_b1b857d321,The Guardian,2013,"""climate change""",2013: a year of disasters for Asia that we're all to blame for,https://www.theguardian.com/sustainable-business/blog/2013-disasters-asia-typhoon-haiyan-rana-plaza,2013-12-19,2014-02-19,1,https://i.guim.co.uk/img/static/sys-images/Guardian/Pix/pictures/2013/12/19/1387467122321/Typhoon-003.jpg?width=465&dpr=1&s=none&crop=none,../Scripts/output/guardian/guardian_images/guardian_2013-12-19_guardian_b1b857d321_img01.jpg,"Typhoon Haiyan, Indonesian forest fires, Rana Plaza - 2013 has not been good for Asia. Photograph: Erik De Castro/REUTERS",,1,graph,3,photo|photograph|reuters,0,likely_visualization
guardian_cc687a9c8b,The Guardian,2013,"""climate change""",2013 climate year in review: 'the heat is on. Now we must act',https://www.theguardian.com/environment/2013/dec/19/2013-climate-change-review-global-warming,2013-12-19,2021-08-25,3,https://i.guim.co.uk/img/static/sys-images/Guardian/Pix/pictures/2013/9/30/1380536838576/Global-Warming-008.jpg?width=445&dpr=1&s=none&crop=none,../Scripts/output/guardian/guardian_images/guardian_2013-12-19_guardian_cc687a9c8b_img03.jpg,Excess heat has continued to be trapped by greenhouse gases and 93% warms the oceans. Photograph: Joe Raedle/Getty Images,,1,graph,3,getty|photo|photograph,0,likely_visualization
guardian_cc687a9c8b,The Guardian,2013,"""climate change""",2013 climate year in review: 'the heat is on. Now we must act',https://www.theguardian.com/environment/2013/dec/19/2013-climate-change-review-global-warming,2013-12-19,2021-08-25,6,https://i.guim.co.uk/img/static/sys-images/Environment/Pix/columnists/2013/9/12/1379002275774/Britains-political-leader-008.jpg?width=445&dpr=1&s=none&crop=none,../Scripts/output/guardian/guardian_images/guardian_2013-12-19_guardian_cc687a9c8b_img06.jpg,"(L-R) Britain's opposition Labour party leader, Ed Miliband, deputy prime minister, Nick Clegg, and prime minister, David Cameron. Photograph: Toby Melville/Reuters",,1,graph,3,photo|photograph|reuters,0,likely_visualization
guardian_cded75542d,The Guardian,2013,"""climate change""",Environmental law in 2014: what businesses should know,https://www.theguardian.com/sustainable-business/blog/environment-law-2014-business-should-know,2013-12-19,2013-12-19,1,https://i.guim.co.uk/img/static/sys-images/Guardian/Pix/pictures/2013/12/19/1387454076053/Protest-against-fracking--003.jpg?width=465&dpr=1&s=none&crop=none,../Scripts/output/guardian/guardian_images/guardian_2013-12-19_guardian_cded75542d_img01.jpg,The regulation of fracking in the UK is strict and the UK government is keen to resist the introduction of any further controls at an EU level. Photograph: Bogdan Maran/EPA,,1,graph,3,epa|photo|photograph,0,likely_visualization
guardian_1aa06a2edf,The Guardian,2013,"""climate change""",Emissions cuts: Coalition considers new regulations to help Direct Action,https://www.theguardian.com/environment/2013/dec/20/greenhouse-goals-coalition-considers-new-regulations-to-help-direct-action,2013-12-20,2021-08-25,1,https://i.guim.co.uk/img/static/sys-images/Guardian/Pix/pictures/2013/9/19/1379568872742/Greg-Hunt-climate-change--010.jpg?width=465&dpr=1&s=none&crop=none,../Scripts/output/guardian/guardian_images/guardian_2013-12-20_guardian_1aa06a2edf_img01.jpg,Greg Hunt speaking during a press conference in Canberra. Photograph: Alan Porritt/AAP Photograph: ALAN PORRITT/AAPIMAGE,,1,graph,3,ap photo|photo|photograph,0,likely_visualization
guardian_2e50a40e63,The Guardian,2013,"""climate change""",2013 in review: Obama talks climate change – but pushes fracking,https://www.theguardian.com/environment/2013/dec/20/2013-climate-change-review-obama-fracking,2013-12-20,2021-08-25,1,https://i.guim.co.uk/img/static/sys-images/Environment/Pix/columnists/2013/12/20/1387542720544/Obama-Gives-Major-Speech--009.jpg?width=465&dpr=1&s=none&crop=none,../Scripts/output/guardian/guardian_images/guardian_2013-12-20_guardian_2e50a40e63_img01.jpg,"Barack Obama unveils his plan on climate change in June at Georgetown University in Washington, DC. Photograph: Alex Wong/Getty Images",,1,graph,3,getty|photo|photograph,0,likely_visualization
guardian_2e50a40e63,The Guardian,2013,"""climate change""",2013 in review: Obama talks climate change – but pushes fracking,https://www.theguardian.com/environment/2013/dec/20/2013-climate-change-review-obama-fracking,2013-12-20,2021-08-25,2,https://i.guim.co.uk/img/static/sys-images/Environment/Pix/columnists/2013/12/20/1387542929955/Environmental-activists-o-008.jpg?width=445&dpr=1&s=none&crop=none,../Scripts/output/guardian/guardian_images/guardian_2013-12-20_guardian_2e50a40e63_img02.jpg,Environmental activists opposed to the Keystone XL tar sands pipeline project protest outside the White House in Washington. Photograph: Jonathan Ernst/Reuters,,1,graph,3,photo|photograph|reuters,0,likely_visualization
guardian_d540814747,The Guardian,2013,"""climate change""",Amazon roads and dams pose threat to rainforest and indigenous peoples,https://www.theguardian.com/global-development/poverty-matters/2013/dec/20/amazon-dams-roads-threat-rainforest-indigenous,2013-12-20,2022-10-19,1,https://i.guim.co.uk/img/static/sys-images/Environment/Pix/columnists/2013/12/18/1387369296804/MDG--Amazon-highway--Inte-009.jpg?width=465&dpr=1&s=none&crop=none,../Scripts/output/guardian/guardian_images/guardian_2013-12-20_guardian_d540814747_img01.jpg,"Fire burns on a section of the Amazon highway in Peru's Madre de Dios region, where logging and farming have caused deforestation. Photograph: Mario Tama/Getty",,1,graph,3,getty|photo|photograph,0,likely_visualization
guardian_6cfa43fca8,The Guardian,2013,"""climate change""","Global warming will intensify drought, says new study",https://www.theguardian.com/environment/climate-consensus-97-per-cent/2013/dec/23/global-warming-intensify-droughts,2013-12-23,2021-08-25,1,https://i.guim.co.uk/img/static/sys-images/Guardian/About/General/2011/6/1/1306934324484/China-drought--007.jpg?width=465&dpr=1&s=none&crop=none,../Scripts/output/guardian/guardian_images/guardian_2013-12-23_guardian_6cfa43fca8_img01.jpg,A new study finds that global warming will probably cause droughts to set in quicker and be more intense. Photograph: David Gray/REUTERS,,1,graph,3,photo|photograph|reuters,0,likely_visualization
guardian_05e3be1079,The Guardian,2013,"""climate change""",Sustainable living: what were the top 5 stories of 2013?,https://www.theguardian.com/sustainable-business/sustainable-living-top-5-stories-2013,2013-12-25,2013-12-27,3,https://i.guim.co.uk/img/static/sys-images/Guardian/Pix/pictures/2013/10/25/1382709127191/New-York-Celebrates-New-Y-004.jpg?width=445&dpr=1&s=none&crop=none,../Scripts/output/guardian/guardian_images/guardian_2013-12-25_guardian_05e3be1079_img03.jpg,Is it possible to live sustainably if we continue our current patterns of consumption? Photograph: Jemal Countess/Getty Images,,1,graph,3,getty|photo|photograph,0,likely_visualization
guardian_7e0b15b73c,The Guardian,2013,"""climate change""",The business year in review: the signs of recovery,https://www.theguardian.com/business/2013/dec/25/business-year-in-review-the-signs-of-recovery,2013-12-25,2017-11-30,1,https://i.guim.co.uk/img/static/sys-images/Guardian/Pix/pictures/2013/12/24/1387924276977/Currency-rates-011.jpg?width=465&dpr=1&s=none&crop=none,../Scripts/output/guardian/guardian_images/guardian_2013-12-25_guardian_7e0b15b73c_img01.jpg,The recovery has been slow and halting. Photograph: Toru Hanai/Reuters,,1,graph,3,photo|photograph|reuters,0,likely_visualization
guardian_27cbfe9c74,The Guardian,2013,"""climate change""",Obama's annus horribilis: things can only get better,https://www.theguardian.com/world/2013/dec/26/obamas-annus-horribilis-2013,2013-12-26,2021-08-25,1,https://i.guim.co.uk/img/static/sys-images/Guardian/Pix/audio/video/2013/12/21/1387623801150/Barack-Obama--013.jpg?width=465&dpr=1&s=none&crop=none,../Scripts/output/guardian/guardian_images/guardian_2013-12-26_guardian_27cbfe9c74_img01.jpg,Barack Obama Photograph: Zhang Jun/REX Photograph: Zhang Jun/REX,,1,graph,3,photo|photograph|video,0,likely_visualization
guardian_4aa60a0deb,The Guardian,2013,"""climate change""",Republicans in Congress got the testimony they wanted to keep playing climate Russian roulette,https://www.theguardian.com/environment/climate-consensus-97-per-cent/2013/dec/26/republicans-congress-climate-change-testimony-risk,2013-12-26,2021-08-25,1,https://i.guim.co.uk/img/static/sys-images/Guardian/Pix/pictures/2013/8/23/1377254331576/The-roulette-wheel-spins--008.jpg?width=465&dpr=1&s=none&crop=none,../Scripts/output/guardian/guardian_images/guardian_2013-12-26_guardian_4aa60a0deb_img01.jpg,House Republicans carefully chose their witnesses to justify their continued gambling with the future of the global climate. Photograph: William Thomas Cain/Getty Images,,1,graph,3,getty|photo|photograph,0,likely_visualization
guardian_5432e1b990,The Guardian,2013,"""global temperature""",The fossil fuel agenda is an anti- business agenda,https://www.theguardian.com/sustainable-business/fossil-fuel-agenda-anti-business,2013-12-26,2013-12-23,1,https://i.guim.co.uk/img/static/sys-images/Guardian/Pix/pictures/2013/12/13/1386938981960/An-environmental-activist-008.jpg?width=465&dpr=1&s=none&crop=none,../Scripts/output/guardian/guardian_images/guardian_2013-12-26_guardian_5432e1b990_img01.jpg,The lesson we urgently need to learn in 2014 is that the fossil fuel agenda is an anti-business agenda. Photograph: Jonathan Ernst/REUTERS,,1,graph,3,photo|photograph|reuters,0,likely_visualization
guardian_146a0b64c1,The Guardian,2013,"""climate change""",Happy new year - but what exactly will make the news in 2014?,https://www.theguardian.com/world/2013/dec/27/happy-new-year-what-make-news-2014,2013-12-27,2017-11-30,1,https://i.guim.co.uk/img/static/sys-images/Guardian/Pix/pictures/2013/12/27/1388157676477/International-news-compos-006.jpg?width=465&dpr=1&s=none&crop=none,../Scripts/output/guardian/guardian_images/guardian_2013-12-27_guardian_146a0b64c1_img01.jpg,What will 2014 hold for international news? Photograph: Getty/AP for the Guardian,,1,graph,3,getty|photo|photograph,0,likely_visualization
guardian_146a0b64c1,The Guardian,2013,"""climate change""",Happy new year - but what exactly will make the news in 2014?,https://www.theguardian.com/world/2013/dec/27/happy-new-year-what-make-news-2014,2013-12-27,2017-11-30,6,https://i.guim.co.uk/img/static/sys-images/Guardian/Pix/pictures/2013/10/9/1381315446091/The-luge-at-the-Sochi-Win-007.jpg?width=445&dpr=1&s=none&crop=none,../Scripts/output/guardian/guardian_images/guardian_2013-12-27_guardian_146a0b64c1_img06.jpg,The Sochi Games will be Russia's first challenge of the year. Photograph: Kai Pfaffenbach/Reuters,,1,graph,3,photo|photograph|reuters,0,likely_visualization
guardian_146a0b64c1,The Guardian,2013,"""climate change""",Happy new year - but what exactly will make the news in 2014?,https://www.theguardian.com/world/2013/dec/27/happy-new-year-what-make-news-2014,2013-12-27,2017-11-30,8,https://i.guim.co.uk/img/static/sys-images/Guardian/Pix/pictures/2013/12/18/1387359373131/1501e712-0bf8-4e2a-b7a1-e2af91ef03e9-460x307.jpeg?width=445&dpr=1&s=none&crop=none,../Scripts/output/guardian/guardian_images/guardian_2013-12-27_guardian_146a0b64c1_img08.jpeg,What can change the course of the chaos in Syria? Photograph: Saad Abobrahim/Reuters,,1,graph,3,photo|photograph|reuters,0,likely_visualization
guardian_c9935c6a4b,The Guardian,2013,"""climate change""",Middle-income countries to have the casting vote on future of development,https://www.theguardian.com/global-development/poverty-matters/2013/dec/27/middle-income-countries-future-of-development,2013-12-27,2022-10-19,1,https://i.guim.co.uk/img/static/sys-images/Environment/Pix/pictures/2013/12/16/1387196283570/Indonesia-protests-009.jpg?width=465&dpr=1&s=none&crop=none,../Scripts/output/guardian/guardian_images/guardian_2013-12-27_guardian_c9935c6a4b_img01.jpg,A protest at the World Trade Organisation meeting in Bali. Middle-income countries such as Indonesia can shape the development agenda. Photograph: Made Nagi/EPA,,1,graph,3,epa|photo|photograph,0,likely_visualization
guardian_99b59c7a68,The Guardian,2013,"""climate change""",Readers' books of the year 2013: part 2,https://www.theguardian.com/books/2013/dec/28/readers-books-of-2013-part-2,2013-12-28,2018-02-22,6,https://i.guim.co.uk/img/static/sys-images/Guardian/Pix/pictures/2013/12/17/1387297480737/Photo-of-Bob-Dylan-008.jpg?width=445&dpr=1&s=none&crop=none,../Scripts/output/guardian/guardian_images/guardian_2013-12-28_guardian_99b59c7a68_img06.jpg,Still attracting as much commentary as Shakespeare … Bob Dylan. Photograph: Alice Ochs/Getty Images,,1,graph,3,getty|photo|photograph,0,likely_visualization
guardian_99b59c7a68,The Guardian,2013,"""climate change""",Readers' books of the year 2013: part 2,https://www.theguardian.com/books/2013/dec/28/readers-books-of-2013-part-2,2013-12-28,2018-02-22,8,https://i.guim.co.uk/img/static/sys-images/Guardian/Pix/pictures/2013/12/17/1387296612645/JFK-in-Dallas-moments-bef-008.jpg?width=445&dpr=1&s=none&crop=none,../Scripts/output/guardian/guardian_images/guardian_2013-12-28_guardian_99b59c7a68_img08.jpg,"The anniversary of JFK's assasination saw many new books, two of which made one reader's best of the year list. Photograph: Reuters",,1,graph,3,photo|photograph|reuters,0,likely_visualization
guardian_fe32dede8e,The Guardian,2013,"""climate change""",Finance: the top five stories of 2013,https://www.theguardian.com/sustainable-business/top-five-sustainable-finance-stories-2013,2013-12-30,2013-12-30,2,https://i.guim.co.uk/img/static/sys-images/Guardian/Pix/pictures/2013/3/15/1363342440755/Line-People-Group-Waiting-003.jpg?width=445&dpr=1&s=none&crop=none,../Scripts/output/guardian/guardian_images/guardian_2013-12-30_guardian_fe32dede8e_img02.jpg,"Bankers sustainable leaders? Given the power that banks have in being able to allocate money within an economy, this is entirely possible. Photograph: H. Armstrong Roberts/Retrofile/Getty Images",,1,graph,3,getty|photo|photograph,0,likely_visualization
guardian_1ce2dc07b0,The Guardian,2013,"""climate change""",Sustainable business 2013: countdown of our top stories from 20-11,https://www.theguardian.com/sustainable-business/blog/sustainable-business-2013-top-20-stories,2013-12-31,2013-12-31,4,https://i.guim.co.uk/img/static/sys-images/Guardian/Pix/pictures/2013/12/20/1387550374824/electronics-smashed-001.jpg?width=445&dpr=1&s=none&crop=none,../Scripts/output/guardian/guardian_images/guardian_2013-12-31_guardian_1ce2dc07b0_img04.jpg,"Copyrighting repair manuals doesn't protect creative work, but it does help contribute to 1.37m tonnes of e-waste Britain disposes of each year. Photograph: Cultura/REX",,1,graph,3,epa|photo|photograph,0,likely_visualization
guardian_1ce2dc07b0,The Guardian,2013,"""climate change""",Sustainable business 2013: countdown of our top stories from 20-11,https://www.theguardian.com/sustainable-business/blog/sustainable-business-2013-top-20-stories,2013-12-31,2013-12-31,6,https://i.guim.co.uk/img/static/sys-images/Guardian/About/General/2011/5/27/1306487857670/Spain-protest-003.jpg?width=445&dpr=1&s=none&crop=none,../Scripts/output/guardian/guardian_images/guardian_2013-12-31_guardian_1ce2dc07b0_img06.jpg,"A view of the central Puerta del Sol square in Madrid, Spain, filled with banners and tarps erected by demonstrators. Photograph: Paul Hanna/REUTERS",,1,graph,3,photo|photograph|reuters,0,likely_visualization
guardian_1ce2dc07b0,The Guardian,2013,"""climate change""",Sustainable business 2013: countdown of our top stories from 20-11,https://www.theguardian.com/sustainable-business/blog/sustainable-business-2013-top-20-stories,2013-12-31,2013-12-31,9,https://i.guim.co.uk/img/static/sys-images/Guardian/Pix/pictures/2013/5/17/1368786526738/Spider-web-005.jpg?width=445&dpr=1&s=none&crop=none,../Scripts/output/guardian/guardian_images/guardian_2013-12-31_guardian_1ce2dc07b0_img09.jpg,"Sustainability should focus on the whole inter-connected web of life, not just on human prosperity. Photograph: Steffen Schmidt/EPA",,1,graph,3,epa|photo|photograph,0,likely_visualization
guardian_1ce2dc07b0,The Guardian,2013,"""climate change""",Sustainable business 2013: countdown of our top stories from 20-11,https://www.theguardian.com/sustainable-business/blog/sustainable-business-2013-top-20-stories,2013-12-31,2013-12-31,11,https://i.guim.co.uk/img/static/sys-images/Guardian/Pix/audio/video/2013/9/26/1380207232497/Children-on-computer-009.jpg?width=445&dpr=1&s=none&crop=none,../Scripts/output/guardian/guardian_images/guardian_2013-12-31_guardian_1ce2dc07b0_img11.jpg,Children on computer Photograph: Cultura / Alamy/Alamy,,1,graph,3,photo|photograph|video,0,likely_visualization
guardian_40c689ea23,The Guardian,2013,"""climate change""",14 key numbers for 2014,https://www.theguardian.com/money/2013/dec/31/14-key-financial-figures-2014,2013-12-31,2014-01-01,1,https://i.guim.co.uk/img/static/sys-images/Media/Pix/pictures/2011/7/15/1310734184015/A-jobcentre-in-Bristol-007.jpg?width=465&dpr=1&s=none&crop=none,../Scripts/output/guardian/guardian_images/guardian_2013-12-31_guardian_40c689ea23_img01.jpg,Jobseekers Allowance will rise from £71.70 to £72.40 a week from 6 April. Photograph: Matt Cardy/Getty Images,,1,graph,3,getty|photo|photograph,0,likely_visualization
guardian_c28db947ca,The Guardian,2013,"""climate change""","2014 is the year for a strong, unified business voice on climate policy",https://www.theguardian.com/sustainable-business/blog/2014-time-unified-business-voice-climate-policy,2013-12-31,2021-08-27,1,https://i.guim.co.uk/img/static/sys-images/Guardian/Pix/pictures/2013/12/18/1387380848530/A-flare-stack--008.jpg?width=465&dpr=1&s=none&crop=none,../Scripts/output/guardian/guardian_images/guardian_2013-12-31_guardian_c28db947ca_img01.jpg,Many companies are expecting and planning for policy makers to create a price of carbon and are factoring it into investment decisions. Photograph: Mick Tsikas/REUTERS,,1,graph,3,photo|photograph|reuters,0,likely_visualization
guardian_ebd43d997f,The Guardian,2013,"""climate change""",10 hopeful things from 2013 that will get you inspired for what's to come,https://www.theguardian.com/commentisfree/2013/dec/31/10-hopeful-things-2013-climate-change,2013-12-31,2021-08-25,1,https://i.guim.co.uk/img/static/sys-images/Guardian/Pix/pictures/2013/11/19/1384878324625/887b7cee-9fdd-42db-97ee-6d8f1f3265e8-460x276.jpeg?width=465&dpr=1&s=none&crop=none,../Scripts/output/guardian/guardian_images/guardian_2013-12-31_guardian_ebd43d997f_img01.jpeg,"New leaders, like the Philippines' Yeb Sano, emerged in the burgeoning climate change movement in 2013 Photograph: Kacper Pempel/Reuters",,1,graph,3,photo|photograph|reuters,0,likely_visualization
guardian_a09684d4be,The Guardian,2013,IPCC,Ex-City of London police officer arrested over alleged leak to journalists,https://www.theguardian.com/uk/2013/mar/05/ex-city-of-london-police-officer-arrested,2013-03-05,2016-08-11,1,https://i.guim.co.uk/img/static/sys-images/Media/Pix/pictures/2013/3/5/1362500425873/A-police-car-drives-past--008.jpg?width=465&dpr=1&s=none&crop=none,../Scripts/output/guardian/guardian_images/guardian_2013-03-05_guardian_a09684d4be_img01.jpg,A former City of London police officer has been arrested by IPCC investigators over alleged leaking to journalists. Photograph: John D Mchugh/AFP/Getty Images,,1,graph,4,afp|getty|photo|photograph,0,likely_visualization
guardian_52e7818237,The Guardian,2013,"""sea level rise""",Nations urged to combine environmental and development goals,https://www.theguardian.com/environment/2013/mar/21/nations-urged-combine-environmental-development-goals,2013-03-21,2022-10-19,1,https://i.guim.co.uk/img/static/sys-images/Environment/Pix/columnists/2011/8/30/1314700005237/damian-blog--pollution-in-007.jpg?width=465&dpr=1&s=none&crop=none,../Scripts/output/guardian/guardian_images/guardian_2013-03-21_guardian_52e7818237_img01.jpg,"'Humans are transforming the planet in ways that could undermine any development gains,' the paper warns. Photograph: AFP/Getty Images",,1,graph,4,afp|getty|photo|photograph,0,likely_visualization
guardian_5d5062822f,The Guardian,2013,"""net zero""","Disney, Microsoft and Shell opt for self-imposed carbon emissions taxes",https://www.theguardian.com/sustainable-business/carbon-emissions-tax-microsoft-disney-shell,2013-03-26,2013-04-03,1,https://i.guim.co.uk/img/static/sys-images/Guardian/Pix/pictures/2013/3/26/1364317617106/FRANCE-DISNEYLAND-TOURISM-011.jpg?width=465&dpr=1&s=none&crop=none,../Scripts/output/guardian/guardian_images/guardian_2013-03-26_guardian_5d5062822f_img01.jpg,Is carbon tax a Mickey Mouse gesture against the millions of miles that park visitors travel by plane to reach Disneyland? Photograph: Thomas Samson/AFP/Getty Images,,1,graph,4,afp|getty|photo|photograph,0,likely_visualization
guardian_83578637e8,The Guardian,2013,IPCC,Today's media stories from the papers,https://www.theguardian.com/media/2013/apr/25/1,2013-04-25,2016-08-11,1,https://i.guim.co.uk/img/static/sys-images/Guardian/Pix/pictures/2013/4/23/1366726929758/c7333a79-d501-4159-86af-513968cb6bec-460x276.jpeg?width=445&dpr=1&s=none&crop=none,../Scripts/output/guardian/guardian_images/guardian_2013-04-25_guardian_83578637e8_img01.jpeg,"Catherine, Duchess of Cambridge, visits the Willows Primary School, Wythenshawe, Manchester, to launch a new school counseling programme. Photograph: Paul Ellis/AFP/Getty Images",,1,graph,4,afp|getty|photo|photograph,0,likely_visualization
guardian_2217d505e1,The Guardian,2013,"""carbon budget""",Carbon bubble makes Australia's coal industry ripe 'for financial implosion',https://www.theguardian.com/environment/2013/apr/28/carbon-bubble-australia-coal-industry,2013-04-28,2018-02-14,1,https://i.guim.co.uk/img/static/sys-images/Guardian/Pix/pictures/2013/4/26/1366993650695/Coal-in-Australia-008.jpg?width=465&dpr=1&s=none&crop=none,../Scripts/output/guardian/guardian_images/guardian_2013-04-28_guardian_2217d505e1_img01.jpg,Australia is already the globe’s biggest coal exporter. Photograph: Greg Wood/AFP/Getty Images,,1,graph,4,afp|getty|photo|photograph,0,likely_visualization
guardian_b36f42dcaf,The Guardian,2013,"""global temperature""",Zombie climate sceptic theories survive only in newspapers and on TV,https://www.theguardian.com/environment/planet-oz/2013/may/17/zombie-climate-sceptic-theories-newspapers-tv,2013-05-17,2021-08-25,1,https://i.guim.co.uk/img/static/sys-images/Guardian/Pix/pictures/2010/12/15/1292442968778/Fox-News-hat-007.jpg?width=465&dpr=1&s=none&crop=none,../Scripts/output/guardian/guardian_images/guardian_2013-05-17_guardian_b36f42dcaf_img01.jpg,"According to an email obtained by Media Matters, Bill Sammon imposed an order on Fox News journalists to cast doubt on climate change. Photograph: Stan Honda/AFP/Getty Images",,1,graph,4,afp|getty|photo|photograph,0,likely_visualization
guardian_c4c5b5e6b3,The Guardian,2013,IPCC,Woolwich: new video shows suspect charging at police,https://www.theguardian.com/uk/blog/2013/may/24/woolwich-new-video-shows-suspect-charging-at-police-live-updates,2013-05-24,2017-09-15,1,https://i.guim.co.uk/img/static/sys-images/Guardian/Pix/pictures/2013/5/24/1369409017388/1dd9a3bd-f7c9-4ff3-8598-e540bb2c7329-2060x1236.jpeg?width=465&dpr=1&s=none&crop=none,../Scripts/output/guardian/guardian_images/guardian_2013-05-24_guardian_c4c5b5e6b3_img01.jpeg,"BNP leader Nick Griffin arrives to lay flowers close to the scene where Drummer Lee Rigby of the 2nd Battalion the Royal Regiment of Fusiliers was killed, today. Photograph: Dan Kitwood/Getty Images Photograph: Dan Kitwood/Getty Images",,1,graph,4,getty|photo|photograph|video,0,likely_visualization
guardian_3b86306ace,The Guardian,2013,IPCC,Met campaign to 'smear' Stephen Lawrence's family - reaction: Politics live blog,https://www.theguardian.com/politics/blog/2013/jun/24/stephen-lawrence-police-spying-politics-blog,2013-06-24,2017-09-20,1,https://i.guim.co.uk/img/static/sys-images/Guardian/Pix/pictures/2013/6/24/1372089378553/a5f27bbd-9cd4-41af-8787-c0d551cd3960-2060x1236.jpeg?width=465&dpr=1&s=none&crop=none,../Scripts/output/guardian/guardian_images/guardian_2013-06-24_guardian_3b86306ace_img01.jpeg,Sir Bernard Hogan-Howe. Photograph: FACUNDO ARRIZABALAGA/AFP/Getty Images Photograph: FACUNDO ARRIZABALAGA/AFP/Getty Images,,1,graph,4,afp|getty|photo|photograph,0,likely_visualization
guardian_50ac24624f,The Guardian,2013,IPCC,Hacking the arms trade,https://www.theguardian.com/science/political-science/2013/jun/26/science-policy,2013-06-26,2017-05-09,1,https://i.guim.co.uk/img/static/sys-images/Guardian/Pix/audio/video/2011/11/22/1321962056421/A-protester-throws-a-tear-010.jpg?width=465&dpr=1&s=none&crop=none,../Scripts/output/guardian/guardian_images/guardian_2013-06-26_guardian_50ac24624f_img01.jpg,"A protester prepares to throw back a teargas canister during clashes with Egyptian riot police in Tahrir Square, Cairo. Photograph: Khalil Hamra/AP",,1,graph,4,epa|photo|photograph|video,0,likely_visualization
guardian_be0cd7a214,The Guardian,2013,"""carbon budget""",How Australian campaigners target fossil fuel companies and their backers,https://www.theguardian.com/sustainable-business/australian-campaigners-target-fossil-fuel-companies,2013-07-03,2013-07-08,1,https://i.guim.co.uk/img/static/sys-images/Guardian/Pix/gallery/2013/7/3/1372866209610/Coal-dredger-tears-coal-i-008.jpg?width=465&dpr=1&s=none&crop=none,../Scripts/output/guardian/guardian_images/guardian_2013-07-03_guardian_be0cd7a214_img01.jpg,A coal dredger tears coal from the face of the Loy Yang Open Cut coal mine in the Latrobe Valley in 2009. Photograph: Paul Crock/AFP/Getty Images,,1,graph,4,afp|getty|photo|photograph,0,likely_visualization
guardian_434e2b93b2,The Guardian,2013,"""sea level rise""",Polar ice loss cause still unclear,https://www.theguardian.com/environment/2013/jul/15/polar-ice-loss-cause-unclear,2013-07-15,2021-08-25,1,https://i.guim.co.uk/img/static/sys-images/Guardian/Pix/pictures/2013/7/15/1373883404210/03f4a916-1960-4fed-a652-467f15a1c0f6-2060x1236.jpeg?width=465&dpr=1&s=none&crop=none,../Scripts/output/guardian/guardian_images/guardian_2013-07-15_guardian_434e2b93b2_img01.jpeg,Springtime in southwest Greenland. Pools of blue water begin to dot the surface of the ice sheet as the top layer of snow and ice melts Jesse Allen and Robert Simmon/AFP/Nasa/Getty Images Photograph: Jesse Allen and Robert Simmon/AFP/Nasa/Getty Images,,1,graph,4,afp|getty|photo|photograph,0,likely_visualization
guardian_53fa401595,The Guardian,2013,"""sea level rise""",We've been asking the wrong questions about conservation,https://www.theguardian.com/environment/2013/jul/29/conservation-climate-change-species,2013-07-29,2021-10-29,1,https://i.guim.co.uk/img/static/sys-images/Environment/Pix/columnists/2013/7/29/1375092610241/Climate-change-adaptation-009.jpg?width=465&dpr=1&s=none&crop=none,../Scripts/output/guardian/guardian_images/guardian_2013-07-29_guardian_53fa401595_img01.jpg,Heavy flood waters sweep through Beichuan in southwest China's Sichuan province. Extreme weather events are now occurring more frequently because of climate change. Photograph: AFP/Getty Images,,1,graph,4,afp|getty|photo|photograph,0,likely_visualization
guardian_b5d78debaf,The Guardian,2013,IPCC,How extreme will future heatwaves be? Choose your own adventure,https://www.theguardian.com/environment/climate-consensus-97-per-cent/2013/aug/21/climate-change-extreme-heat,2013-08-21,2021-08-25,1,https://i.guim.co.uk/img/static/sys-images/Guardian/Pix/pictures/2008/09/30/greece460x276.jpg?width=465&dpr=1&s=none&crop=none,../Scripts/output/guardian/guardian_images/guardian_2013-08-21_guardian_b5d78debaf_img01.jpg,A burnt-out firefighters’ truck after forest fires devastated southern Greece during a heatwave last August. Photograph: Louisa Goulimaki/AFP/Getty Images,,1,graph,4,afp|getty|photo|photograph,0,likely_visualization
guardian_112fe809ae,The Guardian,2013,IPCC,"David Cameron must heed the experts, not the sceptics, on climate change",https://www.theguardian.com/commentisfree/2013/aug/24/climate-change-report-fifth-assessment,2013-08-24,2021-08-25,1,https://i.guim.co.uk/img/static/sys-images/Guardian/Pix/pictures/2013/8/23/1377257141095/An-industrial-plant-is-th-008.jpg?width=465&dpr=1&s=none&crop=none,../Scripts/output/guardian/guardian_images/guardian_2013-08-24_guardian_112fe809ae_img01.jpg,Smoke screen: commitments by the largest greenhouse gas producers are inadequate. Photograph: Joseph Eid/AFP/Getty Images,,1,graph,4,afp|getty|photo|photograph,0,likely_visualization
guardian_096e450531,The Guardian,2013,"""sea level rise""",What is the business case for improving the resilience of cities?,https://www.theguardian.com/sustainable-business/business-case-improving-resilience-cities,2013-09-02,2013-09-02,1,https://i.guim.co.uk/img/static/sys-images/Guardian/Pix/pictures/2013/9/2/1378136796670/Yellow-taxis-008.jpg?width=465&dpr=1&s=none&crop=none,../Scripts/output/guardian/guardian_images/guardian_2013-09-02_guardian_096e450531_img01.jpg,"New taxi cabs in a lot as flood waters recede on October 31, 2012 in Hoboken, New Jersey. No city is immune to challenges. Photograph: Brendan Smialowski/AFP/Getty Images",,1,graph,4,afp|getty|photo|photograph,0,likely_visualization
guardian_525eec6b7f,The Guardian,2013,IPCC,Hillsborough: more new hope for families scarred by a long struggle,https://www.theguardian.com/football/2013/sep/12/hillsborough-new-hope-families-struggle,2013-09-11,2018-01-11,1,https://i.guim.co.uk/img/static/sys-images/Guardian/Pix/pictures/2013/9/11/1378925429746/A-child-in-front-of-the-H-010.jpg?width=465&dpr=1&s=none&crop=none,../Scripts/output/guardian/guardian_images/guardian_2013-09-11_guardian_525eec6b7f_img01.jpg,A child in front of the Hillsborough memorial at Liverpool's Anfield ground earlier this year. Photograph: Paul Ellis/AFP/Getty Images,,1,graph,4,afp|getty|photo|photograph,0,likely_visualization
guardian_3efe0e6457,The Guardian,2013,"""sea level rise""",Cities bypass slow government to lead the way on climate change,https://www.theguardian.com/sustainable-business/cities-bypass-government-climate-change,2013-09-12,2013-09-18,1,https://i.guim.co.uk/img/static/sys-images/Guardian/Pix/pictures/2013/9/12/1378987654525/Mayor-Bloomberg-007.jpg?width=465&dpr=1&s=none&crop=none,../Scripts/output/guardian/guardian_images/guardian_2013-09-12_guardian_3efe0e6457_img01.jpg,"""When it comes to climate change, cities are where the most exciting progress is being made,"" according to Michael Bloomberg, mayor of New York. Photograph: Jewel Samad/AFP/Getty Images",,1,graph,4,afp|getty|photo|photograph,0,likely_visualization
guardian_f4b56ec90d,The Guardian,2013,IPCC,Questions for wannabe science minister and climate sceptic Dennis Jensen,https://www.theguardian.com/environment/planet-oz/2013/sep/13/climate-change-science-minister-dennis-jensen-monckton-questionnaire,2013-09-13,2021-08-25,1,https://i.guim.co.uk/img/static/sys-images/Guardian/Pix/pictures/2011/7/18/1310985024594/Climate-change-sceptic-Lo-007.jpg?width=465&dpr=1&s=none&crop=none,../Scripts/output/guardian/guardian_images/guardian_2013-09-13_guardian_f4b56ec90d_img01.jpg,Lord Monckton has been told to stop claiming he's a member of the House of Lords. Photograph: Torsten Blackwood/AFP/Getty Images,,1,graph,4,afp|getty|photo|photograph,0,likely_visualization
guardian_7c53efb6cf,The Guardian,2013,IPCC,Hillsborough disaster witnesses urged to give evidence to IPCC investigation,https://www.theguardian.com/football/2013/sep/17/hillsborough-disaster-witnesses-ipcc-police,2013-09-17,2018-01-11,1,https://i.guim.co.uk/img/static/sys-images/Guardian/Pix/pictures/2013/9/17/1379431149851/A-Liverpool-fan-in-front--009.jpg?width=465&dpr=1&s=none&crop=none,../Scripts/output/guardian/guardian_images/guardian_2013-09-17_guardian_7c53efb6cf_img01.jpg,"A child sits in front of the Hillsborough memorial at Anfield, Liverpool, on April 15 2013, the anniversary of the disaster. Photograph: Paul Ellis/AFP/Getty Images",,1,graph,4,afp|getty|photo|photograph,0,likely_visualization
guardian_ca1c94e8cc,The Guardian,2013,IPCC,Reports on leaked IPCC study like a bad game of Chinese whispers,https://www.theguardian.com/environment/planet-oz/2013/sep/18/climate-change-ipcc-sceptics-leak-report-murdoch,2013-09-18,2021-08-25,1,https://i.guim.co.uk/img/static/sys-images/Environment/Pix/columnists/2013/9/17/1379419842920/Planet-Oz-blog--Climate-d-008.jpg?width=465&dpr=1&s=none&crop=none,../Scripts/output/guardian/guardian_images/guardian_2013-09-18_guardian_ca1c94e8cc_img01.jpg,"Anti-carbon tax protesters known as The Convoy of No Confidence listen to speeches in front of Parliament House in Canberra on August 22, 2011. The national convoy of disgruntled Australian truck drivers and farmers descended on Canberra to protest government policies including plans for a pollution tax. Photograph: Torsten Blackwood/AFP/Getty Images",,1,graph,4,afp|getty|photo|photograph,0,likely_visualization
guardian_7d1e6a07de,The Guardian,2013,"""1.5C""","Big business funds effort to discredit climate science, warns UN official",https://www.theguardian.com/science/2013/sep/20/big-business-funding-climate-change-sceptics,2013-09-20,2021-08-25,1,https://i.guim.co.uk/img/static/sys-images/Business/Pix/cartoon/2013/9/20/1379703843553/Hazy-and-polluted-day-in--008.jpg?width=465&dpr=1&s=none&crop=none,../Scripts/output/guardian/guardian_images/guardian_2013-09-20_guardian_7d1e6a07de_img01.jpg,"Hazy and polluted day in Beijing. The 1997 Kyoto protocol placed no obligations on developing countries such as China, now the world’s biggest emitter of greenhouse gases. Photograph Frederic J. Brown/AFP/Getty Images",,1,graph,4,afp|getty|photo|photograph,0,likely_visualization
guardian_a936c85dda,The Guardian,2013,IPCC,Climate change: IPCC issues stark warning over global warming,https://www.theguardian.com/environment/2013/sep/21/climate-change-ipcc-global-warming,2013-09-21,2021-08-25,1,https://i.guim.co.uk/img/static/sys-images/guardian/Pix/pictures/2013/9/21/1379792290865/Smoke-rising-from-a-therm-010.jpg?width=465&dpr=1&s=none&crop=none,../Scripts/output/guardian/guardian_images/guardian_2013-09-21_guardian_a936c85dda_img01.jpg,The report warns that the gradual acidification of the ocean could see coral reefs disappearing before the century ends Photograph: Dimitar Dilkoff/AFP/Getty Images,,1,graph,4,afp|getty|photo|photograph,0,likely_visualization
guardian_e70b5d77d6,The Guardian,2013,IPCC,Investors need to get off the fence on climate change,https://www.theguardian.com/sustainable-business/ipcc-report-investors-climate-change,2013-09-25,2021-08-27,1,https://i.guim.co.uk/img/static/sys-images/Guardian/Pix/pictures/2013/9/24/1380043880567/Indian-woman-lake-010.jpg?width=465&dpr=1&s=none&crop=none,../Scripts/output/guardian/guardian_images/guardian_2013-09-25_guardian_e70b5d77d6_img01.jpg,The new IPCC report is bound to add fuel to the arguments of climate change deniers and believers alike. But investors need to understand what climate change means from an investment perspective. Photograph: Indranil Mukherjee/AFP/Getty Images,,1,graph,4,afp|getty|photo|photograph,0,likely_visualization
guardian_9f2f73087a,The Guardian,2013,"""sea level rise""","The Maldives, a fledgling democracy at the vanguard of climate change",https://www.theguardian.com/environment/2013/sep/26/maldives-democracy-climate-change-ipcc,2013-09-26,2021-08-25,1,https://i.guim.co.uk/img/static/sys-images/Environment/Pix/columnists/2013/9/24/1380016599547/Former-Maldives-president-005.jpg?width=465&dpr=1&s=none&crop=none,../Scripts/output/guardian/guardian_images/guardian_2013-09-26_guardian_9f2f73087a_img01.jpg,Mohamed Nasheed of the Maldives greets people after Friday prayers in Male'. Photograph: Ishara S Kodikara/AFP/Getty Images,,1,graph,4,afp|getty|photo|photograph,0,likely_visualization
guardian_9f2f73087a,The Guardian,2013,"""sea level rise""","The Maldives, a fledgling democracy at the vanguard of climate change",https://www.theguardian.com/environment/2013/sep/26/maldives-democracy-climate-change-ipcc,2013-09-26,2021-08-25,3,https://i.guim.co.uk/img/static/sys-images/Environment/Pix/columnists/2009/11/30/1259577859591/Climate-change-COP15-Mald-002.jpg?width=445&dpr=1&s=none&crop=none,../Scripts/output/guardian/guardian_images/guardian_2013-09-26_guardian_9f2f73087a_img03.jpg,"Maldives fisheries and agriculture minister, Ibrahim Didi, signs the decree of the underwater cabinet meeting off Girifushi Island. Photograph: HO/AFP/Getty Images",,1,graph,4,afp|getty|photo|photograph,0,likely_visualization
guardian_4c2877d9a3,The Guardian,2013,"""global temperature""",IPCC climate report: the digested read,https://www.theguardian.com/environment/2013/sep/27/ipcc-climate-report-digested-read,2013-09-27,2021-08-25,1,https://i.guim.co.uk/img/static/sys-images/Environment/Pix/pictures/2013/9/27/1380290411907/The-chairman-of-the-IPCC--008.jpg?width=465&dpr=1&s=none&crop=none,../Scripts/output/guardian/guardian_images/guardian_2013-09-27_guardian_4c2877d9a3_img01.jpg,"The chairman of the IPCC, Rajendra Pachauri, during the presentation of the fifth assessment report in Stockholm. Photograph: Jonathan Nackstrand/AFP/Getty Images",,1,graph,4,afp|getty|photo|photograph,0,likely_visualization
guardian_e30b3e09d4,The Guardian,2013,"""sea level rise""",Climate change report: live reaction to IPCC conclusions,https://www.theguardian.com/environment/2013/sep/27/ipcc-climate-change-report-ar5-live-coverage,2013-09-27,2021-08-25,14,https://i.guim.co.uk/img/static/sys-images/Guardian/Pix/pictures/2013/9/27/1380266448178/a81c4c1c-47b5-4909-9b76-670a01d2618c-2060x1236.jpeg?width=465&dpr=1&s=none&crop=none,../Scripts/output/guardian/guardian_images/guardian_2013-09-27_guardian_e30b3e09d4_img14.jpeg,"Rajendra Pachauri, the chairman of the IPCC Photograph: STIAN LYSBERG SOLUM/AFP/Getty Images Photograph: STIAN LYSBERG SOLUM/AFP/Getty Images",,1,graph,4,afp|getty|photo|photograph,0,likely_visualization
guardian_87b5aeea5d,The Guardian,2013,"""global temperature""",Drilling in the Arctic - what is the environmental impact?,https://www.theguardian.com/environment/2013/oct/02/drilling-arctic-environmental-impact-greenpeace-piracy,2013-10-02,2017-07-05,1,https://i.guim.co.uk/img/static/sys-images/Guardian/Pix/pictures/2013/10/2/1380714615103/63d88f4d-7cd7-4c13-950a-549c9e4991b1-2060x1236.jpeg?width=465&dpr=1&s=none&crop=none,../Scripts/output/guardian/guardian_images/guardian_2013-10-02_guardian_87b5aeea5d_img01.jpeg,Greenpeace activists hold a demonstration against Champions League sponsor Gazprom last night to draw attention to the incarceration of 30 protesters being held by the Russian government. The action delayed the beginning of the game between FC Schalke and Basel FC. Photograph: Fabrice Coffrini/AFP/Getty Images Photograph: Fabrice Coffrini/AFP/Getty Images,,1,graph,4,afp|getty|photo|photograph,0,likely_visualization
guardian_2b958bdf84,The Guardian,2013,"""carbon budget""",Let's be honest – the global warming debate isn't about science,https://www.theguardian.com/environment/climate-consensus-97-per-cent/2013/oct/04/global-warming-debate-not-about-science,2013-10-04,2021-08-25,1,https://i.guim.co.uk/img/static/sys-images/Guardian/Pix/pictures/2013/7/1/1372633871166/5880c8cc-95bd-4e5b-895e-07fc8d15a928-460x276.jpeg?width=465&dpr=1&s=none&crop=none,../Scripts/output/guardian/guardian_images/guardian_2013-10-04_guardian_2b958bdf84_img01.jpeg,"Anti-carbon tax protesters in Canberra, motivated by politics, not science. Photograph: Torsten Blackwood/AFP/Getty",,1,graph,4,afp|getty|photo|photograph,0,likely_visualization
guardian_bb749b499c,The Guardian,2013,IPCC,"Ocean science, Gibraltar and geopolitics – then and now",https://www.theguardian.com/science/political-science/2013/oct/04/ocean-science-gibraltar-geopolitics,2013-10-04,2017-08-18,1,https://i.guim.co.uk/img/static/sys-images/Guardian/Pix/pictures/2013/10/4/1380881263504/A-British-nuclear-submari-012.jpg?width=465&dpr=1&s=none&crop=none,../Scripts/output/guardian/guardian_images/guardian_2013-10-04_guardian_bb749b499c_img01.jpg,A British nuclear submarine in the Strait of Gibraltar. Photograph: Jose Luis Roca/AFP/Getty Images,,1,graph,4,afp|getty|photo|photograph,0,likely_visualization
guardian_b6f1818b4b,The Guardian,2013,IPCC,Ma Jun: China needs to do its bit to combat climate change,https://www.theguardian.com/environment/chinas-choice/2013/oct/07/ma-jun-china-combat-climate-change,2013-10-07,2021-08-25,1,https://i.guim.co.uk/img/static/sys-images/Environment/Pix/columnists/2013/10/4/1380877964681/Chinese-environmentalist--009.jpg?width=465&dpr=1&s=none&crop=none,../Scripts/output/guardian/guardian_images/guardian_2013-10-07_guardian_b6f1818b4b_img01.jpg,Ma Jun stands before a polluted river in Beijing. Photograph: LIU JIN/AFP/Getty Images,,1,graph,4,afp|getty|photo|photograph,0,likely_visualization
guardian_c26817887c,The Guardian,2013,"""sea level rise""",What are the potential impacts of climate change for the UK?,https://www.theguardian.com/environment/2013/oct/08/potential-impacts-climate-change-uk,2013-10-08,2021-08-25,1,https://i.guim.co.uk/img/static/sys-images/Guardian/Pix/pictures/2013/1/30/1359550433836/Floods-in-Thatcham-Berksh-008.jpg?width=465&dpr=1&s=none&crop=none,../Scripts/output/guardian/guardian_images/guardian_2013-10-08_guardian_c26817887c_img01.jpg,"Flooded playing fields in Thatcham, Berkshire, in July 2007. Photograph: AFP/Getty Images",,1,graph,4,afp|getty|photo|photograph,0,likely_visualization
guardian_1a5777458b,The Guardian,2013,IPCC,"Green news roundup: Greenpeace, aviation and marine photography",https://www.theguardian.com/environment/2013/oct/09/1,2013-10-09,2021-07-26,1,https://i.guim.co.uk/img/static/sys-images/Environment/Pix/columnists/2013/10/7/1381144948629/A-placard-featuring-pictu-007.jpg?width=465&dpr=1&s=none&crop=none,../Scripts/output/guardian/guardian_images/guardian_2013-10-09_guardian_1a5777458b_img01.jpg,"An Indonesian activist from Greenpeace holds a placard featuring pictures of Greenpeace activists being held by Russian officials during a protest outside the Russian embassy in Jakarta on September 23, 2013. Photograph: Adek Berry/AFP/Getty Images",,1,graph,4,afp|getty|photo|photograph,0,likely_visualization
guardian_d76900f636,The Guardian,2013,IPCC,Conservative media outlets found guilty of biased global warming coverage,https://www.theguardian.com/environment/climate-consensus-97-per-cent/2013/oct/11/climate-change-political-media-ipcc-coverage,2013-10-11,2021-08-25,1,https://i.guim.co.uk/img/static/sys-images/Guardian/Pix/audio/video/2012/12/7/1354893403794/Roger-Ailes-Fox-News-010.jpg?width=465&dpr=1&s=none&crop=none,../Scripts/output/guardian/guardian_images/guardian_2013-10-11_guardian_d76900f636_img01.jpg,"Roger Ailes, Fox News chairman. Fox News had among the most biased coverage of the IPCC report. Photograph: Reuters",,1,graph,4,photo|photograph|reuters|video,0,likely_visualization
guardian_e44f42cf85,The Guardian,2013,IPCC,Theresa May questioned by home affairs committee: Politics live blog,https://www.theguardian.com/politics/2013/oct/15/cameron-launches-plan-to-cut-eu-red-tape-politics-live-blog,2013-10-15,2017-09-20,7,https://i.guim.co.uk/img/static/sys-images/Guardian/Pix/pictures/2013/10/15/1381826312000/47b52175-82c1-4e72-a1db-91687bc815e5-2060x1236.jpeg?width=465&dpr=1&s=none&crop=none,../Scripts/output/guardian/guardian_images/guardian_2013-10-15_guardian_e44f42cf85_img07.jpeg,Tristram Hunt. Photograph: Getty Images Photograph: Handout/Getty Images,,1,graph,4,getty|handout|photo|photograph,0,likely_visualization
guardian_c4555280c5,The Guardian,2013,IPCC,David Cameron and Ed Miliband at PMQs: Politics live blog,https://www.theguardian.com/politics/2013/oct/16/supreme-court-rules-on-prisoner-voting-and-pmqs-politics-live-blog,2013-10-16,2017-06-09,2,https://i.guim.co.uk/img/static/sys-images/Guardian/Pix/pictures/2013/10/16/1381919492433/c2e1358b-993c-4fff-9e0e-d0aae149c5fb-2060x1236.jpeg?width=465&dpr=1&s=none&crop=none,../Scripts/output/guardian/guardian_images/guardian_2013-10-16_guardian_c4555280c5_img02.jpeg,Esther McVey. Photograph: LEON NEAL/AFP/Getty Images Photograph: LEON NEAL/AFP/Getty Images,,1,graph,4,afp|getty|photo|photograph,0,likely_visualization
guardian_93c6ec1d4c,The Guardian,2013,IPCC,Hinkley Point nuclear power station deal announced: Politics live blog,https://www.theguardian.com/politics/2013/oct/21/hinkley-point-nuclear-power-station-deal-announced-politics-live-blog,2013-10-21,2018-02-14,3,https://i.guim.co.uk/img/static/sys-images/Guardian/Pix/pictures/2013/10/21/1382353366378/14b42149-8146-4ff4-b1e2-609b5f6a0295-2060x1236.jpeg?width=465&dpr=1&s=none&crop=none,../Scripts/output/guardian/guardian_images/guardian_2013-10-21_guardian_93c6ec1d4c_img03.jpeg,"From left to right: Nigel Cann site director of Hinkley Point C, Ed Davey, David Cameron, Vincent de Rivaz, Chief Executive of EDF (Electricite de France) and Henri Proglio, CEO and Chairman of EDF, examine site plans for Hinkly C nuclear power station at Hinkley Point. Photograph: JUSTIN TALLIS/AFP/Getty Images Photograph: JUSTIN TALLIS/AFP/Getty Images",,1,graph,4,afp|getty|photo|photograph,0,likely_visualization
guardian_14c33106fe,The Guardian,2013,IPCC,To frack or not to frack? Councils must make the final decision,https://www.theguardian.com/local-government-network/2013/oct/28/frack-shale-gas-local-communities,2013-10-28,2017-05-07,1,https://i.guim.co.uk/img/static/sys-images/Guardian/Pix/pictures/2013/10/21/1382362836034/Fracking-protestors--009.jpg?width=465&dpr=1&s=none&crop=none,../Scripts/output/guardian/guardian_images/guardian_2013-10-28_guardian_14c33106fe_img01.jpg,'Fracking seems to be the buzzword of the day dividing not only governments but communities.' Photograph: Afp/AFP/Getty Images,,1,graph,4,afp|getty|photo|photograph,0,likely_visualization
guardian_36e89196f6,The Guardian,2013,"""carbon budget""","Transition to a low carbon economy fails to pick up pace, report finds",https://www.theguardian.com/sustainable-business/blog/transition-low-carbon-economy-fails-pace-report,2013-11-02,2021-08-27,1,https://i.guim.co.uk/img/static/sys-images/Environment/Pix/pictures/2010/5/24/1274714379950/Clean-coal-plant-using-ca-006.jpg?width=465&dpr=1&s=none&crop=none,../Scripts/output/guardian/guardian_images/guardian_2013-11-02_guardian_36e89196f6_img01.jpg,Smoke billows from a so-called 'clean coal' plant in West Virginia that uses carbon sequestration technology. A new report shows that the global economy is not acting faster enough to hit decarbonisation targets. Photograph: Saul Loeb/AFP/Getty Images,,1,graph,4,afp|getty|photo|photograph,0,likely_visualization
guardian_2e691ae0f3,The Guardian,2013,IPCC,Plebgate - MPs demand apology from officers: Politics live blog,https://www.theguardian.com/politics/2013/nov/05/plebgate-mps-demand-apology-from-officers-politics-live-blog,2013-11-05,2017-09-20,5,https://i.guim.co.uk/img/static/sys-images/Guardian/Pix/pictures/2013/11/5/1383644769955/d3e24d5e-2bfa-4ee4-956e-b7e4a90dbc86-2060x1236.jpeg?width=465&dpr=1&s=none&crop=none,../Scripts/output/guardian/guardian_images/guardian_2013-11-05_guardian_2e691ae0f3_img05.jpeg,Keith Vaz. Photograph: ADRIAN DENNIS/AFP/Getty Images Photograph: ADRIAN DENNIS/AFP/Getty Images,,1,graph,4,afp|getty|photo|photograph,0,likely_visualization
guardian_c3d14e4583,The Guardian,2013,IPCC,Leaked IPCC report links climate change to global food scarcity,https://www.theguardian.com/environment/world-on-a-plate/2013/nov/07/climate-change-environment-food-security-ipcc-emissions-united-nations-global-warming,2013-11-07,2013-11-07,1,https://i.guim.co.uk/img/static/sys-images/Guardian/Pix/pictures/2012/10/5/1349454360323/A-woman-sun-dries-her-mai-009.jpg?width=445&dpr=1&s=none&crop=none,../Scripts/output/guardian/guardian_images/guardian_2013-11-07_guardian_c3d14e4583_img01.jpg,"A Kenyan farmer sun dries her maize harvest, one of the key crops the IPCC says will be affected by climate change. Photograph: Tony Karumba/AFP/Getty Images",,1,graph,4,afp|getty|photo|photograph,0,likely_visualization
guardian_1f9b76117e,The Guardian,2013,IPCC,Met chief: 'I will welcome inquiry into statements on Hillsborough',https://www.theguardian.com/football/2013/nov/11/met-police-hogan-howe-hillsborough,2013-11-09,2018-01-11,1,https://i.guim.co.uk/img/static/sys-images/Guardian/About/General/2013/11/9/1384019043001/Bernard-Hogan-Howe--009.jpg?width=465&dpr=1&s=none&crop=none,../Scripts/output/guardian/guardian_images/guardian_2013-11-09_guardian_1f9b76117e_img01.jpg,Bernard Hogan-Howe was in charge of a waiting area for relatives after the Hillsborough disaster. Photograph: Facundo Arrizabalaga/AFP/Getty Images,,1,graph,4,afp|getty|photo|photograph,0,likely_visualization
guardian_68674e0397,The Guardian,2013,"""global temperature""",Is climate change to blame for Typhoon Haiyan?,https://www.theguardian.com/world/2013/nov/12/typhoon-haiyan-climate-change-blame-philippines,2013-11-13,2021-08-25,2,https://i.guim.co.uk/img/static/sys-images/Guardian/About/General/2013/11/12/1384281518214/Russians-duing-the-2012-h-009.jpg?width=445&dpr=1&s=none&crop=none,../Scripts/output/guardian/guardian_images/guardian_2013-11-13_guardian_68674e0397_img02.jpg,Russians wear facemasks in Moscow to protect themselves from forest fire smog during the 2010 heatwave. Photograph: Natalia Kolesnikova/AFP/Getty Images,,1,graph,4,afp|getty|photo|photograph,0,likely_visualization
guardian_5e4f7cf444,The Guardian,2013,"""global temperature""","The world cannot afford to delay drastic emissions cuts, studies show",https://www.theguardian.com/environment/2013/nov/21/world-delay-drastic-emissions-cuts,2013-11-21,2021-08-25,1,https://i.guim.co.uk/img/static/sys-images/Environment/Pix/columnists/2013/11/20/1384970328142/Planet-Oz-Blog-at-COP19-i-008.jpg?width=465&dpr=1&s=none&crop=none,../Scripts/output/guardian/guardian_images/guardian_2013-11-21_guardian_5e4f7cf444_img01.jpg,"The research, published in the journal Nature Climate Change, shows that delaying reductions in carbon dioxide output would result in faster global warming. Photograph: Natalia Kolesnikova/AFP/Getty Images",,1,graph,4,afp|getty|photo|photograph,0,likely_visualization
guardian_d680e75f84,The Guardian,2013,IPCC,Plebgate officer charged – director of public prosecutions' statement in full,https://www.theguardian.com/politics/2013/nov/26/plebgate-officer-charged-director-public-prosecutions-andrew-mitchell,2013-11-26,2017-09-20,1,https://i.guim.co.uk/img/static/sys-images/Guardian/Pix/pictures/2013/11/26/1385470854261/Former-chief-whip-Andrew--009.jpg?width=465&dpr=1&s=none&crop=none,../Scripts/output/guardian/guardian_images/guardian_2013-11-26_guardian_d680e75f84_img01.jpg,Former chief whip Andrew Mitchell leaves his home on Tuesday shortly before prosecutors announced a police officer would be charged over Plebgate. Photograph: Ben Stansall/AFP/Getty Images,,1,graph,4,afp|getty|photo|photograph,0,likely_visualization
guardian_958bd2a9c4,The Guardian,2013,"""climate change""","Weatherwatch: At last, a cure for flooding blight",https://www.theguardian.com/news/2013/dec/01/weatherwatch-cure-flooding-blight,2013-12-01,2021-08-27,1,https://i.guim.co.uk/img/static/sys-images/Books/Pix/pictures/2013/11/29/1385739815763/Aftermath-of-floods-in-Mo-009.jpg?width=465&dpr=1&s=none&crop=none,../Scripts/output/guardian/guardian_images/guardian_2013-12-01_guardian_958bd2a9c4_img01.jpg,After the flood … a pair of waders draped over a wall after water levels rose in Morpeth. Photograph: Craig Brough/AFP/Getty Images,,1,graph,4,afp|getty|photo|photograph,0,likely_visualization
guardian_55465acd19,The Guardian,2013,"""climate change""","UN's 2C target will fail to avoid a climate disaster, scientists warn",https://www.theguardian.com/environment/2013/dec/03/un-2c-global-warming-climate-change,2013-12-03,2021-08-25,1,https://i.guim.co.uk/img/static/sys-images/Environment/Pix/columnists/2013/12/3/1386094633146/Global-warming-and-sea-le-008.jpg?width=465&dpr=1&s=none&crop=none,../Scripts/output/guardian/guardian_images/guardian_2013-12-03_guardian_55465acd19_img01.jpg,"A house on the beach of Doun Baba Dieye, northern Senegal, lies in ruins after sea level rise. Photograph: Seyllou/AFP/Getty Images",,1,graph,4,afp|getty|photo|photograph,0,likely_visualization
guardian_f2aa501b2f,The Guardian,2013,"""climate change""",Is Bjorn Lomborg right to say fossil fuels are what poor countries need?,https://www.theguardian.com/environment/planet-oz/2013/dec/06/bjorn-lomborg-climate-change-poor-countries-need-fossil-fuels,2013-12-06,2021-08-25,1,https://i.guim.co.uk/img/static/sys-images/Environment/Pix/columnists/2013/12/5/1386242760364/Planet-Oz-blog--Danish-pr-006.jpg?width=465&dpr=1&s=none&crop=none,../Scripts/output/guardian/guardian_images/guardian_2013-12-06_guardian_f2aa501b2f_img01.jpg,"Danish professor Bjorn Lomborg poses at the Bella center of Copenhagen on December 15, 2009 on the 9th day of the COP15 UN Climate Change Conference. Photograph: Adrian Dennis/AFP/Getty Images",,1,graph,4,afp|getty|photo|photograph,0,likely_visualization
guardian_57516673a0,The Guardian,2013,"""climate change""",Pandora's Promise doesn't live up to the hype – review,https://www.theguardian.com/science/political-science/2013/dec/09/review-pandoras-promise-doesnt-live-up-to-the-hype,2013-12-09,2018-02-14,1,https://i.guim.co.uk/img/static/sys-images/Guardian/Pix/pictures/2013/12/9/1386579207061/e6faa14c-6db2-4bf3-acb1-75e080e1732b-2060x1236.jpeg?width=465&dpr=1&s=none&crop=none,../Scripts/output/guardian/guardian_images/guardian_2013-12-09_guardian_57516673a0_img01.jpeg,The International Atomic Energy Agency inspecting the Fukushima nuclear power plant last month. Photograph: IAEA/AFP/Getty Images Photograph: IAEA/AFP/Getty Images,,1,graph,4,afp|getty|photo|photograph,0,likely_visualization
guardian_aaa6d6bbce,The Guardian,2013,"""climate change""",US supreme court to rule on EPA's powers to enforce air pollution limits,https://www.theguardian.com/environment/2013/dec/10/us-supreme-court-epa-carbon-emissions,2013-12-10,2021-08-25,1,https://i.guim.co.uk/img/static/sys-images/Environment/Pix/columnists/2013/12/10/1386674899906/EPA-Proposes-New-Limits-O-008.jpg?width=465&dpr=1&s=none&crop=none,../Scripts/output/guardian/guardian_images/guardian_2013-12-10_guardian_aaa6d6bbce_img01.jpg,"The Mitchell Power Station, a coal-fired power plant near southwest of Pittsburgh, in New Eagle, Pennsylvania throws up a plume of exhaust. Photograph: Jeff Swensen/Getty Images",,1,graph,4,epa|getty|photo|photograph,0,likely_visualization
guardian_7b595bf884,The Guardian,2013,"""climate change""",Solar and wind power battle with coal in South Africa,https://www.theguardian.com/environment/2013/dec/12/solar-wind-power-coal-south-africa,2013-12-12,2021-08-25,1,https://i.guim.co.uk/img/static/sys-images/Environment/Pix/columnists/2013/12/12/1386867041148/Coal-power-plant-in-South-008.jpg?width=465&dpr=1&s=none&crop=none,../Scripts/output/guardian/guardian_images/guardian_2013-12-12_guardian_7b595bf884_img01.jpg,Steam billows from Kempton Park Power Station in Johannesburg. Photograph: Alexander Joe/AFP/Getty Images Photograph: Alexander Joe/AFP/Getty Images,,1,graph,4,afp|getty|photo|photograph,0,likely_visualization
guardian_f6adeb8164,The Guardian,2013,"""climate change""",Kenya at 50: much to celebrate – and to worry about,https://www.theguardian.com/global-development/poverty-matters/2013/dec/12/kenya-50-celebrate-worry-about-independence,2013-12-12,2022-10-19,1,https://i.guim.co.uk/img/static/sys-images/Environment/Pix/pictures/2013/12/11/1386782890919/Supporters-in-Nairobi-cel-008.jpg?width=465&dpr=1&s=none&crop=none,../Scripts/output/guardian/guardian_images/guardian_2013-12-12_guardian_f6adeb8164_img01.jpg,Supporters in Nairobi celebrate Uhuru Kenyatta's victory in Kenya's elections in March 2013. Photograph: Simon Maina/AFP/Getty Images,,1,graph,4,afp|getty|photo|photograph,0,likely_visualization
guardian_526999fc47,The Guardian,2013,"""climate change""","Heathrow runway decision cannot wait until after election, warns Adonis",https://www.theguardian.com/world/2013/dec/14/heathrow-runway-decision-airports-lord-adonis,2013-12-14,2017-12-02,1,https://i.guim.co.uk/img/static/sys-images/Guardian/Pix/pictures/2013/12/14/1387062131318/A-British-Airways-plane-p-009.jpg?width=465&dpr=1&s=none&crop=none,../Scripts/output/guardian/guardian_images/guardian_2013-12-14_guardian_526999fc47_img01.jpg,"Ministers expect Sir Howard Davies' report to list four or five options for expanding capacity in the south-east, including at both Heathrow and Gatwick. Photograph: Leon Neal/AFP/Getty Images",,1,graph,4,afp|getty|photo|photograph,0,likely_visualization
guardian_b27e2bb11d,The Guardian,2013,"""climate change""",EPA reels as climate-change expert awaits sentencing for $1m CIA fraud,https://www.theguardian.com/environment/2013/dec/16/epa-climate-change-expert-cia-fraud,2013-12-16,2021-08-25,1,https://i.guim.co.uk/img/static/sys-images/Guardian/Pix/pictures/2013/12/16/1387220822043/ec45d3a7-f4f2-4e28-8aff-993322a54114-2060x1236.jpeg?width=465&dpr=1&s=none&crop=none,../Scripts/output/guardian/guardian_images/guardian_2013-12-16_guardian_b27e2bb11d_img01.jpeg,EPA administrator Gina McCarthy testifies before a Senate committee in April. Photograph: Joshua Roberts/Reuters Photograph: JOSHUA ROBERTS/REUTERS,,1,graph,4,epa|photo|photograph|reuters,0,likely_visualization
guardian_e759e01982,The Guardian,2013,"""climate change""",2013 in review: a year of increasing extreme weather events,https://www.theguardian.com/environment/2013/dec/18/2013-extreme-weather-events,2013-12-18,2021-08-25,1,https://i.guim.co.uk/img/static/sys-images/Environment/Pix/columnists/2013/12/17/1387285241949/Extreme-weather-2013--War-007.jpg?width=465&dpr=1&s=none&crop=none,../Scripts/output/guardian/guardian_images/guardian_2013-12-18_guardian_e759e01982_img01.jpg,"A skater speeds away on the rain-wet ice on lake Orlangen, south of Stockholm, Sweden. Photograph: Tobias Rostlund/AFP/Getty Images",,1,graph,4,afp|getty|photo|photograph,0,likely_visualization
guardian_7020e8daf4,The Guardian,2013,"""climate change""",Guardian Australia's awards of the year,https://www.theguardian.com/world/2013/dec/19/review-of-2013-ashes-rudd-gillard-abbott,2013-12-19,2018-03-13,2,https://i.guim.co.uk/img/static/sys-images/Guardian/Pix/pictures/2013/10/11/1381485217126/d74afe1b-6f85-447c-8a55-00e50468c42b-460x276.jpeg?width=445&dpr=1&s=none&crop=none,../Scripts/output/guardian/guardian_images/guardian_2013-12-19_guardian_7020e8daf4_img02.jpeg,Suppository of wisdom ... Scott Morrison speaks during a press conference in Sydney. Photograph: William West/AFP/Getty Images Photograph: WILLIAM WEST/AFP/Getty Images,,1,graph,4,afp|getty|photo|photograph,0,likely_visualization
guardian_cc687a9c8b,The Guardian,2013,"""climate change""",2013 climate year in review: 'the heat is on. Now we must act',https://www.theguardian.com/environment/2013/dec/19/2013-climate-change-review-global-warming,2013-12-19,2021-08-25,5,https://i.guim.co.uk/img/static/sys-images/Environment/Pix/columnists/2013/5/2/1367484936389/Australia-blog-about-clim-008.jpg?width=445&dpr=1&s=none&crop=none,../Scripts/output/guardian/guardian_images/guardian_2013-12-19_guardian_cc687a9c8b_img05.jpg,Anti-carbon tax protesters in Australia. Photograph: Torsten Blackwood/AFP/Getty Images,,1,graph,4,afp|getty|photo|photograph,0,likely_visualization
guardian_d5f5959207,The Guardian,2013,"""climate change""",A look back at 2013's biggest sustainability themes in the US,https://www.theguardian.com/sustainable-business/blog/look-back-2013-sustainability-themes-us,2013-12-23,2013-12-23,1,https://i.guim.co.uk/img/static/sys-images/Guardian/Pix/pictures/2013/12/23/1387815294745/US-President-Barack-Obama-008.jpg?width=465&dpr=1&s=none&crop=none,../Scripts/output/guardian/guardian_images/guardian_2013-12-23_guardian_d5f5959207_img01.jpg,"This fall, President Obama declared that inequality is the ""defining challenge of our age."" Photograph: Jewel Samad/AFP/Getty Images",,1,graph,4,afp|getty|photo|photograph,0,likely_visualization
guardian_4f43f34c9f,The Guardian,2013,"""climate change""",Tory MPs attend Boxing Day fox hunts,https://www.theguardian.com/uk-news/2013/dec/26/tories-attend-fox-hunts,2013-12-26,2017-11-30,1,https://i.guim.co.uk/img/static/sys-images/Guardian/Pix/pictures/2013/12/26/1388089524022/Horses-fox-hunt-008.jpg?width=465&dpr=1&s=none&crop=none,../Scripts/output/guardian/guardian_images/guardian_2013-12-26_guardian_4f43f34c9f_img01.jpg,The ban on hunting foxes with dogs is believed to be routinely ignored. Photograph: Ben Stansall/AFP/Getty Images,,1,graph,4,afp|getty|photo|photograph,0,likely_visualization
guardian_146a0b64c1,The Guardian,2013,"""climate change""",Happy new year - but what exactly will make the news in 2014?,https://www.theguardian.com/world/2013/dec/27/happy-new-year-what-make-news-2014,2013-12-27,2017-11-30,7,https://i.guim.co.uk/img/static/sys-images/Guardian/Pix/pictures/2013/12/23/1387824999419/South-Sudan-relief-011.jpg?width=445&dpr=1&s=none&crop=none,../Scripts/output/guardian/guardian_images/guardian_2013-12-27_guardian_146a0b64c1_img07.jpg,South Sudan and Central African Republic will dominate UN peacekeeping efforts. Photograph: Anna Adhikari/AFP/Getty Images,,1,graph,4,afp|getty|photo|photograph,0,likely_visualization
guardian_146a0b64c1,The Guardian,2013,"""climate change""",Happy new year - but what exactly will make the news in 2014?,https://www.theguardian.com/world/2013/dec/27/happy-new-year-what-make-news-2014,2013-12-27,2017-11-30,10,https://i.guim.co.uk/img/static/sys-images/Guardian/Pix/pictures/2010/11/11/1289494284110/Dilma-Rousseff-president--005.jpg?width=445&dpr=1&s=none&crop=none,../Scripts/output/guardian/guardian_images/guardian_2013-12-27_guardian_146a0b64c1_img10.jpg,"Dilma Rousseff, president of Brazil, will tackle a World Cup and a presidential election. Photograph: Jefferson Bernardes/AFP/Getty Images",,1,graph,4,afp|getty|photo|photograph,0,likely_visualization
guardian_880e395a1d,The Guardian,2013,"""climate change""",The growth versus environment narrative needs to change in 2014,https://www.theguardian.com/sustainable-business/growth-versus-environment-narrative-change-2014,2013-12-30,2013-12-23,1,https://i.guim.co.uk/img/static/sys-images/Guardian/Pix/pictures/2013/12/23/1387811609750/Artificial-leaves-warsaw--009.jpg?width=465&dpr=1&s=none&crop=none,../Scripts/output/guardian/guardian_images/guardian_2013-12-30_guardian_880e395a1d_img01.jpg,"Leaves with the message ""each leaf absorbs CO2"" at the UN climate change talks in Warsaw. But the talks did not bode well for progress, writes Tony Juniper. Photograph: Janek Skarzynski/AFP/Getty Images",,1,graph,4,afp|getty|photo|photograph,0,likely_visualization
guardian_fe32dede8e,The Guardian,2013,"""climate change""",Finance: the top five stories of 2013,https://www.theguardian.com/sustainable-business/top-five-sustainable-finance-stories-2013,2013-12-30,2013-12-30,4,https://i.guim.co.uk/img/static/sys-images/Guardian/Pix/pictures/2013/2/11/1360602700578/hikers-on-a-mountain-005.jpg?width=445&dpr=1&s=none&crop=none,../Scripts/output/guardian/guardian_images/guardian_2013-12-30_guardian_fe32dede8e_img04.jpg,"Patagonia's connection to the wilderness has a big impact on the company's approach to environmental issues, says Vincent Stanley, vice-president of marketing at Patagonia. Photograph: Daniel Garcia/AFP/Getty Images",,1,graph,4,afp|getty|photo|photograph,0,likely_visualization
guardian_fe32dede8e,The Guardian,2013,"""climate change""",Finance: the top five stories of 2013,https://www.theguardian.com/sustainable-business/top-five-sustainable-finance-stories-2013,2013-12-30,2013-12-30,5,https://i.guim.co.uk/img/static/sys-images/Guardian/Pix/pictures/2013/10/18/1382116144581/An-Iranian-gold-trader-di-004.jpg?width=445&dpr=1&s=none&crop=none,../Scripts/output/guardian/guardian_images/guardian_2013-12-30_guardian_fe32dede8e_img05.jpg,"An Iranian gold coin. Now a global force, could Islamic finance contribute to a sustainable economy? Photograph: Atta Kenare/AFP/Getty Images",,1,graph,4,afp|getty|photo|photograph,0,likely_visualization
guardian_1ce2dc07b0,The Guardian,2013,"""climate change""",Sustainable business 2013: countdown of our top stories from 20-11,https://www.theguardian.com/sustainable-business/blog/sustainable-business-2013-top-20-stories,2013-12-31,2013-12-31,8,https://i.guim.co.uk/img/static/sys-images/Guardian/Pix/pictures/2008/04/02/benidorm140x84.jpg?width=445&dpr=1&s=none&crop=none,../Scripts/output/guardian/guardian_images/guardian_2013-12-31_guardian_1ce2dc07b0_img08.jpg,Benidorm on Spain's Costa del Sol. Photograph: Jose Jordan/AFP/Getty Images,,1,graph,4,afp|getty|photo|photograph,0,likely_visualization
guardian_a41152751c,The Guardian,2013,"""climate change""",We ignore the disastrous storms in the Caribbean at our peril,https://www.theguardian.com/commentisfree/2013/dec/31/storms-caribbean-uk-climate-change,2013-12-31,2018-09-11,1,https://i.guim.co.uk/img/static/sys-images/Guardian/Pix/pictures/2013/12/31/1388501663742/Colombia-floods-2011-008.jpg?width=465&dpr=1&s=none&crop=none,../Scripts/output/guardian/guardian_images/guardian_2013-12-31_guardian_a41152751c_img01.jpg,"Flood-hit Colombia in 2011, when the rain almost never stopped. Photograph: Luis Robayo/AFP/Getty Images",,1,graph,4,afp|getty|photo|photograph,0,likely_visualization
guardian_cba48fc157,The Guardian,2013,"""climate change""","2013 was a good year for climate science, but a mixed bag for climate policy",https://www.theguardian.com/environment/climate-consensus-97-per-cent/2013/dec/31/2013-climate-change-science-policy-review,2013-12-31,2021-08-25,1,https://i.guim.co.uk/img/static/sys-images/Guardian/Pix/audio/video/2011/12/2/1322856202889/President-Obama-touring-a-007.jpg?width=465&dpr=1&s=none&crop=none,../Scripts/output/guardian/guardian_images/guardian_2013-12-31_guardian_cba48fc157_img01.jpg,President Barack Obama speaks about job creation and energy efficiency. New US greenhouse gas regulations are among the few new positive climate policies of 2013. Photograph: Pool/Getty Images,,1,graph,4,getty|photo|photograph|video,0,likely_visualization
guardian_e88100e9c7,The Guardian,2013,"""climate change""",Auld Lang Syne in the Antarctic as stranded adventurers await rescue,https://www.theguardian.com/world/2013/dec/31/antarctica-trapped-passengers-prepare-for-helicopter-rescue,2013-12-31,2021-08-25,2,https://i.guim.co.uk/img/static/sys-images/Guardian/Pix/cartoons/2013/12/31/1388515208574/This-image-taken-by-passe-009.jpg?width=445&dpr=1&s=none&crop=none,../Scripts/output/guardian/guardian_images/guardian_2013-12-31_guardian_e88100e9c7_img02.jpg,Passenger Nicole De Losa waves to a helicopter sent from the Chinese icebreaker Xue Long to assess ice conditions. Photograph: Andrew Peacock/AFP/Getty Images,,1,graph,4,afp|getty|photo|photograph,0,likely_visualization
guardian_d6f881d414,The Guardian,2013,"""sea level rise""","Climate change set to make America hotter, drier and more disaster-prone",https://www.theguardian.com/environment/2013/jan/11/climate-change-america-hotter-drier-disaster,2013-01-11,2021-08-25,3,https://i.guim.co.uk/img/static/sys-images/Guardian/Pix/audio/video/2011/11/9/1320859466966/Alaska-storm-007.jpg?width=445&dpr=1&s=none&crop=none,../Scripts/output/guardian/guardian_images/guardian_2013-01-11_guardian_d6f881d414_img03.jpg,This 8 November 2011 image shows a storm bearing down on Alaska. Photograph: Ho/AFP/Getty Images,,1,graph,5,afp|getty|photo|photograph|video,0,likely_visualization
guardian_cc687a9c8b,The Guardian,2013,"""climate change""",2013 climate year in review: 'the heat is on. Now we must act',https://www.theguardian.com/environment/2013/dec/19/2013-climate-change-review-global-warming,2013-12-19,2021-08-25,2,https://i.guim.co.uk/img/static/sys-images/Environment/Pix/pictures/2013/9/27/1380278694583/United-Nations-secretary--008.jpg?width=445&dpr=1&s=none&crop=none,../Scripts/output/guardian/guardian_images/guardian_2013-12-19_guardian_cc687a9c8b_img02.jpg,"Ban Ki-moon, the UN secretary general, addresses the United Nation's Intergovernmental Panel on Climate Change via video link. 'The heat is on. Now we must act,' he said. Photograph: Jonathan Nackstrand/AFP/Getty Images",,1,graph,5,afp|getty|photo|photograph|video,0,likely_visualization
guardian_70a850870c,The Guardian,2013,IPCC,Police blogger quits as officers come under pressure over unofficial tweets,https://www.theguardian.com/uk/2013/mar/13/police-blogger-quits-pressure-unofficial,2013-03-13,2017-09-20,1,https://i.guim.co.uk/img/static/sys-images/Guardian/Pix/pictures/2013/3/13/1363184146254/Laptop-Cop-009.jpg?width=465&dpr=1&s=none&crop=none,../Scripts/output/guardian/guardian_images/guardian_2013-03-13_guardian_70a850870c_img01.jpg,"Laptop Cop, another police blogger, reacts to the news that Inspector Gadget has quit",,0,,0,,1,broad_candidate
guardian_5d0a9b953d,The Guardian,2013,"""global temperature""",How the burning of fossil fuels was linked to a warming world in 1938,https://www.theguardian.com/environment/blog/2013/apr/22/guy-callendar-climate-fossil-fuels,2013-04-22,2021-08-25,2,https://i.guim.co.uk/img/static/sys-images/Environment/Pix/columnists/2013/4/22/1366634505406/Leo-blog-about-climatolog-006.jpg?width=445&dpr=1&s=none&crop=none,../Scripts/output/guardian/guardian_images/guardian_2013-04-22_guardian_5d0a9b953d_img02.jpg,"Comparing historical reconstructions of near-global land temperatures using CRUTEM4 (black, Jones et al. 2012) with Callendar (1938) (red) and Callendar (1961) (blue), using a reference period of 1880-1935. The CRUTEM4 estimates are for 60◦S-60◦N (to accord with Callendar’s series), with grey shading representing the 95% uncertainty. Image: Ed Hawkins and Phil D. Jones",,0,,0,,1,broad_candidate
guardian_3e4e915e6a,The Guardian,2013,IPCC,Report confirms News of the World hackers were let off the hook for years,https://www.theguardian.com/media/greenslade/2013/apr/24/ipcc-hacking,2013-04-24,2018-01-11,1,https://i.guim.co.uk/img/static/sys-images/Guardian/Pix/pictures/2013/4/24/1366806330614/Screen_Shot_2013-04-24_at_13.23.07.png?width=445&dpr=1&s=none&crop=none,../Scripts/output/guardian/guardian_images/guardian_2013-04-24_guardian_3e4e915e6a_img01.png,,,0,,0,,1,broad_candidate
guardian_3131bd337e,The Guardian,2013,IPCC,Global carbon dioxide in atmosphere passes milestone level,https://www.theguardian.com/environment/2013/may/10/carbon-dioxide-highest-level-greenhouse-gas,2013-05-10,2021-08-25,2,https://i.guim.co.uk/img/static/sys-images/Guardian/Pix/pictures/2013/5/10/1368199303841/KeelingTrailPlay.png?width=445&dpr=1&s=none&crop=none,../Scripts/output/guardian/guardian_images/guardian_2013-05-10_guardian_3131bd337e_img02.png,Climate-warming gas in atmosphere passes 400ppm milestone – interactive,,0,,0,,1,broad_candidate
guardian_481cd800b2,The Guardian,2013,IPCC,"Solicitor wins £550,000 for false imprisonment",https://www.theguardian.com/uk/2013/may/11/james-watson-solicitor-middlesbrough-damages,2013-05-10,2017-12-01,1,https://i.guim.co.uk/img/static/sys-images/Guardian/Pix/pictures/2013/5/11/1368228365443/James-Watson-solicitor-wi-008.jpg?width=465&dpr=1&s=none&crop=none,../Scripts/output/guardian/guardian_images/guardian_2013-05-10_guardian_481cd800b2_img01.jpg,James Watson was held in a cell for almost 30 hours and questioned on suspicion of perverting the course of justice before being released on bail.,,0,,0,,1,broad_candidate
guardian_dbe46fa1d1,The Guardian,2013,"""global temperature""","Guardian Weekly Letters, 17 May 2013",https://www.theguardian.com/global/2013/may/14/guardian-weekly-letters-17-may,2013-05-14,2013-05-14,1,https://i.guim.co.uk/img/static/sys-images/Guardian/About/General/2013/5/10/1368191733810/kempston-008.jpg?width=465&dpr=1&s=none&crop=none,../Scripts/output/guardian/guardian_images/guardian_2013-05-14_guardian_dbe46fa1d1_img01.jpg,George Orwell's Homage to Catalonia draws parallels with modern-day Spain. Illustration: Gary Kempston for the Guardian,,0,,0,,1,broad_candidate
guardian_8df57908c2,The Guardian,2013,IPCC,Survey finds 97% of climate science papers agree warming is man-made,https://www.theguardian.com/environment/climate-consensus-97-per-cent/2013/may/16/climate-change-scienceofclimatechange,2013-05-16,2021-08-25,2,https://i.guim.co.uk/img/static/sys-images/Guardian/Pix/pictures/2013/5/15/1368580771612/Endorsements.jpg?width=445&dpr=1&s=none&crop=none,../Scripts/output/guardian/guardian_images/guardian_2013-05-16_guardian_8df57908c2_img02.jpg,The growth of the scientific consensus on human-caused global warming in the peer-reviewed literature from 1991 to 2011,,0,,0,,1,broad_candidate
guardian_8df57908c2,The Guardian,2013,IPCC,Survey finds 97% of climate science papers agree warming is man-made,https://www.theguardian.com/environment/climate-consensus-97-per-cent/2013/may/16/climate-change-scienceofclimatechange,2013-05-16,2021-08-25,3,https://i.guim.co.uk/img/static/sys-images/Guardian/Pix/pictures/2013/4/30/1367296788971/Attribution50_450pix.jpg?width=445&dpr=1&s=none&crop=none,../Scripts/output/guardian/guardian_images/guardian_2013-05-16_guardian_8df57908c2_img03.jpg,Summary of results from 8 studies of the causes of global warming.,,0,,0,,1,broad_candidate
guardian_b36f42dcaf,The Guardian,2013,"""global temperature""",Zombie climate sceptic theories survive only in newspapers and on TV,https://www.theguardian.com/environment/planet-oz/2013/may/17/zombie-climate-sceptic-theories-newspapers-tv,2013-05-17,2021-08-25,2,https://i.guim.co.uk/img/static/sys-images/Guardian/Pix/pictures/2013/5/16/1368700916681/sks_abstracts.jpg?width=445&dpr=1&s=none&crop=none,../Scripts/output/guardian/guardian_images/guardian_2013-05-17_guardian_b36f42dcaf_img02.jpg,The numbers of scientific papers rejecting anthropogenic global warming remains miniscule for 20 years,,0,,0,,1,broad_candidate
guardian_ca9f05196f,The Guardian,2013,IPCC,Maria Stubbings was killed by one man. The question is: who let it happen?,https://www.theguardian.com/commentisfree/2013/may/21/maria-stubbings-public-inquiry-domestic-violence,2013-05-21,2018-01-11,1,https://i.guim.co.uk/img/static/sys-images/Guardian/Pix/pictures/2013/5/21/1369164859468/belle-mellor-008.jpg?width=465&dpr=1&s=none&crop=none,../Scripts/output/guardian/guardian_images/guardian_2013-05-21_guardian_ca9f05196f_img01.jpg,Illustration by Belle Mellor,,0,,0,,1,broad_candidate
guardian_008d47c681,The Guardian,2013,IPCC,Man killed in deadly terror attack in London street,https://www.theguardian.com/uk/2013/may/22/police-respond-serious-incident-woolwich,2013-05-22,2018-01-11,2,https://i.guim.co.uk/img/static/sys-images/Guardian/Pix/online/2013/5/22/1369239414899/Police-at-the-scene-in-Wo-008.jpg?width=445&dpr=1&s=none&crop=none,../Scripts/output/guardian/guardian_images/guardian_2013-05-22_guardian_008d47c681_img02.jpg,"Police at the scene in Woolwich, south London, where a man was killed and two others were taken to hospital with gunshot wounds following a 'serious incident'. BBC screengrab",,0,,0,,1,broad_candidate
guardian_4c11daf69f,The Guardian,2013,IPCC,Silver linings in the IEA report on 2012 fossil fuel carbon emissions,https://www.theguardian.com/environment/climate-consensus-97-per-cent/2013/jun/11/climate-change-carbon-emissions-iea-silver-lining,2013-06-11,2021-08-25,2,https://i.guim.co.uk/img/static/sys-images/Guardian/Pix/pictures/2013/6/11/1370910532543/ChinaElectricityCo2.jpg?width=445&dpr=1&s=none&crop=none,../Scripts/output/guardian/guardian_images/guardian_2013-06-11_guardian_4c11daf69f_img02.jpg,Chinese CO2 emissions per unit of electricity generation since 2000,,0,,0,,1,broad_candidate
guardian_4c11daf69f,The Guardian,2013,IPCC,Silver linings in the IEA report on 2012 fossil fuel carbon emissions,https://www.theguardian.com/environment/climate-consensus-97-per-cent/2013/jun/11/climate-change-carbon-emissions-iea-silver-lining,2013-06-11,2021-08-25,3,https://i.guim.co.uk/img/static/sys-images/Guardian/Pix/pictures/2013/6/11/1370911125449/IEA_IPCC_2012_450pix.jpg?width=445&dpr=1&s=none&crop=none,../Scripts/output/guardian/guardian_images/guardian_2013-06-11_guardian_4c11daf69f_img03.jpg,IEA emissions vs. IPCC scenarios,,0,,0,,1,broad_candidate
guardian_bf8e69b95d,The Guardian,2013,"""sea level rise""",Climate change measuring instruments are on life support,https://www.theguardian.com/environment/climate-consensus-97-per-cent/2013/jun/20/climate-change-measuring-instruments-on-life-support,2013-06-20,2021-08-25,4,https://i.guim.co.uk/img/static/sys-images/Guardian/Pix/pictures/2013/6/20/1371688009141/Jason_Satellite.jpg?width=445&dpr=1&s=none&crop=none,../Scripts/output/guardian/guardian_images/guardian_2013-06-20_guardian_bf8e69b95d_img04.jpg,NASA illustration of a JASON satellite,,0,,0,,1,broad_candidate
guardian_a3f2b21510,The Guardian,2013,IPCC,"With the Met, if you are innocent you have everything to worry about",https://www.theguardian.com/commentisfree/2013/jun/25/met-peter-francis-inquiry-need,2013-06-25,2017-09-20,1,https://i.guim.co.uk/img/static/sys-images/Guardian/Pix/pictures/2013/6/25/1372162347604/Doreen-Lawrence-008.jpg?width=465&dpr=1&s=none&crop=none,../Scripts/output/guardian/guardian_images/guardian_2013-06-25_guardian_a3f2b21510_img01.jpg,"Doreen Lawrence in 2008 at the memorial service marking 15th anniversary of the murder of her son, Stephen.",,0,,0,,1,broad_candidate
guardian_aaee12b6fb,The Guardian,2013,IPCC,Postmortem into Taser death in Manchester inconclusive,https://www.theguardian.com/world/2013/jul/12/postmortem-taser-death-manchester-inconclusive,2013-07-12,2017-12-01,1,https://i.guim.co.uk/img/static/sys-images/Guardian/About/General/2013/7/12/1373653737224/Jordan-Begley-010.jpg?width=465&dpr=1&s=none&crop=none,../Scripts/output/guardian/guardian_images/guardian_2013-07-12_guardian_aaee12b6fb_img01.jpg,"Jordan Begley died after an incident on Wednesday night in Gorton, Manchester.",,0,,0,,1,broad_candidate
guardian_1d9d5bad4c,The Guardian,2013,IPCC,Andrew Neil - these are your climate errors on BBC Sunday Politics,https://www.theguardian.com/environment/climate-consensus-97-per-cent/2013/jul/17/climate-change-scepticism-andrew-neil-ed-davey,2013-07-17,2021-08-25,2,https://i.guim.co.uk/img/static/sys-images/Guardian/Pix/pictures/2013/7/16/1373935073040/hist_self_abstract_450.jpg?width=445&dpr=1&s=none&crop=none,../Scripts/output/guardian/guardian_images/guardian_2013-07-17_guardian_1d9d5bad4c_img02.jpg,"Histogram of Abstract Rating (expressed in percentages) minus Self-Rating. 1–3 = endorsed human-caused global warming, 4 = no expressed position, 5–7 = rejected human-caused global warming. Green bars are where self-ratings have a higher level of endorsement of human-caused global warming than the abstract rating. Red bars are where self-ratings have a lower level of endorsement of human-caused global warming than the abstract rating.",,0,,0,,1,broad_candidate
guardian_d950a68ea3,The Guardian,2013,"""global temperature""",The climate change policy discussion I wish Andrew Neil would have on BBC,https://www.theguardian.com/environment/climate-consensus-97-per-cent/2013/jul/23/climate-change-andrew-neil-bbc-errors-take2,2013-07-23,2021-08-25,4,https://i.guim.co.uk/img/static/sys-images/Guardian/Pix/pictures/2013/7/23/1374540452775/Nuccitelli_OHC_450.jpg?width=445&dpr=1&s=none&crop=none,../Scripts/output/guardian/guardian_images/guardian_2013-07-23_guardian_d950a68ea3_img04.jpg,Global heat accumulation from Nuccitelli et al. (2012),,0,,0,,1,broad_candidate
guardian_a9b4b23da4,The Guardian,2013,"""global temperature""",Global warming and the future of storms,https://www.theguardian.com/environment/climate-consensus-97-per-cent/2013/jul/26/global-warming-future-of-storms,2013-07-26,2021-08-25,2,https://i.guim.co.uk/img/static/sys-images/Guardian/Pix/pictures/2013/7/26/1374815306798/Sanba.jpg?width=445&dpr=1&s=none&crop=none,../Scripts/output/guardian/guardian_images/guardian_2013-07-26_guardian_a9b4b23da4_img02.jpg,"Image of infrared emission from Typhoon Sanba, 2012.",,0,,0,,1,broad_candidate
guardian_a9b4b23da4,The Guardian,2013,"""global temperature""",Global warming and the future of storms,https://www.theguardian.com/environment/climate-consensus-97-per-cent/2013/jul/26/global-warming-future-of-storms,2013-07-26,2021-08-25,3,https://i.guim.co.uk/img/static/sys-images/Guardian/Pix/pictures/2013/7/26/1374815226853/Emanuel.jpg?width=445&dpr=1&s=none&crop=none,../Scripts/output/guardian/guardian_images/guardian_2013-07-26_guardian_a9b4b23da4_img03.jpg,"Dr. Kerry Emanuel, MIT",,0,,0,,1,broad_candidate
guardian_5c502f1cbb,The Guardian,2013,"""sea level rise""","After surviving nuclear tests, can the Marshall Islands survive the great climate experiment?",https://www.theguardian.com/global/planet-oz/2013/jul/30/marshall-islands-climate-change-pacific-forum-nuclear-testing,2013-07-30,2021-08-25,2,https://i.guim.co.uk/img/static/sys-images/Guardian/Pix/pictures/2013/7/30/1375158367687/deBrum.jpg?width=445&dpr=1&s=none&crop=none,../Scripts/output/guardian/guardian_images/guardian_2013-07-30_guardian_5c502f1cbb_img02.jpg,Marshall Islands Senator and Vice President Tony de Brum,,0,,0,,1,broad_candidate
guardian_b5d78debaf,The Guardian,2013,IPCC,How extreme will future heatwaves be? Choose your own adventure,https://www.theguardian.com/environment/climate-consensus-97-per-cent/2013/aug/21/climate-change-extreme-heat,2013-08-21,2021-08-25,2,https://i.guim.co.uk/img/static/sys-images/Guardian/Pix/pictures/2013/8/20/1376959569715/CR13Fig3_450.jpg?width=445&dpr=1&s=none&crop=none,../Scripts/output/guardian/guardian_images/guardian_2013-08-21_guardian_b5d78debaf_img02.jpg,Figure 1: Multi-model mean of the percentage of boreal summer months in the time period 2071–2099 with temperatures beyond 3-sigma (top) and 5-sigma (bottom) under low emissions scenario RCP2.6 (left) and high emissions RCP8.5 (right).,,0,,0,,1,broad_candidate
guardian_55513e68b7,The Guardian,2013,IPCC,Is climate change humanity's greatest-ever risk management failure?,https://www.theguardian.com/environment/climate-consensus-97-per-cent/2013/aug/23/climate-change-greatest-risk-management-failure,2013-08-23,2021-08-25,2,https://i.guim.co.uk/img/static/sys-images/Guardian/Pix/pictures/2013/8/23/1377221726618/Attribution450.jpg?width=445&dpr=1&s=none&crop=none,../Scripts/output/guardian/guardian_images/guardian_2013-08-23_guardian_55513e68b7_img02.jpg,"The percentage contribution to global warming over the past 50-65 years is shown in two categories, human causes (left) and natural causes (right), from various peer-reviewed studies (colors).",,0,,0,,1,broad_candidate
guardian_b771f14ae3,The Guardian,2013,IPCC,"David Miranda's detention is a threat to press freedom, say European editors",https://www.theguardian.com/world/2013/aug/24/david-miranda-detention-greenwald-press-editors,2013-08-24,2017-12-02,1,https://i.guim.co.uk/img/static/sys-images/Guardian/Pix/pictures/2013/8/25/1377413454014/Newspaper-logos-006.jpg?width=465&dpr=1&s=none&crop=none,../Scripts/output/guardian/guardian_images/guardian_2013-08-24_guardian_b771f14ae3_img01.jpg,The editors of leading European newspapers have written to David Cameron over the detention of the partner of a Guardian journalist.,,0,,0,,1,broad_candidate
guardian_3fca22362f,The Guardian,2013,IPCC,Report offers field guide to the climate change denial industry,https://www.theguardian.com/environment/planet-oz/2013/sep/12/greenpeace-climate-change-denial-dealing-doubt-report,2013-09-12,2021-08-25,1,https://i.guim.co.uk/img/static/sys-images/Guardian/Pix/pictures/2013/9/12/1378959854704/doubt_characters_large.jpg?width=465&dpr=1&s=none&crop=none,../Scripts/output/guardian/guardian_images/guardian_2013-09-12_guardian_3fca22362f_img01.jpg,"Fred Singer, left, Bob Carter and Lord Monckton, right, as portrayed in a new Greenpeace report on the climate change denial industry",,0,,0,,1,broad_candidate
guardian_f4b56ec90d,The Guardian,2013,IPCC,Questions for wannabe science minister and climate sceptic Dennis Jensen,https://www.theguardian.com/environment/planet-oz/2013/sep/13/climate-change-science-minister-dennis-jensen-monckton-questionnaire,2013-09-13,2021-08-25,2,https://i.guim.co.uk/img/static/sys-images/Guardian/Pix/pictures/2013/9/13/1379055202035/monckton_sketch.jpg?width=445&dpr=1&s=none&crop=none,../Scripts/output/guardian/guardian_images/guardian_2013-09-13_guardian_f4b56ec90d_img02.jpg,A sketch from Greenpeace of climate science sceptic Lord Christopher Monckton.,,0,,0,,1,broad_candidate
guardian_62bbe842ff,The Guardian,2013,IPCC,"Arctic sea ice ""recovers"" to its 6th-lowest extent in millennia",https://www.theguardian.com/environment/climate-consensus-97-per-cent/2013/sep/19/climate-change-arctic-ice-sixth-lowest-in-millennia,2013-09-19,2021-08-25,3,https://i.guim.co.uk/img/static/sys-images/Guardian/Pix/pictures/2013/9/19/1379558039734/Kinnard_2011_sea_ice.jpg?width=445&dpr=1&s=none&crop=none,../Scripts/output/guardian/guardian_images/guardian_2013-09-19_guardian_62bbe842ff_img03.jpg,"Reconstructed Arctic sea ice extent over the past 1,450 years, from Kinnard et al. (2011)",,0,,0,,1,broad_candidate
guardian_e1c3c5994e,The Guardian,2013,"""global temperature""",Magical climate contrarian thinking debunked by real science,https://www.theguardian.com/environment/climate-consensus-97-per-cent/2013/sep/23/climate-science-magical-thinking-debunked-by-science,2013-09-23,2021-08-25,2,https://i.guim.co.uk/img/static/sys-images/Guardian/Pix/pictures/2013/9/23/1379891177141/IPCCmodelHindcast450.jpg?width=445&dpr=1&s=none&crop=none,../Scripts/output/guardian/guardian_images/guardian_2013-09-23_guardian_e1c3c5994e_img02.jpg,Global mean near-surface temperatures from observations (black) and as obtained from 58 simulations produced by 14 different climate models driven by both natural and human-caused factors that influence climate in the 2007 IPCC report (yellow). The mean of all these runs is also shown (thick red line). Vertical grey lines indicate the timing of major volcanic eruptions.,,0,,0,,1,broad_candidate
guardian_49d72675e4,The Guardian,2013,IPCC,Can connecting to future generations drive true sustainability?,https://www.theguardian.com/sustainable-business/connecting-children-sustainability,2013-09-24,2013-09-24,1,https://i.guim.co.uk/img/static/sys-images/Guardian/Pix/pictures/2010/11/4/1288886692375/Doc-from-Back-to-the-Futu-012.jpg?width=465&dpr=1&s=none&crop=none,../Scripts/output/guardian/guardian_images/guardian_2013-09-24_guardian_49d72675e4_img01.jpg,We need to connect to the future if we are to act in the present,,0,,0,,1,broad_candidate
guardian_c9c0199a4c,The Guardian,2013,IPCC,Global warming: why is IPCC report so certain about the influence of humans?,https://www.theguardian.com/environment/climate-consensus-97-per-cent/2013/sep/27/global-warming-ipcc-report-humans,2013-09-27,2021-08-25,2,https://i.guim.co.uk/img/static/sys-images/Guardian/Pix/pictures/2013/9/24/1379989426274/Solar_vs_temp_450.jpg?width=445&dpr=1&s=none&crop=none,../Scripts/output/guardian/guardian_images/guardian_2013-09-27_guardian_c9c0199a4c_img02.jpg,Annual global temperature change (thin light red) with 11 year moving average of temperature (thick dark red). Temperature from NASA GISS. Annual Total Solar Irradiance (TSI; thin light blue) with 11 year moving average of TSI (thick dark blue). TSI from 1880 to 1978 from Krivova et al (2007). TSI from 1979 to 2009 from PMOD.,,0,,0,,1,broad_candidate
guardian_c9c0199a4c,The Guardian,2013,IPCC,Global warming: why is IPCC report so certain about the influence of humans?,https://www.theguardian.com/environment/climate-consensus-97-per-cent/2013/sep/27/global-warming-ipcc-report-humans,2013-09-27,2021-08-25,3,https://i.guim.co.uk/img/static/sys-images/Guardian/Pix/pictures/2013/9/24/1379990296664/Attribution50-65_450.jpg?width=445&dpr=1&s=none&crop=none,../Scripts/output/guardian/guardian_images/guardian_2013-09-27_guardian_c9c0199a4c_img03.jpg,"Net human and natural percent contributions to the observed global surface warming over the past 50-65 years according to Tett et al. 2000 (T00, dark blue), Meehl et al. 2004 (M04, red), Stone et al. 2007 (S07, light green), Lean and Rind 2008 (LR08, purple), Huber and Knutti 2011 (HK11, light blue), Gillett et al. 2012 (G12, orange), Wigley and Santer 2012 (WS12, dark green), and Jones et al. 2013 (J12, pink).",,0,,0,,1,broad_candidate
guardian_c9c0199a4c,The Guardian,2013,IPCC,Global warming: why is IPCC report so certain about the influence of humans?,https://www.theguardian.com/environment/climate-consensus-97-per-cent/2013/sep/27/global-warming-ipcc-report-humans,2013-09-27,2021-08-25,4,https://i.guim.co.uk/img/static/sys-images/Guardian/Pix/pictures/2013/9/24/1379990731128/human_fingerprints_450.jpg?width=445&dpr=1&s=none&crop=none,../Scripts/output/guardian/guardian_images/guardian_2013-09-27_guardian_c9c0199a4c_img04.jpg,Summary of observational evidence that human carbon dioxide emissions are causing the climate to warm.,,0,,0,,1,broad_candidate
guardian_84abc54ecf,The Guardian,2013,IPCC,IPCC model global warming projections have done much better than you think,https://www.theguardian.com/environment/climate-consensus-97-per-cent/2013/oct/01/ipcc-global-warming-projections-accurate,2013-10-01,2021-08-25,2,https://i.guim.co.uk/img/static/sys-images/Guardian/Pix/pictures/2013/10/1/1380599335494/ProjvsObs450.jpg?width=445&dpr=1&s=none&crop=none,../Scripts/output/guardian/guardian_images/guardian_2013-10-01_guardian_84abc54ecf_img02.jpg,"IPCC AR5 Figure 1.4. Solid lines and squares represent measured average global surface temperature changes by NASA (blue), NOAA (yellow), and the UK Hadley Centre (green). The colored shading shows the projected range of surface warming in the IPCC First Assessment Report (FAR; yellow), Second (SAR; green), Third (TAR; blue), and Fourth (AR4; red).",,0,,0,,1,broad_candidate
guardian_84abc54ecf,The Guardian,2013,IPCC,IPCC model global warming projections have done much better than you think,https://www.theguardian.com/environment/climate-consensus-97-per-cent/2013/oct/01/ipcc-global-warming-projections-accurate,2013-10-01,2021-08-25,4,https://i.guim.co.uk/img/static/sys-images/Guardian/Pix/pictures/2013/9/30/1380503041075/AR5_surfacetempproj.jpg?width=445&dpr=1&s=none&crop=none,../Scripts/output/guardian/guardian_images/guardian_2013-10-01_guardian_84abc54ecf_img04.jpg,IPCC AR5 projected global average surface temperature changes in a high emissions scenario (RCP8.5; red) and low emissions scenario (RCP2.6; blue).,,0,,0,,1,broad_candidate
guardian_6fb1004998,The Guardian,2013,"""carbon budget""",Does the global warming 'pause' mean what you think it means?,https://www.theguardian.com/environment/climate-consensus-97-per-cent/2013/oct/18/global-warming-pause-meaning,2013-10-18,2021-08-25,2,https://i.guim.co.uk/img/static/sys-images/Guardian/Pix/pictures/2013/10/17/1381976927298/IPCC-AR5-WG1-Box-3.1-Fig-1_450.jpg?width=445&dpr=1&s=none&crop=none,../Scripts/output/guardian/guardian_images/guardian_2013-10-18_guardian_6fb1004998_img02.jpg,Energy accumulation within distinct components of Earth’s climate system from 1971 to 2010. From the 2013 IPCC report.,,0,,0,,1,broad_candidate
guardian_b9e1c4b4af,The Guardian,2013,IPCC,"Guardian Weekly Letters, 8 November 2013",https://www.theguardian.com/global/2013/nov/05/guardian-weekly-letters-8-november,2013-11-05,2013-11-01,1,https://i.guim.co.uk/img/static/sys-images/Guardian/About/General/2013/11/1/1383305662666/economics.jpg-008.jpg?width=465&dpr=1&s=none&crop=none,../Scripts/output/guardian/guardian_images/guardian_2013-11-05_guardian_b9e1c4b4af_img01.jpg,Illustration by Gary Kempston,,0,,0,,1,broad_candidate
guardian_54937b1fd3,The Guardian,2013,"""net zero""",Green homes for the masses – with no energy bills for 10 years,https://www.theguardian.com/sustainable-business/blog/green-homes-masses,2013-11-15,2018-02-14,1,https://i.guim.co.uk/img/static/sys-images/Guardian/Pix/pictures/2013/11/15/1384515566854/Houze-008.jpg?width=465&dpr=1&s=none&crop=none,../Scripts/output/guardian/guardian_images/guardian_2013-11-15_guardian_54937b1fd3_img01.jpg,"A Houze house, one of the affordable homes with no energy bills being built in Houston",,0,,0,,1,broad_candidate
guardian_e1d00e073c,The Guardian,2013,"""sea level rise""","Ocean of Life: How our Seas are Changing, by Callum Roberts – review",https://www.theguardian.com/science/2013/nov/18/ocean-of-life-how-our-seas-are-changing-review,2013-11-18,2024-04-18,2,https://i.guim.co.uk/img/static/sys-images/Guardian/Pix/pictures/2013/11/15/1384529620892/Ocean-of-Life-How-our-Sea-002.jpg?width=445&dpr=1&s=none&crop=none,../Scripts/output/guardian/guardian_images/guardian_2013-11-18_guardian_e1d00e073c_img02.jpg,"Ocean of Life: How our Seas are Changing, by Callum Roberts",,0,,0,,1,broad_candidate
guardian_adad640767,The Guardian,2013,"""global temperature""",Warsaw's widening climate chasm could lead to 4C warming,https://www.theguardian.com/environment/planet-oz/2013/nov/21/warsaw-climate-change-conference-global-warming,2013-11-21,2021-08-25,2,https://i.guim.co.uk/img/static/sys-images/Guardian/Pix/pictures/2013/11/21/1384992565522/coal_use.jpg?width=445&dpr=1&s=none&crop=none,../Scripts/output/guardian/guardian_images/guardian_2013-11-21_guardian_adad640767_img02.jpg,Emissions from carbon dioxide have been rising: Courtesy Global Carbon Project,,0,,0,,1,broad_candidate
guardian_0e7a5024f0,The Guardian,2013,IPCC,"Book Review: Global warming and oceans, a 21st century perspective",https://www.theguardian.com/environment/climate-consensus-97-per-cent/2013/nov/22/global-warming-oceans-book-review,2013-11-22,2021-08-25,1,https://i.guim.co.uk/img/static/sys-images/Guardian/Pix/pictures/2010/4/15/1271349919317/El-Nino-gathering-over-th-001.jpg?width=465&dpr=1&s=none&crop=none,../Scripts/output/guardian/guardian_images/guardian_2013-11-22_guardian_0e7a5024f0_img01.jpg,El Niño gathering over the Pacific Ocean,,0,,0,,1,broad_candidate
guardian_0e7a5024f0,The Guardian,2013,IPCC,"Book Review: Global warming and oceans, a 21st century perspective",https://www.theguardian.com/environment/climate-consensus-97-per-cent/2013/nov/22/global-warming-oceans-book-review,2013-11-22,2021-08-25,2,https://i.guim.co.uk/img/static/sys-images/Guardian/Pix/pictures/2013/11/22/1385096253867/cover.jpg?width=445&dpr=1&s=none&crop=none,../Scripts/output/guardian/guardian_images/guardian_2013-11-22_guardian_0e7a5024f0_img02.jpg,The cover of Ocean Circulation and Climate,,0,,0,,1,broad_candidate
guardian_0e7a5024f0,The Guardian,2013,IPCC,"Book Review: Global warming and oceans, a 21st century perspective",https://www.theguardian.com/environment/climate-consensus-97-per-cent/2013/nov/22/global-warming-oceans-book-review,2013-11-22,2021-08-25,3,https://i.guim.co.uk/img/static/sys-images/Guardian/Pix/pictures/2013/11/22/1385096087210/editors.jpg?width=445&dpr=1&s=none&crop=none,../Scripts/output/guardian/guardian_images/guardian_2013-11-22_guardian_0e7a5024f0_img03.jpg,The editors of Ocean Circulation and Climate,,0,,0,,1,broad_candidate
guardian_27521eb17a,The Guardian,2013,"""climate change""",Judges,https://www.theguardian.com/sustainable-business/sustainable-business-awards-judges-2014,2013-12-02,2014-04-01,6,https://i.guim.co.uk/img/static/sys-images/Guardian/Pix/pictures/2013/11/29/1385725481940/NadineExter.jpg?width=445&dpr=1&s=none&crop=none,../Scripts/output/guardian/guardian_images/guardian_2013-12-02_guardian_27521eb17a_img06.jpg,,,0,,0,,1,broad_candidate
guardian_27521eb17a,The Guardian,2013,"""climate change""",Judges,https://www.theguardian.com/sustainable-business/sustainable-business-awards-judges-2014,2013-12-02,2014-04-01,7,https://i.guim.co.uk/img/static/sys-images/Guardian/Pix/pictures/2013/11/29/1385725481761/NicolasForsans.jpg?width=445&dpr=1&s=none&crop=none,../Scripts/output/guardian/guardian_images/guardian_2013-12-02_guardian_27521eb17a_img07.jpg,,,0,,0,,1,broad_candidate
guardian_27521eb17a,The Guardian,2013,"""climate change""",Judges,https://www.theguardian.com/sustainable-business/sustainable-business-awards-judges-2014,2013-12-02,2014-04-01,8,https://i.guim.co.uk/img/static/sys-images/Guardian/Pix/pictures/2014/4/1/1396367523660/DexterGalvin.jpg?width=445&dpr=1&s=none&crop=none,../Scripts/output/guardian/guardian_images/guardian_2013-12-02_guardian_27521eb17a_img08.jpg,,,0,,0,,1,broad_candidate
guardian_27521eb17a,The Guardian,2013,"""climate change""",Judges,https://www.theguardian.com/sustainable-business/sustainable-business-awards-judges-2014,2013-12-02,2014-04-01,9,https://i.guim.co.uk/img/static/sys-images/Business/Pix/pictures/2011/11/11/Liz-Goodwin140x140.jpg?width=445&dpr=1&s=none&crop=none,../Scripts/output/guardian/guardian_images/guardian_2013-12-02_guardian_27521eb17a_img09.jpg,,,0,,0,,1,broad_candidate
guardian_27521eb17a,The Guardian,2013,"""climate change""",Judges,https://www.theguardian.com/sustainable-business/sustainable-business-awards-judges-2014,2013-12-02,2014-04-01,10,https://i.guim.co.uk/img/static/sys-images/Business/Pix/pictures/2011/11/11/Oliver-Greenfield140x140.jpg?width=445&dpr=1&s=none&crop=none,../Scripts/output/guardian/guardian_images/guardian_2013-12-02_guardian_27521eb17a_img10.jpg,,,0,,0,,1,broad_candidate
guardian_27521eb17a,The Guardian,2013,"""climate change""",Judges,https://www.theguardian.com/sustainable-business/sustainable-business-awards-judges-2014,2013-12-02,2014-04-01,11,https://i.guim.co.uk/img/static/sys-images/Guardian/Pix/pictures/2013/12/23/1387794510659/SueHolden.jpg?width=445&dpr=1&s=none&crop=none,../Scripts/output/guardian/guardian_images/guardian_2013-12-02_guardian_27521eb17a_img11.jpg,,,0,,0,,1,broad_candidate
guardian_27521eb17a,The Guardian,2013,"""climate change""",Judges,https://www.theguardian.com/sustainable-business/sustainable-business-awards-judges-2014,2013-12-02,2014-04-01,12,https://i.guim.co.uk/img/static/sys-images/Guardian/Pix/pictures/2013/11/29/1385725482125/TonyJuniper.jpg?width=445&dpr=1&s=none&crop=none,../Scripts/output/guardian/guardian_images/guardian_2013-12-02_guardian_27521eb17a_img12.jpg,,,0,,0,,1,broad_candidate
guardian_27521eb17a,The Guardian,2013,"""climate change""",Judges,https://www.theguardian.com/sustainable-business/sustainable-business-awards-judges-2014,2013-12-02,2014-04-01,13,https://i.guim.co.uk/img/static/sys-images/Guardian/Pix/pictures/2013/12/23/1387794510447/MarkKenber.jpg?width=445&dpr=1&s=none&crop=none,../Scripts/output/guardian/guardian_images/guardian_2013-12-02_guardian_27521eb17a_img13.jpg,,,0,,0,,1,broad_candidate
guardian_27521eb17a,The Guardian,2013,"""climate change""",Judges,https://www.theguardian.com/sustainable-business/sustainable-business-awards-judges-2014,2013-12-02,2014-04-01,14,https://i.guim.co.uk/img/static/sys-images/Guardian/Pix/pictures/2013/12/23/1387794510320/JennKho.jpg?width=445&dpr=1&s=none&crop=none,../Scripts/output/guardian/guardian_images/guardian_2013-12-02_guardian_27521eb17a_img14.jpg,,,0,,0,,1,broad_candidate
guardian_27521eb17a,The Guardian,2013,"""climate change""",Judges,https://www.theguardian.com/sustainable-business/sustainable-business-awards-judges-2014,2013-12-02,2014-04-01,16,https://i.guim.co.uk/img/static/sys-images/Guardian/Pix/pictures/2013/11/29/1385725482391/MatthewPencharz.jpg?width=445&dpr=1&s=none&crop=none,../Scripts/output/guardian/guardian_images/guardian_2013-12-02_guardian_27521eb17a_img16.jpg,,,0,,0,,1,broad_candidate
guardian_27521eb17a,The Guardian,2013,"""climate change""",Judges,https://www.theguardian.com/sustainable-business/sustainable-business-awards-judges-2014,2013-12-02,2014-04-01,21,https://i.guim.co.uk/img/static/sys-images/Guardian/Pix/pictures/2013/11/29/1385725501099/SallyUren.jpg?width=445&dpr=1&s=none&crop=none,../Scripts/output/guardian/guardian_images/guardian_2013-12-02_guardian_27521eb17a_img21.jpg,,,0,,0,,1,broad_candidate
guardian_8077726f82,The Guardian,2013,"""climate change""","Guardian Weekly Letters, 6 December 2013",https://www.theguardian.com/global/2013/dec/03/guardian-weekly-letters-6-december-2013,2013-12-03,2013-11-29,1,https://i.guim.co.uk/img/static/sys-images/Guardian/About/General/2013/11/29/1385730980724/climate_change.jpg-008.jpg?width=465&dpr=1&s=none&crop=none,../Scripts/output/guardian/guardian_images/guardian_2013-12-03_guardian_8077726f82_img01.jpg,Illustration by Gary Kempston,,0,,0,,1,broad_candidate
guardian_5d00f40ace,The Guardian,2013,"""climate change""",Experts say the IPCC underestimated future sea level rise,https://www.theguardian.com/environment/climate-consensus-97-per-cent/2013/dec/04/experts-ipcc-underestimated-sea-level-rise,2013-12-04,2021-08-25,2,https://i.guim.co.uk/img/static/sys-images/Guardian/Pix/pictures/2013/11/30/1385855615635/Horton_SLR_Survey.jpg?width=445&dpr=1&s=none&crop=none,../Scripts/output/guardian/guardian_images/guardian_2013-12-04_guardian_5d00f40ace_img02.jpg,Sea level rise over the period 2000–2100 for high and low warming scenarios. The ranges show the average numbers given across all the experts. For comparison we see the NOAA projections of December 2012 (dashed lines) and the new IPCC projections (bars on the right).,,0,,0,,1,broad_candidate
guardian_104595b8b5,The Guardian,2013,"""climate change""",Greenpeace Save Santa's Home Christmas cards - in pictures,https://www.theguardian.com/environment/gallery/2013/dec/05/greenpeace-save-santas-home-christmas-cards-in-pictures,2013-12-05,2022-10-19,1,https://i.guim.co.uk/img/static/sys-images/Environment/Pix/columnists/2013/12/4/1386179429025/Greenpeace-Save-Santas-Ho-004.jpg?width=480&dpr=1&s=none&crop=none,../Scripts/output/guardian/guardian_images/guardian_2013-12-05_guardian_104595b8b5_img01.jpg,,,0,,0,,1,broad_candidate
guardian_104595b8b5,The Guardian,2013,"""climate change""",Greenpeace Save Santa's Home Christmas cards - in pictures,https://www.theguardian.com/environment/gallery/2013/dec/05/greenpeace-save-santas-home-christmas-cards-in-pictures,2013-12-05,2022-10-19,15,https://i.guim.co.uk/img/static/sys-images/Guardian/Pix/pictures/2013/12/4/1386178974840/-Save-Santas-Home-Christm-018.jpg?width=375&dpr=1&s=none&crop=none,../Scripts/output/guardian/guardian_images/guardian_2013-12-05_guardian_104595b8b5_img15.jpg,"Sarah Bartrisyia, a 13-year-old Malaysian girl guide, created this ‘flag for the future’ design, which was taken to the North Pole in April 2013 by a team of youth ambassadors as a symbol of collective commitment to save the Arctic. The design won a global competition run by the World Association of Girl Guides and Girl Scouts, and Greenpeace. The seven doves represent the seven continents; each carrying an olive branch which when brought together formed a laurel wreath, a symbol of Arctic protection. Sarah says: 'We need to protect the Arctic because it is the home of many indigenous peopl...",,0,,0,,1,broad_candidate
guardian_a8bbd639f0,The Guardian,2013,"""climate change""","State conservative groups plan US-wide assault on education, health and tax",https://www.theguardian.com/world/2013/dec/05/state-conservative-groups-assault-education-health-tax,2013-12-05,2021-08-25,2,https://i.guim.co.uk/img/static/sys-images/Guardian/Pix/pictures/2013/12/5/1386259474850/Maine_ExecSummary.png?width=445&dpr=1&s=none&crop=none,../Scripts/output/guardian/guardian_images/guardian_2013-12-05_guardian_a8bbd639f0_img02.png,,,0,,0,,1,broad_candidate
guardian_a8bbd639f0,The Guardian,2013,"""climate change""","State conservative groups plan US-wide assault on education, health and tax",https://www.theguardian.com/world/2013/dec/05/state-conservative-groups-assault-education-health-tax,2013-12-05,2021-08-25,4,https://i.guim.co.uk/img/static/sys-images/Guardian/Pix/pictures/2013/12/5/1386262253620/NJ_SPNexcerpt.png?width=445&dpr=1&s=none&crop=none,../Scripts/output/guardian/guardian_images/guardian_2013-12-05_guardian_a8bbd639f0_img04.png,,,0,,0,,1,broad_candidate
guardian_a8bbd639f0,The Guardian,2013,"""climate change""","State conservative groups plan US-wide assault on education, health and tax",https://www.theguardian.com/world/2013/dec/05/state-conservative-groups-assault-education-health-tax,2013-12-05,2021-08-25,5,https://i.guim.co.uk/img/static/sys-images/Guardian/Pix/pictures/2013/12/5/1386263757843/SPN_EmanuelExcerpt.png?width=445&dpr=1&s=none&crop=none,../Scripts/output/guardian/guardian_images/guardian_2013-12-05_guardian_a8bbd639f0_img05.png,,,0,,0,,1,broad_candidate
guardian_f2aa501b2f,The Guardian,2013,"""climate change""",Is Bjorn Lomborg right to say fossil fuels are what poor countries need?,https://www.theguardian.com/environment/planet-oz/2013/dec/06/bjorn-lomborg-climate-change-poor-countries-need-fossil-fuels,2013-12-06,2021-08-25,2,https://i.guim.co.uk/img/static/sys-images/Guardian/Pix/pictures/2013/12/6/1386306926189/jones_model_hiatus.jpg?width=445&dpr=1&s=none&crop=none,../Scripts/output/guardian/guardian_images/guardian_2013-12-06_guardian_f2aa501b2f_img02.jpg,Max Planck Institute MPI A2 Scenario Run 5. All step changes are statistically significant. Image: Roger Jones,,0,,0,,1,broad_candidate
guardian_862dbe5633,The Guardian,2013,"""climate change""",Awesome fossil fuel burning is defying the past and defining the future,https://www.theguardian.com/environment/planet-oz/2013/dec/12/climate-change-awesome-australia-fossil-fuel-great-barrier-reef-abbot-point-coal,2013-12-12,2021-08-25,1,https://i.guim.co.uk/img/static/sys-images/Guardian/Pix/pictures/2013/11/7/1383795275807/abbot_point_large.jpg?width=465&dpr=1&s=none&crop=none,../Scripts/output/guardian/guardian_images/guardian_2013-12-12_guardian_862dbe5633_img01.jpg,Abbot Point coal port in Queensland which is targeted for expansion: Image Greenpeace/Tom Jefferson,,0,,0,,1,broad_candidate
guardian_772fa73fe9,The Guardian,2013,"""climate change""",The UK's civil service needs reform for government to work better,https://www.theguardian.com/commentisfree/2013/dec/15/uk-civil-service-needs-reform,2013-12-15,2017-11-30,1,https://i.guim.co.uk/img/static/sys-images/Environment/Pix/pictures/2013/12/15/1387132116265/Illustration-by-Andrzej-K-008.jpg?width=465&dpr=1&s=none&crop=none,../Scripts/output/guardian/guardian_images/guardian_2013-12-15_guardian_772fa73fe9_img01.jpg,"‘Plans for change have themselves to be changed as they come across the real world they are trying to influence, and it is crucial to have the implementers on side and clear about what the minister is trying to achieve.’ Illustration by Andrzej Krauze",,0,,0,,1,broad_candidate
guardian_5f31bba67a,The Guardian,2013,"""climate change""","Diary: Is it a bird? Is it a plane? No, it's MI6's 'Secret Santa'",https://www.theguardian.com/politics/2013/dec/16/hugh-muirs-diary-sawers-santa,2013-12-16,2017-12-02,1,https://i.guim.co.uk/img/static/sys-images/Guardian/Pix/pictures/2013/12/16/1387217825528/Secret-Santa-008.jpg?width=465&dpr=1&s=none&crop=none,../Scripts/output/guardian/guardian_images/guardian_2013-12-16_guardian_5f31bba67a_img01.jpg,Happy Christmas from Sir John Sawers and his chums at MI6.,,0,,0,,1,broad_candidate
guardian_7d8e49bb7e,The Guardian,2013,"""climate change""","In pictures: cutting edge climate science, communication, and kittens from the 2013 AGU conference",https://www.theguardian.com/environment/climate-consensus-97-per-cent/2013/dec/17/climate-change-agu2013-pictures,2013-12-17,2021-08-25,1,https://i.guim.co.uk/img/static/sys-images/Guardian/Pix/commercial/2013/2/20/1361358941488/A-cute-kitten.-Whats-the--010.jpg?width=465&dpr=1&s=none&crop=none,../Scripts/output/guardian/guardian_images/guardian_2013-12-17_guardian_7d8e49bb7e_img01.jpg,Kitten sneezes made a surprising appearance at the 2013 fall AGU conference.,,0,,0,,1,broad_candidate
guardian_7d8e49bb7e,The Guardian,2013,"""climate change""","In pictures: cutting edge climate science, communication, and kittens from the 2013 AGU conference",https://www.theguardian.com/environment/climate-consensus-97-per-cent/2013/dec/17/climate-change-agu2013-pictures,2013-12-17,2021-08-25,3,https://i.guim.co.uk/img/static/sys-images/Guardian/Pix/pictures/2013/12/14/1387062279785/WMDsBeliefCorrection.jpg?width=445&dpr=1&s=none&crop=none,../Scripts/output/guardian/guardian_images/guardian_2013-12-17_guardian_7d8e49bb7e_img03.jpg,Change in belief across the political spectrum when presented with evidence there were no WMDs in Iraq. Conservative belief of the myth actually increased.,,0,,0,,1,broad_candidate
guardian_7d8e49bb7e,The Guardian,2013,"""climate change""","In pictures: cutting edge climate science, communication, and kittens from the 2013 AGU conference",https://www.theguardian.com/environment/climate-consensus-97-per-cent/2013/dec/17/climate-change-agu2013-pictures,2013-12-17,2021-08-25,4,https://i.guim.co.uk/img/static/sys-images/Guardian/Pix/pictures/2013/12/14/1387062438032/Primer450.jpg?width=445&dpr=1&s=none&crop=none,../Scripts/output/guardian/guardian_images/guardian_2013-12-17_guardian_7d8e49bb7e_img04.jpg,Change in myth belief across the political spectrum when primed and then presented with a myth. Courtesy of John Cook.,,0,,0,,1,broad_candidate
guardian_7d8e49bb7e,The Guardian,2013,"""climate change""","In pictures: cutting edge climate science, communication, and kittens from the 2013 AGU conference",https://www.theguardian.com/environment/climate-consensus-97-per-cent/2013/dec/17/climate-change-agu2013-pictures,2013-12-17,2021-08-25,5,https://i.guim.co.uk/img/static/sys-images/Guardian/Pix/pictures/2013/12/17/1387245086346/LewandowskyNatRes450.jpg?width=445&dpr=1&s=none&crop=none,../Scripts/output/guardian/guardian_images/guardian_2013-12-17_guardian_7d8e49bb7e_img05.jpg,Responses to the question 'who is responsible for global warming'. The distribution is the same for those who respond it's natural vs. responses that it's human-caused. Courtesy of Stephan Lewandowsky.,,0,,0,,1,broad_candidate
guardian_7d8e49bb7e,The Guardian,2013,"""climate change""","In pictures: cutting edge climate science, communication, and kittens from the 2013 AGU conference",https://www.theguardian.com/environment/climate-consensus-97-per-cent/2013/dec/17/climate-change-agu2013-pictures,2013-12-17,2021-08-25,7,https://i.guim.co.uk/img/static/sys-images/Guardian/Pix/pictures/2013/12/15/1387135961823/CopenhagenArcticSeaIce450.jpg?width=445&dpr=1&s=none&crop=none,../Scripts/output/guardian/guardian_images/guardian_2013-12-17_guardian_7d8e49bb7e_img07.jpg,"Observed vs. IPCC modeled annual minimum Arctic sea ice extent, from the 2009 Copenhagen Diagnosis.",,0,,0,,1,broad_candidate
guardian_7d8e49bb7e,The Guardian,2013,"""climate change""","In pictures: cutting edge climate science, communication, and kittens from the 2013 AGU conference",https://www.theguardian.com/environment/climate-consensus-97-per-cent/2013/dec/17/climate-change-agu2013-pictures,2013-12-17,2021-08-25,8,https://i.guim.co.uk/img/static/sys-images/Guardian/Pix/pictures/2013/12/15/1387137043098/AlleyDebate.jpg?width=445&dpr=1&s=none&crop=none,../Scripts/output/guardian/guardian_images/guardian_2013-12-17_guardian_7d8e49bb7e_img08.jpg,"The range of possible climate outcomes, with policymakers focusing on the best case and ignoring the worst case. Courtesy of Richard Alley.",,0,,0,,1,broad_candidate
guardian_7d8e49bb7e,The Guardian,2013,"""climate change""","In pictures: cutting edge climate science, communication, and kittens from the 2013 AGU conference",https://www.theguardian.com/environment/climate-consensus-97-per-cent/2013/dec/17/climate-change-agu2013-pictures,2013-12-17,2021-08-25,9,https://i.guim.co.uk/img/static/sys-images/Guardian/Pix/pictures/2013/12/15/1387138237580/ElsnerHurricaneLengthWidth450.jpg?width=445&dpr=1&s=none&crop=none,../Scripts/output/guardian/guardian_images/guardian_2013-12-17_guardian_7d8e49bb7e_img09.jpg,US tornado path length and width changes from 1994 through 2011. Courtesy of James Elsner.,,0,,0,,1,broad_candidate
guardian_7d8e49bb7e,The Guardian,2013,"""climate change""","In pictures: cutting edge climate science, communication, and kittens from the 2013 AGU conference",https://www.theguardian.com/environment/climate-consensus-97-per-cent/2013/dec/17/climate-change-agu2013-pictures,2013-12-17,2021-08-25,10,https://i.guim.co.uk/img/static/sys-images/Guardian/Pix/pictures/2013/12/15/1387138983240/SchmidtVenn.png?width=445&dpr=1&s=none&crop=none,../Scripts/output/guardian/guardian_images/guardian_2013-12-17_guardian_7d8e49bb7e_img10.png,"The intersection of science, values, and advocacy. Courtesy of Gavin Schmidt.",,0,,0,,1,broad_candidate
guardian_9ab2c4e592,The Guardian,2013,"""climate change""",Solar farms feel the heat from ministers but industry hopes it can still sparkle,https://www.theguardian.com/environment/2013/dec/22/solar-farms-criticism-ministers-industry,2013-12-22,2018-02-14,1,https://i.guim.co.uk/img/static/sys-images/Guardian/About/General/2013/12/22/1387737472051/Britains-largest-solar-fa-007.jpg?width=465&dpr=1&s=none&crop=none,../Scripts/output/guardian/guardian_images/guardian_2013-12-22_guardian_9ab2c4e592_img01.jpg,Britain's largest solar farm at Wymeswold airfield.,,0,,0,,1,broad_candidate
guardian_cb20c13479,The Guardian,2013,"""climate change""",What is the most eco-friendly carpet?,https://www.theguardian.com/environment/2013/dec/22/most-eco-friendly-carpet-emissions,2013-12-22,2020-09-23,2,https://i.guim.co.uk/img/static/sys-images/Observer/Pix/pictures/2013/12/16/1387195684792/Man-in-suit-and-tie-with--008.jpg?width=445&dpr=1&s=none&crop=none,../Scripts/output/guardian/guardian_images/guardian_2013-12-22_guardian_cb20c13479_img02.jpg,"Lucy Siegle: 'A filmmaker, actor and communications specialist lost patience with the climate-change message. This film is their first stab at livening up the conversation – and a great one, at that'",,0,,0,,1,broad_candidate
guardian_e1d43867db,The Guardian,2013,"""climate change""","Someone needs to fight the selfish, short-sighted old",https://www.theguardian.com/commentisfree/2013/dec/22/someone-needs-fight-selfish-old,2013-12-22,2017-11-30,1,https://i.guim.co.uk/img/static/sys-images/Guardian/Pix/pictures/2013/12/22/1387731878084/Andrzej-Krauze-23122013-008.jpg?width=465&dpr=1&s=none&crop=none,../Scripts/output/guardian/guardian_images/guardian_2013-12-22_guardian_e1d43867db_img01.jpg,"‘The Help to Buy scheme will get some people on the housing ladder by pushing others off it, unless supply increases.' Illustration by Andrzej Krauze",,0,,0,,1,broad_candidate
guardian_4aa60a0deb,The Guardian,2013,"""climate change""",Republicans in Congress got the testimony they wanted to keep playing climate Russian roulette,https://www.theguardian.com/environment/climate-consensus-97-per-cent/2013/dec/26/republicans-congress-climate-change-testimony-risk,2013-12-26,2021-08-25,2,https://i.guim.co.uk/img/static/sys-images/Guardian/Pix/pictures/2013/12/21/1387590725122/Nuccitelli_OHC_450.jpg?width=445&dpr=1&s=none&crop=none,../Scripts/output/guardian/guardian_images/guardian_2013-12-26_guardian_4aa60a0deb_img02.jpg,Global heat accumulation from Nuccitelli et al. (2012),,0,,0,,1,broad_candidate
guardian_11034d7d32,The Guardian,2013,"""climate change""",Tania Unsworth: 'Something far-fetched will pop into my mind and then my job is to make it plausible',https://www.theguardian.com/childrens-books-site/2013/dec/27/tania-unsworth-interview,2013-12-27,2017-09-20,1,https://i.guim.co.uk/img/static/sys-images/Books/Pix/pictures/2014/1/8/1389184972458/Tania-Unsworth-008.jpg?width=465&dpr=1&s=none&crop=none,../Scripts/output/guardian/guardian_images/guardian_2013-12-27_guardian_11034d7d32_img01.jpg,"Tania Unsworth: 'I tend to do a lot of ""what if?"" thinking. Something far-fetched will pop into my mind and then my job is to sit down and try to make it plausible.'",,0,,0,,1,broad_candidate
guardian_9be642396a,The Guardian,2013,"""climate change""",Reports of damp soar in social housing as residents avoid turning on heating,https://www.theguardian.com/society/2013/dec/27/damp-social-housing-residents-heating-energy-bills,2013-12-27,2017-11-30,2,https://i.guim.co.uk/img/static/sys-images/Guardian/Pix/pictures/2013/12/27/1388162468304/DampMouldInspectionsWEB.png?width=445&dpr=1&s=none&crop=none,../Scripts/output/guardian/guardian_images/guardian_2013-12-27_guardian_9be642396a_img02.png,,,0,,0,,1,broad_candidate
guardian_99b59c7a68,The Guardian,2013,"""climate change""",Readers' books of the year 2013: part 2,https://www.theguardian.com/books/2013/dec/28/readers-books-of-2013-part-2,2013-12-28,2018-02-22,2,https://i.guim.co.uk/img/static/sys-images/Guardian/Pix/pictures/2013/12/17/1387297107866/Shelter-by-Frances-Greens-002.jpg?width=445&dpr=1&s=none&crop=none,../Scripts/output/guardian/guardian_images/guardian_2013-12-28_guardian_99b59c7a68_img02.jpg,Shelter by Frances Greenslade,,0,,0,,1,broad_candidate
guardian_99b59c7a68,The Guardian,2013,"""climate change""",Readers' books of the year 2013: part 2,https://www.theguardian.com/books/2013/dec/28/readers-books-of-2013-part-2,2013-12-28,2018-02-22,3,https://i.guim.co.uk/img/static/sys-images/Guardian/Pix/pictures/2013/12/17/1387295929340/Susie-Steiner-008.jpg?width=445&dpr=1&s=none&crop=none,../Scripts/output/guardian/guardian_images/guardian_2013-12-28_guardian_99b59c7a68_img03.jpg,"Susie Steiner's debut novel, Homecoming, made the list twice",,0,,0,,1,broad_candidate
guardian_99b59c7a68,The Guardian,2013,"""climate change""",Readers' books of the year 2013: part 2,https://www.theguardian.com/books/2013/dec/28/readers-books-of-2013-part-2,2013-12-28,2018-02-22,4,https://i.guim.co.uk/img/static/sys-images/Guardian/Pix/pictures/2013/12/17/1387295663518/Stoner-by-John-Edward-Wil-002.jpg?width=445&dpr=1&s=none&crop=none,../Scripts/output/guardian/guardian_images/guardian_2013-12-28_guardian_99b59c7a68_img04.jpg,Stoner by John Edward Williams,,0,,0,,1,broad_candidate
guardian_99b59c7a68,The Guardian,2013,"""climate change""",Readers' books of the year 2013: part 2,https://www.theguardian.com/books/2013/dec/28/readers-books-of-2013-part-2,2013-12-28,2018-02-22,7,https://i.guim.co.uk/img/static/sys-images/Guardian/Pix/pictures/2013/12/17/1387296400899/Red-Or-Dead-by-David-Peac-002.jpg?width=445&dpr=1&s=none&crop=none,../Scripts/output/guardian/guardian_images/guardian_2013-12-28_guardian_99b59c7a68_img07.jpg,Red Or Dead by David Peace,,0,,0,,1,broad_candidate
guardian_4747bb7728,The Guardian,2013,"""climate change""",Scientists tell us their favourite jokes: 'An electron and a positron walked into a bar…',https://www.theguardian.com/science/2013/dec/29/scientists-favourite-jokes,2013-12-29,2018-03-22,1,https://i.guim.co.uk/img/static/sys-images/Guardian/About/General/2013/5/21/1369141376982/Bookies-008.jpg?width=465&dpr=1&s=none&crop=none,../Scripts/output/guardian/guardian_images/guardian_2013-12-29_guardian_4747bb7728_img01.jpg,Statisticians: not totally reliable.,,0,,0,,1,broad_candidate
guardian_4747bb7728,The Guardian,2013,"""climate change""",Scientists tell us their favourite jokes: 'An electron and a positron walked into a bar…',https://www.theguardian.com/science/2013/dec/29/scientists-favourite-jokes,2013-12-29,2018-03-22,3,https://i.guim.co.uk/img/static/sys-images/Guardian/Pix/red/blue_pics/2010/12/05/math_460x276.jpg?width=445&dpr=1&s=none&crop=none,../Scripts/output/guardian/guardian_images/guardian_2013-12-29_guardian_4747bb7728_img03.jpg,Mathematics: can it add up to a killer punchline?,,0,,0,,1,broad_candidate
guardian_cba48fc157,The Guardian,2013,"""climate change""","2013 was a good year for climate science, but a mixed bag for climate policy",https://www.theguardian.com/environment/climate-consensus-97-per-cent/2013/dec/31/2013-climate-change-science-policy-review,2013-12-31,2021-08-25,2,https://i.guim.co.uk/img/static/sys-images/Guardian/Pix/pictures/2013/12/29/1388275954559/ProjvsObs450.jpg?width=445&dpr=1&s=none&crop=none,../Scripts/output/guardian/guardian_images/guardian_2013-12-31_guardian_cba48fc157_img02.jpg,"IPCC AR5 Figure 1.4. Solid lines and squares represent measured average global surface temperature changes by NASA (blue), NOAA (yellow), and the UK Hadley Centre (green). The colored shading shows the projected range of surface warming in the IPCC First Assessment Report (FAR; yellow), Second (SAR; green), Third (TAR; blue), and Fourth (AR4; red).",,0,,0,,1,broad_candidate
guardian_09bd7af7a3,The Guardian,2013,"""sea level rise""",Noaa report says Arctic sea ice is disappearing at unprecedented pace,https://www.theguardian.com/world/2013/aug/06/noaa-report-arctic-ice-climate-change,2013-08-06,2021-08-25,1,https://i.guim.co.uk/img/static/sys-images/Guardian/Pix/pictures/2010/7/7/1278513498208/Actic-sea-ice-006.jpg?width=465&dpr=1&s=none&crop=none,../Scripts/output/guardian/guardian_images/guardian_2013-08-06_guardian_09bd7af7a3_img01.jpg,"By September 2012, sea-ice cover in the Arctic had fallen to its lowest level since the beginning of satellite records. Photo: Steven J Kazlowski/Alamy",,0,,1,photo,1,broad_candidate
guardian_6fb1004998,The Guardian,2013,"""carbon budget""",Does the global warming 'pause' mean what you think it means?,https://www.theguardian.com/environment/climate-consensus-97-per-cent/2013/oct/18/global-warming-pause-meaning,2013-10-18,2021-08-25,1,https://i.guim.co.uk/img/static/sys-images/Guardian/Pix/audio/video/2011/11/23/1322052359719/Still-from-the-Princess-B-007.jpg?width=465&dpr=1&s=none&crop=none,../Scripts/output/guardian/guardian_images/guardian_2013-10-18_guardian_6fb1004998_img01.jpg,"To quote Inigo Montoya from The Princess Bride, ""You keep using that word. I do not think it means what you think it means.""",,0,,1,video,1,broad_candidate
guardian_1b0f7ded44,The Guardian,2013,IPCC,Fox News defends global warming false balance by denying the 97% consensus,https://www.theguardian.com/environment/climate-consensus-97-per-cent/2013/oct/23/climate-change-climate-change-scepticism,2013-10-23,2021-08-25,1,https://i.guim.co.uk/img/static/sys-images/Guardian/Pix/audio/video/2012/9/28/1348861690363/Fox-News-008.jpg?width=465&dpr=1&s=none&crop=none,../Scripts/output/guardian/guardian_images/guardian_2013-10-23_guardian_1b0f7ded44_img01.jpg,Fox News uses denial to defend false balance.,,0,,1,video,1,broad_candidate
guardian_97ee612cbd,The Guardian,2013,IPCC,Keystone XL and Canadian tar sands are incompatible with solving climate change,https://www.theguardian.com/environment/climate-consensus-97-per-cent/2013/oct/25/climate-cange-tar-sands-incompatible,2013-10-25,2021-08-25,1,https://i.guim.co.uk/img/static/sys-images/Guardian/Pix/pictures/2013/3/6/1362585149395/778234fb-5855-434f-add2-fd8f2abb6036-460x276.jpeg?width=465&dpr=1&s=none&crop=none,../Scripts/output/guardian/guardian_images/guardian_2013-10-25_guardian_97ee612cbd_img01.jpeg,The Keystone Oil Pipeline is pictured under construction in North Dakota. REUTERS/TransCanada,,0,,1,reuters,1,broad_candidate
guardian_51bf8d3896,The Guardian,2013,"""climate change""",Autodesk brings sustainable design software to startups,https://www.theguardian.com/sustainable-business/autodesk-sustainable-design-software-cost,2013-12-03,2013-12-10,1,https://i.guim.co.uk/img/static/sys-images/Guardian/Pix/pictures/2013/12/3/1386086188833/Biolite-homestove-010.jpg?width=465&dpr=1&s=none&crop=none,../Scripts/output/guardian/guardian_images/guardian_2013-12-03_guardian_51bf8d3896_img01.jpg,"Biolite – a startup supported by Autodesk's Clean Tech Partner program – used Autodesk software to design an efficient, low-cost cook stove. Photo: Courtesy of BioLite",,0,,1,photo,1,broad_candidate
guardian_a8bbd639f0,The Guardian,2013,"""climate change""","State conservative groups plan US-wide assault on education, health and tax",https://www.theguardian.com/world/2013/dec/05/state-conservative-groups-assault-education-health-tax,2013-12-05,2021-08-25,3,https://i.guim.co.uk/img/static/sys-images/Guardian/Pix/pictures/2013/12/5/1386260330774/SPN_MaineLePage.png?width=445&dpr=1&s=none&crop=none,../Scripts/output/guardian/guardian_images/guardian_2013-12-05_guardian_a8bbd639f0_img03.png,,,0,,1,epa,1,broad_candidate
guardian_7d8e49bb7e,The Guardian,2013,"""climate change""","In pictures: cutting edge climate science, communication, and kittens from the 2013 AGU conference",https://www.theguardian.com/environment/climate-consensus-97-per-cent/2013/dec/17/climate-change-agu2013-pictures,2013-12-17,2021-08-25,2,https://i.guim.co.uk/img/static/sys-images/Guardian/Pix/pictures/2013/12/17/1387242394727/GW_KittenSneezes450.jpg?width=445&dpr=1&s=none&crop=none,../Scripts/output/guardian/guardian_images/guardian_2013-12-17_guardian_7d8e49bb7e_img02.jpg,"When accounting for all heat accumulating in the climate system, global warming is proceeding at 7.4 quadrillion kitten sneezes per second. Image created by John Cook at Skeptical Science, photo courtesy of fanpop.com.",,0,,1,photo,1,broad_candidate
guardian_957dec6d00,The Guardian,2013,"""climate change""",'Superman' Ben Bernanke prepares to fly out of US Federal Reserve,https://www.theguardian.com/business/2013/dec/22/ben-bernanke-superman-of-us-federal-reserve,2013-12-22,2017-12-02,1,https://i.guim.co.uk/img/static/sys-images/Guardian/About/General/2013/12/21/1387621300128/Ben-Bernanke-cartoon-by-D-008.jpg?width=465&dpr=1&s=none&crop=none,../Scripts/output/guardian/guardian_images/guardian_2013-12-22_guardian_957dec6d00_img01.jpg,Click to enlarge.,,0,,1,epa,1,broad_candidate
guardian_d6f881d414,The Guardian,2013,"""sea level rise""","Climate change set to make America hotter, drier and more disaster-prone",https://www.theguardian.com/environment/2013/jan/11/climate-change-america-hotter-drier-disaster,2013-01-11,2021-08-25,1,https://i.guim.co.uk/img/static/sys-images/Guardian/Pix/pictures/2012/10/15/1350321893705/Drought-withered-corn-sta-008.jpg?width=465&dpr=1&s=none&crop=none,../Scripts/output/guardian/guardian_images/guardian_2013-01-11_guardian_d6f881d414_img01.jpg,The report says steps taken by Obama to reduce emissions are 'not close to sufficient' to prevent the most severe consequences of climate change. Photo: Saul Loeb/AFP,,0,,2,afp|photo,1,broad_candidate
guardian_1e658e1590,The Guardian,2013,"""global temperature""",Obama climate change plan gets first airing in front of House sceptics,https://www.theguardian.com/environment/2013/sep/18/epa-obama-climate-change-plan-congress,2013-09-18,2021-08-25,1,https://i.guim.co.uk/img/static/sys-images/Guardian/Pix/pictures/2013/9/18/1379528400799/Gina-McCarthy-Ernest-Moni-008.jpg?width=465&dpr=1&s=none&crop=none,../Scripts/output/guardian/guardian_images/guardian_2013-09-18_guardian_1e658e1590_img01.jpg,Energy secretary Ernest Moniz and the EPA's Gina McCarthy testify before the House subcommittee on energy and power. Photo: Cliff Owen/AP,,0,,2,epa|photo,1,broad_candidate
guardian_146a0b64c1,The Guardian,2013,"""climate change""",Happy new year - but what exactly will make the news in 2014?,https://www.theguardian.com/world/2013/dec/27/happy-new-year-what-make-news-2014,2013-12-27,2017-11-30,2,https://i.guim.co.uk/img/static/sys-images/Guardian/Pix/pictures/2013/10/15/1381864035660/Capitol-Hill-October-3-004.jpg?width=445&dpr=1&s=none&crop=none,../Scripts/output/guardian/guardian_images/guardian_2013-12-27_guardian_146a0b64c1_img02.jpg,US Capitol Hill. (Brendan Smialowski/AFP/Getty),,0,,2,afp|getty,1,broad_candidate
guardian_88f94f9789,The Guardian,2013,"""carbon budget""",Aviation is a rogue industry on a runway to nowhere,https://www.theguardian.com/environment/damian-carrington-blog/2013/jul/17/heathrow-third-runway-aviation-emissions,2013-07-17,2017-06-06,1,https://i.guim.co.uk/img/static/sys-images/Guardian/Pix/pictures/2013/6/3/1370272432842/A-British-Airways-passeng-008.jpg?width=465&dpr=1&s=none&crop=none,../Scripts/output/guardian/guardian_images/guardian_2013-07-17_guardian_88f94f9789_img01.jpg,"Heathrow has almost 100 departures a week to key business cities, more than, Charles de Gaulle and Frankfurt, combined. AFP/Getty Images",,0,,3,afp|epa|getty,1,broad_candidate
