article_id,newspaper,year_window,search_term,article_title,article_url,published_date,updated_date,image_index,image_url,local_image_path,caption,credit
guardian_9389b04dbf,The Guardian,2020,"""carbon budget""",The plastic polluters won 2019 – and we're running out of time to stop them,https://www.theguardian.com/environment/2020/jan/02/year-plastic-pollution-clean-beaches-seas,2020-01-02,2021-10-29,1,https://i.guim.co.uk/img/media/9089b4d46e16677cd5ca13d9475f20e8c5b5347f/0_291_4368_2621/master/4368.jpg?width=465&dpr=1&s=none&crop=none,,A polluted beach in Mumbai. Novel ways to collect plastic from rivers and oceans were introduced last year. Photograph: David Levene/The Guardian,
guardian_9389b04dbf,The Guardian,2020,"""carbon budget""",The plastic polluters won 2019 – and we're running out of time to stop them,https://www.theguardian.com/environment/2020/jan/02/year-plastic-pollution-clean-beaches-seas,2020-01-02,2021-10-29,2,https://i.guim.co.uk/img/media/614641d90344166dd883165aa5990500dbc595af/0_0_2560_1536/master/2560.jpg?width=445&dpr=1&s=none&crop=none,,"Pump jacks in an oilfield over the Monterey shale formation, near Lost Hills in California. There has been a growing global campaign against fracking . Photograph: David McNew/Getty Images",
guardian_9389b04dbf,The Guardian,2020,"""carbon budget""",The plastic polluters won 2019 – and we're running out of time to stop them,https://www.theguardian.com/environment/2020/jan/02/year-plastic-pollution-clean-beaches-seas,2020-01-02,2021-10-29,3,https://i.guim.co.uk/img/media/1979e4aef6574bda66aadb907cc4727019ad4b6d/0_0_4902_3294/master/4902.jpg?width=445&dpr=1&s=none&crop=none,,"A necropsy is performed on a beached grey whale in Tiburon, California, in April 2019. Photograph: Justin Sullivan/Getty Images",
guardian_9389b04dbf,The Guardian,2020,"""carbon budget""",The plastic polluters won 2019 – and we're running out of time to stop them,https://www.theguardian.com/environment/2020/jan/02/year-plastic-pollution-clean-beaches-seas,2020-01-02,2021-10-29,4,https://i.guim.co.uk/img/media/0465a89a81cebd36ca612b384342e4749ddf983f/0_0_3500_2284/master/3500.jpg?width=445&dpr=1&s=none&crop=none,,"A plastic-choked beach in Costa del Este, Panama City. Photograph: Luis Acosta/AFP via Getty Images",
guardian_9389b04dbf,The Guardian,2020,"""carbon budget""",The plastic polluters won 2019 – and we're running out of time to stop them,https://www.theguardian.com/environment/2020/jan/02/year-plastic-pollution-clean-beaches-seas,2020-01-02,2021-10-29,5,https://i.guim.co.uk/img/media/18fe54ce8d0efc0ff4962c5e8067483b8ee161be/0_0_5214_3606/master/5214.jpg?width=445&dpr=1&s=none&crop=none,,"A vendor puts clothes in a single-use plastic bag in Ngor village, Dakar. Senegal is choking on plastic waste, with tens of thousands of tons of it ending up in the ocean every year. Photograph: Nic Bothma/EPA",
guardian_9389b04dbf,The Guardian,2020,"""carbon budget""",The plastic polluters won 2019 – and we're running out of time to stop them,https://www.theguardian.com/environment/2020/jan/02/year-plastic-pollution-clean-beaches-seas,2020-01-02,2021-10-29,6,https://i.guim.co.uk/img/media/5bdf5bc1b1f4078249b6bc3dba01be3290a2c384/0_0_3000_2001/master/3000.jpg?width=445&dpr=1&s=none&crop=none,,"A worker sweeps stacks of plastic bottles at a recycling plant in Essex, UK. Photograph: Dan Kitwood/Getty Images",
guardian_f0b1383f62,The Guardian,2020,"""global temperature""",Australian bushfires are a warning to the world,https://www.theguardian.com/australia-news/2020/jan/02/australian-bushfires-are-a-warning-to-the-world,2020-01-02,2021-08-25,1,https://i.guim.co.uk/img/media/ce9c5d906f84ea2f3b7e045703f1854f0b95e6da/0_346_5184_3110/master/5184.jpg?width=465&dpr=1&s=none&crop=none,,Australia fires: risk of more extreme weather leaves people unsure whether to flee or stay – video,
guardian_49ccd9cdc8,The Guardian,2020,IPCC,We are seeing the very worst of our scientific predictions come to pass in these bushfires,https://www.theguardian.com/commentisfree/2020/jan/03/we-are-seeing-the-very-worst-of-our-scientific-predictions-come-to-pass-in-these-bushfires,2020-01-03,2021-08-25,1,https://i.guim.co.uk/img/media/d53fad89528f422fff955b780ff65d0a78ede295/0_394_6048_3630/master/6048.jpg?width=465&dpr=1&s=none&crop=none,,‘The thing that really terrifies me is that weather conditions considered extreme by today’s standards will seem sedate in the future.’ Photograph: Peter Parks/AFP via Getty Images,
guardian_9e37cef9d8,The Guardian,2020,"""carbon budget""",Hot cross buns are popping up early,https://www.theguardian.com/world/2020/jan/03/hot-cross-buns-are-popping-up-early,2020-01-03,2021-08-25,1,https://i.guim.co.uk/img/media/169b64f0e4cbfabd01fda2488159c71f0de55268/0_341_7200_4320/master/7200.jpg?width=465&dpr=1&s=none&crop=none,,Jane Garratt spotted hot cross buns on sale on 26 December in Epsom. Photograph: Getty/iStockphoto,
guardian_b0837960c9,The Guardian,2020,"""global temperature""",Craig Kelly interview: senior government MPs distance themselves after Piers Morgan lashing,https://www.theguardian.com/australia-news/2020/jan/07/craig-kelly-interview-piers-morgan-calls-mp-disgraceful-for-denying-climate-link-to-bushfires,2020-01-06,2021-08-25,1,https://i.guim.co.uk/img/media/685a8831517132e996f37a0c734017bfbe564c09/14_5_1891_1064/1891.jpg?width=465&dpr=1&s=none&crop=none,,Piers Morgan grills Craig Kelly for denying climate link to bushfires – video,
guardian_401eda3adb,The Guardian,2020,"""carbon budget""",Banning cars alone is not the answer,https://www.theguardian.com/politics/2020/jan/07/banning-cars-alone-is-not-the-answer,2020-01-07,2021-08-25,1,https://i.guim.co.uk/img/media/9603778739ede5af15881458cf3943ff60340235/0_10_640_384/master/640.jpg?width=465&dpr=1&s=none&crop=none,,"‘York declared a climate emergency in March 2019 and the cross-party climate change committee is charged with delivering a zero-carbon future,’ writes Councillor Christian Vassie. Photograph: Bailey-Cooper Photography/Alamy",
guardian_6924ec9ad7,The Guardian,2020,"""sea level rise""",The Guardian view on an ice-sheet collapse: threatening the world’s coasts,https://www.theguardian.com/commentisfree/2020/jan/07/the-guardian-view-on-an-ice-sheet-collapse-threatening-the-worlds-coasts,2020-01-07,2021-08-25,1,https://i.guim.co.uk/img/media/547ef85cf9fbf08875f0df38d1c4e1d580c17cb5/0_117_3500_2100/master/3500.jpg?width=465&dpr=1&s=none&crop=none,,The Thwaites glacier in West Antarctica. ‘The rate of Thwaites’s disintegration has alarmed scientists for good reason.’ Photograph: US National Science Foundation/PA,
guardian_21683e3699,The Guardian,2020,"""sea level rise""",'It makes sense': the trailer park that could be Trump's presidential library,https://www.theguardian.com/us-news/2020/jan/10/trump-presidential-library-florida-briny-breezes,2020-01-10,2020-01-10,1,https://i.guim.co.uk/img/media/183b50e82e017e472f9ef9acc7aebfa012754209/429_0_2384_1588/master/2384.jpg?width=465&dpr=1&s=none&crop=none,,"Briny Breezes, 12 miles south of Trump’s Mar-a-Lago resort. ‘The idea of a presidential township in this area makes a lot of sense,’ said broker James Arena. Photograph: Alan Diaz/AP",
guardian_21683e3699,The Guardian,2020,"""sea level rise""",'It makes sense': the trailer park that could be Trump's presidential library,https://www.theguardian.com/us-news/2020/jan/10/trump-presidential-library-florida-briny-breezes,2020-01-10,2020-01-10,2,https://i.guim.co.uk/img/media/386a492dcd35da1ecdcaba04e1a6f224a5e785f0/0_78_2000_1200/master/2000.jpg?width=445&dpr=1&s=none&crop=none,,Residents of Briny Breezes take part in a class in the town’s art center in January 2006. Photograph: Mark Elias/Bloomberg via Getty Images,
guardian_a17e29bae1,The Guardian,2020,"""sea level rise""","Terror, hope, anger, kindness: the complexity of life as we face the new normal",https://www.theguardian.com/australia-news/2020/jan/11/terror-hope-anger-kindness-the-complexity-of-life-as-we-face-the-new-normal,2020-01-10,2020-01-21,1,https://i.guim.co.uk/img/media/c1ac2ff493319e29f8f1f513bde7afa692b49800/0_640_1504_902/master/1504.jpg?width=465&dpr=1&s=none&crop=none,,"The photo taken by Mallacoota resident Allison Marion showing her 11-year-old son, Finn, seated in the stern of a dinghy.",
guardian_a17e29bae1,The Guardian,2020,"""sea level rise""","Terror, hope, anger, kindness: the complexity of life as we face the new normal",https://www.theguardian.com/australia-news/2020/jan/11/terror-hope-anger-kindness-the-complexity-of-life-as-we-face-the-new-normal,2020-01-10,2020-01-21,2,https://i.guim.co.uk/img/media/4b8610c9640a3089438afc0246c0913e46b20745/0_0_3000_2000/master/3000.jpg?width=445&dpr=1&s=none&crop=none,,"Dead sheep are tipped into a mass grave on a property in Cobargo on the New South Wales south coast, which was destroyed by fire on New Year’s Day. Photograph: Andrew Quilty/The Guardian",
guardian_a17e29bae1,The Guardian,2020,"""sea level rise""","Terror, hope, anger, kindness: the complexity of life as we face the new normal",https://www.theguardian.com/australia-news/2020/jan/11/terror-hope-anger-kindness-the-complexity-of-life-as-we-face-the-new-normal,2020-01-10,2020-01-21,3,https://i.guim.co.uk/img/media/784b405afc47d820e50b5874e6ccf24f6cb88537/11_7_1893_1065/1893.jpg?width=465&dpr=1&s=none&crop=none,,"Bushfires leave thick, smoky haze across Australia's east coat – video",
guardian_a17e29bae1,The Guardian,2020,"""sea level rise""","Terror, hope, anger, kindness: the complexity of life as we face the new normal",https://www.theguardian.com/australia-news/2020/jan/11/terror-hope-anger-kindness-the-complexity-of-life-as-we-face-the-new-normal,2020-01-10,2020-01-21,4,https://i.guim.co.uk/img/media/c0efa108f25b00f4a002dc5f921f6f1de3f1a434/0_0_5568_3712/master/5568.jpg?width=465&dpr=1&s=none&crop=none,,"Sharnie Moran and her 18-month-old daughter, Charlotte, as thick smoke rises from bushfires near Nana Glen, near Coffs Harbour in November. Photograph: Dan Peled/AAP",
guardian_a17e29bae1,The Guardian,2020,"""sea level rise""","Terror, hope, anger, kindness: the complexity of life as we face the new normal",https://www.theguardian.com/australia-news/2020/jan/11/terror-hope-anger-kindness-the-complexity-of-life-as-we-face-the-new-normal,2020-01-10,2020-01-21,5,https://i.guim.co.uk/img/media/6969f66e5f288214fc970fcef686cd13b6856163/0_0_5421_3614/master/5421.jpg?width=445&dpr=1&s=none&crop=none,,Protesters marched on PM Scott Morrison’s official residence in Sydney to demand curbs on greenhouse gas emissions and highlight his absence on an overseas holiday as bushfires burned across NSW. Photograph: Wendell Teodoro/AFP via Getty Images,
guardian_a17e29bae1,The Guardian,2020,"""sea level rise""","Terror, hope, anger, kindness: the complexity of life as we face the new normal",https://www.theguardian.com/australia-news/2020/jan/11/terror-hope-anger-kindness-the-complexity-of-life-as-we-face-the-new-normal,2020-01-10,2020-01-21,6,https://i.guim.co.uk/img/media/a8b42e737ee3bbc14950f5e845e3f09f9486d820/0_168_3000_1800/master/3000.jpg?width=445&dpr=1&s=none&crop=none,,"Orchardist Stephenie Bailey as she describes the impact bushfires have had on her farm in Batlow, NSW. Photograph: Saeed Khan/AFP via Getty Images",
guardian_58b9772081,The Guardian,2020,"""sea level rise""",Why do record ocean temperatures matter?,https://www.theguardian.com/environment/2020/jan/13/why-record-ocean-temperatures-matter,2020-01-13,2021-10-29,1,https://i.guim.co.uk/img/media/e3e06c52b8b564fae7f43b2948b0e2085311199f/1477_114_5723_3434/master/5723.jpg?width=465&dpr=1&s=none&crop=none,,Increasingly frequent ocean heatwaves are affecting all life. Photograph: VW Pics/Universal Images Group via Getty Images,
guardian_e9c439b3fe,The Guardian,2020,"""sea level rise""",Ocean temperatures hit record high as rate of heating accelerates,https://www.theguardian.com/environment/2020/jan/13/ocean-temperatures-hit-record-high-as-rate-of-heating-accelerates,2020-01-13,2021-08-25,1,https://i.guim.co.uk/img/media/f0656e8b0f5ed1d6718da4b7753d89494b26e521/0_600_4000_2400/master/4000.jpg?width=465&dpr=1&s=none&crop=none,,"The heat in the world’s oceans reached a new record level in 2019, showing “irrefutable and accelerating” heating of the planet. Photograph: Modis/Terra/Nasa",
guardian_e9c439b3fe,The Guardian,2020,"""sea level rise""",Ocean temperatures hit record high as rate of heating accelerates,https://www.theguardian.com/environment/2020/jan/13/ocean-temperatures-hit-record-high-as-rate-of-heating-accelerates,2020-01-13,2021-08-25,2,https://i.guim.co.uk/img/media/da2ad69973754593f66fdbb3cfeebbaee66422c3/0_566_4932_2960/master/4932.jpg?width=445&dpr=1&s=none&crop=none,,"Bleached coral on the Great Barrier Reef, Australia. Photograph: Helmut Corneli/Alamy Stock Photo",
guardian_dadd33a994,The Guardian,2020,IPCC,"Labour leadership contest: We failed on Russia under Corbyn's leadership, says Nandy – live news",https://www.theguardian.com/politics/live/2020/jan/15/pmqs-boris-johnson-corbyn-labour-trump-praises-boris-johnson-for-suggesting-us-should-draft-new-iran-deal-live-news,2020-01-15,2020-01-15,1,https://i.guim.co.uk/img/media/c7d1a92e323380dccc641b5fe656a5bf10174153/0_143_5441_3264/master/5441.jpg?width=465&dpr=1&s=none&crop=none,,Lisa Nandy speaking at the RSA. Photograph: Peter Summers/Getty Images,
guardian_dadd33a994,The Guardian,2020,IPCC,"Labour leadership contest: We failed on Russia under Corbyn's leadership, says Nandy – live news",https://www.theguardian.com/politics/live/2020/jan/15/pmqs-boris-johnson-corbyn-labour-trump-praises-boris-johnson-for-suggesting-us-should-draft-new-iran-deal-live-news,2020-01-15,2020-01-15,2,https://i.guim.co.uk/img/media/8e089decb13c2f0b5fbf5e084762e930c1eaf964/33_0_602_361/master/602.jpg?width=465&dpr=1&s=none&crop=none,,Rebecca Long-Bailey. Photograph: HoC,
guardian_ad9150819d,The Guardian,2020,IPCC,"Behind the smokescreen, the Coalition's stance on climate change hasn't changed at all",https://www.theguardian.com/commentisfree/2020/jan/18/behind-the-smokescreen-the-coalitions-stance-on-climate-change-hasnt-changed-at-all,2020-01-18,2021-08-25,1,https://i.guim.co.uk/img/media/b9e6985c50a7fd3ac39201c8238d9620e3c860b4/0_363_5472_3283/master/5472.jpg?width=465&dpr=1&s=none&crop=none,,"The government’s actions over the past decade mean they have not earned the benefit of doubt, rather they have earned our total scepticism. Photograph: Robert Cianflone/Getty Images",
guardian_ad9150819d,The Guardian,2020,IPCC,"Behind the smokescreen, the Coalition's stance on climate change hasn't changed at all",https://www.theguardian.com/commentisfree/2020/jan/18/behind-the-smokescreen-the-coalitions-stance-on-climate-change-hasnt-changed-at-all,2020-01-18,2021-08-25,2,https://i.guim.co.uk/img/media/c3a297d30df07b16a6638e79139de43e97b3bf94/10_100_2028_1217/master/2028.jpg?width=445&dpr=1&s=none&crop=none,,Climate change protesters take to the streets in Sydney. Photograph: Steven Saphore/AAP,
guardian_5ceb4cd20c,The Guardian,2020,"""sea level rise""","Treat coastal erosion as a natural catastrophe, UK ministers urged",https://www.theguardian.com/environment/2020/jan/19/treat-coastal-erosion-as-natural-catastrophe-uk-ministers-urged-east-yorkshire,2020-01-19,2021-08-25,1,https://i.guim.co.uk/img/media/eb9da93470122ea532b4afb7f2dc790745d00360/0_349_5472_3283/master/5472.jpg?width=465&dpr=1&s=none&crop=none,,Holiday chalets abandoned due to coastal erosion wait to be demolished or taken by the sea in the village of Withernsea in the East Riding of Yorkshire. Photograph: Christopher Furlong/Getty Images,
guardian_5ceb4cd20c,The Guardian,2020,"""sea level rise""","Treat coastal erosion as a natural catastrophe, UK ministers urged",https://www.theguardian.com/environment/2020/jan/19/treat-coastal-erosion-as-natural-catastrophe-uk-ministers-urged-east-yorkshire,2020-01-19,2021-08-25,2,https://i.guim.co.uk/img/media/8578f5da0f7fda00e83a5220b9a39727ea54ed9f/0_7_5472_3283/master/5472.jpg?width=445&dpr=1&s=none&crop=none,,Abandoned holiday chalets in Withernsea. Parts of the 52-mile Eeast Yorkshire coast are disappearing much faster than forecast. Photograph: Christopher Furlong/Getty Images,
guardian_24747f82ed,The Guardian,2020,"""sea level rise""","Climate refugees can't be returned home, says landmark UN human rights ruling",https://www.theguardian.com/world/2020/jan/20/climate-refugees-cant-be-returned-home-says-landmark-un-human-rights-ruling,2020-01-20,2021-08-25,1,https://i.guim.co.uk/img/media/58715e5d4b993f713b17c532bad6d995043ad39c/0_383_5760_3456/master/5760.jpg?width=465&dpr=1&s=none&crop=none,,"The UN decision relates to the case of Ioane Teitiota, who lived on South Tarawa atoll in Kiribati, one of the most vulnerable nations to climate-related sea level rise. Photograph: Dmitry Malov/Alamy",
guardian_1612ec7b83,The Guardian,2020,"""global temperature""",Davos 2020: Greta demands climate action but Trump blasts pessimists - Day One as it happened,https://www.theguardian.com/business/live/2020/jan/21/davos-2020-donald-trump-greta-thunberg-climate-mark-carney-wef-day-one-live,2020-01-21,2020-01-23,1,https://i.guim.co.uk/img/media/64d315c3894381dce9c1ba95bec07b41e1237b92/0_0_5568_3712/master/5568.jpg?width=465&dpr=1&s=none&crop=none,,"US President Donald Trump speaks with Swiss Confederation President Simonetta Sommaruga ahead of their meeting at the World Economic Forum in Davos, on January 21, 2020. (Photo by JIM WATSON / AFP) (Photo by JIM WATSON/AFP via Getty Images) Photograph: Jim Watson/AFP via Getty Images",
guardian_1612ec7b83,The Guardian,2020,"""global temperature""",Davos 2020: Greta demands climate action but Trump blasts pessimists - Day One as it happened,https://www.theguardian.com/business/live/2020/jan/21/davos-2020-donald-trump-greta-thunberg-climate-mark-carney-wef-day-one-live,2020-01-21,2020-01-23,2,https://i.guim.co.uk/img/media/e794ee912ecc70289c5cefc5c384b629af41ee8e/0_0_5568_3712/master/5568.jpg?width=465&dpr=1&s=none&crop=none,,Photograph: Jim Watson/AFP via Getty Images,
guardian_1612ec7b83,The Guardian,2020,"""global temperature""",Davos 2020: Greta demands climate action but Trump blasts pessimists - Day One as it happened,https://www.theguardian.com/business/live/2020/jan/21/davos-2020-donald-trump-greta-thunberg-climate-mark-carney-wef-day-one-live,2020-01-21,2020-01-23,3,https://i.guim.co.uk/img/media/4bf0ad371ac7c4ff6906e2bbfa170925952f959a/0_0_3500_2208/master/3500.jpg?width=465&dpr=1&s=none&crop=none,,Photograph: Jonathan Ernst/Reuters,
guardian_da04d57c95,The Guardian,2020,"""global temperature""",Greta Thunberg tells leaders at Davos to heed global heating science,https://www.theguardian.com/business/2020/jan/21/greta-thunberg-calls-on-world-leaders-to-heed-global-heating-science-davos,2020-01-21,2021-08-25,1,https://i.guim.co.uk/img/media/d93dda1547c11ef256ad38ab1e4cf11d64e65d66/0_307_6998_3936/6998.jpg?width=465&dpr=1&s=none&crop=none,,'What will you tell your children?': Greta Thunberg blasts climate inaction at Davos – video,
guardian_da04d57c95,The Guardian,2020,"""global temperature""",Greta Thunberg tells leaders at Davos to heed global heating science,https://www.theguardian.com/business/2020/jan/21/greta-thunberg-calls-on-world-leaders-to-heed-global-heating-science-davos,2020-01-21,2021-08-25,2,https://i.guim.co.uk/img/media/3145ea139d5c7d4d81dd13802bab7c49ae07481b/0_0_1920_1080/1920.jpg?width=465&dpr=1&s=none&crop=none,,Inside the mission to create an army of Greta Thunbergs – video,
guardian_68c6473f8d,The Guardian,2020,"""global temperature""",Carney sides with Greta Thunberg against Trump over climate,https://www.theguardian.com/business/2020/jan/22/carney-sides-with-greta-thunberg-against-trump-over-climate,2020-01-22,2025-03-11,1,https://i.guim.co.uk/img/media/bc9b6bbbb244ee62b7556ba28dd0ffbbf730309e/238_153_3652_2191/master/3652.jpg?width=465&dpr=1&s=none&crop=none,,"Carney says public opinion has shifted on the climate crisis, while the finance sector is now more generally aware of the risks and opportunities involved. Photograph: Fabrice Coffrini/AFP via Getty Images",
guardian_a728062496,The Guardian,2020,"""global temperature""","There’s nothing safe about a country in flames, and the Coalition will exploit that",https://www.theguardian.com/commentisfree/2020/jan/22/theres-nothing-safe-about-a-country-in-flames-and-the-coalition-will-exploit-that,2020-01-22,2021-08-25,1,https://i.guim.co.uk/img/media/0b199ea3ddf1ef106e27c9a02467a54b5f1b7634/0_240_3600_2160/master/3600.jpg?width=465&dpr=1&s=none&crop=none,,"‘In the midst of a genuine emergency, with the army already on the streets, the likely conjunction of climate and border politics does not bear thinking about.’ Photograph: Lsis Shane Cameron/Royal Australian Navy/EPA",
guardian_d4a25d33fa,The Guardian,2020,"""carbon budget""",Scott Morrison's stance on climate change makes it harder for future governments to undo his damage,https://www.theguardian.com/business/grogonomics/2020/jan/22/scott-morrisons-stance-on-climate-change-makes-it-harder-for-future-governments-to-undo-his-damage,2020-01-22,2021-08-25,1,https://i.guim.co.uk/img/media/b8699ad4e5617f274115194b8e6fb39754d6981b/0_192_4451_2671/master/4451.jpg?width=465&dpr=1&s=none&crop=none,,‘Scott Morrison has taken the view that saying he believes in climate change is enough to avoid any suggestion that he is in fact a climate change denier.’ Photograph: Wiktor Szymanowicz/Barcroft Media,
guardian_eb7aae30b3,The Guardian,2020,"""carbon budget""","Davos 2020: Prince Charles, Donald Trump and Sajid Javid speak -Day Two as it happened",https://www.theguardian.com/business/live/2020/jan/22/davos-2020-mark-carney-prince-charles-climate-trade-trump-business-live,2020-01-22,2025-03-11,1,https://i.guim.co.uk/img/media/39980207c1f5e2c0adcac90f25a675955d296c16/0_374_3500_2100/master/3500.jpg?width=465&dpr=1&s=none&crop=none,,Photograph: Clarence House/Reuters,
guardian_721ac5de02,The Guardian,2020,"""carbon budget""",Greta Thunberg clashes with US treasury secretary in Davos,https://www.theguardian.com/business/2020/jan/23/greta-thunberg-told-to-study-economics-by-us-treasury-secretary-steven-mnuchin,2020-01-23,2021-08-25,1,https://i.guim.co.uk/img/media/700cd7cf24f9dda47e5eff0cbcf1c24df4c64919/72_10_2398_1439/master/2398.jpg?width=465&dpr=1&s=none&crop=none,,"Greta Thunberg has been in Davos to push for immediate, radical change on the climate emergency. Photograph: Denis Balibouse/Reuters",
guardian_721ac5de02,The Guardian,2020,"""carbon budget""",Greta Thunberg clashes with US treasury secretary in Davos,https://www.theguardian.com/business/2020/jan/23/greta-thunberg-told-to-study-economics-by-us-treasury-secretary-steven-mnuchin,2020-01-23,2021-08-25,2,https://i.guim.co.uk/img/media/d93dda1547c11ef256ad38ab1e4cf11d64e65d66/0_307_6998_3936/6998.jpg?width=465&dpr=1&s=none&crop=none,,'What will you tell your children?': Greta Thunberg blasts climate inaction at Davos – video,
guardian_c30b89548c,The Guardian,2020,"""global temperature""","Australian bushfires will cause jump in CO2 in atmosphere, say scientists",https://www.theguardian.com/environment/2020/jan/24/australian-bushfires-will-cause-jump-in-co2-in-atmosphere-say-scientists,2020-01-24,2021-08-25,1,https://i.guim.co.uk/img/media/82a806c9ccc1ac3816f54c427c83d0f3a6ef5000/71_0_5357_3216/master/5357.jpg?width=465&dpr=1&s=none&crop=none,,The unprecedented extent of the blazes means regrowth is likely to be slower than in previous years. Photograph: Department of Environment/AFP/Getty,
guardian_740f1b6cf7,The Guardian,2020,"""global temperature""",Extinction Rebellion: charges against five protesters dismissed,https://www.theguardian.com/environment/2020/jan/28/extinction-rebellion-charges-against-five-protesters-dismissed,2020-01-28,2021-08-25,1,https://i.guim.co.uk/img/media/a66b9b9c6416131b89e3ab911b2e2c7f27cd7f99/0_68_3500_2101/master/3500.jpg?width=465&dpr=1&s=none&crop=none,,Sir David King (back left) with the protesters outside City of London magistrates court. Photograph: Jonathan Brady/PA,
guardian_8baf045dbc,The Guardian,2020,IPCC,"Trust our expertise or face catastrophe, Amazon peoples warn on environment",https://www.theguardian.com/environment/2020/jan/28/trust-our-expertise-or-face-catastrophe-amazon-peoples-warn-on-environment-aoe,2020-01-28,2021-08-25,1,https://i.guim.co.uk/img/media/e9a56660d7d61653ec31cb606ab3506d20158442/0_105_1206_724/master/1206.jpg?width=465&dpr=1&s=none&crop=none,,Amazon-based indigenous leader Tuntiak Katan Photograph: Courtesy of Tuntiak Katan,
guardian_8baf045dbc,The Guardian,2020,IPCC,"Trust our expertise or face catastrophe, Amazon peoples warn on environment",https://www.theguardian.com/environment/2020/jan/28/trust-our-expertise-or-face-catastrophe-amazon-peoples-warn-on-environment-aoe,2020-01-28,2021-08-25,2,https://i.guim.co.uk/img/media/66256f824f9a4471f7c42e1ebac3aa6033fa9a12/0_0_5760_3840/master/5760.jpg?width=445&dpr=1&s=none&crop=none,,Children from the Huni Kuin tribe on land ravaged by the 2019 Amazon fires. Photograph: David Tesinsky/Mediadrumimages,
guardian_8baf045dbc,The Guardian,2020,IPCC,"Trust our expertise or face catastrophe, Amazon peoples warn on environment",https://www.theguardian.com/environment/2020/jan/28/trust-our-expertise-or-face-catastrophe-amazon-peoples-warn-on-environment-aoe,2020-01-28,2021-08-25,3,https://i.guim.co.uk/img/media/0d7f0d9ff67a1e7929bdef66eb5b20b547de9f56/0_0_3400_2290/master/3400.jpg?width=445&dpr=1&s=none&crop=none,,A person holds cardboard crosses that read ‘indigenous land’ during a protest against budget cuts on public education by President Jair Bolsonaro’s government. Photograph: Silvia Izquierdo/AP,
guardian_607fadfaee,The Guardian,2020,"""carbon budget""",UK sued for approving Europe’s biggest gas power station,https://www.theguardian.com/environment/2020/jan/30/uk-sued-for-approving-europes-biggest-gas-power-station,2020-01-30,2021-08-25,1,https://i.guim.co.uk/img/media/6bf0159b584e8e10ccb333926d6c9f58bfc5c73e/233_0_2290_1374/master/2290.jpg?width=465&dpr=1&s=none&crop=none,,"Drax is planning to build new combined cycle gas turbine generating units in Drax power station, near the town of Selby. Photograph: Drax Group Plc",
guardian_0aa8869660,The Guardian,2020,"""sea level rise""",If there's a silver lining in the clouds of choking smoke it's that this may be a tipping point,https://www.theguardian.com/commentisfree/2020/feb/03/if-theres-a-silver-lining-in-the-clouds-of-smoke-its-that-this-could-be-a-tipping-point,2020-02-02,2020-02-06,1,https://i.guim.co.uk/img/media/dabc4ccdf02f0ee98b4fe8b6c638f02c564a11ad/0_223_6702_4021/master/6702.jpg?width=465&dpr=1&s=none&crop=none,,Smoke form the almost-biblical fires bearing down on Canberra: ‘This is a stark reminder that climate change seems gradual until it is on your doorstep.’ Photograph: Xinhua/Barcroft Media,
guardian_0aa8869660,The Guardian,2020,"""sea level rise""",If there's a silver lining in the clouds of choking smoke it's that this may be a tipping point,https://www.theguardian.com/commentisfree/2020/feb/03/if-theres-a-silver-lining-in-the-clouds-of-smoke-its-that-this-could-be-a-tipping-point,2020-02-02,2020-02-06,2,https://i.guim.co.uk/img/media/43a45734fd7237808e7c6c8766381baf7707e3d5/0_184_2448_1469/master/2448.jpg?width=445&dpr=1&s=none&crop=none,,Some of the steer that died in the fire on Jeremy Wright’s farm on New Year’s Eve.,
guardian_f36238f44e,The Guardian,2020,"""sea level rise""","Sea level rise accelerating along US coastline, scientists warn",https://www.theguardian.com/environment/2020/feb/03/sea-level-rise-accelerating-us-coastline-scientists-warn,2020-02-03,2020-02-03,1,https://i.guim.co.uk/img/media/f8e649eb9f14e586f174e798b1a8321c5a2bf1eb/0_21_3000_1801/master/3000.jpg?width=465&dpr=1&s=none&crop=none,,"About 61,000 tons of sand is being dumped on Miami Beach to counter rising sea levels as highest rate of rise was recorded along the Gulf of Mexico shoreline. Photograph: Joe Raedle/Getty Images",
guardian_4de5e6d369,The Guardian,2020,"""sea level rise""","US briefing: Caucus chaos in Iowa, coronavirus and sea level rises",https://www.theguardian.com/us-news/2020/feb/04/us-briefing-caucus-chaos-in-iowa-coronavirus-and-sea-level-rises,2020-02-04,2020-02-04,1,https://i.guim.co.uk/img/media/9d75d61b79a743cc5b2f9686b9bd8da27c248ce0/0_0_3947_2368/master/3947.jpg?width=465&dpr=1&s=none&crop=none,,"Bernie Sanders speaks to supporters in Des Moines, with the results of the caucuses still unclear. Photograph: Craig Lassig/EPA",
guardian_4de5e6d369,The Guardian,2020,"""sea level rise""","US briefing: Caucus chaos in Iowa, coronavirus and sea level rises",https://www.theguardian.com/us-news/2020/feb/04/us-briefing-caucus-chaos-in-iowa-coronavirus-and-sea-level-rises,2020-02-04,2020-02-04,2,https://i.guim.co.uk/img/media/e28828931f281cacdee588c2b6c8d00c6118b32a/88_0_2635_1582/master/2635.jpg?width=445&dpr=1&s=none&crop=none,,Adam Schiff tells senators: ‘History will not be kind to Donald Trump.’ Photograph: AP,
guardian_4de5e6d369,The Guardian,2020,"""sea level rise""","US briefing: Caucus chaos in Iowa, coronavirus and sea level rises",https://www.theguardian.com/us-news/2020/feb/04/us-briefing-caucus-chaos-in-iowa-coronavirus-and-sea-level-rises,2020-02-04,2020-02-04,3,https://i.guim.co.uk/img/media/572e7cfa8de2cec1014a00b3a8eae5d97c0a8aae/0_107_3461_2077/master/3461.jpg?width=445&dpr=1&s=none&crop=none,,"Medical staff at the newly completed Huoshenshan temporary field hospital in Wuhan, which was built in fewer than 10 days. Photograph: EPA",
guardian_4de5e6d369,The Guardian,2020,"""sea level rise""","US briefing: Caucus chaos in Iowa, coronavirus and sea level rises",https://www.theguardian.com/us-news/2020/feb/04/us-briefing-caucus-chaos-in-iowa-coronavirus-and-sea-level-rises,2020-02-04,2020-02-04,4,https://i.guim.co.uk/img/media/61ed2ea95bceae724e0cb3770c71f424d8155a2f/0_192_5694_3417/master/5694.jpg?width=445&dpr=1&s=none&crop=none,,"What Miami’s South Beach might look like after a 2C rise in global temperatures, according to climate central Photograph: Nickolay Lamm/Courtesy Climate Central",
guardian_4de5e6d369,The Guardian,2020,"""sea level rise""","US briefing: Caucus chaos in Iowa, coronavirus and sea level rises",https://www.theguardian.com/us-news/2020/feb/04/us-briefing-caucus-chaos-in-iowa-coronavirus-and-sea-level-rises,2020-02-04,2020-02-04,5,https://i.guim.co.uk/img/media/67151e0db7f3a5b895ce38345e337ba691743448/0_130_3504_2102/master/3504.jpg?width=445&dpr=1&s=none&crop=none,,"Margot Robbie and her co-stars in the forthcoming, female-led superhero movie Birds of Prey, directed by Cathy Yan. Photograph: Allstar/DC Entertainment",
guardian_775cf4ac6f,The Guardian,2020,"""carbon budget""","When it comes to climate hypocrisy, Canada's leaders have reached a new low",https://www.theguardian.com/commentisfree/2020/feb/05/when-it-comes-to-climate-hypocrisy-canadas-leaders-have-reached-a-new-low,2020-02-05,2021-08-25,1,https://i.guim.co.uk/img/media/fc233eef393186bfceb1dd0fa3e654b767d02058/482_27_3018_2015/master/3018.jpg?width=465&dpr=1&s=none&crop=none,,"‘If an alcoholic assured you he was taking his condition very seriously, but also laying in a 40-year store of bourbon, you’d be entitled to doubt his sincerity.’ Photograph: Andrej Ivanov/Reuters",
guardian_af58decf00,The Guardian,2020,IPCC,Barrymore: The Body in the Pool review – a grim search for answers,https://www.theguardian.com/tv-and-radio/2020/feb/06/barrymore-the-body-in-the-pool-review-a-grim-search-for-answers,2020-02-06,2020-02-06,1,https://i.guim.co.uk/img/media/28e31ceee0bf6605e6f553d71a2b58170906e3a1/0_63_1600_960/master/1600.jpg?width=465&dpr=1&s=none&crop=none,,Michael Barrymore leaving court after giving evidence in 2002. Photograph: Shutterstock/Nick Razzell,
guardian_f5a92d33e6,The Guardian,2020,IPCC,Climate activists bring Trojan horse to British Museum in BP protest,https://www.theguardian.com/culture/2020/feb/07/climate-activists-bring-trojan-horse-to-british-museum,2020-02-07,2021-08-25,1,https://i.guim.co.uk/img/media/ce6ed075603cb6aacc27a8f7818c78d90ad69431/0_204_3500_2100/master/3500.jpg?width=465&dpr=1&s=none&crop=none,,Activists dressed as warriors in front of the wooden horse in the courtyard of the British Museum in London on Friday. Photograph: BP or not BP/PA,
guardian_ac45b260d8,The Guardian,2020,"""global temperature""",Fires and floods: maps of Europe predict scale of climate catastrophe,https://www.theguardian.com/environment/2020/feb/10/fires-floods-maps-europe-climate-catastrophe,2020-02-10,2021-08-25,1,https://i.guim.co.uk/img/media/82cf4777db1bc8aee728f88202118ec67f535156/305_0_4571_2743/master/4571.jpg?width=465&dpr=1&s=none&crop=none,,A digitally manipulated image showing a flooded Rotterdam. Photograph: Alexandre Rotenberg/Alamy,
guardian_ac45b260d8,The Guardian,2020,"""global temperature""",Fires and floods: maps of Europe predict scale of climate catastrophe,https://www.theguardian.com/environment/2020/feb/10/fires-floods-maps-europe-climate-catastrophe,2020-02-10,2021-08-25,2,https://i.guim.co.uk/img/media/bfafc8f6005b5b122e84b516ccf2bc90b980622a/0_0_1396_736/master/1396.jpg?width=445&dpr=1&s=none&crop=none,,Map predicting flood-hit areas. Photograph: Center for Remote Sensing of Ice Sheets/Eurostat,
guardian_43c62b3eef,The Guardian,2020,"""sea level rise""",One thousand at-risk seagulls moved to make way for America's Cup ferry terminal,https://www.theguardian.com/world/2020/feb/12/one-thousand-at-risk-seagulls-moved-to-make-way-for-americas-cup-ferry-terminal,2020-02-12,2021-01-11,1,https://i.guim.co.uk/img/media/d21d63111aaed04666663b4749ab8dcd476c51ba/0_105_4288_2573/master/4288.jpg?width=465&dpr=1&s=none&crop=none,,Red-billed seagulls settle into their new home on Auckland waterfront. Photograph: Auckland council/ Supplied,
guardian_f35fe5b27d,The Guardian,2020,"""sea level rise""","Mass melting of Antarctic ice sheet led to three metre sea level rise 120,000 years ago",https://www.theguardian.com/world/2020/feb/13/mass-melting-of-antarctic-ice-sheet-led-to-three-metre-sea-level-rise-120000-years-ago,2020-02-12,2021-08-25,1,https://i.guim.co.uk/img/media/cc1104b98033e003feb1936f3588a0d9148351f9/2049_0_3865_2321/master/3865.jpg?width=465&dpr=1&s=none&crop=none,,"The Patriot Hills Blue Ice Area, in the Antarctic, where a research team discovered high sea levels during the last interglacial period were due to a rise of less than 2C in ocean temperature. Photograph: AntarcticScience.com",
guardian_f35fe5b27d,The Guardian,2020,"""sea level rise""","Mass melting of Antarctic ice sheet led to three metre sea level rise 120,000 years ago",https://www.theguardian.com/world/2020/feb/13/mass-melting-of-antarctic-ice-sheet-led-to-three-metre-sea-level-rise-120000-years-ago,2020-02-12,2021-08-25,2,https://i.guim.co.uk/img/media/32cac1e4b74e11b98a6065e4211391bf5ea7ba31/58_0_1303_782/master/1303.jpg?width=445&dpr=1&s=none&crop=none,,"A researcher holds ancient air trapped as gas bubbles within ice. The team, led by scientists at the University of NSW, examined the cause of high sea levels during a period known as the last interglacial, which occurred 129,000-116,000 years ago. Photograph: AntarcticScience.com",
guardian_1e4a076c1c,The Guardian,2020,"""sea level rise""",Antarctic temperature rises above 20C for first time on record,https://www.theguardian.com/world/2020/feb/13/antarctic-temperature-rises-above-20c-first-time-record,2020-02-13,2021-08-25,1,https://i.guim.co.uk/img/media/08f51a8272285542a7f948450d4b7507ddfe46a4/255_775_5169_3102/master/5169.jpg?width=465&dpr=1&s=none&crop=none,,"Glaciers in the South Shetland Islands, Antarctica. Temperatures in the region have warmed rapidly in recent years. Photograph: Johan Ordóñez/AFP via Getty Images",
guardian_50dc86be5d,The Guardian,2020,"""global temperature""","Earth just had hottest January since records began, data shows",https://www.theguardian.com/environment/2020/feb/13/january-hottest-earth-record-climate-crisis,2020-02-13,2021-08-25,1,https://i.guim.co.uk/img/media/7b46b3b5564c8e0ed133d15827aee2e3f3e6a7f4/0_124_2500_1500/master/2500.jpg?width=465&dpr=1&s=none&crop=none,,"Chinstrap penguins in Antarctica, which at the weekend broke 20C for the first time in its history. Photograph: Christian Aslund/Greenpeace/EPA",
guardian_dd9e924ce1,The Guardian,2020,IPCC,Michael McCormack dismisses claims he will stand down as Nationals leader,https://www.theguardian.com/australia-news/2020/feb/16/michael-mccormack-dismisses-claims-he-will-stand-down-as-nationals-leader,2020-02-16,2021-08-25,1,https://i.guim.co.uk/img/media/f852484317c648ec11976156086ef565acee3d7b/1795_60_3677_2206/master/3677.jpg?width=465&dpr=1&s=none&crop=none,,Michael McCormack during question time on Thursday. The Nationals leader and deputy prime minister is under pressure from his own ranks after a challenge from Barnaby Joyce. Photograph: Mike Bowers/The Guardian,
guardian_e759a60832,The Guardian,2020,IPCC,"Australia needs to join the emissions technology revolution, Liberal Katie Allen says",https://www.theguardian.com/australia-news/2020/feb/17/australia-needs-to-join-the-emissions-technology-revolution-liberal-katie-allen-says,2020-02-17,2021-08-25,1,https://i.guim.co.uk/img/media/fbec9a1868c36c93e077d657b475f98a4a387e42/0_55_2207_1325/master/2207.jpg?width=465&dpr=1&s=none&crop=none,,Liberal MP Katie Allen wants to see a roadmap that shows how Australia will get to net zero emissions by 2050. Photograph: Mick Tsikas/AAP,
guardian_a10dbdf774,The Guardian,2020,"""sea level rise""",Red-state Utah embraces plan to tackle climate crisis in surprising shift,https://www.theguardian.com/environment/2020/feb/19/utah-republicans-climate-crisis-plan,2020-02-19,2021-08-25,1,https://i.guim.co.uk/img/media/57e350fa229add7e6cf9e434f075d5ff1cb51ab2/0_0_5400_3600/master/5400.jpg?width=465&dpr=1&s=none&crop=none,,"A skier in Park City, Utah. The majority of the population lives in mountain valleys where in winter, temperature inversions can trap air pollutants. Photograph: Alamy Stock Photo",
guardian_a10dbdf774,The Guardian,2020,"""sea level rise""",Red-state Utah embraces plan to tackle climate crisis in surprising shift,https://www.theguardian.com/environment/2020/feb/19/utah-republicans-climate-crisis-plan,2020-02-19,2021-08-25,2,https://i.guim.co.uk/img/media/5671fdb5340d150d97061718da4ca9bf7b6d0586/0_101_5400_3239/master/5400.jpg?width=445&dpr=1&s=none&crop=none,,"State house speaker Brad Wilson: ‘If we don’t think about Utah’s long-term future, who will?’ Photograph: Rick Bowmer/AP",
guardian_60787e5acc,The Guardian,2020,IPCC,Rajendra Pachauri obituary,https://www.theguardian.com/environment/2020/feb/20/rajendra-pachauri-obituary,2020-02-20,2021-08-25,1,https://i.guim.co.uk/img/media/62872caaad182596110d3b62fb4ac9a395953f08/0_56_3294_1976/master/3294.jpg?width=465&dpr=1&s=none&crop=none,,"Rajendra Pachauri trained as an engineer before turning his skills, drive and attention to the climate crisis. Photograph: John MacDougall/AFP via Getty Images",
guardian_978dd30149,The Guardian,2020,IPCC,JP Morgan economists warn climate crisis is threat to human race,https://www.theguardian.com/environment/2020/feb/21/jp-morgan-economists-warn-climate-crisis-threat-human-race,2020-02-21,2021-08-25,1,https://i.guim.co.uk/img/media/ded2712dfaa4c98a2d2165dfd2bc6b2e35050cb3/240_559_4272_2563/master/4272.jpg?width=465&dpr=1&s=none&crop=none,,The JP Morgan paper said ‘catastrophic outcomes’ could not be ruled out. Photograph: Dimitar Dilkoff/AFP via Getty Images,
guardian_fa205218c2,The Guardian,2020,IPCC,Getting to zero net emissions in 2050 is going to be tough - but Labor committing to it is a damn good thing,https://www.theguardian.com/commentisfree/2020/feb/23/getting-to-zero-net-emissions-in-2050-is-going-to-be-tough-but-labor-committing-to-it-is-a-damn-good-thing,2020-02-22,2021-08-25,1,https://i.guim.co.uk/img/media/3621e04f81cd6725fd1c9c0441c5e53afa62008c/0_155_3500_2102/master/3500.jpg?width=465&dpr=1&s=none&crop=none,,The ALP’s target of zero net emissions by 2050 is the minimum we should be trying to achieve. Photograph: Bloomberg/Bloomberg via Getty Images,
guardian_b49d183915,The Guardian,2020,"""carbon budget""",Australia’s electricity market must be 100% renewables by 2035 to achieve net zero by 2050 - study,https://www.theguardian.com/environment/2020/feb/27/net-zero-emissions-by-2050-possible-in-australia-if-low-emissions-options-accelerated,2020-02-26,2021-08-25,1,https://i.guim.co.uk/img/media/d03d89b158f2e88259e953ab21a0422105322772/23_0_3165_1900/master/3165.jpg?width=465&dpr=1&s=none&crop=none,,New analysis shows Australia can transition to net zero emissions by 2050 with accelerated rollout of electric vehicles and an electricity market of 100% renewables. Photograph: Calla Wahlquist/The Guardian,
guardian_26529f6403,The Guardian,2020,"""global temperature""",Anger over World Bank's $55m pledge to Guyana's fossil fuel industry,https://www.theguardian.com/business/2020/feb/27/world-bank-guyana-fossil-fuel-industry-climate,2020-02-27,2021-08-25,1,https://i.guim.co.uk/img/media/ccb593eb63234c001056e6b03b3e7d0534a44804/0_0_5510_3306/master/5510.jpg?width=465&dpr=1&s=none&crop=none,,"Under the agreement, the World Bank will provide $20m to train oil and gas officials in Guyana. Photograph: Minden/Alamy",
guardian_437f7f20b2,The Guardian,2020,"""global temperature""",Heathrow third runway ruled illegal over climate change,https://www.theguardian.com/environment/2020/feb/27/heathrow-third-runway-ruled-illegal-over-climate-change,2020-02-27,2021-08-25,1,https://i.guim.co.uk/img/media/33973281a4b962a1e274a88081b90703f92b5cff/0_0_3500_2100/master/3500.jpg?width=465&dpr=1&s=none&crop=none,,"Munira Wilson and Sarah Olney, the MPs for Twickenham and Richmond Park, cheer alongisde other campaigners outside the Royal Courts of Justice in London after the ruling. Photograph: Stefan Rousseau/PA",
guardian_437f7f20b2,The Guardian,2020,"""global temperature""",Heathrow third runway ruled illegal over climate change,https://www.theguardian.com/environment/2020/feb/27/heathrow-third-runway-ruled-illegal-over-climate-change,2020-02-27,2021-08-25,2,https://i.guim.co.uk/img/media/f827c042a948ac0aeafae6966e1fe98973fe5598/0_7_1623_913/1623.jpg?width=465&dpr=1&s=none&crop=none,,"Government won't appeal against third Heathrow runway verdict, says transport secretary – video",
guardian_9560c53ecb,The Guardian,2020,"""global temperature""",The death of Heathrow’s third runway sends a clear message ahead of Cop26,https://www.theguardian.com/commentisfree/2020/feb/27/heathrow-third-runway-cop26,2020-02-27,2021-08-25,1,https://i.guim.co.uk/img/media/1af7298d4bf3b61560e6292596dc2753294c9114/0_75_3500_2101/master/3500.jpg?width=465&dpr=1&s=none&crop=none,,"An Extinction Rebellion protest outside Heathrow airport, April 2019. Photograph: Simon Dawson/Reuters",
guardian_96b33481bc,The Guardian,2020,"""global temperature""",World may miss carbon targets unless big firms improve – Mark Carney,https://www.theguardian.com/environment/2020/feb/27/world-may-miss-carbon-targets-unless-big-firms-improve-mark-carney,2020-02-27,2025-03-11,1,https://i.guim.co.uk/img/media/d1116cc0db0a3f6119fc1f32965946d953b2de88/0_0_3500_2100/master/3500.jpg?width=465&dpr=1&s=none&crop=none,,Photograph: Reuters,
guardian_49ee98c5a6,The Guardian,2020,IPCC,'It’s our right to be here': the Torres Strait Islanders fighting to save their homes from a rising sea,https://www.theguardian.com/australia-news/2020/mar/01/its-our-right-to-be-here-the-torres-strait-islanders-fighting-to-save-their-homes-from-a-rising-sea,2020-02-29,2021-08-25,1,https://i.guim.co.uk/img/media/e40e3fb8f38a5c0c9f4b7c3f61b2c32e3ba071d0/0_0_5568_3712/master/5568.jpg?width=465&dpr=1&s=none&crop=none,,"Danny Billy stands among the rubble of Warraber’s failing seawall, which is all that protects his parents’ graves from inundation. Photograph: Jack Banister/The Guardian",
guardian_49ee98c5a6,The Guardian,2020,IPCC,'It’s our right to be here': the Torres Strait Islanders fighting to save their homes from a rising sea,https://www.theguardian.com/australia-news/2020/mar/01/its-our-right-to-be-here-the-torres-strait-islanders-fighting-to-save-their-homes-from-a-rising-sea,2020-02-29,2021-08-25,2,https://i.guim.co.uk/img/media/cb5b22939d95cda3c2807980b0fe0f9a2ccc57e9/0_186_5568_3341/master/5568.jpg?width=445&dpr=1&s=none&crop=none,,Large tyres and rocks protect the church and cemetery on Warraber from the sea. Locals have been trying to secure funding to upgrade the wall for more than a decade. Photograph: Jack Banister/The Guardian,
guardian_49ee98c5a6,The Guardian,2020,IPCC,'It’s our right to be here': the Torres Strait Islanders fighting to save their homes from a rising sea,https://www.theguardian.com/australia-news/2020/mar/01/its-our-right-to-be-here-the-torres-strait-islanders-fighting-to-save-their-homes-from-a-rising-sea,2020-02-29,2021-08-25,3,https://i.guim.co.uk/img/media/f0b4c46a384bfae113bea93a591e7ca7aa189d9b/0_138_4125_2475/master/4125.jpg?width=445&dpr=1&s=none&crop=none,,"Warraber man Kabay Tamu, who invited Scott Morrison to visit his homeland last September. Photograph: Jack Banister/The Guardian",
guardian_49ee98c5a6,The Guardian,2020,IPCC,'It’s our right to be here': the Torres Strait Islanders fighting to save their homes from a rising sea,https://www.theguardian.com/australia-news/2020/mar/01/its-our-right-to-be-here-the-torres-strait-islanders-fighting-to-save-their-homes-from-a-rising-sea,2020-02-29,2021-08-25,4,https://i.guim.co.uk/img/media/b962f2bad1913b8356f46b08e49b3c5072db10b9/0_84_2527_1517/master/2527.jpg?width=445&dpr=1&s=none&crop=none,,Poruma local Phillemon Mosby on the island’s western shoreline. Photograph: Jack Banister/The Guardian,
guardian_49ee98c5a6,The Guardian,2020,IPCC,'It’s our right to be here': the Torres Strait Islanders fighting to save their homes from a rising sea,https://www.theguardian.com/australia-news/2020/mar/01/its-our-right-to-be-here-the-torres-strait-islanders-fighting-to-save-their-homes-from-a-rising-sea,2020-02-29,2021-08-25,5,https://i.guim.co.uk/img/media/03d9eff25ae1b8a21aadfd67c0dac52b8ab9fcd7/0_143_4275_2565/master/4275.jpg?width=445&dpr=1&s=none&crop=none,,"Emergency sandbagging on Poruma’s western edge, constructed in 2018, cost $650,000. Photograph: Jack Banister/THE GUARDIAN",
guardian_49ee98c5a6,The Guardian,2020,IPCC,'It’s our right to be here': the Torres Strait Islanders fighting to save their homes from a rising sea,https://www.theguardian.com/australia-news/2020/mar/01/its-our-right-to-be-here-the-torres-strait-islanders-fighting-to-save-their-homes-from-a-rising-sea,2020-02-29,2021-08-25,6,https://i.guim.co.uk/img/media/2fa73c7b95d5f4bde121c25c39e4f5dcb9a2bdfe/0_186_5568_3341/master/5568.jpg?width=445&dpr=1&s=none&crop=none,,"Warraber’s south-western shoreline at low tide. Kabay Tamu used come to this end of the island to play. Now, locals dump their green waste to protect the road and dam. Photograph: Jack Banister/The Guardian",
guardian_0d95761882,The Guardian,2020,"""sea level rise""",World's beaches disappearing due to climate crisis – study,https://www.theguardian.com/environment/2020/mar/02/world-sandy-beaches-disappearing-due-to-climate-crisis-study,2020-03-02,2021-08-25,1,https://i.guim.co.uk/img/media/66068a45b3f9ad4ed9145963fa4b4ba94300d5a9/0_346_6000_3600/master/6000.jpg?width=465&dpr=1&s=none&crop=none,,"The beach at West Bay, Dorset. West Dorset is among the UK areas expected to be hit hardest by sand erosion. Photograph: Tom Corban/Rex/Shutterstock",
guardian_0d95761882,The Guardian,2020,"""sea level rise""",World's beaches disappearing due to climate crisis – study,https://www.theguardian.com/environment/2020/mar/02/world-sandy-beaches-disappearing-due-to-climate-crisis-study,2020-03-02,2021-08-25,2,https://i.guim.co.uk/img/media/c5f9d3fb115978c7fb59865f31f2a9619baec008/0_337_5512_3305/master/5512.jpg?width=445&dpr=1&s=none&crop=none,,"The sea approaching coastal homes at Collaroy in Sydney, Australia. Photograph: James Gourley/AAP",
guardian_c44717feb7,The Guardian,2020,"""global temperature""","Spend £8bn to kickstart plan to decarbonise economy, chancellor told",https://www.theguardian.com/uk-news/2020/mar/04/spend-8bn-to-kickstart-plan-to-decarbonise-economy-chancellor-told,2020-03-04,2021-08-25,1,https://i.guim.co.uk/img/media/2406ececa0bd79ccd7812964ec559f9e4b93a88d/0_165_6000_3600/master/6000.jpg?width=465&dpr=1&s=none&crop=none,,"Lord Stern says chancellor should focus efforts on hard to decarbonise industries such as transport, property and industry. Photograph: K7 Photography/Alamy Stock Photo",
guardian_e568d20f09,The Guardian,2020,"""global temperature""","Blockades, Balkans and Brexit: the Guardian in Europe since 1945",https://www.theguardian.com/world/from-the-archive-blog/2020/mar/04/timeline-europe-guardian-since-1945,2020-03-04,2021-11-10,1,https://i.guim.co.uk/img/media/2aaf3a5a4a637462eb9b4dc2261a41ea349d8e5e/0_97_1438_863/master/1438.jpg?width=465&dpr=1&s=none&crop=none,,Margaret Thatcher at a pro-European rally in London before the EEC referendum in 1975. Photograph: TPR media handout,
guardian_e568d20f09,The Guardian,2020,"""global temperature""","Blockades, Balkans and Brexit: the Guardian in Europe since 1945",https://www.theguardian.com/world/from-the-archive-blog/2020/mar/04/timeline-europe-guardian-since-1945,2020-03-04,2021-11-10,2,https://i.guim.co.uk/img/media/3d0ebd4c982d6b1d49b8cd39e5ba8570e8b228f9/43_216_4030_2418/master/4030.jpg?width=445&dpr=1&s=none&crop=none,,Berlin citizens watch an airlift aeroplane as it approaches Tempelhof airport during the blockade. Photograph: Ullstein Bild/Getty Images,
guardian_e568d20f09,The Guardian,2020,"""global temperature""","Blockades, Balkans and Brexit: the Guardian in Europe since 1945",https://www.theguardian.com/world/from-the-archive-blog/2020/mar/04/timeline-europe-guardian-since-1945,2020-03-04,2021-11-10,3,https://i.guim.co.uk/img/media/65c0c2be0c8da95f3a9b62f0193691c1b788ade5/0_16_1192_715/master/1192.jpg?width=445&dpr=1&s=none&crop=none,,The Manchester Guardian: 24 June 1948 Photograph: Richard Nelsson/The Guardian,
guardian_e568d20f09,The Guardian,2020,"""global temperature""","Blockades, Balkans and Brexit: the Guardian in Europe since 1945",https://www.theguardian.com/world/from-the-archive-blog/2020/mar/04/timeline-europe-guardian-since-1945,2020-03-04,2021-11-10,4,https://i.guim.co.uk/img/media/54a8c7dd72f72fedd21f7c54462d2de4dcb38735/37_195_1283_1602/master/1283.jpg?width=445&dpr=1&s=none&crop=none,,"The singer Lys Assia becomes the first person to win the Eurovision song contest, for Switzerland. Photograph: Jacques Munch/AFP/Getty Images",
guardian_e568d20f09,The Guardian,2020,"""global temperature""","Blockades, Balkans and Brexit: the Guardian in Europe since 1945",https://www.theguardian.com/world/from-the-archive-blog/2020/mar/04/timeline-europe-guardian-since-1945,2020-03-04,2021-11-10,5,https://i.guim.co.uk/img/uploads/2018/03/26/1_August_1961.jpg?width=445&dpr=1&s=none&crop=none,,"‘Right decision, wrong route’ Photograph: The Guardian",
guardian_e568d20f09,The Guardian,2020,"""global temperature""","Blockades, Balkans and Brexit: the Guardian in Europe since 1945",https://www.theguardian.com/world/from-the-archive-blog/2020/mar/04/timeline-europe-guardian-since-1945,2020-03-04,2021-11-10,6,https://i.guim.co.uk/img/media/c095cd2b9ab3f9da40914463ae314d90ce14b08c/0_272_5109_3065/master/5109.jpg?width=445&dpr=1&s=none&crop=none,,Protesters attack a police vehicle on Boulevard Saint-Germain during the 1968 riots in Paris. Photograph: Jacques Marie/AFP,
guardian_e568d20f09,The Guardian,2020,"""global temperature""","Blockades, Balkans and Brexit: the Guardian in Europe since 1945",https://www.theguardian.com/world/from-the-archive-blog/2020/mar/04/timeline-europe-guardian-since-1945,2020-03-04,2021-11-10,7,https://i.guim.co.uk/img/media/162c66be86c49c32ba1ee7de88eec3e4753522fc/0_177_2200_1320/master/2200.jpg?width=445&dpr=1&s=none&crop=none,,Czech youngsters holding a Czechoslovak flag stand on an overturned truck as other Prague residents surround Soviet tanks. Photograph: Libor Hajsky/AFP/Getty Images,
guardian_e568d20f09,The Guardian,2020,"""global temperature""","Blockades, Balkans and Brexit: the Guardian in Europe since 1945",https://www.theguardian.com/world/from-the-archive-blog/2020/mar/04/timeline-europe-guardian-since-1945,2020-03-04,2021-11-10,8,https://i.guim.co.uk/img/media/cfb8a3c24281d6dd75af51947c85bbc1f060ea35/0_0_400_400/400.jpg?width=620&quality=85&auto=format&fit=max&s=e041f360c0a1d05bc5d1d2c5b6719e3c,,,
guardian_e568d20f09,The Guardian,2020,"""global temperature""","Blockades, Balkans and Brexit: the Guardian in Europe since 1945",https://www.theguardian.com/world/from-the-archive-blog/2020/mar/04/timeline-europe-guardian-since-1945,2020-03-04,2021-11-10,9,https://i.guim.co.uk/img/media/296916c715ef88fc416d70abf86e2373eb65cb57/0_3_2216_1330/master/2216.jpg?width=445&dpr=1&s=none&crop=none,,"The Guardian, 7 June 1975 Photograph: R Nelsson/The Guardian",
guardian_e568d20f09,The Guardian,2020,"""global temperature""","Blockades, Balkans and Brexit: the Guardian in Europe since 1945",https://www.theguardian.com/world/from-the-archive-blog/2020/mar/04/timeline-europe-guardian-since-1945,2020-03-04,2021-11-10,10,https://i.guim.co.uk/img/media/ae53453ae0ebc4224b001adc8c1e2709a5188545/0_68_1895_1137/master/1895.jpg?width=445&dpr=1&s=none&crop=none,,"The Guardian, 10 November 1989 Photograph: Richard Nelsson/The Guardian",
guardian_e568d20f09,The Guardian,2020,"""global temperature""","Blockades, Balkans and Brexit: the Guardian in Europe since 1945",https://www.theguardian.com/world/from-the-archive-blog/2020/mar/04/timeline-europe-guardian-since-1945,2020-03-04,2021-11-10,11,https://i.guim.co.uk/img/media/970206429d228bf4d2705790f48b973185deb8c4/0_101_2272_2838/master/2272.jpg?width=445&dpr=1&s=none&crop=none,,"The first edition of Guardian Europe, 7 September 1990. Photograph: Richard Nelsson/The Guardian",
guardian_e568d20f09,The Guardian,2020,"""global temperature""","Blockades, Balkans and Brexit: the Guardian in Europe since 1945",https://www.theguardian.com/world/from-the-archive-blog/2020/mar/04/timeline-europe-guardian-since-1945,2020-03-04,2021-11-10,12,https://i.guim.co.uk/img/media/4e67bb27bd29ff5f96bac79ba378a8814ec77d75/0_402_2356_1413/master/2356.jpg?width=445&dpr=1&s=none&crop=none,,"The Guardian, 30 May 1992. Photograph: Patrick Gemmell (work experience)/The Guardian",
guardian_e568d20f09,The Guardian,2020,"""global temperature""","Blockades, Balkans and Brexit: the Guardian in Europe since 1945",https://www.theguardian.com/world/from-the-archive-blog/2020/mar/04/timeline-europe-guardian-since-1945,2020-03-04,2021-11-10,13,https://i.guim.co.uk/img/media/199ba22253da19f8f1268f3d6111e9d1fe3114c6/0_78_2200_1320/master/2200.jpg?width=445&dpr=1&s=none&crop=none,,A Eurostar train emerges from the Channel tunnel in France in this photo from 21 December 1994. Photograph: Pascal Rossignol/Reuters,
guardian_e568d20f09,The Guardian,2020,"""global temperature""","Blockades, Balkans and Brexit: the Guardian in Europe since 1945",https://www.theguardian.com/world/from-the-archive-blog/2020/mar/04/timeline-europe-guardian-since-1945,2020-03-04,2021-11-10,14,https://i.guim.co.uk/img/media/3f7c79005dc0b0535bf73c3fa6aa95c915c6e365/57_36_1991_1195/master/1991.jpg?width=445&dpr=1&s=none&crop=none,,"A man checks his bill in a bar in downtown Rome where prices are expressed in euros and Italian lire, 16 October 2001. Photograph: Gabriel Bouys/AFP via Getty Images",
guardian_e568d20f09,The Guardian,2020,"""global temperature""","Blockades, Balkans and Brexit: the Guardian in Europe since 1945",https://www.theguardian.com/world/from-the-archive-blog/2020/mar/04/timeline-europe-guardian-since-1945,2020-03-04,2021-11-10,15,https://i.guim.co.uk/img/media/b2cddb230e2a081dffae81f9e3260f5f2e48f19e/0_794_3744_2246/master/3744.jpg?width=445&dpr=1&s=none&crop=none,,An effigy of a banker is burned during G20 protests in the City of London in 2009. Photograph: Antonio Olmos/The Observer,
guardian_e568d20f09,The Guardian,2020,"""global temperature""","Blockades, Balkans and Brexit: the Guardian in Europe since 1945",https://www.theguardian.com/world/from-the-archive-blog/2020/mar/04/timeline-europe-guardian-since-1945,2020-03-04,2021-11-10,16,https://i.guim.co.uk/img/media/652f3de50acc24ff6e9838c6a2b63caa5006e8ca/79_5_524_524/master/524.jpg?width=445&dpr=1&s=none&crop=none,,A Guardian graphic shows the six locations where the Paris attacks took place. Photograph: The Guardian,
guardian_e568d20f09,The Guardian,2020,"""global temperature""","Blockades, Balkans and Brexit: the Guardian in Europe since 1945",https://www.theguardian.com/world/from-the-archive-blog/2020/mar/04/timeline-europe-guardian-since-1945,2020-03-04,2021-11-10,17,https://i.guim.co.uk/img/media/4dd7e08ef329d0743e106de7b2f254f09aa80e96/0_256_5760_3456/master/5760.jpg?width=445&dpr=1&s=none&crop=none,,A queue for clothing at the migrant camp in Calais known as the ‘Jungle’ is seen in October 2015. Photograph: David Levene/The Guardian,
guardian_e568d20f09,The Guardian,2020,"""global temperature""","Blockades, Balkans and Brexit: the Guardian in Europe since 1945",https://www.theguardian.com/world/from-the-archive-blog/2020/mar/04/timeline-europe-guardian-since-1945,2020-03-04,2021-11-10,18,https://i.guim.co.uk/img/media/c58b461dfcc726533ea8b903f7f863057d17a592/27_110_624_780/master/624.jpg?width=445&dpr=1&s=none&crop=none,,"The Guardian, 25 June 2016. Photograph: PR",
guardian_ffac3538cb,The Guardian,2020,"""carbon budget""","Focus on coronavirus shows need for climate law, says EU official",https://www.theguardian.com/environment/2020/mar/04/focus-coronavirus-shows-need-climate-law-says-eu-official-frans-timmermans,2020-03-04,2021-08-25,1,https://i.guim.co.uk/img/media/37ea760e21e5445af618a703978532b095537bd3/0_154_4928_2956/master/4928.jpg?width=465&dpr=1&s=none&crop=none,,Frans Timmermans and Ursula von der Leyen meet Greta Thunberg in Brussels on Wednesday. Photograph: Isopix/Rex/Shutterstock,
guardian_ffac3538cb,The Guardian,2020,"""carbon budget""","Focus on coronavirus shows need for climate law, says EU official",https://www.theguardian.com/environment/2020/mar/04/focus-coronavirus-shows-need-climate-law-says-eu-official-frans-timmermans,2020-03-04,2021-08-25,2,https://i.guim.co.uk/img/media/cfb8a3c24281d6dd75af51947c85bbc1f060ea35/0_0_400_400/400.jpg?width=620&quality=85&auto=format&fit=max&s=e041f360c0a1d05bc5d1d2c5b6719e3c,,,
guardian_119e67782d,The Guardian,2020,"""global temperature""",What is the European Green Deal and will it really cost €1tn?,https://www.theguardian.com/world/2020/mar/09/what-is-the-european-green-deal-and-will-it-really-cost-1tn,2020-03-09,2021-08-25,1,https://i.guim.co.uk/img/media/c4fb31cde5280c1e55f18841aa4add80b0ea4a5c/0_0_2560_1536/master/2560.jpg?width=465&dpr=1&s=none&crop=none,,What is the European Green Deal? Composite: Various,
guardian_119e67782d,The Guardian,2020,"""global temperature""",What is the European Green Deal and will it really cost €1tn?,https://www.theguardian.com/world/2020/mar/09/what-is-the-european-green-deal-and-will-it-really-cost-1tn,2020-03-09,2021-08-25,2,https://i.guim.co.uk/img/media/7564b0a99db119b122cfb0db2eba11c9896bbe03/0_0_2560_1536/master/2560.jpg?width=445&dpr=1&s=none&crop=none,,,
guardian_119e67782d,The Guardian,2020,"""global temperature""",What is the European Green Deal and will it really cost €1tn?,https://www.theguardian.com/world/2020/mar/09/what-is-the-european-green-deal-and-will-it-really-cost-1tn,2020-03-09,2021-08-25,3,https://i.guim.co.uk/img/media/ed054ca77c4077958a8d6d8ff654e3943dc5fb9b/0_0_2560_1536/master/2560.jpg?width=445&dpr=1&s=none&crop=none,,,
guardian_119e67782d,The Guardian,2020,"""global temperature""",What is the European Green Deal and will it really cost €1tn?,https://www.theguardian.com/world/2020/mar/09/what-is-the-european-green-deal-and-will-it-really-cost-1tn,2020-03-09,2021-08-25,4,https://i.guim.co.uk/img/media/b09638b149f4d303511e25cc6690077e5217d1fa/0_0_2560_1536/master/2560.jpg?width=445&dpr=1&s=none&crop=none,,,
guardian_8c52a218db,The Guardian,2020,"""sea level rise""",Polar ice caps melting six times faster than in 1990s,https://www.theguardian.com/environment/2020/mar/11/polar-ice-caps-melting-six-times-faster-than-in-1990s,2020-03-11,2021-08-25,1,https://i.guim.co.uk/img/media/6fa3cc382d1697dfe68d491328203079c5b726c3/0_266_4144_2486/master/4144.jpg?width=465&dpr=1&s=none&crop=none,,The Greenland ice sheet south of Ilulissat. Photograph: Ian Joughin/IMBIE,
guardian_8c52a218db,The Guardian,2020,"""sea level rise""",Polar ice caps melting six times faster than in 1990s,https://www.theguardian.com/environment/2020/mar/11/polar-ice-caps-melting-six-times-faster-than-in-1990s,2020-03-11,2021-08-25,2,https://i.guim.co.uk/img/media/4145e63641b6c4b03c67a260f6ed097ed7fc79ff/0_0_2400_1594/master/2400.jpg?width=445&dpr=1&s=none&crop=none,,"Crevasses near the grounding line of Pine Island Glacier, Antarctica. Photograph: Ian Joughin/University of Washington/IMBIE",
guardian_5363c05697,The Guardian,2020,IPCC,Manchester officers face investigations into death of unarmed man,https://www.theguardian.com/uk-news/2020/mar/12/anthony-grainger-manchester-officers-face-investigations-into-death-of-unarmed-man,2020-03-12,2020-03-13,1,https://i.guim.co.uk/img/media/3cfa78271c4bea7a9a31317f16d26a721803efae/108_0_3285_1972/master/3285.jpg?width=465&dpr=1&s=none&crop=none,,"Anthony Grainger was shot as he sat in a car in Culcheth, Cheshire. Photograph: IPCC/PA",
guardian_dc7da7bc68,The Guardian,2020,"""sea level rise""","Women shouldering the burden of climate crisis need action, not speeches",https://www.theguardian.com/global-development/2020/mar/13/women-shouldering-the-burden-of-climate-crisis-need-action-not-speeches,2020-03-13,2022-10-19,1,https://i.guim.co.uk/img/media/d189a1e20ac040982a56e7a1ba7572275e888d61/0_116_3500_2101/master/3500.jpg?width=465&dpr=1&s=none&crop=none,,"A woman wades through flood waters in the aftermath of Cyclone Aila in Harinagar, Satkhira, Bangladesh in 2009. Photograph: Abir Abdullah/EPA",
guardian_9b578b6211,The Guardian,2020,"""sea level rise""",Greenland's melting ice raised global sea level by 2.2mm in two months,https://www.theguardian.com/science/2020/mar/19/greenland-ice-melt-sea-level-rise-climate-crisis,2020-03-19,2021-08-25,1,https://i.guim.co.uk/img/media/2d39257221ae026adc5e27b804e123111ec8bc5b/0_132_4102_2461/master/4102.jpg?width=465&dpr=1&s=none&crop=none,,"The loss of land-based glaciers in Greenland leads directly to sea level rise, ultimately increasing the risk of flooding to millions of people. Photograph: Ian Joughin/IMBIE",
guardian_c297d3b1b3,The Guardian,2020,"""sea level rise""","Oceans can be restored to former glory within 30 years, say scientists",https://www.theguardian.com/environment/2020/apr/01/oceans-can-be-restored-to-former-glory-within-30-years-say-scientists,2020-04-01,2021-10-29,1,https://i.guim.co.uk/img/media/2c15b6e00b7a07c6040d86ff2f6e1c8a8e3f6fef/0_32_3700_2221/master/3700.jpg?width=465&dpr=1&s=none&crop=none,,"A humpback whale off the coast of Australia, one of the species that has benefited from conservation efforts. Photograph: Daniel Bayer/AFP/Getty Images",
guardian_c297d3b1b3,The Guardian,2020,"""sea level rise""","Oceans can be restored to former glory within 30 years, say scientists",https://www.theguardian.com/environment/2020/apr/01/oceans-can-be-restored-to-former-glory-within-30-years-say-scientists,2020-04-01,2021-10-29,2,https://i.guim.co.uk/img/media/dbd6168066c1c356744fe71f98b6bf7c2b0238a6/0_0_2048_1372/master/2048.jpg?width=445&dpr=1&s=none&crop=none,,Fishing below an ocean’s maximum yield allows faster recovery of fish stocks. Photograph: Manu San Felix/NG/KAUST,
guardian_c297d3b1b3,The Guardian,2020,"""sea level rise""","Oceans can be restored to former glory within 30 years, say scientists",https://www.theguardian.com/environment/2020/apr/01/oceans-can-be-restored-to-former-glory-within-30-years-say-scientists,2020-04-01,2021-10-29,3,https://i.guim.co.uk/img/media/4fe3d85368423dcc2ca2a0d1953ee25e35230537/0_0_2048_1200/master/2048.jpg?width=445&dpr=1&s=none&crop=none,,Healthy coral reefs are highly productive and support high biomasses of top predators. Photograph: Manu San Felix/NG/KAUST,
guardian_8c8fe926e0,The Guardian,2020,"""1.5C""",'We must use this time well': climate experts hopeful after Cop26 delay,https://www.theguardian.com/environment/2020/apr/02/we-must-use-this-time-well-climate-experts-hopeful-after-cop26-delay-coronavirus,2020-04-02,2021-08-25,1,https://i.guim.co.uk/img/media/b54225f2d59c120c6a800cecf5b2e5d603f02e0c/0_75_5247_3148/master/5247..jpg?width=465&dpr=1&s=none&crop=none,,"Boris Johnson speaking at an event to launch the conference in February. Cop26 has been postponed to 2021, with no specified date yet for the talks. Photograph: Chris J Ratcliffe/AFP via Getty Images",
guardian_61e3112edf,The Guardian,2020,"""1.5C""","Australia’s path to net-zero emissions lies in rapid, stimulus-friendly steps",https://www.theguardian.com/environment/2020/apr/04/australias-path-to-net-zero-emissions-lies-in-small-stimulus-friendly-steps,2020-04-03,2021-08-25,1,https://i.guim.co.uk/img/media/d86aca5ffae09f57eed59a523749d8ae3b5fffbf/0_133_3000_1800/master/3000..jpg?width=465&dpr=1&s=none&crop=none,,"ClimateWorks’ report finds progress and fall in cost of clean technology has been more rapid than expected, with renewable energy becoming cheaper than fossil fuels and the cost of batteries plunging 80% in a decade. Photograph: Lisa Maree Williams/Getty Images",
guardian_61e3112edf,The Guardian,2020,"""1.5C""","Australia’s path to net-zero emissions lies in rapid, stimulus-friendly steps",https://www.theguardian.com/environment/2020/apr/04/australias-path-to-net-zero-emissions-lies-in-small-stimulus-friendly-steps,2020-04-03,2021-08-25,2,https://i.guim.co.uk/img/media/aa99678b731bec54237705a84e1614007a849573/0_9_4102_2461/master/4102..jpg?width=445&dpr=1&s=none&crop=none,,"To achieve a goal of 1.5C by 2030, three out of four cars in 2030 would have to be electric, the report says. Photograph: Uwe Meinhold/EPA",
guardian_e6c953f08f,The Guardian,2020,"""1.5C""","Rescuing the Great Barrier Reef: how much can be saved, and how can we do it?",https://www.theguardian.com/environment/2020/apr/05/rescuing-the-great-barrier-reef-how-much-can-be-saved-and-how-can-we-do-it,2020-04-04,2021-10-29,1,https://i.guim.co.uk/img/media/5146d9e75468918a3b9902a98ce65a8d71202d91/0_0_1417_1035/master/1417..jpg?width=465&dpr=1&s=none&crop=none,,Zoe Richards has seen great changes in the corals off Lizard Island since she started monitoring them in 2011. Photograph: Mike Emslie,
guardian_e6c953f08f,The Guardian,2020,"""1.5C""","Rescuing the Great Barrier Reef: how much can be saved, and how can we do it?",https://www.theguardian.com/environment/2020/apr/05/rescuing-the-great-barrier-reef-how-much-can-be-saved-and-how-can-we-do-it,2020-04-04,2021-10-29,2,https://i.guim.co.uk/img/media/e9c411d0e2d1b087e49dad151abf3a1ae5f00cb2/0_147_2200_1320/master/2200.jpg?width=445&dpr=1&s=none&crop=none,,"Heat-stressed corals off Lizard Island in February 2020. Photograph: Dr Lyle Vail, Director of the Australian Museum’s Lizard Island Research Station",
guardian_e6c953f08f,The Guardian,2020,"""1.5C""","Rescuing the Great Barrier Reef: how much can be saved, and how can we do it?",https://www.theguardian.com/environment/2020/apr/05/rescuing-the-great-barrier-reef-how-much-can-be-saved-and-how-can-we-do-it,2020-04-04,2021-10-29,3,https://i.guim.co.uk/img/media/8b680323c4e6db98409ca5057987e549c7c216d5/0_0_4000_3000/master/4000..jpg?width=445&dpr=1&s=none&crop=none,,An unbleached specimen of Acropora clathrata on the Great Barrier Reef. Photograph: Zoe Richards,
guardian_e6c953f08f,The Guardian,2020,"""1.5C""","Rescuing the Great Barrier Reef: how much can be saved, and how can we do it?",https://www.theguardian.com/environment/2020/apr/05/rescuing-the-great-barrier-reef-how-much-can-be-saved-and-how-can-we-do-it,2020-04-04,2021-10-29,4,https://i.guim.co.uk/img/media/5b3e55a6961d4091a0ed083402ecb90ad54f40f9/0_0_2200_1467/master/2200..jpg?width=445&dpr=1&s=none&crop=none,,"Corals at Lizard Island had been showing signs of recovery before this year’s bleaching. Photograph: Dr Lyle Vail, Director of the Australian Museum’s Lizard Island Research Station",
guardian_90dccf5722,The Guardian,2020,"""1.5C""",Great Barrier Reef's third mass bleaching in five years the most widespread yet,https://www.theguardian.com/environment/2020/apr/07/great-barrier-reefs-third-mass-bleaching-in-five-years-the-most-widespread-ever,2020-04-06,2021-10-29,1,https://i.guim.co.uk/img/media/78e54aa82f4660af824b94907abfbd7db6749092/500_467_2000_1200/master/2000..jpg?width=465&dpr=1&s=none&crop=none,,"Aerial surveys of more than 1,000 individual reefs show severe levels of bleaching occurred in 2020 in all three sections of the reef – northern, central and southern – the first time this has happened since mass bleaching was first seen in 1998. Photograph: Terry Hughes",
guardian_90dccf5722,The Guardian,2020,"""1.5C""",Great Barrier Reef's third mass bleaching in five years the most widespread yet,https://www.theguardian.com/environment/2020/apr/07/great-barrier-reefs-third-mass-bleaching-in-five-years-the-most-widespread-ever,2020-04-06,2021-10-29,2,https://i.guim.co.uk/img/media/8fb50a237e70e2c71ec3544f259b98088c6ebc51/138_140_2204_3226/master/2204..jpg?width=445&dpr=1&s=none&crop=none,,A coral bleaching map showing the worst affected areas in 2020 highlighted in red. Photograph: ARC Centre for Excellence in Coral Reef Studies,
guardian_90dccf5722,The Guardian,2020,"""1.5C""",Great Barrier Reef's third mass bleaching in five years the most widespread yet,https://www.theguardian.com/environment/2020/apr/07/great-barrier-reefs-third-mass-bleaching-in-five-years-the-most-widespread-ever,2020-04-06,2021-10-29,3,https://i.guim.co.uk/img/media/9e988329f77b0304407d7cb06bf0521d7698eb58/68_65_2301_1634/master/2301..jpg?width=445&dpr=1&s=none&crop=none,,A bleaching map showing the worst affected areas in 2016-17. Photograph: ARC Centre for Excellence in Coral Reef Studies,
guardian_95cf18e615,The Guardian,2020,"""1.5C""",Snow-white coral of once-vibrant Great Barrier Reef a sign urgent action must be taken,https://www.theguardian.com/environment/2020/apr/08/snow-white-coral-of-once-vibrant-great-barrier-reef-a-sign-urgent-action-must-be-taken,2020-04-07,2021-08-25,1,https://i.guim.co.uk/img/media/63e010542c22eb8871ba8a0ff65deb1c09e26f72/0_108_2500_1500/master/2500..jpg?width=465&dpr=1&s=none&crop=none,,"David Wachenfeld, the marine park authority’s chief scientist, says coral bleaching is a clear signal the reef is calling for urgent help and it would require the ‘strongest action possible’ on climate change to save it. Photograph: ARC Centre of Excellence",
guardian_ad8bf57360,The Guardian,2020,IPCC,"Fast fashion speeding toward environmental disaster, report warns",https://www.theguardian.com/fashion/2020/apr/07/fast-fashion-speeding-toward-environmental-disaster-report-warns,2020-04-07,2020-04-07,1,https://i.guim.co.uk/img/media/da37b950c45402394699399cd03dca9082232844/0_178_4339_2603/master/4339.jpg?width=465&dpr=1&s=none&crop=none,,Textile offcuts in Bangladesh. The report highlights the innovative use of offcuts as one measure that could help reduce the fashion industry’s environmental footprint. Photograph: Mohammed Anwarul Kabir Choudhury/Alamy,
guardian_ad8bf57360,The Guardian,2020,IPCC,"Fast fashion speeding toward environmental disaster, report warns",https://www.theguardian.com/fashion/2020/apr/07/fast-fashion-speeding-toward-environmental-disaster-report-warns,2020-04-07,2020-04-07,2,https://i.guim.co.uk/img/media/00eb7e92c84e5d112d588648c184bca8c0cad12c/0_54_1160_696/master/1160.jpg?width=445&dpr=1&s=none&crop=none,,The £1 Missguided bikini highlighted the issue of fast fashion last year. Photograph: Missguided,
guardian_ad8bf57360,The Guardian,2020,IPCC,"Fast fashion speeding toward environmental disaster, report warns",https://www.theguardian.com/fashion/2020/apr/07/fast-fashion-speeding-toward-environmental-disaster-report-warns,2020-04-07,2020-04-07,3,https://i.guim.co.uk/img/media/dc0d192bdd44f54c9991f96777d12a63c4c6af10/0_497_7360_4415/master/7360.jpg?width=445&dpr=1&s=none&crop=none,,"A garment factory in Dhaka, Bangladesh. The production of clothes for foreign designers is one of the issues highlighted in the report. Photograph: NurPhoto/NurPhoto via Getty Images",
guardian_ad8bf57360,The Guardian,2020,IPCC,"Fast fashion speeding toward environmental disaster, report warns",https://www.theguardian.com/fashion/2020/apr/07/fast-fashion-speeding-toward-environmental-disaster-report-warns,2020-04-07,2020-04-07,4,https://i.guim.co.uk/img/media/586d3cca905016b201f66c02483ce98e27185a52/0_1032_1996_1197/master/1996.jpg?width=445&dpr=1&s=none&crop=none,,Extinction Rebellion protests outside London Fashion Week in February targeted fast fashion. Photograph: Ollie Millington/Getty Images,
guardian_c4ce0d32e3,The Guardian,2020,"""global temperature""","Volcanic activity helped trigger Triassic climate change, study says",https://www.theguardian.com/environment/2020/apr/07/volcanic-activity-triggered-triassic-climate-change,2020-04-07,2021-08-25,1,https://i.guim.co.uk/img/media/74ef4ea78e4b21e85cceeb4d1074f77ca973d608/0_0_6720_4032/master/6720.jpg?width=465&dpr=1&s=none&crop=none,,"Molten lava spraying during an eruption of the Piton de la Fournaise volcano, on the French Indian Ocean island of La Reunion. Photograph: Richard Bouhet/AFP/Getty Images",
guardian_c4ce0d32e3,The Guardian,2020,"""global temperature""","Volcanic activity helped trigger Triassic climate change, study says",https://www.theguardian.com/environment/2020/apr/07/volcanic-activity-triggered-triassic-climate-change,2020-04-07,2021-08-25,2,https://i.guim.co.uk/img/media/9ff07ea90cd3d5700880f6cd7ec8076951650d6c/0_0_1600_960/master/1600.jpg?width=445&dpr=1&s=none&crop=none,,Lava piles of the Central Atlantic Magmatic Province in Morocco (Midelt) Photograph: Andrea Marzoli,
guardian_188f295e4f,The Guardian,2020,"""1.5C""","Strengthen worldwide climate commitments to improve economy, study finds",https://www.theguardian.com/environment/2020/apr/14/worldwide-climate-commitments-economy-emissions,2020-04-14,2021-08-25,1,https://i.guim.co.uk/img/media/32fd9c7d132a208ae4f7469dec8b8eccec533b44/0_374_5611_3367/master/5611.jpg?width=465&dpr=1&s=none&crop=none,,The study’s authors call their findings a ‘self-preservation strategy’ for government. Photograph: Tomohiro Ohsumi/Getty Images,
guardian_5dad89f4da,The Guardian,2020,"""sea level rise""","Water in estuaries along NSW coast has warmed by more than 2C, study finds",https://www.theguardian.com/environment/2020/apr/14/water-in-estuaries-along-nsw-coast-has-warmed-by-more-than-2c-study-finds,2020-04-14,2021-08-25,1,https://i.guim.co.uk/img/media/cd1e196b6431c9418fb73ea87184011de93d0638/0_198_4320_2592/master/4320.jpg?width=465&dpr=1&s=none&crop=none,,"A NSW environment officer collects data at Bengello near Batemans Bay. Water in estuaries has warmed at a much faster rate than the atmosphere or oceans, a study has found. Photograph: New South Wales Department of Planning, Industry and Environment",
guardian_5dad89f4da,The Guardian,2020,"""sea level rise""","Water in estuaries along NSW coast has warmed by more than 2C, study finds",https://www.theguardian.com/environment/2020/apr/14/water-in-estuaries-along-nsw-coast-has-warmed-by-more-than-2c-study-finds,2020-04-14,2021-08-25,2,https://i.guim.co.uk/img/media/93cd7e95c8cca3815a66d3db2943a35bc4edc150/0_270_3240_4050/master/3240.jpg?width=445&dpr=1&s=none&crop=none,,"A NSW environment officer collects data at Wollumboola Lake near Nowra. Photograph: New South Wales Department of Planning, Industry and Environment",
guardian_5dad89f4da,The Guardian,2020,"""sea level rise""","Water in estuaries along NSW coast has warmed by more than 2C, study finds",https://www.theguardian.com/environment/2020/apr/14/water-in-estuaries-along-nsw-coast-has-warmed-by-more-than-2c-study-finds,2020-04-14,2021-08-25,3,https://i.guim.co.uk/img/media/d8457dca571f6010e9dba1a026a7af2486e6bd4e/0_45_1000_600/master/1000.jpg?width=445&dpr=1&s=none&crop=none,,Dr Elliot Scanes believes global heating is partly to blame for the rising water temperatures. Photograph: University of Sydney,
guardian_558436a3cf,The Guardian,2020,"""1.5C""",Artificial fog and breeding coral: study picks best Great Barrier Reef rescue ideas,https://www.theguardian.com/environment/2020/apr/16/brightening-clouds-and-coral-larvae-study-picks-best-great-barrier-reef-rescue-ideas,2020-04-15,2021-08-25,1,https://i.guim.co.uk/img/media/b204a14ffd1911591e9aa0f2df6769798bbdd1c1/0_225_4000_2400/master/4000.jpg?width=465&dpr=1&s=none&crop=none,,Great Barrier Reef feasibility study has reduced about 160 potential ideas to a list of 43 that will be funded for further investigation. Photograph: James Cook University/AFP via Getty Images,
guardian_97f1aa5259,The Guardian,2020,"""sea level rise""",Scientists confirm dramatic melting of Greenland ice sheet,https://www.theguardian.com/science/2020/apr/15/scientists-confirm-dramatic-melting-greenland-ice-sheet,2020-04-15,2021-08-25,1,https://i.guim.co.uk/img/media/ed970dad8926612b4ad9a6375360a103231ce1af/0_210_4000_2400/master/4000.jpg?width=465&dpr=1&s=none&crop=none,,A meltwater canyon on the Greenland ice sheet. Photograph: Ian Joughin/University of Washington/PA,
guardian_ef0bda5383,The Guardian,2020,"""1.5C""",How long the lockdown lasts is not just a medical question – it's a democratic one,https://www.theguardian.com/commentisfree/2020/apr/15/how-long-the-lockdown-lasts-is-not-just-a-medical-question-its-a-democratic-one,2020-04-15,2020-07-01,1,https://i.guim.co.uk/img/media/0c093eee843463047c7cc0434b6c376d4fd0f47c/0_0_4977_2986/master/4977.jpg?width=465&dpr=1&s=none&crop=none,,"‘We don’t need to pit scientists against each other, we need to pit arguments and options against each other.’ Photograph: James Ross/AAP",
guardian_6808753e0b,The Guardian,2020,"""1.5C""",Scientists trial cloud brightening equipment to shade and cool Great Barrier Reef,https://www.theguardian.com/environment/2020/apr/17/scientists-trial-cloud-brightening-equipment-to-shade-and-cool-great-barrier-reef,2020-04-16,2021-08-25,1,https://i.guim.co.uk/img/media/9cbfa02b48e4d7dcb1cfe0a25387800c45c04594/0_0_1920_1080/1920.jpg?width=465&dpr=1&s=none&crop=none,,Can cloud-brightening help save the Great Barrier Reef? Trials have begun – video,
guardian_6808753e0b,The Guardian,2020,"""1.5C""",Scientists trial cloud brightening equipment to shade and cool Great Barrier Reef,https://www.theguardian.com/environment/2020/apr/17/scientists-trial-cloud-brightening-equipment-to-shade-and-cool-great-barrier-reef,2020-04-16,2021-08-25,2,https://i.guim.co.uk/img/media/f2da7f0a63f16419ac7a07024b6e7d26ff198134/81_0_1130_678/master/1130.jpg?width=445&dpr=1&s=none&crop=none,,A trial on the Great Barrier Reef of cloud brightening equipment. Photograph: Brendan Kelaher/Southern Cross University,
guardian_f80b7128f1,The Guardian,2020,"""sea level rise""",US to have major floods on daily basis unless sea-level rise is curbed – study,https://www.theguardian.com/environment/2020/apr/16/us-climate-change-floods-sea-level-rise,2020-04-16,2020-04-16,1,https://i.guim.co.uk/img/media/d6387a113fe85456efe2d57134d27dfc8b4c2876/0_302_4032_2419/master/4032.jpg?width=465&dpr=1&s=none&crop=none,,Waikiki Beach in Honolulu. Many locations are increasingly vulnerable to elevated high tides and stronger storms fueled by global heating. Photograph: Caleb Jones/AP,
guardian_860dbc1925,The Guardian,2020,IPCC,Climate crisis will deepen the pandemic. A green stimulus plan can tackle both,https://www.theguardian.com/commentisfree/2020/apr/20/climate-crisis-will-deepen-the-pandemic-a-green-stimulus-plan-can-tackle-both,2020-04-20,2021-08-25,1,https://i.guim.co.uk/img/media/96f7d5f0466d868e3ca42708eb56329321da163f/0_182_5472_3283/master/5472.jpg?width=465&dpr=1&s=none&crop=none,,‘We don’t want to bounce back to a January 2020 economy when half the country lived paycheck to paycheck; unchecked carbon pollution endangered our future; and racial inequalities made people of color so vulnerable to disease.’ Photograph: Michael Reynolds/EPA,
guardian_f8d8d64733,The Guardian,2020,"""sea level rise""",Will climate change end waterfront living? Not if you can afford it,https://www.theguardian.com/environment/2020/apr/20/climate-change-waterfront-living-wealthy-boston,2020-04-20,2021-08-25,1,https://i.guim.co.uk/img/media/d88c25d23b8341c53175ca8e9b2ca378b942bd70/0_120_5573_3344/master/5573.jpg?width=465&dpr=1&s=none&crop=none,,Boston is experiencing a surge in waterfront development. Photograph: Denis Tangney Jr/Getty Images/iStockphoto,
guardian_f8d8d64733,The Guardian,2020,"""sea level rise""",Will climate change end waterfront living? Not if you can afford it,https://www.theguardian.com/environment/2020/apr/20/climate-change-waterfront-living-wealthy-boston,2020-04-20,2021-08-25,2,https://i.guim.co.uk/img/media/6ad31a53676a004685947dc54b76b09fe4aae7a4/0_151_3782_2270/master/3782.jpg?width=445&dpr=1&s=none&crop=none,,A Boston firefighter wades through flood waters on the Long Wharf. City authorities are planning around a contingency of 40 inches of sea level rise by 2070. Photograph: Michael Dwyer/AP,
guardian_f8d8d64733,The Guardian,2020,"""sea level rise""",Will climate change end waterfront living? Not if you can afford it,https://www.theguardian.com/environment/2020/apr/20/climate-change-waterfront-living-wealthy-boston,2020-04-20,2021-08-25,3,https://i.guim.co.uk/img/media/8a9900c7fe9c79a9c21ae968c89a691bf0e64085/0_0_2360_1608/master/2360.jpg?width=445&dpr=1&s=none&crop=none,,"The Clippership Wharf development in East Boston, on the Boston Harbor waterfront. Photograph: Ed Wonsek Art Works Inc",
guardian_f8d8d64733,The Guardian,2020,"""sea level rise""",Will climate change end waterfront living? Not if you can afford it,https://www.theguardian.com/environment/2020/apr/20/climate-change-waterfront-living-wealthy-boston,2020-04-20,2021-08-25,4,https://i.guim.co.uk/img/media/a22e9d7f56fc51a064e00feeb047800f151985de/0_0_2880_1920/master/2880.jpg?width=445&dpr=1&s=none&crop=none,,"Apartments at Clippership Wharf cost about $5,500 a month for three bedrooms, with condos available to buy for as much as $1.75m. Photograph: Ed Wonsek Art Works Inc",
guardian_f8d8d64733,The Guardian,2020,"""sea level rise""",Will climate change end waterfront living? Not if you can afford it,https://www.theguardian.com/environment/2020/apr/20/climate-change-waterfront-living-wealthy-boston,2020-04-20,2021-08-25,5,https://i.guim.co.uk/img/media/0a4c6dfebae8a9f049b8d833cc0ae0bb26a53714/0_0_1263_758/master/1263.jpg?width=445&dpr=1&s=none&crop=none,,Boston isn’t contemplating the abandonment of its waterfront. Photograph: Steve Dunwell/ Getty Images,
guardian_d02a898776,The Guardian,2020,"""sea level rise""",Will Florida be lost forever to the climate crisis?,https://www.theguardian.com/environment/2020/apr/21/florida-climate-crisis-sea-level-habitat-loss,2020-04-21,2022-04-25,1,https://i.guim.co.uk/img/media/26dabb03f0a0e04319636c59027adddff377be57/0_0_3000_2365/master/3000.jpg?width=465&dpr=1&s=none&crop=none,,View of Miami from the water. Photograph: Anastasia Samoylova,
guardian_d02a898776,The Guardian,2020,"""sea level rise""",Will Florida be lost forever to the climate crisis?,https://www.theguardian.com/environment/2020/apr/21/florida-climate-crisis-sea-level-habitat-loss,2020-04-21,2022-04-25,2,https://i.guim.co.uk/img/media/795e5971d4f07623f4a9129e24f1e5394509853a/0_0_3000_2400/master/3000.jpg?width=445&dpr=1&s=none&crop=none,,"A king tide in Hollywood, Florida. Photograph: Anastasia Samoylova",
guardian_d02a898776,The Guardian,2020,"""sea level rise""",Will Florida be lost forever to the climate crisis?,https://www.theguardian.com/environment/2020/apr/21/florida-climate-crisis-sea-level-habitat-loss,2020-04-21,2022-04-25,3,https://i.guim.co.uk/img/media/503ec12816b276914bf9ef68729d789e30d667e1/0_0_3000_2000/master/3000.jpg?width=445&dpr=1&s=none&crop=none,,The Biscayne aquifer square lake between the Everglades and Miami. Photograph: Anastasia Samoylova,
guardian_d02a898776,The Guardian,2020,"""sea level rise""",Will Florida be lost forever to the climate crisis?,https://www.theguardian.com/environment/2020/apr/21/florida-climate-crisis-sea-level-habitat-loss,2020-04-21,2022-04-25,4,https://i.guim.co.uk/img/media/a43f0a9467f34b2a387807c79c8972b76857681c/0_0_3000_2143/master/3000.jpg?width=445&dpr=1&s=none&crop=none,,Damage to the Fontainebleau hotel in Miami Beach after Hurricane Irma. Photograph: Anastasia Samoylova,
guardian_d02a898776,The Guardian,2020,"""sea level rise""",Will Florida be lost forever to the climate crisis?,https://www.theguardian.com/environment/2020/apr/21/florida-climate-crisis-sea-level-habitat-loss,2020-04-21,2022-04-25,5,https://i.guim.co.uk/img/media/37fb63223a2c0f5ccd93e9321a1ff896ca9aa85f/0_0_3000_2000/master/3000.jpg?width=445&dpr=1&s=none&crop=none,,A ghost forest by the Everglades. Photograph: Anastasia Samoylova,
guardian_d02a898776,The Guardian,2020,"""sea level rise""",Will Florida be lost forever to the climate crisis?,https://www.theguardian.com/environment/2020/apr/21/florida-climate-crisis-sea-level-habitat-loss,2020-04-21,2022-04-25,6,https://i.guim.co.uk/img/media/5bcd733870fb2986bd037f08a08e833234131967/0_0_3000_2000/master/3000.jpg?width=445&dpr=1&s=none&crop=none,,Federally funded imported sand is used as one of mitigation measures against the climate crisis. Photograph: Anastasia Samoylova,
guardian_d02a898776,The Guardian,2020,"""sea level rise""",Will Florida be lost forever to the climate crisis?,https://www.theguardian.com/environment/2020/apr/21/florida-climate-crisis-sea-level-habitat-loss,2020-04-21,2022-04-25,7,https://i.guim.co.uk/img/media/18dc1380e2f5b5a8b34ad68590ccc685ac50a438/0_0_3000_2400/master/3000.jpg?width=445&dpr=1&s=none&crop=none,,A front yard in Little Haiti. Photograph: Anastasia Samoylova,
guardian_d02a898776,The Guardian,2020,"""sea level rise""",Will Florida be lost forever to the climate crisis?,https://www.theguardian.com/environment/2020/apr/21/florida-climate-crisis-sea-level-habitat-loss,2020-04-21,2022-04-25,8,https://i.guim.co.uk/img/media/9fbd7776a81da24977d66b2146ba2395bf79e7d3/0_0_2256_3000/master/2256.jpg?width=445&dpr=1&s=none&crop=none,,Construction bordering the Everglades. Photograph: Anastasia Samoylova,
guardian_d02a898776,The Guardian,2020,"""sea level rise""",Will Florida be lost forever to the climate crisis?,https://www.theguardian.com/environment/2020/apr/21/florida-climate-crisis-sea-level-habitat-loss,2020-04-21,2022-04-25,9,https://i.guim.co.uk/img/media/d0d12f1d906d2bd5804aa55dcd953e576320d64f/0_0_3000_2000/master/3000.jpg?width=445&dpr=1&s=none&crop=none,,View of Miami Beach and Fisher Island from water. Photograph: Anastasia Samoylova,
guardian_e849935ec1,The Guardian,2020,"""1.5C""","In fire-ravaged California, we know what it's like to leave 'normal life' behind",https://www.theguardian.com/commentisfree/2020/apr/22/fire-california-normal-life-coronavirus-communities,2020-04-22,2021-08-25,1,https://i.guim.co.uk/img/media/b50a948f9758268d5518251ba5b138b50edbd973/0_125_2100_1260/master/2100.jpg?width=465&dpr=1&s=none&crop=none,,"‘In 2018, fires burned nearly two million acres in California.’ Photograph: Marcio José Sánchez/AP",
guardian_ff1775c5ff,The Guardian,2020,"""1.5C""",Church fund urges other ExxonMobil investors to sack board over climate,https://www.theguardian.com/business/2020/apr/24/church-fund-urges-other-exxonmobil-investors-to-sack-board-over-climate-inaction,2020-04-24,2021-08-25,1,https://i.guim.co.uk/img/media/e74ba1205deaa9eb0a5ed471daae48f00805a720/0_36_5760_3456/master/5760.jpg?width=465&dpr=1&s=none&crop=none,,"The Church Commissioners group, along with the New York State Retirement Fund, wrote to other ExxonMobil investors to rally support behind the protest votes. Photograph: Richard Drew/AP",
guardian_35c0c00865,The Guardian,2020,"""carbon budget""",Australia could get 90% of electricity from renewables by 2040 with no price increase,https://www.theguardian.com/australia-news/2020/apr/29/australia-could-get-90-of-electricity-from-renewables-by-2040-with-no-price-increase,2020-04-28,2020-04-28,1,https://i.guim.co.uk/img/media/a85ab22300a00598533b7a1696633f560ec1d0a1/0_243_3600_2160/master/3600.jpg?width=465&dpr=1&s=none&crop=none,,Rooftop solar is expected to contribute 4 gigawatts of of renewable energy by 2030. Photograph: Andrey Moisseyev/Getty Images/iStockphoto,
guardian_9619e4ced4,The Guardian,2020,"""sea level rise""",Climate experts call for 'dangerous' Michael Moore film to be taken down,https://www.theguardian.com/environment/2020/apr/28/climate-dangerous-documentary-planet-of-the-humans-michael-moore-taken-down,2020-04-28,2021-08-25,1,https://i.guim.co.uk/img/media/9084492f6d55c240bc799291cd43350ae38ec3a5/0_0_638_383/master/638.jpg?width=465&dpr=1&s=none&crop=none,,"A still from Planet of the Humans, which has provoked a furious reaction. Photograph: Erik Pedersen/Handout",
guardian_3700822f7d,The Guardian,2020,"""1.5C""",Airlines and oil giants are on the brink. No government should offer them a lifeline,https://www.theguardian.com/commentisfree/2020/apr/29/airlines-oil-giants-government-economy,2020-04-29,2021-08-25,1,https://i.guim.co.uk/img/media/86c32df2aa1fce581bb6c93ab9e76652218919ed/0_32_2500_1500/master/2500.jpg?width=465&dpr=1&s=none&crop=none,,"‘Governments have the oil industry over a barrel – hundreds of millions of unsaleable barrels, to be more precise – just as they had the banks over a barrel in 2008.’ Photograph: BEAWIHARTA/REUTERS",
guardian_c682510cb6,The Guardian,2020,"""1.5C""",Westpac to withdraw support for thermal coalmining after 2030,https://www.theguardian.com/australia-news/2020/may/04/westpac-bank-to-withdraw-support-for-thermal-coal-mining-after-2030,2020-05-04,2021-08-25,1,https://i.guim.co.uk/img/media/64ccaaa0c57f56c3a33b9297b4d6b98750272094/0_126_3250_1950/master/3250.jpg?width=465&dpr=1&s=none&crop=none,,Westpac has joined other major financial institutions in pledging not to back fossil fuels after 2030. Environmental activists say bank’s decision is ‘another nail in the coffin’ of the thermal coal industry. Photograph: David Gray/Reuters,
guardian_5cedf40212,The Guardian,2020,"""global temperature""",One billion people will live in insufferable heat within 50 years – study,https://www.theguardian.com/environment/2020/may/05/one-billion-people-will-live-in-insufferable-heat-within-50-years-study,2020-05-05,2021-08-25,1,https://i.guim.co.uk/img/media/d22e3abf6cf93bc4758c338dac70bafbbb9b42ce/0_67_3500_2102/master/3500.jpg?width=465&dpr=1&s=none&crop=none,,An Indian farmer walks across the bed of a pond that has dried out during a water crisis. Photograph: Sanjay Kanojia/AFP via Getty Images,
guardian_14c7e2fefb,The Guardian,2020,IPCC,Sir John Houghton obituary,https://www.theguardian.com/environment/2020/may/08/sir-john-houghton-obituary,2020-05-08,2021-08-25,1,https://i.guim.co.uk/img/media/67e7a9aef0682d2eee278039b80c76dbe0cf5a71/0_0_758_524/master/758.jpg?width=465&dpr=1&s=none&crop=none,,John Houghton worked at the IPCC from its inception in 1988 until 2002. Photograph: Wales News Service,
guardian_14c7e2fefb,The Guardian,2020,IPCC,Sir John Houghton obituary,https://www.theguardian.com/environment/2020/may/08/sir-john-houghton-obituary,2020-05-08,2021-08-25,2,https://i.guim.co.uk/img/media/a534cf0ab5fd4c883d08a50fa33acfac6112679e/0_0_5000_3334/master/5000.jpg?width=445&dpr=1&s=none&crop=none,,"John Houghton, right, during his time as director general of the Meteorological Office, with Adam Butler, the minister of state for defence procurement, at the official opening of the London weather radar in 1985. Photograph: PA",
guardian_14c7e2fefb,The Guardian,2020,IPCC,Sir John Houghton obituary,https://www.theguardian.com/environment/2020/may/08/sir-john-houghton-obituary,2020-05-08,2021-08-25,3,https://i.guim.co.uk/img/media/5e925e185a5e15e4deb889527455e2917f3db035/867_89_1725_2156/master/1725.jpg?width=445&dpr=1&s=none&crop=none,,"John Houghton with the environment minister Virginia Bottomley and a weather computer, 1989. Photograph: Clive Postlethwaite/ANL/Rex/Shutterstock",
guardian_3518e416c3,The Guardian,2020,"""sea level rise""",Rohingya refugees arrive at 'de facto detention island' in Bangladesh,https://www.theguardian.com/world/2020/may/08/bangladesh-takes-rohingya-refugees-to-de-facto-detention-island,2020-05-08,2020-05-08,1,https://i.guim.co.uk/img/media/4a5ca38cbb91392458c472be85a5bdd3413ce441/0_40_3900_2341/master/3900.jpg?width=465&dpr=1&s=none&crop=none,,A Bangladeshi navy vessel takes a boat carrying Rohingya refugees alongside. Photograph: AFP via Getty Images,
guardian_3518e416c3,The Guardian,2020,"""sea level rise""",Rohingya refugees arrive at 'de facto detention island' in Bangladesh,https://www.theguardian.com/world/2020/may/08/bangladesh-takes-rohingya-refugees-to-de-facto-detention-island,2020-05-08,2020-05-08,2,https://i.guim.co.uk/img/media/feec6ef9eb9a100958e7e0974dc51b725f3a0aff/0_35_3811_2286/master/3811.jpg?width=445&dpr=1&s=none&crop=none,,Makeshift housing in the Cox’s Bazar refugee camp. Photograph: Allison Joyce/Getty Images,
guardian_a4d631543b,The Guardian,2020,"""sea level rise""","Sea levels could rise more than a metre by 2100, experts say",https://www.theguardian.com/environment/2020/may/08/sea-levels-could-rise-more-than-a-metre-by-2100-experts-say,2020-05-08,2020-05-08,1,https://i.guim.co.uk/img/media/e126e7b7179618363104e61dfa808dcbfef98000/0_0_5351_3212/master/5351.jpg?width=465&dpr=1&s=none&crop=none,,"Boys play in flood waters on Tuval, an island that is extremely vulnerable to climate change. Photograph: Mario Tama/Getty Images",
guardian_1d5df1d2d1,The Guardian,2020,"""1.5C""",Putin to ease Russia lockdown despite record number of new infections – as it happened,https://www.theguardian.com/world/live/2020/may/11/coronavirus-live-news-white-house-task-force-hit-by-infection-us-usa-vp-mike-pence-donald-trump-boris-johnsons-uk-lockdown-plans-criticised,2020-05-10,2020-07-01,1,https://i.guim.co.uk/img/media/afd960b248015fc31e67d82a4132bfa193193fed/0_36_4103_2309/4103.jpg?width=465&dpr=1&s=none&crop=none,,'You should ask China': Trump terminates press conference after clash with reporters – video,
guardian_b281f587e2,The Guardian,2020,"""global temperature""","After coronavirus, focus on the climate emergency",https://www.theguardian.com/world/2020/may/10/after-coronavirus-focus-on-the-climate-emergency,2020-05-10,2021-10-29,1,https://i.guim.co.uk/img/media/6608afde410f6b06cc29375adfe7dc95b861702a/0_0_4510_2706/master/4510.jpg?width=465&dpr=1&s=none&crop=none,,"‘In our own back gardens, birdsong is more noticeable without a constant soundtrack of traffic noise.’ Photograph: Alamy",
guardian_d66d6d47b0,The Guardian,2020,IPCC,OutRage! turns 30: LGBT activists seek truth over police role,https://www.theguardian.com/world/2020/may/10/outrage-turns-30-lgbt-activists-seek-truth-over-police-role,2020-05-10,2020-05-10,1,https://i.guim.co.uk/img/media/b4f06b6ada3b657f2374ac14cab6fc3b9dbd1a72/0_17_5183_3110/master/5183.jpg?width=465&dpr=1&s=none&crop=none,,"Peter Tatchell being arrested at an OutRage! protest in London on 6 February 1992, two years after the movement was launched. Photograph: Richard Baker/In Pictures via Getty Images",
guardian_d66d6d47b0,The Guardian,2020,IPCC,OutRage! turns 30: LGBT activists seek truth over police role,https://www.theguardian.com/world/2020/may/10/outrage-turns-30-lgbt-activists-seek-truth-over-police-role,2020-05-10,2020-05-10,2,https://i.guim.co.uk/img/media/90b86a19d2bb088e6b3a5fa3180389e3772dfea7/184_232_4658_6660/master/4658.jpg?width=445&dpr=1&s=none&crop=none,,Outrage kiss-in demonstration in Piccadilly Circus. Photograph: Sean Smith/The Guardian,
guardian_d66d6d47b0,The Guardian,2020,IPCC,OutRage! turns 30: LGBT activists seek truth over police role,https://www.theguardian.com/world/2020/may/10/outrage-turns-30-lgbt-activists-seek-truth-over-police-role,2020-05-10,2020-05-10,3,https://i.guim.co.uk/img/media/e808f1b74bef670bc1781eda1f26d1c890de3859/0_76_2048_1229/master/2048.jpg?width=445&dpr=1&s=none&crop=none,,"Peter Tatchell being attacked by Robert Mugabe’s security guards after a second attempt to make a citizen’s arrest of the then Zimbabwean president, in Brussels in 2001. Photograph: Yves Boucau/EPA",
guardian_e638f4beb5,The Guardian,2020,"""sea level rise""","Murray-Darling lower lakes were largely fresh before European settlement, CSIRO review finds",https://www.theguardian.com/australia-news/2020/may/12/murray-darling-lower-lakes-were-largely-fresh-before-european-settlement-csiro-review-finds,2020-05-12,2020-05-12,1,https://i.guim.co.uk/img/media/84283ae6adb779d6c675b17077195f0a137d1701/0_0_5061_3036/master/5061.jpg?width=465&dpr=1&s=none&crop=none,,Barrages separating Lake Alexandrina from the saltwater of the Coorong near the mouth of the Murray River. Photograph: Mike Bowers/Guardian Australia,
guardian_e638f4beb5,The Guardian,2020,"""sea level rise""","Murray-Darling lower lakes were largely fresh before European settlement, CSIRO review finds",https://www.theguardian.com/australia-news/2020/may/12/murray-darling-lower-lakes-were-largely-fresh-before-european-settlement-csiro-review-finds,2020-05-12,2020-05-12,2,https://i.guim.co.uk/img/media/97b15aea329e2143745bdf6cfe286d292d4d13d6/0_0_770_743/master/770.jpg?width=445&dpr=1&s=none&crop=none,,A map of the barrages from the scientists’ report. Illustration: Murray-Darling Basin Authority,
guardian_caa85f1efe,The Guardian,2020,IPCC,Anger as Hong Kong watchdog clears police over protest response,https://www.theguardian.com/world/2020/may/15/hong-kong-police-watchdog-clears-force-protest-response,2020-05-15,2020-05-15,1,https://i.guim.co.uk/img/media/1af1198ad0f774b10004baad26374defb45fa4be/0_200_6000_3600/master/6000.jpg?width=465&dpr=1&s=none&crop=none,,Protesters stand amid teargas fired by police during an anti-government rally in Hong Kong in November. Photograph: Anthony Kwan/Getty,
guardian_caa85f1efe,The Guardian,2020,IPCC,Anger as Hong Kong watchdog clears police over protest response,https://www.theguardian.com/world/2020/may/15/hong-kong-police-watchdog-clears-force-protest-response,2020-05-15,2020-05-15,2,https://i.guim.co.uk/img/media/894bf145bf480a5080f25bd707be3d1db64172bf/0_385_5772_3463/master/5772.jpg?width=445&dpr=1&s=none&crop=none,,The IPCC chairman and taskforce team outline the findings of the report at a press conference. Photograph: Jérôme Favre/EPA,
guardian_caa85f1efe,The Guardian,2020,IPCC,Anger as Hong Kong watchdog clears police over protest response,https://www.theguardian.com/world/2020/may/15/hong-kong-police-watchdog-clears-force-protest-response,2020-05-15,2020-05-15,3,https://i.guim.co.uk/img/media/be1d2b4676c727a49134958273c0b80f537a78cc/0_514_4935_2776/4935.jpg?width=465&dpr=1&s=none&crop=none,,Hong Kong police use pepper spray against people in 'shopping protest' – video,
guardian_8f44779fe1,The Guardian,2020,"""1.5C""","After the Covid-19 crisis, will we get a greener world?",https://www.theguardian.com/environment/2020/may/17/after-the-covid-19-crisis-will-we-get-a-greener-world,2020-05-17,2021-08-25,1,https://i.guim.co.uk/img/media/a42ae98406ec979f37b696fe7758625e78072974/0_600_3000_1800/master/3000.jpg?width=465&dpr=1&s=none&crop=none,,A worker paints signs for a new cycle path in central Milan. Photograph: Claudio Furlan/AP,
guardian_8f44779fe1,The Guardian,2020,"""1.5C""","After the Covid-19 crisis, will we get a greener world?",https://www.theguardian.com/environment/2020/may/17/after-the-covid-19-crisis-will-we-get-a-greener-world,2020-05-17,2021-08-25,2,https://i.guim.co.uk/img/media/883cee7b3a6af15294c907ea353649da73e41560/0_178_5322_3192/master/5322.jpg?width=445&dpr=1&s=none&crop=none,,Empty motorways near Sydney in April. Photograph: Cameron Spencer/Getty Images,
guardian_8f44779fe1,The Guardian,2020,"""1.5C""","After the Covid-19 crisis, will we get a greener world?",https://www.theguardian.com/environment/2020/may/17/after-the-covid-19-crisis-will-we-get-a-greener-world,2020-05-17,2021-08-25,3,https://i.guim.co.uk/img/media/a204deca14fd9e271a88c88f9233eb2c2b70819a/0_450_6720_4030/master/6720.jpg?width=445&dpr=1&s=none&crop=none,,"A stray cat has Taksim metro station, Istanbul, to itself. Photograph: NurPhoto/NurPhoto via Getty Images",
guardian_8f44779fe1,The Guardian,2020,"""1.5C""","After the Covid-19 crisis, will we get a greener world?",https://www.theguardian.com/environment/2020/may/17/after-the-covid-19-crisis-will-we-get-a-greener-world,2020-05-17,2021-08-25,4,https://i.guim.co.uk/img/media/bd89f84a842349320f2b180f51ea888580716421/0_2_6595_3955/master/6595.jpg?width=445&dpr=1&s=none&crop=none,,"Grounded planes at Schiphol airport, the Netherlands. Photograph: Robin Utrecht/Rex/Shutterstock",
guardian_8f44779fe1,The Guardian,2020,"""1.5C""","After the Covid-19 crisis, will we get a greener world?",https://www.theguardian.com/environment/2020/may/17/after-the-covid-19-crisis-will-we-get-a-greener-world,2020-05-17,2021-08-25,5,https://i.guim.co.uk/img/media/4bbab8916099c1db3ca7610596ac9d057896bb31/0_389_5870_3524/master/5870.jpg?width=445&dpr=1&s=none&crop=none,,Goats roam the streets of Llandudno. Photograph: Christopher Furlong/Getty Images,
guardian_1b5b5f8041,The Guardian,2020,"""1.5C""",'For your children': former top Australian public servants call for carbon price,https://www.theguardian.com/australia-news/2020/may/18/for-your-children-former-top-australian-public-servants-call-for-carbon-price,2020-05-18,2021-08-25,1,https://i.guim.co.uk/img/media/9ac4a4b0304e2a5baa6b0ce94e46ada823bfb5e1/0_0_5448_3269/master/5448.jpg?width=465&dpr=1&s=none&crop=none,,Several former public servants have expressed their frustration over Australia’s climate policy. Photograph: Darren England/AAP,
guardian_9c5b3d4588,The Guardian,2020,"""global temperature""",Angus Taylor says it is not Australian government policy to achieve net zero emissions by 2050,https://www.theguardian.com/environment/2020/may/19/angus-taylor-says-it-is-not-australian-government-policy-to-achieve-net-zero-emissions-by-2050,2020-05-19,2021-08-25,1,https://i.guim.co.uk/img/media/67694f072e67c1d00e48afd82b578349f6ecae28/377_222_4785_2871/master/4785.jpg?width=465&dpr=1&s=none&crop=none,,"Angus Taylor says on emissions that the Morrison government would ‘love to be able to achieve net zero by 2050, but ultimately that will depend on the pathways of technology to deliver that without damaging the economy’. Photograph: Lukas Coch/AAP",
guardian_bdec689391,The Guardian,2020,"""1.5C""",Fossil fuel industry applauds Coalition climate measures that support carbon capture and storage,https://www.theguardian.com/australia-news/2020/may/20/fossil-fuel-industry-applauds-coalition-climate-measures-that-support-carbon-capture-and-storage,2020-05-19,2021-08-25,1,https://i.guim.co.uk/img/media/55fec66bb9351cca675076e90fd91b4882d9d7c4/0_374_3464_2080/master/3464.jpg?width=465&dpr=1&s=none&crop=none,,"Chevron’s Gorgon LNG development in Western Australia. The Morrison government has agreed to 21 of 26 recommendations by an expert panel to reduce emissions, including support for CCS projects. Photograph: Ray Strange/AAP",
guardian_d52efb224a,The Guardian,2020,"""1.5C""",Another green world - can we use this crisis to save the planet? Inside the 22 May Guardian Weekly,https://www.theguardian.com/news/2020/may/20/another-green-world-can-we-use-this-crisis-to-save-the-planet-inside-the-22-may-guardian-weekly,2020-05-20,2020-05-20,1,https://i.guim.co.uk/img/media/51c1405df5634dfc6b1a52c639b8b72d04c357b4/133_0_6554_3934/master/6554.jpg?width=465&dpr=1&s=none&crop=none,,Guardian weekly cover 22 May 2020 Photograph: GNM/Andrea Mongia,
guardian_d94ec2423b,The Guardian,2020,"""carbon budget""","Climate change is turning parts of Antarctica green, say scientists",https://www.theguardian.com/world/2020/may/20/climate-change-turning-parts-antarctica-green-say-scientists-algae,2020-05-20,2021-08-25,1,https://i.guim.co.uk/img/media/48359a61a36a15de4ec60e3907ab300c223963dc/0_149_3500_1969/3500.jpg?width=465&dpr=1&s=none&crop=none,,Antarctica: tiny algae turning snow green 'could create new ecosystem' – video,
guardian_d94ec2423b,The Guardian,2020,"""carbon budget""","Climate change is turning parts of Antarctica green, say scientists",https://www.theguardian.com/world/2020/may/20/climate-change-turning-parts-antarctica-green-say-scientists-algae,2020-05-20,2021-08-25,2,https://i.guim.co.uk/img/media/e25129a50298ccd995a9e2dd7b8802c9b2652303/0_726_2574_2574/master/2574.jpg?width=445&dpr=1&s=none&crop=none,,Study author Andrew Gray geotagging the snow algae blooms. Photograph: Dr Matt Davey/University of Cambridge/SAMS/AFP via Getty Images,
guardian_e102d227ef,The Guardian,2020,"""1.5C""",Leaked Covid-19 commission report calls for Australian taxpayers to underwrite gas industry expansion,https://www.theguardian.com/environment/2020/may/21/leaked-covid-19-commission-report-calls-for-australian-taxpayers-to-underwrite-gas-industry-expansion,2020-05-20,2021-08-25,1,https://i.guim.co.uk/img/media/6c279a6f6de92aab5641a80ce176a9185a2632a9/0_238_4000_2400/master/4000.jpg?width=465&dpr=1&s=none&crop=none,,"The Curtis liquefied natural gas project site in Gladstone, Queensland. A leaked report by a taskforce advising the government’s Covid-19 commission calls for Australian tax dollars to pay for a massive expansion of the gas industry. Photograph: Bloomberg via Getty Images",
guardian_18c1252599,The Guardian,2020,"""global temperature""",Albanese demands Michael McCormack apology for 'hair on fire' climate change quip,https://www.theguardian.com/australia-news/2020/may/22/albanese-demands-michael-mccormack-apology-for-hair-on-fire-climate-change-quip,2020-05-22,2021-08-25,1,https://i.guim.co.uk/img/media/678bb8f9dedba13bf1ebb6d08adf0bdd79715d60/0_212_6048_3628/master/6048.jpg?width=465&dpr=1&s=none&crop=none,,"Anthony Albanese (right), Scott Morrison and Michael McCormack (left). Photograph: Lukas Coch/AAP",
guardian_663773e1a7,The Guardian,2020,"""1.5C""",The climate crisis looms as the Coalition fiddles with fossil fuels,https://www.theguardian.com/commentisfree/2020/may/24/the-climate-crisis-looms-as-the-coalition-fiddles-with-fossil-fuels,2020-05-23,2021-08-25,1,https://i.guim.co.uk/img/media/8b8d511027c6cd93c3a6ca0415be741de3f56d89/0_50_5256_3154/master/5256.jpg?width=465&dpr=1&s=none&crop=none,,‘Angus Taylor’s discussion paper is the ... wrong policy at precisely the wrong time.’ Photograph: Mick Tsikas/AAP,
guardian_b7952e656a,The Guardian,2020,"""1.5C""",Climate change critical issue in Eden-Monaro byelection as six in 10 voters say more action needed by government,https://www.theguardian.com/australia-news/2020/may/25/climate-change-critical-issue-in-eden-monaro-byelection-as-6-in-10-voters-say-more-action-needed-by-government,2020-05-24,2021-08-25,1,https://i.guim.co.uk/img/media/d25140a525bda5ceac8d452846d3152b3a9e69ca/0_90_3000_1800/master/3000.jpg?width=465&dpr=1&s=none&crop=none,,Bushfires swept through many of the towns in the bellwether seat of Eden-Monaro. Six of seven voters polled said they had been heavily affected by the summer disaster. Photograph: Andrew Quilty/The Guardian,
guardian_6bc8f4d64d,The Guardian,2020,"""1.5C""",Australia stalls on emissions target update as UN urges deeper cuts,https://www.theguardian.com/environment/2020/may/26/australia-stalls-on-emissions-target-update-as-un-urges-deeper-cuts,2020-05-25,2021-08-25,1,https://i.guim.co.uk/img/media/3c9cb5b1c21c765d4a7ada85072d6db0e295e5e7/0_448_6720_4032/master/6720.jpg?width=465&dpr=1&s=none&crop=none,,Australia’s energy and emissions reduction minister has said he does not intend to increase the international climate change commitment this year. Photograph: Carly Earl/The Guardian,
guardian_30feb19c8e,The Guardian,2020,"""carbon budget""",UK MPs call for extra £30bn to aid green recovery from Covid-19,https://www.theguardian.com/world/2020/may/27/uk-green-recovery-covid-19-mps-climate-nature,2020-05-27,2021-08-25,1,https://i.guim.co.uk/img/media/3e1f1f1d0a51df24bace3c89c45b1632e32dc000/0_0_5184_3110/master/5184.jpg?width=465&dpr=1&s=none&crop=none,,MPs recommend ending the UK’s policy of maximising the economic extraction of oil and gas in the North Sea. Photograph: Robert Perry/EPA,
guardian_30feb19c8e,The Guardian,2020,"""carbon budget""",UK MPs call for extra £30bn to aid green recovery from Covid-19,https://www.theguardian.com/world/2020/may/27/uk-green-recovery-covid-19-mps-climate-nature,2020-05-27,2021-08-25,2,https://i.guim.co.uk/img/media/c436ba581351f9f8ea1fab7f871fe45de6f25871/0_47_1000_563/1000.jpg?width=465&dpr=1&s=none&crop=none,,Sustainable fuel: the answer to sustainable aviation,
guardian_f4ff292888,The Guardian,2020,"""global temperature""",'The human fingerprint is everywhere': Met Office's alarming warning on climate,https://www.theguardian.com/environment/2020/may/27/hadley-climate-centre-turns-30-the-human-fingerprint-is-everywhere,2020-05-27,2021-08-25,1,https://i.guim.co.uk/img/media/e9cc130fd78b165e07b8ca4539a9b9210d3ca49a/0_137_1800_1080/master/1800.jpg?width=465&dpr=1&s=none&crop=none,,"Scientists at the Hadley Centre, which has been on the global frontline of climate monitoring, research and modelling since 1990, say their early theories have been proven by facts. Photograph: Hadley Centre",
guardian_f4ff292888,The Guardian,2020,"""global temperature""",'The human fingerprint is everywhere': Met Office's alarming warning on climate,https://www.theguardian.com/environment/2020/may/27/hadley-climate-centre-turns-30-the-human-fingerprint-is-everywhere,2020-05-27,2021-08-25,2,https://i.guim.co.uk/img/media/ee58be8bad35ccbb75bc1bad4e091937484b9c31/0_69_1417_851/master/1417.jpg?width=445&dpr=1&s=none&crop=none,,"Margaret Thatcher, with Sir John Houghton, opening the Hadley Centre. She said the UK needed a world-leading climate centre to assess the “serious consequences” of greenhouse gas emissions. Photograph: Hadley Centre",
guardian_1a37dd5468,The Guardian,2020,"""1.5C""",Australia's greenhouse gas emissions fall slightly as new clean energy comes online,https://www.theguardian.com/australia-news/2020/may/29/australias-greenhouse-gas-emissions-fall-slightly-as-new-clean-energy-comes-online,2020-05-28,2021-08-25,1,https://i.guim.co.uk/img/media/b3b1e00ba6ab3a10dbcceb5acf9bfb6740b6fed3/0_93_4096_2459/master/4096.jpg?width=465&dpr=1&s=none&crop=none,,"Australia’s greenhouse gas emissions were down 0.9% in 2019 compared with 2018, but were still higher than the previous two years. Photograph: Dean Lewins/AAP",
guardian_268081c26f,The Guardian,2020,"""1.5C""","The world wasn't ready for a Green New Deal in 2009. Today, it may be",https://www.theguardian.com/commentisfree/2020/may/28/the-world-wasnt-ready-for-a-green-new-deal-in-2009-today-it-may-be,2020-05-28,2021-08-25,1,https://i.guim.co.uk/img/media/15f6b854f7f0c299f866047a41128cbca01b2387/472_320_3789_2273/master/3789.jpg?width=465&dpr=1&s=none&crop=none,,"Wind turbines off Seaton Carew beach, near Hartlepool. Photograph: AJ D Foto Ltd./Alamy",
guardian_5767748b39,The Guardian,2020,"""carbon budget""",UK urged to tie green recovery from Covid-19 crisis to Cop26 summit,https://www.theguardian.com/environment/2020/may/28/uk-urged-to-tie-green-recovery-from-covid-19-crisis-to-cop26-summit,2020-05-28,2021-08-25,1,https://i.guim.co.uk/img/media/6e0632b2898dfb13524a51dd5013bf1414fecff4/0_161_4157_2496/master/4157.jpg?width=465&dpr=1&s=none&crop=none,,"Former president of Ireland, Mary Robinson, fourth from right, at the UN Climate Change Conference COP25 in December 2019. Photograph: Cristina Quicler/AFP/Getty Images",
guardian_593cf3b300,The Guardian,2020,IPCC,Moving climate up the global political agenda,https://www.theguardian.com/environment/2020/may/28/moving-climate-up-the-global-political-agenda,2020-05-28,2021-08-25,1,https://i.guim.co.uk/img/media/0d243102d7d70af8a7562a263efe3018acd9c199/0_0_3533_2355/master/3533.jpg?width=465&dpr=1&s=none&crop=none,,"Smoke rising from the chimneys of factories in Kamisu, Ibaraki, Japan, 29 November 2019. Photograph: Tomohiro Ohsumi/Getty Images",
guardian_f21757ad27,The Guardian,2020,"""1.5C""","Cop26 climate talks in Glasgow will be delayed by a year, UN confirms",https://www.theguardian.com/environment/2020/may/28/cop26-climate-talks-in-glasgow-will-be-delayed-by-a-year-un-confirms,2020-05-28,2021-08-25,1,https://i.guim.co.uk/img/media/6cb9a42809e3846d83345bc9c30f23e4fa5481c8/0_91_3500_2101/master/3500.jpg?width=465&dpr=1&s=none&crop=none,,"The UK business secretary, Alok Sharma, said that while the focus was on fighting Covid-19, the fight against climate change must not be forgotten. Photograph: Aaron Chown/PA",
guardian_249491d564,The Guardian,2020,IPCC,Q+A: Matt Canavan grilled on climate change and family links to coal industry,https://www.theguardian.com/australia-news/2020/jun/02/qa-matt-canavan-grilled-on-climate-change-and-family-links-to-coal-industry,2020-06-01,2021-08-25,1,https://i.guim.co.uk/img/media/7e15023964e6c29717c78946d78a1b7cfdd0b629/74_0_1635_981/master/1635.jpg?width=465&dpr=1&s=none&crop=none,,Nationals senator Matt Canavan was asked to clarify his family ‘interests’ in the coal industry during Q+A on Monday night as he defended his criticism of climate change action. Photograph: ABC TV,
guardian_23da93a6a7,The Guardian,2020,IPCC,Anthony Grainger: police misconduct case over shooting collapses,https://www.theguardian.com/uk-news/2020/jun/02/anthony-grainger-police-misconduct-case-over-shooting-collapses,2020-06-02,2020-06-03,1,https://i.guim.co.uk/img/media/3cfa78271c4bea7a9a31317f16d26a721803efae/0_0_3285_1972/master/3285.jpg?width=465&dpr=1&s=none&crop=none,,"Anthony Grainger, from Bolton, was shot dead by a Greater Manchester police firearms officer in March 2012. Photograph: IPCC/PA",
guardian_79750be58c,The Guardian,2020,"""sea level rise""","Many of the 300 plants and animals endemic to Canada at risk, report finds",https://www.theguardian.com/environment/2020/jun/04/canada-plants-animals-species-at-risk-report-aoe,2020-06-04,2021-10-29,1,https://i.guim.co.uk/img/media/874a134b250d8ab1b499ebe05a34a25d11bc5f19/0_340_5100_3060/master/5100.jpg?width=465&dpr=1&s=none&crop=none,,"‘No other nation can protect this group of all-Canadian species. Their conservation is completely up to Canadians,’ said Dan Kraus. Photograph: All Canada Photos/Alamy Stock Photo",
guardian_79750be58c,The Guardian,2020,"""sea level rise""","Many of the 300 plants and animals endemic to Canada at risk, report finds",https://www.theguardian.com/environment/2020/jun/04/canada-plants-animals-species-at-risk-report-aoe,2020-06-04,2021-10-29,2,https://i.guim.co.uk/img/media/6f71bfde9f22cb48118246a84344246f5f25dfeb/160_0_3594_4491/master/3594.jpg?width=445&dpr=1&s=none&crop=none,,A Steller’s jay. Photograph: Eye Ubiquitous/Universal Images Group/Getty Images,
guardian_9e5339586f,The Guardian,2020,"""global temperature""",The world must seize this opportunity to meet the climate challenge,https://www.theguardian.com/commentisfree/2020/jun/05/world-climate-breakdown-pandemic,2020-06-05,2021-08-25,1,https://i.guim.co.uk/img/media/db4eb71cc88aca69a82d4f09cf53690d0ff86637/0_183_5489_3293/master/5489.jpg?width=465&dpr=1&s=none&crop=none,,"‘Over the last year, we have seen record temperatures across Europe, extreme rainfall in the US, and, for the first time ever, wildfires in the Arctic.’ Soaring temperatures in Paris, July 2019. Photograph: Bertrand Guay/AFP/Getty Images",
guardian_fea4f003cd,The Guardian,2020,"""1.5C""",Renewable energy stimulus can create three times as many Australian jobs as fossil fuels,https://www.theguardian.com/australia-news/2020/jun/07/renewable-energy-stimulus-three-times-as-many-australia-jobs-fossil-fuels-coronavirus-economic-recovery,2020-06-07,2020-07-01,1,https://i.guim.co.uk/img/media/c0a2d4da299aac362e1506b8e4202bc8f0fbabe5/0_215_5054_3034/master/5054.jpg?width=465&dpr=1&s=none&crop=none,,Cows roam around near a wind farm in Bungendore. Ernst and Young has found government spending on renewable energy and a green recovery from coronavirus would create three times as many jobs as the same spending on fossil fuels. Photograph: Mick Tsikas/AAP,
guardian_1bc1afd8d7,The Guardian,2020,"""1.5C""",Unesco urged to declare Great Barrier Reef 'in danger',https://www.theguardian.com/environment/2020/jun/11/unesco-urged-to-declare-great-barrier-reef-in-danger,2020-06-10,2020-06-10,1,https://i.guim.co.uk/img/media/5abed275cbb6659540ed68c55e341378f51c8f7d/0_359_5400_3240/master/5400.jpg?width=465&dpr=1&s=none&crop=none,,A marine park authority report last year found the outlook for the Great Barrier Reef had deteriorated from poor to very poor and greenhouse gas emissions were the greatest threat to its health. Photograph: VWPics/Universal Images Group via Getty Images,
guardian_ddb8015fd3,The Guardian,2020,"""1.5C""","Morning mail: BHP to destroy sacred sites, Antarctic melt, EU slams China disinformation",https://www.theguardian.com/australia-news/2020/jun/11/morning-mail-bhp-to-destroy-more-sacred-sites-antarctic-melt-eu-slams-china-disinformation,2020-06-10,2020-06-10,1,https://i.guim.co.uk/img/media/f306c243d6bc46f47f78190806abb5e59feb258b/0_202_4201_2522/master/4201.jpg?width=445&dpr=1&s=none&crop=none,,The China Policy Centre says Australia’s counter-interference strategy ‘needs to prioritise China because it is among the fastest-growing sources of threats and challenges’. Photograph: Mike Bowers/The Guardian,
guardian_ddb8015fd3,The Guardian,2020,"""1.5C""","Morning mail: BHP to destroy sacred sites, Antarctic melt, EU slams China disinformation",https://www.theguardian.com/australia-news/2020/jun/11/morning-mail-bhp-to-destroy-more-sacred-sites-antarctic-melt-eu-slams-china-disinformation,2020-06-10,2020-06-10,2,https://i.guim.co.uk/img/media/7a47967961f812b37fa456ce2108b67fdfc7b5ac/0_151_3000_1800/master/3000.jpg?width=445&dpr=1&s=none&crop=none,,"Philonise Floyd, George Floyd’s brother, in Washington on Wednesday. He said: ‘I’m tired of the pain I feel every time another black person is killed for no reason.’ Photograph: Greg Nash/AP",
guardian_ddb8015fd3,The Guardian,2020,"""1.5C""","Morning mail: BHP to destroy sacred sites, Antarctic melt, EU slams China disinformation",https://www.theguardian.com/australia-news/2020/jun/11/morning-mail-bhp-to-destroy-more-sacred-sites-antarctic-melt-eu-slams-china-disinformation,2020-06-10,2020-06-10,3,https://i.guim.co.uk/img/media/f03fd39f96a610beb07cf99951c69ffccc2ed2fb/0_114_5305_3183/master/5305.jpg?width=445&dpr=1&s=none&crop=none,,"Academy Award-nominated Australian actress Margot Robbie got her domestic break in the long-running soap, Neighbours. Photograph: Tolga Akmen/AFP via Getty Images",
guardian_ddb8015fd3,The Guardian,2020,"""1.5C""","Morning mail: BHP to destroy sacred sites, Antarctic melt, EU slams China disinformation",https://www.theguardian.com/australia-news/2020/jun/11/morning-mail-bhp-to-destroy-more-sacred-sites-antarctic-melt-eu-slams-china-disinformation,2020-06-10,2020-06-10,4,https://i.guim.co.uk/img/media/b6522bac00b29e9e511eca355acec909375ec327/0_283_4000_2401/master/4000.jpg?width=445&dpr=1&s=none&crop=none,,Dustin Martin and Richmond get the AFL season back under way against Collingwood on Thursday night. Photograph: Scott Barbour/AAP,
guardian_dcd050007f,The Guardian,2020,"""1.5C""",Indigenous-run firm behind Collinsville coal-fired plant says Coalition used it 'as a pawn',https://www.theguardian.com/australia-news/2020/jun/12/company-behind-collinsville-power-plant-fears-it-was-used-by-coalition-to-win-election,2020-06-11,2020-06-11,1,https://i.guim.co.uk/img/media/c4d669cd387cb04a659a6310b27c16acdda56798/0_605_4032_2419/master/4032.jpg?width=465&dpr=1&s=none&crop=none,,"Shine Energy says it has not received promised funding for a feasibility study into a 1,000 megawatt coal-fired power station in Queensland. Photograph: Ben Smee/The Guardian",
guardian_4918abdd6e,The Guardian,2020,"""1.5C""","Gas ‘completely dominated’ discussion about Covid-19 recovery, commission adviser says",https://www.theguardian.com/australia-news/2020/jun/13/gas-completely-dominated-discussion-about-covid-19-recovery-commission-adviser-says,2020-06-12,2020-07-01,1,https://i.guim.co.uk/img/media/4690e88ec8c315bb5a1b92f9122351c02b6a90b6/333_70_2254_1352/master/2254.jpg?width=465&dpr=1&s=none&crop=none,,"Gas ‘completely dominated’ Covid commission taskforce discussions, national secretary of AMWU Paul Bastion says, while renewables have a lower cost and should be ‘front and centre’. Photograph: Reuters Staff/Reuters",
guardian_855825f4b3,The Guardian,2020,IPCC,The police say they support Black Lives Matter. Tell that to people in Tottenham,https://www.theguardian.com/commentisfree/2020/jun/12/black-lives-matter-tottenham-mark-duggan-deaths-custody,2020-06-12,2020-06-12,1,https://i.guim.co.uk/img/media/89d6b61e98f8058e635db6ca1c0219a6457a6134/0_63_5968_3581/master/5968.jpg?width=465&dpr=1&s=none&crop=none,,"Graffiti in Shoreditch, east London. Photograph: Dan Kitwood/Getty Images",
guardian_87b5503ed4,The Guardian,2020,"""1.5C""","Climate worst-case scenarios may not go far enough, cloud data shows",https://www.theguardian.com/environment/2020/jun/13/climate-worst-case-scenarios-clouds-scientists-global-heating,2020-06-13,2021-08-25,1,https://i.guim.co.uk/img/media/935c15a6be288719aee1466ca2d443248a6fb029/136_0_5705_3424/master/5705.jpg?width=465&dpr=1&s=none&crop=none,,Experts say the projections have the potential to be ‘incredibly alarming’. Photograph: Alamy,
guardian_025cf80097,The Guardian,2020,"""1.5C""",Leading UK charities urge PM to demand a green Covid-19 recovery,https://www.theguardian.com/environment/2020/jun/15/leading-uk-charities-urge-pm-seek-green-recovery-covid-19,2020-06-15,2021-08-25,1,https://i.guim.co.uk/img/media/8b9e5e2b2832255d01a8cf5590b8deb7ac946918/0_0_5760_3456/master/5760.jpg?width=465&dpr=1&s=none&crop=none,,The charities called for economic rescue packages to be used to build low-carbon infrastructure and help create green jobs. Photograph: Mark Waugh/Alamy,
guardian_1b7f3a2630,The Guardian,2020,"""global temperature""","Covid-19 pandemic is 'fire drill' for effects of climate crisis, says UN official",https://www.theguardian.com/environment/2020/jun/15/covid-19-pandemic-is-fire-drill-for-effects-of-climate-crisis-says-un-official,2020-06-15,2021-08-25,1,https://i.guim.co.uk/img/media/2158a250276331938a14a91e12f6400ff4f18401/775_602_3833_2300/master/3833.jpg?width=465&dpr=1&s=none&crop=none,,"Lise Kingo: ‘Young people are so dedicated to this agenda, they don’t want to work for companies that do not have a solid responsibility strategy.’ Photograph: Vaughn Ridley/Getty Images",
guardian_303769ea7e,The Guardian,2020,"""global temperature""",Bank of England boosts bond-buying programme by £100bn - as it happened,https://www.theguardian.com/business/live/2020/jun/18/stock-market-rally-fades-covid-19-second-wave-bank-of-england-poised-to-announce-more-stimulus-business-live,2020-06-18,2024-09-25,1,https://i.guim.co.uk/img/media/67e68cdd525da5681325f9681f07a692bc95d027/0_150_3500_2101/master/3500.jpg?width=465&dpr=1&s=none&crop=none,,Bank of England deputy governor Ben Broadbent. Photograph: Reuters,
guardian_303769ea7e,The Guardian,2020,"""global temperature""",Bank of England boosts bond-buying programme by £100bn - as it happened,https://www.theguardian.com/business/live/2020/jun/18/stock-market-rally-fades-covid-19-second-wave-bank-of-england-poised-to-announce-more-stimulus-business-live,2020-06-18,2024-09-25,2,https://i.guim.co.uk/img/media/c3d878eb87d64a2a570cdf21d04ee227a92fedb2/0_196_1796_1077/master/1796.jpg?width=465&dpr=1&s=none&crop=none,,"A bag of Uncle Ben’s rice is seen on a store shelf on June 17, 2020 in Washington,DC. Photograph: Eva Hambach/AFP/Getty Images",
guardian_303769ea7e,The Guardian,2020,"""global temperature""",Bank of England boosts bond-buying programme by £100bn - as it happened,https://www.theguardian.com/business/live/2020/jun/18/stock-market-rally-fades-covid-19-second-wave-bank-of-england-poised-to-announce-more-stimulus-business-live,2020-06-18,2024-09-25,3,https://i.guim.co.uk/img/media/1aa4d7b6f60f2e2fdac858d265420b813950ea9d/0_115_3500_2100/master/3500.jpg?width=465&dpr=1&s=none&crop=none,,Andrew Tyrie. Photograph: Laura Lean/PA,
guardian_cac7226549,The Guardian,2020,"""1.5C""",Morrison government flags incentives for Australians to take domestic holidays to save tourism industry,https://www.theguardian.com/australia-news/2020/jun/20/morrison-government-flags-incentives-for-australians-to-take-domestic-holidays-to-save-tourism-industry,2020-06-19,2021-08-25,1,https://i.guim.co.uk/img/media/2d010ab087e863f37bd4e30a6075c0a21745095e/0_346_5184_3110/master/5184.jpg?width=465&dpr=1&s=none&crop=none,,The Australian government is designing a tourism support package for an industry reeling from the double impact of the summer’s bushfires and the Covid-19 lockdown. Photograph: Lisa Maree Williams/Getty Images,
guardian_647eadf1ec,The Guardian,2020,"""1.5C""",Minerals Council of Australia endorses net-zero emissions but with no target date,https://www.theguardian.com/environment/2020/jun/22/minerals-council-of-australia-endorses-net-zero-emissions-but-with-no-target-date,2020-06-22,2020-06-22,1,https://i.guim.co.uk/img/media/7f9cb0bbef1225b5a4febbe9ca6e00bcd62ab63a/0_16_4569_2742/master/4569.jpg?width=465&dpr=1&s=none&crop=none,,The Minerals Council of Australia says it’s possible for the coal industry to achieve net-zero emissions. Photograph: Dan Peled/AAP,
guardian_2876d5364a,The Guardian,2020,IPCC,Australia records its first Covid-19 death in a month – as it happened,https://www.theguardian.com/australia-news/live/2020/jun/24/coronavirus-australia-latest-updates-victoria-testing-melbourne-lockdown-hume-moreland-darebin-brimbank-casey-cardinia-live-news,2020-06-23,2020-07-01,1,https://i.guim.co.uk/img/media/4030affc21f9fc8baa39ace5027767a1b1ea125a/0_0_4833_2900/master/4833.jpg?width=465&dpr=1&s=none&crop=none,,Coles has also reintroduced buying limits in its Victorian stores. Photograph: Darren England/AAP,
guardian_3e8e251961,The Guardian,2020,"""sea level rise""",Boost for Beijing: pro-China president wins re-election in Kiribati,https://www.theguardian.com/world/2020/jun/23/pro-china-president-wins-re-election-in-kiribati,2020-06-23,2020-06-25,1,https://i.guim.co.uk/img/media/740ddb10b17585687a1f5168623effee5861f9e1/0_106_3723_2233/master/3723.jpg?width=465&dpr=1&s=none&crop=none,,President of Kiribati Taneti Maamau addresses the UN general assembly in 2019 Photograph: Johannes Eisele/AFP/Getty Images,
guardian_3e8e251961,The Guardian,2020,"""sea level rise""",Boost for Beijing: pro-China president wins re-election in Kiribati,https://www.theguardian.com/world/2020/jun/23/pro-china-president-wins-re-election-in-kiribati,2020-06-23,2020-06-25,2,https://i.guim.co.uk/img/media/bed18ddae8a51b0cf7cd080ce2fe8be1489463ac/0_146_3500_2101/master/3500.jpg?width=445&dpr=1&s=none&crop=none,,China’s President Xi Jinping and Kiribati’s President Taneti Maamau met in Beijing in January. Photograph: Jason Lee/Reuters,
guardian_3e8e251961,The Guardian,2020,"""sea level rise""",Boost for Beijing: pro-China president wins re-election in Kiribati,https://www.theguardian.com/world/2020/jun/23/pro-china-president-wins-re-election-in-kiribati,2020-06-23,2020-06-25,3,https://i.guim.co.uk/img/media/c1553342f5806c019ac8cb74a18e555e61d17211/0_342_5760_3456/master/5760.jpg?width=445&dpr=1&s=none&crop=none,,"Christmas Island, Kiribati, is the world’s largest atoll. Photograph: Natalia Harper/Alamy Stock Photo",
guardian_7a91eb1025,The Guardian,2020,"""sea level rise""",Seasteading – a vanity project for the rich or the future of humanity?,https://www.theguardian.com/environment/2020/jun/24/seasteading-a-vanity-project-for-the-rich-or-the-future-of-humanity,2020-06-24,2020-06-25,1,https://i.guim.co.uk/img/media/4ecbb70d66f1163ee97779c6e2d7131d247719dc/0_226_3616_2171/master/3616.jpg?width=445&dpr=1&s=none&crop=none,,"Chad Elwartowski’s seastead in the Andaman Sea, about 12 nautical miles off the coast of Phuket, which was towed away by the Thai navy. Photograph: Royal Thai Navy/EPA",
guardian_7a91eb1025,The Guardian,2020,"""sea level rise""",Seasteading – a vanity project for the rich or the future of humanity?,https://www.theguardian.com/environment/2020/jun/24/seasteading-a-vanity-project-for-the-rich-or-the-future-of-humanity,2020-06-24,2020-06-25,2,https://i.guim.co.uk/img/media/0762fd43b844d92de49c7c116864573f02fc0989/84_0_2832_1700/master/2832.jpg?width=465&dpr=1&s=none&crop=none,,An underwater night image of Oceanix City. Photograph: BIG-Bjarke Ingels Group,
guardian_7a91eb1025,The Guardian,2020,"""sea level rise""",Seasteading – a vanity project for the rich or the future of humanity?,https://www.theguardian.com/environment/2020/jun/24/seasteading-a-vanity-project-for-the-rich-or-the-future-of-humanity,2020-06-24,2020-06-25,3,https://i.guim.co.uk/img/media/8f42481f7f773badcd815891864c94589d549467/304_125_1335_801/master/1335.jpg?width=445&dpr=1&s=none&crop=none,,An artist’s concept model for the Seasteading Institute. Photograph: The Seasteading Institute and Matias Perez,
guardian_7a91eb1025,The Guardian,2020,"""sea level rise""",Seasteading – a vanity project for the rich or the future of humanity?,https://www.theguardian.com/environment/2020/jun/24/seasteading-a-vanity-project-for-the-rich-or-the-future-of-humanity,2020-06-24,2020-06-25,4,https://i.guim.co.uk/img/media/dd6843c1fe900682c6622821f569dec03f3a7311/0_108_1440_864/master/1440.jpg?width=445&dpr=1&s=none&crop=none,,Polynesian flower island concept for the Seasteading Institute. Photograph: The Seasteading Institute and Bart Roeffen,
guardian_7a91eb1025,The Guardian,2020,"""sea level rise""",Seasteading – a vanity project for the rich or the future of humanity?,https://www.theguardian.com/environment/2020/jun/24/seasteading-a-vanity-project-for-the-rich-or-the-future-of-humanity,2020-06-24,2020-06-25,5,https://i.guim.co.uk/img/media/baf44305713c979c02d1f1cf3840ea71a4e248d5/300_60_2577_1546/master/2577.jpg?width=445&dpr=1&s=none&crop=none,,A render of one of the luxury SeaPods designed by Ocean Builders. Photograph: Ocean Builders,
guardian_c83720eee9,The Guardian,2020,"""1.5C""",Anthony Albanese vows to set new medium-term emissions reduction target,https://www.theguardian.com/australia-news/2020/jun/24/anthony-albanese-vows-to-set-new-medium-term-emissions-reduction-target,2020-06-24,2020-06-24,1,https://i.guim.co.uk/img/media/0a5dc768f2dd9ec4554f14fdee1cddee1af641f5/0_0_4222_2534/master/4222.jpg?width=465&dpr=1&s=none&crop=none,,Anthony Albanese says Labor’s medium-term target on emissions reduction will be ‘based on science’. Photograph: Rohan Thomson/Getty Images,
guardian_fdbf3ca8a7,The Guardian,2020,"""1.5C""","Up to 11,000 renewable energy jobs could be lost under Morrison government policies",https://www.theguardian.com/environment/2020/jun/25/up-to-11000-renewable-energy-jobs-could-be-lost-under-morrison-government-policies,2020-06-24,2020-06-26,1,https://i.guim.co.uk/img/media/8f36eeb3575950a6b9486ddd22b979e0ed8e83e3/952_1019_5768_3461/master/5768.jpg?width=465&dpr=1&s=none&crop=none,,A survey of renewable energy jobs in Australia conducted by UTS has found the industry’s future depends on how Covid-19 stimulus is deployed. Photograph: Carly Earl/The Guardian,
guardian_61f1ca3b2b,The Guardian,2020,"""sea level rise""",Reserve Bank warns of 25% GDP loss by 2100 unless action taken on climate change,https://www.theguardian.com/australia-news/2020/jun/26/reserve-bank-warns-of-25-gdp-loss-by-2100-unless-action-taken-on-climate-change,2020-06-25,2020-07-22,1,https://i.guim.co.uk/img/media/0403e3a619368e196e0a9c14702a23cbe60c6914/0_374_5616_3370/master/5616.jpg?width=465&dpr=1&s=none&crop=none,,The Reserve Bank of Australia building in Martin Place. The RBA and other central banks have sounded an urgent warning about the risk of climate change to the global economy. Photograph: Bianca de Marchi/AAP,
guardian_ad55ba9e91,The Guardian,2020,"""1.5C""",Major energy companies call on Coalition to set target of net zero emissions by 2050,https://www.theguardian.com/environment/2020/jun/25/major-energy-companies-call-on-coalition-to-set-target-of-net-zero-emissions-by-2050,2020-06-25,2020-06-25,1,https://i.guim.co.uk/img/media/5f836460cb1a752597eac3feadb6b056500d1715/0_448_6720_4032/master/6720.jpg?width=465&dpr=1&s=none&crop=none,,A solar farm in Dubbo. The Australian Energy Council has come out in support of net zero greenhouse gas emissions by 2050 and called on the federal government to set the target. Photograph: Carly Earl/The Guardian,
guardian_142a4c4401,The Guardian,2020,"""carbon budget""","Government climate advisers running scared of change, says leading scientist",https://www.theguardian.com/environment/2020/jun/26/leading-scientist-criticises-uk-over-its-climate-record,2020-06-26,2021-08-25,1,https://i.guim.co.uk/img/media/c8ada7d5ea61892d28d98f90109c2cdcfb26f6bf/0_68_2097_1258/master/2097.jpg?width=465&dpr=1&s=none&crop=none,,The UK government is hoping to meet its net zero carbon target by 2050. Photograph: John Giles/PA,
guardian_142a4c4401,The Guardian,2020,"""carbon budget""","Government climate advisers running scared of change, says leading scientist",https://www.theguardian.com/environment/2020/jun/26/leading-scientist-criticises-uk-over-its-climate-record,2020-06-26,2021-08-25,2,https://i.guim.co.uk/img/media/c89be943f1420abef78355c81810ff986a6f8c5a/0_192_5760_3456/master/5760.jpg?width=445&dpr=1&s=none&crop=none,,"Kevin Anderson is a professor of energy and climate change, working at several universities. Photograph: Christopher Thomond/The Guardian",
guardian_9c4a4146c0,The Guardian,2020,"""1.5C""",Commonwealth Bank activist shareholders call out company for financing new gas projects,https://www.theguardian.com/news/2020/jun/26/commonwealth-bank-activist-shareholders-call-out-company-for-financing-new-gas-projects,2020-06-26,2021-08-25,1,https://i.guim.co.uk/img/media/2507e8b09da000c2d7a340f972eaedd12762339d/0_0_4616_2771/master/4616.jpg?width=465&dpr=1&s=none&crop=none,,"Commonwealth Bank say its lending is assessed on the basis of environmental, social and economic impacts, and whether it aligned with the Paris agreement. Photograph: Dean Lewins/AAP",
guardian_9ad6265456,The Guardian,2020,"""1.5C""",Likelihood of 40C temperatures in UK is ‘rapidly accelerating’,https://www.theguardian.com/environment/2020/jun/30/likelihood-of-40c-temperatures-in-uk-is-rapidly-accelerating,2020-06-30,2021-08-25,1,https://i.guim.co.uk/img/media/cd738fbb29e66c1eecb81cef5279e12744bc226e/0_8_3500_2100/master/3500.jpg?width=465&dpr=1&s=none&crop=none,,"Firefighters on Saddleworth Moor in north-west England dampen the ground during the summer of 2018, the joint hottest on record. Photograph: Peter Byrne/PA",
guardian_ee556f0f3c,The Guardian,2020,"""sea level rise""",Earth's final frontier: the global race to map the entire ocean floor,https://www.theguardian.com/environment/2020/jun/30/earths-final-frontier-the-global-race-to-map-the-entire-ocean-floor,2020-06-30,2023-02-15,1,https://i.guim.co.uk/img/media/1fbd8bd9ab2cb273955b3671a8eae0f6fdb86c55/0_313_4032_2421/master/4032.jpg?width=465&dpr=1&s=none&crop=none,,"Vicki Ferrini at the Lamont-Doherty Earth Observatory, where she works as a geoinformatics researcher. Photograph: Vicki Ferrini",
guardian_ee556f0f3c,The Guardian,2020,"""sea level rise""",Earth's final frontier: the global race to map the entire ocean floor,https://www.theguardian.com/environment/2020/jun/30/earths-final-frontier-the-global-race-to-map-the-entire-ocean-floor,2020-06-30,2023-02-15,2,https://i.guim.co.uk/img/media/1234fbb02287fcd0bf9af4c3dfbd455bcce6a8dd/0_177_4391_2633/master/4391.jpg?width=445&dpr=1&s=none&crop=none,,"The pilot Amelia Earhart and her navigator, Fred Noonan, with a map of the Pacific that shows the route of their last flight in 1937. The quest to find her plane has led to attempts to map the seabed. Photograph: Bettmann/Bettmann Archive",
guardian_ee556f0f3c,The Guardian,2020,"""sea level rise""",Earth's final frontier: the global race to map the entire ocean floor,https://www.theguardian.com/environment/2020/jun/30/earths-final-frontier-the-global-race-to-map-the-entire-ocean-floor,2020-06-30,2023-02-15,3,https://i.guim.co.uk/img/media/2808d9a7e143febbcc315a49bbef611e42bcc9aa/0_5_880_528/master/880.jpg?width=445&dpr=1&s=none&crop=none,,"New images of the side of the RMS Titanic in her resting place at the bottom of the North Atlantic Ocean, taken during a survey of the wreckage from a manned submersible on an expedition in August 2019. Photograph: Atlantic Productions",
guardian_ee556f0f3c,The Guardian,2020,"""sea level rise""",Earth's final frontier: the global race to map the entire ocean floor,https://www.theguardian.com/environment/2020/jun/30/earths-final-frontier-the-global-race-to-map-the-entire-ocean-floor,2020-06-30,2023-02-15,4,https://i.guim.co.uk/img/media/68fd3092074ba797a5bfd72ce1e9b3070a04c8f9/174_0_5116_3070/master/5116.jpg?width=445&dpr=1&s=none&crop=none,,"The ‘Seabed Constructor’ in the southern Indian Ocean off the coast of South Africa, on 4 January 2018. The ship and its unmanned submarines has been scouring the ocean floor for wreckage from flight MH370. Photograph: Ocean Infinity Handout/EPA",
guardian_ee556f0f3c,The Guardian,2020,"""sea level rise""",Earth's final frontier: the global race to map the entire ocean floor,https://www.theguardian.com/environment/2020/jun/30/earths-final-frontier-the-global-race-to-map-the-entire-ocean-floor,2020-06-30,2023-02-15,5,https://i.guim.co.uk/img/media/058200410bf24ed668426b8e3d6ec81a201606e2/64_0_2073_1245/master/2073.jpg?width=445&dpr=1&s=none&crop=none,,An undated supplied image from Geoscience Australia shows a computer generated three-dimensional view of the sea floor. Photograph: Reuters,
guardian_5d146f83cf,The Guardian,2020,"""global temperature""",This pandemic has exposed the uselessness of orthodox economics,https://www.theguardian.com/commentisfree/2020/jul/05/pandemic-orthodox-economics-covid-19,2020-07-05,2020-07-06,1,https://i.guim.co.uk/img/media/ef181e9e7238359c2446792f73e723d65d5dfd50/0_53_5254_3154/master/5254.jpg?width=465&dpr=1&s=none&crop=none,,"‘Framing the future in terms of probabilities gives us the illusion of knowledge and control, which is extraordinarily tempting, but it’s all hubris.’ Photograph: Daniel Sorabji/AFP via Getty Images",
guardian_4690899df8,The Guardian,2020,"""1.5C""",Australian banks 'undermining Paris agreement' with $7bn in fossil fuel loans,https://www.theguardian.com/australia-news/2020/jul/08/australian-banks-undermining-paris-agreement-with-7bn-in-fossil-fuel-loans,2020-07-07,2021-08-25,1,https://i.guim.co.uk/img/media/5831ba98ad0e9a2f8d0c42e8e7cf8084b9a7c3d6/0_105_2362_1418/master/2362.jpg?width=465&dpr=1&s=none&crop=none,,An activist investor group says while Australia’s big banks committed to supporting the Paris climate agreement they are wrecking its chances of success by funnelling billions into new polluting projects. Photograph: Nikki Marshall/The Guardian,
guardian_3662277843,The Guardian,2020,"""global temperature""",Spreading rock dust on fields could remove vast amounts of CO2 from air,https://www.theguardian.com/environment/2020/jul/08/spreading-rock-dust-on-fields-could-remove-vast-amounts-of-co2-from-air,2020-07-08,2021-08-25,1,https://i.guim.co.uk/img/media/96eb3ddbe89327d4d49fb05c7eab103ae6dadbd3/62_0_1028_617/master/1028.jpg?width=465&dpr=1&s=none&crop=none,,Crushed basalt is applied to an arable field in Norfolk as part of the research programme of the Leverhulme Centre for Climate Change Mitigation. Photograph: Dr Dimitar Epihov,
guardian_d2b5ed280d,The Guardian,2020,"""global temperature""",CO2 in Earth's atmosphere nearing levels of 15m years ago,https://www.theguardian.com/environment/2020/jul/09/co2-in-earths-atmosphere-nearing-levels-of-15m-years-ago,2020-07-09,2021-08-25,1,https://i.guim.co.uk/img/media/f03fe3d1ae233572bf1db6486759874632094394/0_120_3600_2159/master/3600.jpg?width=465&dpr=1&s=none&crop=none,,The level of CO2 in the atmosphere is nearing a level possibly never experienced by a hominoid. Photograph: Dmitry Rukhlenko - Travel Photos/Alamy Stock Photo,
guardian_6ad7c5895e,The Guardian,2020,"""global temperature""",Cold comfort: climate may take decades to respond to carbon cuts,https://www.theguardian.com/news/2020/jul/13/cold-comfort-climate-may-take-decades-to-respond-to-carbon-cuts,2020-07-13,2021-08-25,1,https://i.guim.co.uk/img/media/a0b677bf8cefd8d576f623474afc66026df496f9/0_58_3500_2100/master/3500.jpg?width=465&dpr=1&s=none&crop=none,,"The snow-covered Pir Panjal mountain range is seen from Jammu, in Jammu and Kashmir, in May after air pollution levels started to drop during lockdown. Photograph: Mukesh Gupta/Reuters",
guardian_bcc8226437,The Guardian,2020,"""1.5C""",Samsung investment in Adani's Australian coal operation prompts call for boycott,https://www.theguardian.com/business/2020/jul/16/samsung-investment-in-adanis-australian-coal-operation-prompts-call-for-boycott,2020-07-16,2020-07-16,1,https://i.guim.co.uk/img/media/395120b7b9d3da1a0c0922007270cf1ba9618038/0_156_3000_1800/master/3000.jpg?width=465&dpr=1&s=none&crop=none,,Call to boycott Samsung Electronics over Adani investment by Samsung Securities. Photograph: Bloomberg via Getty Images,
guardian_ce11ddd501,The Guardian,2020,"""carbon budget""","Pandemic shows climate has never been treated as crisis, say scientists",https://www.theguardian.com/environment/2020/jul/16/pandemic-shows-climate-has-never-been-treated-as-crisis-say-scientists,2020-07-16,2021-08-25,1,https://i.guim.co.uk/img/media/cbc6b7b47555b75978255e3de038b458a8731624/0_150_4500_2700/master/4500.jpg?width=465&dpr=1&s=none&crop=none,,"A climate protest in Duesseldorf, Germany, last week. Photograph: Sascha Steinbach/EPA",
guardian_ce11ddd501,The Guardian,2020,"""carbon budget""","Pandemic shows climate has never been treated as crisis, say scientists",https://www.theguardian.com/environment/2020/jul/16/pandemic-shows-climate-has-never-been-treated-as-crisis-say-scientists,2020-07-16,2021-08-25,2,https://i.guim.co.uk/img/media/2e17901877d794dabe515cd1d96e37800126546b/0_154_4705_2646/4705.jpg?width=465&dpr=1&s=none&crop=none,,Greta Thunberg calls for EU action on climate 'existential crisis' in letter – video,
guardian_c7fa87428d,The Guardian,2020,"""carbon budget""","Negative-emissions tech helps, but it's no magic bullet for the climate crisis",https://www.theguardian.com/commentisfree/2020/jul/20/negative-emissions-tech-climate-crisis-carbon,2020-07-20,2021-08-25,1,https://i.guim.co.uk/img/media/86c9936116abdb088de8aede958590d04edbe992/0_234_3448_2070/master/3448.jpg?width=465&dpr=1&s=none&crop=none,,Papakolea green-sand beach in Hawaii inspired plans to spread olivine on other beaches to facilitate carbon capture. Photograph: Project Vesta/Reuters,
guardian_3256ca4051,The Guardian,2020,"""global temperature""",Global heating: best and worst case scenarios less likely than thought,https://www.theguardian.com/environment/2020/jul/22/global-heating-study-narrows-range-of-probable-temperature-rises,2020-07-22,2021-08-25,1,https://i.guim.co.uk/img/media/979b71ab1aa62cbceeb8b68ea9874c1d6956c80a/0_113_4858_2915/master/4858.jpg?width=465&dpr=1&s=none&crop=none,,The study is likely to be the most influential yet because it is written by more than a dozen experts and draws upon the widest range of evidence. Photograph: Murdo MacLeod/The Guardian,
guardian_3059f40e95,The Guardian,2020,"""sea level rise""",What the US exiting the Paris climate agreement means,https://www.theguardian.com/us-news/2020/jul/27/us-paris-climate-accord-exit-what-it-means,2020-07-27,2021-08-25,1,https://i.guim.co.uk/img/media/19c2a581da3d6a5d887afd4837179ac7141d9892/0_0_1920_1080/1920.jpg?width=465&dpr=1&s=none&crop=none,,Why Trump abandoning the climate fight puts the planet in even more danger – video explainer,
guardian_3059f40e95,The Guardian,2020,"""sea level rise""",What the US exiting the Paris climate agreement means,https://www.theguardian.com/us-news/2020/jul/27/us-paris-climate-accord-exit-what-it-means,2020-07-27,2021-08-25,2,https://i.guim.co.uk/img/media/9f53e6a47ade0b4171f3807efb457b7746f0b544/0_0_3352_2012/master/3352.jpg?width=445&dpr=1&s=none&crop=none,,A man wipes his face with a towel while standing on subway platform in New York on 20 July 2019 amid forecasts of a heatwave. Photograph: Bloomberg via Getty Images,
guardian_3059f40e95,The Guardian,2020,"""sea level rise""",What the US exiting the Paris climate agreement means,https://www.theguardian.com/us-news/2020/jul/27/us-paris-climate-accord-exit-what-it-means,2020-07-27,2021-08-25,3,https://i.guim.co.uk/img/media/c2503513e6d5380039f44d934fee55846073745f/131_0_1444_812/1444.jpg?width=465&dpr=1&s=none&crop=none,,Why Biden calls Trump a 'climate arsonist' – video explainer,
guardian_910a363c4c,The Guardian,2020,"""sea level rise""","Wamberal beach erosion: seawall would deliver no net benefit, study finds",https://www.theguardian.com/environment/2020/jul/27/nsw-coastal-councils-face-dilemma-over-land-erosion-and-who-should-pay-for-building-seawalls,2020-07-27,2021-08-25,1,https://i.guim.co.uk/img/media/4524232fab21a6abd54c09dff72f449325bc57cd/0_315_4045_2717/master/4045.jpg?width=465&dpr=1&s=none&crop=none,,Coastal beach erosion and home damage at Wamberal on the NSW Central Coast. A report says a trade-off of protecting about 60 beachfront properties with a seawall would be a potential drop in visitors due to loss of the beach. Photograph: Carly Earl/The Guardian,
guardian_fe0aff105f,The Guardian,2020,"""global temperature""",How the global climate fight could be lost if Trump is re-elected,https://www.theguardian.com/us-news/2020/jul/27/global-climate-fight-could-be-lost-trump-re-elected,2020-07-27,2021-08-25,1,https://i.guim.co.uk/img/media/70118e3425b1ad0f655489dd08c38faadd01d007/0_165_5000_2999/master/5000.jpg?width=465&dpr=1&s=none&crop=none,,"A firefighter battle the Quail Fire near Winters, California on 6 June 2020. Photograph: Noah Berger/AP",
guardian_fe0aff105f,The Guardian,2020,"""global temperature""",How the global climate fight could be lost if Trump is re-elected,https://www.theguardian.com/us-news/2020/jul/27/global-climate-fight-could-be-lost-trump-re-elected,2020-07-27,2021-08-25,2,https://i.guim.co.uk/img/media/365470e39c4aeade15f0961b15e394698cd342a9/0_0_6720_4480/master/6720.jpg?width=445&dpr=1&s=none&crop=none,,Todd Stern was the US chief negotiator during the Paris climate agreement process in 2015. Photograph: Brooks Kraft/Getty Images,
guardian_fe0aff105f,The Guardian,2020,"""global temperature""",How the global climate fight could be lost if Trump is re-elected,https://www.theguardian.com/us-news/2020/jul/27/global-climate-fight-could-be-lost-trump-re-elected,2020-07-27,2021-08-25,3,https://i.guim.co.uk/img/media/19c2a581da3d6a5d887afd4837179ac7141d9892/0_0_1920_1080/1920.jpg?width=465&dpr=1&s=none&crop=none,,Why Trump abandoning the climate fight puts the planet in even more danger – video explainer,
guardian_fe0aff105f,The Guardian,2020,"""global temperature""",How the global climate fight could be lost if Trump is re-elected,https://www.theguardian.com/us-news/2020/jul/27/global-climate-fight-could-be-lost-trump-re-elected,2020-07-27,2021-08-25,4,https://i.guim.co.uk/img/media/1de430676199509e082affaf6d183dbc97c73255/0_0_3000_1950/master/3000.jpg?width=445&dpr=1&s=none&crop=none,,"The Longview power plant, a coal-fired plant, on 21 August 2018 in Maidsville, West Virginia. Photograph: Spencer Platt/Getty Images",
guardian_fe0aff105f,The Guardian,2020,"""global temperature""",How the global climate fight could be lost if Trump is re-elected,https://www.theguardian.com/us-news/2020/jul/27/global-climate-fight-could-be-lost-trump-re-elected,2020-07-27,2021-08-25,5,https://i.guim.co.uk/img/media/fc992c103a29205a58dc4e03834cba83a6476a4c/720_756_2466_1480/master/2466.jpg?width=445&dpr=1&s=none&crop=none,,Trump after announcing the US would withdraw from the Paris climate agreement at the White House in Washington in June 2017. Photograph: Kevin Lamarque/Reuters,
guardian_c2a630ee4c,The Guardian,2020,"""1.5C""",Joe Biden’s climate bet: putting jobs first will bring historic change,https://www.theguardian.com/us-news/2020/jul/29/joe-biden-climate-jobs-plan-gamble,2020-07-29,2021-08-25,1,https://i.guim.co.uk/img/media/718322956b7ca3fd93de864221212be3f8c6f314/0_99_4835_2902/master/4835.jpg?width=465&dpr=1&s=none&crop=none,,"Joe Biden visits a metal fabricating facility in Dunmore, Pennsylvania. The presumptive Democratic nominee believes that building the infrastructure for renewable energy will bring jobs. Photograph: Matt Slocum/AP",
guardian_c2a630ee4c,The Guardian,2020,"""1.5C""",Joe Biden’s climate bet: putting jobs first will bring historic change,https://www.theguardian.com/us-news/2020/jul/29/joe-biden-climate-jobs-plan-gamble,2020-07-29,2021-08-25,2,https://i.guim.co.uk/img/media/19c2a581da3d6a5d887afd4837179ac7141d9892/0_0_1920_1080/1920.jpg?width=465&dpr=1&s=none&crop=none,,Why Trump abandoning the climate fight puts the planet in even more danger – video explainer,
guardian_c2a630ee4c,The Guardian,2020,"""1.5C""",Joe Biden’s climate bet: putting jobs first will bring historic change,https://www.theguardian.com/us-news/2020/jul/29/joe-biden-climate-jobs-plan-gamble,2020-07-29,2021-08-25,3,https://i.guim.co.uk/img/media/d40edb544ca28ec00999ec509d4814d1d20d1eba/0_51_4744_2848/master/4744.jpg?width=445&dpr=1&s=none&crop=none,,"A wind farm near Fowler, Indiana. Photograph: Tannen Maury/EPA",
guardian_c2a630ee4c,The Guardian,2020,"""1.5C""",Joe Biden’s climate bet: putting jobs first will bring historic change,https://www.theguardian.com/us-news/2020/jul/29/joe-biden-climate-jobs-plan-gamble,2020-07-29,2021-08-25,4,https://i.guim.co.uk/img/media/767f750e2b9a1307b13521ab7f26613fb827fd8b/0_150_4000_2400/master/4000.jpg?width=445&dpr=1&s=none&crop=none,,"‘The climate plan is a jobs plan. Our jobs plan is, in part, a climate plan,’ said Stef Feldman, Biden’s campaign policy director. Photograph: Olivier Douliery/AFP/Getty Images",
guardian_017b98644b,The Guardian,2020,"""1.5C""",How Trump is emboldening other countries' 'bad behavior' on the climate crisis,https://www.theguardian.com/us-news/2020/jul/30/how-trump-emboldening-other-countries-bad-behavior-climate-crisis,2020-07-30,2021-08-25,1,https://i.guim.co.uk/img/media/691729538fd0592f5e17e78dbc887e3721b74cf2/0_0_4000_2667/master/4000.jpg?width=465&dpr=1&s=none&crop=none,,Donald Trump announces the US is withdrawing from the Paris climate agreement at the White House on 1 June 2017. Photograph: TJ Kirkpatrick/Bloomberg/Getty Images,
guardian_017b98644b,The Guardian,2020,"""1.5C""",How Trump is emboldening other countries' 'bad behavior' on the climate crisis,https://www.theguardian.com/us-news/2020/jul/30/how-trump-emboldening-other-countries-bad-behavior-climate-crisis,2020-07-30,2021-08-25,2,https://i.guim.co.uk/img/media/19c2a581da3d6a5d887afd4837179ac7141d9892/0_0_1920_1080/1920.jpg?width=465&dpr=1&s=none&crop=none,,Why Trump abandoning the climate fight puts the planet in even more danger – video explainer,
guardian_0e6ce4cd67,The Guardian,2020,"""1.5C""","The four types of climate denier, and why you should ignore them all",https://www.theguardian.com/commentisfree/2020/jul/30/climate-denier-shill-global-debate,2020-07-30,2021-08-25,1,https://i.guim.co.uk/img/media/33549bdb580b215ba46a941806c9a5e780fb38dc/0_48_4500_2699/master/4500.jpg?width=465&dpr=1&s=none&crop=none,,‘Serious debates about what to do about the climate crisis are turning into action. The deniers have nothing to contribute to this.’ Signs of global warming on the Mer de Glace glacier in the French Alps. Photograph: Konrad K/SIPA/REX/Shutterstock,
guardian_575ee2b06b,The Guardian,2020,"""global temperature""","Extra 23 million people could face coastal flooding within 30 years, even with emission cuts, study says",https://www.theguardian.com/environment/2020/jul/31/extra-23-million-people-could-face-coastal-flooding-within-30-years-even-with-emission-cuts-study-says,2020-07-30,2021-08-25,1,https://i.guim.co.uk/img/media/1d74a465541be2b9527e5512cc5883e1bef41d82/0_261_3592_2155/master/3592.jpg?width=465&dpr=1&s=none&crop=none,,"A view of damaged houses along Terrigal beach in Australia after a recent storm. Even with relatively ambitious emission cuts, millions more people around the world will experience coastal flooding within the next 30 years, a study has found. Photograph: James Gourley/AAP",
guardian_40d964c21f,The Guardian,2020,"""global temperature""",Chris Packham loses appeal against HS2 rail project,https://www.theguardian.com/uk-news/2020/jul/31/chris-packham-loses-appeal-against-hs2-rail-project,2020-07-31,2021-10-29,1,https://i.guim.co.uk/img/media/ae9eb9a4f9ad5588acea315b886073b633431ec5/0_164_3500_2101/master/3500.jpg?width=465&dpr=1&s=none&crop=none,,Protesters supporting TV presenter Chris Packham’s case against HS2. Photograph: Victoria Jones/PA,
guardian_40d964c21f,The Guardian,2020,"""global temperature""",Chris Packham loses appeal against HS2 rail project,https://www.theguardian.com/uk-news/2020/jul/31/chris-packham-loses-appeal-against-hs2-rail-project,2020-07-31,2021-10-29,2,https://i.guim.co.uk/img/media/66bee310546ee20bc87c31697b8a22952bb88fe7/0_146_2333_2917/master/2333.jpg?width=445&dpr=1&s=none&crop=none,,"After losing his appeal against HS2, Chris Packham said: ‘Covid-19 has turned the state of the UK finances and the public’s attitudes towards climate change upside down.’ Photograph: Ian West/PA",
guardian_887444fdb8,The Guardian,2020,"""global temperature""",Summer by Ali Smith review – a remarkable end to an extraordinary quartet,https://www.theguardian.com/books/2020/aug/02/summer-by-ali-smith-review-a-remarkable-end-to-an-extraordinary-quartet,2020-08-02,2020-08-02,1,https://i.guim.co.uk/img/media/2ecf47f7d16540dcd98e4f3a76d6cbca4be53ba7/0_336_5472_3283/master/5472.jpg?width=465&dpr=1&s=none&crop=none,,"Wildfires rage across Australia in Summer, where ‘all manner of virulent things are happening’. Photograph: Jason O’Brien/AAP",
guardian_5fc44ea3d0,The Guardian,2020,"""1.5C""","More coal power generation closed than opened around the world this year, research finds",https://www.theguardian.com/environment/2020/aug/03/more-coal-power-generation-closed-than-opened-around-the-world-this-year-research-finds,2020-08-03,2021-08-25,1,https://i.guim.co.uk/img/media/cfcefa30d3da1767115a2d9099aeb9da12216d76/0_41_5472_3283/master/5472.jpg?width=465&dpr=1&s=none&crop=none,,"The world’s coal power fleet fell for the first time over the first six months of the year, a US research group has found. Photograph: Robert Cianflone/Getty Images",
guardian_86e9b5fefe,The Guardian,2020,"""global temperature""",Flooding could occur daily in Sydney by the end of this century because of climate change,https://www.theguardian.com/environment/2020/aug/05/flooding-could-occur-daily-in-sydney-by-the-end-of-this-century-because-of-climate-change,2020-08-04,2021-08-25,1,https://i.guim.co.uk/img/media/c3bd5a7337c4a734eeca60b3ebd9dcd9b99904fb/0_469_4946_2968/master/4946.jpg?width=465&dpr=1&s=none&crop=none,,"If greenhouse gas emissions remain high and no measures are taken to adapt to rising sea levels then flooding events will be a daily occurrence in Sydney by the end of the century, a study says. Photograph: James Gourley/AAP",
guardian_dcfa75a50e,The Guardian,2020,"""sea level rise""","Morning mail: explosions rock Beirut, Swan v Trump, a love letter to Melbourne",https://www.theguardian.com/australia-news/2020/aug/05/morning-mail-explosions-rock-beirut-swan-v-trump-a-love-letter-to-melbourne,2020-08-04,2020-08-04,1,https://i.guim.co.uk/img/media/20fa8b22ecd0efad04d9f4b06484d3f4f446f356/0_23_1336_802/master/1336.jpg?width=445&dpr=1&s=none&crop=none,,"Kylie Moore-Gilbert, a University of Melbourne scholar, is serving a 10-year sentence in Iran. Photograph: AP",
guardian_dcfa75a50e,The Guardian,2020,"""sea level rise""","Morning mail: explosions rock Beirut, Swan v Trump, a love letter to Melbourne",https://www.theguardian.com/australia-news/2020/aug/05/morning-mail-explosions-rock-beirut-swan-v-trump-a-love-letter-to-melbourne,2020-08-04,2020-08-04,2,https://i.guim.co.uk/img/media/05bf8fca96aa49bbddba46a99ba528aa72072755/0_70_2900_1741/master/2900.jpg?width=445&dpr=1&s=none&crop=none,,Aileen Moreton-Robinson wrote Talkin’ Up to the White Woman: Indigenous Women and Feminism Photograph: Nikki Michail/The Guardian,
guardian_dcfa75a50e,The Guardian,2020,"""sea level rise""","Morning mail: explosions rock Beirut, Swan v Trump, a love letter to Melbourne",https://www.theguardian.com/australia-news/2020/aug/05/morning-mail-explosions-rock-beirut-swan-v-trump-a-love-letter-to-melbourne,2020-08-04,2020-08-04,3,https://i.guim.co.uk/img/media/0f9ecfb05951eba72b001c33cad995a8265aaafd/0_50_5512_3309/master/5512.jpg?width=445&dpr=1&s=none&crop=none,,Alyssa Healy signs autographs for fans in Melbourne’s Federation Square. Photograph: William West/AFP via Getty Images,
guardian_ecda8da243,The Guardian,2020,"""global temperature""",Rising temperatures will cause more deaths than all infectious diseases – study,https://www.theguardian.com/us-news/2020/aug/04/rising-global-temperatures-death-toll-infectious-diseases-study,2020-08-04,2021-08-25,1,https://i.guim.co.uk/img/media/8689610af27ff47aeb6491b6548a55d515679db0/0_273_4484_2692/master/4484.jpg?width=465&dpr=1&s=none&crop=none,,"A woman drinks as children cool off in a public fountain in Milan, Italy, on 31 July. 2020 is set to be hottest or second hottest on record, in line with the longer-term trend of rising temperatures. Photograph: Luca Bruno/AP",
guardian_ecda8da243,The Guardian,2020,"""global temperature""",Rising temperatures will cause more deaths than all infectious diseases – study,https://www.theguardian.com/us-news/2020/aug/04/rising-global-temperatures-death-toll-infectious-diseases-study,2020-08-04,2021-08-25,2,https://i.guim.co.uk/img/media/19c2a581da3d6a5d887afd4837179ac7141d9892/0_0_1920_1080/1920.jpg?width=465&dpr=1&s=none&crop=none,,Why Trump abandoning the climate fight puts the planet in even more danger – video explainer,
guardian_f1e25f2788,The Guardian,2020,"""global temperature""",Throng of new penguin colonies in Antarctica spotted from space,https://www.theguardian.com/environment/2020/aug/05/throng-of-new-penguin-colonies-in-antarctica-spotted-from-space,2020-08-04,2021-10-29,1,https://i.guim.co.uk/img/media/5c82ae1bf918e26aa4661c303ed8909fb2269205/0_1311_2161_1296/master/2161.jpg?width=465&dpr=1&s=none&crop=none,,The discovery were made by spotting the distinctive red-brown guano patches the penguin leave on ice through satellite images. Photograph: British Antarctic Survey,
guardian_f1e25f2788,The Guardian,2020,"""global temperature""",Throng of new penguin colonies in Antarctica spotted from space,https://www.theguardian.com/environment/2020/aug/05/throng-of-new-penguin-colonies-in-antarctica-spotted-from-space,2020-08-04,2021-10-29,2,https://i.guim.co.uk/img/media/c88a91078a970b2bb6d95c38f4783f007fec00fc/0_0_2912_4368/master/2912.jpg?width=445&dpr=1&s=none&crop=none,,"Emperor penguins are the only penguins that breed on sea ice, making them especially vulnerable to the climate crisis. Photograph: British Antarctic Survey",
guardian_f1e25f2788,The Guardian,2020,"""global temperature""",Throng of new penguin colonies in Antarctica spotted from space,https://www.theguardian.com/environment/2020/aug/05/throng-of-new-penguin-colonies-in-antarctica-spotted-from-space,2020-08-04,2021-10-29,3,https://i.guim.co.uk/img/media/55db20d87af50e73c28b9b17041d484da51bde26/0_231_1726_1036/master/1726.jpg?width=445&dpr=1&s=none&crop=none,,Close-up satellite image showing penguins in the snow around a foraging crack. Photograph: British Antarctic Survey,
guardian_3705471eb9,The Guardian,2020,"""1.5C""",UK weather: 36.4C recorded on hottest August day for 17 years,https://www.theguardian.com/uk-news/2020/aug/07/uk-weather-being-outdoors-could-become-dangerous-during-heatwaves,2020-08-07,2021-08-25,1,https://i.guim.co.uk/img/media/0cc5ea0a23b3f6d07df3936d3f7c7c125041c5ff/201_0_4782_2872/master/4782.jpg?width=465&dpr=1&s=none&crop=none,,"A crowded Weymouth beach on Friday, predicted to be the hottest day of the year so far. Photograph: Geoff Moore/Rex/Shutterstock",
guardian_3705471eb9,The Guardian,2020,"""1.5C""",UK weather: 36.4C recorded on hottest August day for 17 years,https://www.theguardian.com/uk-news/2020/aug/07/uk-weather-being-outdoors-could-become-dangerous-during-heatwaves,2020-08-07,2021-08-25,2,https://i.guim.co.uk/img/media/8705f64cb679508fa4e6deb57abe632a1ec15c3b/0_0_6720_4480/master/6720.jpg?width=445&dpr=1&s=none&crop=none,,A woman stays out of the hot sun in Beckenham Place Park. Photograph: Martin Godwin/The Guardian,
guardian_c63dd0623f,The Guardian,2020,"""global temperature""",Covid-19 lockdown will have 'negligible' impact on climate crisis – study,https://www.theguardian.com/environment/2020/aug/07/covid-19-lockdown-will-have-negligible-impact-on-climate-crisis-study,2020-08-07,2021-08-25,1,https://i.guim.co.uk/img/media/a633695ecf1c35ed9060bc9e3ad6685c5ff82483/0_0_3500_2099/master/3500.jpg?width=465&dpr=1&s=none&crop=none,,The study found economy-wide changes are needed for a transformation to reach the zero-emissions goal. Photograph: Peter Byrne/PA,
guardian_c603951e00,The Guardian,2020,"""sea level rise""",False Alarm by Bjorn Lomborg; Apocalypse Never by Michael Shellenberger – review,https://www.theguardian.com/books/2020/aug/09/false-alarm-by-bjorn-lomborg-apocalypse-never-by-michael-shellenberger-review,2020-08-09,2021-08-25,1,https://i.guim.co.uk/img/media/d01026dde4bde322bbe7631d293118afe9194bb1/56_91_3490_2094/master/3490.jpg?width=465&dpr=1&s=none&crop=none,,Amazon Employees for Climate Justice lead a walk-out at the company’s HQ in Seattle. Photograph: Jason Redmond/AFP via Getty,
guardian_c603951e00,The Guardian,2020,"""sea level rise""",False Alarm by Bjorn Lomborg; Apocalypse Never by Michael Shellenberger – review,https://www.theguardian.com/books/2020/aug/09/false-alarm-by-bjorn-lomborg-apocalypse-never-by-michael-shellenberger-review,2020-08-09,2021-08-25,2,https://i.guim.co.uk/img/media/f6131df04d2f63698bfcbcc4ee6da53d5a6e9ebd/28_89_3458_2075/master/3458.jpg?width=445&dpr=1&s=none&crop=none,,"Walney Extension, the world’s largest offshore windfarm, on the Cumbrian coast. Photograph: Phil Noble/Reuters Photograph: Phil Noble/Reuters",
guardian_af3ca6b19a,The Guardian,2020,"""sea level rise""",Kiribati's president's plans to raise islands in fight against sea-level rise,https://www.theguardian.com/world/2020/aug/10/kiribatis-presidents-plans-to-raise-islands-in-fight-against-sea-level-rise,2020-08-10,2021-08-25,1,https://i.guim.co.uk/img/media/e5c6676b73c5b2d96725a69597a2de59cf3ad199/0_166_5000_3002/master/5000.jpg?width=465&dpr=1&s=none&crop=none,,"Eita settlement in Tarawa, Kiribati. The islands are under pressure from rising sea-levels, and the country’s president has proposed raising the islands out of the sea to secure the nation’s future. Photograph: Jonas Gratzer/LightRocket via Getty Images",
guardian_af3ca6b19a,The Guardian,2020,"""sea level rise""",Kiribati's president's plans to raise islands in fight against sea-level rise,https://www.theguardian.com/world/2020/aug/10/kiribatis-presidents-plans-to-raise-islands-in-fight-against-sea-level-rise,2020-08-10,2021-08-25,2,https://i.guim.co.uk/img/media/e0083159f7a1bd4056e4ae94534c3cb520e9706e/0_392_4000_2400/master/4000.jpg?width=445&dpr=1&s=none&crop=none,,"The Nippon causeway which joins the central area of Betio to the rest of South Tarawa, Kiribati. Photograph: Mike Bowers/The Guardian",
guardian_af3ca6b19a,The Guardian,2020,"""sea level rise""",Kiribati's president's plans to raise islands in fight against sea-level rise,https://www.theguardian.com/world/2020/aug/10/kiribatis-presidents-plans-to-raise-islands-in-fight-against-sea-level-rise,2020-08-10,2021-08-25,3,https://i.guim.co.uk/img/media/44a4c169ca664877d7dcc8eb4858df2a2d93d094/0_179_5000_3002/master/5000.jpg?width=445&dpr=1&s=none&crop=none,,"Kiribati president Taneti Maamau, left, and Chinese counterpart Xi Jinping met in Beijing in January 2020. Photograph: Mark Schiefelbein/AP",
guardian_af3ca6b19a,The Guardian,2020,"""sea level rise""",Kiribati's president's plans to raise islands in fight against sea-level rise,https://www.theguardian.com/world/2020/aug/10/kiribatis-presidents-plans-to-raise-islands-in-fight-against-sea-level-rise,2020-08-10,2021-08-25,4,https://i.guim.co.uk/img/media/ab11b9db06bd6df28962f454cb3454a809fc5450/0_166_5000_3002/master/5000.jpg?width=445&dpr=1&s=none&crop=none,,"An elderly woman wades through knee-high seawater that has flooded her house in Eita settlement, Tarawa, Kiribati. Photograph: Jonas Gratzer/LightRocket via Getty Images",
guardian_88df721b71,The Guardian,2020,"""global temperature""",Last decade was Earth's hottest on record as climate crisis accelerates,https://www.theguardian.com/us-news/2020/aug/12/hottest-decade-climate-crisis-2019,2020-08-12,2021-08-25,1,https://i.guim.co.uk/img/media/a0635994fa27c8f668f5667606eeb0107101e188/0_208_6240_3744/master/6240.jpg?width=465&dpr=1&s=none&crop=none,,"Mountains nearly devoid of snow stand behind a road and a polar bear warning sign during a summer heatwave on Svalbard archipelago in July near Longyearbyen, Norway. Photograph: Sean Gallup/Getty Images",
guardian_14926e9536,The Guardian,2020,"""1.5C""",Trump rolls back methane climate standards for oil and gas industry,https://www.theguardian.com/environment/2020/aug/13/trump-rolls-back-methane-climate-standards-oil-gas-industry,2020-08-13,2021-08-25,1,https://i.guim.co.uk/img/media/7ce34214088540fc578f1c5a653d0ac7110ad36c/0_341_5120_3072/master/5120.jpg?width=465&dpr=1&s=none&crop=none,,A hydro fracking tower used for gas drilling in Pennsylvania. Photograph: Alamy,
guardian_c447c82bca,The Guardian,2020,"""sea level rise""",Australia asks UN to dismiss Torres Strait Islanders' claim climate change affects their human rights,https://www.theguardian.com/australia-news/2020/aug/14/australia-asks-un-to-dismiss-torres-strait-islanders-claim-climate-change-affects-their-human-rights,2020-08-13,2021-08-25,1,https://i.guim.co.uk/img/media/362d49f02edcc2e09de2dea1b0901607c219a69a/0_162_2000_1200/master/2000.jpg?width=465&dpr=1&s=none&crop=none,,Dauan Island in the Torres Strait. Low-lying islands such as Masig and Boigu are likely to be at the forefront of forced displacement. Photograph: Lloyd Jones/AAP,
guardian_d56b8cee16,The Guardian,2020,"""1.5C""",Great Barrier Reef envoy Warren Entsch urges fellow Liberal MPs to do more on climate change,https://www.theguardian.com/environment/2020/aug/13/great-barrier-reef-envoy-warren-entsch-urges-fellow-liberal-mps-to-do-more-on-climate-change,2020-08-13,2021-08-25,1,https://i.guim.co.uk/img/media/da2ad69973754593f66fdbb3cfeebbaee66422c3/0_566_4932_2960/master/4932.jpg?width=465&dpr=1&s=none&crop=none,,Bleached lobed coral on the Great Barrier Reef. Australia’s reef envoy and MP Warren Entsch has called on the government to do more to combat reef-damaging climate change. Photograph: Helmut Corneli/Alamy,
guardian_e3ec4caab1,The Guardian,2020,"""global temperature""",Trump exiting Paris accord will harm US economy – LSE research,https://www.theguardian.com/environment/2020/aug/13/trump-exiting-paris-accord-will-harm-us-economy-lse-research,2020-08-13,2021-08-25,1,https://i.guim.co.uk/img/media/039eeb2f324a4c307c8f22b47b746626cd77d0cd/0_143_6000_3600/master/6000.jpg?width=465&dpr=1&s=none&crop=none,,"President Donald Trump or his successor will lose global influence once the US withdraws from the Paris agreement this November, say economists. Photograph: Andrew Harnik/AP",
guardian_773a2dd002,The Guardian,2020,"""1.5C""",BHP withdraws support for Australia's use of carryover credits to meet emissions target,https://www.theguardian.com/business/2020/aug/14/bhp-withdraws-support-for-australias-use-of-carryover-credits-to-meet-emissions-target,2020-08-14,2020-08-14,1,https://i.guim.co.uk/img/media/8710ae537f0f5fba221d24aa39137ec696a9469d/0_332_4306_2584/master/4306.jpg?width=465&dpr=1&s=none&crop=none,,"In September 2019, BHP chief Andrew Mackenzie reportedly told investors he supported carryover credits. He was replaced by Mike Henry, pictured. Photograph: James Ross/EPA",
guardian_41883b4390,The Guardian,2020,"""1.5C""",This oil spill could destroy the beautiful Mauritius I once knew,https://www.theguardian.com/commentisfree/2020/aug/15/oil-spill-mauritius-ocean-ecosystems-island-climate,2020-08-15,2021-08-25,1,https://i.guim.co.uk/img/media/24d6a5c8f815b5c2a1868b24f62099181f512469/0_0_5557_3336/master/5557.jpg?width=465&dpr=1&s=none&crop=none,,The MV Wakashio carrier leaking oil off the south-east coast of Mauritius. Photograph: Gwendoline Defente/EMAE/Zuma Wire/Rex/Shutterstock,
guardian_41883b4390,The Guardian,2020,"""1.5C""",This oil spill could destroy the beautiful Mauritius I once knew,https://www.theguardian.com/commentisfree/2020/aug/15/oil-spill-mauritius-ocean-ecosystems-island-climate,2020-08-15,2021-08-25,2,https://i.guim.co.uk/img/media/32e46d9cfec3828b462c139842a77783a5010130/0_123_3232_1939/master/3232.jpg?width=445&dpr=1&s=none&crop=none,,Fishermen and skippers with a makeshift oil extraction device at the Mahébourg waterfront in Mauritius. Photograph: AFP/Getty Images,
guardian_8353d82818,The Guardian,2020,"""1.5C""",We live in a time of climate breakdown with no moral leadership – but we can take action,https://www.theguardian.com/commentisfree/2020/aug/18/we-live-in-a-time-of-climate-breakdown-with-no-moral-leadership-but-we-can-take-action,2020-08-18,2021-08-25,1,https://i.guim.co.uk/img/media/b28af8b241323e91d59554ce9751869a0e9fa3d2/0_320_2800_1680/master/2800.jpg?width=465&dpr=1&s=none&crop=none,,"‘Farming in Australia is tough at the best of times, but try farming next to a coalmine.’ David Pocock and Rick Laird protesting against the Maules Creek mine in 2014. Photograph: AFP/Getty Images",
guardian_a7bb68fa64,The Guardian,2020,"""1.5C""","Another two years lost to climate inaction, says Greta Thunberg",https://www.theguardian.com/environment/2020/aug/19/another-two-years-lost-to-climate-inaction-says-greta-thunberg,2020-08-19,2021-08-25,1,https://i.guim.co.uk/img/media/d2d6b9cc8326a99daee0f47ad3b94cca738e4ecd/0_0_3500_2333/master/3500.jpg?width=465&dpr=1&s=none&crop=none,,A mural of Greta Thunberg by artist Jody Thomas in Bristol. Photograph: Andrew Matthews/PA,
guardian_a9da9ceeff,The Guardian,2020,"""1.5C""","After two years of school strikes, the world is still in a state of climate crisis denial",https://www.theguardian.com/commentisfree/2020/aug/19/climate-crisis-leaders-greta-thunberg,2020-08-19,2021-08-25,1,https://i.guim.co.uk/img/media/d7d570503750ce5dbc38545f3ac51a18173a8587/0_54_4500_2700/master/4500.jpg?width=465&dpr=1&s=none&crop=none,,"‘The gap between what we need to do and what’s actually being done is widening by the minute.’ The Rhenish brown coalfield in Bergheim, Germany, Europe’s largest carbon dioxide source. Photograph: Sascha Steinbach/EPA",
guardian_71aeb3a85a,The Guardian,2020,"""sea level rise""",How the climate crisis is already harming America – photo essay,https://www.theguardian.com/us-news/2020/aug/20/climate-crisis-environment-america,2020-08-20,2021-08-25,1,https://i.guim.co.uk/img/media/df48821ce041b15971c37f60e714440cf8acf577/0_0_5352_3648/master/5352.jpg?width=445&dpr=1&s=none&crop=none,,Children play on melting ice near the Yupik Inuit village of Napakiak on the Yukon Delta. Photograph: Mark Ralston/AFP/Getty Images,
guardian_71aeb3a85a,The Guardian,2020,"""sea level rise""",How the climate crisis is already harming America – photo essay,https://www.theguardian.com/us-news/2020/aug/20/climate-crisis-environment-america,2020-08-20,2021-08-25,2,https://i.guim.co.uk/img/media/3128108f2cb7d66b4fa57d99b62db8b756d27aeb/0_0_5100_3297/master/5100.jpg?width=445&dpr=1&s=none&crop=none,,The Calving Hubbard Glacier near Yakutak. Photograph: Michael Melford/National Geographic Image Collection,
guardian_71aeb3a85a,The Guardian,2020,"""sea level rise""",How the climate crisis is already harming America – photo essay,https://www.theguardian.com/us-news/2020/aug/20/climate-crisis-environment-america,2020-08-20,2021-08-25,3,https://i.guim.co.uk/img/media/60b788e48263acd1755c0bed6d88ad760ffba1ed/0_0_5472_3648/master/5472.jpg?width=465&dpr=1&s=none&crop=none,,A lone lodgepole pine in the Beaverhead-Deerlodge national forest in Montana. Photograph: Chip Somodevilla/Getty Images,
guardian_71aeb3a85a,The Guardian,2020,"""sea level rise""",How the climate crisis is already harming America – photo essay,https://www.theguardian.com/us-news/2020/aug/20/climate-crisis-environment-america,2020-08-20,2021-08-25,4,https://i.guim.co.uk/img/media/d99be6b99756e3cd9fd175978eab07fd08e96a27/0_0_5616_3744/master/5616.jpg?width=445&dpr=1&s=none&crop=none,,,
guardian_71aeb3a85a,The Guardian,2020,"""sea level rise""",How the climate crisis is already harming America – photo essay,https://www.theguardian.com/us-news/2020/aug/20/climate-crisis-environment-america,2020-08-20,2021-08-25,5,https://i.guim.co.uk/img/media/5316da88cf016165973292bbb2ca965b6127ff69/0_0_4500_3000/master/4500.jpg?width=445&dpr=1&s=none&crop=none,,Top A flooded yard in Intracoastal City in the aftermath of Tropical Storm Barry last year. Photograph: Seth Herald/AFP/Getty Bottom Downed trees and power lines in Panama City following Hurricane Michael in 2018. Photograph: Brendan Smialowski/AFP/Getty Images,
guardian_71aeb3a85a,The Guardian,2020,"""sea level rise""",How the climate crisis is already harming America – photo essay,https://www.theguardian.com/us-news/2020/aug/20/climate-crisis-environment-america,2020-08-20,2021-08-25,6,https://i.guim.co.uk/img/media/21204efbd9eadb08f728e3eaa0ce78d416383853/0_0_3976_2641/master/3976.jpg?width=465&dpr=1&s=none&crop=none,,High tide in the Sea of Cortez floods the dry Colorado River delta. Photograph: Pete McBride/National Geographic Image Collection,
guardian_71aeb3a85a,The Guardian,2020,"""sea level rise""",How the climate crisis is already harming America – photo essay,https://www.theguardian.com/us-news/2020/aug/20/climate-crisis-environment-america,2020-08-20,2021-08-25,7,https://i.guim.co.uk/img/media/a9c7ff10213fb51b4b9008a5d6b798db623e2249/0_0_5394_3596/master/5394.jpg?width=445&dpr=1&s=none&crop=none,,,
guardian_71aeb3a85a,The Guardian,2020,"""sea level rise""",How the climate crisis is already harming America – photo essay,https://www.theguardian.com/us-news/2020/aug/20/climate-crisis-environment-america,2020-08-20,2021-08-25,8,https://i.guim.co.uk/img/media/df94d50d0f83f8f2c33b96e11a9ad2c559a5c396/0_0_3500_2333/master/3500.jpg?width=445&dpr=1&s=none&crop=none,,Top Firefighters battle a wildfire in Ventura. Photograph: Mario Tama/Getty Bottom A man evacuates horses near Simi Valley. Photograph: David McNew/Getty Images,
guardian_71aeb3a85a,The Guardian,2020,"""sea level rise""",How the climate crisis is already harming America – photo essay,https://www.theguardian.com/us-news/2020/aug/20/climate-crisis-environment-america,2020-08-20,2021-08-25,9,https://i.guim.co.uk/img/media/7e0faa997d7a114a444e0137cfd45ce081e711e7/0_0_6000_4000/master/6000.jpg?width=445&dpr=1&s=none&crop=none,,,
guardian_71aeb3a85a,The Guardian,2020,"""sea level rise""",How the climate crisis is already harming America – photo essay,https://www.theguardian.com/us-news/2020/aug/20/climate-crisis-environment-america,2020-08-20,2021-08-25,10,https://i.guim.co.uk/img/media/21319739192b88c0ce3d5383b84e5aa12e2a9a69/0_0_5616_3744/master/5616.jpg?width=445&dpr=1&s=none&crop=none,,"Top The High Rock neighborhood in the eastern part of Grand Bahama Island after Hurricane Dorian caused huge damage in 2019. Photograph: Angel Valentin/Guardian Bottom Puerto Ricans in San Lorenzo in the river after Hurricane Maria destroyed the town’s bridge, October 2017. Photograph: Alvin Báez/Reuters",
guardian_f582a5be77,The Guardian,2020,IPCC,Jeremiah Emmanuel: 'I hope my book gives people the courage to dream',https://www.theguardian.com/books/2020/aug/20/jeremiah-emmanuel-stormzy-brixton-youth-activist,2020-08-20,2020-08-25,1,https://i.guim.co.uk/img/media/6f145701042981ae0388c32cfc346b88aa7ceabb/0_833_3333_2000/master/3333.jpg?width=465&dpr=1&s=none&crop=none,,"‘I would hang out in McDonald’s for hours, run over to Lambeth town hall to do my youth politics, then run back to be with my friends again’ ... Jeremiah Emmanuel. Photograph: Danny Kasirye",
guardian_f582a5be77,The Guardian,2020,IPCC,Jeremiah Emmanuel: 'I hope my book gives people the courage to dream',https://www.theguardian.com/books/2020/aug/20/jeremiah-emmanuel-stormzy-brixton-youth-activist,2020-08-20,2020-08-25,2,https://i.guim.co.uk/img/media/710b1b310292437249cf6f9c1b4df5cf0b938828/0_338_3500_2100/master/3500.jpg?width=445&dpr=1&s=none&crop=none,,"Emmanuel and his mother, Esther, at the Tower of London, when he was awarded a BEM in 2016. Photograph: David Mirzoeff/PA",
guardian_701fc07d08,The Guardian,2020,"""sea level rise""",Ocean Rebellion climate action group launches with protest against cruise ship,https://www.theguardian.com/environment/2020/aug/21/ocean-rebellion-climate-action-group-launches-with-protest-against-cruise-ship,2020-08-21,2021-08-25,1,https://i.guim.co.uk/img/media/75caabb6913f9c0fa4ef92099df3694ebec01af0/214_44_2782_1669/master/2782.jpg?width=465&dpr=1&s=none&crop=none,,The guerilla activity aimed to highlight polluting impact of cruise ships. Photograph: Gav Goulder,
guardian_a216b516bc,The Guardian,2020,"""global temperature""",The Observer view on the climate catastrophe facing Earth,https://www.theguardian.com/commentisfree/2020/aug/23/the-observer-view-on-the-climate-catastrophe-facing-earth,2020-08-23,2021-08-25,1,https://i.guim.co.uk/img/media/22fc8aa54009728aceddfebfd528668f89158d69/43_0_1313_788/master/1313.jpg?width=465&dpr=1&s=none&crop=none,,"Icebergs off the south-east coast of Greenland, a region that is exhibiting an accelerated rate of ice loss. Photograph: Andrew Bossi/Goddard Space Flight Center/NASA",
guardian_ce05be9905,The Guardian,2020,"""sea level rise""",Earth has lost 28 trillion tonnes of ice in less than 30 years,https://www.theguardian.com/environment/2020/aug/23/earth-lost-28-trillion-tonnes-ice-30-years-global-warming,2020-08-23,2021-08-25,1,https://i.guim.co.uk/img/media/5fffd995617257454d7ee1262329e032ebe006dc/110_21_3565_2139/master/3565.jpg?width=465&dpr=1&s=none&crop=none,,"Husky dogs wade over sea ice during an expedition in north-western Greenland, where ice loss has been triggered by rising sea levels and atmospheric temperatures. Photograph: Steffen Olsen/Centre for Ocean and Ice at the/AFP/Getty Images",
guardian_ce05be9905,The Guardian,2020,"""sea level rise""",Earth has lost 28 trillion tonnes of ice in less than 30 years,https://www.theguardian.com/environment/2020/aug/23/earth-lost-28-trillion-tonnes-ice-30-years-global-warming,2020-08-23,2021-08-25,2,https://i.guim.co.uk/img/media/29a182726b66ec5c31ea82375b4309e02f0d99a8/63_112_4830_2897/master/4830.jpg?width=445&dpr=1&s=none&crop=none,,A glacier melting in Svalbard archipelago. Photograph: Jan Tove Johansson/Getty Images,
guardian_ce05be9905,The Guardian,2020,"""sea level rise""",Earth has lost 28 trillion tonnes of ice in less than 30 years,https://www.theguardian.com/environment/2020/aug/23/earth-lost-28-trillion-tonnes-ice-30-years-global-warming,2020-08-23,2021-08-25,3,https://i.guim.co.uk/img/media/fe837e97dd236e5401cedc137dea628d4fd3abc4/25_34_5404_3243/master/5404.jpg?width=445&dpr=1&s=none&crop=none,,"Meltwater rushes from Boyabreen glacier in Fjaerland, Norway – a process accelerated by global heating. Photograph: Sean Gallup/Getty Images",
guardian_a6008fc346,The Guardian,2020,"""sea level rise""",Turkey infections rising; India tops global tally of new cases for 18th day – as it happened,https://www.theguardian.com/world/live/2020/aug/25/coronavirus-live-news-gaza-in-lockdown-following-first-local-cases-hong-kong-man-re-infected,2020-08-24,2020-08-25,1,https://i.guim.co.uk/img/media/81d9b165759c5d932332726e0b43429000b23243/0_116_3500_2101/master/3500.jpg?width=465&dpr=1&s=none&crop=none,,"A GM employee works to make ventilators at the General Motors components holding plant in Kokomo, Indiana. Photograph: Chris Bergin/Reuters",
guardian_6ca7251353,The Guardian,2020,IPCC,Methane released in gas production means Australia's emissions may be 10% higher than reported,https://www.theguardian.com/environment/2020/aug/26/methane-released-in-gas-production-means-australias-emissions-may-be-10-higher-than-reported,2020-08-26,2021-08-25,1,https://i.guim.co.uk/img/media/2ee2bffe6489edf9c9c1c23fb87a0c2f75756dbc/0_137_3500_2100/master/3500.jpg?width=465&dpr=1&s=none&crop=none,,The Woodside gas plant in the Pilbara region of Western Australia. Analysis of Australia’s greenhouse gas accounting has shown it is underestimating the impact of gas production on emissions by as much as 10%. Photograph: Daniel Munoz/Reuters,
guardian_aba58b3ad3,The Guardian,2020,"""sea level rise""","Morning mail: teen arrested over Kenosha killings, aged care failures, shark victim speaks",https://www.theguardian.com/australia-news/2020/aug/27/morning-mail-teen-arrested-over-kenosha-killings-aged-care-failures-shark-victim-speaks,2020-08-26,2020-08-26,1,https://i.guim.co.uk/img/media/4deae7c00a32850addfa9066b2e275f63803bf2a/0_288_5616_3370/master/5616.jpg?width=445&dpr=1&s=none&crop=none,,"RMIT in Melbourne. The university’s Blockchain Innovation Hub, which has current and past links to the Institute of Public Affairs via its co-directors and a researcher, has received $1.3m in government grants. Photograph: Picture Partners/Alamy Stock Photo",
guardian_aba58b3ad3,The Guardian,2020,"""sea level rise""","Morning mail: teen arrested over Kenosha killings, aged care failures, shark victim speaks",https://www.theguardian.com/australia-news/2020/aug/27/morning-mail-teen-arrested-over-kenosha-killings-aged-care-failures-shark-victim-speaks,2020-08-26,2020-08-26,2,https://i.guim.co.uk/img/media/88b87fdab93eb6462f001bf7d275e2075996651d/0_0_5127_3078/master/5127.jpg?width=445&dpr=1&s=none&crop=none,,"A dried-up dam on a drought-affected property in northern NSW, seen here in 2019. Photograph: David Gray/Getty Images",
guardian_aba58b3ad3,The Guardian,2020,"""sea level rise""","Morning mail: teen arrested over Kenosha killings, aged care failures, shark victim speaks",https://www.theguardian.com/australia-news/2020/aug/27/morning-mail-teen-arrested-over-kenosha-killings-aged-care-failures-shark-victim-speaks,2020-08-26,2020-08-26,3,https://i.guim.co.uk/img/media/a21321d79c3347330d0195142e586d3feb66d3be/0_293_4500_2700/master/4500.jpg?width=445&dpr=1&s=none&crop=none,,Chantelle Doyle is recovering from a shark attack at Shelly Beach in Port Macquarie. Photograph: Matthew Abbott,
guardian_aba58b3ad3,The Guardian,2020,"""sea level rise""","Morning mail: teen arrested over Kenosha killings, aged care failures, shark victim speaks",https://www.theguardian.com/australia-news/2020/aug/27/morning-mail-teen-arrested-over-kenosha-killings-aged-care-failures-shark-victim-speaks,2020-08-26,2020-08-26,4,https://i.guim.co.uk/img/media/03980eed6eede4c6b1d858ef89cad98fa0fcb9ab/0_153_3957_2374/master/3957.jpg?width=445&dpr=1&s=none&crop=none,,Jamie Maclaren tucks home a penalty past United goalkeeper Filip Kurto. Photograph: Matt King/Getty Images,
guardian_b1f4bb90ea,The Guardian,2020,"""sea level rise""","Antarctica: 60% of ice shelves at risk of fracture, research suggests",https://www.theguardian.com/world/2020/aug/26/antarctica-ice-shelves-risk-fracture-collapse,2020-08-26,2021-08-25,1,https://i.guim.co.uk/img/media/2c566e6296ee2b6aae917b7dfe0d68cc52ff2235/219_0_3281_1969/master/3281.jpg?width=465&dpr=1&s=none&crop=none,,"Fracture at the front of Ross ice shelf, the largest in Antarctica. A platform of ice nearly four times the size of the UK is at risk of collapse. Photograph: Martin Wearing/PA",
guardian_b1f4bb90ea,The Guardian,2020,"""sea level rise""","Antarctica: 60% of ice shelves at risk of fracture, research suggests",https://www.theguardian.com/world/2020/aug/26/antarctica-ice-shelves-risk-fracture-collapse,2020-08-26,2021-08-25,2,https://i.guim.co.uk/img/media/d78f633fe4b8647d47377137aaa6666f47228a66/219_0_3281_1969/master/3281.jpg?width=445&dpr=1&s=none&crop=none,,A tributary ice stream flowing from the Transantarctic mountains into the Ross ice shelf. Photograph: Martin Wearing/PA,
guardian_ec3699eaa0,The Guardian,2020,"""1.5C""",Joint venture looks to invest billions in 'natural capital' projects to help combat climate change,https://www.theguardian.com/australia-news/2020/aug/27/joint-venture-looks-to-invest-billions-in-natural-capital-projects-to-help-combat-climate-change,2020-08-26,2021-08-25,1,https://i.guim.co.uk/img/media/860f88388673cabcc0f0825d6f7862b2f0be905f/0_133_4000_2400/master/4000.jpg?width=465&dpr=1&s=none&crop=none,,"The Amazon rainforest in Brazil. HSBC and Pollination, a boutique climate investment firm, will back sustainable forestry, regenerative agriculture, water supply improvement and bio-fuels. Photograph: Bloomberg/Getty Images",
guardian_58b1a52aed,The Guardian,2020,"""1.5C""","Climate crisis: business, farming and environment leaders unite to warn Australia 'woefully unprepared'",https://www.theguardian.com/environment/2020/aug/28/climate-crisis-business-farming-and-environment-leaders-unite-to-warn-australia-woefully-unprepared,2020-08-27,2021-08-25,1,https://i.guim.co.uk/img/media/b3b1e00ba6ab3a10dbcceb5acf9bfb6740b6fed3/0_93_4096_2459/master/4096.jpg?width=465&dpr=1&s=none&crop=none,,Leaders representing the breadth of Australian society are calling on Australian governments to act immediately to reduce and manage climate risks. File photo of the Port Kembla steelworks. Photograph: Dean Lewins/AAP,
guardian_58b1a52aed,The Guardian,2020,"""1.5C""","Climate crisis: business, farming and environment leaders unite to warn Australia 'woefully unprepared'",https://www.theguardian.com/environment/2020/aug/28/climate-crisis-business-farming-and-environment-leaders-unite-to-warn-australia-woefully-unprepared,2020-08-27,2021-08-25,2,https://i.guim.co.uk/img/media/63a4a458be262d1cf75ae913f06b1a9d2050f3d9/0_0_1920_1080/1920.jpg?width=465&dpr=1&s=none&crop=none,,The Green Recovery: how Australia can ditch coal (without ditching jobs) – video,
guardian_4219af333b,The Guardian,2020,"""sea level rise""",Pacific's fight against Covid-19 hamstrung by lack of clean water,https://www.theguardian.com/world/2020/aug/29/pacifics-fight-against-covid-19-hamstrung-by-lack-of-clean-water,2020-08-28,2020-09-03,1,https://i.guim.co.uk/img/media/0437aef9cb3b46dd30b182be8d4e02ec947a6fa4/0_116_3413_2047/master/3413.jpg?width=465&dpr=1&s=none&crop=none,,A boy washes himself with water on South Tarawa in Kiribati. Only 55% of people in the Pacific have access to basic drinking water. Photograph: David Gray/Reuters,
guardian_4219af333b,The Guardian,2020,"""sea level rise""",Pacific's fight against Covid-19 hamstrung by lack of clean water,https://www.theguardian.com/world/2020/aug/29/pacifics-fight-against-covid-19-hamstrung-by-lack-of-clean-water,2020-08-28,2020-09-03,2,https://i.guim.co.uk/img/media/4158cc19e32b4ed131f2b2eef964d661fd20650d/0_262_2048_1229/master/2048.jpg?width=445&dpr=1&s=none&crop=none,,"People line up to collect water in plastic containers and cooking pots from a communal pump in a rural community in Madang Province, Papua New Guinea. Photograph: Catherine Wilson/The Guardian",
guardian_4219af333b,The Guardian,2020,"""sea level rise""",Pacific's fight against Covid-19 hamstrung by lack of clean water,https://www.theguardian.com/world/2020/aug/29/pacifics-fight-against-covid-19-hamstrung-by-lack-of-clean-water,2020-08-28,2020-09-03,3,https://i.guim.co.uk/img/media/53b2b2135ec00623641372cbaab53c75af2ce4ee/0_284_4928_2956/master/4928.jpg?width=445&dpr=1&s=none&crop=none,,"A child drinks water from the only tap for more than 100 people in a shanty town in the suburb of 9 Mile in Port Moresby, Papua New Guinea. Photograph: Mick Tsikas/AAP",
guardian_1f283be474,The Guardian,2020,"""carbon budget""",Construction and mining industry super fund puts carbon-intensive companies on notice,https://www.theguardian.com/australia-news/2020/aug/31/construction-and-mining-industry-super-fund-puts-carbon-intensive-companies-on-notice,2020-08-30,2021-08-25,1,https://i.guim.co.uk/img/media/5f7d0f319953bdad6c1a0feef8cc3da161141494/0_21_3500_2100/master/3500.jpg?width=465&dpr=1&s=none&crop=none,,"Cbus, the construction and mining industry superannuation fund has said ‘you can only say the data is holding you back for so long’ and set new emissions targets for its investment portfolio. Photograph: Tim Wimborne/Reuters",
guardian_b94ae062de,The Guardian,2020,"""1.5C""",Climate emergency bill offers real hope,https://www.theguardian.com/environment/2020/sep/02/climate-emergency-bill-offers-real-hope,2020-09-02,2021-08-25,1,https://i.guim.co.uk/img/media/b9c9d42f59a045e76b8c0077634767bbcc5cc50d/0_43_4800_2880/master/4800.jpg?width=465&dpr=1&s=none&crop=none,,Extinction Rebellion protesters in London demand government action on the climate crisis. Photograph: Anadolu Agency/Getty Images,
guardian_25a5370ef8,The Guardian,2020,"""1.5C""",New Zealand experiences warmest winter on record,https://www.theguardian.com/world/2020/sep/03/new-zealand-experiences-warmest-winter-on-record,2020-09-03,2021-08-25,1,https://i.guim.co.uk/img/media/63b3e5360d43f56ae69b55be6a63d5e98c44097b/0_248_7360_4416/master/7360.jpg?width=465&dpr=1&s=none&crop=none,,Scientists have been closely watching for changes to the glacier at Mt Cook. New Zealand recorded its warmest winter on record in 2020. Photograph: Dave Allen/Lauren Vargo,
guardian_1c715f62d8,The Guardian,2020,IPCC,"Autumn arts: our critics pick the best shows, film, music, books and TV",https://www.theguardian.com/culture/2020/sep/06/autumn-arts-our-critics-pick-the-best-shows-film-music-books-and-tv,2020-09-06,2022-10-19,1,https://i.guim.co.uk/img/media/bff64e05bf22f7de95b968466d96d38ccc7e7eea/0_0_2717_1914/master/2717.jpg?width=445&dpr=1&s=none&crop=none,,"Artemisia Gentileschi’s The Birth of St John the Baptist, c1635. Photograph: Artemisia Gentileschi/Museo Nacional del Prado, Madrid",
guardian_1c715f62d8,The Guardian,2020,IPCC,"Autumn arts: our critics pick the best shows, film, music, books and TV",https://www.theguardian.com/culture/2020/sep/06/autumn-arts-our-critics-pick-the-best-shows-film-music-books-and-tv,2020-09-06,2022-10-19,2,https://i.guim.co.uk/img/media/e1b745a3aa6af4e25681ae87b23f66f6f2d4a938/168_0_1723_1035/master/1723.jpg?width=445&dpr=1&s=none&crop=none,,Félix Lefebvre and Benjamin Voisin in François Ozon’s Summer of ’85. Photograph: SCOPE PICTURES / Curzon,
guardian_1c715f62d8,The Guardian,2020,IPCC,"Autumn arts: our critics pick the best shows, film, music, books and TV",https://www.theguardian.com/culture/2020/sep/06/autumn-arts-our-critics-pick-the-best-shows-film-music-books-and-tv,2020-09-06,2022-10-19,3,https://i.guim.co.uk/img/media/230a178c81d06246f92d5fc8b14a5c1a875bf731/0_178_3000_1801/master/3000.jpg?width=445&dpr=1&s=none&crop=none,,Sufjan Stevens performing in 2017. Photograph: Jason Kempin/Getty Images,
guardian_1c715f62d8,The Guardian,2020,IPCC,"Autumn arts: our critics pick the best shows, film, music, books and TV",https://www.theguardian.com/culture/2020/sep/06/autumn-arts-our-critics-pick-the-best-shows-film-music-books-and-tv,2020-09-06,2022-10-19,4,https://i.guim.co.uk/img/media/3b9a0ce660ea03b3e73da07fd16169a9618470b6/0_113_4283_2570/master/4283.jpg?width=445&dpr=1&s=none&crop=none,,Steve McQueen’s Small Axe. Photograph: Des Willie/BBC/McQueen Limited,
guardian_1c715f62d8,The Guardian,2020,IPCC,"Autumn arts: our critics pick the best shows, film, music, books and TV",https://www.theguardian.com/culture/2020/sep/06/autumn-arts-our-critics-pick-the-best-shows-film-music-books-and-tv,2020-09-06,2022-10-19,5,https://i.guim.co.uk/img/media/4fe9fdeb6510a7c4b46e213bbd579ec33818c7c5/0_45_4482_2688/master/4482.jpg?width=445&dpr=1&s=none&crop=none,,Martin Amis’s autobiographical novel is one of his finest. Photograph: Leonardo Cendamo/Getty Images,
guardian_1c715f62d8,The Guardian,2020,IPCC,"Autumn arts: our critics pick the best shows, film, music, books and TV",https://www.theguardian.com/culture/2020/sep/06/autumn-arts-our-critics-pick-the-best-shows-film-music-books-and-tv,2020-09-06,2022-10-19,6,https://i.guim.co.uk/img/media/0fa533265b97b1a5d40455b3c456438059bec749/0_268_3500_2100/master/3500.jpg?width=445&dpr=1&s=none&crop=none,,Boris Johnson in the Downing Street rose garden in July. Photograph: Hannah McKay/AP,
guardian_1c715f62d8,The Guardian,2020,IPCC,"Autumn arts: our critics pick the best shows, film, music, books and TV",https://www.theguardian.com/culture/2020/sep/06/autumn-arts-our-critics-pick-the-best-shows-film-music-books-and-tv,2020-09-06,2022-10-19,7,https://i.guim.co.uk/img/media/3002873a1c739813a53407e6ae10687e8b5e6e40/1490_1416_2506_1503/master/2506.jpg?width=445&dpr=1&s=none&crop=none,,Giles Terera will play the title role in Death of England: Delroy. Photograph: Helen Murray,
guardian_1c715f62d8,The Guardian,2020,IPCC,"Autumn arts: our critics pick the best shows, film, music, books and TV",https://www.theguardian.com/culture/2020/sep/06/autumn-arts-our-critics-pick-the-best-shows-film-music-books-and-tv,2020-09-06,2022-10-19,8,https://i.guim.co.uk/img/media/99f2c577c1371aeee43ee45b5adaacddb64e69d3/280_513_4194_2516/master/4194.jpg?width=445&dpr=1&s=none&crop=none,,The Arditti Quartet will play as part of the Wigmore Hall 100. Photograph: Artur Nizicki,
guardian_1c715f62d8,The Guardian,2020,IPCC,"Autumn arts: our critics pick the best shows, film, music, books and TV",https://www.theguardian.com/culture/2020/sep/06/autumn-arts-our-critics-pick-the-best-shows-film-music-books-and-tv,2020-09-06,2022-10-19,9,https://i.guim.co.uk/img/media/c18d0ac819075310b4628e4a0baebf7c9988d9f2/0_200_2362_1417/master/2362.jpg?width=445&dpr=1&s=none&crop=none,,A playful sofa from the exhibition Memphis: Plastic Field at Milton Keynes Art Gallery. Photograph: Pariano Angelantonio. Courtesy Memphis Srl,
guardian_1c715f62d8,The Guardian,2020,IPCC,"Autumn arts: our critics pick the best shows, film, music, books and TV",https://www.theguardian.com/culture/2020/sep/06/autumn-arts-our-critics-pick-the-best-shows-film-music-books-and-tv,2020-09-06,2022-10-19,10,https://i.guim.co.uk/img/media/d2f3f9fe27e87d12a7fd16101217716c5e5c49af/0_0_5549_3718/master/5549.jpg?width=445&dpr=1&s=none&crop=none,,A raver at a Pleasuredome event in 1997. Photograph: PYMCA/Universal Images Group/Getty Images,
guardian_1c715f62d8,The Guardian,2020,IPCC,"Autumn arts: our critics pick the best shows, film, music, books and TV",https://www.theguardian.com/culture/2020/sep/06/autumn-arts-our-critics-pick-the-best-shows-film-music-books-and-tv,2020-09-06,2022-10-19,11,https://i.guim.co.uk/img/media/591b3946ea61b45cea57c633d68de60670759cce/0_171_1772_1063/master/1772.jpg?width=445&dpr=1&s=none&crop=none,,Birmingham Royal Ballet’s Lazuli Sky.,
guardian_5b8ab5c495,The Guardian,2020,"""1.5C""",Australian coal plants 'on a hiding to nothing' and likely to close before schedule,https://www.theguardian.com/australia-news/2020/sep/07/australian-coal-plants-on-a-hiding-to-nothing-and-likely-to-close-before-schedule,2020-09-06,2020-09-06,1,https://i.guim.co.uk/img/media/d1df9ce36183990168b4c20e6b3712c3f58e91e3/0_249_3500_2099/master/3500.jpg?width=465&dpr=1&s=none&crop=none,,The Liddell power plant in NSW is scheduled to close in 2023 but Australia’s Energy Security Board says coal-fired power plants make little money and are likely to close earlier than scheduled. Photograph: Tim Wimborne/Reuters,
guardian_aeae98d527,The Guardian,2020,"""1.5C""",Will the Cop26 climate conference be a national embarrassment for Britain?,https://www.theguardian.com/commentisfree/2020/sep/07/cop26-climate-conference-britain-un-glasgow,2020-09-07,2021-08-25,1,https://i.guim.co.uk/img/media/186f2a60e165a02178b658d78b6ba10ba7fe0172/0_240_5184_3110/master/5184.jpg?width=465&dpr=1&s=none&crop=none,,"‘As host nation of the Cop26, Britain is in desperate need of a leader with vision and determination.’ Photograph: Rafael Henrique/Sopa Images/Rex/Shutterstock",
guardian_72ca275fac,The Guardian,2020,"""sea level rise""",Huge cavities threaten glacier larger than Great Britain,https://www.theguardian.com/environment/2020/sep/09/cavities-threaten-glacier-great-britain-thwaites,2020-09-09,2021-08-25,1,https://i.guim.co.uk/img/media/1774967ff6b9127a43b06c0685d1fd499c965141/98_0_3413_2048/master/3413.jpg?width=465&dpr=1&s=none&crop=none,,Channels of warm ocean water melting the ice from below threaten the stability of Thwaites glacier in western Antarctica. Photograph: AFP/Getty,
guardian_72ca275fac,The Guardian,2020,"""sea level rise""",Huge cavities threaten glacier larger than Great Britain,https://www.theguardian.com/environment/2020/sep/09/cavities-threaten-glacier-great-britain-thwaites,2020-09-09,2021-08-25,2,https://i.guim.co.uk/img/media/d20c431031efcadee4c2331ed9f61f22050ebb32/0_0_2048_778/master/2048.jpg?width=445&dpr=1&s=none&crop=none,,Composite image of Thwaites glacier taken on 2 December 2001 (left) and on 28 December 2019. The photos show the changes that have occurred since the start of this century. Composite: Nasa/EPA,
guardian_7b1a8dcdcd,The Guardian,2020,"""sea level rise""",How artificial salt marshes can help in the fight against rising seas,https://www.theguardian.com/environment/2020/sep/09/how-artificial-salt-marshes-can-help-in-the-fight-against-rising-seas-aoe,2020-09-09,2021-10-29,1,https://i.guim.co.uk/img/media/70fe130efa9d6230a6b5355bc0455c4cc22b89bb/0_400_6000_3600/master/6000.jpg?width=465&dpr=1&s=none&crop=none,,"Natural solution ... tidally flooded salt marshes on Wallasea Island, Essex. Photograph: Patrick Greenfield/The Guardian",
guardian_7b1a8dcdcd,The Guardian,2020,"""sea level rise""",How artificial salt marshes can help in the fight against rising seas,https://www.theguardian.com/environment/2020/sep/09/how-artificial-salt-marshes-can-help-in-the-fight-against-rising-seas-aoe,2020-09-09,2021-10-29,2,https://i.guim.co.uk/img/media/e2212b14f12c35992cd5bb4a6f51516752bd048f/0_0_7360_4912/master/7360.jpg?width=445&dpr=1&s=none&crop=none,,Estuary haven ... the RSPB’s Wallasea Island nature reserve at high tide. Photograph: David Wootton/RSPB,
guardian_7b1a8dcdcd,The Guardian,2020,"""sea level rise""",How artificial salt marshes can help in the fight against rising seas,https://www.theguardian.com/environment/2020/sep/09/how-artificial-salt-marshes-can-help-in-the-fight-against-rising-seas-aoe,2020-09-09,2021-10-29,3,https://i.guim.co.uk/img/media/26ee572b1f68c681b2a9a4a370338abcea76378e/0_0_5700_3800/master/5700.jpg?width=445&dpr=1&s=none&crop=none,,"Fragile perimeter ... sea defences at Wallasea Island, Essex. Photograph: Andy Hay/RSPB",
guardian_7b1a8dcdcd,The Guardian,2020,"""sea level rise""",How artificial salt marshes can help in the fight against rising seas,https://www.theguardian.com/environment/2020/sep/09/how-artificial-salt-marshes-can-help-in-the-fight-against-rising-seas-aoe,2020-09-09,2021-10-29,4,https://i.guim.co.uk/img/media/2c77e10d618afc06915a995f532399423afa508d/0_0_4104_2731/master/4104.jpg?width=445&dpr=1&s=none&crop=none,,One for the birds ... dark-bellied brent geese take flight from a grazing field at the RSPB reserve. Photograph: Terry Whittaker/2020Vision/NPL/Alamy,
guardian_ef52bfbfc8,The Guardian,2020,"""sea level rise""","Trauma, fear, homelessness: life after California's deadliest fire shows the future of climate crisis",https://www.theguardian.com/us-news/2020/sep/09/trauma-fear-homelessness-paradise-camp-fire-migrants-climate-change,2020-09-09,2021-08-25,1,https://i.guim.co.uk/img/media/75a1b15f571fbb3d3d7b0986233b487cc2cad34f/0_0_3000_2000/master/3000.jpg?width=465&dpr=1&s=none&crop=none,,"Panda Bell lived in Paradise until the Camp fire in 2018. The fire was so traumatic, Bell could not return. Photograph: Max Whittaker/The Guardian",
guardian_ef52bfbfc8,The Guardian,2020,"""sea level rise""","Trauma, fear, homelessness: life after California's deadliest fire shows the future of climate crisis",https://www.theguardian.com/us-news/2020/sep/09/trauma-fear-homelessness-paradise-camp-fire-migrants-climate-change,2020-09-09,2021-08-25,2,https://i.guim.co.uk/img/media/b51bdc26fe4c18ad6aa39e792e3a44b7944bf5a5/0_0_3000_2000/master/3000.jpg?width=445&dpr=1&s=none&crop=none,,Paradise is rebuilding after the 2018 Camp fire destroyed the town. Photograph: Max Whittaker/The Guardian,
guardian_ef52bfbfc8,The Guardian,2020,"""sea level rise""","Trauma, fear, homelessness: life after California's deadliest fire shows the future of climate crisis",https://www.theguardian.com/us-news/2020/sep/09/trauma-fear-homelessness-paradise-camp-fire-migrants-climate-change,2020-09-09,2021-08-25,3,https://i.guim.co.uk/img/media/82d0ee6384c91d7da535be0dbdeb7dc9a3705c0d/0_0_3000_2000/master/3000.jpg?width=445&dpr=1&s=none&crop=none,,"Chico, a university city of 110,000 about 15 miles west of Paradise, grew by more than 10,000 people after the Camp fire. Photograph: Max Whittaker/The Guardian",
guardian_ef52bfbfc8,The Guardian,2020,"""sea level rise""","Trauma, fear, homelessness: life after California's deadliest fire shows the future of climate crisis",https://www.theguardian.com/us-news/2020/sep/09/trauma-fear-homelessness-paradise-camp-fire-migrants-climate-change,2020-09-09,2021-08-25,4,https://i.guim.co.uk/img/media/24f239d02ef809ab07038eb4534df15916a4f9e5/0_0_3000_2000/master/3000.jpg?width=445&dpr=1&s=none&crop=none,,Chico State university students enjoy an afternoon in Bidwell park. Photograph: Max Whittaker/The Guardian,
guardian_ef52bfbfc8,The Guardian,2020,"""sea level rise""","Trauma, fear, homelessness: life after California's deadliest fire shows the future of climate crisis",https://www.theguardian.com/us-news/2020/sep/09/trauma-fear-homelessness-paradise-camp-fire-migrants-climate-change,2020-09-09,2021-08-25,5,https://i.guim.co.uk/img/media/087b524f4b67e46ba047daa118ebdf36cc109c55/0_0_3000_2000/master/3000.jpg?width=445&dpr=1&s=none&crop=none,,"Outside of Chico, a few hundred people still live in housing provided by the Federal Emergency Management Agency. Photograph: Max Whittaker/The Guardian",
guardian_ef52bfbfc8,The Guardian,2020,"""sea level rise""","Trauma, fear, homelessness: life after California's deadliest fire shows the future of climate crisis",https://www.theguardian.com/us-news/2020/sep/09/trauma-fear-homelessness-paradise-camp-fire-migrants-climate-change,2020-09-09,2021-08-25,6,https://i.guim.co.uk/img/media/523468e4d29ddd7c1791ea3e64e3b0ae313795d4/0_0_3000_2000/master/3000.jpg?width=445&dpr=1&s=none&crop=none,,"Panda and Dan Bell have made a new life for themselves at their new property in Orland, west of Paradise. Photograph: Max Whittaker/The Guardian",
guardian_ef52bfbfc8,The Guardian,2020,"""sea level rise""","Trauma, fear, homelessness: life after California's deadliest fire shows the future of climate crisis",https://www.theguardian.com/us-news/2020/sep/09/trauma-fear-homelessness-paradise-camp-fire-migrants-climate-change,2020-09-09,2021-08-25,7,https://i.guim.co.uk/img/media/f6aff3a05bd9b57d04455438f865bba22da9d119/0_0_3000_2000/master/3000.jpg?width=445&dpr=1&s=none&crop=none,,"Panda Bell’s opened her own store in Orland, selling Paradise-themed goods. Photograph: Max Whittaker/The Guardian",
guardian_1a6e68505a,The Guardian,2020,"""sea level rise""",Florida sewage spills expected to worsen due to ageing infrastructure,https://www.theguardian.com/us-news/2020/sep/10/florida-sewage-spill-waterways-infrastructure,2020-09-10,2021-08-25,1,https://i.guim.co.uk/img/media/237ef46497d4d01c67687411c56b75c4bb226b91/0_0_3000_1800/master/3000.jpg?width=465&dpr=1&s=none&crop=none,,"A worker uses a vacuum truck to suck up sewer water in Fort Lauderdale, Florida, on 24 February. Photograph: Joe Raedle/Getty Images",
guardian_545cf9304c,The Guardian,2020,"""1.5C""","Impact of Covid slowdown on CO2 in the atmosphere 'not even a blip', Australian scientist says",https://www.theguardian.com/environment/2020/sep/11/impact-of-covid-slowdown-on-co2-in-the-atmosphere-not-even-a-blip-australian-scientist-says,2020-09-10,2021-08-25,1,https://i.guim.co.uk/img/media/be1d33aaf714b792f6519b0fc35f503aa017c6aa/151_439_4248_2549/master/4248.jpg?width=465&dpr=1&s=none&crop=none,,"Analysis of fossil fuel burning found emissions hit their lowest daily rate in April but as economies have re-opened, emissions are returning to the same levels as last year, according to a UN report. Photograph: John MacDougall/AFP/Getty Images",
guardian_c50ebfcf6b,The Guardian,2020,"""1.5C""",BHP announces plan to slash emissions by 30% over next decade but stops short of quitting coal and oil,https://www.theguardian.com/business/2020/sep/10/bhp-announces-plan-to-slash-emissions-by-30-over-next-decade-but-stops-short-of-quitting-coal-and-oil,2020-09-10,2020-09-10,1,https://i.guim.co.uk/img/media/dd897822d92af26e71a33b99d83eaedc198897d5/0_194_2760_1656/master/2760.jpg?width=465&dpr=1&s=none&crop=none,,BHP chief executive Mike Henry says the world will ‘still need oil and gas to power mobility and everyday modern life on the pathway to decarbonisation’ and the company will benefit in the transition. Photograph: Ian Waldie/Getty Images,
guardian_c50ebfcf6b,The Guardian,2020,"""1.5C""",BHP announces plan to slash emissions by 30% over next decade but stops short of quitting coal and oil,https://www.theguardian.com/business/2020/sep/10/bhp-announces-plan-to-slash-emissions-by-30-over-next-decade-but-stops-short-of-quitting-coal-and-oil,2020-09-10,2020-09-10,2,https://i.guim.co.uk/img/media/8ee9e0ecce488d797ba7c825da9a1a6b182bb2e9/1321_142_745_931/master/745.jpg?width=445&dpr=1&s=none&crop=none,,Mike Henry: ‘We are major providers of the commodities that will enable a green transition.’ Photograph: Melanie Burton/Reuters,
guardian_6ebee12a25,The Guardian,2020,"""1.5C""","Global oil demand may have passed peak, says BP energy report",https://www.theguardian.com/business/2020/sep/14/global-oil-demand-may-have-passed-peak-says-bp-energy-report,2020-09-13,2021-08-25,1,https://i.guim.co.uk/img/media/a5d7127d69b12b5bf7adb02c93cbee7a69180d1e/0_180_3585_2153/master/3585.jpg?width=465&dpr=1&s=none&crop=none,,Growing climate action is having an effect on oil demand. Photograph: Wiktor Szymanowicz/Barcroft Media/Getty Images,
guardian_6ebee12a25,The Guardian,2020,"""1.5C""","Global oil demand may have passed peak, says BP energy report",https://www.theguardian.com/business/2020/sep/14/global-oil-demand-may-have-passed-peak-says-bp-energy-report,2020-09-13,2021-08-25,2,https://i.guim.co.uk/img/media/e70939133a8ce1fb863eeabb55b7db0c2654c760/0_530_3500_2100/master/3500.jpg?width=445&dpr=1&s=none&crop=none,,"Measures to limit the production of plastic, which is made from petrochemicals, will also affect demand for oil. Photograph: Ollie Harrop/Everyday Plastic/PA",
guardian_9cff9a5d49,The Guardian,2020,"""1.5C""",Investors that manage US$47tn demand world’s biggest polluters back plan for net-zero emissions,https://www.theguardian.com/environment/2020/sep/14/investors-worth-us47tn-demand-worlds-biggest-polluters-back-plan-for-net-zero-emissions,2020-09-14,2021-08-25,1,https://i.guim.co.uk/img/media/2745de268cc3fa23617828576c42c21d48eeba14/0_140_4256_2553/master/4256.jpg?width=465&dpr=1&s=none&crop=none,,Extinction Rebellion join a protest outside the London office of oil company Shell last week. Royal Dutch Shell have also been targeted by the Climate Action 100+ group as part of a push to make big polluters support strategies to reach net-zero greenhouse gas emissions. Photograph: Barcroft Media/Getty Images,
guardian_c1811b3399,The Guardian,2020,"""global temperature""",EU commission accused of 'cheating' on net-zero emissions accounting,https://www.theguardian.com/environment/2020/sep/14/eu-commission-accused-of-cheating-on-net-zero-emissions-accounting,2020-09-14,2023-05-11,1,https://i.guim.co.uk/img/media/42cff76ebdf9b49444539650b27421d2a67a640d/0_102_6000_3600/master/6000.jpg?width=465&dpr=1&s=none&crop=none,,Greenpeace activists roll down a 30-metre banner at the headquarters of the EU Commission protesting against the ongoing damage to the Amazon. Photograph: Thierry Monasse/Getty Images,
guardian_131ae766d2,The Guardian,2020,"""global temperature""",The megafires and pandemic expose the lies that frustrate action on climate change,https://www.theguardian.com/australia-news/2020/sep/17/the-megafires-and-pandemic-expose-the-lies-that-frustrate-action-on-climate-change,2020-09-16,2021-08-25,1,https://i.guim.co.uk/img/media/3f39430cc5a51a6d5926d12d6a6c1fb13455bcc9/0_118_3543_2126/master/3543.jpg?width=465&dpr=1&s=none&crop=none,,"Scientist and conservationist Prof Tim Flannery, one of Australia’s leading writers on climate change: ‘I have hope that the Morrison government can lead Australia out of danger.’ Photograph: Carly Earl/The Guardian",
guardian_131ae766d2,The Guardian,2020,"""global temperature""",The megafires and pandemic expose the lies that frustrate action on climate change,https://www.theguardian.com/australia-news/2020/sep/17/the-megafires-and-pandemic-expose-the-lies-that-frustrate-action-on-climate-change,2020-09-16,2021-08-25,2,https://i.guim.co.uk/img/media/0a66c8e0e9238e99bcda6eb1936d626825f47a24/0_0_2362_3543/master/2362.jpg?width=445&dpr=1&s=none&crop=none,,‘There could not be a clearer case of the dangers of inaction in the face of the climate emergency than Australia’s megafires.’ Photograph: Carly Earl/The Guardian,
guardian_131ae766d2,The Guardian,2020,"""global temperature""",The megafires and pandemic expose the lies that frustrate action on climate change,https://www.theguardian.com/australia-news/2020/sep/17/the-megafires-and-pandemic-expose-the-lies-that-frustrate-action-on-climate-change,2020-09-16,2021-08-25,3,https://i.guim.co.uk/img/media/9e45564dbd8a6f00245e19d0e00c55351a30d699/0_0_4500_2999/master/4500.jpg?width=465&dpr=1&s=none&crop=none,,"‘If economic opportunity were the only driver of climate denialism, it could be countered by creating opportunity elsewhere’ Photograph: Lukas Coch/AAP",
guardian_5134082ba8,The Guardian,2020,"""1.5C""",Scott Morrison’s ‘gas-led recovery’: what is it and will it really make energy cheaper?,https://www.theguardian.com/environment/2020/sep/17/scott-morrisons-gas-led-recovery-what-is-it-and-will-it-really-make-energy-cheaper,2020-09-16,2021-08-25,1,https://i.guim.co.uk/img/media/e83a776b8ebeecd88e8ea8468f7e9b866cf8f6a2/0_232_3500_2101/master/3500.jpg?width=465&dpr=1&s=none&crop=none,,Scott Morrison says taxpayers would fund a gas-fired power plant in the Hunter Valley if the industry did not back new dispatchable electricity generation by April next year. Photograph: Angus Mordant/Reuters,
guardian_5134082ba8,The Guardian,2020,"""1.5C""",Scott Morrison’s ‘gas-led recovery’: what is it and will it really make energy cheaper?,https://www.theguardian.com/environment/2020/sep/17/scott-morrisons-gas-led-recovery-what-is-it-and-will-it-really-make-energy-cheaper,2020-09-16,2021-08-25,2,https://i.guim.co.uk/img/media/c7150abdd57e34cd3d2a577a75082e43e7c6c617/0_224_6720_4032/master/6720.jpg?width=445&dpr=1&s=none&crop=none,,"Solar and wind have been built at record speed in Australia, mainly due to a national renewable energy target that was filled last year and the Coalition has chosen not to replace. Composite: Carly Earl",
guardian_fb1d8d0151,The Guardian,2020,"""1.5C""",How Australia's meat industry could be part of the climate solution,https://www.theguardian.com/australia-news/2020/sep/17/how-australias-meat-industry-could-be-part-of-the-climate-solution,2020-09-16,2021-08-25,1,https://i.guim.co.uk/img/media/5ee40724ebeb11dac19e55f79f1e00d93d83eddd/0_0_4500_3000/master/4500.jpg?width=445&dpr=1&s=none&crop=none,,"The morning view from Charlie Arnott’s property in Boorowa, New South Wales. Photograph: David Maurice Smith/Oculi",
guardian_fb1d8d0151,The Guardian,2020,"""1.5C""",How Australia's meat industry could be part of the climate solution,https://www.theguardian.com/australia-news/2020/sep/17/how-australias-meat-industry-could-be-part-of-the-climate-solution,2020-09-16,2021-08-25,2,https://i.guim.co.uk/img/media/1b575473748330dbaeb952a4b7d050192a6c23b2/0_0_3688_2075/3688.jpg?width=465&dpr=1&s=none&crop=none,,The Green Recovery: can I still eat meat if I care about the environment? – video,
guardian_fb1d8d0151,The Guardian,2020,"""1.5C""",How Australia's meat industry could be part of the climate solution,https://www.theguardian.com/australia-news/2020/sep/17/how-australias-meat-industry-could-be-part-of-the-climate-solution,2020-09-16,2021-08-25,3,https://i.guim.co.uk/img/media/b8adcfc72fcac030f3af790b58e7a60ac49c9bb9/0_0_4500_3000/master/4500.jpg?width=445&dpr=1&s=none&crop=none,,"‘This way grass gets to express its grassness’. Arnott checks on cattle on his 2,143 hectare property. Photograph: David Maurice Smith/Oculi",
guardian_fb1d8d0151,The Guardian,2020,"""1.5C""",How Australia's meat industry could be part of the climate solution,https://www.theguardian.com/australia-news/2020/sep/17/how-australias-meat-industry-could-be-part-of-the-climate-solution,2020-09-16,2021-08-25,4,https://i.guim.co.uk/img/media/17226086ce047bce0effa899f07080cea49fa479/0_0_4500_3000/master/4500.jpg?width=445&dpr=1&s=none&crop=none,,Arnott holds a ball of fresh biodynamic cow manure that will be used to fertilise soil. Photograph: David Maurice Smith/Oculi,
guardian_fb1d8d0151,The Guardian,2020,"""1.5C""",How Australia's meat industry could be part of the climate solution,https://www.theguardian.com/australia-news/2020/sep/17/how-australias-meat-industry-could-be-part-of-the-climate-solution,2020-09-16,2021-08-25,5,https://i.guim.co.uk/img/media/4909352600bbb505c1cd6355f3a3141d3a2cfc39/0_0_4500_3000/master/4500.jpg?width=445&dpr=1&s=none&crop=none,,"Arnott speaks at a two-day biodynamics workshop on his farm in Boorowa, south-west of Sydney. Photograph: David Maurice Smith/Oculi",
guardian_fb1d8d0151,The Guardian,2020,"""1.5C""",How Australia's meat industry could be part of the climate solution,https://www.theguardian.com/australia-news/2020/sep/17/how-australias-meat-industry-could-be-part-of-the-climate-solution,2020-09-16,2021-08-25,6,https://i.guim.co.uk/img/media/db34cc17acbc141c6c13a4fcb7857ccd0d6a564a/0_0_4500_3000/master/4500.jpg?width=465&dpr=1&s=none&crop=none,,"‘I loved my cattle more than I loved my grass,’ Arnott says of his previous farming practices. Photograph: David Maurice Smith/Oculi",
guardian_fb1d8d0151,The Guardian,2020,"""1.5C""",How Australia's meat industry could be part of the climate solution,https://www.theguardian.com/australia-news/2020/sep/17/how-australias-meat-industry-could-be-part-of-the-climate-solution,2020-09-16,2021-08-25,7,https://i.guim.co.uk/img/media/fcd615da1c0ab3939219b6bd325bdd120704d5e3/0_0_4500_3000/master/4500.jpg?width=445&dpr=1&s=none&crop=none,,"A mixture of egg shells and basalt is used to produce biodynamic fertiliser, which will be placed in a cow horn and buried in the earth. Photograph: David Maurice Smith/The Guardian",
guardian_fb1d8d0151,The Guardian,2020,"""1.5C""",How Australia's meat industry could be part of the climate solution,https://www.theguardian.com/australia-news/2020/sep/17/how-australias-meat-industry-could-be-part-of-the-climate-solution,2020-09-16,2021-08-25,8,https://i.guim.co.uk/img/media/84738c0de733ab75f31e02e437fe85e791d9c918/0_0_4500_3000/master/4500.jpg?width=445&dpr=1&s=none&crop=none,,"A freshly unearthed cow horn, stuffed with biodynamic cow manure. Photograph: David Maurice Smith/Oculi",
guardian_fb1d8d0151,The Guardian,2020,"""1.5C""",How Australia's meat industry could be part of the climate solution,https://www.theguardian.com/australia-news/2020/sep/17/how-australias-meat-industry-could-be-part-of-the-climate-solution,2020-09-16,2021-08-25,9,https://i.guim.co.uk/img/media/04699525e237f8b2c57b87fa82996caa438af642/0_0_4500_3000/master/4500.jpg?width=465&dpr=1&s=none&crop=none,,"‘We’ve helped create the problem, we hold the tools to turn it around,’ Arnott says. Photograph: David Maurice Smith/Oculi",
guardian_7a55df34cb,The Guardian,2020,"""global temperature""",The Rise of the Murdoch Dynasty documentary spoiler: 10 things you need to know,https://www.theguardian.com/media/2020/sep/18/the-rise-of-the-murdoch-dynasty-documentary-spoiler-10-things-you-need-to-know,2020-09-18,2020-09-18,1,https://i.guim.co.uk/img/media/3c72d3958962c698b162b88eeb521d81bbc9f02a/0_0_2340_1404/master/2340.jpg?width=465&dpr=1&s=none&crop=none,,Rupert Murdoch with his family in the 1980s. The BBC documentary The Rise of the Murdoch Dynasty screens on the ABC this weekend. Photograph: Sipa/BBC/72 Films/Shutterstock,
guardian_7a55df34cb,The Guardian,2020,"""global temperature""",The Rise of the Murdoch Dynasty documentary spoiler: 10 things you need to know,https://www.theguardian.com/media/2020/sep/18/the-rise-of-the-murdoch-dynasty-documentary-spoiler-10-things-you-need-to-know,2020-09-18,2020-09-18,2,https://i.guim.co.uk/img/media/fdd1aed2e259e70bac311a9a06901dbb08ed0033/0_12_3280_1968/master/3280.jpg?width=445&dpr=1&s=none&crop=none,,Rupert Murdoch and Donald Trump on a Trump golf course in Scotland. Photograph: Carlo Allegri/BBC/72 Films/Reuters,
guardian_7a55df34cb,The Guardian,2020,"""global temperature""",The Rise of the Murdoch Dynasty documentary spoiler: 10 things you need to know,https://www.theguardian.com/media/2020/sep/18/the-rise-of-the-murdoch-dynasty-documentary-spoiler-10-things-you-need-to-know,2020-09-18,2020-09-18,3,https://i.guim.co.uk/img/media/93274c19a55b2b283fa5c8cc13a6b46a59d41e76/0_0_2464_1648/master/2464.jpg?width=445&dpr=1&s=none&crop=none,,Lachlan and Rupert Murdoch outside News Corp’s Sydney office in 2004. Photograph: BBC/72 Films/Getty Images,
guardian_88dc4088ea,The Guardian,2020,"""sea level rise""",The tipping points at the heart of the climate crisis,https://www.theguardian.com/science/2020/sep/19/the-tipping-points-at-the-heart-of-the-climate-crisis,2020-09-19,2021-08-25,1,https://i.guim.co.uk/img/media/03718a88ba7d71186b6d19c7b34ee7a7e402b3e8/0_0_1533_920/master/1533.jpg?width=465&dpr=1&s=none&crop=none,,"The Thwaites glacier in Antarctica, where ice is now melting on a massive scale. Photograph: Nasa/OIB/Jeremy Harbeck/EPA",
guardian_88dc4088ea,The Guardian,2020,"""sea level rise""",The tipping points at the heart of the climate crisis,https://www.theguardian.com/science/2020/sep/19/the-tipping-points-at-the-heart-of-the-climate-crisis,2020-09-19,2021-08-25,2,https://i.guim.co.uk/img/media/21e138ccaf22b422a4e43cceacf88b974546d1ce/0_0_3500_1765/master/3500.jpg?width=445&dpr=1&s=none&crop=none,,Satellite images of the disintegration of the Spalte glacier in northeast Greenland between 2013 and 2020. Photograph: EU Copernicus and Geus/Reuters,
guardian_88dc4088ea,The Guardian,2020,"""sea level rise""",The tipping points at the heart of the climate crisis,https://www.theguardian.com/science/2020/sep/19/the-tipping-points-at-the-heart-of-the-climate-crisis,2020-09-19,2021-08-25,3,https://i.guim.co.uk/img/media/cf83062cf1e1ca65044b570dbe727e0f8a803873/0_448_6720_4032/master/6720.jpg?width=445&dpr=1&s=none&crop=none,,"‘Hothouse’ conditions will make fires such as this one in the San Gabriel mountains above Azusa, California, in August more frequent. Photograph: Apu Gomes/AFP/Getty Images",
guardian_2781988994,The Guardian,2020,"""carbon budget""","World's richest 1% cause double CO2 emissions of poorest 50%, says Oxfam",https://www.theguardian.com/environment/2020/sep/21/worlds-richest-1-cause-double-co2-emissions-of-poorest-50-says-oxfam,2020-09-20,2022-10-19,1,https://i.guim.co.uk/img/media/b08f4fbf780259045234b42bd1fa808741064572/0_166_4500_2700/master/4500.jpg?width=465&dpr=1&s=none&crop=none,,"Sprinklers in the street in Baghdad, Iraq, where temperatures reached 51C in July. Photograph: Ahmad Al-Rubaye/AFP/Getty Images",
guardian_a914558399,The Guardian,2020,"""global temperature""",Charleston aims to force fossil fuel companies to pay $2bn to combat climate crisis,https://www.theguardian.com/us-news/2020/sep/20/charleston-force-fossil-fuel-companies-pay-2bn-combat-climate-crisis,2020-09-20,2020-09-20,1,https://i.guim.co.uk/img/media/09d8cd2366f2de1db5b9827d58a7b43f8d4b1d3b/0_0_4583_3120/master/4583.jpg?width=465&dpr=1&s=none&crop=none,,"A man rides a bicycle as rain from Tropical Storm Bertha flooded streets in Charleston, South Carolina on 27 May 2020. Photograph: Matthew Fortner/AP",
guardian_a914558399,The Guardian,2020,"""global temperature""",Charleston aims to force fossil fuel companies to pay $2bn to combat climate crisis,https://www.theguardian.com/us-news/2020/sep/20/charleston-force-fossil-fuel-companies-pay-2bn-combat-climate-crisis,2020-09-20,2020-09-20,2,https://i.guim.co.uk/img/media/d5cb6944fa7a4f50ae95adf92534e710d634a03d/0_0_4371_2917/master/4371.jpg?width=445&dpr=1&s=none&crop=none,,"Power lines spark in flood water on Market Street as Hurricane Dorian spins just off shore on 5 September 2019 in Charleston, South Carolina. Photograph: Sean Rayford/Getty Images",
guardian_a914558399,The Guardian,2020,"""global temperature""",Charleston aims to force fossil fuel companies to pay $2bn to combat climate crisis,https://www.theguardian.com/us-news/2020/sep/20/charleston-force-fossil-fuel-companies-pay-2bn-combat-climate-crisis,2020-09-20,2020-09-20,3,https://i.guim.co.uk/img/media/dd09fc3b57575c42d83a9f70d508dda42cd3a8a6/0_0_3500_2503/master/3500.jpg?width=445&dpr=1&s=none&crop=none,,"Brys Stephens struggles to install a metal flood gate along South Battery during Hurricane Dorian in Charleston, South Carolina on 5 September 2019. Photograph: Randall Hill/Reuters",
guardian_10734d723d,The Guardian,2020,"""carbon budget""",Monday briefing: 'A critical point has been reached',https://www.theguardian.com/world/2020/sep/21/monday-briefing-a-critical-point-has-been-reached,2020-09-21,2020-09-21,1,https://i.guim.co.uk/img/media/9d0bbd8ff96e89eb61752a0702bf66122cca3fb3/0_58_1728_1037/master/1728.jpg?width=445&dpr=1&s=none&crop=none,,"David Tennant was voted the favourite Dr Who in a poll of 50,000 for the Radio Times. Photograph: BBC/PA",
guardian_10734d723d,The Guardian,2020,"""carbon budget""",Monday briefing: 'A critical point has been reached',https://www.theguardian.com/world/2020/sep/21/monday-briefing-a-critical-point-has-been-reached,2020-09-21,2020-09-21,2,https://i.guim.co.uk/img/media/09d97a8334111d8f02e0251d467a43f300cd8279/0_106_5045_3028/master/5045.jpg?width=445&dpr=1&s=none&crop=none,,QAnon is a baseless internet theory that has gained ground during the uncertainty of the coronavirus pandemic. Photograph: Matt Rourke/AP,
guardian_10734d723d,The Guardian,2020,"""carbon budget""",Monday briefing: 'A critical point has been reached',https://www.theguardian.com/world/2020/sep/21/monday-briefing-a-critical-point-has-been-reached,2020-09-21,2020-09-21,3,https://i.guim.co.uk/img/media/4834328a6c2e683da5729fc22b1e9b5a1cd7e6f8/0_426_3507_2104/master/3507.jpg?width=445&dpr=1&s=none&crop=none,,"‘It was spat on’ … Housewives with Steak-Knives, by Sutapa Biswas, from the British Museum show. Photograph: Sutapa Biswas/© Sutapa Biswas. All rights reserved, DACS 2019.",
guardian_10734d723d,The Guardian,2020,"""carbon budget""",Monday briefing: 'A critical point has been reached',https://www.theguardian.com/world/2020/sep/21/monday-briefing-a-critical-point-has-been-reached,2020-09-21,2020-09-21,4,https://i.guim.co.uk/img/media/c78182abf964bb6fc3abc04b05b2d546cda56bfd/0_0_1400_1775/master/1400.jpg?width=120&dpr=1&s=none&crop=none,,"The Guardian front page, 21 September 2020. Photograph: The Guardian",
guardian_d7d12591ba,The Guardian,2020,IPCC,Victoria reports 28 new cases and NSW two as Queensland relaxes border restrictions – as it happened,https://www.theguardian.com/australia-news/live/2020/sep/22/coronavirus-australia-latest-updates-victoria-hotel-quarantine-inquiry-daniel-andrews-nsw-health-business-scott-morrison-qld-annastacia-palaszczuk,2020-09-21,2020-09-22,1,https://i.guim.co.uk/img/media/595d129c91de3b5d5d564fa10ab2f67646e22de5/0_346_5219_3133/master/5219.jpg?width=465&dpr=1&s=none&crop=none,,Melbourne’s skyline today. Photograph: James Ross/AAP,
guardian_a9b2d810c3,The Guardian,2020,"""1.5C""","Morrison's rejection of 2050 net zero emissions target is at odds with Paris agreement, experts say",https://www.theguardian.com/environment/2020/sep/22/morrisons-rejection-of-net-zero-2050-target-at-odds-with-paris-agreement,2020-09-22,2021-08-25,1,https://i.guim.co.uk/img/media/065cb6c1ff0c178eb98eb2890af4337d821a04a4/5_669_3606_2164/master/3606.jpg?width=465&dpr=1&s=none&crop=none,,Scott Morrison won’t commit to net zero emissions by 2050 but says Australia will reach that point ‘in the second half of the century’. Photograph: Dean Lewins/EPA,
guardian_8767b2fb57,The Guardian,2020,"""sea level rise""","Melting Antarctic ice will raise sea level by 2.5 metres – even if Paris climate goals are met, study finds",https://www.theguardian.com/environment/2020/sep/23/melting-antarctic-ice-will-raise-sea-level-by-25-metres-even-if-paris-climate-goals-are-met-study-finds,2020-09-23,2021-08-25,1,https://i.guim.co.uk/img/media/619c7363e1df63804436789ae8e829e989fafa30/0_765_7101_4259/master/7101.jpg?width=465&dpr=1&s=none&crop=none,,"Antarctica’s vast ice cap, which covers about as much of the earth as North America and is close to 5km. Photograph: imageBROKER/Alamy Stock Photo",
guardian_8767b2fb57,The Guardian,2020,"""sea level rise""","Melting Antarctic ice will raise sea level by 2.5 metres – even if Paris climate goals are met, study finds",https://www.theguardian.com/environment/2020/sep/23/melting-antarctic-ice-will-raise-sea-level-by-25-metres-even-if-paris-climate-goals-are-met-study-finds,2020-09-23,2021-08-25,2,https://i.guim.co.uk/img/media/34f4e1288a470e96c8cc83503d0e2857ba023595/218_204_1571_884/1571.jpg?width=465&dpr=1&s=none&crop=none,,Simulation shows how much warming the Antartic Ice Sheet can survive – video,
guardian_8d3cc6374f,The Guardian,2020,"""sea level rise""",‘They’re suffering now’: Americans scramble to adapt to daily reality of climate crisis,https://www.theguardian.com/environment/2020/sep/23/california-climate-crisis-wildfires-smoke-heat-health,2020-09-23,2021-08-25,1,https://i.guim.co.uk/img/media/420be661270ef05892c1b8809bf8d482262688cd/0_0_5040_3369/master/5040.jpg?width=465&dpr=1&s=none&crop=none,,"A home burns as the sun sets behind smoke and flames during the Bobcat fire in Juniper Hills, California, on Friday. Photograph: Mario Tama/Getty Images",
guardian_8d3cc6374f,The Guardian,2020,"""sea level rise""",‘They’re suffering now’: Americans scramble to adapt to daily reality of climate crisis,https://www.theguardian.com/environment/2020/sep/23/california-climate-crisis-wildfires-smoke-heat-health,2020-09-23,2021-08-25,2,https://i.guim.co.uk/img/media/340312e635b9883727a91c4fdb6f4c8872394848/0_0_5472_3648/master/5472.jpg?width=445&dpr=1&s=none&crop=none,,"A couple walk up a trail with a hazy view of the Golden Gate Bridge, in San Francisco, California, last week. Photograph: John G Mabanglo/EPA",
guardian_8d3cc6374f,The Guardian,2020,"""sea level rise""",‘They’re suffering now’: Americans scramble to adapt to daily reality of climate crisis,https://www.theguardian.com/environment/2020/sep/23/california-climate-crisis-wildfires-smoke-heat-health,2020-09-23,2021-08-25,3,https://i.guim.co.uk/img/media/392fcaad89faff26c0bf283176c9129441a6acca/0_196_2938_1763/master/2938.jpg?width=445&dpr=1&s=none&crop=none,,"People walk past a sign thanking firefighters and first responders as they return home, as smoke from the Bobcat Fire burning in the San Gabriel mountains rises above, in Monrovia, California, last week. Photograph: Ringo Chiu/AFP/Getty Images",
guardian_af39287651,The Guardian,2020,"""global temperature""",Few countries living up to Covid 'green recovery' pledges – analysis,https://www.theguardian.com/environment/2020/sep/23/few-countries-living-up-to-green-recovery-promises-analysis,2020-09-23,2021-08-25,1,https://i.guim.co.uk/img/media/3e337c4f0eacca702adaa7226d2ab85b494bb337/0_36_2880_1728/master/2880.jpg?width=465&dpr=1&s=none&crop=none,,"China’s president, Xi Jinping, committed the country to ensuring emissions peak and start to fall before the end of this decade. Photograph: AP",
guardian_249d9b5bd9,The Guardian,2020,"""1.5C""","What is carbon capture, usage and storage – and can it trap emissions?",https://www.theguardian.com/environment/2020/sep/24/what-is-carbon-capture-usage-and-storage-and-can-it-trap-emissions,2020-09-24,2021-08-25,1,https://i.guim.co.uk/img/media/dea092ba857b0342ab382949608b83d382a0cc59/0_242_7249_4350/master/7249.jpg?width=465&dpr=1&s=none&crop=none,,Drax coal-fired power station in 2015. The company has joined a carbon capture programme. Photograph: Oli Scarff/AFP/Getty Images,
guardian_99dda2cf8e,The Guardian,2020,"""sea level rise""",'My friends were lied to': will coalminers stand by Trump as jobs disappear?,https://www.theguardian.com/us-news/2020/sep/24/donald-trump-coal-miners-us-election,2020-09-24,2021-01-21,1,https://i.guim.co.uk/img/media/880089ec4fb8c23b0d803e8a3ab0512804f6d38f/0_0_2800_1958/master/2800.jpg?width=465&dpr=1&s=none&crop=none,,"Images of coalminers are reflected in a window overlooking downtown Kittanning, Pennsylvania, in 2017. Photograph: Michael S. Williamson/The Washington Post via Getty Images",
guardian_99dda2cf8e,The Guardian,2020,"""sea level rise""",'My friends were lied to': will coalminers stand by Trump as jobs disappear?,https://www.theguardian.com/us-news/2020/sep/24/donald-trump-coal-miners-us-election,2020-09-24,2021-01-21,2,https://i.guim.co.uk/img/media/d2a4e992ed16b71ce209e5e7c116b4a4fcc1a3ff/0_0_2345_2711/master/2345.jpg?width=445&dpr=1&s=none&crop=none,,Donald Trump holds a hat that says ‘Make Coal Great Again’ during a meeting discussing tax reform in 2017. Photograph: Saul Loeb/AFP/Getty Images,
guardian_99dda2cf8e,The Guardian,2020,"""sea level rise""",'My friends were lied to': will coalminers stand by Trump as jobs disappear?,https://www.theguardian.com/us-news/2020/sep/24/donald-trump-coal-miners-us-election,2020-09-24,2021-01-21,3,https://i.guim.co.uk/img/media/dbda8ce40685899c258d189e72f04e8a1910d84a/0_0_3600_2403/master/3600.jpg?width=445&dpr=1&s=none&crop=none,,"Coalminers wait for the arrival of the then US Environmental Protection Agency administrator, Scott Pruitt, at Harvey Mine in Sycamore, Pennsylvania, in April 2017. Photograph: Justin Merriman/Getty Images",
guardian_99dda2cf8e,The Guardian,2020,"""sea level rise""",'My friends were lied to': will coalminers stand by Trump as jobs disappear?,https://www.theguardian.com/us-news/2020/sep/24/donald-trump-coal-miners-us-election,2020-09-24,2021-01-21,4,https://i.guim.co.uk/img/media/8cfd5f0ed06a554673a1f0b3eda21cb6204f4e39/0_0_7161_4800/master/7161.jpg?width=445&dpr=1&s=none&crop=none,,"Smoke rising from the Cheswick coal-fired power plant in Springdale, Pennsylvania, in 2017. Photograph: Robert Nickelsberg/Getty Images",
guardian_b2fe13856b,The Guardian,2020,"""1.5C""","China's surprise climate pledge leaves Australia 'naked in the wind', analysts say",https://www.theguardian.com/world/2020/sep/24/chinas-surprise-climate-pledge-leaves-australia-naked-in-the-wind-analysts-say,2020-09-24,2021-08-25,1,https://i.guim.co.uk/img/media/e94574de6501cc2c3075bfbddac359629cd5bc1b/0_416_4478_2686/master/4478.jpg?width=465&dpr=1&s=none&crop=none,,Chinese president Xi Jinping’s announcement at the UN general assembly means the world’s biggest emitter has a more ambitious long-term climate goal than Australia. Photograph: Xinhua/REX/Shutterstock,
guardian_4176fa156d,The Guardian,2020,"""global temperature""",Young people resume global climate strikes calling for urgent action,https://www.theguardian.com/environment/2020/sep/25/young-people-resume-global-climate-strikes-calling-urgent-action-greta-thunberg,2020-09-25,2021-08-25,1,https://i.guim.co.uk/img/media/d3fa7a58e2e9b8e2b4f9cb78878a665e30046b0e/0_303_5266_3161/master/5266.jpg?width=465&dpr=1&s=none&crop=none,,"Supporters of the school strike movement Fridays For Future gather in Berlin, Germany, on Friday. Photograph: Filip Singer/EPA",
guardian_4176fa156d,The Guardian,2020,"""global temperature""",Young people resume global climate strikes calling for urgent action,https://www.theguardian.com/environment/2020/sep/25/young-people-resume-global-climate-strikes-calling-urgent-action-greta-thunberg,2020-09-25,2021-08-25,2,https://i.guim.co.uk/img/media/925218c52d51a7fa8ea49ec02f7813be7cc7562e/0_271_5158_3095/master/5158.jpg?width=445&dpr=1&s=none&crop=none,,"There were strikes and protests in major cities in India, including New Delhi. Photograph: Rajat Gupta/EPA",
guardian_4176fa156d,The Guardian,2020,"""global temperature""",Young people resume global climate strikes calling for urgent action,https://www.theguardian.com/environment/2020/sep/25/young-people-resume-global-climate-strikes-calling-urgent-action-greta-thunberg,2020-09-25,2021-08-25,3,https://i.guim.co.uk/img/media/bfb926adf9c0bcb9d07dff6fc8aedb09a282be67/104_0_3278_1968/master/3278.jpg?width=445&dpr=1&s=none&crop=none,,The environmental activist Mya-Rose Craig joins the protests from the Arctic Ocean. Photograph: Natalie Thomas/Reuters,
guardian_4f8490e932,The Guardian,2020,"""sea level rise""",America's year of fire and tempests means climate crisis just got very real,https://www.theguardian.com/us-news/2020/sep/30/climate-crisis-americans-wildfires-hurricanes-2020,2020-09-30,2021-08-25,1,https://i.guim.co.uk/img/media/11af10368e9b7fe4ff33262e437db5b85b6a45fc/0_80_2400_1440/master/2400.jpg?width=465&dpr=1&s=none&crop=none,,"A frustrated Mike Gregoryan is asked to leave his home as Bobcat fire rages in Juniper Hills, Little Rock, California, earlier this month. Photograph: Irfan Khan/Los Angeles Times/Rex/Shutterstock",
guardian_4f8490e932,The Guardian,2020,"""sea level rise""",America's year of fire and tempests means climate crisis just got very real,https://www.theguardian.com/us-news/2020/sep/30/climate-crisis-americans-wildfires-hurricanes-2020,2020-09-30,2021-08-25,2,https://i.guim.co.uk/img/media/c244ef0243b903d8a14b2bfb9264e1538ab15dee/0_0_6000_4000/master/6000.jpg?width=445&dpr=1&s=none&crop=none,,"Buildings and homes are flooded in the aftermath of Hurricane Laura near Lake Charles, Louisiana. Photograph: David J Phillip/AP",
guardian_4f8490e932,The Guardian,2020,"""sea level rise""",America's year of fire and tempests means climate crisis just got very real,https://www.theguardian.com/us-news/2020/sep/30/climate-crisis-americans-wildfires-hurricanes-2020,2020-09-30,2021-08-25,3,https://i.guim.co.uk/img/media/c2503513e6d5380039f44d934fee55846073745f/131_0_1444_812/1444.jpg?width=465&dpr=1&s=none&crop=none,,Why Biden calls Trump a 'climate arsonist' – video explainer,
guardian_76d0ce2e19,The Guardian,2020,"""global temperature""",Global heating warming up 'nights faster than days',https://www.theguardian.com/environment/2020/oct/01/global-heating-warming-up-nights-faster-than-days,2020-09-30,2021-10-29,1,https://i.guim.co.uk/img/media/9f64785af1e9cb949a3b191e43f47606882f1d4d/2030_0_6655_4000/master/6655.jpg?width=465&dpr=1&s=none&crop=none,,"The changes will impact many animal species and their ability to adapt to the climate crisis, research shows. Photograph: NiseriN/Getty/iStockPhoto",
guardian_773207c890,The Guardian,2020,IPCC,Jair Bolsonaro attacks 'international greed' over Amazon – as it happened,https://www.theguardian.com/environment/live/2020/sep/30/xi-jinping-to-address-world-leaders-at-un-biodiversity-summit-live-updates-aoe,2020-09-30,2021-10-29,1,https://i.guim.co.uk/img/media/179fc91d2c2a79de8fadfb94c35f983da798e555/0_138_2505_1502/master/2505.jpg?width=465&dpr=1&s=none&crop=none,,"The Brazilian president, Jair Bolsonaro, dismissed ‘unfair’ international rules. Photograph: Andre Borges/Getty Images",
guardian_773207c890,The Guardian,2020,IPCC,Jair Bolsonaro attacks 'international greed' over Amazon – as it happened,https://www.theguardian.com/environment/live/2020/sep/30/xi-jinping-to-address-world-leaders-at-un-biodiversity-summit-live-updates-aoe,2020-09-30,2021-10-29,2,https://i.guim.co.uk/img/media/512745872185facb94c7265e96736af2a2be6e5a/0_105_4288_2573/master/4288.jpg?width=465&dpr=1&s=none&crop=none,,The Leaders’ Pledge for Nature addresses the biodiversity crises on land and in the oceans. Photograph: Georgette Douwma/Getty Images,
guardian_773207c890,The Guardian,2020,IPCC,Jair Bolsonaro attacks 'international greed' over Amazon – as it happened,https://www.theguardian.com/environment/live/2020/sep/30/xi-jinping-to-address-world-leaders-at-un-biodiversity-summit-live-updates-aoe,2020-09-30,2021-10-29,3,https://i.guim.co.uk/img/media/d77b15058851ed77f5560f2f094c0c2593290208/0_74_5143_3086/master/5143.jpg?width=465&dpr=1&s=none&crop=none,,Pedro Sanchez addressing the 75th UN General Assembly last week. Photograph: Borja Puig De La Bellacasa/La Moncloa handout/EPA,
guardian_773207c890,The Guardian,2020,IPCC,Jair Bolsonaro attacks 'international greed' over Amazon – as it happened,https://www.theguardian.com/environment/live/2020/sep/30/xi-jinping-to-address-world-leaders-at-un-biodiversity-summit-live-updates-aoe,2020-09-30,2021-10-29,4,https://i.guim.co.uk/img/media/14be0a5bff77d0b6d98e26c68ed9b7d865475daa/0_117_3500_2100/master/3500.jpg?width=465&dpr=1&s=none&crop=none,,"Mount Everest, the world’s highest peak, and other peaks of the Himalayan range are seen through an aircraft window during a flight from Kathmandu, Nepal, in January. Photograph: Monika Deupala/Reuters",
guardian_773207c890,The Guardian,2020,IPCC,Jair Bolsonaro attacks 'international greed' over Amazon – as it happened,https://www.theguardian.com/environment/live/2020/sep/30/xi-jinping-to-address-world-leaders-at-un-biodiversity-summit-live-updates-aoe,2020-09-30,2021-10-29,5,https://i.guim.co.uk/img/media/f60492d361f35051010866c3bfbe9bcedbba0c75/0_143_5434_3260/master/5434.jpg?width=465&dpr=1&s=none&crop=none,,"Pictured is Kunfunadhoo Island in the Maldives. The president has pledged to designate one island, one reef and one mango grove in each atoll as a protected area Photograph: Alamy Stock Photo",
guardian_773207c890,The Guardian,2020,IPCC,Jair Bolsonaro attacks 'international greed' over Amazon – as it happened,https://www.theguardian.com/environment/live/2020/sep/30/xi-jinping-to-address-world-leaders-at-un-biodiversity-summit-live-updates-aoe,2020-09-30,2021-10-29,6,https://i.guim.co.uk/img/media/28677767f1d4c3cd1e56217e0aa3c6aebbc10fd6/0_124_5472_3283/master/5472.jpg?width=465&dpr=1&s=none&crop=none,,"The Kichwa, indigenous people of the Amazon, fight police harassment when protesting oil spills outside the Council of the Judiciary in Quito earlier this month. Photograph: José Jácome/EPA",
guardian_773207c890,The Guardian,2020,IPCC,Jair Bolsonaro attacks 'international greed' over Amazon – as it happened,https://www.theguardian.com/environment/live/2020/sep/30/xi-jinping-to-address-world-leaders-at-un-biodiversity-summit-live-updates-aoe,2020-09-30,2021-10-29,7,https://i.guim.co.uk/img/media/631d075429e362969af5121e890ca5a8bda81255/0_0_5472_3283/master/5472.jpg?width=465&dpr=1&s=none&crop=none,,"View of the Arenal volcano, north of San Jose, Costa Rica. Photograph: Jeffrey Arguedas/EPA",
guardian_773207c890,The Guardian,2020,IPCC,Jair Bolsonaro attacks 'international greed' over Amazon – as it happened,https://www.theguardian.com/environment/live/2020/sep/30/xi-jinping-to-address-world-leaders-at-un-biodiversity-summit-live-updates-aoe,2020-09-30,2021-10-29,8,https://i.guim.co.uk/img/media/7ece5704a8b39365bf29694aca9b53b8bddf854e/0_0_3951_2371/master/3951.jpg?width=465&dpr=1&s=none&crop=none,,The Baltoro glacier in the Karakoram mountain range in Pakistan’s northern Gilgit region. Photograph: Amelie Herenstein/AFP/Getty Images,
guardian_773207c890,The Guardian,2020,IPCC,Jair Bolsonaro attacks 'international greed' over Amazon – as it happened,https://www.theguardian.com/environment/live/2020/sep/30/xi-jinping-to-address-world-leaders-at-un-biodiversity-summit-live-updates-aoe,2020-09-30,2021-10-29,9,https://i.guim.co.uk/img/media/c492808a11c3e81adf49b46ddb6dc1687838d745/0_154_6720_4032/master/6720.jpg?width=465&dpr=1&s=none&crop=none,,A public footpath in the Yorkshire Dales National Park. Photograph: Christopher Thomond/The Guardian,
guardian_773207c890,The Guardian,2020,IPCC,Jair Bolsonaro attacks 'international greed' over Amazon – as it happened,https://www.theguardian.com/environment/live/2020/sep/30/xi-jinping-to-address-world-leaders-at-un-biodiversity-summit-live-updates-aoe,2020-09-30,2021-10-29,10,https://i.guim.co.uk/img/media/42eae99a505fa32707c931b2762658fc70ced88d/0_124_5055_3033/master/5055.jpg?width=465&dpr=1&s=none&crop=none,,"Hares are now threatened in the UK. Pictured are two brown hares (Lepus europaeus) boxing near Holt, Norfolk, England. Photograph: David Tipling/NPL/Alamy Stock Photo",
guardian_9e2ee8d4cc,The Guardian,2020,"""sea level rise""","Greenland's ice melting faster than at any time in past 12,000 years",https://www.theguardian.com/world/2020/sep/30/greenlands-ice-melting-faster-sea-level-rise,2020-09-30,2021-08-25,1,https://i.guim.co.uk/img/media/f1b5b637ae571bc5c245850c165e1298dcce84f0/0_208_6240_3744/master/6240.jpg?width=465&dpr=1&s=none&crop=none,,Free-floating ice jammed into the Ilulissat Icefjord during unseasonably warm weather in western Greenland. Photograph: Sean Gallup/Getty,
guardian_a9420a7961,The Guardian,2020,"""global temperature""",Morrison rebukes NSW environment minister for calling Narrabri gas project a 'gamble',https://www.theguardian.com/australia-news/2020/oct/01/morrison-rebukes-nsw-environment-minister-for-calling-narrabri-gas-project-a-gamble,2020-10-01,2020-10-01,1,https://i.guim.co.uk/img/media/6c33301bb780a16e1a84947abf6436b4d06d2a12/0_129_4874_2926/master/4874.jpg?width=465&dpr=1&s=none&crop=none,,"NSW energy and environment minister Matt Kean reportedly said earlier this week that the business case for gas was ‘on the clock’ and that while it ‘may be useful in the short term’, the economics were questionable. Photograph: Joel Carrett/AAP",
guardian_452aab38ba,The Guardian,2020,"""sea level rise""",Americans are becoming climate migrants before our eyes,https://www.theguardian.com/commentisfree/2020/oct/02/climate-change-migration-us-wildfires,2020-10-02,2021-08-25,1,https://i.guim.co.uk/img/media/c8760515476bf3a5ddfcae6e15a79d5292a9374b/0_208_4500_2701/master/4500.jpg?width=465&dpr=1&s=none&crop=none,,‘The US response to climate displacement today must recognize a collective responsibility towards all those affected by climate change.’ Photograph: Samuel Corum/AFP/Getty Images,
guardian_5526ee7386,The Guardian,2020,"""global temperature""","A second Trump term would be 'game over' for the climate, says top scientist",https://www.theguardian.com/us-news/2020/oct/02/donald-trump-climate-change-michael-mann-interview,2020-10-02,2021-10-22,1,https://i.guim.co.uk/img/media/7168df44a99e641c5fd52735ac5700efee7d5960/0_298_4500_2700/master/4500.jpg?width=465&dpr=1&s=none&crop=none,,"Donald Trump in California last month. Another four years of his leadership would make averting further disaster ‘essentially impossible’, Mann says. Photograph: Brendan Smialowski/AFP/Getty Images",
guardian_5526ee7386,The Guardian,2020,"""global temperature""","A second Trump term would be 'game over' for the climate, says top scientist",https://www.theguardian.com/us-news/2020/oct/02/donald-trump-climate-change-michael-mann-interview,2020-10-02,2021-10-22,2,https://i.guim.co.uk/img/media/4ad6f8afc74480fd63fd47bb2cd1c9fc81a07973/164_686_6320_3792/master/6320.jpg?width=445&dpr=1&s=none&crop=none,,"Michael Mann, seen in March. Photograph: Jessica Hromas/The Guardian",
guardian_5526ee7386,The Guardian,2020,"""global temperature""","A second Trump term would be 'game over' for the climate, says top scientist",https://www.theguardian.com/us-news/2020/oct/02/donald-trump-climate-change-michael-mann-interview,2020-10-02,2021-10-22,3,https://i.guim.co.uk/img/media/c2503513e6d5380039f44d934fee55846073745f/131_0_1444_812/1444.jpg?width=465&dpr=1&s=none&crop=none,,Why Biden calls Trump a 'climate arsonist' – video explainer,
guardian_5526ee7386,The Guardian,2020,"""global temperature""","A second Trump term would be 'game over' for the climate, says top scientist",https://www.theguardian.com/us-news/2020/oct/02/donald-trump-climate-change-michael-mann-interview,2020-10-02,2021-10-22,4,https://i.guim.co.uk/img/media/89b89f87387fdaf5614998442b229d5ccb868b38/0_0_4287_2572/master/4287.jpg?width=445&dpr=1&s=none&crop=none,,"A polar bear leaps over melting ice, Svalbard archipelago, Norway. Photograph: Paulette Sinclair/Alamy Stock Photo",
guardian_ebb8822210,The Guardian,2020,"""1.5C""","Carbon capture 'moonshot' moves closer, as billions of dollars pour in",https://www.theguardian.com/environment/2020/oct/07/carbon-capture-moonshot-moves-closer-as-billions-of-dollars-pour-in,2020-10-07,2021-08-25,1,https://i.guim.co.uk/img/media/80a23e8cdcfdf0bd0c25d8dad9d2a2c5be5d0fb9/106_262_5350_3210/master/5350.jpg?width=465&dpr=1&s=none&crop=none,,A carbon injection site near Reykjavik Photograph: Christian Science Monitor/Getty Images,
guardian_ebb8822210,The Guardian,2020,"""1.5C""","Carbon capture 'moonshot' moves closer, as billions of dollars pour in",https://www.theguardian.com/environment/2020/oct/07/carbon-capture-moonshot-moves-closer-as-billions-of-dollars-pour-in,2020-10-07,2021-08-25,2,https://i.guim.co.uk/img/media/ca8a53f405e0bb9d2e63e316ed256911d0f5fe05/0_229_3500_2100/master/3500.jpg?width=445&dpr=1&s=none&crop=none,,"Carbon dioxide storage tanks at a cement plant and carbon capture facility in Wuhu, Anhui province, China. Photograph: David Stanway/Reuters",
guardian_5cc8c182f9,The Guardian,2020,"""1.5C""",Caution and optimism over climate pledges,https://www.theguardian.com/environment/2020/oct/08/caution-and-optimism-over-climate-pledges,2020-10-08,2021-08-25,1,https://i.guim.co.uk/img/media/151b7b316ed321d966b4a259d7997c5505a3996d/0_58_3500_2100/master/3500.jpg?width=465&dpr=1&s=none&crop=none,,Smoke and steam rise from a coal processing plant in Hejin in China’s Shanxi province. Photograph: Sam McNeil/AP,
guardian_31d9f68456,The Guardian,2020,"""global temperature""",Top asset owners commit to big carbon emissions cuts,https://www.theguardian.com/environment/2020/oct/13/top-asset-managers-commit-to-big-carbon-emissions-cuts,2020-10-12,2021-08-25,1,https://i.guim.co.uk/img/media/c34b2fc9e628aa040fdb822590718e0633a78dfd/0_223_3500_2100/master/3500.jpg?width=465&dpr=1&s=none&crop=none,,Members of the UN-backed Net-Zero Asset Owner Alliance will set targets to cut emissions by 2025. Photograph: Kacper Pempel/Reuters,
guardian_b217d83dfe,The Guardian,2020,"""1.5C""",Investors lead push for Australian business to cut emissions more than government forecasts,https://www.theguardian.com/business/2020/oct/14/investors-lead-push-for-australian-business-to-cut-emissions-more-than-government-forecasts,2020-10-13,2021-08-25,1,https://i.guim.co.uk/img/media/cf25ce3253cab7f34a9d6428a6000713bafa1ad1/0_219_5054_3034/master/5054.jpg?width=465&dpr=1&s=none&crop=none,,Institutional investors that collectively manage assets worth more than $850bn will push business to help cut Australia’s emissions much more than planned by the Morrison government. Photograph: Mick Tsikas/AAP,
guardian_b238ea44a8,The Guardian,2020,"""1.5C""",Mark Carney says banks should link executive pay to Paris climate goals,https://www.theguardian.com/business/2020/oct/13/mark-carney-says-banks-should-link-executive-pay-to-paris-climate-goals,2020-10-13,2025-03-11,1,https://i.guim.co.uk/img/media/2b8a662e4d3f6e227eb3d1737f40ad71201ad4d4/0_224_6720_4032/master/6720.jpg?width=465&dpr=1&s=none&crop=none,,Mark Carney addresses the 2020 United Nations Climate Change Conference (COP26) in February 2020. Photograph: WPA Pool/Getty Images,
guardian_e4a22419d8,The Guardian,2020,"""global temperature""","Stop CO2 emissions bouncing back after Covid plunge, says IEA",https://www.theguardian.com/business/2020/oct/13/co2-emissions-covid-iea,2020-10-13,2020-10-13,1,https://i.guim.co.uk/img/media/1e03315b41ee42b85b09d72dada0f388aeb15c42/0_392_7994_4796/master/7994.jpg?width=465&dpr=1&s=none&crop=none,,"A coal-fired power station in Duisburg, Germany; the fuel will soon account for only a fifth of global energy use. Photograph: Ina Fassbender/AFP/Getty Images",
guardian_2efae92f55,The Guardian,2020,"""sea level rise""",Temperatures of deepest ocean rising quicker than previously thought,https://www.theguardian.com/environment/2020/oct/14/enormous-amount-of-heat-even-deepest-ocean-is-warming-study,2020-10-14,2021-08-25,1,https://i.guim.co.uk/img/media/82d799a96f6270fd744d39cd569a3d447b9d665a/0_224_6496_3900/master/6496.jpg?width=465&dpr=1&s=none&crop=none,,"Studies say high levels of climate pollution by the end of the century will penetrate deeper in the ocean, threatening sea creatures. Photograph: Alexis Rosenfeld/Getty Images",
guardian_6904f7f433,The Guardian,2020,IPCC,The great unravelling: 'I never thought I’d live to see the horror of planetary collapse',https://www.theguardian.com/australia-news/2020/oct/15/the-great-unravelling-i-never-thought-id-live-to-see-the-horror-of-planetary-collapse,2020-10-14,2021-08-25,1,https://i.guim.co.uk/img/media/026361dbfd2fe7bdf366183f92897497e3b78ce9/0_645_4908_2943/master/4908.jpg?width=465&dpr=1&s=none&crop=none,,"‘As a climate scientist at this troubled time in human history, my hope is that the life force of our Earth can hang on’: Dr Joëlle Gergis from the ANU Fenner School of Environment and Society. Photograph: Lannon Harley/ANU",
guardian_6904f7f433,The Guardian,2020,IPCC,The great unravelling: 'I never thought I’d live to see the horror of planetary collapse',https://www.theguardian.com/australia-news/2020/oct/15/the-great-unravelling-i-never-thought-id-live-to-see-the-horror-of-planetary-collapse,2020-10-14,2021-08-25,2,https://i.guim.co.uk/img/media/01ed2f36348a5451c1faa5f024a3d1a13a263207/0_0_5569_3713/master/5569.jpg?width=465&dpr=1&s=none&crop=none,,‘Australia’s horror summer is the clearest signal yet that our planet’s climate is rapidly destabilising.’ Photograph: Adwo/Alamy,
guardian_6904f7f433,The Guardian,2020,IPCC,The great unravelling: 'I never thought I’d live to see the horror of planetary collapse',https://www.theguardian.com/australia-news/2020/oct/15/the-great-unravelling-i-never-thought-id-live-to-see-the-horror-of-planetary-collapse,2020-10-14,2021-08-25,3,https://i.guim.co.uk/img/media/7818df2c1f85a045e74b64e9a6d885085b83372b/0_0_4608_3153/master/4608.jpg?width=445&dpr=1&s=none&crop=none,,Recording-breaking ocean temperatures triggered the third mass bleaching event recorded on the Great Barrier Reef since 2016. Photograph: Greg Torda/ARC Centre Coral Reef Studies/EPA,
guardian_6904f7f433,The Guardian,2020,IPCC,The great unravelling: 'I never thought I’d live to see the horror of planetary collapse',https://www.theguardian.com/australia-news/2020/oct/15/the-great-unravelling-i-never-thought-id-live-to-see-the-horror-of-planetary-collapse,2020-10-14,2021-08-25,4,https://i.guim.co.uk/img/media/242f1c74f638ad0c542ed037f5daa9803f079c74/0_0_5304_7952/master/5304.jpg?width=445&dpr=1&s=none&crop=none,,"Joëlle Gergis: ‘Something inside me feels like it has snapped, as if some essential thread of hope has failed.’ Photograph: Lannon Harley/ANU",
guardian_74f1c87070,The Guardian,2020,"""1.5C""",BHP bosses defend company's decision to stay in gas and oil 'for the medium term',https://www.theguardian.com/business/2020/oct/15/bhp-bosses-defend-companys-decision-to-stay-in-gas-and-oil-for-the-medium-term,2020-10-14,2021-08-25,1,https://i.guim.co.uk/img/media/cf67e8bb8375bcbe6511f660c1e6f1b82172fcb8/0_74_2134_1281/master/2134.jpg?width=465&dpr=1&s=none&crop=none,,Chairman Ken MacKenzie and chief executive Mike Henry have defended BHP’s continued interest in gas and oil. Photograph: AP,
guardian_74f1c87070,The Guardian,2020,"""1.5C""",BHP bosses defend company's decision to stay in gas and oil 'for the medium term',https://www.theguardian.com/business/2020/oct/15/bhp-bosses-defend-companys-decision-to-stay-in-gas-and-oil-for-the-medium-term,2020-10-14,2021-08-25,2,https://i.guim.co.uk/img/media/feb4fdbcbcd450fbd2a1e09d77d98548fbe86a21/0_0_1920_1080/1920.jpg?width=465&dpr=1&s=none&crop=none,,The Green Recovery: how Australia can clean up its act on energy – video,
guardian_193f008994,The Guardian,2020,IPCC,Acting on climate change can get us out of recession. There are no excuses left,https://www.theguardian.com/business/commentisfree/2020/oct/18/acting-climate-change-can-get-us-out-of-recession-there-are-no-excuses-left,2020-10-17,2021-08-25,1,https://i.guim.co.uk/img/media/6edf1a8dec1b22f305d381147fa6508000aad137/0_37_5170_3101/master/5170.jpg?width=465&dpr=1&s=none&crop=none,,The IMF has revealed that acting on climate change will actually help us deal with the recession. Photograph: Julian Smith/AAP,
guardian_ce9659e046,The Guardian,2020,"""global temperature""",Why there is hope that the world's coral reefs can be saved,https://www.theguardian.com/environment/2020/oct/17/why-there-is-hope-that-the-worlds-coral-reefs-can-be-saved,2020-10-17,2021-10-29,1,https://i.guim.co.uk/img/media/4be3d80ea95460c225f4eb6525f1f47a1764797a/0_275_4288_2573/master/4288.jpg?width=465&dpr=1&s=none&crop=none,,"A coral reef in the Komodo National Park, Indonesia. Photograph: Auscape/Universal Images Group via Getty Images",
guardian_ce9659e046,The Guardian,2020,"""global temperature""",Why there is hope that the world's coral reefs can be saved,https://www.theguardian.com/environment/2020/oct/17/why-there-is-hope-that-the-worlds-coral-reefs-can-be-saved,2020-10-17,2021-10-29,2,https://i.guim.co.uk/img/media/6f991317894e8486274a918e2b6f518949cf13eb/0_0_4032_3024/master/4032.jpg?width=445&dpr=1&s=none&crop=none,,Overfishing can also affect reefs; species such as parrotfish graze on coral-damaging algae. Photograph: Ute Niemann/Alamy,
guardian_ce9659e046,The Guardian,2020,"""global temperature""",Why there is hope that the world's coral reefs can be saved,https://www.theguardian.com/environment/2020/oct/17/why-there-is-hope-that-the-worlds-coral-reefs-can-be-saved,2020-10-17,2021-10-29,3,https://i.guim.co.uk/img/media/52575298a0e51fe3bf1a350f231d0d84d5a478b2/0_233_3500_2101/master/3500.jpg?width=445&dpr=1&s=none&crop=none,,"A healthy fire coral in Bermuda, left, and a bleached one. Photograph: XL Catlin Seaview Survey/Macrae/PA Media",
guardian_ce9659e046,The Guardian,2020,"""global temperature""",Why there is hope that the world's coral reefs can be saved,https://www.theguardian.com/environment/2020/oct/17/why-there-is-hope-that-the-worlds-coral-reefs-can-be-saved,2020-10-17,2021-10-29,4,https://i.guim.co.uk/img/media/e53378cda342a626a7dd2881b65703de0e33d47d/0_0_1632_1224/master/1632.jpg?width=445&dpr=1&s=none&crop=none,,An aerial view of bleached corals at the Great Barrier Reef. Photograph: ARC Centre of Excellence for Cor/Reuters,
guardian_25b18a3028,The Guardian,2020,"""carbon budget""",Coalition grilled over $30m Western Sydney airport land purchase – as it happened,https://www.theguardian.com/australia-news/live/2020/oct/20/coronavirus-australia-live-updates-parliament-resumes-as-nsw-health-urges-more-covid-testing-politics-live,2020-10-19,2021-07-08,1,https://i.guim.co.uk/img/media/861d8650b6abd7c6112d8c0ac736eb9760bee3a8/0_0_5478_3652/master/5478.jpg?width=465&dpr=1&s=none&crop=none,,US president Donald Trump dances at a campaign rally at Tucson international airport. Photograph: Alex Brandon/AP,
guardian_25b18a3028,The Guardian,2020,"""carbon budget""",Coalition grilled over $30m Western Sydney airport land purchase – as it happened,https://www.theguardian.com/australia-news/live/2020/oct/20/coronavirus-australia-live-updates-parliament-resumes-as-nsw-health-urges-more-covid-testing-politics-live,2020-10-19,2021-07-08,2,https://i.guim.co.uk/img/media/a011967006208ea1fbffe69ed1985c952ff414b7/0_0_4371_2914/master/4371.jpg?width=465&dpr=1&s=none&crop=none,,"Victoria’s chief health officer, Prof Brett Sutton, on Monday. Photograph: Asanka Ratnayake/Getty Images",
guardian_25b18a3028,The Guardian,2020,"""carbon budget""",Coalition grilled over $30m Western Sydney airport land purchase – as it happened,https://www.theguardian.com/australia-news/live/2020/oct/20/coronavirus-australia-live-updates-parliament-resumes-as-nsw-health-urges-more-covid-testing-politics-live,2020-10-19,2021-07-08,3,https://i.guim.co.uk/img/media/154714df12c2c237eee67e13b1ab81ced31060d1/0_0_5376_3549/master/5376.jpg?width=465&dpr=1&s=none&crop=none,,"The prime minister, Scott Morrison, and the opposition leader, Anthony Albanese. Photograph: Mike Bowers/The Guardian",
guardian_25b18a3028,The Guardian,2020,"""carbon budget""",Coalition grilled over $30m Western Sydney airport land purchase – as it happened,https://www.theguardian.com/australia-news/live/2020/oct/20/coronavirus-australia-live-updates-parliament-resumes-as-nsw-health-urges-more-covid-testing-politics-live,2020-10-19,2021-07-08,4,https://i.guim.co.uk/img/media/32e8c4b0e0ef6b7111234acf8161e4e4f70a0cd5/0_0_5472_3648/master/5472.jpg?width=465&dpr=1&s=none&crop=none,,"The member for Chifley, Ed Husic, during question time in the House of Representatives. Photograph: Mike Bowers/The Guardian",
guardian_25b18a3028,The Guardian,2020,"""carbon budget""",Coalition grilled over $30m Western Sydney airport land purchase – as it happened,https://www.theguardian.com/australia-news/live/2020/oct/20/coronavirus-australia-live-updates-parliament-resumes-as-nsw-health-urges-more-covid-testing-politics-live,2020-10-19,2021-07-08,5,https://i.guim.co.uk/img/media/d6c4923196a56571a9c5fc513d9809256ed7238a/0_0_5472_3648/master/5472.jpg?width=465&dpr=1&s=none&crop=none,,"Richard Marles, Catherine King and Tanya Plibersek. Photograph: Mike Bowers/The Guardian",
guardian_25b18a3028,The Guardian,2020,"""carbon budget""",Coalition grilled over $30m Western Sydney airport land purchase – as it happened,https://www.theguardian.com/australia-news/live/2020/oct/20/coronavirus-australia-live-updates-parliament-resumes-as-nsw-health-urges-more-covid-testing-politics-live,2020-10-19,2021-07-08,6,https://i.guim.co.uk/img/media/e16cd6942a7a2fdbc89e29cebe3593a8677c5ba9/0_0_5472_3648/master/5472.jpg?width=465&dpr=1&s=none&crop=none,,Craig Kelly and Barnaby Joyce in the House of Representatives. Photograph: Mike Bowers/The Guardian,
guardian_25b18a3028,The Guardian,2020,"""carbon budget""",Coalition grilled over $30m Western Sydney airport land purchase – as it happened,https://www.theguardian.com/australia-news/live/2020/oct/20/coronavirus-australia-live-updates-parliament-resumes-as-nsw-health-urges-more-covid-testing-politics-live,2020-10-19,2021-07-08,7,https://i.guim.co.uk/img/media/8f5e8ee874b75fe459f6cfe536df6eba743b570e/0_0_5472_3648/master/5472.jpg?width=465&dpr=1&s=none&crop=none,,"The NDIS minister, Stuart Robert. Photograph: Mike Bowers/The Guardian",
guardian_25b18a3028,The Guardian,2020,"""carbon budget""",Coalition grilled over $30m Western Sydney airport land purchase – as it happened,https://www.theguardian.com/australia-news/live/2020/oct/20/coronavirus-australia-live-updates-parliament-resumes-as-nsw-health-urges-more-covid-testing-politics-live,2020-10-19,2021-07-08,8,https://i.guim.co.uk/img/media/66487fe2ab05dc3c9d86d8bc167c90f9fa424b81/0_0_5008_3382/master/5008.jpg?width=465&dpr=1&s=none&crop=none,,"The prime minister, Scott Morrison, arrives for question time in the House of Representatives. Photograph: Mike Bowers/The Guardian",
guardian_25b18a3028,The Guardian,2020,"""carbon budget""",Coalition grilled over $30m Western Sydney airport land purchase – as it happened,https://www.theguardian.com/australia-news/live/2020/oct/20/coronavirus-australia-live-updates-parliament-resumes-as-nsw-health-urges-more-covid-testing-politics-live,2020-10-19,2021-07-08,9,https://i.guim.co.uk/img/media/b6925a81996a9fda51472b07af8e6919969efc72/0_0_5472_3648/master/5472.jpg?width=465&dpr=1&s=none&crop=none,,Scott Morrison during question time. Photograph: Mike Bowers/The Guardian,
guardian_5835277608,The Guardian,2020,"""sea level rise""",Humanity has eight years to get climate crisis under control – and Trump's plan won't fix it,https://www.theguardian.com/us-news/2020/oct/23/joe-biden-transition-from-oil-industry-rowing-back,2020-10-23,2021-08-25,1,https://i.guim.co.uk/img/media/f298332ad225d8f58d851786626f0e7faeabcf35/1595_613_4119_2471/master/4119.jpg?width=465&dpr=1&s=none&crop=none,,"People gather outside the venue of the final presidential debate in Nashville, Tennessee. Photograph: Mário Cruz/EPA",
guardian_5835277608,The Guardian,2020,"""sea level rise""",Humanity has eight years to get climate crisis under control – and Trump's plan won't fix it,https://www.theguardian.com/us-news/2020/oct/23/joe-biden-transition-from-oil-industry-rowing-back,2020-10-23,2021-08-25,2,https://i.guim.co.uk/img/media/bae0ad1ae6f386537d308162e5e0c4610cc91ee2/0_0_2500_1406/2500.jpg?width=465&dpr=1&s=none&crop=none,,'Kills all the birds': Trump and Biden spar over climate in TV debate – video,
guardian_9d35689ec0,The Guardian,2020,IPCC,Campaigners criticise global deal on carbon emissions from shipping,https://www.theguardian.com/environment/2020/oct/23/green-groups-condemn-proposals-to-cut-shipping-emissions,2020-10-23,2021-08-25,1,https://i.guim.co.uk/img/media/bd7ea14be4dbb48325f7ea6e5aaa899fbc700695/0_232_3500_2101/master/3500.jpg?width=465&dpr=1&s=none&crop=none,,Ocean Rebellion protesters demonstrating outside the International Maritime Organisation headquarters this week. Photograph: Reuters,
guardian_0d27702112,The Guardian,2020,"""global temperature""",Climate at a crossroads as Trump and Biden point in different directions,https://www.theguardian.com/us-news/2020/oct/26/world-climate-crossroads-trump-biden-different-directions,2020-10-26,2021-08-25,1,https://i.guim.co.uk/img/media/8e4d16f7c68aa73d01e76a8c883401815ece0c83/0_0_8192_5464/master/8192.jpg?width=445&dpr=1&s=none&crop=none,,"Wildfires turned the sky over the San Francisco Bay Bridge orange this summer, the hottest on record in the northern hemisphere. Photograph: John G Mabanglo/EPA",
guardian_0d27702112,The Guardian,2020,"""global temperature""",Climate at a crossroads as Trump and Biden point in different directions,https://www.theguardian.com/us-news/2020/oct/26/world-climate-crossroads-trump-biden-different-directions,2020-10-26,2021-08-25,2,https://i.guim.co.uk/img/media/c58325fbfae79433345c1cd15fc657a549e26181/0_186_4565_2740/master/4565.jpg?width=445&dpr=1&s=none&crop=none,,Joe Biden on the way to the final presidential debate at which he said his $2tn climate plan would create jobs. Photograph: Carolyn Kaster/AP,
guardian_0d27702112,The Guardian,2020,"""global temperature""",Climate at a crossroads as Trump and Biden point in different directions,https://www.theguardian.com/us-news/2020/oct/26/world-climate-crossroads-trump-biden-different-directions,2020-10-26,2021-08-25,3,https://i.guim.co.uk/img/media/cb43f2edc72a3c74d0493b289a2deedf9a11a446/0_173_5184_3110/master/5184.jpg?width=445&dpr=1&s=none&crop=none,,"Climate change protesters disrupt former vice-president Joe Biden during a campaign event on 9 October 2019 in Manchester, New Hampshire. Photograph: Scott Eisen/Getty Images",
guardian_7998476750,The Guardian,2020,"""1.5C""","Japan's net zero by 2050 pledge another warning to Australia on fossil fuels, analysts say",https://www.theguardian.com/australia-news/2020/oct/27/japans-net-zero-by-2050-pledge-another-warning-to-australia-on-fossil-fuels-analysts-say,2020-10-26,2021-08-25,1,https://i.guim.co.uk/img/media/31495c2a64c6cb052d671980705ce289145444fb/0_268_4256_2554/master/4256.jpg?width=465&dpr=1&s=none&crop=none,,"Coal waiting to be loaded on to ships in Gladstone. Japan’s net zero announcement is further evidence that demand for fossil fuels will fall, climate analysts say. Photograph: Dave Hunt/AAP",
guardian_06fffae5ff,The Guardian,2020,"""1.5C""",Industrial emissions set to rise for another decade despite Coalition's pledge to cut carbon pollution,https://www.theguardian.com/australia-news/2020/oct/28/industrial-emissions-set-to-rise-for-another-decade-despite-coalitions-pledge-to-cut-carbon-pollution,2020-10-27,2021-08-25,1,https://i.guim.co.uk/img/media/55fec66bb9351cca675076e90fd91b4882d9d7c4/0_314_3464_2080/master/3464.jpg?width=465&dpr=1&s=none&crop=none,,File photo of the Gorgon LNG project. Analysts blame the growth of the liquefied natural gas industry for Australia’s skyrocketing industrial emissions. Photograph: Ray Strange/AAP,
guardian_06fffae5ff,The Guardian,2020,"""1.5C""",Industrial emissions set to rise for another decade despite Coalition's pledge to cut carbon pollution,https://www.theguardian.com/australia-news/2020/oct/28/industrial-emissions-set-to-rise-for-another-decade-despite-coalitions-pledge-to-cut-carbon-pollution,2020-10-27,2021-08-25,2,https://i.guim.co.uk/img/uploads/2020/10/27/Picture_1959.png?width=445&dpr=1&s=none&crop=none,,RepuTex analysis of government data showing the projected decline in electricity emissions and rise in industrial emissions.,
guardian_06fffae5ff,The Guardian,2020,"""1.5C""",Industrial emissions set to rise for another decade despite Coalition's pledge to cut carbon pollution,https://www.theguardian.com/australia-news/2020/oct/28/industrial-emissions-set-to-rise-for-another-decade-despite-coalitions-pledge-to-cut-carbon-pollution,2020-10-27,2021-08-25,3,https://i.guim.co.uk/img/uploads/2020/10/27/Picture_1960.png?width=445&dpr=1&s=none&crop=none,,The sources of Australia’s industrial emissions.,
guardian_8d071d91f5,The Guardian,2020,"""carbon budget""","Patio heater, fire pit or a bigger jumper? How to stay warm while relaxing outside this winter",https://www.theguardian.com/lifeandstyle/2020/oct/27/patio-heater-fire-pit-or-bigger-jumper-how-to-stay-warm-while-socialising-outside-this-winter,2020-10-27,2020-10-27,1,https://i.guim.co.uk/img/media/94829aaaf5b3b5a9ab7049b71881a8825aa9e9d7/0_165_4000_2400/master/4000.jpg?width=465&dpr=1&s=none&crop=none,,"There’s an environmental cost to all outdoor heaters, but an infrared one has less impact than gas models. Photograph: Dmitrii Melnikov/Alamy",
guardian_8d071d91f5,The Guardian,2020,"""carbon budget""","Patio heater, fire pit or a bigger jumper? How to stay warm while relaxing outside this winter",https://www.theguardian.com/lifeandstyle/2020/oct/27/patio-heater-fire-pit-or-bigger-jumper-how-to-stay-warm-while-socialising-outside-this-winter,2020-10-27,2020-10-27,2,https://i.guim.co.uk/img/media/f47616872f7e96e1c7fb63644c023e3848405ed1/0_327_4608_2765/master/4608.jpg?width=445&dpr=1&s=none&crop=none,,Up to 40% of the heat from an outdoor gas heater goes straight up into the air. Photograph: Mark Kelly/Alamy,
guardian_8d071d91f5,The Guardian,2020,"""carbon budget""","Patio heater, fire pit or a bigger jumper? How to stay warm while relaxing outside this winter",https://www.theguardian.com/lifeandstyle/2020/oct/27/patio-heater-fire-pit-or-bigger-jumper-how-to-stay-warm-while-socialising-outside-this-winter,2020-10-27,2020-10-27,3,https://i.guim.co.uk/img/media/75782888c6ca96edef5ad795eacf8b0555a5d2ef/0_236_4500_2700/master/4500.jpg?width=445&dpr=1&s=none&crop=none,,Chimineas and open fire pits are not good environmental options for city dwellers. Photograph: MarkPiovesan/Getty Images/iStockphoto,
guardian_8d071d91f5,The Guardian,2020,"""carbon budget""","Patio heater, fire pit or a bigger jumper? How to stay warm while relaxing outside this winter",https://www.theguardian.com/lifeandstyle/2020/oct/27/patio-heater-fire-pit-or-bigger-jumper-how-to-stay-warm-while-socialising-outside-this-winter,2020-10-27,2020-10-27,4,https://i.guim.co.uk/img/media/df5ff492528069373b7869c2a0260a15fe9897ae/0_522_7952_4774/master/7952.jpg?width=445&dpr=1&s=none&crop=none,,The best way to keep warm may just be dressing appropriately and drinking hot drinks. Photograph: SrdjanPav/Getty Images/iStockphoto (posed by models),
guardian_442494333e,The Guardian,2020,IPCC,The world's banks must start to value nature and stop paying for its destruction,https://www.theguardian.com/environment/commentisfree/2020/oct/28/the-worlds-banks-must-start-to-value-nature-and-stop-paying-for-its-destruction-aoe,2020-10-28,2021-10-29,1,https://i.guim.co.uk/img/media/01875ce3fab27d2ac96a3567cac6837e14142092/394_196_2200_1321/master/2200.jpg?width=465&dpr=1&s=none&crop=none,,A damselfly covered in oil from the 2010 Deepwater Horizon oil spill in the Gulf of Mexico. Banks are being urged to stop financing fossil fuels and other sectors that contribute to biodiversity loss. Photograph: Gerald Herbert/AP,
guardian_06e8ad52ee,The Guardian,2020,IPCC,Global heating threatens UK wildlife’s ability to adapt and survive,https://www.theguardian.com/environment/2020/oct/29/global-heating-threatens-uk-wildlife-ability-adapt-survive-rewilding-britain,2020-10-29,2021-10-29,1,https://i.guim.co.uk/img/media/41ad05733a4fa73aa73fb2c24c54e95d6a567464/0_155_3200_1919/master/3200.jpg?width=465&dpr=1&s=none&crop=none,,Marine creatures such as this seal in a kelp forest will need to move their range by 8km in latitude a year to keep up with changing climates. Photograph: Alexander Mustard/scotlandbigpicture.com,
guardian_50a44f46be,The Guardian,2020,"""1.5C""",Net zero: what if Australia misses the moment on climate action?,https://www.theguardian.com/environment/2020/oct/31/net-zero-what-if-australia-misses-the-moment-on-climate-action,2020-10-30,2021-08-25,1,https://i.guim.co.uk/img/media/1752b70345f579b4951d1e4506e420612d184158/0_2_2962_1777/master/2962.jpg?width=465&dpr=1&s=none&crop=none,,"China, Japan and South Korea have committed to net zero emissions, which will have huge economic ramifications for Australia. File photo of coal. Photograph: Kelly Barnes/AAP",
guardian_50a44f46be,The Guardian,2020,"""1.5C""",Net zero: what if Australia misses the moment on climate action?,https://www.theguardian.com/environment/2020/oct/31/net-zero-what-if-australia-misses-the-moment-on-climate-action,2020-10-30,2021-08-25,2,https://i.guim.co.uk/img/media/57281f0826b644eb3b284dbecffb63871d021792/0_413_4500_2701/master/4500.jpg?width=445&dpr=1&s=none&crop=none,,"‘I am not concerned about our future exports,’ Scott Morrison said after Japan joined China in committing to net zero emissions by 2050. Photograph: David Mariuz/AAP",
guardian_50a44f46be,The Guardian,2020,"""1.5C""",Net zero: what if Australia misses the moment on climate action?,https://www.theguardian.com/environment/2020/oct/31/net-zero-what-if-australia-misses-the-moment-on-climate-action,2020-10-30,2021-08-25,3,https://i.guim.co.uk/img/media/c000e88209e257697d451248a4ed0c40d88aeada/0_0_3348_2009/master/3348.jpg?width=445&dpr=1&s=none&crop=none,,Japan’s new prime minister Yoshihide Suga used his first parliamentary policy speech to declare the climate crisis is an opportunity to be seized. Photograph: Kazuhiro Nogi/AFP/Getty Images,
guardian_48897b34d2,The Guardian,2020,"""1.5C""","Lack of climate action over 50 years will cost Australian economy $3.4tn and 880,000 jobs – report",https://www.theguardian.com/environment/2020/nov/02/lack-of-climate-action-over-50-years-will-cost-the-economy-34tn-and-880000-jobs-report,2020-11-01,2021-08-25,1,https://i.guim.co.uk/img/media/b3b1e00ba6ab3a10dbcceb5acf9bfb6740b6fed3/0_186_4096_2458/master/4096.jpg?width=465&dpr=1&s=none&crop=none,,"Australia’s economy will be 6% smaller and there will be 880,000 fewer jobs if the climate crisis is not addressed for the next 50 years, a report has found. Photograph: Dean Lewins/AAP",
guardian_9e4a753905,The Guardian,2020,"""1.5C""",Secrets of the ice: unlocking a melting time capsule,https://www.theguardian.com/science/2020/nov/01/secrets-of-the-ice-unlocking-a-melting-time-capsule-archaeology-glaciers,2020-11-01,2021-08-25,1,https://i.guim.co.uk/img/media/db9f4867c6d41e2b959e0371e2cc80c4680520c3/0_0_5090_3054/master/5090.jpg?width=465&dpr=1&s=none&crop=none,,Dissolving world: icebergs floating along the eastern coast of Greenland. Photograph: Jonathan Nackstrand/AFP/Getty Images,
guardian_9e4a753905,The Guardian,2020,"""1.5C""",Secrets of the ice: unlocking a melting time capsule,https://www.theguardian.com/science/2020/nov/01/secrets-of-the-ice-unlocking-a-melting-time-capsule-archaeology-glaciers,2020-11-01,2021-08-25,2,https://i.guim.co.uk/img/media/cc27e2dc00697359bd9204203315388b70ddaaab/0_162_4256_2555/master/4256.jpg?width=445&dpr=1&s=none&crop=none,,"Deep freeze: archaeologists search for Viking relics at Lendbreen, Norway. Photograph: Secrets of the ice",
guardian_9e4a753905,The Guardian,2020,"""1.5C""",Secrets of the ice: unlocking a melting time capsule,https://www.theguardian.com/science/2020/nov/01/secrets-of-the-ice-unlocking-a-melting-time-capsule-archaeology-glaciers,2020-11-01,2021-08-25,3,https://i.guim.co.uk/img/media/35412e774e482dadc646e0cca2ce16fd530bf928/0_289_4032_2419/master/4032.jpg?width=445&dpr=1&s=none&crop=none,,"Back in time: a snowshoe for a horse, as yet undated, but the artefacts it was found with are from the Iron Age, around BC300. Photograph: Espen Finstad/Secrets of the Ice",
guardian_9e4a753905,The Guardian,2020,"""1.5C""",Secrets of the ice: unlocking a melting time capsule,https://www.theguardian.com/science/2020/nov/01/secrets-of-the-ice-unlocking-a-melting-time-capsule-archaeology-glaciers,2020-11-01,2021-08-25,4,https://i.guim.co.uk/img/media/5e8ac3a43fdc31dd6c9134586266814e6d9d82b4/0_47_2048_1229/master/2048.jpg?width=445&dpr=1&s=none&crop=none,,"‘We are salvaging stuff that’s going to be gone in a year or two’: a wooden bit for goat kids and lambs to prevent them suckling their mother, as the milk was processed for human consumption. Photograph: Espen FInstad/Secrets of the Ice",
guardian_9e4a753905,The Guardian,2020,"""1.5C""",Secrets of the ice: unlocking a melting time capsule,https://www.theguardian.com/science/2020/nov/01/secrets-of-the-ice-unlocking-a-melting-time-capsule-archaeology-glaciers,2020-11-01,2021-08-25,5,https://i.guim.co.uk/img/media/c6ea510ce340e7a5583520abd2a5616412e87629/0_102_5347_3208/master/5347.jpg?width=445&dpr=1&s=none&crop=none,,Under wraps: parts of the Rhone glacier are covered in blankets above Gletsch near the Furkapass to prevent it from melting so quickly. Photograph: Urs Flueeler/EPA,
guardian_9e4a753905,The Guardian,2020,"""1.5C""",Secrets of the ice: unlocking a melting time capsule,https://www.theguardian.com/science/2020/nov/01/secrets-of-the-ice-unlocking-a-melting-time-capsule-archaeology-glaciers,2020-11-01,2021-08-25,6,https://i.guim.co.uk/img/media/4a03e4fc9fcfa1b63cf01a9d9250c985108d0572/0_117_3500_2100/master/3500.jpg?width=445&dpr=1&s=none&crop=none,,Melting point: cracks in the ice are a result of climate change. Photograph: Alexandre Meneghini/Reuters,
guardian_256dbe2df3,The Guardian,2020,"""1.5C""","Scott Morrison pressured by Britain, France and Italy to announce 'bold' climate action",https://www.theguardian.com/australia-news/2020/nov/03/scott-morrison-pressured-by-britain-france-and-italy-to-announce-bold-climate-action,2020-11-02,2021-08-25,1,https://i.guim.co.uk/img/media/b45358e173c0d69f25faaf3c1c332d60387cc158/0_67_5568_3341/master/5568.jpg?width=465&dpr=1&s=none&crop=none,,Australian prime minister Scott Morrison has been urged to make ambitious climate commitments by a group that also includes Chilean president Sebastián Piñera and UN secretary general Antonio Guterres. Photograph: Lukas Coch/AAP,
guardian_21f309fe7f,The Guardian,2020,IPCC,Hong Kong TV journalist charged over report on police misconduct,https://www.theguardian.com/world/2020/nov/03/hong-kong-tv-journalist-arrested-over-report-on-police-misconduct,2020-11-03,2020-11-03,1,https://i.guim.co.uk/img/media/aff937480e043bc5a101c85e792d76c085d06535/0_17_3368_2020/master/3368.jpg?width=465&dpr=1&s=none&crop=none,,Police are accused of standing by as armed thugs attacked commuters in Yuen Long in July 2019. Photograph: Tyrone Siu/Reuters,
guardian_a92d1cca97,The Guardian,2020,"""1.5C""",Joe Biden nearer to threshold for victory but race still too close to call - as it happened,https://www.theguardian.com/us-news/live/2020/nov/04/us-election-2020-votes-live-updates-donald-trump-joe-biden-latest-presidential-news-updates,2020-11-04,2021-01-21,1,https://i.guim.co.uk/img/media/5e09fcbc88de8dd44ee736a69172926a8497bc0d/0_294_6127_3678/master/6127.jpg?width=465&dpr=1&s=none&crop=none,,A worker with the Detroit Department of Elections takes a break after sorting through absentee ballots in Detroit. Photograph: Elaine Cromie/Getty Images,
guardian_a92d1cca97,The Guardian,2020,"""1.5C""",Joe Biden nearer to threshold for victory but race still too close to call - as it happened,https://www.theguardian.com/us-news/live/2020/nov/04/us-election-2020-votes-live-updates-donald-trump-joe-biden-latest-presidential-news-updates,2020-11-04,2021-01-21,2,https://i.guim.co.uk/img/media/8c773049accba76a04a8ec7721491c8f64fc1d3f/0_138_3979_2388/master/3979.jpg?width=465&dpr=1&s=none&crop=none,,Portland police patrol the streets trying to disperse protests. Photograph: Christian Monterrosa/EPA,
guardian_a92d1cca97,The Guardian,2020,"""1.5C""",Joe Biden nearer to threshold for victory but race still too close to call - as it happened,https://www.theguardian.com/us-news/live/2020/nov/04/us-election-2020-votes-live-updates-donald-trump-joe-biden-latest-presidential-news-updates,2020-11-04,2021-01-21,3,https://i.guim.co.uk/img/media/cb4680f67c72d3e74e9f70b28830f3878216d054/0_0_5543_3695/master/5543.jpg?width=465&dpr=1&s=none&crop=none,,Donald Trump supporters gather to protest the election results at the Arizona State Capitol. Photograph: Courtney Pedroza/Getty Images,
guardian_a92d1cca97,The Guardian,2020,"""1.5C""",Joe Biden nearer to threshold for victory but race still too close to call - as it happened,https://www.theguardian.com/us-news/live/2020/nov/04/us-election-2020-votes-live-updates-donald-trump-joe-biden-latest-presidential-news-updates,2020-11-04,2021-01-21,4,https://i.guim.co.uk/img/media/c1471858bb5c5924ea499342879d70f3523c6272/0_102_5152_3091/master/5152.jpg?width=465&dpr=1&s=none&crop=none,,"Election officials, poll watchers and challengers monitor the counting of Grand Rapids absentee ballots at DeVos Place in Michigan. Photograph: Cory Morse/AP",
guardian_a92d1cca97,The Guardian,2020,"""1.5C""",Joe Biden nearer to threshold for victory but race still too close to call - as it happened,https://www.theguardian.com/us-news/live/2020/nov/04/us-election-2020-votes-live-updates-donald-trump-joe-biden-latest-presidential-news-updates,2020-11-04,2021-01-21,5,https://i.guim.co.uk/img/media/829c629079184de9fb67a8553d5b35cf08fe5ef1/0_400_6000_3600/master/6000.jpg?width=465&dpr=1&s=none&crop=none,,"Detained demonstrators are taken to the police station by buses at the end of protest marches against racism and issues with the presidential election, in Minneapolis, Minnesota. Photograph: Kerem Yucel/AFP/Getty Images",
guardian_a92d1cca97,The Guardian,2020,"""1.5C""",Joe Biden nearer to threshold for victory but race still too close to call - as it happened,https://www.theguardian.com/us-news/live/2020/nov/04/us-election-2020-votes-live-updates-donald-trump-joe-biden-latest-presidential-news-updates,2020-11-04,2021-01-21,6,https://i.guim.co.uk/img/media/f08e6c5fa3af44ee11d0b524518523259e42556a/0_67_6000_3600/master/6000.jpg?width=465&dpr=1&s=none&crop=none,,"Supporters of president Donald Trump protest the Nevada vote in front of the Clark County Election Department, Las Vegas. Photograph: John Locher/AP",
guardian_a92d1cca97,The Guardian,2020,"""1.5C""",Joe Biden nearer to threshold for victory but race still too close to call - as it happened,https://www.theguardian.com/us-news/live/2020/nov/04/us-election-2020-votes-live-updates-donald-trump-joe-biden-latest-presidential-news-updates,2020-11-04,2021-01-21,7,https://i.guim.co.uk/img/media/80205bfdea9aa4d70a3497b4f2cf0fbf2e20aba3/0_103_3000_1801/master/3000.jpg?width=465&dpr=1&s=none&crop=none,,Police officers are silhouetted as they stand guard at a subway station during a protest in Los Angeles. Photograph: Ringo HW Chiu/AP,
guardian_a92d1cca97,The Guardian,2020,"""1.5C""",Joe Biden nearer to threshold for victory but race still too close to call - as it happened,https://www.theguardian.com/us-news/live/2020/nov/04/us-election-2020-votes-live-updates-donald-trump-joe-biden-latest-presidential-news-updates,2020-11-04,2021-01-21,8,https://i.guim.co.uk/img/media/2a11f47186478be5b2feaeafa8d04193b70bcc47/0_110_5472_3283/master/5472.jpg?width=465&dpr=1&s=none&crop=none,,Election protestors gathered at the Times Square in New York City. Photograph: Anadolu Agency/Getty Images,
guardian_a92d1cca97,The Guardian,2020,"""1.5C""",Joe Biden nearer to threshold for victory but race still too close to call - as it happened,https://www.theguardian.com/us-news/live/2020/nov/04/us-election-2020-votes-live-updates-donald-trump-joe-biden-latest-presidential-news-updates,2020-11-04,2021-01-21,9,https://i.guim.co.uk/img/media/26c3e3b0f1c8f4695f852c4a03a8d73958e6a616/0_199_5011_2819/5011.jpg?width=465&dpr=1&s=none&crop=none,,"Joe Biden: 'When the count is finished, we believe we will be the winner' – video",
guardian_a92d1cca97,The Guardian,2020,"""1.5C""",Joe Biden nearer to threshold for victory but race still too close to call - as it happened,https://www.theguardian.com/us-news/live/2020/nov/04/us-election-2020-votes-live-updates-donald-trump-joe-biden-latest-presidential-news-updates,2020-11-04,2021-01-21,10,https://i.guim.co.uk/img/media/b277ca7cc854ac20c351fe328f3e2ba3c0846e40/0_237_4546_2557/4546.jpg?width=465&dpr=1&s=none&crop=none,,Protesters gather outside election centre in Phoenix as Biden's Arizona 'win' challenged – video,
guardian_e912dc39f4,The Guardian,2020,"""1.5C""",Fate of climate crisis hangs on election as US exits Paris agreement,https://www.theguardian.com/us-news/2020/nov/04/us-paris-climate-agreement-exit-election,2020-11-04,2021-08-25,1,https://i.guim.co.uk/img/media/dcc88428c05f43c4f131d94608345be7d46de779/0_87_3500_2101/master/3500.jpg?width=465&dpr=1&s=none&crop=none,,Donald Trump at the White House on Wednesday morning. Photograph: Carlos Barría/Reuters,
guardian_e912dc39f4,The Guardian,2020,"""1.5C""",Fate of climate crisis hangs on election as US exits Paris agreement,https://www.theguardian.com/us-news/2020/nov/04/us-paris-climate-agreement-exit-election,2020-11-04,2021-08-25,2,https://i.guim.co.uk/img/media/c2503513e6d5380039f44d934fee55846073745f/131_0_1444_812/1444.jpg?width=465&dpr=1&s=none&crop=none,,Why Biden calls Trump a 'climate arsonist' – video explainer,
guardian_cfbcf765e8,The Guardian,2020,"""carbon budget""",Global food production emissions 'would put Paris agreement out of reach',https://www.theguardian.com/environment/2020/nov/05/global-food-production-emissions-would-put-paris-agreement-out-of-reach,2020-11-05,2021-08-25,1,https://i.guim.co.uk/img/media/fd2c263c3fe8f42c4cb83e62a1c0492222549052/0_79_4413_2650/master/4413.jpg?width=465&dpr=1&s=none&crop=none,,"If emissions from food production are to be cut to safe levels, diets heavy in meat, dairy and eggs in rich countries need to change, says the study’s lead author. Photograph: Jean-François Monier/AFP/Getty Images",
guardian_7772f8c21a,The Guardian,2020,"""1.5C""",Climate crisis: more than 100 Australian businesses and organisations support net-zero target,https://www.theguardian.com/australia-news/2020/nov/07/zali-steggall-calls-on-australias-chief-scientist-to-clarify-position-on-net-zero-emissions-by-2050,2020-11-06,2021-08-25,1,https://i.guim.co.uk/img/media/b7414d9181fd6c01e9a729909cfbdce5500512eb/0_211_4953_2972/master/4953.jpg?width=465&dpr=1&s=none&crop=none,,Zali Steggall is due to present to parliament on Monday long-promised climate change legislation that includes a target of net zero emissions by 2050. Photograph: Mick Tsikas/AAP,
guardian_37464a7723,The Guardian,2020,"""global temperature""",Joe Biden’s move to net zero emissions will leave Australia in the (coal) dust,https://www.theguardian.com/commentisfree/2020/nov/08/joe-bidens-move-to-net-zero-emissions-will-leave-australia-in-the-coal-dust,2020-11-07,2023-07-21,1,https://i.guim.co.uk/img/media/5b5531c5ed0e17fef580543066be6ec20e84e030/0_184_2766_1660/master/2766.jpg?width=465&dpr=1&s=none&crop=none,,‘The election of Joe Biden could trip this already major momentum into a landslide towards higher climate ambition.’ Photograph: Brian Snyder/Reuters,
guardian_bd85f44332,The Guardian,2020,"""1.5C""",Support a science oath for the climate,https://www.theguardian.com/science/2020/nov/07/support-a-science-oath-for-the-climate,2020-11-07,2021-08-25,1,https://i.guim.co.uk/img/media/25b00a0c062b6c05353f17e1208b390a10ec1a22/0_0_7680_4608/master/7680.jpg?width=465&dpr=1&s=none&crop=none,,"‘We may look beyond our planet with wonder and learn, but this is our only viable home,’ say the signatories. Photograph: Alamy",
guardian_ebc84a4194,The Guardian,2020,"""1.5C""",Australia warned it could be isolated over climate inaction after Joe Biden victory,https://www.theguardian.com/environment/2020/nov/08/australia-warned-it-could-be-isolated-over-climate-inaction-after-joe-biden-victory,2020-11-07,2021-08-25,1,https://i.guim.co.uk/img/media/e3203ffaf87f0a7d2a7128b50c17994f078b1234/0_0_6000_3600/master/6000.jpg?width=465&dpr=1&s=none&crop=none,,Australia faces increasing pressure to act on climate change as US president-elect Joe Biden says he would ‘use every tool of American foreign policy to push the rest of the world’ to combat the problem. Photograph: Jim Lo Scalzo/EPA,
guardian_130deb40d0,The Guardian,2020,"""1.5C""",Joe Biden could bring Paris climate goals 'within striking distance',https://www.theguardian.com/us-news/2020/nov/08/joe-biden-paris-climate-goals-0-1c,2020-11-08,2021-08-25,1,https://i.guim.co.uk/img/media/d6e1df478385458adfa872af6a4902e165bb1fe5/0_175_4651_2791/master/4651.jpg?width=465&dpr=1&s=none&crop=none,,Joe Biden speaks out about climate change and wildfires affecting the US in September. Photograph: Patrick Semansky/AP,
guardian_130deb40d0,The Guardian,2020,"""1.5C""",Joe Biden could bring Paris climate goals 'within striking distance',https://www.theguardian.com/us-news/2020/nov/08/joe-biden-paris-climate-goals-0-1c,2020-11-08,2021-08-25,2,https://i.guim.co.uk/img/media/c2503513e6d5380039f44d934fee55846073745f/131_0_1444_812/1444.jpg?width=465&dpr=1&s=none&crop=none,,Why Biden calls Trump a 'climate arsonist' – video explainer,
guardian_5dbbed6adf,The Guardian,2020,"""1.5C""",Biden and Harris release first public schedule as they begin transition – as it happened,https://www.theguardian.com/us-news/live/2020/nov/08/us-election-2020-joe-biden-donald-trump-kamala-harris-coronavirus-covid-19-live-updates,2020-11-08,2021-01-21,1,https://i.guim.co.uk/img/media/0ec5b0a6c8c4249c99b016502e282c4f5536b438/0_166_5053_3032/master/5053.jpg?width=465&dpr=1&s=none&crop=none,,McConnell was just reelected in Kentucky by 20 points. Photograph: Timothy D Easley/AP,
guardian_5dbbed6adf,The Guardian,2020,"""1.5C""",Biden and Harris release first public schedule as they begin transition – as it happened,https://www.theguardian.com/us-news/live/2020/nov/08/us-election-2020-joe-biden-donald-trump-kamala-harris-coronavirus-covid-19-live-updates,2020-11-08,2021-01-21,2,https://i.guim.co.uk/img/media/5cc77608808d6f2c1af82608c33654825d7b5470/0_169_5000_3000/master/5000.jpg?width=465&dpr=1&s=none&crop=none,,On the University of Pittsburgh campus. Photograph: SOPA Images/LightRocket/Getty Images,
guardian_a3a7b0e865,The Guardian,2020,"""global temperature""","World is running out of time on climate, experts warn",https://www.theguardian.com/environment/2020/nov/09/world-is-running-out-of-time-on-climate-experts-warn,2020-11-09,2021-08-25,1,https://i.guim.co.uk/img/media/6b20f04470de4664d75683b735a237d0bbad975a/0_325_5000_3001/master/5000.jpg?width=465&dpr=1&s=none&crop=none,,"A firefighter tackles flames in California. With no signs of climate heating slowing, the race is on to build back better. Photograph: Robyn Beck/AFP/Getty Images",
guardian_a3a7b0e865,The Guardian,2020,"""global temperature""","World is running out of time on climate, experts warn",https://www.theguardian.com/environment/2020/nov/09/world-is-running-out-of-time-on-climate-experts-warn,2020-11-09,2021-08-25,2,https://i.guim.co.uk/img/media/fdc0f8f4030303302418f8ac26abae1ca3a8858a/159_65_3435_2061/master/3435.jpg?width=120&dpr=1&s=none&crop=none,,"Ban Ki-moon, the former UN secretary general, says the world must redouble its efforts or we will pass the point of no return. Photograph: Seokyong Lee/Penta Press/Rex/Shutterstock",
guardian_a3a7b0e865,The Guardian,2020,"""global temperature""","World is running out of time on climate, experts warn",https://www.theguardian.com/environment/2020/nov/09/world-is-running-out-of-time-on-climate-experts-warn,2020-11-09,2021-08-25,3,https://i.guim.co.uk/img/media/7405faab0e9aa008d6934c8fec96b589acaaf49c/153_226_1809_1086/master/1809.jpg?width=120&dpr=1&s=none&crop=none,,"Fatih Birol, the executive director of the International Energy Agency, says what is needed is a ‘clean energy and economic recovery plan’. Photograph: Benoît Tessier/Reuters",
guardian_a3a7b0e865,The Guardian,2020,"""global temperature""","World is running out of time on climate, experts warn",https://www.theguardian.com/environment/2020/nov/09/world-is-running-out-of-time-on-climate-experts-warn,2020-11-09,2021-08-25,4,https://i.guim.co.uk/img/media/2a355fae3e344a603a79501582f3dbd7f40fae8f/0_1_2554_1532/master/2554.jpg?width=120&dpr=1&s=none&crop=none,,Connie Hedegaard of the Environmental Defense Fund says the green recovery is an economically sound way to do things. Photograph: Olivier Hoslet/EPA,
guardian_a3a7b0e865,The Guardian,2020,"""global temperature""","World is running out of time on climate, experts warn",https://www.theguardian.com/environment/2020/nov/09/world-is-running-out-of-time-on-climate-experts-warn,2020-11-09,2021-08-25,5,https://i.guim.co.uk/img/media/863938b68043da8aaa66e777033fdd1d6c22a613/1967_361_1108_665/master/1108.jpg?width=120&dpr=1&s=none&crop=none,,"Mary Robinson, the former president of Ireland, calls for the UK to put forward an ambitious target ahead of the postponed Cop26 gathering in Glasgow. Photograph: Julien Behal/PA",
guardian_c2c5054dd2,The Guardian,2020,"""global temperature""",‘Hypocrites and greenwash’: Greta Thunberg blasts leaders over climate crisis,https://www.theguardian.com/environment/2020/nov/09/hypocrites-and-greenwash-greta-thunberg-climate-crisis,2020-11-09,2021-08-25,1,https://i.guim.co.uk/img/media/02c1a5573fb64e9c0bf4170200ff3854ab572cf9/0_268_5568_3341/master/5568.jpg?width=465&dpr=1&s=none&crop=none,,Greta Thunberg: ‘The climate crisis is just one symptom of a much larger crisis.’ Photograph: Jessica Gow/AP,
guardian_6ac8e983ea,The Guardian,2020,"""1.5C""","Australia should cut emissions quickly and lead world in renewable energy, incoming chief scientist says",https://www.theguardian.com/environment/2020/nov/11/australia-should-cut-emissions-quickly-and-lead-world-in-renewable-energy-incoming-chief-scientist-says,2020-11-10,2021-08-25,1,https://i.guim.co.uk/img/media/36dbc2fb3a0dfe89fa573271a11ac8d6d5914e5d/0_0_4850_2910/master/4850.jpg?width=465&dpr=1&s=none&crop=none,,"Dr Cathy Foley, who takes up her role as Australia’s chief scientist in January. ‘We need to move as quickly as we can using all the tools to lower emissions and be bold and ambitious in doing that.’ Photograph: Mike Bowers/The Guardian",
guardian_c95ae0eb43,The Guardian,2020,"""carbon budget""",'Immense' potential of renewable energy could propel Australia to net zero 2050 target,https://www.theguardian.com/environment/2020/nov/10/immense-potential-of-renewable-energy-could-propel-australia-to-net-zero-2050-target,2020-11-10,2021-08-25,1,https://i.guim.co.uk/img/media/0871790ce6ff11015cd13389eecd959a997fa246/0_221_5973_3583/master/5973.jpg?width=465&dpr=1&s=none&crop=none,,A report by international climate experts shows a transition to renewable energy would create tens of thousands of new jobs and ‘future-proof’ the country from economic shocks. Photograph: Posnov/Getty Images,
guardian_ddb10034c4,The Guardian,2020,"""1.5C""",What a Republican Senate really means for the climate,https://www.theguardian.com/environment/2020/nov/10/us-senate-climate-action-republican-control,2020-11-10,2021-08-25,1,https://i.guim.co.uk/img/media/407650053559132e4db4abe832448f5dd5220c27/0_266_4972_2985/master/4972.jpg?width=465&dpr=1&s=none&crop=none,,"Law enforcement and fire personnel wait on the Enterprise Bridge during the Bear fire in Oroville, California, on 9 September. Photograph: Josh Edelson/AFP/Getty Images",
guardian_ddb10034c4,The Guardian,2020,"""1.5C""",What a Republican Senate really means for the climate,https://www.theguardian.com/environment/2020/nov/10/us-senate-climate-action-republican-control,2020-11-10,2021-08-25,2,https://i.guim.co.uk/img/media/ef4c36d7bdd5732731af8a50d77720ecdef54f3e/23_44_1057_595/1057.jpg?width=465&dpr=1&s=none&crop=none,,Can Joe Biden and Kamala Harris unite America after Trump? – video explainer,
guardian_e3917ca569,The Guardian,2020,"""1.5C""",Anthony Albanese sidesteps questions about a Labor medium-term emissions target,https://www.theguardian.com/australia-news/2020/nov/10/anthony-albanese-sidesteps-questions-about-a-labor-medium-term-emissions-target,2020-11-10,2021-08-25,1,https://i.guim.co.uk/img/media/de99a20242dca8b839dbf74cba4f0ad579f7dda8/0_200_5568_3341/master/5568.jpg?width=465&dpr=1&s=none&crop=none,,Anthony Albanese is committed to net zero emissions by 2050 but has declined to say if Labor will set a medium-term target before the next election. Photograph: Mick Tsikas/AAP,
guardian_7c675f01b1,The Guardian,2020,"""1.5C""",US election result boosts preparations for UN climate summit,https://www.theguardian.com/environment/2020/nov/11/us-election-result-boosts-preparations-for-un-climate-summit,2020-11-11,2021-08-25,1,https://i.guim.co.uk/img/media/26afa2d792d393ed7d5066344d713cb0a0aebabc/0_133_3500_2099/master/3500.jpg?width=465&dpr=1&s=none&crop=none,,US president-elect Joe Biden has vowed to return the US to the Paris agreement. Photograph: Jonathan Ernst/Reuters,
guardian_9511927ef4,The Guardian,2020,"""net zero""",Chinese embassy tells Australia to 'stop interfering' in Hong Kong affairs – as it happened,https://www.theguardian.com/australia-news/live/2020/nov/12/albanese-anthem-federal-icac-nsw-queensland-victoria-morrison-live-news,2020-11-11,2021-07-08,1,https://i.guim.co.uk/img/media/2135bc1c6e8e6e84435c9ab72deca38e93eb59fb/0_89_3000_1800/master/3000.jpg?width=465&dpr=1&s=none&crop=none,,The RACP wants the environment’s effect on people’s health to be properly considered. Photograph: Alan Porritt/AAP,
guardian_9511927ef4,The Guardian,2020,"""net zero""",Chinese embassy tells Australia to 'stop interfering' in Hong Kong affairs – as it happened,https://www.theguardian.com/australia-news/live/2020/nov/12/albanese-anthem-federal-icac-nsw-queensland-victoria-morrison-live-news,2020-11-11,2021-07-08,2,https://i.guim.co.uk/img/media/99372d947b0a67a5eca56498bd458f2a984fe99b/2730_37_1742_1045/master/1742.jpg?width=465&dpr=1&s=none&crop=none,,Chana’s flag outside its embassy in Canberra. Photograph: Sam Mooy/Getty Images,
guardian_9511927ef4,The Guardian,2020,"""net zero""",Chinese embassy tells Australia to 'stop interfering' in Hong Kong affairs – as it happened,https://www.theguardian.com/australia-news/live/2020/nov/12/albanese-anthem-federal-icac-nsw-queensland-victoria-morrison-live-news,2020-11-11,2021-07-08,3,https://i.guim.co.uk/img/media/1e32c608db47a4e27a263206f7ed1f31df233336/0_0_5568_3341/master/5568.jpg?width=465&dpr=1&s=none&crop=none,,Zali Steggall in parliament. Photograph: Lukas Coch/AAP,
guardian_992f45f2a9,The Guardian,2020,"""1.5C""",Five post-Trump obstacles to a global green recovery,https://www.theguardian.com/environment/2020/nov/11/five-post-trump-obstacles-to-a-global-green-recovery,2020-11-11,2021-08-25,1,https://i.guim.co.uk/img/media/4e05cf959c09605f8fd272d85e8d70a7f9fb135b/0_0_5000_3000/master/5000.jpg?width=465&dpr=1&s=none&crop=none,,"Opponents of green new deals say they are poor value for money compared with coal and oil, but the cost of renewables is falling sharply and the cost of inaction is high. Composite: Reuters/Getty/EPA/Guardian Design",
guardian_992f45f2a9,The Guardian,2020,"""1.5C""",Five post-Trump obstacles to a global green recovery,https://www.theguardian.com/environment/2020/nov/11/five-post-trump-obstacles-to-a-global-green-recovery,2020-11-11,2021-08-25,2,https://i.guim.co.uk/img/media/87af9676391a581021f6be499f0b27b2b021dd8a/0_0_5000_3000/master/5000.jpg?width=445&dpr=1&s=none&crop=none,,"Xi Jinping’s promise to make China carbon-neutral by 2060 generated optimism, but state and provincial institutions do not seem to have received the memo. Composite: Reuters/EPA/Guardian Design",
guardian_992f45f2a9,The Guardian,2020,"""1.5C""",Five post-Trump obstacles to a global green recovery,https://www.theguardian.com/environment/2020/nov/11/five-post-trump-obstacles-to-a-global-green-recovery,2020-11-11,2021-08-25,3,https://i.guim.co.uk/img/media/a31679e43c1d0612ffd24c8654801ea363fd0ef1/0_0_5000_3000/master/5000.jpg?width=445&dpr=1&s=none&crop=none,,Joe Biden is expected to rejoin the Paris agreement in January. Composite: EPA/Guardian Design,
guardian_992f45f2a9,The Guardian,2020,"""1.5C""",Five post-Trump obstacles to a global green recovery,https://www.theguardian.com/environment/2020/nov/11/five-post-trump-obstacles-to-a-global-green-recovery,2020-11-11,2021-08-25,4,https://i.guim.co.uk/img/media/c0dd1f2752b44791d57176ca6e43172677a8cf3b/0_0_5000_3000/master/5000.jpg?width=445&dpr=1&s=none&crop=none,,Industry organisations including Airlines for Europe and Airlines for America have influenced Brussels to relax or drop emissions trading requirements. Composite: Getty / Guardian Design Team,
guardian_992f45f2a9,The Guardian,2020,"""1.5C""",Five post-Trump obstacles to a global green recovery,https://www.theguardian.com/environment/2020/nov/11/five-post-trump-obstacles-to-a-global-green-recovery,2020-11-11,2021-08-25,5,https://i.guim.co.uk/img/media/91f329142e9b3ab32ef739fea40f55f619023938/0_0_5000_3000/master/5000.jpg?width=445&dpr=1&s=none&crop=none,,Cop26 is likely to be the most important international event of Boris Johnson’s tenure. Composite: Reuters / Guardian Design Team,
guardian_992f45f2a9,The Guardian,2020,"""1.5C""",Five post-Trump obstacles to a global green recovery,https://www.theguardian.com/environment/2020/nov/11/five-post-trump-obstacles-to-a-global-green-recovery,2020-11-11,2021-08-25,6,https://i.guim.co.uk/img/media/9eee7f886b7e0bcbbbb85f4bd677ed6879830942/0_0_5000_3000/master/5000.jpg?width=445&dpr=1&s=none&crop=none,,Jair Bolsonaro says environmental NGOs trying to protect the Amazon are part of a foreign conspiracy to stifle economic development. Composite: Reuters / Guardian Design Team,
guardian_41c7516b22,The Guardian,2020,"""sea level rise""",US allies welcome Biden presidency as major chance to tackle climate crisis,https://www.theguardian.com/us-news/2020/nov/12/joe-biden-us-allies-climate-crisis-trump,2020-11-12,2021-08-25,1,https://i.guim.co.uk/img/media/8b8145b271dbb3749f9fa3a33899ca5b7b675794/0_0_5000_3263/master/5000.jpg?width=465&dpr=1&s=none&crop=none,,"Emmanuel Macron, the French president, congratulates Joe Biden on his election win on a Monday call. Macron previously clashed with Trump over the climate crisis. Photograph: Ian Langsdon/EPA",
guardian_58720f5783,The Guardian,2020,"""net zero""",Covid-stricken US households wipe £56m off National Grid profits,https://www.theguardian.com/business/2020/nov/12/covid-us-households-national-grid-profits,2020-11-12,2020-11-12,1,https://i.guim.co.uk/img/media/53934ad352f15adda077547f8fd8f1b50e763d47/0_126_3500_2100/master/3500.jpg?width=465&dpr=1&s=none&crop=none,,National Grid’s underlying profit fell by 12% to £1.1bn in the six months to the end of September. Photograph: Andrew Milligan/PA,
guardian_6bb7477c74,The Guardian,2020,"""net zero""",National cabinet endorses national vaccination policy – as it happened,https://www.theguardian.com/australia-news/live/2020/nov/13/scott-morrison-national-cabinet-reopen-nsw-victoria-queensland-wa-sa-covid-19-live-news,2020-11-12,2021-07-08,1,https://i.guim.co.uk/img/media/e1c041dd2d52e775b78e373c477ac93b39c21f8a/0_198_5472_3283/master/5472.jpg?width=465&dpr=1&s=none&crop=none,,The secretary of the department of home affairs Michael Pezzullo. Photograph: Mike Bowers/The Guardian,
guardian_b780f3acef,The Guardian,2020,"""net zero""",The Guardian view on Biden and the climate crisis: fight for net zero,https://www.theguardian.com/environment/2020/nov/12/the-guardian-view-on-biden-and-the-climate-crisis-fight-for-net-zero,2020-11-12,2021-08-25,1,https://i.guim.co.uk/img/media/e3203ffaf87f0a7d2a7128b50c17994f078b1234/0_0_6000_3600/master/6000.jpg?width=465&dpr=1&s=none&crop=none,,"‘Biden faces two dangerous obstacles, in the Republican-controlled Senate and conservative supreme court.’ Photograph: Jim Lo Scalzo/EPA",
guardian_c0822f16a7,The Guardian,2020,"""global temperature""","Reaching UK net zero target cheaper than we thought, says climate adviser",https://www.theguardian.com/environment/2020/nov/12/reaching-uk-net-zero-target-cheaper-than-we-thought-says-climate-adviser,2020-11-12,2021-08-25,1,https://i.guim.co.uk/img/media/157d7dc3f7bf382e511b542e99edaeb9c6cbde8e/0_0_5000_3000/master/5000.jpg?width=465&dpr=1&s=none&crop=none,,"Before Cop26, now rescheduled for November 2021, all countries are expected to come up with detailed plans for stringent reductions in emissions over the next decade. Composite: Getty / Guardian Design Team",
guardian_ec3e7c5877,The Guardian,2020,"""net zero""","Rising levels of carbon dioxide increasing extreme weather events in Australia, report finds",https://www.theguardian.com/science/2020/nov/13/rising-levels-of-carbon-dioxide-increasing-extreme-weather-events-in-australia-report-finds,2020-11-12,2021-08-25,1,https://i.guim.co.uk/img/media/75358e210e7c89737173cac3cc4f2db9e690cd2f/0_231_4898_2941/master/4898.jpg?width=465&dpr=1&s=none&crop=none,,The report’s key findings show Australia’s climate has warmed by 1.44C since 1910 with bushfire seasons getting longer and more dangerous. Photograph: Dean Lewins/AAP,
guardian_ec3e7c5877,The Guardian,2020,"""net zero""","Rising levels of carbon dioxide increasing extreme weather events in Australia, report finds",https://www.theguardian.com/science/2020/nov/13/rising-levels-of-carbon-dioxide-increasing-extreme-weather-events-in-australia-report-finds,2020-11-12,2021-08-25,2,https://i.guim.co.uk/img/media/6103471f75beb40ec2fa9e9bd1ab799814480016/0_41_1537_922/master/1537.jpg?width=445&dpr=1&s=none&crop=none,,,
guardian_ec3e7c5877,The Guardian,2020,"""net zero""","Rising levels of carbon dioxide increasing extreme weather events in Australia, report finds",https://www.theguardian.com/science/2020/nov/13/rising-levels-of-carbon-dioxide-increasing-extreme-weather-events-in-australia-report-finds,2020-11-12,2021-08-25,3,https://i.guim.co.uk/img/media/a531c8ffbc7428a2a6326dacbec3f92f649678b5/0_0_2186_1183/master/2186.jpg?width=445&dpr=1&s=none&crop=none,,,
guardian_ec3e7c5877,The Guardian,2020,"""net zero""","Rising levels of carbon dioxide increasing extreme weather events in Australia, report finds",https://www.theguardian.com/science/2020/nov/13/rising-levels-of-carbon-dioxide-increasing-extreme-weather-events-in-australia-report-finds,2020-11-12,2021-08-25,4,https://i.guim.co.uk/img/media/2ce9cec474b423e5e9a8c9efeb33d80020da13f8/0_41_1537_922/master/1537.jpg?width=445&dpr=1&s=none&crop=none,,,
guardian_2ba8ffdb27,The Guardian,2020,"""net zero""",Hitting net zero is not enough – we must restore the climate,https://www.theguardian.com/environment/2020/nov/13/hitting-net-zero-is-not-enough-we-must-restore-the-climate,2020-11-13,2021-08-25,1,https://i.guim.co.uk/img/media/151b7b316ed321d966b4a259d7997c5505a3996d/0_79_3500_2100/master/3500.jpg?width=465&dpr=1&s=none&crop=none,,Smoke and steam rise from a coal processing plant in Hejin in central China’s Shanxi province. Photograph: Sam McNeil/AP,
guardian_691954607f,The Guardian,2020,"""net zero""",Governments urged to go beyond net zero climate targets,https://www.theguardian.com/environment/2020/nov/13/governments-urged-to-go-beyond-net-zero-climate-targets,2020-11-13,2021-08-25,1,https://i.guim.co.uk/img/media/3974f187b46eaea4766579d70d6c59766ccc6b07/0_173_5184_3110/master/5184.jpg?width=465&dpr=1&s=none&crop=none,,Spring leaf growth on young birch trees growing in a forestry plantation. Photograph: MediaWorldImages/Alamy,
guardian_78635bad5e,The Guardian,2020,"""net zero""",World heritage status for Scottish peat bogs could help UK hit net zero goals,https://www.theguardian.com/environment/2020/nov/13/world-heritage-status-for-scottish-peat-bogs-could-help-uk-hit-net-zero-goals,2020-11-13,2021-08-25,1,https://i.guim.co.uk/img/media/c759c739e9496b6d7f135eab0cc12bee723ce2d5/0_0_5760_3456/master/5760.jpg?width=465&dpr=1&s=none&crop=none,,"Andrew Coupar, a NatureScot peatlands expert, at the Forsinard visitor centre. Photograph: Murdo MacLeod/The Guardian",
guardian_78635bad5e,The Guardian,2020,"""net zero""",World heritage status for Scottish peat bogs could help UK hit net zero goals,https://www.theguardian.com/environment/2020/nov/13/world-heritage-status-for-scottish-peat-bogs-could-help-uk-hit-net-zero-goals,2020-11-13,2021-08-25,2,https://i.guim.co.uk/img/media/f8764c3e3273ca39536d95b4949a7acc0d279721/0_281_5760_3456/master/5760.jpg?width=445&dpr=1&s=none&crop=none,,"Peat extraction at Hillhouse, Broken Cross Muir, in Lanarkshire, Scotland. Photograph: Murdo MacLeod/The Guardian",
guardian_78635bad5e,The Guardian,2020,"""net zero""",World heritage status for Scottish peat bogs could help UK hit net zero goals,https://www.theguardian.com/environment/2020/nov/13/world-heritage-status-for-scottish-peat-bogs-could-help-uk-hit-net-zero-goals,2020-11-13,2021-08-25,3,https://i.guim.co.uk/img/media/d188c4347bc0036c73e67bdbe2ceb46d87032934/0_0_5760_3840/master/5760.jpg?width=445&dpr=1&s=none&crop=none,,"Ecologists estimate that while peatlands cover only 3% of the Earth’s land surface, they hold 30% of the carbon stored on land. Photograph: Murdo MacLeod/The Guardian",
guardian_78635bad5e,The Guardian,2020,"""net zero""",World heritage status for Scottish peat bogs could help UK hit net zero goals,https://www.theguardian.com/environment/2020/nov/13/world-heritage-status-for-scottish-peat-bogs-could-help-uk-hit-net-zero-goals,2020-11-13,2021-08-25,4,https://i.guim.co.uk/img/media/5b3fbedfd65f22f7e4436a98f634b88557400844/0_384_5760_3456/master/5760.jpg?width=445&dpr=1&s=none&crop=none,,Peatland damaged by inappropriate forestry. Photograph: Murdo MacLeod/The Guardian,
guardian_78635bad5e,The Guardian,2020,"""net zero""",World heritage status for Scottish peat bogs could help UK hit net zero goals,https://www.theguardian.com/environment/2020/nov/13/world-heritage-status-for-scottish-peat-bogs-could-help-uk-hit-net-zero-goals,2020-11-13,2021-08-25,5,https://i.guim.co.uk/img/media/65cbb5fcd4ad06cd8a9f7ec7f414b9588e0138ac/0_0_5760_3840/master/5760.jpg?width=445&dpr=1&s=none&crop=none,,Darrell Stevens of the RSPB. The function of the bog as a carbon store is invaluable in helping to mitigate the effects of climate breakdown. Photograph: Murdo MacLeod/The Guardian,
guardian_8e655a0b88,The Guardian,2020,"""net zero""",Coalition intends to honour 'legacy' of bushfires and support royal commission recommendations,https://www.theguardian.com/australia-news/2020/nov/13/coalition-intends-to-honour-legacy-of-bushfires-and-support-royal-commission-recommendations,2020-11-13,2020-11-13,1,https://i.guim.co.uk/img/media/6f036ee8d9871e3beb9caea4cbcd34fe25bb63dd/0_218_4286_2572/master/4286.jpg?width=465&dpr=1&s=none&crop=none,,"The Morrison government will establish ‘Resilience Australia’, a new central point of information and scientific data to help emergency services prepare for and respond to disasters. Photograph: Saeed Khan/AFP/Getty Images",
guardian_aa9fa2f923,The Guardian,2020,"""net zero""",A vaccine? Trump going? A bit of good news and my optimism has gone bananas,https://www.theguardian.com/uk-news/2020/nov/13/a-vaccine-trump-going-a-bit-of-good-news-and-my-optimism-has-gone-bananas,2020-11-13,2020-11-16,1,https://i.guim.co.uk/img/media/fb16afd8891015b4db4f4a2c2fd907f5a58055c1/0_530_7952_4774/master/7952.jpg?width=465&dpr=1&s=none&crop=none,,‘I am polluting the likely with fantasies of the impossible.’ Photograph: Tim Robberts/Getty Images,
guardian_db5418ff97,The Guardian,2020,"""1.5C""",State of the climate: five big issues from the report that will affect every Australian,https://www.theguardian.com/environment/2020/nov/14/state-of-the-climate-five-big-issues-from-the-report-that-will-affect-every-australian,2020-11-13,2021-08-25,1,https://i.guim.co.uk/img/media/e44ffdc5bf3e5028c6af826cc483e4bc8a74702e/76_0_3281_1969/master/3281.jpg?width=465&dpr=1&s=none&crop=none,,"The year 2019 will live long in the memory of Australians – the hottest and driest year on record, where towns ran out of water and bushfires destroyed thousands of homes. But this is just the beginning, with this decade likely to be the coolest this century. Photograph: David Gray/Reuters",
guardian_db5418ff97,The Guardian,2020,"""1.5C""",State of the climate: five big issues from the report that will affect every Australian,https://www.theguardian.com/environment/2020/nov/14/state-of-the-climate-five-big-issues-from-the-report-that-will-affect-every-australian,2020-11-13,2021-08-25,2,https://i.guim.co.uk/img/media/2ce9cec474b423e5e9a8c9efeb33d80020da13f8/0_41_1537_922/master/1537.jpg?width=445&dpr=1&s=none&crop=none,,Rising numbers of extremely hot days from the 2020 BoM/CSIRO State of the Climate report. Photograph: BoM/CSIRO State of the Climate,
guardian_db5418ff97,The Guardian,2020,"""1.5C""",State of the climate: five big issues from the report that will affect every Australian,https://www.theguardian.com/environment/2020/nov/14/state-of-the-climate-five-big-issues-from-the-report-that-will-affect-every-australian,2020-11-13,2021-08-25,3,https://i.guim.co.uk/img/media/387335da0a924a7d333c982cb12435d3b1748062/0_59_1538_923/master/1538.jpg?width=445&dpr=1&s=none&crop=none,,Chart showing Co2 levels at cape Grim monitoring station in Australia. Photograph: CSIRO,
guardian_db5418ff97,The Guardian,2020,"""1.5C""",State of the climate: five big issues from the report that will affect every Australian,https://www.theguardian.com/environment/2020/nov/14/state-of-the-climate-five-big-issues-from-the-report-that-will-affect-every-australian,2020-11-13,2021-08-25,4,https://i.guim.co.uk/img/media/21ebd62bbdf198764c475e99dd48252ddfd2991e/0_160_3500_2101/master/3500.jpg?width=445&dpr=1&s=none&crop=none,,"According to the State of the Climate report, eight of the 10 warmest years on record for the country’s oceans have occurred since 2010, with devastating consequences for the Great Barrier Reef. Photograph: Lucas Jackson/Reuters",
guardian_e3d7484e53,The Guardian,2020,"""net zero""",Green giants: the massive projects that could make Australia a clean energy superpower,https://www.theguardian.com/environment/2020/nov/14/green-giants-the-massive-projects-that-could-make-australia-a-clean-energy-superpower,2020-11-13,2020-11-16,1,https://i.guim.co.uk/img/media/feb4fdbcbcd450fbd2a1e09d77d98548fbe86a21/0_0_1920_1080/1920.jpg?width=465&dpr=1&s=none&crop=none,,The Green Recovery: how Australia can clean up its act on energy – video,
guardian_e3d7484e53,The Guardian,2020,"""net zero""",Green giants: the massive projects that could make Australia a clean energy superpower,https://www.theguardian.com/environment/2020/nov/14/green-giants-the-massive-projects-that-could-make-australia-a-clean-energy-superpower,2020-11-13,2020-11-16,2,https://i.guim.co.uk/img/media/98a7f537b5d0021443aa597cd0c5f5aeeb71db06/0_0_1280_480/master/1280.jpg?width=445&dpr=1&s=none&crop=none,,The future site of the Asian Renewable Energy Hub.,
guardian_e3d7484e53,The Guardian,2020,"""net zero""",Green giants: the massive projects that could make Australia a clean energy superpower,https://www.theguardian.com/environment/2020/nov/14/green-giants-the-massive-projects-that-could-make-australia-a-clean-energy-superpower,2020-11-13,2020-11-16,3,https://i.guim.co.uk/img/media/6f1e81380f6b1824668b7ec3190c2a3570971f48/0_0_6000_4001/master/6000.jpg?width=445&dpr=1&s=none&crop=none,,An artist’s rendition of the 10GW solar farm with battery storage at the Newcastle Waters cattle station about 750km south of Darwin.,
guardian_e3d7484e53,The Guardian,2020,"""net zero""",Green giants: the massive projects that could make Australia a clean energy superpower,https://www.theguardian.com/environment/2020/nov/14/green-giants-the-massive-projects-that-could-make-australia-a-clean-energy-superpower,2020-11-13,2020-11-16,4,https://i.guim.co.uk/img/media/d8f9360c8dc7e91a6476cc111aa34b7404576d36/121_139_2079_1377/master/2079.jpg?width=445&dpr=1&s=none&crop=none,,A map of the proposal to construct a 2.2GW windfarm in Bass Strait off Port Albert and Mcloughlins Beach in South Gippsland.,
guardian_e3d7484e53,The Guardian,2020,"""net zero""",Green giants: the massive projects that could make Australia a clean energy superpower,https://www.theguardian.com/environment/2020/nov/14/green-giants-the-massive-projects-that-could-make-australia-a-clean-energy-superpower,2020-11-13,2020-11-16,5,https://i.guim.co.uk/img/media/2e3397046d430296d7d5ba8016bcf1cfcd7111f5/0_523_4362_2619/master/4362.jpg?width=445&dpr=1&s=none&crop=none,,"Independent reviews found Australia’s first big battery, built at Hornsdale in South Australia, saved consumers $150m in its first two years in operation.",
guardian_02ed61b3b8,The Guardian,2020,"""net zero""","Big UK offshore windfarms push risks harming habitats, say campaigners",https://www.theguardian.com/environment/2020/nov/14/big-uk-offshore-windfarms-push-risks-harming-habitats-say-campaigners,2020-11-14,2021-10-29,1,https://i.guim.co.uk/img/media/cdf99f87900645ab98cd357f2db782b5c68d8418/0_149_4832_2899/master/4832.jpg?width=465&dpr=1&s=none&crop=none,,Sunrise from Seaton Carew beach near Hartlepool with Teesside Offshore Windfarm in distance. Photograph: Islandstock/Alamy Stock Photo,
guardian_538d350617,The Guardian,2020,"""net zero""",UK expected to ban sale of new petrol and diesel cars from 2030,https://www.theguardian.com/environment/2020/nov/14/uk-expected-to-ban-sale-of-new-petrol-and-diesel-cars-from-2030,2020-11-14,2021-08-25,1,https://i.guim.co.uk/img/media/dfaa20cf6093df5d8021dde15f9a6346ce5f5b3c/286_592_2900_1741/master/2900.jpg?width=465&dpr=1&s=none&crop=none,,The government is expected to provide around £500m funding for electric vehicle charging infrastructure from next year. Photograph: Owen Humphreys/PA,
guardian_cb9674678c,The Guardian,2020,"""sea level rise""",Suing for climate action: can the courts save us from the black hole of political inaction?,https://www.theguardian.com/australia-news/2020/nov/15/suing-for-climate-action-can-the-courts-save-us-from-the-black-hole-of-political-inaction,2020-11-14,2021-08-25,1,https://i.guim.co.uk/img/media/9d91f3747b24ca293b42f9865711e40f2ae43c90/581_423_5695_3417/master/5695.jpg?width=465&dpr=1&s=none&crop=none,,Environmental lawyer David Barnden: ‘As a nation we are starting to wake up to how exposed we are to the risks of climate change. The law will respond to that.’ Photograph: Carly Earl/The Guardian,
guardian_cb9674678c,The Guardian,2020,"""sea level rise""",Suing for climate action: can the courts save us from the black hole of political inaction?,https://www.theguardian.com/australia-news/2020/nov/15/suing-for-climate-action-can-the-courts-save-us-from-the-black-hole-of-political-inaction,2020-11-14,2021-08-25,2,https://i.guim.co.uk/img/media/2ce1c4b7a032eaa6bf2854cdce75bca462c1363f/0_0_4480_6720/master/4480.jpg?width=445&dpr=1&s=none&crop=none,,Environmental lawyer David Barnden Photograph: Carly Earl/The Guardian,
guardian_ddf7078354,The Guardian,2020,"""net zero""",£3bn green home grants scheme faltering just weeks after launch,https://www.theguardian.com/environment/2020/nov/14/3bn-green-home-grants-scheme-faltering-just-weeks-after-launch,2020-11-14,2021-08-25,1,https://i.guim.co.uk/img/media/2dbd59ee9b20e86d673292dac6df023083ccabbf/0_0_3310_1986/master/3310.jpg?width=465&dpr=1&s=none&crop=none,,"Insulation at a property. Only 1,174 installers have signed up to the scheme so far, while more than 36,000 householders have applied for the grants. Photograph: Avalon/Alamy Stock Photo",
guardian_66811d7952,The Guardian,2020,"""net zero""",No 10 and Treasury clash over spending on environmental agenda,https://www.theguardian.com/environment/2020/nov/15/boris-johnson-rishi-sunak-treasury-clash-green-agenda-environment-spending,2020-11-15,2020-11-15,1,https://i.guim.co.uk/img/media/450eb0b15b212bad062a7bccf36e2768a3f301b2/0_128_3788_2273/master/3788.jpg?width=465&dpr=1&s=none&crop=none,,Boris Johnson and chancellor Rishi Sunak in Downing Street. The Treasury is said to be pushing back against the prime minister’s green agenda. Photograph: Andy Rain/EPA,
guardian_66811d7952,The Guardian,2020,"""net zero""",No 10 and Treasury clash over spending on environmental agenda,https://www.theguardian.com/environment/2020/nov/15/boris-johnson-rishi-sunak-treasury-clash-green-agenda-environment-spending,2020-11-15,2020-11-15,2,https://i.guim.co.uk/img/media/505712f33ab444e055fe0a935b7989e792e77383/0_139_4182_2509/master/4182.jpg?width=445&dpr=1&s=none&crop=none,,"An offshore wind farm in Redcar, north Yorkshire. The prime minister wants to press ahead with long-term green commitments. Photograph: Ian Forsyth/Getty Images",
guardian_276f3ab7a4,The Guardian,2020,"""net zero""",Union boss warns Labor against adopting Coalition’s climate policies saying workers don’t need ‘false hope’,https://www.theguardian.com/australia-news/2020/nov/16/union-boss-warns-labor-against-adopting-coalitions-climate-policies-saying-workers-dont-need-false-hope,2020-11-16,2021-08-25,1,https://i.guim.co.uk/img/media/cf25ce3253cab7f34a9d6428a6000713bafa1ad1/0_181_5054_3034/master/5054.jpg?width=465&dpr=1&s=none&crop=none,,"‘The Labor party know, and they’ve got the facts in front of them, about renewables and the opportunities they can create – they have to be bold,’ says Allen Hicks of the Electrical Trades Union. Photograph: Mick Tsikas/AAP",
guardian_278079e644,The Guardian,2020,"""sea level rise""",The rise of citizen science: can the public help solve our biggest problems?,https://www.theguardian.com/education/2020/nov/16/the-rise-of-citizen-science-can-the-public-help-solve-our-biggest-problems,2020-11-16,2020-11-16,1,https://i.guim.co.uk/img/media/5aa76a1c1d44c5f29ce0378f3431ad14771b8655/74_125_5736_3442/master/5736.jpg?width=465&dpr=1&s=none&crop=none,,UCL is working with the Maasai to protect their environment against the climate crisis. Photograph: UCL,
guardian_403bf19061,The Guardian,2020,"""net zero""","Bank of England needs more powers to decarbonise economy, say experts",https://www.theguardian.com/business/2020/nov/16/bank-of-england-needs-more-powers-to-decarbonise-economy-say-experts,2020-11-16,2021-08-25,1,https://i.guim.co.uk/img/media/05c42a3d9708ad709561c1dd1736979e2c0ccd87/125_0_5185_3112/master/5185.jpg?width=465&dpr=1&s=none&crop=none,,"The West Burton coal-fired power station. Urgent changes to the Bank of England’s mandate are needed to help Britain meet its net zero carbon emissions target, leading academics have said. Photograph: Paul White/Alamy Stock Photo",
guardian_53ca58b026,The Guardian,2020,"""net zero""","England tier system may need to be strengthened after lockdown, health chief says – as it happened",https://www.theguardian.com/politics/live/2020/nov/16/uk-coronavirus-live-matt-hancock-boris-johnson-testing-care-homes-visits-christmas-covid-latest,2020-11-16,2020-11-17,1,https://i.guim.co.uk/img/media/831f471f08c42dd83030e30f49879f5c5a3527c4/0_116_3500_2099/master/3500.jpg?width=465&dpr=1&s=none&crop=none,,Dr Susan Hopkins at the press conference. Photograph: WPA/Getty Images,
guardian_53ca58b026,The Guardian,2020,"""net zero""","England tier system may need to be strengthened after lockdown, health chief says – as it happened",https://www.theguardian.com/politics/live/2020/nov/16/uk-coronavirus-live-matt-hancock-boris-johnson-testing-care-homes-visits-christmas-covid-latest,2020-11-16,2020-11-17,2,https://i.guim.co.uk/img/media/2054d1514b15350e1d7f86e2bbcb114f4eab92b9/0_0_1264_410/master/1264.jpg?width=465&dpr=1&s=none&crop=none,,"Rolling average for new cases in Northern Ireland. Photograph: Department of Health, NI",
guardian_56f7f3be8c,The Guardian,2020,"""net zero""",Road pricing could offset loss of fuel duty from electric cars,https://www.theguardian.com/business/2020/nov/16/road-pricing-could-offset-loss-of-fuel-duty-from-electric-cars,2020-11-16,2021-08-25,1,https://i.guim.co.uk/img/media/548123ebb3f110545bb8d6104a6e6668a523bcd1/0_98_3000_1801/master/3000.jpg?width=465&dpr=1&s=none&crop=none,,Weeford Park toll plaza on the M6 motorway. Road charging could be brought in across the UK once the sale of new petrol and diesel cars is banned. Photograph: David Sillitoe/The Guardian,
guardian_5819b508fc,The Guardian,2020,"""net zero""",Increase in burning of plastic 'driving up emissions from waste disposal',https://www.theguardian.com/environment/2020/nov/16/increase-in-burning-of-plastic-driving-up-emissions-from-waste-disposal,2020-11-16,2021-08-25,1,https://i.guim.co.uk/img/media/fbee3cdedd4f5677ace1c8cc2da34036aa3db5c2/0_1014_4757_2854/master/4757.jpg?width=465&dpr=1&s=none&crop=none,,"By 2030 the government’s push to increase incineration of waste will increase CO2 emissions by 10m tonnes a year, mostly from the burning of plastics, the groups said. Photograph: Kathy deWitt/Alamy",
guardian_9a2daa26d5,The Guardian,2020,"""net zero""",Eden Project seeks £70m of public funding for Lancashire outpost,https://www.theguardian.com/uk-news/2020/nov/16/eden-project-seeks-70m-of-public-funding-for-lancashire-outpost,2020-11-16,2020-11-16,1,https://i.guim.co.uk/img/media/082255b7ae2796eacce1aab66e88b779398b6ab4/269_187_1936_1162/master/1936.jpg?width=465&dpr=1&s=none&crop=none,,An artist’s impression of how the Eden Project North might look. Photograph: VU London/Grimshaw Architects,
guardian_9e76a6b226,The Guardian,2020,"""net zero""","Scott Morrison's approval rating bounces back to 66%, Guardian Essential poll shows",https://www.theguardian.com/australia-news/2020/nov/17/scott-morrisons-approval-rating-bounces-back-to-66-guardian-essential-poll-shows,2020-11-16,2020-11-16,1,https://i.guim.co.uk/img/media/f07f3666e6e9b370538f98694a21e30edb5589b7/0_331_5472_3283/master/5472.jpg?width=465&dpr=1&s=none&crop=none,,"Scott Morrison’s approval rating is back at where it was in August, according to the Guardian Essential poll. The PM is on his way to Japan. Photograph: Mike Bowers/The Guardian",
guardian_d5f78dbfa0,The Guardian,2020,"""net zero""",Firms agree Scotland to England renewable energy 'superhighway',https://www.theguardian.com/business/2020/nov/16/firms-agree-scotland-to-england-renewable-energy-superhighway,2020-11-16,2020-11-17,1,https://i.guim.co.uk/img/media/6e7f8f2228780eef628d2dcc67aa22ae48a5f583/147_0_4265_2561/master/4265.jpg?width=465&dpr=1&s=none&crop=none,,"Scottish Power, National Grid and SSE have agreed a multibillion-pound project that will help bring Scotland’s vast reserves of renewable energy to millions of homes in England. Photograph: Xinhua/Alamy Stock Photo",
guardian_3755b062da,The Guardian,2020,"""net zero""",The key areas of Boris Johnson's 'green industrial revolution',https://www.theguardian.com/environment/2020/nov/17/the-key-areas-of-boris-johnsons-green-industrial-revolution,2020-11-17,2021-08-25,1,https://i.guim.co.uk/img/media/ab4979bc6555caa38626a78a7b968d454bc43c30/0_0_4425_3161/master/4425.jpg?width=465&dpr=1&s=none&crop=none,,Green groups are concerned that a rush to new offshore windfarms will harm marine and coastal habitats. Photograph: Rob Arnold/Alamy,
guardian_3755b062da,The Guardian,2020,"""net zero""",The key areas of Boris Johnson's 'green industrial revolution',https://www.theguardian.com/environment/2020/nov/17/the-key-areas-of-boris-johnsons-green-industrial-revolution,2020-11-17,2021-08-25,2,https://i.guim.co.uk/img/media/5d4fdb302e8153bf7e0edf79fef344adfebe5fa6/0_205_3072_1843/master/3072.jpg?width=465&dpr=1&s=none&crop=none,,The International Energy Agency says investment in hydrogen technology now is a good idea. Photograph: gchutka/Getty Images,
guardian_3755b062da,The Guardian,2020,"""net zero""",The key areas of Boris Johnson's 'green industrial revolution',https://www.theguardian.com/environment/2020/nov/17/the-key-areas-of-boris-johnsons-green-industrial-revolution,2020-11-17,2021-08-25,3,https://i.guim.co.uk/img/media/88530182042dff4f146ac7b295e9a7d37dba4b3e/93_105_3311_1987/master/3311.jpg?width=465&dpr=1&s=none&crop=none,,Construction work at Hinkley Point C nuclear power plant. Photograph: Ben Birchall/PA,
guardian_3755b062da,The Guardian,2020,"""net zero""",The key areas of Boris Johnson's 'green industrial revolution',https://www.theguardian.com/environment/2020/nov/17/the-key-areas-of-boris-johnsons-green-industrial-revolution,2020-11-17,2021-08-25,4,https://i.guim.co.uk/img/media/67891607d2ea204df2472095b1858559f8acf0e3/0_0_4843_3228/master/4843.jpg?width=465&dpr=1&s=none&crop=none,,A plan for electric vehicle charging infrastructure is so far missing. Photograph: Kenny Williamson/Alamy,
guardian_3755b062da,The Guardian,2020,"""net zero""",The key areas of Boris Johnson's 'green industrial revolution',https://www.theguardian.com/environment/2020/nov/17/the-key-areas-of-boris-johnsons-green-industrial-revolution,2020-11-17,2021-08-25,5,https://i.guim.co.uk/img/media/10795f22efa550a89322b7d6b768eff14f3d26a6/0_0_2999_1799/master/2999.jpg?width=465&dpr=1&s=none&crop=none,,More people would cycle and walk if it was easier and safer to do so. Photograph: Xinhua/REX/Shutterstock,
guardian_3755b062da,The Guardian,2020,"""net zero""",The key areas of Boris Johnson's 'green industrial revolution',https://www.theguardian.com/environment/2020/nov/17/the-key-areas-of-boris-johnsons-green-industrial-revolution,2020-11-17,2021-08-25,6,https://i.guim.co.uk/img/media/b2fb96ee1021bff9b7fc0d88e5fee6571dd1959f/0_0_2517_1511/master/2517.jpg?width=465&dpr=1&s=none&crop=none,,A frequent flyer levy has been suggested. Photograph: Steve Parsons/PA,
guardian_3755b062da,The Guardian,2020,"""net zero""",The key areas of Boris Johnson's 'green industrial revolution',https://www.theguardian.com/environment/2020/nov/17/the-key-areas-of-boris-johnsons-green-industrial-revolution,2020-11-17,2021-08-25,7,https://i.guim.co.uk/img/media/04552d9c0094060a9f0a695a2a402cf67cb037af/0_181_3500_2100/master/3500.jpg?width=465&dpr=1&s=none&crop=none,,UK homes are among the draughtiest in the world. Photograph: Joe Giddens/PA,
guardian_3755b062da,The Guardian,2020,"""net zero""",The key areas of Boris Johnson's 'green industrial revolution',https://www.theguardian.com/environment/2020/nov/17/the-key-areas-of-boris-johnsons-green-industrial-revolution,2020-11-17,2021-08-25,8,https://i.guim.co.uk/img/media/ce04691cf37128794f52c5bb61fd001a69a2f190/0_279_6000_3600/master/6000.jpg?width=465&dpr=1&s=none&crop=none,,Drax power station has joined a carbon-capture programme. Photograph: Christopher Furlong/Getty Images,
guardian_3755b062da,The Guardian,2020,"""net zero""",The key areas of Boris Johnson's 'green industrial revolution',https://www.theguardian.com/environment/2020/nov/17/the-key-areas-of-boris-johnsons-green-industrial-revolution,2020-11-17,2021-08-25,9,https://i.guim.co.uk/img/media/3974f187b46eaea4766579d70d6c59766ccc6b07/0_0_5184_3110/master/5184.jpg?width=465&dpr=1&s=none&crop=none,,"If ministers want to encourage tree-planting and nature restoration, farmers will need incentives. Photograph: MediaWorldImages/Alamy Stock Photo/Alamy Stock Photo",
guardian_3755b062da,The Guardian,2020,"""net zero""",The key areas of Boris Johnson's 'green industrial revolution',https://www.theguardian.com/environment/2020/nov/17/the-key-areas-of-boris-johnsons-green-industrial-revolution,2020-11-17,2021-08-25,10,https://i.guim.co.uk/img/media/74ce779207e60c2610b88e2aec3a2bc9ccad32a1/0_232_3500_2101/master/3500.jpg?width=465&dpr=1&s=none&crop=none,,"Green finance, prioritising low-carbon technologies, is a growing sector. Photograph: Victoria Jones/PA",
guardian_540fbb31b2,The Guardian,2020,"""net zero""",Victoria pledges $797m for Australia's biggest household energy efficiency drive,https://www.theguardian.com/australia-news/2020/nov/18/victoria-pledges-797m-for-australias-biggest-household-energy-efficiency-drive,2020-11-17,2021-08-25,1,https://i.guim.co.uk/img/media/21ddf6379ee39af176537659852357f9c6d3a777/0_248_5568_3341/master/5568.jpg?width=465&dpr=1&s=none&crop=none,,The Victorian government says it will extend existing incentive schemes for home solar and battery systems as part of its $797m household energy efficiency drive. Photograph: David Mariuz/AAP,
guardian_5cf6a43db9,The Guardian,2020,"""net zero""",New national hotel quarantine worker testing rules announced – as it happened,https://www.theguardian.com/australia-news/live/2020/nov/18/south-australia-covid-hotel-quarantine-nsw-victoria-politics-japan,2020-11-17,2020-11-18,1,https://i.guim.co.uk/img/media/676e2c1f9eca447f31b2cde53dc36f5165487f45/654_662_3646_2188/master/3646.jpg?width=465&dpr=1&s=none&crop=none,,"Ben Wyatt says Western Australia’s draft Aboriginal cultural heritage bill is ‘co-designed law-making by Aboriginal people, land users and the broader community’. Photograph: Lukas Coch/AAP",
guardian_5cf6a43db9,The Guardian,2020,"""net zero""",New national hotel quarantine worker testing rules announced – as it happened,https://www.theguardian.com/australia-news/live/2020/nov/18/south-australia-covid-hotel-quarantine-nsw-victoria-politics-japan,2020-11-17,2020-11-18,2,https://i.guim.co.uk/img/media/9bec4b2193ee18298b4a0a6ac4228324d6c6dd9f/4_1004_3512_2107/master/3512.jpg?width=465&dpr=1&s=none&crop=none,,The Adelaide Festival Centre has cancelled all performances until 25 November. Photograph: Lemaire Stephane/hemis.fr/Getty Images,
guardian_705da92a9d,The Guardian,2020,"""net zero""","Boris Johnson announces 10-point green plan with 250,000 jobs",https://www.theguardian.com/environment/2020/nov/17/boris-johnson-announces-10-point-green-plan-with-250000-jobs,2020-11-17,2021-08-25,1,https://i.guim.co.uk/img/media/ce9df3a81811eac4cc42c177e71e59fe1b85dfc3/0_13_3500_2099/master/3500.jpg?width=465&dpr=1&s=none&crop=none,,The prime minister’s plan is billed at £12bn. Photograph: Toby Melville/Reuters,
guardian_708e286174,The Guardian,2020,"""net zero""",1% of people cause half of global aviation emissions – study,https://www.theguardian.com/business/2020/nov/17/people-cause-global-aviation-emissions-study-covid-19,2020-11-17,2021-08-25,1,https://i.guim.co.uk/img/media/29d865ccac98a27d16da0c93675ee3fc165f307f/0_150_4500_2700/master/4500.jpg?width=465&dpr=1&s=none&crop=none,,"Grounded passenger planes at Groningen airport in Eelde, the Netherlands. Photograph: Siese Veenstra/EPA",
guardian_bd112bd77e,The Guardian,2020,"""net zero""",Australia and Japan agree in principle to defence pact that will increase military ties,https://www.theguardian.com/australia-news/2020/nov/17/australia-and-japan-agree-in-principle-to-defence-pact-that-will-increase-military-ties,2020-11-17,2020-11-17,1,https://i.guim.co.uk/img/media/585926a9d1554d017b73c95e740482c05c000d64/0_234_4000_2400/master/4000.jpg?width=465&dpr=1&s=none&crop=none,,"Australia’s prime minister, Scott Morrison, and Japan’s prime minister, Yoshihide Suga, review an honour guard during a welcoming ceremony in Tokyo on Tuesday. Photograph: Kiyoshi Ota/AFP/Getty Images",
guardian_4432829175,The Guardian,2020,"""net zero""",The Guardian view on Johnson's green jobs plan: the right way to start,https://www.theguardian.com/commentisfree/2020/nov/18/the-guardian-view-on-johnsons-green-jobs-plan-the-right-way-to-start,2020-11-18,2021-08-25,1,https://i.guim.co.uk/img/media/6ac00051bfdf4310708aeabf94ff9b03d35e27dd/0_117_3500_2101/master/3500.jpg?width=465&dpr=1&s=none&crop=none,,"‘The reality is that the transition to a green economy is not a matter of choice, since the alternative is ruinous ecological calamity.’ Photograph: Pascal Rossignol/Reuters",
guardian_93a976508d,The Guardian,2020,"""net zero""",Is £12bn enough to get UK on track for net zero carbon emissions?,https://www.theguardian.com/environment/2020/nov/18/is-12bn-enough-to-get-uk-on-track-for-net-zero-carbon-emissions,2020-11-18,2021-08-25,1,https://i.guim.co.uk/img/media/221fca2a1ddca27ce2144cf9bbfc0f5b16e01c3c/0_210_2879_1728/master/2879.jpg?width=465&dpr=1&s=none&crop=none,,Offshore wind companies are expected to invest tens of billions in building new windfarms. Photograph: Alamy,
guardian_9802bbd9fa,The Guardian,2020,"""net zero""",Australia's climate record labelled 'simply embarrassing' and among worst of G20 nations,https://www.theguardian.com/australia-news/2020/nov/18/australias-climate-record-labelled-simply-embarrassing-and-among-worst-of-g20-nations,2020-11-18,2021-08-25,1,https://i.guim.co.uk/img/media/b3b1e00ba6ab3a10dbcceb5acf9bfb6740b6fed3/0_93_4096_2459/master/4096.jpg?width=465&dpr=1&s=none&crop=none,,"The Climate Transparency report, released before this weekend’s G20 summit, ranks Australia in the bottom bracket in every climate policy area except one. Photograph: Dean Lewins/AAP",
guardian_9aff8d1241,The Guardian,2020,"""global temperature""","Laugh if you want, but the 'McPlant' burger is a step to a greener world",https://www.theguardian.com/commentisfree/2020/nov/18/laugh-if-you-want-but-the-mcplant-burger-is-a-step-to-a-greener-world,2020-11-18,2021-08-25,1,https://i.guim.co.uk/img/media/f109d1c7bf54a1b890bd66e0ddc114718165c11f/0_92_3500_2100/master/3500.jpg?width=465&dpr=1&s=none&crop=none,,"In 2019 and early 2020, McDonald tested a plant-based burger product it called the PLT at some Canadian locations. Photograph: Moe Doiron/Reuters",
guardian_dd4a4c0b16,The Guardian,2020,"""net zero""","The green plan looks good, but the government must live up to its promises",https://www.theguardian.com/commentisfree/2020/nov/18/green-politics-10-point-green-plan-looks-good-but-boris-johnson-government-must-live-up-to-promises,2020-11-18,2021-08-25,1,https://i.guim.co.uk/img/media/1c3222330064e34889efe85097a3ebad74aaae26/0_0_6018_3610/master/6018.jpg?width=465&dpr=1&s=none&crop=none,,‘The star of the show is the promise to end the sale of new petrol and diesel cars and vans by 2030.’ Photograph: Esp_imaging/Getty Images,
guardian_fac55e26cd,The Guardian,2020,"""carbon budget""",UK ban on new fossil fuel vehicles by 2030 'not enough' to hit climate targets,https://www.theguardian.com/environment/2020/nov/18/uk-ban-on-new-fossil-fuel-vehicles-by-2030-not-enough-to-hit-climate-targets,2020-11-18,2021-08-25,1,https://i.guim.co.uk/img/media/0cc3605c5838ac86dfa183ce7c421e5a3c8a7e05/0_209_4605_2763/master/4605.jpg?width=465&dpr=1&s=none&crop=none,,New Automotive says that the 2030 date will not deliver the even split between electric and fossil fuel ‘car miles’ needed to meet the government’s climate targets. Photograph: Nathan Stirk/Getty Images,
guardian_6f74de0e99,The Guardian,2020,"""net zero""",EDF confirms Hinkley Point B to be shut down earlier than planned,https://www.theguardian.com/uk-news/2020/nov/19/edf-confirms-hinkley-point-b-to-be-shutdown-earlier-than-planned,2020-11-19,2020-11-20,1,https://i.guim.co.uk/img/media/d3dd306802fc69378ba4876edcb6e365591effb9/391_2_4552_2731/master/4552.jpg?width=465&dpr=1&s=none&crop=none,,Hinkley Point B and Hinkley Point A nuclear power stations in Somerset. Photograph: Matt Cardy/Getty Images,
guardian_8107664ba7,The Guardian,2020,"""sea level rise""","Senior Biden adviser set for key role has ties to oil and gas, climate activists warn",https://www.theguardian.com/environment/2020/nov/19/senior-biden-adviser-set-for-key-role-has-ties-to-oil-and-gas-climate-activists-warn,2020-11-19,2021-08-25,1,https://i.guim.co.uk/img/media/83b1a3cf7b6f257d7df8a64d30d06fdb30a2c716/0_359_5426_3258/master/5426.jpg?width=465&dpr=1&s=none&crop=none,,Cedric Richmond has announced he will give up his seat in Congress representing a Louisiana district to serve in Joe Biden’s administration. Photograph: Chris Granger/AP,
guardian_82a842d9b4,The Guardian,2020,IPCC,"Hong Kong breached bill of rights over police scrutiny, court rules",https://www.theguardian.com/world/2020/nov/19/hong-kong-breached-bill-of-rights-over-police-scrutiny-court-rules,2020-11-19,2020-11-19,1,https://i.guim.co.uk/img/media/898ac1368f8724ccc9ca61b1428d115813cd3b78/0_209_5912_3548/master/5912.jpg?width=465&dpr=1&s=none&crop=none,,Riot police officers stop and search a man during protests in Hong Kong at the beginning of October. Photograph: Anadolu Agency/Getty Images,
guardian_a005212c8e,The Guardian,2020,"""net zero""","Government 'reckless' over fossil fuel projects overseas, says Labour",https://www.theguardian.com/environment/2020/nov/19/government-reckless-over-fossil-fuel-projects-overseas-says-labour,2020-11-19,2021-08-25,1,https://i.guim.co.uk/img/media/4feff693758430110726cf66a53b7bb63173b10a/0_49_2464_1478/master/2464.jpg?width=465&dpr=1&s=none&crop=none,,The UK already faces a lawsuit from Friends of the Earth over its financing of a gas project in Mozambique. Photograph: Juda Ngwenya/Reuters,
guardian_e06ec32db7,The Guardian,2020,"""net zero""",Scott Morrison signals retreat on using carryover credits to meet emissions targets,https://www.theguardian.com/environment/2020/nov/20/scott-morrison-signals-retreat-on-using-carryover-credits-to-meet-emissions-targets,2020-11-19,2021-08-25,1,https://i.guim.co.uk/img/media/2793d7a5dd88c5f2e435bd61d3527a8f6171d0c3/0_1_5264_3159/master/5264.jpg?width=465&dpr=1&s=none&crop=none,,"Scott Morrison has edged away from reliance on Kyoto carryover credits to meet emissions targets, as international pressure grows for Australia to be more ambitious. Photograph: James Ross/AAP",
guardian_ef8a52be3f,The Guardian,2020,"""net zero""",Firefighters and others on the climate frontline need Labour to be bolder,https://www.theguardian.com/commentisfree/2020/nov/19/firefighters-climate-frontline-labour-bolder-green-economic-recovery,2020-11-19,2021-08-25,1,https://i.guim.co.uk/img/media/0af290faf0fc0758fc4a4d1bfc50accef39d043e/0_88_4368_2621/master/4368.jpg?width=465&dpr=1&s=none&crop=none,,"‘Should Labour hollow out the ambition of its plans, it will not be ready to tackle the seismic environmental and economic crises that we face.’ Photograph: David Cliff/SOPA Images/Rex/Shutterstock",
guardian_43b52d4ab2,The Guardian,2020,"""net zero""",Independents' day: why safe Coalition seats are facing grassroots challenges,https://www.theguardian.com/australia-news/2020/nov/21/independents-day-why-safe-coalition-seats-are-facing-grassroots-challenges,2020-11-20,2021-08-25,1,https://i.guim.co.uk/img/media/f292e0bb307cd0cd463471c8fbe67196999fe933/0_0_5184_3110/master/5184.jpg?width=465&dpr=1&s=none&crop=none,,"Independent candidate for Warringah Zali Steggall celebrates her win at the federal election in May 2019. The success of Steggall and other independents has inspired a crop of other independents, mainly in regional areas for the next federal election. Photograph: Lisa Maree Williams/Getty Images",
guardian_43b52d4ab2,The Guardian,2020,"""net zero""",Independents' day: why safe Coalition seats are facing grassroots challenges,https://www.theguardian.com/australia-news/2020/nov/21/independents-day-why-safe-coalition-seats-are-facing-grassroots-challenges,2020-11-20,2021-08-25,2,https://i.guim.co.uk/img/media/96515d602a188b7645ebcbe320c23af6f1198f63/0_0_3264_2448/master/3264.jpg?width=445&dpr=1&s=none&crop=none,,"The independent member for Indi, Helen Haines, holds a Zoom conference during the coronavirus outbreak. Photograph: Supplied",
guardian_43b52d4ab2,The Guardian,2020,"""net zero""",Independents' day: why safe Coalition seats are facing grassroots challenges,https://www.theguardian.com/australia-news/2020/nov/21/independents-day-why-safe-coalition-seats-are-facing-grassroots-challenges,2020-11-20,2021-08-25,3,https://i.guim.co.uk/img/media/41303cc3d89ee314196982acfbfe5370cb1ce8d2/0_224_6720_4032/master/6720.jpg?width=445&dpr=1&s=none&crop=none,,Kerryn Phelps at the climate strike in Sydney’s Domain in 2019. Photograph: Jessica Hromas/The Guardian,
guardian_43b52d4ab2,The Guardian,2020,"""net zero""",Independents' day: why safe Coalition seats are facing grassroots challenges,https://www.theguardian.com/australia-news/2020/nov/21/independents-day-why-safe-coalition-seats-are-facing-grassroots-challenges,2020-11-20,2021-08-25,4,https://i.guim.co.uk/img/media/2b5a39082957a54b82a4e8becb12b1eb1930df52/0_92_5568_3341/master/5568.jpg?width=445&dpr=1&s=none&crop=none,,Hume MP and energy minister Angus Taylor. Voices for Hume says it gained 100 new members within a week of launch. Photograph: Lukas Coch/EPA,
guardian_43b52d4ab2,The Guardian,2020,"""net zero""",Independents' day: why safe Coalition seats are facing grassroots challenges,https://www.theguardian.com/australia-news/2020/nov/21/independents-day-why-safe-coalition-seats-are-facing-grassroots-challenges,2020-11-20,2021-08-25,5,https://i.guim.co.uk/img/media/b5c390c406f93fc0a71de8d17be7ddee9832748c/0_634_3780_2268/master/3780.jpg?width=445&dpr=1&s=none&crop=none,,Oliver Yates who ran as an independent against federal treasurer Josh Frydenberg in Kooyong. Photograph: The Guardian,
guardian_c085043a56,The Guardian,2020,"""carbon budget""",Pressure grows on Boris Johnson over UK carbon emissions plan,https://www.theguardian.com/environment/2020/nov/20/pressure-grows-on-boris-johnson-over-uk-carbon-emissions-plan,2020-11-20,2021-08-25,1,https://i.guim.co.uk/img/media/67e087e1549936aef4c7593d1c1386937ac2922a/0_337_6000_3600/master/6000.jpg?width=465&dpr=1&s=none&crop=none,,Teesside windfarm over the town of Redcar. Photograph: Bill Allsopp/Alamy,
guardian_384d1c91ae,The Guardian,2020,"""net zero""",Rishi Sunak to unveil national infrastructure strategy for UK,https://www.theguardian.com/politics/2020/nov/21/rishi-sunak-to-unveil-national-infrastructure-strategy-for-uk,2020-11-21,2020-11-21,1,https://i.guim.co.uk/img/media/19876506114059881c84565cd5bff6a67e09ad89/0_339_5184_3110/master/5184.jpg?width=465&dpr=1&s=none&crop=none,,"The chancellor, Rishi Sunak, will also introduce a new national infrastructure bank. Photograph: Anadolu Agency/Getty Images",
guardian_0ddffe0cb7,The Guardian,2020,"""net zero""",Manchester Airports Group offers prize for first zero-carbon commercial flight,https://www.theguardian.com/business/2020/nov/22/manchester-airports-group-offers-prize-for-first-zero-carbon-commercial-flight,2020-11-22,2021-08-25,1,https://i.guim.co.uk/img/media/655ded581f3e1b56c552d792a61ea958a9012335/0_0_3500_2100/master/3500.jpg?width=465&dpr=1&s=none&crop=none,,The prize for the first zero-carbon flight is estimated to be worth around £1.3m. Photograph: Dave Thompson/PA,
guardian_93c3a70024,The Guardian,2020,"""net zero""",How Boris Johnson attempted a grand relaunch – only to be sunk by himself,https://www.theguardian.com/commentisfree/2020/nov/22/how-boris-johnson-attempted-a-grand-relaunch-only-to-be-sunk-by-himself,2020-11-22,2020-11-22,1,https://i.guim.co.uk/img/media/c8f2475b90642204ac9901c56cb8332880eee62b/138_137_1548_929/master/1548.jpg?width=465&dpr=1&s=none&crop=none,,"‘If his premiership is to recover, it will be finding a hitherto absent talent for governing well in the present.’ Photograph: ParliamentTV",
guardian_ef02410337,The Guardian,2020,"""net zero""",Scott Morrison tells G20 'practical pathways' will achieve cuts in emissions,https://www.theguardian.com/environment/2020/nov/23/scott-morrison-tells-g20-practical-pathways-will-achieve-cuts-in-emissions,2020-11-22,2021-08-25,1,https://i.guim.co.uk/img/media/417dcbf60bb933ed7c8a1c84a2e3bec123b95fc7/0_186_5568_3341/master/5568.jpg?width=465&dpr=1&s=none&crop=none,,Scott Morrison speaks to the media during a virtual press conference from his coronavirus quarantine on Saturday. The PM told a side event at the G20 virtual summit Australia had ‘great form’ on achieving emissions reduction goals. Photograph: Lukas Coch/AAP,
guardian_c8c8d85954,The Guardian,2020,"""1.5C""",Climate crisis: CO2 hits new record despite Covid-19 lockdowns,https://www.theguardian.com/environment/2020/nov/23/climate-crisis-co2-hits-new-record-despite-covid-19-lockdowns,2020-11-23,2021-08-25,1,https://i.guim.co.uk/img/media/bc8384f2009b9946c2e0d2c026ed5359872fe2f2/0_134_4560_2735/master/4560.jpg?width=465&dpr=1&s=none&crop=none,,Smoke from a coal-fuelled power station in China. Photograph: Greg Baker/AFP/Getty Images,
guardian_ec55691f2f,The Guardian,2020,"""net zero""","World’s powerful nations must not force allies into ‘binary choices’, Scott Morrison says",https://www.theguardian.com/australia-news/2020/nov/23/worlds-powerful-nations-must-not-force-allies-into-binary-choices-scott-morrison-says,2020-11-23,2020-11-23,1,https://i.guim.co.uk/img/media/2e66cf33111a3b43d909f755400518f800e7cf18/112_306_5236_3142/master/5236.jpg?width=465&dpr=1&s=none&crop=none,,"World’s largest powers must accommodate the individual interests of their partners and allies because ‘we all need a bit more room to move,’ Scott Morrison has said in a speech to the British Policy Exchange. Photograph: James Ross/AAP",
guardian_e846ad51c2,The Guardian,2020,"""net zero""",Malcolm Turnbull says Morrison was 'dazzled and duchessed' by Trump on climate policy,https://www.theguardian.com/australia-news/2020/nov/24/malcolm-turnbull-says-morrison-was-dazzled-and-duchessed-by-trump-on-climate-policy,2020-11-24,2021-08-25,1,https://i.guim.co.uk/img/media/6e110d7d2df81e9f5308c91f3bcde51a5615de30/0_112_5205_3123/master/5205.jpg?width=465&dpr=1&s=none&crop=none,,Former PM Malcolm Turnbull believes Australia will pay a heavy price on international trade if the Morrison government fails to set a more ambitious climate target. Photograph: Dan Himbrechts/AAP,
guardian_00c4400601,The Guardian,2020,"""net zero""","Morning mail: Maradona dies aged 60, Kylie Moore-Gilbert released, how to refuse gifts",https://www.theguardian.com/australia-news/2020/nov/26/morning-mail-maradona-dies-aged-60-kylie-moore-gilbert-released-how-to-refuse-gifts,2020-11-25,2020-11-25,1,https://i.guim.co.uk/img/media/5f91b2147a151a9f0827152114b24777f6f52fae/0_0_4500_2701/master/4500.jpg?width=445&dpr=1&s=none&crop=none,,Community members opposed to the Narrabri gas project say it has been approved despite continuing uncertainty about its effect on the environment. Photograph: Paul Miller/AAP,
guardian_00c4400601,The Guardian,2020,"""net zero""","Morning mail: Maradona dies aged 60, Kylie Moore-Gilbert released, how to refuse gifts",https://www.theguardian.com/australia-news/2020/nov/26/morning-mail-maradona-dies-aged-60-kylie-moore-gilbert-released-how-to-refuse-gifts,2020-11-25,2020-11-25,2,https://i.guim.co.uk/img/media/2a10ed5c58941bfba2e608675c9d8dec57d3107d/0_187_3500_2100/master/3500.jpg?width=445&dpr=1&s=none&crop=none,,Michel Barnier arrives for a meeting in London this month. He is due back in the capital on Friday. Photograph: John Sibley/Reuters,
guardian_00c4400601,The Guardian,2020,"""net zero""","Morning mail: Maradona dies aged 60, Kylie Moore-Gilbert released, how to refuse gifts",https://www.theguardian.com/australia-news/2020/nov/26/morning-mail-maradona-dies-aged-60-kylie-moore-gilbert-released-how-to-refuse-gifts,2020-11-25,2020-11-25,3,https://i.guim.co.uk/img/media/61765743b260547760978df5877efa16596280f0/22_583_5670_3402/master/5670.jpg?width=445&dpr=1&s=none&crop=none,,"Iranian-born Elaheh waited seven years for a temporary protection visa. Despite being born in Australia, her son Ben also has temporary protection. Photograph: Jamila Shah/UNSW/Guardian Australia",
guardian_00c4400601,The Guardian,2020,"""net zero""","Morning mail: Maradona dies aged 60, Kylie Moore-Gilbert released, how to refuse gifts",https://www.theguardian.com/australia-news/2020/nov/26/morning-mail-maradona-dies-aged-60-kylie-moore-gilbert-released-how-to-refuse-gifts,2020-11-25,2020-11-25,4,https://i.guim.co.uk/img/media/69bc40409881679a009d24e3bf5bfd71fdf4508b/0_0_3988_2393/master/3988.jpg?width=445&dpr=1&s=none&crop=none,,India captain Virat Kohli will lead his side out at the SCG on Friday for the first of six limited overs matches and four Tests against Australia. Photograph: Saeed Khan/AFP/Getty Images,
guardian_0d47604663,The Guardian,2020,"""net zero""",Rishi Sunak sets out £100bn investment in infrastructure,https://www.theguardian.com/politics/2020/nov/25/rishi-sunak-sets-out-100bn-investment-in-infrastructure,2020-11-25,2020-11-25,1,https://i.guim.co.uk/img/media/1c3222330064e34889efe85097a3ebad74aaae26/0_0_6018_3610/master/6018.jpg?width=465&dpr=1&s=none&crop=none,,The chancellor’s infrastructure plans aim to upgrade the country’s roads. Photograph: esp_imaging/Getty Images,
guardian_19c4fbd28a,The Guardian,2020,"""net zero""","Victoria's electric vehicle tax could reduce clean car sales by 25%, researcher says",https://www.theguardian.com/environment/2020/nov/26/victorias-electric-vehicle-tax-could-reduce-clean-car-use-by-25-researcher-says,2020-11-25,2021-08-25,1,https://i.guim.co.uk/img/media/0c72c17d5da51f2224f45fe75b3a8ab225539fed/0_113_3500_2101/master/3500.jpg?width=465&dpr=1&s=none&crop=none,,A charging cable being connected to an electric vehicle. Victoria plans a 2.5c/km charge on electric cars and a 2c/km charge on plug-in hybrid cars from July. Photograph: Andrew Matthews/PA,
guardian_9cfa10e0b3,The Guardian,2020,"""net zero""",UK politics: minister resigns over aid spending cut; Rishi Sunak freezes public sector pay except for NHS – as it happened,https://www.theguardian.com/politics/live/2020/nov/25/uk-politics-live-rishi-sunak-spending-review-2020-covid-jobs-crisis,2020-11-25,2022-10-19,1,https://i.guim.co.uk/img/media/29facf1bee66163fa446b2ed3e8a0d5dada6602a/0_0_1286_668/master/1286.jpg?width=465&dpr=1&s=none&crop=none,,UK dashboard Photograph: Gov.UK,
guardian_b083da46b8,The Guardian,2020,"""net zero""",Rishi Sunak's spending review 'will fail to kickstart green recovery',https://www.theguardian.com/politics/2020/nov/25/rishi-sunaks-spending-review-will-fail-to-kickstart-green-recovery,2020-11-25,2020-11-25,1,https://i.guim.co.uk/img/media/cf08ac99f0a0c33fd261fa7ca6e50861cb6c6b9f/0_51_3832_2299/master/3832.jpg?width=465&dpr=1&s=none&crop=none,,Rishi Sunak’s measures were intended to show the government is aligning its aim of rescuing the UK economy from the Covid-19 slump with its goal of cutting emissions to net zero by 2050. Photograph: Sean Smith/The Guardian,
guardian_c69b0169a9,The Guardian,2020,"""net zero""","Mathias Cormann talks up 'green recovery' in OECD pitch, despite record in office",https://www.theguardian.com/australia-news/2020/nov/25/mathias-cormann-continues-to-talk-up-collective-green-recovery-in-vision-statement-for-top-oecd-job,2020-11-25,2021-08-25,1,https://i.guim.co.uk/img/media/0bec936d76a5eca21605e47fafc724d279248330/0_182_5472_3283/master/5472.jpg?width=465&dpr=1&s=none&crop=none,,Australia’s former finance minister Mathias Cormann is on a diplomatic offensive to become secretary general of the Paris-based Organisation for Economic Co-operation and Development. Photograph: Mike Bowers/The Guardian,
guardian_fdd832e389,The Guardian,2020,"""net zero""",Boris Johnson’s 'jet zero' green flight goal dismissed as a gimmick,https://www.theguardian.com/world/2020/nov/25/boris-johnsons-jet-zero-carbon-flight-goal-dismissed-as-a-gimmick-experts-technology-avaiation-emissions,2020-11-25,2021-08-25,1,https://i.guim.co.uk/img/media/96b3927df4e4c44436422aadbd0f90094e8599ea/0_0_5419_3251/master/5419.jpg?width=465&dpr=1&s=none&crop=none,,"Independent experts say new taxes to deter flying are vital, but agree with the aviation industry that green jet fuels are needed too. Photograph: Peter Foley/EPA",
guardian_46775f348b,The Guardian,2020,"""net zero""",Yanis Varoufakis calls for Black Friday boycott of Amazon,https://www.theguardian.com/technology/2020/nov/26/international-campaign-calls-for-boycott-of-amazon-on-black-friday,2020-11-26,2020-11-26,1,https://i.guim.co.uk/img/media/0d2764bfd70ed6730eee0173456107bdf8f77b2d/0_105_3500_2099/master/3500.jpg?width=465&dpr=1&s=none&crop=none,,Yanis Varoufakis asked people not to even visit Amazon’s website on Friday. Photograph: Yui Mok/PA,
guardian_74d8476551,The Guardian,2020,"""net zero""",'Build back better'? Sunak's spending review will further impoverish Britain,https://www.theguardian.com/politics/commentisfree/2020/nov/26/build-back-better-sunak-spending-review-britain-austerity,2020-11-26,2021-08-25,1,https://i.guim.co.uk/img/media/ffc0449d37365a0a7dd5bdbbfffef9f04e8731b5/0_28_3000_1800/master/3000.jpg?width=465&dpr=1&s=none&crop=none,,"‘A pay freeze for teachers, firefighters and police officers won’t do anything for private-sector workers. This is levelling down, not levelling up.’ Photograph: Guy Smallman/Getty Images",
guardian_a9f40d45c5,The Guardian,2020,"""net zero""",Claims the UK has 'maxed out' its credit card are bad economics,https://www.theguardian.com/commentisfree/2020/nov/26/uk-maxed-out-credit-card-bad-economics-pandemic-austerity,2020-11-26,2020-11-27,1,https://i.guim.co.uk/img/media/5d6b39f07fb15295601ae8011338ca2121ed9efe/0_120_4800_2880/master/4800.jpg?width=465&dpr=1&s=none&crop=none,,Rishi Sunak on his way to unveil Wednesday’s spending review. Photograph: Xinhua/REX/Shutterstock,
guardian_17bf45f408,The Guardian,2020,"""net zero""","Rein in advertising to help tackle climate crisis, report urges",https://www.theguardian.com/environment/2020/nov/27/rein-in-advertising-to-help-tackle-climate-crisis-report-urges,2020-11-27,2021-08-25,1,https://i.guim.co.uk/img/media/4928d4af7eeede838e4d53870fa916b882ad3554/0_0_5568_3341/master/5568.jpg?width=465&dpr=1&s=none&crop=none,,"Neon signs and billboards in Times Square, New York. Photograph: Erik Pendzich/Rex/Shutterstock",
guardian_2bc7a3714c,The Guardian,2020,IPCC,Critics attack Pretty Little Thing's 8p Black Friday dress deal,https://www.theguardian.com/business/2020/nov/27/critics-slam-pretty-little-things-8p-black-friday-dress-deal,2020-11-27,2020-11-27,1,https://i.guim.co.uk/img/media/5bbb92a62d135d008367cdbe7cae31a1226ce757/20_0_1682_1009/master/1682.jpg?width=465&dpr=1&s=none&crop=none,,Clothing brand Pretty Little Thing offered deals of up to 99% off all of their stock on Friday. Photograph: None,
guardian_2bc7a3714c,The Guardian,2020,IPCC,Critics attack Pretty Little Thing's 8p Black Friday dress deal,https://www.theguardian.com/business/2020/nov/27/critics-slam-pretty-little-things-8p-black-friday-dress-deal,2020-11-27,2020-11-27,2,https://i.guim.co.uk/img/media/0e7209d67d1f12cf0c2bec695b17463cbed91c4b/0_0_1748_794/master/1748.jpg?width=445&dpr=1&s=none&crop=none,,A skirt on sale for £1.60 on Boohoo on Friday. Photograph: none,
guardian_98af80c2df,The Guardian,2020,"""net zero""",Charities commission warns Australian Conservation Foundation over Angus Taylor open letter,https://www.theguardian.com/australia-news/2020/nov/28/charities-commission-warns-australian-conservation-foundation-over-angus-taylor-open-letter,2020-11-27,2021-08-25,1,https://i.guim.co.uk/img/media/6044da6d0c825cf2cbcd6103a2d81154dbffe8a1/0_371_5568_3341/master/5568.jpg?width=465&dpr=1&s=none&crop=none,,The Australian Charities and Not-for-profits Commission has issued a warning to the ACF about its open letter urging Scott Morrison to remove Angus Taylor from the emissions reduction portfolio. Photograph: Lukas Coch/AAP,
guardian_a43b99c403,The Guardian,2020,"""net zero""",Scott Morrison's climate language has shifted – but actions speak louder than words,https://www.theguardian.com/environment/2020/nov/29/scott-morrisons-climate-language-has-shifted-but-actions-speak-louder-than-words,2020-11-28,2021-08-25,1,https://i.guim.co.uk/img/media/7aa127e6d982609958fba61b2a72b9a3659ce32c/0_258_5351_3212/master/5351.jpg?width=465&dpr=1&s=none&crop=none,,"‘The recent shift in the prime minister’s language invites two questions: is there a pivot under way, and is the shift real?’ Photograph: Dean Lewins/AAP",
guardian_a43b99c403,The Guardian,2020,"""net zero""",Scott Morrison's climate language has shifted – but actions speak louder than words,https://www.theguardian.com/environment/2020/nov/29/scott-morrisons-climate-language-has-shifted-but-actions-speak-louder-than-words,2020-11-28,2021-08-25,2,https://i.guim.co.uk/img/media/10005397843e0ba2c35580b65867b1c7f83c24da/0_0_1920_1080/1920.jpg?width=465&dpr=1&s=none&crop=none,,Fact check: Scott Morrison's UN speech about Australia's environmental achievements – video,
guardian_ed064a5fed,The Guardian,2020,"""net zero""",'Trying to invert reality': Mathias Cormann's climate credentials will be a hard sell at the OECD,https://www.theguardian.com/australia-news/2020/nov/29/trying-to-invert-reality-mathias-cormanns-climate-credentials-will-be-a-hard-sell-at-the-oecd,2020-11-28,2021-08-25,1,https://i.guim.co.uk/img/media/b8b91152925c11c1591f09b0b8499d4651ccfc07/0_53_3296_1979/master/3296.jpg?width=465&dpr=1&s=none&crop=none,,"‘Analysts say the government’s climate record could present a key obstacle to Cormann’s prospects, given the OECD has long been arguing for stronger global action on the issue.’ Photograph: Sam Mooy/Getty Images",
guardian_06d8cab81a,The Guardian,2020,"""net zero""",Shell in court over claims it hampered fossil fuels phase-out,https://www.theguardian.com/business/2020/nov/30/shell-in-court-over-claims-it-hampered-fossil-fuels-phase-out,2020-11-30,2020-11-30,1,https://i.guim.co.uk/img/media/ae7663bcad219a0187b54a971af0779fe8e66378/0_260_4063_2438/master/4063.jpg?width=465&dpr=1&s=none&crop=none,,Climate activists protest against Shell in The Hague in October. Photograph: Ana Fernandez/SOPA Images/Rex/Shutterstock,
guardian_1543b08999,The Guardian,2020,"""net zero""","Three-quarters of Australians back target of net zero by 2030, Guardian Essential poll shows",https://www.theguardian.com/australia-news/2020/dec/01/three-quarters-of-australians-back-target-of-net-zero-by-2030-guardian-essential-poll-shows,2020-11-30,2021-08-25,1,https://i.guim.co.uk/img/media/5b7f9754362dd70591c4f5acb9a335f1c7a6b6ae/0_167_2500_1500/master/2500.jpg?width=465&dpr=1&s=none&crop=none,,Support for climate change action is now higher than during last summer’s bushfires. Photograph: QLD Fire and Emergency SE/AFP/Getty Images,
guardian_49cb131169,The Guardian,2020,"""net zero""","Morning mail: domestic violence surge, China rejects apology demand, Aacta awards",https://www.theguardian.com/australia-news/2020/dec/01/morning-mail-domestic-violence-surge-china-rejects-apology-demand-aacta-awards,2020-11-30,2020-11-30,1,https://i.guim.co.uk/img/media/1b3302898c81c3a21ca3b559837f801f75024a55/241_257_2708_1624/master/2708.jpg?width=445&dpr=1&s=none&crop=none,,Support for climate change action in Australia is now higher than during last summer’s bushfires. Photograph: Regi Varghese/AAP,
guardian_49cb131169,The Guardian,2020,"""net zero""","Morning mail: domestic violence surge, China rejects apology demand, Aacta awards",https://www.theguardian.com/australia-news/2020/dec/01/morning-mail-domestic-violence-surge-china-rejects-apology-demand-aacta-awards,2020-11-30,2020-11-30,2,https://i.guim.co.uk/img/media/ca2a3314521d07feedde9275c5e3cee35c4d1558/0_0_2500_1500/master/2500.jpg?width=445&dpr=1&s=none&crop=none,,"Eliza Scanlen, Cate Blanchett and Shannon Murphy, who won big at the 2020 Aactas. Photograph: Brendon Thorne for Getty/Ben King/Joel Carrett for EPA",
guardian_880abdb5ac,The Guardian,2020,"""net zero""",Scottish homes to be first in world to use 100% green hydrogen,https://www.theguardian.com/environment/2020/nov/30/scottish-green-hydrogen-fife,2020-11-30,2020-11-30,1,https://i.guim.co.uk/img/media/1668ae5eb5d8df60022ea6f4f987e79854eb03a8/0_224_6720_4032/master/6720.jpg?width=465&dpr=1&s=none&crop=none,,The green hydrogen would replace natural gas in homes for heating and cooking. Photograph: ronstik/Alamy,
guardian_bc27e7e7c2,The Guardian,2020,"""net zero""",Australia's emissions fell 3% in year to June amid Covid shutdown,https://www.theguardian.com/australia-news/2020/nov/30/australias-emissions-fell-3-in-year-to-june-amid-covid-shutdown,2020-11-30,2021-08-25,1,https://i.guim.co.uk/img/media/49ff09d225c5a0b80fa8c619bd9b104c5ba189f9/0_461_5312_3187/master/5312.jpg?width=465&dpr=1&s=none&crop=none,,A sharp drop in road use during Covid lockdowns contributed to Australia’s 3% fall in emissions in the year to June. Photograph: Robert Cianflone/Getty Images,
guardian_3ed89c71fb,The Guardian,2020,"""net zero""",No 10 accused of 'cavalier attitude' to UK's climate summit duties,https://www.theguardian.com/environment/2020/dec/01/no-10-accused-of-cavalier-attitude-to-uks-climate-summit-duties,2020-12-01,2021-08-25,1,https://i.guim.co.uk/img/media/ec6868089da9fea90501618c1984a8240c007853/283_663_1603_962/master/1603.jpg?width=465&dpr=1&s=none&crop=none,,Claire O’Neill was appointed to head the Cop26 summit in September 2019 but was sacked on the eve of the launch of the UK’s presidency in February. Photograph: Ben Stansall/AFP/Getty Images,
guardian_9aeed1f17d,The Guardian,2020,"""sea level rise""",Climate crisis to triple flooding threat for low-income US homes by 2050,https://www.theguardian.com/environment/2020/dec/01/climate-crisis-triple-flooding-threat-low-income-us-homes-by-2050,2020-12-01,2021-08-25,1,https://i.guim.co.uk/img/media/3c9a65ca3eb911d3d047b9d262ff3cecbcb86450/0_0_6720_4480/master/6720.jpg?width=465&dpr=1&s=none&crop=none,,"Starrett City, also known as Spring Creek Towers, stands in the East New York neighborhood of Brooklyn, New York City, on the low-lying shores of the East River. Photograph: Drew Angerer/Getty Images",
guardian_b49fe5bf45,The Guardian,2020,"""net zero""",Pacific leaders condemn Australia's 'weak' climate target in open letter to Scott Morrison,https://www.theguardian.com/world/2020/dec/01/pacific-leaders-condemn-australias-weak-climate-target-in-open-letter-to-scott-morrison,2020-12-01,2021-08-25,1,https://i.guim.co.uk/img/media/3031a21a6f9e5bcf1273ac92d578ca346e5859fd/0_83_3934_2361/master/3934.jpg?width=465&dpr=1&s=none&crop=none,,Australia’s prime minister Scott Morrison arrives for last year’s Pacific Islands Forum in Tuvalu. Regional leaders are urging him to do more to counter the climate crisis. Photograph: Mick Tsikas/AAP,
guardian_be927e8bd5,The Guardian,2020,"""1.5C""",'Mock Cop26' activists vote on treaty ahead of 2021 climate summit,https://www.theguardian.com/environment/2020/dec/01/mock-cop26-activists-vote-on-treaty-ahead-of-2021-climate-summit,2020-12-01,2021-08-25,1,https://i.guim.co.uk/img/media/f536969d772dd23cad76986c9b403d9ff8e0270f/0_0_5000_3000/master/5000.jpg?width=465&dpr=1&s=none&crop=none,,"Mitzi Jonelle Tan, 22, from Manila, Philippines, one of the student organisers of Mock Cop26. Composite: Jessica Murray/Guardian Design Team",
guardian_be927e8bd5,The Guardian,2020,"""1.5C""",'Mock Cop26' activists vote on treaty ahead of 2021 climate summit,https://www.theguardian.com/environment/2020/dec/01/mock-cop26-activists-vote-on-treaty-ahead-of-2021-climate-summit,2020-12-01,2021-08-25,2,https://i.guim.co.uk/img/media/207ab31f4d7e59b8afec84e1ae0fef281b1b179b/0_0_2069_1028/master/2069.jpg?width=445&dpr=1&s=none&crop=none,,"The student staff team who organised Mock Cop26 is made up of 18 students from Australia, Brazil, Burkina Faso, Canada, Ecuador, India, Japan, Kenya, Nigeria, Philippines, Solomon Islands and the UK. Photograph: Mock Cop26",
guardian_ec5a6a7fcd,The Guardian,2020,"""net zero""",Liberal MP Warren Entsch urges Coalition to adopt net zero emissions target by 2050,https://www.theguardian.com/environment/2020/dec/01/liberal-mp-warren-entsch-urges-coalition-to-adopt-net-zero-emissions-target-by-2050,2020-12-01,2020-12-01,1,https://i.guim.co.uk/img/media/6c7559730685fe5eafe5d93e169dddeb70b5495b/0_362_5453_3273/master/5453.jpg?width=465&dpr=1&s=none&crop=none,,Warren Entsch with Scott Morrison. Entsch says that on climate action – as with Covid – ‘let’s follow the science and ignore the fringe views’. Photograph: Mick Tsikas/AAP,
guardian_2b8c2398a6,The Guardian,2020,"""net zero""",Great Barrier Reef outlook 'critical' as climate change called number one threat to world heritage,https://www.theguardian.com/environment/2020/dec/03/great-barrier-reef-outlook-critical-as-climate-change-called-number-one-threat-to-world-heritage,2020-12-02,2021-08-25,1,https://i.guim.co.uk/img/media/8858c6376a1f5b30463493ece9d33644e0efddc7/0_84_5253_3154/master/5253.jpg?width=465&dpr=1&s=none&crop=none,,"The outlook for the Great Barrier Reef has worsened from ‘significant concern’ to ‘critical’, the International Union for Conservation of Nature says. Photograph: James Cook University/AFP via Getty Images",
guardian_3974aa25ff,The Guardian,2020,"""sea level rise""",New Zealand declares a climate change emergency,https://www.theguardian.com/world/2020/dec/02/new-zealand-declares-a-climate-change-emergency,2020-12-02,2021-08-25,1,https://i.guim.co.uk/img/media/f85854dcbc65213e64e5a406cf4defc8935a61ad/0_203_3888_2187/3888.jpg?width=465&dpr=1&s=none&crop=none,,Jacinda Ardern declares 'climate emergency' in New Zealand – video,
guardian_4afa9df370,The Guardian,2020,"""1.5C""",World is ‘doubling down’ on fossil fuels despite climate crisis – UN report,https://www.theguardian.com/environment/2020/dec/02/world-is-doubling-down-on-fossil-fuels-despite-climate-crisis-un-report,2020-12-02,2021-08-25,1,https://i.guim.co.uk/img/media/99ff58cfd5cc464315d2a51c25977ce00613c0ed/0_112_4214_2527/master/4214.jpg?width=465&dpr=1&s=none&crop=none,,Nations are planning production increases of 2% per year and G20 countries are giving 50% more coronavirus recovery funding to fossil fuels than to clean energy. Photograph: Dazman/Getty Images,
guardian_87cb35bd83,The Guardian,2020,"""1.5C""",Global sustainable fishing initiative agreed by 14 countries,https://www.theguardian.com/environment/2020/dec/02/global-sustainable-fishing-initiative-agreed-by-14-countries,2020-12-02,2021-10-29,1,https://i.guim.co.uk/img/media/a2c0cc2d8c8a0e5a4f94991fc7ae2cd2d81bf83a/0_0_4896_2938/master/4896.jpg?width=465&dpr=1&s=none&crop=none,,Research has found that sustainably managed oceans can provide six times more food than today. Photograph: Lisa Maree Williams/Getty Images,
guardian_8a2fe31888,The Guardian,2020,"""net zero""",UN climate summit president thanks Australian states – but not Morrison government – for backing net zero,https://www.theguardian.com/environment/2020/dec/02/net-zero-emissions-by-2050-target-climate-summit-president-thanks-australian-states-but-not-morrison-government,2020-12-02,2021-08-25,1,https://i.guim.co.uk/img/media/7743de261d7d24ff2f79b7c7aa288f79f4385ed5/0_0_4197_2517/master/4197.jpg?width=465&dpr=1&s=none&crop=none,,"The British president of COP26, Alok Sharma, says more than 120 countries have announced carbon neutrality or net zero by 2050 emissions targets and urged others to follow. Photograph: Leon Neal/AFP/Getty Images",
guardian_8fb563981f,The Guardian,2020,"""net zero""",Aston Martin in row over 'sock puppet PR firm' pushing anti-electric vehicle study,https://www.theguardian.com/business/2020/dec/02/aston-martin-pr-firm-anti-electric-vehicle-study,2020-12-02,2021-08-25,1,https://i.guim.co.uk/img/media/d0a1e360983a365dedc4e51cc7c7bbeb3c1c1cde/0_231_3500_2099/master/3500.jpg?width=465&dpr=1&s=none&crop=none,,"Aston Martin, which co-commissioned the study, does not manufacture any electric vehicles. Photograph: Rebecca Naden/Reuters",
guardian_9ec45430fa,The Guardian,2020,"""net zero""","Humanity is waging war on nature, says UN secretary general",https://www.theguardian.com/environment/2020/dec/02/humanity-is-waging-war-on-nature-says-un-secretary-general-antonio-guterres,2020-12-02,2021-08-25,1,https://i.guim.co.uk/img/media/17bdbd258f37be87fe42945ded9213998738b958/0_186_5568_3341/master/5568.jpg?width=465&dpr=1&s=none&crop=none,,"A firefighter douses flames in Madera County, California, in September. Photograph: Josh Edelson/AFP/Getty",
guardian_afecbf3090,The Guardian,2020,"""sea level rise""",UN secretary general: humanity faces climate 'suicide' without US rejoining Paris agreement,https://www.theguardian.com/environment/2020/dec/02/us-biden-rejoining-paris-agreement-un-secretary-general-climate-emissions,2020-12-02,2021-10-22,1,https://i.guim.co.uk/img/media/4e94e8fea31d0c1251c5e39e6872018234dd1c2e/0_0_1920_1080/1920.jpg?width=465&dpr=1&s=none&crop=none,,UN calls on humanity to end ‘war on nature’ – video,
guardian_cd75a37160,The Guardian,2020,"""1.5C""","Covid crisis offers a chance to act on climate, report says",https://www.theguardian.com/environment/2020/dec/02/covid-pandemic-offers-chance-to-act-on-climate-report-says,2020-12-02,2021-08-25,1,https://i.guim.co.uk/img/media/89c0d08c04b1cf15e6b19c58c58d373d4426bdf7/0_0_4908_2947/master/4908.jpg?width=465&dpr=1&s=none&crop=none,,"Digging for coal in Germany. Global emissions need to fall by 7.6% each year from now until 2030, scientists say. Photograph: Martin Meissner/AP",
guardian_060fa1adf9,The Guardian,2020,"""net zero""","No locally acquired Covid-19 cases in NSW, as EU criticises China over tweet - as it happened",https://www.theguardian.com/australia-news/live/2020/dec/04/australia-news-live-china-row-simmers-nsw-awaits-covid-case-numbers,2020-12-03,2020-12-04,1,https://i.guim.co.uk/img/media/d7b54a2c268659c3d17363ec2190fb3feb13fa25/0_325_7369_4422/master/7369.jpg?width=465&dpr=1&s=none&crop=none,,A general view of the Novotel and Ibis hotels at Darling Harbour in Sydney. Photograph: James Gourley/AAP,
guardian_06d44f585d,The Guardian,2020,"""net zero""",UK's 2030 carbon target set to disappoint green campaigners,https://www.theguardian.com/environment/2020/dec/03/uks-2030-carbon-target-set-to-disappoint-green-campaigners,2020-12-03,2021-08-25,1,https://i.guim.co.uk/img/media/51ba33bd936dc5aeb97df176b28f925b270aedd3/0_271_5760_3456/master/5760.jpg?width=465&dpr=1&s=none&crop=none,,Green campaigners argue that the rapidly falling costs mean the government should go further and faster. Photograph: Alamy Stock Photo,
guardian_11aa198480,The Guardian,2020,"""sea level rise""",Art Basel Miami 2020: climate change concerns dominate unusual year,https://www.theguardian.com/artanddesign/2020/dec/03/art-basel-miami-2020-virtual-art-fair,2020-12-03,2022-10-19,1,https://i.guim.co.uk/img/media/b05d01757d5a768bd8920ade26363daae1276fd9/61_0_1800_1080/master/1800.jpg?width=465&dpr=1&s=none&crop=none,,An image from Artechouse Photograph: Courtesy of Artechouse,
guardian_11aa198480,The Guardian,2020,"""sea level rise""",Art Basel Miami 2020: climate change concerns dominate unusual year,https://www.theguardian.com/artanddesign/2020/dec/03/art-basel-miami-2020-virtual-art-fair,2020-12-03,2022-10-19,2,https://i.guim.co.uk/img/media/6968140ee791b6a590482428ae0950d8dcf50966/0_0_5231_3487/master/5231.jpg?width=445&dpr=1&s=none&crop=none,,Attendees at the Design Miami exhibit in the Moore Building. Photograph: Lynne Sladky/AP,
guardian_11aa198480,The Guardian,2020,"""sea level rise""",Art Basel Miami 2020: climate change concerns dominate unusual year,https://www.theguardian.com/artanddesign/2020/dec/03/art-basel-miami-2020-virtual-art-fair,2020-12-03,2022-10-19,3,https://i.guim.co.uk/img/media/d38ce5452130940f8c4d142e82e84bf1a7435664/0_0_1140_641/master/1140.jpg?width=445&dpr=1&s=none&crop=none,,Dreaming with Lions by Cuban artist Alexandre Arrechea. Photograph: Oriol Tarridas for Faena Art,
guardian_11aa198480,The Guardian,2020,"""sea level rise""",Art Basel Miami 2020: climate change concerns dominate unusual year,https://www.theguardian.com/artanddesign/2020/dec/03/art-basel-miami-2020-virtual-art-fair,2020-12-03,2022-10-19,4,https://i.guim.co.uk/img/media/250a311a0c45b173996bb32fe2a7ccd003d9bf58/0_0_1305_731/master/1305.jpg?width=445&dpr=1&s=none&crop=none,,"A rendering of the ReefLine, which is planned to launch next year. Photograph: BlueLab Preservation Society",
guardian_2bb6d77641,The Guardian,2020,"""carbon budget""",UK vows to outdo other economies with 68% emissions cuts by 2030,https://www.theguardian.com/environment/2020/dec/03/uk-vows-outdo-other-major-economies-emissions-cuts-by-2030,2020-12-03,2021-08-25,1,https://i.guim.co.uk/img/media/174e4a7b8be5f3b3b8dbe348ca1687c6ecb6d354/0_120_2931_1759/master/2931.jpg?width=465&dpr=1&s=none&crop=none,,Boris Johnson and David Attenborough attend a conference about the Cop26 UN climate summit in London earlier this year. Photograph: Chris J Ratcliffe/Reuters,
guardian_3b65afe69a,The Guardian,2020,"""carbon budget""",Climate change: what is the UK's NDC and why is it important?,https://www.theguardian.com/environment/2020/dec/03/climate-change-what-is-the-uks-ndc-and-why-is-it-important,2020-12-03,2021-08-25,1,https://i.guim.co.uk/img/media/53997cc299696a98d093c29f0dc05df475042884/328_473_3559_2135/master/3559.jpg?width=465&dpr=1&s=none&crop=none,,"Frodsham wind farm, Helsby Hill. UK government’s plan for a ‘green industrial revolution’ has received criticism for weak regulations and investment in roads. Photograph: Nathan Stirk/Getty Images",
guardian_9168993129,The Guardian,2020,"""net zero""",We are all seeing red over the government's Green Homes Grant,https://www.theguardian.com/money/2020/dec/03/we-are-all-seeing-red-over-the-governments-green-homes-grant,2020-12-03,2020-12-03,1,https://i.guim.co.uk/img/media/fb5644624e830fac5673a7ea94b870628b43be16/0_342_6000_3600/master/6000.jpg?width=465&dpr=1&s=none&crop=none,,The government is encouraging people to ditch their old gas boiler ... but getting its grant to go greener is the stumbling block. Photograph: Alamy,
guardian_a0862f4273,The Guardian,2020,"""net zero""",Oil and gas firms urged to work towards net zero British North Sea,https://www.theguardian.com/business/2020/dec/03/uk-north-sea-industry-urged-to-phase-out-oil-and-gas-extraction,2020-12-03,2021-08-25,1,https://i.guim.co.uk/img/media/fa017b2b2fe2e8718ba516bf4d2d0c84947147d3/0_1198_6627_3974/master/6627.jpg?width=465&dpr=1&s=none&crop=none,,"The report said a plan to keep North Sea oil and gas in the ground, while channelling investment towards low-carbon industries, could secure jobs and help the UK lead by example before Cop26. Photograph: Alamy Stock Photo",
guardian_d67c98dc11,The Guardian,2020,"""net zero""",Scott Morrison says Australia will attend climate ambition summit to 'correct mistruths',https://www.theguardian.com/australia-news/2020/dec/03/scott-morrison-says-australia-will-attend-climate-ambition-summit-to-correct-mistruths,2020-12-03,2021-08-25,1,https://i.guim.co.uk/img/media/e8a61f8de76bc2a9a7535311cc5a7f3b20d66ce3/0_226_5471_3283/master/5471.jpg?width=465&dpr=1&s=none&crop=none,,Prime minister Scott Morrison was asked during question time on Thursday whether he intended to make a meaningful announcement at the climate summit and said it would be ‘a great opportunity to correct mistruths’. Photograph: Mick Tsikas/AAP,
guardian_48f2597b46,The Guardian,2020,"""net zero""","Radical reassessment needed to hit net zero emissions by 2050, says NAO",https://www.theguardian.com/environment/2020/dec/04/radical-reassessment-needed-hit-net-zero-emissions-2050-uk-nao-report,2020-12-04,2021-08-25,1,https://i.guim.co.uk/img/media/ff516248250637f907b63f6d1ec4ceb161cc5d63/0_114_2097_1258/master/2097.jpg?width=465&dpr=1&s=none&crop=none,,"Changes are needed in the way electricity is generated, how people travel, how land is used and how buildings are heated, says the NAO report. Photograph: John Giles/PA",
guardian_61be13ba9c,The Guardian,2020,"""climate change""",US infections reach new high as Australian state eases restrictions – as it happened,https://www.theguardian.com/world/live/2020/dec/05/coronavirus-live-news-us-averages-1800-deaths-as-day-as-nsw-investigates-link-to-airline-crews,2020-12-04,2020-12-06,1,https://i.guim.co.uk/img/media/7806770ef11fdc861c0cf5a55cde5843f3cbf1bc/0_0_5071_3381/master/5071.jpg?width=465&dpr=1&s=none&crop=none,,"People are seen without face masks on November 23, 2020 in Melbourne, Australia. Covid-19 restrictions have relaxed further in Victoria as the state continues to record no new coronavirus cases. Photograph: Daniel Pockett/Getty Images",
guardian_61be13ba9c,The Guardian,2020,"""climate change""",US infections reach new high as Australian state eases restrictions – as it happened,https://www.theguardian.com/world/live/2020/dec/05/coronavirus-live-news-us-averages-1800-deaths-as-day-as-nsw-investigates-link-to-airline-crews,2020-12-04,2020-12-06,2,https://i.guim.co.uk/img/media/c2f2290917ead9ab14211553274b2da8bed5cef3/871_517_1316_789/master/1316.jpg?width=465&dpr=1&s=none&crop=none,,"n this file photo taken on 25 December, 2017 Britain’s Queen Elizabeth II, Prince Philip leave after attending the Royal Family’s traditional Christmas Day church service at St Mary Magdalene Church in Sandringham, Norfolk, eastern England. Photograph: Adrian Dennis/AFP/Getty Images",
guardian_61be13ba9c,The Guardian,2020,"""climate change""",US infections reach new high as Australian state eases restrictions – as it happened,https://www.theguardian.com/world/live/2020/dec/05/coronavirus-live-news-us-averages-1800-deaths-as-day-as-nsw-investigates-link-to-airline-crews,2020-12-04,2020-12-06,3,https://i.guim.co.uk/img/media/3e5a7ddea5805733ff2d1d7f78f4c05ef084579d/0_0_4928_3264/master/4928.jpg?width=465&dpr=1&s=none&crop=none,,"Rodeo Drive in Beverly Hills, California, has less cars and pedestrians doing holiday shopping this year due to the coronavirus pandemic, here pictured on Thursday, 3 December, 2020. With coronavirus cases surging at a record pace, California governor Gavin Newsom announced a new stay-at-home order Thursday and said if people don’t comply the state’s hospitals will be overwhelmed with infected patients. Photograph: Pamela Hassell/AP",
guardian_61be13ba9c,The Guardian,2020,"""climate change""",US infections reach new high as Australian state eases restrictions – as it happened,https://www.theguardian.com/world/live/2020/dec/05/coronavirus-live-news-us-averages-1800-deaths-as-day-as-nsw-investigates-link-to-airline-crews,2020-12-04,2020-12-06,4,https://i.guim.co.uk/img/media/a644615b2e0b019919ac0b2e0870d065923e0b2a/0_219_3500_2100/master/3500.jpg?width=465&dpr=1&s=none&crop=none,,"File photo from 20 October 2020 of the Duke and Duchess of Cambridge as they talk with medical staff during a visit to St. Bartholomew’s Hospital in London, England. Photograph: Matt Dunham/PA",
guardian_61be13ba9c,The Guardian,2020,"""climate change""",US infections reach new high as Australian state eases restrictions – as it happened,https://www.theguardian.com/world/live/2020/dec/05/coronavirus-live-news-us-averages-1800-deaths-as-day-as-nsw-investigates-link-to-airline-crews,2020-12-04,2020-12-06,5,https://i.guim.co.uk/img/media/3f8e7e5bf8ec1c895b3e11a997ec119eb9d0d071/0_137_4898_2938/master/4898.jpg?width=465&dpr=1&s=none&crop=none,,Members of the Cirk La Putyka troupe entertain families driving through with their cars on the eve of St Nicholas Day in Prague. Photograph: Gabriel Kuchta/Getty Images,
guardian_61be13ba9c,The Guardian,2020,"""climate change""",US infections reach new high as Australian state eases restrictions – as it happened,https://www.theguardian.com/world/live/2020/dec/05/coronavirus-live-news-us-averages-1800-deaths-as-day-as-nsw-investigates-link-to-airline-crews,2020-12-04,2020-12-06,6,https://i.guim.co.uk/img/media/857252c8d8d393885294db5264cb5c4da63c7d78/0_138_4871_2922/master/4871.jpg?width=465&dpr=1&s=none&crop=none,,Photograph: Gabriel Kuchta/Getty Images,
guardian_61be13ba9c,The Guardian,2020,"""climate change""",US infections reach new high as Australian state eases restrictions – as it happened,https://www.theguardian.com/world/live/2020/dec/05/coronavirus-live-news-us-averages-1800-deaths-as-day-as-nsw-investigates-link-to-airline-crews,2020-12-04,2020-12-06,7,https://i.guim.co.uk/img/media/8ddbea962cfed7a12a1797b72fe6c804d099917b/0_256_5762_3457/master/5762.jpg?width=465&dpr=1&s=none&crop=none,,Photograph: Gabriel Kuchta/Getty Images,
guardian_61be13ba9c,The Guardian,2020,"""climate change""",US infections reach new high as Australian state eases restrictions – as it happened,https://www.theguardian.com/world/live/2020/dec/05/coronavirus-live-news-us-averages-1800-deaths-as-day-as-nsw-investigates-link-to-airline-crews,2020-12-04,2020-12-06,8,https://i.guim.co.uk/img/media/f30bc57cf46a579ed80b3eaa7e33137820d2c715/0_84_3871_2323/master/3871.jpg?width=465&dpr=1&s=none&crop=none,,Photograph: Gabriel Kuchta/Getty Images,
guardian_61be13ba9c,The Guardian,2020,"""climate change""",US infections reach new high as Australian state eases restrictions – as it happened,https://www.theguardian.com/world/live/2020/dec/05/coronavirus-live-news-us-averages-1800-deaths-as-day-as-nsw-investigates-link-to-airline-crews,2020-12-04,2020-12-06,9,https://i.guim.co.uk/img/media/506cff5b4f86aa8910ba7f23dbac41310bf0a624/0_0_3500_2333/master/3500.jpg?width=465&dpr=1&s=none&crop=none,,"The British Secretary of State for Health and Social Care Matt Hancock is speaking during a Covid-19 update in the House of Commons, in London on 2 December, 2020. Photograph: UK Parliament/Jessica Taylor/PA",
guardian_61be13ba9c,The Guardian,2020,"""climate change""",US infections reach new high as Australian state eases restrictions – as it happened,https://www.theguardian.com/world/live/2020/dec/05/coronavirus-live-news-us-averages-1800-deaths-as-day-as-nsw-investigates-link-to-airline-crews,2020-12-04,2020-12-06,10,https://i.guim.co.uk/img/media/f44a5e4934842951db5172b0733e3431cf94da8f/0_0_3400_2266/master/3400.jpg?width=465&dpr=1&s=none&crop=none,,"Volunteers spray disinfectant in an alley to help contain the spread of the new coronavirus, at the Santa Marta slum in Rio de Janeiro, Brazil, Saturday, 28 November, 2020. Photograph: Bruna Prado/AP",
guardian_61be13ba9c,The Guardian,2020,"""climate change""",US infections reach new high as Australian state eases restrictions – as it happened,https://www.theguardian.com/world/live/2020/dec/05/coronavirus-live-news-us-averages-1800-deaths-as-day-as-nsw-investigates-link-to-airline-crews,2020-12-04,2020-12-06,11,https://i.guim.co.uk/img/media/1e58abf49ae08733df2f87d6af62aca8ff3abf1b/48_0_3220_1933/master/3220.jpg?width=465&dpr=1&s=none&crop=none,,"People wearing protective masks arrive to cast their vote at a polling station in Kuwait City, Kuwait, on 5 December 2020. Due to the ongoing coronavirus pandemic, candidates campaigned primarily via social media. Photograph: Noufal Ibrahim/EPA",
guardian_61be13ba9c,The Guardian,2020,"""climate change""",US infections reach new high as Australian state eases restrictions – as it happened,https://www.theguardian.com/world/live/2020/dec/05/coronavirus-live-news-us-averages-1800-deaths-as-day-as-nsw-investigates-link-to-airline-crews,2020-12-04,2020-12-06,12,https://i.guim.co.uk/img/media/ab9ac0e893b61e4cf2410978ed5b9cae1e569643/0_0_5635_3666/master/5635.jpg?width=465&dpr=1&s=none&crop=none,,"Turkeys are given to residents at a food distribution event ahead of the Thanksgiving holiday on November 20, 2020 in the Brooklyn borough of New York City. Photograph: Angela Weiss/AFP/Getty Images",
guardian_61be13ba9c,The Guardian,2020,"""climate change""",US infections reach new high as Australian state eases restrictions – as it happened,https://www.theguardian.com/world/live/2020/dec/05/coronavirus-live-news-us-averages-1800-deaths-as-day-as-nsw-investigates-link-to-airline-crews,2020-12-04,2020-12-06,13,https://i.guim.co.uk/img/media/51559afc0a5b9a82fb881203ff012b175f92274a/0_0_5432_3621/master/5432.jpg?width=465&dpr=1&s=none&crop=none,,"An Arizona Cardinals guest relations attendant highlights face mask requirements to fans during the second half of an NFL football game against the Miami Dolphins, Sunday, 8 November, 2020, in Glendale, Arizona. Photograph: Ross D Franklin/AP",
guardian_61be13ba9c,The Guardian,2020,"""climate change""",US infections reach new high as Australian state eases restrictions – as it happened,https://www.theguardian.com/world/live/2020/dec/05/coronavirus-live-news-us-averages-1800-deaths-as-day-as-nsw-investigates-link-to-airline-crews,2020-12-04,2020-12-06,14,https://i.guim.co.uk/img/media/7fdb58cb0b666dd3b69eeeb494a08a858c09183c/0_0_2750_1882/master/2750.jpg?width=465&dpr=1&s=none&crop=none,,"Anti-maskers, some carrying tiki torches, protest at the Central District Health offices during a special meeting of the board to decide on new mask mandates Friday, 4 December, 2020 in Boise, Idaho. Photograph: Darin Oswald/AP",
guardian_61be13ba9c,The Guardian,2020,"""climate change""",US infections reach new high as Australian state eases restrictions – as it happened,https://www.theguardian.com/world/live/2020/dec/05/coronavirus-live-news-us-averages-1800-deaths-as-day-as-nsw-investigates-link-to-airline-crews,2020-12-04,2020-12-06,15,https://i.guim.co.uk/img/media/66430c8b3f69be6b1854921be20814bbab332f3d/0_0_4800_2704/master/4800.jpg?width=465&dpr=1&s=none&crop=none,,"In this file photo taken on November 30, 2020 shoppers are seen at the Citadel Outlets in Los Angeles, California. California Governor Gavin Newsom announced on 3 December, 2020 new statewide bans on gatherings and “non-essential” activities, as hospitals in the nation’s most populous state face being overwhelmed by record Covid-19 cases. Photograph: Frederic J Brown/AFP/Getty Images",
guardian_61be13ba9c,The Guardian,2020,"""climate change""",US infections reach new high as Australian state eases restrictions – as it happened,https://www.theguardian.com/world/live/2020/dec/05/coronavirus-live-news-us-averages-1800-deaths-as-day-as-nsw-investigates-link-to-airline-crews,2020-12-04,2020-12-06,16,https://i.guim.co.uk/img/media/5997995dc42a3d5c3133303af463c58f0d85f79e/0_0_3500_2240/master/3500.jpg?width=465&dpr=1&s=none&crop=none,,"A group of Germans dressed as Santa and angels who rent themselves out over the Christmas period gathered in Berlin on 5 December, 2020, keen to spread joy and practice their “Ho-ho-hos” even though they have to wear masks. Most years, several hundred “Rent-a-Santa” meet at the beginning of the Christmas season in Germany, but this year just a few dozen got together, keeping their distance outside at the disused Tempelhof airfield in Berlin. Photograph: Fabrizio Bensch/Reuters",
guardian_77661427b5,The Guardian,2020,"""climate change""",Labor says Scott Morrison's dropping of Kyoto credits to meet climate targets is 'pathetic',https://www.theguardian.com/australia-news/2020/dec/05/labor-says-scott-morrisons-dropping-of-kyoto-credits-to-meet-climate-targets-is-pathetic,2020-12-04,2024-11-08,1,https://i.guim.co.uk/img/media/4bb8729b192e819e05e2fb0898dde6c3e6497010/0_22_5184_3110/master/5184.jpg?width=465&dpr=1&s=none&crop=none,,"The Labor leader, Anthony Albanese, right, pictured with shadow treasurer Jim Chalmers, says the Coalition’s attempt to use Kyoto credits reflects badly on the government. Photograph: Mike Bowers/The Guardian",
guardian_8034dfa30e,The Guardian,2020,"""climate change""",A change in the weather: new demand for TV presenters to include climate in forecasts,https://www.theguardian.com/environment/2020/dec/05/a-change-in-the-weather-new-demand-for-tv-presenters-to-include-climate-in-forecasts,2020-12-04,2021-08-25,1,https://i.guim.co.uk/img/media/06681b8bbbe65ca1c1a047ddd82c7355d539d475/0_94_4032_2419/master/4032.jpg?width=465&dpr=1&s=none&crop=none,,"New BOM research could enable weather presenters such as Graham Creed, pictured, to explain how climate change has influenced weather. Photograph: ABC",
guardian_8034dfa30e,The Guardian,2020,"""climate change""",A change in the weather: new demand for TV presenters to include climate in forecasts,https://www.theguardian.com/environment/2020/dec/05/a-change-in-the-weather-new-demand-for-tv-presenters-to-include-climate-in-forecasts,2020-12-04,2021-08-25,2,https://i.guim.co.uk/img/media/519f638cb1e395b84db3fbc71333cbce4ade3bff/0_0_5000_3000/master/5000.jpg?width=445&dpr=1&s=none&crop=none,,Understanding and quantifying the role that rising emissions have on weather events is a scientific field known as climate attribution. Photograph: AP,
guardian_b52c606c14,The Guardian,2020,"""climate change""","Murder hornets, aliens and rioting animals: 2020 has been weird",https://www.theguardian.com/commentisfree/2020/dec/05/hornets-aliens-and-rioting-animals-2020-has-been-weird,2020-12-04,2021-10-29,1,https://i.guim.co.uk/img/media/6ad55b648b4a2ee49418112f4f80875c7b07bd77/0_0_6000_3600/master/6000.jpg?width=465&dpr=1&s=none&crop=none,,‘Some poor bastards had to suit up like puffy astronauts and spend months hunting down and tying dental floss to the killer bugs so they could track them to a nest’. Photograph: Elaine Thompson/AP/AFP/Getty/EPA/Department of Public Safety/PA,
guardian_26a3a184af,The Guardian,2020,"""climate change""",Shareholders can't force businesses to act morally. But governments can,https://www.theguardian.com/business/2020/dec/05/shareholders-cant-force-businesses-to-act-morally-but-governments-can,2020-12-05,2025-03-11,1,https://i.guim.co.uk/img/media/89bd1ecfa6472f307e5c89bcdf3c7ee496bf479a/0_414_2932_1759/master/2932.jpg?width=465&dpr=1&s=none&crop=none,,Adam Smith talked in his famous book about the need for an ‘active state’ to monitor business activities. Photograph: Getty Images,
guardian_1525e84500,The Guardian,2020,"""climate change""","The week in TV: Waterhole; The Undoing; Inside Cinema, Raised by Wolves; Red, White and Blue",https://www.theguardian.com/tv-and-radio/2020/dec/06/waterhole-africa-animal-oasis-review-undoing-finale-inside-cinema-guilt-free-pleasures-raised-by-wolves-small-axe-red-white-and-blue,2020-12-06,2020-12-06,1,https://i.guim.co.uk/img/media/aa93e5b76232d921f9351055f11be3fc79cc49b9/0_0_4700_3133/master/4700.jpg?width=465&dpr=1&s=none&crop=none,,Truly absorbing… Ella Al-Shamahi and Chris Packham present Waterhole: Africa’s Animal Oasis. Photograph: Clare Jones/BBC,
guardian_1525e84500,The Guardian,2020,"""climate change""","The week in TV: Waterhole; The Undoing; Inside Cinema, Raised by Wolves; Red, White and Blue",https://www.theguardian.com/tv-and-radio/2020/dec/06/waterhole-africa-animal-oasis-review-undoing-finale-inside-cinema-guilt-free-pleasures-raised-by-wolves-small-axe-red-white-and-blue,2020-12-06,2020-12-06,2,https://i.guim.co.uk/img/media/b3c25d309ca146cd3c0429e149429dce77cf2ca5/0_195_6000_3805/master/6000.jpg?width=445&dpr=1&s=none&crop=none,,Heavy lifting… Nicole Kidman in The Undoing. Photograph: HBO,
guardian_1525e84500,The Guardian,2020,"""climate change""","The week in TV: Waterhole; The Undoing; Inside Cinema, Raised by Wolves; Red, White and Blue",https://www.theguardian.com/tv-and-radio/2020/dec/06/waterhole-africa-animal-oasis-review-undoing-finale-inside-cinema-guilt-free-pleasures-raised-by-wolves-small-axe-red-white-and-blue,2020-12-06,2020-12-06,3,https://i.guim.co.uk/img/media/1ce512278fea1887903999a2f39d7b192885ea8f/0_132_4200_2520/master/4200.jpg?width=445&dpr=1&s=none&crop=none,,Raised By Wolves. Photograph: Coco Van Oppens Photography,
guardian_1525e84500,The Guardian,2020,"""climate change""","The week in TV: Waterhole; The Undoing; Inside Cinema, Raised by Wolves; Red, White and Blue",https://www.theguardian.com/tv-and-radio/2020/dec/06/waterhole-africa-animal-oasis-review-undoing-finale-inside-cinema-guilt-free-pleasures-raised-by-wolves-small-axe-red-white-and-blue,2020-12-06,2020-12-06,4,https://i.guim.co.uk/img/media/a7c7b3a6b5fa643bc96b3f0454572653610979db/0_25_4284_2570/master/4284.jpg?width=445&dpr=1&s=none&crop=none,,"‘Tremendous subtlety’: John Boyega in Steve McQueen’s Red, White and Blue. Photograph: Will Robson-Scott/BBC/McQueen Limited",
guardian_48d8dfc8b9,The Guardian,2020,"""climate change""",Joe Biden's staff nominations are early test of relationship with progressives,https://www.theguardian.com/us-news/2020/dec/06/joe-biden-progressives-staff-nominations-democrats,2020-12-06,2021-02-17,1,https://i.guim.co.uk/img/media/aa1012ec8311abb0800902730dedc528f26b2a22/0_138_4953_2973/master/4953.jpg?width=465&dpr=1&s=none&crop=none,,Heather Boushey’s nomination to Joe Biden’s council of economic advisers has been taken as an encouraging sign by progressives. Photograph: Chandan Khanna/AFP/Getty Images,
guardian_48d8dfc8b9,The Guardian,2020,"""climate change""",Joe Biden's staff nominations are early test of relationship with progressives,https://www.theguardian.com/us-news/2020/dec/06/joe-biden-progressives-staff-nominations-democrats,2020-12-06,2021-02-17,2,https://i.guim.co.uk/img/media/d6c90218b404725f952e8013c42c78f2b4bba8e4/0_0_2313_1388/master/2313.jpg?width=445&dpr=1&s=none&crop=none,,"The ties of Cedric Richmond, who Biden picked to run the Office of Public Engagement, to the fossil fuel industry have raised concern on the left. Photograph: Jim Watson/AFP/Getty Images",
guardian_48d8dfc8b9,The Guardian,2020,"""climate change""",Joe Biden's staff nominations are early test of relationship with progressives,https://www.theguardian.com/us-news/2020/dec/06/joe-biden-progressives-staff-nominations-democrats,2020-12-06,2021-02-17,3,https://i.guim.co.uk/img/media/461a0f08f9dc23038ece923cfb1ef6ceb739a6ff/0_62_3456_4317/master/3456.jpg?width=445&dpr=1&s=none&crop=none,,"Neera Tanden, Biden’s pick to run the Office of Management and Budget. Photograph: Chandan Khanna/AFP/Getty Images",
guardian_b1ae993a81,The Guardian,2020,"""climate change""","'Devastating': more than 61,000 koalas among 3 billion animals affected by bushfire crisis",https://www.theguardian.com/australia-news/2020/dec/07/devastating-more-than-61000-koalas-among-3-billion-animals-affected-by-bushfire-crisis,2020-12-06,2021-10-29,1,https://i.guim.co.uk/img/media/4e09f666283a3c7298f4fb750791faebfe160b7f/0_371_5568_3341/master/5568.jpg?width=465&dpr=1&s=none&crop=none,,A firefighter carries a koala injured during the Kangaroo Island bushfires in January 2020. Photograph: David Mariuz/AAP,
guardian_b1ae993a81,The Guardian,2020,"""climate change""","'Devastating': more than 61,000 koalas among 3 billion animals affected by bushfire crisis",https://www.theguardian.com/australia-news/2020/dec/07/devastating-more-than-61000-koalas-among-3-billion-animals-affected-by-bushfire-crisis,2020-12-06,2021-10-29,2,https://i.guim.co.uk/img/media/9e629562b319cbc0ece6d41275977f0905ce19ec/0_0_3000_2000/master/3000.jpg?width=445&dpr=1&s=none&crop=none,,Kangaroos seen through the thick smoke enveloping Cooma in early January 2020. Photograph: Saeed Khan/AFP/Getty Images,
guardian_b1ae993a81,The Guardian,2020,"""climate change""","'Devastating': more than 61,000 koalas among 3 billion animals affected by bushfire crisis",https://www.theguardian.com/australia-news/2020/dec/07/devastating-more-than-61000-koalas-among-3-billion-animals-affected-by-bushfire-crisis,2020-12-06,2021-10-29,3,https://i.guim.co.uk/img/media/75ba4cf45ea0b5ad18e35a69d640ffd5ec4f5551/0_0_5464_3070/master/5464.jpg?width=445&dpr=1&s=none&crop=none,,"Scorched trees on Kangaroo Island, where more than 40,000 koalas were likely affected by the fires. Photograph: James D Morgan/Getty Images",
guardian_b1ae993a81,The Guardian,2020,"""climate change""","'Devastating': more than 61,000 koalas among 3 billion animals affected by bushfire crisis",https://www.theguardian.com/australia-news/2020/dec/07/devastating-more-than-61000-koalas-among-3-billion-animals-affected-by-bushfire-crisis,2020-12-06,2021-10-29,4,https://i.guim.co.uk/img/media/760a573793a317bcd0230d3bce1a6d319d7064bb/0_0_3000_2000/master/3000.jpg?width=445&dpr=1&s=none&crop=none,,Fires rage around Nowra in December 2019. Changed fire regimes are one of the major threats to Australian wildlife. Photograph: Saeed Khan/AFP/Getty Images,
guardian_f49a21b507,The Guardian,2020,"""climate change""",UK urged to follow Denmark in ending North Sea oil and gas exploration,https://www.theguardian.com/environment/2020/dec/06/uk-urged-to-follow-denmark-in-ending-north-sea-oil-and-gas-exploration,2020-12-06,2021-08-25,1,https://i.guim.co.uk/img/media/23c6e7c56c6d8ab0039b261445d78a0fa87ae112/0_86_2500_1500/master/2500.jpg?width=465&dpr=1&s=none&crop=none,,Greenpeace activists protest against new oil and gas exploration in Denmark’s Dan oilfield in the North Sea last summer. Photograph: Andrew McConnell/Greenpeace/EPA,
guardian_12567a43ac,The Guardian,2020,"""climate change""",Curtain raiser: the best Australian stage shows to look forward to in 2021,https://www.theguardian.com/culture/2020/dec/08/goodwill-good-luck-and-good-hand-hygiene-major-australian-performing-arts-companies-2021-season-guide,2020-12-07,2024-09-04,1,https://i.guim.co.uk/img/media/407aac3d5dd90adc070de2ec0d8337402d425c18/1183_1628_2889_2713/master/2889.jpg?width=465&dpr=1&s=none&crop=none,,Bangarra’s Spirit on stage in Toronto. Photograph: Lisa Tomasetti/Bangarra,
guardian_12567a43ac,The Guardian,2020,"""climate change""",Curtain raiser: the best Australian stage shows to look forward to in 2021,https://www.theguardian.com/culture/2020/dec/08/goodwill-good-luck-and-good-hand-hygiene-major-australian-performing-arts-companies-2021-season-guide,2020-12-07,2024-09-04,2,https://i.guim.co.uk/img/media/9db27ba735e45a3dd3f581bd058c4a2ed652ba98/0_0_4800_3200/master/4800.jpg?width=445&dpr=1&s=none&crop=none,,Soprano Julie Lea Goodwin sings Lehar’s The Merry Widow in Opera Australia’s 2021 opening production. Photograph: Prudence Upton/Opera Australia,
guardian_12567a43ac,The Guardian,2020,"""climate change""",Curtain raiser: the best Australian stage shows to look forward to in 2021,https://www.theguardian.com/culture/2020/dec/08/goodwill-good-luck-and-good-hand-hygiene-major-australian-performing-arts-companies-2021-season-guide,2020-12-07,2024-09-04,3,https://i.guim.co.uk/img/media/f0076121ddebdae4be2d05db03eab14134e14f20/0_0_7421_4954/master/7421.jpg?width=445&dpr=1&s=none&crop=none,,Robyn Hendricks in the Yuri Possokhov-choreographed Anna Karenina. Photograph: Pierre Toussaint/Australian Ballet,
guardian_12567a43ac,The Guardian,2020,"""climate change""",Curtain raiser: the best Australian stage shows to look forward to in 2021,https://www.theguardian.com/culture/2020/dec/08/goodwill-good-luck-and-good-hand-hygiene-major-australian-performing-arts-companies-2021-season-guide,2020-12-07,2024-09-04,4,https://i.guim.co.uk/img/media/e7eb4aa5eec883dfb09614f5a106ec602e7ed485/0_752_1748_1048/master/1748.jpg?width=445&dpr=1&s=none&crop=none,,Mandy McElhinney and Lucy Bell star in the Branden Jacobs-Jenkins play Appropriate. Photograph: STC,
guardian_12567a43ac,The Guardian,2020,"""climate change""",Curtain raiser: the best Australian stage shows to look forward to in 2021,https://www.theguardian.com/culture/2020/dec/08/goodwill-good-luck-and-good-hand-hygiene-major-australian-performing-arts-companies-2021-season-guide,2020-12-07,2024-09-04,5,https://i.guim.co.uk/img/media/459de3ed83a1067c8a21866fd5e294652f3ccac0/269_529_1749_2186/master/1749.jpg?width=445&dpr=1&s=none&crop=none,,Michelle Law in her new comedy Miss Peony which debuts at Belvoir in July. Photograph: Daniel Boud/Belvoir,
guardian_12567a43ac,The Guardian,2020,"""climate change""",Curtain raiser: the best Australian stage shows to look forward to in 2021,https://www.theguardian.com/culture/2020/dec/08/goodwill-good-luck-and-good-hand-hygiene-major-australian-performing-arts-companies-2021-season-guide,2020-12-07,2024-09-04,6,https://i.guim.co.uk/img/media/c0104c58f0d968b5cc01e169ed350793a4b90bdb/0_0_4425_2950/master/4425.jpg?width=445&dpr=1&s=none&crop=none,,Sydney Dance Company reprieves Rafael Bonachela’s ab [intra] in Sydney in September. Photograph: Pedro Greig/Sydney Dance Company,
guardian_12567a43ac,The Guardian,2020,"""climate change""",Curtain raiser: the best Australian stage shows to look forward to in 2021,https://www.theguardian.com/culture/2020/dec/08/goodwill-good-luck-and-good-hand-hygiene-major-australian-performing-arts-companies-2021-season-guide,2020-12-07,2024-09-04,7,https://i.guim.co.uk/img/media/81bcb782a59012ec9398bfd85415016f4f53e1a4/0_0_6720_4480/master/6720.jpg?width=445&dpr=1&s=none&crop=none,,Bangarra took its production Spirit to Toronto in 2019. Photograph: Lisa Tomasetti/Bangarra,
guardian_12567a43ac,The Guardian,2020,"""climate change""",Curtain raiser: the best Australian stage shows to look forward to in 2021,https://www.theguardian.com/culture/2020/dec/08/goodwill-good-luck-and-good-hand-hygiene-major-australian-performing-arts-companies-2021-season-guide,2020-12-07,2024-09-04,8,https://i.guim.co.uk/img/media/eee3ca2d10eb315a733d098280ea55d6f848ae34/0_0_2400_1600/master/2400.jpg?width=445&dpr=1&s=none&crop=none,,Donald Runnicles conducts Schubert and Mahler with the Sydney Symphony Orchestra in May. Photograph: Robert Catto/Sydney Symphony,
guardian_12567a43ac,The Guardian,2020,"""climate change""",Curtain raiser: the best Australian stage shows to look forward to in 2021,https://www.theguardian.com/culture/2020/dec/08/goodwill-good-luck-and-good-hand-hygiene-major-australian-performing-arts-companies-2021-season-guide,2020-12-07,2024-09-04,9,https://i.guim.co.uk/img/media/b345c0d9adfca20af4cd21fdce2a7f3d06ab1cf1/0_0_7884_5575/master/7884.jpg?width=445&dpr=1&s=none&crop=none,,Dan Spielman and Izabella Yena star in the Australian premiere of Sexual Misconduct of the Middle Classes. Photograph: Jo Duck/Melbourne Theatre Company,
guardian_12567a43ac,The Guardian,2020,"""climate change""",Curtain raiser: the best Australian stage shows to look forward to in 2021,https://www.theguardian.com/culture/2020/dec/08/goodwill-good-luck-and-good-hand-hygiene-major-australian-performing-arts-companies-2021-season-guide,2020-12-07,2024-09-04,10,https://i.guim.co.uk/img/media/9caa598ea1b694068629922a306cf29ee900d070/0_0_3075_4344/master/3075.jpg?width=445&dpr=1&s=none&crop=none,,Meow Meow at the Barbican Theatre in 2018. Photograph: Tristram Kenton/The Guardian,
guardian_12567a43ac,The Guardian,2020,"""climate change""",Curtain raiser: the best Australian stage shows to look forward to in 2021,https://www.theguardian.com/culture/2020/dec/08/goodwill-good-luck-and-good-hand-hygiene-major-australian-performing-arts-companies-2021-season-guide,2020-12-07,2024-09-04,11,https://i.guim.co.uk/img/media/ee1eae55608d70497e2830c30058b90c09a84eae/0_158_4753_2852/master/4753.jpg?width=445&dpr=1&s=none&crop=none,,Didgeridoo player William Barton soloed at the Bob Hawke memorial service in June 2019. Photograph: Mike Bowers/The Guardian,
guardian_12567a43ac,The Guardian,2020,"""climate change""",Curtain raiser: the best Australian stage shows to look forward to in 2021,https://www.theguardian.com/culture/2020/dec/08/goodwill-good-luck-and-good-hand-hygiene-major-australian-performing-arts-companies-2021-season-guide,2020-12-07,2024-09-04,12,https://i.guim.co.uk/img/media/47af0417cc5bbd41bb655dac3421dd274349ee14/0_0_4000_3053/master/4000.jpg?width=445&dpr=1&s=none&crop=none,,The Queensland Ballet and West Australian Ballet’s co-production of Dracula. Photograph: David Kelly/Queensland Ballet,
guardian_12567a43ac,The Guardian,2020,"""climate change""",Curtain raiser: the best Australian stage shows to look forward to in 2021,https://www.theguardian.com/culture/2020/dec/08/goodwill-good-luck-and-good-hand-hygiene-major-australian-performing-arts-companies-2021-season-guide,2020-12-07,2024-09-04,13,https://i.guim.co.uk/img/media/37c13e183f9d9caabc46bcbd7ac25914468931c9/0_0_5275_3517/master/5275.jpg?width=445&dpr=1&s=none&crop=none,,"Ben Folds in concert in Madison, the US, in October 2019. Photograph: Daniel DeSlover/Zuma Wire/Rex/Shutterstock",
guardian_12567a43ac,The Guardian,2020,"""climate change""",Curtain raiser: the best Australian stage shows to look forward to in 2021,https://www.theguardian.com/culture/2020/dec/08/goodwill-good-luck-and-good-hand-hygiene-major-australian-performing-arts-companies-2021-season-guide,2020-12-07,2024-09-04,14,https://i.guim.co.uk/img/media/5e58c038042c99d830e53446e2ad2cc645ebc38a/29_0_572_343/master/572.jpg?width=445&dpr=1&s=none&crop=none,,George Shevtsov in The Cherry Orchard. Photograph: Richard Jefferson/Perth festival,
guardian_26bfdd63b9,The Guardian,2020,"""climate change""",'Pineapple' Hooper: could Rockhampton's unlikely mayoral candidate actually win?,https://www.theguardian.com/australia-news/2020/dec/08/pineapple-hooper-could-rockhamptons-unlikely-mayoral-candidate-actually-win,2020-12-07,2021-08-25,1,https://i.guim.co.uk/img/media/1b96a2165a3befca60668d38c04317e8703a1345/50_0_1500_900/master/1500.jpg?width=465&dpr=1&s=none&crop=none,,"Chris ‘Pineapple’ Hooper was denied the chance to become Rockhampton mayor by the state government, but now locals are wondering whether he could win in a byelection. Photograph: Supplied",
guardian_26bfdd63b9,The Guardian,2020,"""climate change""",'Pineapple' Hooper: could Rockhampton's unlikely mayoral candidate actually win?,https://www.theguardian.com/australia-news/2020/dec/08/pineapple-hooper-could-rockhamptons-unlikely-mayoral-candidate-actually-win,2020-12-07,2021-08-25,2,https://i.guim.co.uk/img/media/4c0b06abb8729813c744b33d234a5436297d56e8/0_112_1548_929/master/1548.jpg?width=445&dpr=1&s=none&crop=none,,Hooper runs a drop-in centre for artists and rides around town barefoot on a collection of vintage bikes. The climate activist says the ‘boom and bust economy is dangerous’,
guardian_8a4fd3de46,The Guardian,2020,"""climate change""",Lab-grown chicken tastes like chicken – but the feeling when eating it is more complicated,https://www.theguardian.com/food/2020/dec/07/lab-grown-chicken-tastes-like-chicken-but-the-feeling-when-eating-it-is-more-complicated,2020-12-07,2021-08-25,1,https://i.guim.co.uk/img/media/4be435a9c321b9deb0310c88312116576ced073d/0_182_4898_2939/master/4898.jpg?width=465&dpr=1&s=none&crop=none,,"‘To be fair, the product does taste like meat. Or, to be more precise – it tastes like a chicken nugget.’ Photograph: Vadim Sazhniev/Getty Images/iStockphoto",
guardian_8a4fd3de46,The Guardian,2020,"""climate change""",Lab-grown chicken tastes like chicken – but the feeling when eating it is more complicated,https://www.theguardian.com/food/2020/dec/07/lab-grown-chicken-tastes-like-chicken-but-the-feeling-when-eating-it-is-more-complicated,2020-12-07,2021-08-25,2,https://i.guim.co.uk/img/media/ffc3590b18d053ac205f533680d7857bba36689b/0_605_4032_2419/master/4032.jpg?width=445&dpr=1&s=none&crop=none,,The lab-grown chicken nugget sampled by Naima Brown. Photograph: Naima Brown,
guardian_8a4fd3de46,The Guardian,2020,"""climate change""",Lab-grown chicken tastes like chicken – but the feeling when eating it is more complicated,https://www.theguardian.com/food/2020/dec/07/lab-grown-chicken-tastes-like-chicken-but-the-feeling-when-eating-it-is-more-complicated,2020-12-07,2021-08-25,3,https://i.guim.co.uk/img/media/1d021b94ac4511abfa0148ec9048f1862368b1f0/0_605_4032_2419/master/4032.jpg?width=445&dpr=1&s=none&crop=none,,Naima Brown speaks with Just Inc’s CEO Josh Tetrick Photograph: Audible,
guardian_8f3d827231,The Guardian,2020,"""climate change""",Not to be sneezed at: how 3D printing is supersizing the tiny world of pollen,https://www.theguardian.com/environment/2020/dec/07/3d-printing-is-supersizing-the-tiny-world-of-pollen-aoe,2020-12-07,2020-12-07,1,https://i.guim.co.uk/img/media/910383f0c369caacd02b5c8d23abc04e48ab68dc/0_0_1118_802/master/1118.jpg?width=465&dpr=1&s=none&crop=none,,"Digital prints of pollen samples, some of which date back thousands of years, produced by Cardiff University’s bioimaging hub. Photograph: Tony Hayes/Cardiff University",
guardian_8f3d827231,The Guardian,2020,"""climate change""",Not to be sneezed at: how 3D printing is supersizing the tiny world of pollen,https://www.theguardian.com/environment/2020/dec/07/3d-printing-is-supersizing-the-tiny-world-of-pollen-aoe,2020-12-07,2020-12-07,2,https://i.guim.co.uk/img/media/02ad9534cb621b199bf0053569af04d0ac0bcfe7/0_480_2448_2448/master/2448.jpg?width=445&dpr=1&s=none&crop=none,,Oliver Wilson holds some examples of the pollen models available through his 3D Pollen Project. Photograph: 3D Pollen Project,
guardian_8f3d827231,The Guardian,2020,"""climate change""",Not to be sneezed at: how 3D printing is supersizing the tiny world of pollen,https://www.theguardian.com/environment/2020/dec/07/3d-printing-is-supersizing-the-tiny-world-of-pollen-aoe,2020-12-07,2020-12-07,3,https://i.guim.co.uk/img/media/0eeae7087f67d27000cdb4df1acc382e51dd7b40/0_4_1445_481/master/1445.jpg?width=445&dpr=1&s=none&crop=none,,A surface-rendered digital image of a single pollen grain generated by confocal microscopy (left) is 3D printed into a 2000x scale replica model (centre and right). Photograph: Tony Hayes/Cardiff University,
guardian_8f3d827231,The Guardian,2020,"""climate change""",Not to be sneezed at: how 3D printing is supersizing the tiny world of pollen,https://www.theguardian.com/environment/2020/dec/07/3d-printing-is-supersizing-the-tiny-world-of-pollen-aoe,2020-12-07,2020-12-07,4,https://i.guim.co.uk/img/media/377ec169352783b0582fba080735d4932b9d111a/0_188_2048_1229/master/2048.jpg?width=445&dpr=1&s=none&crop=none,,A selection of 3D pollen models. Photograph: 3D Pollen Project,
guardian_8f3d827231,The Guardian,2020,"""climate change""",Not to be sneezed at: how 3D printing is supersizing the tiny world of pollen,https://www.theguardian.com/environment/2020/dec/07/3d-printing-is-supersizing-the-tiny-world-of-pollen-aoe,2020-12-07,2020-12-07,5,https://i.guim.co.uk/img/media/0ae30c65d48687a8154400488abc104f38795e47/0_0_1985_1488/master/1985.jpg?width=445&dpr=1&s=none&crop=none,,Emma Gibson’s Quicksand sculptures are of minuscule grains of sand transformed into megalithic forms. Here one is displayed at Selfridges in London. Photograph: Andrew Meredith/Courtesy of YSP,
guardian_97e8b8753d,The Guardian,2020,"""net zero""",UK's first all-electric car charging forecourt opens in Essex,https://www.theguardian.com/environment/2020/dec/07/uk-first-all-electric-car-charging-forecourt-opens-in-essex,2020-12-07,2020-12-08,1,https://i.guim.co.uk/img/media/b8903e2cd0078d480fdb6687755f4150dadd2697/171_189_2472_1483/master/2472.jpg?width=465&dpr=1&s=none&crop=none,,The Braintree forecourt will power cars with enough energy to add 200 miles of driving range in only 20 minutes. Photograph: Giles Christopher,
guardian_97e8b8753d,The Guardian,2020,"""net zero""",UK's first all-electric car charging forecourt opens in Essex,https://www.theguardian.com/environment/2020/dec/07/uk-first-all-electric-car-charging-forecourt-opens-in-essex,2020-12-07,2020-12-08,2,https://i.guim.co.uk/img/media/4a9a2816ccd526bcc834d6bef0d1ddfde91ae1b0/13_267_2308_1385/master/2308.jpg?width=445&dpr=1&s=none&crop=none,,Gridserve hopes to update the traditional petrol station model for a net zero carbon world. Photograph: Giles Christopher,
guardian_c3f94919aa,The Guardian,2020,"""climate change""",Morrison yet to be granted speaking slot at climate summit he vowed to attend,https://www.theguardian.com/australia-news/2020/dec/07/scott-morrison-yet-to-be-granted-speaking-slot-at-weekend-climate-summit,2020-12-07,2021-08-25,1,https://i.guim.co.uk/img/media/ad1f5a17a3fddadea0f305270d0c535f32387e28/0_6_5568_3341/master/5568.jpg?width=465&dpr=1&s=none&crop=none,,"The Australian prime minister, Scott Morrison, hopes to address an online climate summit this weekend but speaker’s slots are only open to leaders announcing new measures to tackle climate change. Photograph: Lukas Coch/AAP",
guardian_d0a6447097,The Guardian,2020,"""climate change""","Floodplain harvesting likely illegal under NSW water management act, crown solicitor warns",https://www.theguardian.com/australia-news/2020/dec/08/floodplain-harvesting-likely-under-nsw-water-management-act-crown-solicitor-warns,2020-12-07,2020-12-07,1,https://i.guim.co.uk/img/media/9fc79d4fa6fc0989b5bc45ee0531245df762ead5/0_259_3888_2333/master/3888.jpg?width=465&dpr=1&s=none&crop=none,,An admission that floodplain harvesting is likely illegal under the water management act will strengthen the case put by Indigenous groups and environmentalists that the practice needs to be curbed. Photograph: Getty Images/iStockphoto,
guardian_fc85b6b6ef,The Guardian,2020,"""climate change""",International border to stay closed until at least March - as it happened,https://www.theguardian.com/australia-news/live/2020/dec/08/australian-politics-live-morrison-coalition-covid-nsw-victoria-qld-latest,2020-12-07,2021-07-08,1,https://i.guim.co.uk/img/media/02259cc9fb6ce7e717f8065577f359c412648717/484_76_1717_1030/master/1717.jpg?width=465&dpr=1&s=none&crop=none,,Dave Sharma says the government’s new foreign veto power ‘should only be used minimally’. Photograph: Mick Tsikas/AAP,
guardian_fc85b6b6ef,The Guardian,2020,"""climate change""",International border to stay closed until at least March - as it happened,https://www.theguardian.com/australia-news/live/2020/dec/08/australian-politics-live-morrison-coalition-covid-nsw-victoria-qld-latest,2020-12-07,2021-07-08,2,https://i.guim.co.uk/img/media/f9cf158cf8377cfbedc5828816912f1d5dc2b845/0_0_5472_3648/master/5472.jpg?width=465&dpr=1&s=none&crop=none,,Joel Fitzgibbon: ‘This is a prime minister who is driven by polling.’ Photograph: Mike Bowers/The Guardian,
guardian_0cb2b454f3,The Guardian,2020,"""climate change""",Reserve bank asked to explain $10.9m contract with Trevor St Baker's power company,https://www.theguardian.com/australia-news/2020/dec/09/reserve-bank-asked-to-explain-109m-contract-with-trevor-st-bakers-power-company,2020-12-08,2020-12-08,1,https://i.guim.co.uk/img/media/149da964aca96e4ba31b206358909ae91484d15d/0_18_2000_1201/master/2000.jpg?width=465&dpr=1&s=none&crop=none,,Trevor St Baker’s power company has entered into a $10.9m contract with the Reserve Bank of Australia to provide electricity services for RBA properties. Photograph: Patrick Hamilton,
guardian_1c5633e466,The Guardian,2020,"""climate change""",A video game garden: the delights of virtual botany,https://www.theguardian.com/games/2020/dec/08/a-video-game-garden-the-delights-of-virtual-botany,2020-12-08,2020-12-08,1,https://i.guim.co.uk/img/media/cefc8fda7b030fb00b995742c0d4fb6ef60fdd15/0_0_3600_2160/master/3600.jpg?width=465&dpr=1&s=none&crop=none,,A mystery to unravel ... Everybody’s Gone to the Rapture. Photograph: Chinese Room,
guardian_1c5633e466,The Guardian,2020,"""climate change""",A video game garden: the delights of virtual botany,https://www.theguardian.com/games/2020/dec/08/a-video-game-garden-the-delights-of-virtual-botany,2020-12-08,2020-12-08,2,https://i.guim.co.uk/img/media/cde78b0603a0956525d4517e9c0922a4df8943c7/0_0_3600_2160/master/3600.jpg?width=445&dpr=1&s=none&crop=none,,The Fields of Elysium ... Assassin’s Creed: Odyssey. Photograph: Ubisoft,
guardian_1c5633e466,The Guardian,2020,"""climate change""",A video game garden: the delights of virtual botany,https://www.theguardian.com/games/2020/dec/08/a-video-game-garden-the-delights-of-virtual-botany,2020-12-08,2020-12-08,3,https://i.guim.co.uk/img/media/98e502a455dfc86179c284a6ef45883601d73b61/98_0_1800_1080/master/1800.jpg?width=445&dpr=1&s=none&crop=none,,A sketch from Arthur Morgan’s notebook in Red Dead Redemption 2. Photograph: Rockstar Games,
guardian_1c5633e466,The Guardian,2020,"""climate change""",A video game garden: the delights of virtual botany,https://www.theguardian.com/games/2020/dec/08/a-video-game-garden-the-delights-of-virtual-botany,2020-12-08,2020-12-08,4,https://i.guim.co.uk/img/media/1106a9a4f8f7233122cd261b714427ec44699a6b/0_79_4608_2765/master/4608.jpg?width=445&dpr=1&s=none&crop=none,,Should there be a plant-spotting version of Pokémon Go? Photograph: Wachirawit Iemlerkchai/Alamy Stock Photo,
guardian_2ec2202bc0,The Guardian,2020,"""climate change""",Our global fire crisis is the sign of a dying biosphere. But we can take action,https://www.theguardian.com/commentisfree/2020/dec/08/our-global-fire-crisis-is-the-sign-of-a-dying-biosphere-but-we-can-take-action,2020-12-08,2020-12-08,1,https://i.guim.co.uk/img/media/c233e11c0ab82e2ba576021de3077e29637258ab/0_287_3500_2100/master/3500.jpg?width=465&dpr=1&s=none&crop=none,,‘California falls under “livestock’s long shadow”.’ Photograph: Mike Blake/Reuters,
guardian_8df5a3b609,The Guardian,2020,"""climate change""",Shadow cabinet MPs express Labour Brexit strategy doubts,https://www.theguardian.com/politics/2020/dec/08/shadow-cabinet-ministers-express-labour-brexit-strategy-doubts,2020-12-08,2020-12-08,1,https://i.guim.co.uk/img/media/338ac79b87a6ac62d5121eb980b97bc8b3de6faa/0_146_4387_2632/master/4387.jpg?width=465&dpr=1&s=none&crop=none,,Starmer has been warned there could be an exodus of members if Labour votes for a Boris Johnson deal. Photograph: Justin Tallis/AFP/Getty Images,
guardian_9955124bbd,The Guardian,2020,"""climate change""",Labour risks loss of young voters by 'going backwards' on climate,https://www.theguardian.com/environment/2020/dec/08/labour-risks-loss-of-young-voters-by-going-backwards-on-climate,2020-12-08,2020-12-09,1,https://i.guim.co.uk/img/media/94203c68dc0267c8f545f1b4276a0de56727a3a8/0_224_6720_4032/master/6720.jpg?width=465&dpr=1&s=none&crop=none,,Protesters listen to then Labour leader Jeremy Corbyn address the crowd during a climate demonstration in London last September. Some are concerned the party is too quiet on the issue. Photograph: Dan Kitwood/Getty Images,
guardian_9955124bbd,The Guardian,2020,"""climate change""",Labour risks loss of young voters by 'going backwards' on climate,https://www.theguardian.com/environment/2020/dec/08/labour-risks-loss-of-young-voters-by-going-backwards-on-climate,2020-12-08,2020-12-09,2,https://i.guim.co.uk/img/media/9321f603025d34c44571050acc723d18e9a54510/700_0_1600_2000/master/1600.jpg?width=445&dpr=1&s=none&crop=none,,Joe Brindle: the green new deal is now ‘hardly ever mentioned’. Photograph: Sam Frost/The Guardian,
guardian_a784ff380a,The Guardian,2020,"""climate change""",Federal Coalition MPs raise fresh concerns about NSW clean energy commitment,https://www.theguardian.com/australia-news/2020/dec/08/federal-coalition-mps-raise-fresh-concerns-about-nsw-clean-energy-commitment,2020-12-08,2021-08-25,1,https://i.guim.co.uk/img/media/fec7dca389e51bd13ac1941f4dd0b737e297d351/0_104_4078_2447/master/4078.jpg?width=465&dpr=1&s=none&crop=none,,Scott Morrison does not yet have a speaker’s spot at this weekend’s climate summit despite saying he intends to use the event to ‘correct mistruths’ about his government’s record. Photograph: Mick Tsikas/AAP,
guardian_b5b0d32577,The Guardian,2020,"""net zero""",Australian states were warned road user tax on electric vehicles could discourage uptake,https://www.theguardian.com/environment/2020/dec/09/australian-states-were-warned-road-user-tax-on-electric-vehicles-could-discourage-uptake,2020-12-08,2020-12-08,1,https://i.guim.co.uk/img/media/49b18d1a23a1231e0c76190b25e9f8ca8cb3f942/0_1095_1502_900/master/1502.jpg?width=465&dpr=1&s=none&crop=none,,"Australia trails nearly all comparable countries on electric vehicle uptake. Only 0.6% of new cars sold are electric, compared with about 60% in Norway. Photograph: YvanDube/Getty Images/iStockphoto",
guardian_b68b1eae31,The Guardian,2020,"""climate change""",Coalition and Labor clash on industrial relations bill – as it happened,https://www.theguardian.com/australia-news/live/2020/dec/09/australian-politics-live-coalition-unions-industrial-relations-cruise-ships-scott-morrison-coronavirus-covid,2020-12-08,2020-12-09,1,https://i.guim.co.uk/img/media/1785d6ae79888f4a23ed9b3082d42ad08ce66f90/0_17_3918_2351/master/3918.jpg?width=465&dpr=1&s=none&crop=none,,West Australian premier Mark McGowan Photograph: Paul Kane/Getty Images,
guardian_b68b1eae31,The Guardian,2020,"""climate change""",Coalition and Labor clash on industrial relations bill – as it happened,https://www.theguardian.com/australia-news/live/2020/dec/09/australian-politics-live-coalition-unions-industrial-relations-cruise-ships-scott-morrison-coronavirus-covid,2020-12-08,2020-12-09,2,https://i.guim.co.uk/img/media/1859f8ecbd9d140266643db236595c7155db6262/0_285_4423_2654/master/4423.jpg?width=465&dpr=1&s=none&crop=none,,Senator Pat Dodson Photograph: Mike Bowers/The Guardian,
guardian_b68b1eae31,The Guardian,2020,"""climate change""",Coalition and Labor clash on industrial relations bill – as it happened,https://www.theguardian.com/australia-news/live/2020/dec/09/australian-politics-live-coalition-unions-industrial-relations-cruise-ships-scott-morrison-coronavirus-covid,2020-12-08,2020-12-09,3,https://i.guim.co.uk/img/media/b6d8f6ee3f6020a774c292eb52ce61df837909ad/0_0_5472_3648/master/5472.jpg?width=465&dpr=1&s=none&crop=none,,South Australian senator Rex Patrick Photograph: Mike Bowers/The Guardian,
guardian_b68b1eae31,The Guardian,2020,"""climate change""",Coalition and Labor clash on industrial relations bill – as it happened,https://www.theguardian.com/australia-news/live/2020/dec/09/australian-politics-live-coalition-unions-industrial-relations-cruise-ships-scott-morrison-coronavirus-covid,2020-12-08,2020-12-09,4,https://i.guim.co.uk/img/media/91a0d07b6592ff3451c94a96020672319097c7db/414_315_3652_2191/master/3652.jpg?width=465&dpr=1&s=none&crop=none,,Andrew Forrest Photograph: Mike Bowers/The Guardian,
guardian_c2e17c410a,The Guardian,2020,"""climate change""",The Paris agreement five years on: is it strong enough to avert climate catastrophe?,https://www.theguardian.com/environment/2020/dec/08/the-paris-agreement-five-years-on-is-it-strong-enough-to-avert-climate-catastrophe,2020-12-08,2021-08-25,1,https://i.guim.co.uk/img/media/a115a8bc33d89117674646c61a53a2ec352e2a84/0_216_4096_2457/master/4096.jpg?width=445&dpr=1&s=none&crop=none,,French Special Representative for the 2015 Paris Climate Conference. Photograph: Christophe Petit Tesson/EPA,
guardian_c2e17c410a,The Guardian,2020,"""climate change""",The Paris agreement five years on: is it strong enough to avert climate catastrophe?,https://www.theguardian.com/environment/2020/dec/08/the-paris-agreement-five-years-on-is-it-strong-enough-to-avert-climate-catastrophe,2020-12-08,2021-08-25,2,https://i.guim.co.uk/img/media/d22093e4aac68e0b5915b24de0e512981621992b/0_0_4000_2402/master/4000.jpg?width=445&dpr=1&s=none&crop=none,,Illustration: Guardian Design,
guardian_c2e17c410a,The Guardian,2020,"""climate change""",The Paris agreement five years on: is it strong enough to avert climate catastrophe?,https://www.theguardian.com/environment/2020/dec/08/the-paris-agreement-five-years-on-is-it-strong-enough-to-avert-climate-catastrophe,2020-12-08,2021-08-25,3,https://i.guim.co.uk/img/media/cc4143d2be0b5c795e6846e274cac34b042d198e/0_0_4000_2402/master/4000.jpg?width=445&dpr=1&s=none&crop=none,,US president-elect Joe Biden has appointed John Kerry as his special presidential envoy for climate. Illustration: Guardian Design,
guardian_c2e17c410a,The Guardian,2020,"""climate change""",The Paris agreement five years on: is it strong enough to avert climate catastrophe?,https://www.theguardian.com/environment/2020/dec/08/the-paris-agreement-five-years-on-is-it-strong-enough-to-avert-climate-catastrophe,2020-12-08,2021-08-25,4,https://i.guim.co.uk/img/media/7e978bfdaea5fa7c3d0cc39ee71a31983113be5d/0_0_4000_2400/master/4000.png?width=445&dpr=1&s=none&crop=none,,Illustration: Guardian Design,
guardian_f8af7e08fd,The Guardian,2020,"""climate change""",UK energy networks get go-ahead to invest in green revolution,https://www.theguardian.com/business/2020/dec/08/uk-energy-networks-green-revolution-returns-ofgem,2020-12-08,2020-12-08,1,https://i.guim.co.uk/img/media/c242d0211b8b38e7cb6d5aa1c80c27e5a1ab7129/0_384_5760_3456/master/5760.jpg?width=465&dpr=1&s=none&crop=none,,"Whitelee, the UK’s largest onshore windfarm. Energy networks will be allowed to spend more on green projects in the next five years. Photograph: Murdo MacLeod/The Guardian",
guardian_f935bc5292,The Guardian,2020,"""climate change""",Greenhouse gas emissions transforming the Arctic into 'an entirely different climate',https://www.theguardian.com/world/2020/dec/08/arctic-report-climate-crisis-wildfires-ice-loss,2020-12-08,2021-08-25,1,https://i.guim.co.uk/img/media/c406d4f2714a4129a405358c4d0fbc6a030ae865/111_0_3277_1968/master/3277.jpg?width=465&dpr=1&s=none&crop=none,,Arctic sea ice shrank to its second lowest summer extent in the 42-year satellite record in 2020. Photograph: Natalie Thomas/Reuters,
guardian_134f29845f,The Guardian,2020,"""climate change""","Rich failing to help fund poor countries' climate fight, warns UN secretary general",https://www.theguardian.com/environment/2020/dec/09/rich-failing-help-fund-poor-countries-climate-fight-warns-un-chief-antonio-guterres,2020-12-09,2021-08-25,1,https://i.guim.co.uk/img/media/8594498a7d6d194a9eb271759f9627a2480a63c2/0_47_3500_2100/master/3500.jpg?width=465&dpr=1&s=none&crop=none,,António Guterres: ‘We need to gain confidence in the developing world.’ Photograph: Eduardo Muñoz/Reuters,
guardian_2c49b1acf2,The Guardian,2020,"""climate change""","Morning mail: Paris targets in reach, Canada approves vaccine, lives in limbo",https://www.theguardian.com/australia-news/2020/dec/10/morning-mail-paris-targets-in-reach-canada-approves-vaccine-lives-in-limbo,2020-12-09,2020-12-09,1,https://i.guim.co.uk/img/media/56c6967bd61976a73002c491fc720a1bc49ac60e/0_371_5568_3341/master/5568.jpg?width=445&dpr=1&s=none&crop=none,,Independent senator Rex Patrick said ‘unfortunately the data is not there’ to support the government’s plan to make the cashless debit card scheme permanent. Photograph: Mick Tsikas/AAP,
guardian_2c49b1acf2,The Guardian,2020,"""climate change""","Morning mail: Paris targets in reach, Canada approves vaccine, lives in limbo",https://www.theguardian.com/australia-news/2020/dec/10/morning-mail-paris-targets-in-reach-canada-approves-vaccine-lives-in-limbo,2020-12-09,2020-12-09,2,https://i.guim.co.uk/img/media/1e0b1da6a68dc16675ab383028cbb2ce96dd00f9/0_102_5568_3341/master/5568.jpg?width=445&dpr=1&s=none&crop=none,,London human-made skyline. Photograph: Daniel Leal-Olivas/AFP/Getty Images,
guardian_2c49b1acf2,The Guardian,2020,"""climate change""","Morning mail: Paris targets in reach, Canada approves vaccine, lives in limbo",https://www.theguardian.com/australia-news/2020/dec/10/morning-mail-paris-targets-in-reach-canada-approves-vaccine-lives-in-limbo,2020-12-09,2020-12-09,3,https://i.guim.co.uk/img/media/5bd456591644576fa52cd2c94055963fba750cd1/0_448_6720_4032/master/6720.jpg?width=445&dpr=1&s=none&crop=none,,"Aspiring artist Emmanuel Asante, originally from Ghana, now lives in Fairfield, western Sydney. Photograph: Carly Earl/The Guardian",
guardian_2c49b1acf2,The Guardian,2020,"""climate change""","Morning mail: Paris targets in reach, Canada approves vaccine, lives in limbo",https://www.theguardian.com/australia-news/2020/dec/10/morning-mail-paris-targets-in-reach-canada-approves-vaccine-lives-in-limbo,2020-12-09,2020-12-09,4,https://i.guim.co.uk/img/media/06d051c04aa89f190c478e6f985ae2af1327941c/0_107_4356_2613/master/4356.jpg?width=445&dpr=1&s=none&crop=none,,Arsenal’s Caitlin Foord has ranked at No 51 in the Guardian’s 2020 list of the best female footballers in the world. Photograph: David Price/Arsenal FC/Getty Images,
guardian_39c3de0149,The Guardian,2020,"""climate change""",The Wolf Dividing Norway: filming the hunt,https://www.theguardian.com/world/2020/dec/09/the-wolf-dividing-norway-filming-the-hunt,2020-12-09,2020-12-12,1,https://i.guim.co.uk/img/media/0b73d51a9f866c97128ae073c5649ebfdb8591f2/0_295_6000_3600/master/6000.jpg?width=465&dpr=1&s=none&crop=none,,"The wolf hunt leader, Arne Sveen, after the hunt Photograph: Kyrre Lien",
guardian_39c3de0149,The Guardian,2020,"""climate change""",The Wolf Dividing Norway: filming the hunt,https://www.theguardian.com/world/2020/dec/09/the-wolf-dividing-norway-filming-the-hunt,2020-12-09,2020-12-12,2,https://i.guim.co.uk/img/media/79bcea87cc95e40b937489a64f92f94452373363/0_189_2320_2899/master/2320.jpg?width=445&dpr=1&s=none&crop=none,,Tore Hauge and film-maker Kyrre Lien during the making of The Wolf Dividing Norway Photograph: Kyrre Lien/The Guardian,
guardian_39c3de0149,The Guardian,2020,"""climate change""",The Wolf Dividing Norway: filming the hunt,https://www.theguardian.com/world/2020/dec/09/the-wolf-dividing-norway-filming-the-hunt,2020-12-09,2020-12-12,3,https://i.guim.co.uk/img/media/ef0903c6d17c3e82fe0228c0d884749826795d2d/193_0_3600_2160/master/3600.jpg?width=445&dpr=1&s=none&crop=none,,The start of the hunt in The Wolf Dividing Norway Photograph: Kyrre Lien/The Guardian,
guardian_39c3de0149,The Guardian,2020,"""climate change""",The Wolf Dividing Norway: filming the hunt,https://www.theguardian.com/world/2020/dec/09/the-wolf-dividing-norway-filming-the-hunt,2020-12-09,2020-12-12,4,https://i.guim.co.uk/img/media/46602302bfa1747560adfd396020e768692ee11f/0_400_6000_3600/master/6000.jpg?width=445&dpr=1&s=none&crop=none,,"An anti-wolf demonstration with hunt leader Arne Sveen, in the film The Wolf Dividing Norway Photograph: Kyrre Lien/The Guardian",
guardian_39c3de0149,The Guardian,2020,"""climate change""",The Wolf Dividing Norway: filming the hunt,https://www.theguardian.com/world/2020/dec/09/the-wolf-dividing-norway-filming-the-hunt,2020-12-09,2020-12-12,5,https://i.guim.co.uk/img/media/c8586b712c165054c0334d96d466936ce6366b32/0_307_6000_3600/master/6000.jpg?width=445&dpr=1&s=none&crop=none,,Environmentalist Tore Hauge on the set of The Wolf Dividing Norway Photograph: Kyrre Lien/The Guardian,
guardian_39c3de0149,The Guardian,2020,"""climate change""",The Wolf Dividing Norway: filming the hunt,https://www.theguardian.com/world/2020/dec/09/the-wolf-dividing-norway-filming-the-hunt,2020-12-09,2020-12-12,6,https://i.guim.co.uk/img/media/40a3abbff2ed522e47016cae9b556ba89e8c9fab/0_0_6000_3600/master/6000.jpg?width=445&dpr=1&s=none&crop=none,,"After the hunt, in the film The Wolf Dividing Norway Photograph: Kyrre Lien/The Guardian",
guardian_8451639157,The Guardian,2020,"""net zero""","Covid lockdowns will only lower 2050 temperatures by 0.01C, predicts UN",https://www.theguardian.com/environment/2020/dec/09/covid-lockdowns-will-only-lower-2050-temperatures-by-001c-predicts-un,2020-12-09,2021-08-25,1,https://i.guim.co.uk/img/media/1017a0a7ce0d0f3c902d20b83c4d21c135f9e6b3/0_0_6720_4032/master/6720.jpg?width=465&dpr=1&s=none&crop=none,,A virtually empty Times Square in New York City during the spring lockdown. Photograph: Dan Herrick/ZUMA Wire/Rex/Shutterstock,
guardian_87fcbe7043,The Guardian,2020,"""climate change""",MPs urge government to create a 'minister for the dark sky',https://www.theguardian.com/environment/2020/dec/09/mps-urge-government-to-create-a-minister-for-the-dark-sky,2020-12-09,2020-12-10,1,https://i.guim.co.uk/img/media/3ae369f9334cfa1486513a3a1780ea1bad8ee3a0/0_189_5320_3191/master/5320.jpg?width=465&dpr=1&s=none&crop=none,,"A clear sky at night over Clatteringshaws Loch, Dumfries and Galloway. Photograph: Scottish Viewpoint/Alamy",
guardian_8ddeffb3ef,The Guardian,2020,"""climate change""","Australia's record spring heat one-in-500,000 without climate change: analysis",https://www.theguardian.com/environment/2020/dec/10/australias-record-spring-heat-one-in-500000-without-climate-change-analysis,2020-12-09,2021-08-25,1,https://i.guim.co.uk/img/media/876d7d494c58a85a2ded6ef69730955262f2f437/0_348_5212_3127/master/5212.jpg?width=465&dpr=1&s=none&crop=none,,A packed Bondi beach during Sydney’s late November heatwave. New analysis found the spring of 2020 would only occur every half-million years without human greenhouse emissions Photograph: Joel Carrett/AAP,
guardian_917542ac2a,The Guardian,2020,"""climate change""","Until recently, pressure on Australia to drop carryover credits had little impact. But times change",https://www.theguardian.com/commentisfree/2020/dec/09/until-recently-pressure-on-australia-to-drop-carryover-credits-had-little-impact-but-times-change,2020-12-09,2021-08-25,1,https://i.guim.co.uk/img/media/fec7dca389e51bd13ac1941f4dd0b737e297d351/0_104_4078_2447/master/4078.jpg?width=465&dpr=1&s=none&crop=none,,"‘For 30 years Australia has proudly been out on its own, leading the diplomatic charge against an ambitious global climate policy.’ Photograph: Mick Tsikas/AAP",
guardian_95c79e0bdb,The Guardian,2020,"""climate change""",Brexit: Johnson claims Brussels wants power to 'punish' UK if it does not implement future EU laws – as it happened,https://www.theguardian.com/politics/live/2020/dec/09/brexit-boris-johnson-trade-talks-eu-covid-coronavirus-latest-updates,2020-12-09,2023-11-24,1,https://i.guim.co.uk/img/media/653c96baedd05a0a0f373a2c3b87afbd1dbbd4ec/0_0_1920_1080/1920.jpg?width=465&dpr=1&s=none&crop=none,,Boris Johnson warns EU that terms are unacceptable – video,
guardian_95c79e0bdb,The Guardian,2020,"""climate change""",Brexit: Johnson claims Brussels wants power to 'punish' UK if it does not implement future EU laws – as it happened,https://www.theguardian.com/politics/live/2020/dec/09/brexit-boris-johnson-trade-talks-eu-covid-coronavirus-latest-updates,2020-12-09,2023-11-24,2,https://i.guim.co.uk/img/media/704f7ec68d2eed67c203aa6fda8737eee4a5fc4a/0_9_3500_2101/master/3500.jpg?width=465&dpr=1&s=none&crop=none,,"The union jack flying outside the EU’s Berlaymont building, to mark Boris Johnson’s arrival this evening. Photograph: Aaron Chown/PA",
guardian_95c79e0bdb,The Guardian,2020,"""climate change""",Brexit: Johnson claims Brussels wants power to 'punish' UK if it does not implement future EU laws – as it happened,https://www.theguardian.com/politics/live/2020/dec/09/brexit-boris-johnson-trade-talks-eu-covid-coronavirus-latest-updates,2020-12-09,2023-11-24,3,https://i.guim.co.uk/img/media/b77b30cccf776f675bb8f40ae95aa927a3c6f218/0_0_2174_1466/master/2174.jpg?width=465&dpr=1&s=none&crop=none,,Boris Johnson at PMQs. Photograph: Parliament/Jessica Taylor,
guardian_95c79e0bdb,The Guardian,2020,"""climate change""",Brexit: Johnson claims Brussels wants power to 'punish' UK if it does not implement future EU laws – as it happened,https://www.theguardian.com/politics/live/2020/dec/09/brexit-boris-johnson-trade-talks-eu-covid-coronavirus-latest-updates,2020-12-09,2023-11-24,4,https://i.guim.co.uk/img/media/943505339554a19a8adee353f57e8c42beda8970/0_0_2154_1188/master/2154.jpg?width=465&dpr=1&s=none&crop=none,,"UK coronavirus deaths, by date reported. Photograph: Gov.UK",
guardian_95c79e0bdb,The Guardian,2020,"""climate change""",Brexit: Johnson claims Brussels wants power to 'punish' UK if it does not implement future EU laws – as it happened,https://www.theguardian.com/politics/live/2020/dec/09/brexit-boris-johnson-trade-talks-eu-covid-coronavirus-latest-updates,2020-12-09,2023-11-24,5,https://i.guim.co.uk/img/media/d33d23e0ffa1ff11c5accaf1ea3f753c9619817c/0_206_2766_1659/master/2766.jpg?width=465&dpr=1&s=none&crop=none,,Boris Johnson leaving Downing Street for his trip to Brussels. Photograph: Henry Nicholls/Reuters,
guardian_95c79e0bdb,The Guardian,2020,"""climate change""",Brexit: Johnson claims Brussels wants power to 'punish' UK if it does not implement future EU laws – as it happened,https://www.theguardian.com/politics/live/2020/dec/09/brexit-boris-johnson-trade-talks-eu-covid-coronavirus-latest-updates,2020-12-09,2023-11-24,6,https://i.guim.co.uk/img/media/393bf4dfef615f6fb5e86c166e100c1f5c49cede/0_329_8192_4918/master/8192.jpg?width=465&dpr=1&s=none&crop=none,,Johnson’s car leaving Downing Street. Photograph: Tolga Akmen/AFP/Getty Images,
guardian_95c79e0bdb,The Guardian,2020,"""climate change""",Brexit: Johnson claims Brussels wants power to 'punish' UK if it does not implement future EU laws – as it happened,https://www.theguardian.com/politics/live/2020/dec/09/brexit-boris-johnson-trade-talks-eu-covid-coronavirus-latest-updates,2020-12-09,2023-11-24,7,https://i.guim.co.uk/img/media/e5eb65c3a9c08a50797d08df78f0d2527f854b38/0_0_2678_1336/master/2678.jpg?width=465&dpr=1&s=none&crop=none,,"Positive cases in Northern Ireland Photograph: Department of Health, NI",
guardian_95c79e0bdb,The Guardian,2020,"""climate change""",Brexit: Johnson claims Brussels wants power to 'punish' UK if it does not implement future EU laws – as it happened,https://www.theguardian.com/politics/live/2020/dec/09/brexit-boris-johnson-trade-talks-eu-covid-coronavirus-latest-updates,2020-12-09,2023-11-24,8,https://i.guim.co.uk/img/media/98c8bb8185510016375c48668a2f0888cdf1bc33/0_157_4000_2399/master/4000.jpg?width=465&dpr=1&s=none&crop=none,,Larry the Downing Street cat outside No 10 today. Photograph: Tolga Akmen/AFP/Getty Images,
guardian_95c79e0bdb,The Guardian,2020,"""climate change""",Brexit: Johnson claims Brussels wants power to 'punish' UK if it does not implement future EU laws – as it happened,https://www.theguardian.com/politics/live/2020/dec/09/brexit-boris-johnson-trade-talks-eu-covid-coronavirus-latest-updates,2020-12-09,2023-11-24,9,https://i.guim.co.uk/img/media/5032349411bd2d0610267d4f092dadbfbd3dd50a/0_261_3500_2100/master/3500.jpg?width=465&dpr=1&s=none&crop=none,,Princes Street in Edinburgh. Photograph: Jane Barlow/PA,
guardian_a12ee9e32f,The Guardian,2020,"""climate change""",'Not going to get invited': climate summit hosts unlikely to give Scott Morrison a speaking slot,https://www.theguardian.com/environment/2020/dec/09/not-going-to-get-invited-climate-summit-hosts-unlikely-to-give-scott-morrison-a-speaking-slot,2020-12-09,2021-08-25,1,https://i.guim.co.uk/img/media/bee284d92124ad1ff59b3a3ad9f28cef1969a6f7/0_365_5472_3283/master/5472.jpg?width=465&dpr=1&s=none&crop=none,,Scott Morrison during question time on Wednesday. The lack of an ambitious climate pledge looks likely to rule him out of speaking at this weekend’s summit. Photograph: Mike Bowers/The Guardian,
guardian_cf6a391c6a,The Guardian,2020,"""climate change""","Ending UK’s climate emissions ‘affordable’, say official advisers",https://www.theguardian.com/environment/2020/dec/09/ending-uk-climate-emissions-affordable-net-zero-climate-change-committee,2020-12-09,2021-08-25,1,https://i.guim.co.uk/img/media/7becb3e93269379b71d56285340675ff992223c8/0_220_3500_2099/master/3500.jpg?width=465&dpr=1&s=none&crop=none,,The CCC found it is cheaper to transition to electric cars than to continue with petrol and diesel vehicle. Photograph: Andrew Matthews/PA,
guardian_e4ea68a5fd,The Guardian,2020,"""climate change""",Wednesday briefing: Johnson and Von der Leyen make a meal over deal,https://www.theguardian.com/world/2020/dec/09/wednesday-briefing-johnson-and-von-der-leyen-make-a-meal-over-deal,2020-12-09,2020-12-09,1,https://i.guim.co.uk/img/media/93b05107473341a32ee175c7bc540f2d7f686ad7/0_0_1600_900/1600.jpg?width=465&dpr=1&s=none&crop=none,,Rugby union and dementia: is the sport facing a crisis? – video explainer,
guardian_e4ea68a5fd,The Guardian,2020,"""climate change""",Wednesday briefing: Johnson and Von der Leyen make a meal over deal,https://www.theguardian.com/world/2020/dec/09/wednesday-briefing-johnson-and-von-der-leyen-make-a-meal-over-deal,2020-12-09,2020-12-09,2,https://i.guim.co.uk/img/media/88fe4e09c5c503f741005ca07617fa5b22216e79/0_0_2560_1536/master/2560.jpg?width=445&dpr=1&s=none&crop=none,,Chloé Lopes Gomes. Photograph: @pickledthoughtz,
guardian_e4ea68a5fd,The Guardian,2020,"""climate change""",Wednesday briefing: Johnson and Von der Leyen make a meal over deal,https://www.theguardian.com/world/2020/dec/09/wednesday-briefing-johnson-and-von-der-leyen-make-a-meal-over-deal,2020-12-09,2020-12-09,3,https://i.guim.co.uk/img/media/58d02233f2c740fbe22829e1b75a4bacc2fb659d/71_66_4890_2934/master/4890.jpg?width=445&dpr=1&s=none&crop=none,,Composite: Rex/Shutterstock,
guardian_e4ea68a5fd,The Guardian,2020,"""climate change""",Wednesday briefing: Johnson and Von der Leyen make a meal over deal,https://www.theguardian.com/world/2020/dec/09/wednesday-briefing-johnson-and-von-der-leyen-make-a-meal-over-deal,2020-12-09,2020-12-09,4,https://i.guim.co.uk/img/media/ab2bd526a8ffadd7c59ac5f089076c0a724be295/0_0_1400_1775/master/1400.jpg?width=120&dpr=1&s=none&crop=none,,"Guardian front page, Wednesday 9 December 2020.",
guardian_eba99b9aba,The Guardian,2020,"""climate change""",What would a climate-friendly UK mean for you?,https://www.theguardian.com/environment/2020/dec/09/what-would-a-climate-friendly-uk-mean-for-you,2020-12-09,2021-08-25,1,https://i.guim.co.uk/img/media/d8c2478abd9fba2191777122ab3df67175c39937/0_0_3000_1799/master/3000.jpg?width=465&dpr=1&s=none&crop=none,,Morning sunrise in North Yorkshire with wind turbines and trees Photograph: Charlotte Graham/Rex/Shutterstock,
guardian_eba99b9aba,The Guardian,2020,"""climate change""",What would a climate-friendly UK mean for you?,https://www.theguardian.com/environment/2020/dec/09/what-would-a-climate-friendly-uk-mean-for-you,2020-12-09,2021-08-25,2,https://i.guim.co.uk/img/media/92839b2ce6450eb20b2d44f7d18cf4c5fe96f52c/0_15_4697_2819/master/4697.jpg?width=445&dpr=1&s=none&crop=none,,"An electric vehicle charging pod point sign in Stoke-On-Trent, England. Photograph: Nathan Stirk/Getty Images",
guardian_eba99b9aba,The Guardian,2020,"""climate change""",What would a climate-friendly UK mean for you?,https://www.theguardian.com/environment/2020/dec/09/what-would-a-climate-friendly-uk-mean-for-you,2020-12-09,2021-08-25,3,https://i.guim.co.uk/img/media/40182cfaa13d6a877f1151fcd9391cb2c8e06cd6/0_49_2517_1511/master/2517.jpg?width=445&dpr=1&s=none&crop=none,,A plane taking off at sunset. Photograph: Steve Parsons/PA,
guardian_eba99b9aba,The Guardian,2020,"""climate change""",What would a climate-friendly UK mean for you?,https://www.theguardian.com/environment/2020/dec/09/what-would-a-climate-friendly-uk-mean-for-you,2020-12-09,2021-08-25,4,https://i.guim.co.uk/img/media/e34b9a0570662fb21d7c37be69dc6044b0c85fa1/0_198_6048_3628/master/6048.jpg?width=445&dpr=1&s=none&crop=none,,An air source heat pump for a house in Oxfordshire. Photograph: David McGill/Alamy Stock Photo,
guardian_eba99b9aba,The Guardian,2020,"""climate change""",What would a climate-friendly UK mean for you?,https://www.theguardian.com/environment/2020/dec/09/what-would-a-climate-friendly-uk-mean-for-you,2020-12-09,2021-08-25,5,https://i.guim.co.uk/img/media/95ed6ca88087f5875d2f2052bc519c1211d27979/0_22_5616_3368/master/5616.jpg?width=445&dpr=1&s=none&crop=none,,"Tree planting at Sand Martin wood near Carlisle, Cumbria. Photograph: Global Warming Images/Alamy Stock Photo",
guardian_feb17c24bb,The Guardian,2020,"""climate change""",Projections suggest Australia could meet 2030 emissions target without using Kyoto credits,https://www.theguardian.com/australia-news/2020/dec/10/projections-suggest-australia-could-meet-2030-emissions-target-without-using-kyoto-credits,2020-12-09,2021-08-25,1,https://i.guim.co.uk/img/media/5423d4fd7e24ea0a1b6962d6126787745b18976b/800_56_4403_2642/master/4403.jpg?width=465&dpr=1&s=none&crop=none,,"Scott Morrison recently set up a potential retreat on using carryover credits to meet the 2030 target, but some Coalition MPs insist they should be deployed. Photograph: Mike Bowers/The Guardian",
guardian_0189eb2b52,The Guardian,2020,"""climate change""",ECB's €500bn stimulus; US jobless claims jump; UK growth fizzles out – as it happened,https://www.theguardian.com/business/live/2020/dec/10/uk-economy-gdp-october-covid-19-pound-brexit-ecb-stimulus-business-live,2020-12-10,2024-09-25,1,https://i.guim.co.uk/img/media/b483802813c53ca115a71283b7db0346f6775542/0_0_1007_771/master/1007.jpg?width=465&dpr=1&s=none&crop=none,,The top fallers on the FTSE 100 today Photograph: Refinitiv,
guardian_04b235dea9,The Guardian,2020,"""climate change""","New Zealand lagging in developed world on climate funding, Oxfam says",https://www.theguardian.com/world/2020/dec/10/new-zealand-climate-funding-oxfam-poor-countries,2020-12-10,2021-08-25,1,https://i.guim.co.uk/img/media/0dfa22d98bd3a9cb1a2f195e1f7fc2a52e1364fc/0_139_5400_3240/master/5400.jpg?width=465&dpr=1&s=none&crop=none,,Prime Minister Jacinda Ardern declared a climate emergency in New Zealand last week Photograph: Hagen Hopkins/Getty Images,
guardian_7abd0d687e,The Guardian,2020,"""climate change""",The climate crisis should be at the heart of the global Covid recovery,https://www.theguardian.com/commentisfree/2020/dec/10/the-climate-crisis-should-be-at-the-heart-of-the-global-covid-recovery,2020-12-10,2021-08-25,1,https://i.guim.co.uk/img/media/abf1b350bdef7811863c36ee0c5b50f8898e5b41/0_0_3000_1800/master/3000.jpg?width=465&dpr=1&s=none&crop=none,,"‘We should be expanding mass renewable energy, installing electric car charging stations, reforesting, and retrofitting homes, to name just a few examples.’ Wind turbines in North Yorkshire. Photograph: Charlotte Graham/REX/Shutterstock",
guardian_7ad77ccb9b,The Guardian,2020,"""carbon budget""",Greta Thunberg: 'We are speeding in the wrong direction' on climate crisis,https://www.theguardian.com/environment/2020/dec/10/greta-thunberg-we-are-speeding-in-the-wrong-direction-on-climate-crisis,2020-12-10,2021-08-25,1,https://i.guim.co.uk/img/media/2a96373ba1da20ca8da40de0c8e6ac86d363f4f0/0_0_1920_1080/1920.jpg?width=465&dpr=1&s=none&crop=none,,Greta Thunberg dismisses 'empty words' in new climate crisis appeal – video,
guardian_900e5647a6,The Guardian,2020,"""climate change""","Australia will not be given speaking slot at climate summit, Scott Morrison says",https://www.theguardian.com/australia-news/2020/dec/10/eu-tells-australia-to-move-on-actual-emissions-cuts-and-not-rely-on-kyoto-credits,2020-12-10,2021-08-25,1,https://i.guim.co.uk/img/media/3af7f69c0de70287168cc5807ca4e3a6d831c588/0_127_3543_2126/master/3543.jpg?width=465&dpr=1&s=none&crop=none,,The Morrison government is under pressure from the EU to scrap any plan to use Kyoto-era credits to meet its Paris climate change agreement pledge. Photograph: Jessica Hromas/The Guardian,
guardian_a6f1ab3514,The Guardian,2020,"""climate change""",Pfizer/BioNTech Covid vaccine approved by panel clearing way for FDA authorization for emergency use – as it happened,https://www.theguardian.com/us-news/live/2020/dec/10/coronavirus-covid-19-joe-biden-donald-trump-us-election-supreme-court-live-updates,2020-12-10,2021-02-17,1,https://i.guim.co.uk/img/media/a0d995e052f94ae1345f842ad6cbd5c568cea8b2/0_0_2623_1574/master/2623.jpg?width=465&dpr=1&s=none&crop=none,,New Hampshire House Speaker Dick Hinch Photograph: Elise Amendola/AP,
guardian_c9926d09d8,The Guardian,2020,"""climate change""",Cambridge University urged to re-invite rightwing academic Jordan Peterson,https://www.theguardian.com/education/2020/dec/10/cambridge-university-urged-to-re-invite-rightwing-academic-jordan-peterson,2020-12-10,2020-12-10,1,https://i.guim.co.uk/img/media/8c2d2654f305c67070e0969f600557c5b605fcfd/47_410_2917_1751/master/2917.jpg?width=465&dpr=1&s=none&crop=none,,Cambridge University’s policy change makes it less likely students will try to get speakers ‘disinvited’ says a reader in philosophy on the campus. Photograph: Joe Giddens/PA,
guardian_04b67bde9f,The Guardian,2020,"""climate change""",Sinister sounds: podcasts are becoming the new medium of misinformation,https://www.theguardian.com/media/2020/dec/12/sinister-sounds-podcasts-are-becoming-the-new-medium-of-misinformation,2020-12-11,2021-12-21,1,https://i.guim.co.uk/img/media/90130f0a0bad2c5da32c8ed30e298eb4969550e9/404_74_2609_1564/master/2609.jpg?width=465&dpr=1&s=none&crop=none,,Joe Rogan has given a platform to far-right figures and conspiracy theories on his very popular podcast. Photograph: Greg Allen/REX/Shutterstock,
guardian_0fa8cc9f1a,The Guardian,2020,"""1.5C""",First Thing: states take Texas to task over 'baseless' election lawsuit,https://www.theguardian.com/us-news/2020/dec/11/first-thing-texas-baseless-election-lawsuit,2020-12-11,2020-12-11,1,https://i.guim.co.uk/img/media/69d27c01981594703fa392a84e2134a7613f54ef/0_0_5649_3389/master/5649.jpg?width=465&dpr=1&s=none&crop=none,,More than 100 Republican members of the House filed an amicus brief in support of the Texas lawsuit to overturn the election on Thursday. Photograph: Jack Kurtz/Zuma Wire/Rex/Shutterstock,
guardian_0fa8cc9f1a,The Guardian,2020,"""1.5C""",First Thing: states take Texas to task over 'baseless' election lawsuit,https://www.theguardian.com/us-news/2020/dec/11/first-thing-texas-baseless-election-lawsuit,2020-12-11,2020-12-11,2,https://i.guim.co.uk/img/media/05251541bfe0a0b72e6c2511b4aa11c756fbb47b/0_136_5000_3001/master/5000.jpg?width=445&dpr=1&s=none&crop=none,,Time magazine said Biden and Harris ‘offered restoration and renewal in a single ticket’. Photograph: Olivier Douliery/AFP/Getty Images,
guardian_0fa8cc9f1a,The Guardian,2020,"""1.5C""",First Thing: states take Texas to task over 'baseless' election lawsuit,https://www.theguardian.com/us-news/2020/dec/11/first-thing-texas-baseless-election-lawsuit,2020-12-11,2020-12-11,3,https://i.guim.co.uk/img/media/61aff5de0dc11fabfcef76479bfaaa3a15bad92e/57_0_3334_2001/master/3334.jpg?width=445&dpr=1&s=none&crop=none,,"If the FDA take on the committee’s advice, the US would become only the third country in the world to have authorised the Pfizer/BioNTech vaccine. Photograph: Dado Ruvić/Reuters",
guardian_0fa8cc9f1a,The Guardian,2020,"""1.5C""",First Thing: states take Texas to task over 'baseless' election lawsuit,https://www.theguardian.com/us-news/2020/dec/11/first-thing-texas-baseless-election-lawsuit,2020-12-11,2020-12-11,4,https://i.guim.co.uk/img/media/2a96373ba1da20ca8da40de0c8e6ac86d363f4f0/57_0_1800_1080/master/1800.jpg?width=445&dpr=1&s=none&crop=none,,Greta Thunberg warned ‘the action needed is still nowhere in sight’. Photograph: A Gripping Films Production,
guardian_0fa8cc9f1a,The Guardian,2020,"""1.5C""",First Thing: states take Texas to task over 'baseless' election lawsuit,https://www.theguardian.com/us-news/2020/dec/11/first-thing-texas-baseless-election-lawsuit,2020-12-11,2020-12-11,5,https://i.guim.co.uk/img/media/2b8a57205c8a354c8e7702432c5e58e7f0d290f3/0_268_4921_2953/master/4921.jpg?width=445&dpr=1&s=none&crop=none,,Gold medalist Race Imboden of United States takes a knee during the national anthem ceremony for fencing at the Pan American Games in 2019. Photograph: Leonardo Fernandez/Getty Images,
guardian_0fa8cc9f1a,The Guardian,2020,"""1.5C""",First Thing: states take Texas to task over 'baseless' election lawsuit,https://www.theguardian.com/us-news/2020/dec/11/first-thing-texas-baseless-election-lawsuit,2020-12-11,2020-12-11,6,https://i.guim.co.uk/img/media/22d1ce7bef2dac9ce3d0874cda82a8623897285f/0_72_4192_3032/master/4192.jpg?width=445&dpr=1&s=none&crop=none,,Bernard was indicted for his role in a double murder that took place when he was 18. Photograph: Defense Team Of Brandon Bernard/EPA,
guardian_0fa8cc9f1a,The Guardian,2020,"""1.5C""",First Thing: states take Texas to task over 'baseless' election lawsuit,https://www.theguardian.com/us-news/2020/dec/11/first-thing-texas-baseless-election-lawsuit,2020-12-11,2020-12-11,7,https://i.guim.co.uk/img/media/b01955b0ddefbd3351f8fdac31c010052dee33b3/0_365_5472_3283/master/5472.jpg?width=445&dpr=1&s=none&crop=none,,A minimalist nativity scene made from plasticine. Photograph: Mike Bowers/The Guardian,
guardian_22ee15f97e,The Guardian,2020,"""climate change""",Investor group makes net-zero carbon pledge to tackle climate crisis,https://www.theguardian.com/business/2020/dec/11/investor-group-makes-net-zero-carbon-pledge-to-tackle-climate-crisis,2020-12-11,2021-08-25,1,https://i.guim.co.uk/img/media/23690bbbe1a420af3fa5ba525ecb342f7117f687/0_94_7994_4797/master/7994.jpg?width=465&dpr=1&s=none&crop=none,,"An industrial plant and coal-fired power station in Duisburg, Germany. Photograph: Ina Fassbender/AFP/Getty Images",
guardian_251e86385b,The Guardian,2020,"""climate change""",Paris climate agreement: 54 cities on track to meet targets,https://www.theguardian.com/environment/2020/dec/11/paris-climate-agreement-54-cities-on-track-to-meet-targets,2020-12-11,2021-08-25,1,https://i.guim.co.uk/img/media/f84fa21497e63f221944bbd156fc0f2aaf003f65/0_141_5040_3024/master/5040.jpg?width=465&dpr=1&s=none&crop=none,,Anne Hidalgo: ‘I am proud to see so many cities from all over the world launch their plans.’ Photograph: Vincent Isore/via Zuma Press/Rex/Shutterstock,
guardian_5bdd879c84,The Guardian,2020,"""climate change""",Rebound in carbon emissions expected in 2021 after fall caused by Covid,https://www.theguardian.com/environment/2020/dec/11/rebound-in-carbon-emissions-expected-in-2021-after-fall-caused-by-covid,2020-12-11,2021-08-25,1,https://i.guim.co.uk/img/media/42abd12a3a9f9088947fc9296edc6a8154a5f473/0_133_2097_1258/master/2097.jpg?width=465&dpr=1&s=none&crop=none,,Greenhouse gas emissions dropped to about 34bn tonnes of carbon dioxide in 2020. Photograph: John Giles/PA,
guardian_7a131a556f,The Guardian,2020,"""climate change""","Australia won't use Kyoto carryover credits to meet Paris climate targets, Scott Morrison confirms",https://www.theguardian.com/world/2020/dec/11/australia-wont-use-kyoto-carryover-credits-to-meet-paris-climate-targets-scott-morrison-confirms,2020-12-11,2021-08-25,1,https://i.guim.co.uk/img/media/8727dbaa5a0bb957caf99adcf6056a0944708ba6/0_514_4500_2701/master/4500.jpg?width=465&dpr=1&s=none&crop=none,,Australia’s prime minister Scott Morrison with Fiji’s prime minister Frank Bainimarama. The Fijian leader says Pacific islands will not be ‘the sacrificial canary for coal-burning countries’. Photograph: David Mariuz/AAP,
guardian_7c5ed9a04e,The Guardian,2020,"""climate change""",Silent treatment: how Scott Morrison earned Boris Johnson's climate summit snub,https://www.theguardian.com/australia-news/2020/dec/12/silent-treatment-how-scott-morrison-earned-boris-johnsons-climate-summit-snub,2020-12-11,2021-08-25,1,https://i.guim.co.uk/img/media/385d461934c489ad30780debcead475fba81cc12/0_0_5342_3206/master/5342.jpg?width=465&dpr=1&s=none&crop=none,,Scott Morrison mistakenly believed Australia was invited to speak at a climate summit. Photograph: Mick Tsikas/AAP,
guardian_801cfbb63c,The Guardian,2020,"""climate change""",Barnaby Joyce finds 'love' with alt-right commentator Lauren Southern,https://www.theguardian.com/media/commentisfree/2020/dec/11/barnaby-joyce-finds-love-with-alt-right-commentator-lauren-southern,2020-12-11,2020-12-17,1,https://i.guim.co.uk/img/media/be8f61a9616bd2260f45528fa96f7708215c8d8e/0_112_3589_2154/master/3589.jpg?width=465&dpr=1&s=none&crop=none,,Former Australian deputy prime minister Barnaby Joyce said he had ‘economically and politically fallen in love with’ Sky News contributor Lauren Southern. Photograph: Bradley Kanaris/EPA,
guardian_8dda76428a,The Guardian,2020,"""climate change""",Fighting for Fraser Island: how tourism and climate change put an ancient environment at risk,https://www.theguardian.com/environment/2020/dec/11/fighting-for-fraser-island-how-tourism-and-climate-change-put-an-ancient-environment-at-risk,2020-12-11,2023-07-19,1,https://i.guim.co.uk/img/media/3eae7c5afcfcf6635d1f8fcc43ae4011d7aa9603/0_342_5125_3075/master/5125.jpg?width=465&dpr=1&s=none&crop=none,,"Lake Wabby on Fraser Island. A devastating bushfire has scorched more than half the island, which is home to half the world’s freshwater dune lakes. Photograph: Justin Paget/Getty Images",
guardian_8dda76428a,The Guardian,2020,"""climate change""",Fighting for Fraser Island: how tourism and climate change put an ancient environment at risk,https://www.theguardian.com/environment/2020/dec/11/fighting-for-fraser-island-how-tourism-and-climate-change-put-an-ancient-environment-at-risk,2020-12-11,2023-07-19,2,https://i.guim.co.uk/img/media/d048984ec2428b804b3ae7174b12dd175b573035/165_0_2767_1660/master/2767.jpg?width=445&dpr=1&s=none&crop=none,,Many thousands of 4WD vehicles drive on Fraser Island’s beaches and there are hundreds of thousands of visitors each year. Photograph: Dave Hunt/AAP,
guardian_8dda76428a,The Guardian,2020,"""climate change""",Fighting for Fraser Island: how tourism and climate change put an ancient environment at risk,https://www.theguardian.com/environment/2020/dec/11/fighting-for-fraser-island-how-tourism-and-climate-change-put-an-ancient-environment-at-risk,2020-12-11,2023-07-19,3,https://i.guim.co.uk/img/media/a3d62bbf6502975a65532ab82e20044020f1c7c9/0_0_3216_1929/master/3216.jpg?width=445&dpr=1&s=none&crop=none,,"Fraser Island has the most spectacular and complex series of coastal dunes in the world, says Prof Jamie Shulmeister. Photograph: Dave Hunt/AAP",
guardian_8dda76428a,The Guardian,2020,"""climate change""",Fighting for Fraser Island: how tourism and climate change put an ancient environment at risk,https://www.theguardian.com/environment/2020/dec/11/fighting-for-fraser-island-how-tourism-and-climate-change-put-an-ancient-environment-at-risk,2020-12-11,2023-07-19,4,https://i.guim.co.uk/img/media/3f54e55d84e2f7a7159cdbf62510551840b27f6f/0_0_1920_1080/1920.jpg?width=465&dpr=1&s=none&crop=none,,Fraser Island fire: massive blaze on World Heritage-listed site burns for six weeks – video,
guardian_8dda76428a,The Guardian,2020,"""climate change""",Fighting for Fraser Island: how tourism and climate change put an ancient environment at risk,https://www.theguardian.com/environment/2020/dec/11/fighting-for-fraser-island-how-tourism-and-climate-change-put-an-ancient-environment-at-risk,2020-12-11,2023-07-19,5,https://i.guim.co.uk/img/media/4404d0243c8ed4c72d11e6cabbc806b5f1046cf9/0_320_5267_3162/master/5267.jpg?width=445&dpr=1&s=none&crop=none,,"‘What terrifies me is the extent of the fire,’ says Keith Sinclair, who has been coming to the island all his life. Photograph: Danny Casey/AAP",
guardian_96c1ca3fb3,The Guardian,2020,"""climate change""",Fed up with all the bad news? Sometimes it makes the world better,https://www.theguardian.com/world/2020/dec/11/good-news-bad-journalism-upside-downside-best-of-2020,2020-12-11,2021-08-25,1,https://i.guim.co.uk/img/media/015f96ebc5ea938ae9e859e75ce229e033ecf45b/0_0_2500_1500/master/2500.jpg?width=465&dpr=1&s=none&crop=none,,This week’s bad news Composite: Various,
guardian_96c1ca3fb3,The Guardian,2020,"""climate change""",Fed up with all the bad news? Sometimes it makes the world better,https://www.theguardian.com/world/2020/dec/11/good-news-bad-journalism-upside-downside-best-of-2020,2020-12-11,2021-08-25,2,https://i.guim.co.uk/img/media/c672878447a763139847a8eedd50e51203871ede/0_516_8660_5199/master/8660.jpg?width=445&dpr=1&s=none&crop=none,,"Lab-grown meat, Germany. Photograph: AndreyPopov/Getty Images/iStockphoto",
guardian_96c1ca3fb3,The Guardian,2020,"""climate change""",Fed up with all the bad news? Sometimes it makes the world better,https://www.theguardian.com/world/2020/dec/11/good-news-bad-journalism-upside-downside-best-of-2020,2020-12-11,2021-08-25,3,https://i.guim.co.uk/img/media/012bde4bfd7eef50a68351c9c4410a242869b5c1/0_0_3543_2326/master/3543.jpg?width=445&dpr=1&s=none&crop=none,,Starlings in the skies. Photograph: Bougiotis Vangelis/EPA,
guardian_b0529a1f06,The Guardian,2020,"""climate change""",The magnifying glass: how Covid revealed the truth about our world,https://www.theguardian.com/world/2020/dec/11/covid-upturned-planet-freedland,2020-12-11,2020-12-11,1,https://i.guim.co.uk/img/media/f922934db1bf73e25988cfb5c6548eb563c03101/133_0_4795_2877/master/4795.jpg?width=445&dpr=1&s=none&crop=none,,"NHS staff at Aintree university hospital in Liverpool, UK, on the night of the final Clap for Carers, on 28 May. Photograph: Peter Powell/EPA",
guardian_b0529a1f06,The Guardian,2020,"""climate change""",The magnifying glass: how Covid revealed the truth about our world,https://www.theguardian.com/world/2020/dec/11/covid-upturned-planet-freedland,2020-12-11,2020-12-11,2,https://i.guim.co.uk/img/media/873ab8bf024a81a508968cfd38b4be11c026159b/393_0_3147_3934/master/3147.jpg?width=445&dpr=1&s=none&crop=none,,The cover of Saturday’s special Guardian supplement: the lost year – how coronavirus changed everything. Photograph: Piero Cruciatti/AFP via Getty Images,
guardian_b0529a1f06,The Guardian,2020,"""climate change""",The magnifying glass: how Covid revealed the truth about our world,https://www.theguardian.com/world/2020/dec/11/covid-upturned-planet-freedland,2020-12-11,2020-12-11,3,https://i.guim.co.uk/img/media/32d79210882abb6b71c5b0e5ff9c21b9526d829f/0_130_1641_985/master/1641.jpg?width=465&dpr=1&s=none&crop=none,,"Hundreds of coffins of suspected Covid victims in Manaus, Amazonas state, Brazil, in April. Photograph: Michael Dantas/AFP via Getty",
guardian_b0529a1f06,The Guardian,2020,"""climate change""",The magnifying glass: how Covid revealed the truth about our world,https://www.theguardian.com/world/2020/dec/11/covid-upturned-planet-freedland,2020-12-11,2020-12-11,4,https://i.guim.co.uk/img/media/f0712d454b02cd0ee84da392d0c040aa35ce1dcc/0_145_3000_1800/master/3000.jpg?width=445&dpr=1&s=none&crop=none,,"ICU patients in Cremona, Lombardy. The town was one of the first in Italy to go into lockdown in February. Photograph: Carlo Cozzoli/Rex/Shutterstock",
guardian_b0529a1f06,The Guardian,2020,"""climate change""",The magnifying glass: how Covid revealed the truth about our world,https://www.theguardian.com/world/2020/dec/11/covid-upturned-planet-freedland,2020-12-11,2020-12-11,5,https://i.guim.co.uk/img/media/447eea0764e218f8c451c887afc7b80ad33ceb8d/0_162_6093_3656/master/6093.jpg?width=445&dpr=1&s=none&crop=none,,"New Yorkers take in the sun in designated spots in Domino Park, Brooklyn, in May. Photograph: Spencer Platt/Getty",
guardian_b0529a1f06,The Guardian,2020,"""climate change""",The magnifying glass: how Covid revealed the truth about our world,https://www.theguardian.com/world/2020/dec/11/covid-upturned-planet-freedland,2020-12-11,2020-12-11,6,https://i.guim.co.uk/img/media/ca5290b35359f6d2a0cb6025530886c5a58d4b03/0_126_4794_2875/master/4794.jpg?width=445&dpr=1&s=none&crop=none,,"Maria Paula Moraes hugs her father through a ‘hug curtain’ in São Paulo, Brazil, in July. Photograph: Sebastião Moreira/EPA",
guardian_b0529a1f06,The Guardian,2020,"""climate change""",The magnifying glass: how Covid revealed the truth about our world,https://www.theguardian.com/world/2020/dec/11/covid-upturned-planet-freedland,2020-12-11,2020-12-11,7,https://i.guim.co.uk/img/media/28598638306d31937872c69f419fc486c11491f6/0_173_5181_3109/master/5181.jpg?width=445&dpr=1&s=none&crop=none,,"A nurse wearing PPE comforts another as they change shifts at Cremona hospital, Italy, in March. Photograph: Paolo Miranda/AFP/Getty",
guardian_b0529a1f06,The Guardian,2020,"""climate change""",The magnifying glass: how Covid revealed the truth about our world,https://www.theguardian.com/world/2020/dec/11/covid-upturned-planet-freedland,2020-12-11,2020-12-11,8,https://i.guim.co.uk/img/media/663da323a6e4cc7cd356f9095d73a79634ed0dbc/0_214_5568_3341/master/5568.jpg?width=445&dpr=1&s=none&crop=none,,Shielded dining at H.A.N.D restaurant in Paris in May as the city eased out of lockdown. Photograph: Alain Jocard/AFP/Getty,
guardian_b0529a1f06,The Guardian,2020,"""climate change""",The magnifying glass: how Covid revealed the truth about our world,https://www.theguardian.com/world/2020/dec/11/covid-upturned-planet-freedland,2020-12-11,2020-12-11,9,https://i.guim.co.uk/img/media/a2bd70bd932cc431a0e33084ebb817dad287edda/0_108_3939_2363/master/3939.jpg?width=445&dpr=1&s=none&crop=none,,"Black Lives Matter protesters at a demonstration in Coimbra, Portugal, in June. Photograph: Paulo Novais/EPA",
guardian_b0529a1f06,The Guardian,2020,"""climate change""",The magnifying glass: how Covid revealed the truth about our world,https://www.theguardian.com/world/2020/dec/11/covid-upturned-planet-freedland,2020-12-11,2020-12-11,10,https://i.guim.co.uk/img/media/81e315dec9c4ca625a337726fa981d02775c36bd/0_183_5503_3302/master/5503.jpg?width=445&dpr=1&s=none&crop=none,,"A woman takes photos of cherry blossom in Yuyuantan park in Beijing, China, in March. Photograph: Ng Han Guan/AP",
guardian_b0529a1f06,The Guardian,2020,"""climate change""",The magnifying glass: how Covid revealed the truth about our world,https://www.theguardian.com/world/2020/dec/11/covid-upturned-planet-freedland,2020-12-11,2020-12-11,11,https://i.guim.co.uk/img/media/a6b18adc88f92daac27bbd3b0f271aafdec3913d/0_224_6720_4032/master/6720.jpg?width=445&dpr=1&s=none&crop=none,,"Workers at a testing site in Tianjin, China, in November. Photograph: VCG/Getty",
guardian_c17471a935,The Guardian,2020,"""climate change""",US supreme court rejects Texas lawsuit seeking to overturn election results – as it happened,https://www.theguardian.com/us-news/live/2020/dec/11/coronavirus-covid-19-vaccine-pfizer-fda-joe-biden-donald-trump-us-election-live-updates,2020-12-11,2021-01-21,1,https://i.guim.co.uk/img/media/24cbd7c9fe24c1ea83bed420881bdaa9d179f0a6/316_0_2420_1453/master/2420.jpg?width=465&dpr=1&s=none&crop=none,,Devin Nunes. Photograph: Andrew Caballero-Reynolds/AFP via Getty Images,
guardian_c17471a935,The Guardian,2020,"""climate change""",US supreme court rejects Texas lawsuit seeking to overturn election results – as it happened,https://www.theguardian.com/us-news/live/2020/dec/11/coronavirus-covid-19-vaccine-pfizer-fda-joe-biden-donald-trump-us-election-live-updates,2020-12-11,2021-01-21,2,https://i.guim.co.uk/img/media/96f6bc9fb601807e7ed20dfbdf62326a7400e8d5/0_18_2540_1524/master/2540.jpg?width=465&dpr=1&s=none&crop=none,,"Mark Meadows, right, with assistant to the president Dan Scavino. Photograph: Win McNamee/Getty Images",
guardian_c17471a935,The Guardian,2020,"""climate change""",US supreme court rejects Texas lawsuit seeking to overturn election results – as it happened,https://www.theguardian.com/us-news/live/2020/dec/11/coronavirus-covid-19-vaccine-pfizer-fda-joe-biden-donald-trump-us-election-live-updates,2020-12-11,2021-01-21,3,https://i.guim.co.uk/img/media/6f50ba7eb675afb92133e500b4eff568788c6465/0_0_3500_2101/master/3500.jpg?width=465&dpr=1&s=none&crop=none,,"Anthony Fauci, right. Photograph: Jonathan Ernst/Reuters",
guardian_d1c62cc21f,The Guardian,2020,"""net zero""",Spinning emissions: Australia's climate projections are not what they seem,https://www.theguardian.com/environment/2020/dec/11/spinning-emissions-australias-climate-projections-are-not-what-they-seem,2020-12-11,2021-11-01,1,https://i.guim.co.uk/img/media/dc43c5f45c15d4af65f11f04c1a5f967e61b7efe/0_315_5568_3341/master/5568.jpg?width=465&dpr=1&s=none&crop=none,,"Energy minister Angus Taylor (left) and Scott Morrison. ‘Australia remains miles away from the government’s claimed goal of one day reaching net zero emissions, and with no path to get there.’ Photograph: Lukas Coch/EPA",
guardian_e76fa5a8f3,The Guardian,2020,"""climate change""",UK to stop funding overseas fossil fuel projects,https://www.theguardian.com/world/2020/dec/11/eu-leaders-reach-deal-to-cut-emissions-by-at-least-55-by-end-of-decade,2020-12-11,2024-11-08,1,https://i.guim.co.uk/img/media/6fd00a5ca2b2d5955ae5ff9caf3d5678565f0157/0_248_4329_2597/master/4329.jpg?width=465&dpr=1&s=none&crop=none,,"European council president, Charles Michel, talks with other leaders before the EU summit in Brussels on Thursday. Photograph: Xinhua/Rex/Shutterstock",
guardian_e76fa5a8f3,The Guardian,2020,"""climate change""",UK to stop funding overseas fossil fuel projects,https://www.theguardian.com/world/2020/dec/11/eu-leaders-reach-deal-to-cut-emissions-by-at-least-55-by-end-of-decade,2020-12-11,2024-11-08,2,https://i.guim.co.uk/img/media/8885b73d7f7d87a53da75737dd24b71a65cf41b1/0_87_3812_2288/master/3812.jpg?width=445&dpr=1&s=none&crop=none,,Workers at the Knurow mine in Poland which is heavily dependent on coal for its power production. Photograph: Janek Skarżyński/AFP/Getty Images,
guardian_e76fa5a8f3,The Guardian,2020,"""climate change""",UK to stop funding overseas fossil fuel projects,https://www.theguardian.com/world/2020/dec/11/eu-leaders-reach-deal-to-cut-emissions-by-at-least-55-by-end-of-decade,2020-12-11,2024-11-08,3,https://i.guim.co.uk/img/media/40c10461a5e8184e7d132793ffc5036bbbda18c1/0_34_1565_880/1565.jpg?width=465&dpr=1&s=none&crop=none,,'Let's do it together': Boris Johnson says climate protection will create jobs – video,
guardian_f6f5bf07db,The Guardian,2020,"""climate change""","Finally there's global action on the climate crisis, and Britain must lead the way",https://www.theguardian.com/commentisfree/2020/dec/11/global-action-climate-crisis-britain-summit,2020-12-11,2021-08-25,1,https://i.guim.co.uk/img/media/e5fed6608949958b8e6c6501340cbf0f864f81a8/0_53_5579_3347/master/5579.jpg?width=465&dpr=1&s=none&crop=none,,"‘Renewables are finally undercutting fossil fuels as the cheapest and most secure form of energy.’ An offshore wind farm near Redcar, October 2020. Photograph: Ian Forsyth/Getty Images",
guardian_f71687259c,The Guardian,2020,"""climate change""","'Oh cool, I don’t have to put on pants!' Stars on music's year of chaos",https://www.theguardian.com/music/2020/dec/11/oh-cool-i-dont-have-to-put-on-pants-stars-on-musics-year-of-chaos,2020-12-11,2020-12-11,1,https://i.guim.co.uk/img/media/2635a0af36e09df038eeceb18100e82e1c145cdf/0_0_3295_1978/master/3295.jpg?width=465&dpr=1&s=none&crop=none,,"Round table ... (clockwise from top left) Moses Sumney, Phoebe Bridgers, Declan McKenna, Lianne La Havas, Rina Sawayama and Danielle Haim.",
guardian_f71687259c,The Guardian,2020,"""climate change""","'Oh cool, I don’t have to put on pants!' Stars on music's year of chaos",https://www.theguardian.com/music/2020/dec/11/oh-cool-i-dont-have-to-put-on-pants-stars-on-musics-year-of-chaos,2020-12-11,2020-12-11,2,https://i.guim.co.uk/img/media/eb7003be635a3b843bab18cbba44a731f6ad6341/20_25_668_894/master/668.jpg?width=445&dpr=1&s=none&crop=none,,Justin Bieber on TikTok. Photograph: @justinbieber / TikTok,
guardian_f71687259c,The Guardian,2020,"""climate change""","'Oh cool, I don’t have to put on pants!' Stars on music's year of chaos",https://www.theguardian.com/music/2020/dec/11/oh-cool-i-dont-have-to-put-on-pants-stars-on-musics-year-of-chaos,2020-12-11,2020-12-11,3,https://i.guim.co.uk/img/media/8fa9e3561d04faac5a1cd12c00be0d1cd2ad5c47/0_0_3000_2000/master/3000.jpg?width=445&dpr=1&s=none&crop=none,,One of the year’s many empty concert halls. Photograph: Disq/Alamy Stock Photo,
guardian_f71687259c,The Guardian,2020,"""climate change""","'Oh cool, I don’t have to put on pants!' Stars on music's year of chaos",https://www.theguardian.com/music/2020/dec/11/oh-cool-i-dont-have-to-put-on-pants-stars-on-musics-year-of-chaos,2020-12-11,2020-12-11,4,https://i.guim.co.uk/img/media/e8235cc2f39127958441ff6a32efdda9e7e72002/0_564_3600_2370/master/3600.jpg?width=445&dpr=1&s=none&crop=none,,Lady Gaga on the cover of her album Chromatica. Photograph: AP,
guardian_f71687259c,The Guardian,2020,"""climate change""","'Oh cool, I don’t have to put on pants!' Stars on music's year of chaos",https://www.theguardian.com/music/2020/dec/11/oh-cool-i-dont-have-to-put-on-pants-stars-on-musics-year-of-chaos,2020-12-11,2020-12-11,5,https://i.guim.co.uk/img/media/15056d62dc99acc60e7ae9957df216ea54b0c595/0_0_3000_2000/master/3000.jpg?width=445&dpr=1&s=none&crop=none,,A Black Lives Matter protest in June in Washington DC. Photograph: Paul Morigi/REX/Shutterstock,
guardian_f71687259c,The Guardian,2020,"""climate change""","'Oh cool, I don’t have to put on pants!' Stars on music's year of chaos",https://www.theguardian.com/music/2020/dec/11/oh-cool-i-dont-have-to-put-on-pants-stars-on-musics-year-of-chaos,2020-12-11,2020-12-11,6,https://i.guim.co.uk/img/media/7d3889bfed3fa87f6b23c8ca5d4746bbb0f23787/0_0_3000_3000/master/3000.jpg?width=120&dpr=1&s=none&crop=none,,Folklore by Taylor Swift. Photograph: AP,
guardian_f71687259c,The Guardian,2020,"""climate change""","'Oh cool, I don’t have to put on pants!' Stars on music's year of chaos",https://www.theguardian.com/music/2020/dec/11/oh-cool-i-dont-have-to-put-on-pants-stars-on-musics-year-of-chaos,2020-12-11,2020-12-11,7,https://i.guim.co.uk/img/media/2b9c786eeb80c88ae0609b6bb5f49c1f8918cfdf/0_0_1970_1012/master/1970.jpg?width=445&dpr=1&s=none&crop=none,,Cardi B and Megan Thee Stallion in the WAP video. Photograph: YouTube,
guardian_f71687259c,The Guardian,2020,"""climate change""","'Oh cool, I don’t have to put on pants!' Stars on music's year of chaos",https://www.theguardian.com/music/2020/dec/11/oh-cool-i-dont-have-to-put-on-pants-stars-on-musics-year-of-chaos,2020-12-11,2020-12-11,8,https://i.guim.co.uk/img/media/2ba918f2188fd6a13f1a82cf0b28a104c6a5e4cd/606_102_1456_1415/master/1456.jpg?width=120&dpr=1&s=none&crop=none,,‘Phenomenal’ ... KeiyaA. Photograph: Chris Spivey,
guardian_0c071fad15,The Guardian,2020,"""climate change""",'Australians have sacrificed so much': Tanya Plibersek's vision for the nation after coronavirus,https://www.theguardian.com/australia-news/2020/dec/13/australians-have-sacrificed-so-much-tanya-pliberseks-vision-for-the-nation-after-coronavirus,2020-12-12,2021-08-25,1,https://i.guim.co.uk/img/media/086111d84eec917b9e5a6fd5d0223932e40c3e9e/264_348_6207_3724/master/6207.jpg?width=465&dpr=1&s=none&crop=none,,Tanya Plibersek says she was trying to start a civil conversation about Australia’s future with her book of essays rather than just talking to to ‘the usual suspects’. Photograph: Carly Earl/The Guardian,
guardian_1f92d71795,The Guardian,2020,"""climate change""",Talk is cheap when it comes to climate action. Now the government must deliver,https://www.theguardian.com/commentisfree/2020/dec/12/talk-is-cheap-when-it-comes-to-climate-action-now-the-government-must-deliver,2020-12-12,2021-08-25,1,https://i.guim.co.uk/img/media/aaed003ba8cde29702e33bf4b33b3ab61cfbb4ef/248_604_3018_1812/master/3018.jpg?width=465&dpr=1&s=none&crop=none,,"‘Judged on the basis of Boris Johnson’s rhetoric, one would be forgiven for thinking his government is firmly on track to delivering zero emissions.’ Johnson and David Attenborough, February 2020. Photograph: Chris J Ratcliffe/PA",
guardian_210022595c,The Guardian,2020,"""climate change""",In a nutshell: how the macadamia became a 'vulnerable' species,https://www.theguardian.com/environment/2020/dec/12/in-a-nutshell-how-the-macadamia-became-a-vulnerable-species-aoe,2020-12-12,2025-12-31,1,https://i.guim.co.uk/img/media/f56f4a572141d893191f4660e067fe886920344e/0_74_2560_1536/master/2560.jpg?width=465&dpr=1&s=none&crop=none,,The flowers of a Macadamia integrifolia tree. Photograph: Australian Macadamia Society/Handout,
guardian_210022595c,The Guardian,2020,"""climate change""",In a nutshell: how the macadamia became a 'vulnerable' species,https://www.theguardian.com/environment/2020/dec/12/in-a-nutshell-how-the-macadamia-became-a-vulnerable-species-aoe,2020-12-12,2025-12-31,2,https://i.guim.co.uk/img/media/5abd255588647ace0cab4c1f4ddec581cffa03ef/0_0_956_768/master/956.jpg?width=445&dpr=1&s=none&crop=none,,"Collecting macadamias near Billinudgel, New South Wales, in 1948. Photograph: Handout",
guardian_210022595c,The Guardian,2020,"""climate change""",In a nutshell: how the macadamia became a 'vulnerable' species,https://www.theguardian.com/environment/2020/dec/12/in-a-nutshell-how-the-macadamia-became-a-vulnerable-species-aoe,2020-12-12,2025-12-31,3,https://i.guim.co.uk/img/media/7134362ad79adb8c3732e48530a6b1dc527e96af/0_0_3456_2592/master/3456.jpg?width=445&dpr=1&s=none&crop=none,,"Wild macadamias grow in patches of rainforest, such as this one on Australia’s east coast. Photograph: Ian McConachie",
guardian_210022595c,The Guardian,2020,"""climate change""",In a nutshell: how the macadamia became a 'vulnerable' species,https://www.theguardian.com/environment/2020/dec/12/in-a-nutshell-how-the-macadamia-became-a-vulnerable-species-aoe,2020-12-12,2025-12-31,4,https://i.guim.co.uk/img/media/54dbe594bad1ed3b86ccee71c7aa74a1b86e559e/0_193_2112_2499/master/2112.jpg?width=445&dpr=1&s=none&crop=none,,Macadamia grower Ian McConachie harvesting his crop in 2008 Photograph: Handout,
guardian_4f92f6e362,The Guardian,2020,"""climate change""",Party hardly: why Australia's big political parties are struggling to compete with grassroots campaigns,https://www.theguardian.com/australia-news/2020/dec/13/party-hardly-why-australias-big-political-parties-are-struggling-to-compete-with-grassroots-campaigns,2020-12-12,2020-12-18,1,https://i.guim.co.uk/img/media/eef869344117527914f130da4b9a7d94aa0510c0/0_365_5472_3283/master/5472.jpg?width=465&dpr=1&s=none&crop=none,,Crossbench MPs on their way to a press conference at Parliament House. There are now six crossbenchers in the lower house and 14 in the Senate. Photograph: Mike Bowers/The Guardian,
guardian_644141d4e3,The Guardian,2020,"""climate change""",'Lonely repetition and growing nihilism': how the pandemic impacts youth mental health,https://www.theguardian.com/australia-news/2020/dec/13/lonely-repetition-and-growing-nihilism-how-the-pandemic-impacts-youth-mental-health,2020-12-12,2020-12-13,1,https://i.guim.co.uk/img/media/defcb0a61fbcfaf44953a7ebee1c90f797a5106d/71_0_889_1185/master/889.jpg?width=445&dpr=1&s=none&crop=none,,"‘It’s not just freedom of movement, it’s the freedom of mind’: Isobel Alvarez-Milne.",
guardian_644141d4e3,The Guardian,2020,"""climate change""",'Lonely repetition and growing nihilism': how the pandemic impacts youth mental health,https://www.theguardian.com/australia-news/2020/dec/13/lonely-repetition-and-growing-nihilism-how-the-pandemic-impacts-youth-mental-health,2020-12-12,2020-12-13,2,https://i.guim.co.uk/img/media/24510b473c05a7663a59ee3a091b9a9eaaf932ca/0_263_4612_2768/master/4612.jpg?width=445&dpr=1&s=none&crop=none,,"‘When it comes to employment status, again it’s sociology 101.’ Photograph: Mick Tsikas/AAP",
guardian_655f5d6dee,The Guardian,2020,"""net zero""",The end of coal? Why investors aren't buying the myth of the industry's 'renaissance',https://www.theguardian.com/environment/2020/dec/13/the-end-of-coal-why-investors-arent-buying-the-myth-of-the-industrys-renaissance,2020-12-12,2021-08-25,1,https://i.guim.co.uk/img/media/3af7f69c0de70287168cc5807ca4e3a6d831c588/0_127_3543_2126/master/3543.jpg?width=465&dpr=1&s=none&crop=none,,The Institute of Energy Economics and Financial Analysis says ‘the financial markets are no longer really differentiating between coking coal and thermal coal’. Photograph: Jessica Hromas/The Guardian,
guardian_655f5d6dee,The Guardian,2020,"""net zero""",The end of coal? Why investors aren't buying the myth of the industry's 'renaissance',https://www.theguardian.com/environment/2020/dec/13/the-end-of-coal-why-investors-arent-buying-the-myth-of-the-industrys-renaissance,2020-12-12,2021-08-25,2,https://i.guim.co.uk/img/media/5cc5e430b679524426051d4ba6fedec24c2ecc96/0_85_3543_2126/master/3543.jpg?width=445&dpr=1&s=none&crop=none,,"The Mount Thorley Warkworth mine, near Muswellbrook, supplies international and domestic markets with up to 10 million tonnes of semi-soft coking coal and thermal coal per year. Photograph: Jessica Hromas/The Guardian",
guardian_655f5d6dee,The Guardian,2020,"""net zero""",The end of coal? Why investors aren't buying the myth of the industry's 'renaissance',https://www.theguardian.com/environment/2020/dec/13/the-end-of-coal-why-investors-arent-buying-the-myth-of-the-industrys-renaissance,2020-12-12,2021-08-25,3,https://i.guim.co.uk/img/media/c33b15fbc8d40d9984fc9b54b6cb1a25a91d055f/0_0_4134_2779/master/4134.jpg?width=445&dpr=1&s=none&crop=none,,"A coal train makes its way out of Singleton, NSW. Photograph: Jessica Hromas/The Guardian",
guardian_7b12804d0c,The Guardian,2020,"""global temperature""",UN secretary general urges all countries to declare climate emergencies,https://www.theguardian.com/environment/2020/dec/12/un-secretary-general-all-countries-declare-climate-emergencies-antonio-guterres-climate-ambition-summit,2020-12-12,2021-08-25,1,https://i.guim.co.uk/img/media/ebc84b3a576054ab3e86aad4388bce341d27cd9b/67_69_1402_789/1402.jpg?width=465&dpr=1&s=none&crop=none,,UN chief António Guterres urges countries to declare climate emergencies – video,
guardian_7b12804d0c,The Guardian,2020,"""global temperature""",UN secretary general urges all countries to declare climate emergencies,https://www.theguardian.com/environment/2020/dec/12/un-secretary-general-all-countries-declare-climate-emergencies-antonio-guterres-climate-ambition-summit,2020-12-12,2021-08-25,2,https://i.guim.co.uk/img/media/40c10461a5e8184e7d132793ffc5036bbbda18c1/0_34_1565_880/1565.jpg?width=465&dpr=1&s=none&crop=none,,'Let's do it together': Boris Johnson says climate protection will create jobs – video,
guardian_8cd16ce93f,The Guardian,2020,"""climate change""",David Attenborough: ‘The Earth and its oceans are finite. We need to show mutual restraint’,https://www.theguardian.com/tv-and-radio/2020/dec/12/david-attenborough-the-earth-and-its-oceans-are-finite-we-need-to-show-mutual-restraint,2020-12-12,2021-10-29,1,https://i.guim.co.uk/img/media/347aa96a2c5f54de8fc47ddb09b8f822efc6f8cc/0_577_3678_3686/master/3678.jpg?width=465&dpr=1&s=none&crop=none,,David Attenborough: ‘People give me credit I simply don’t earn.’ Photograph: Suki Dhanda/The Observer,
guardian_8cd16ce93f,The Guardian,2020,"""climate change""",David Attenborough: ‘The Earth and its oceans are finite. We need to show mutual restraint’,https://www.theguardian.com/tv-and-radio/2020/dec/12/david-attenborough-the-earth-and-its-oceans-are-finite-we-need-to-show-mutual-restraint,2020-12-12,2021-10-29,2,https://i.guim.co.uk/img/media/da68c9b8d4bbab0b5b513ba9d0b47a104dd9b48b/0_427_8500_5102/master/8500.jpg?width=445&dpr=1&s=none&crop=none,,"Filming Life On Earth, 1979. Photograph: BBC",
guardian_8cd16ce93f,The Guardian,2020,"""climate change""",David Attenborough: ‘The Earth and its oceans are finite. We need to show mutual restraint’,https://www.theguardian.com/tv-and-radio/2020/dec/12/david-attenborough-the-earth-and-its-oceans-are-finite-we-need-to-show-mutual-restraint,2020-12-12,2021-10-29,3,https://i.guim.co.uk/img/media/327e77285b900d83234212c51b030c9ef2093464/347_246_4163_2497/master/4163.jpg?width=445&dpr=1&s=none&crop=none,,"With his namesake snail, Attenborougharion rubicundus , 2017. Photograph: James D Morgan/Getty Images",
guardian_8cd16ce93f,The Guardian,2020,"""climate change""",David Attenborough: ‘The Earth and its oceans are finite. We need to show mutual restraint’,https://www.theguardian.com/tv-and-radio/2020/dec/12/david-attenborough-the-earth-and-its-oceans-are-finite-we-need-to-show-mutual-restraint,2020-12-12,2021-10-29,4,https://i.guim.co.uk/img/media/419e16e976a5500c5fb265375ebe0b5377873da5/0_384_5760_3456/master/5760.jpg?width=445&dpr=1&s=none&crop=none,,"In Chernobyl, 2018. Photograph: Joe Fereday/Silverback Films",
guardian_8cd16ce93f,The Guardian,2020,"""climate change""",David Attenborough: ‘The Earth and its oceans are finite. We need to show mutual restraint’,https://www.theguardian.com/tv-and-radio/2020/dec/12/david-attenborough-the-earth-and-its-oceans-are-finite-we-need-to-show-mutual-restraint,2020-12-12,2021-10-29,5,https://i.guim.co.uk/img/media/0b458fb68f9b5b1b8a1dd02c493d57ae20f8b167/76_360_2835_1952/master/2835.jpg?width=445&dpr=1&s=none&crop=none,,"With a pygmy goanna, 1984. Photograph: Fairfax Media/Getty Images",
guardian_8cd16ce93f,The Guardian,2020,"""climate change""",David Attenborough: ‘The Earth and its oceans are finite. We need to show mutual restraint’,https://www.theguardian.com/tv-and-radio/2020/dec/12/david-attenborough-the-earth-and-its-oceans-are-finite-we-need-to-show-mutual-restraint,2020-12-12,2021-10-29,6,https://i.guim.co.uk/img/media/2f86314584dbc7ab373e6f3dbed77613da2569dc/0_53_2816_1726/master/2816.jpg?width=445&dpr=1&s=none&crop=none,,"Being knighted in 1985, with his wife Jane and daughter Susan. Photograph: PA",
guardian_8cd16ce93f,The Guardian,2020,"""climate change""",David Attenborough: ‘The Earth and its oceans are finite. We need to show mutual restraint’,https://www.theguardian.com/tv-and-radio/2020/dec/12/david-attenborough-the-earth-and-its-oceans-are-finite-we-need-to-show-mutual-restraint,2020-12-12,2021-10-29,7,https://i.guim.co.uk/img/media/9b1efbd7e1f8257b1acf59ef5a0f2f8ab252edfb/0_347_6720_3862/master/6720.jpg?width=445&dpr=1&s=none&crop=none,,"At Glastonbury, 2019. Photograph: David Levene/The Guardian",
guardian_8cd16ce93f,The Guardian,2020,"""climate change""",David Attenborough: ‘The Earth and its oceans are finite. We need to show mutual restraint’,https://www.theguardian.com/tv-and-radio/2020/dec/12/david-attenborough-the-earth-and-its-oceans-are-finite-we-need-to-show-mutual-restraint,2020-12-12,2021-10-29,8,https://i.guim.co.uk/img/media/4fafaea1223b08c82f5b849c057d6802d18fc6b5/0_168_3767_2183/master/3767.jpg?width=445&dpr=1&s=none&crop=none,,"At the climate change summit in Poland, 2018. Photograph: Łukasz Kalinowski/Rex/Shutterstock",
guardian_8cd16ce93f,The Guardian,2020,"""climate change""",David Attenborough: ‘The Earth and its oceans are finite. We need to show mutual restraint’,https://www.theguardian.com/tv-and-radio/2020/dec/12/david-attenborough-the-earth-and-its-oceans-are-finite-we-need-to-show-mutual-restraint,2020-12-12,2021-10-29,9,https://i.guim.co.uk/img/media/f34c241f0dbd6c496cf44796c970b74faccc9555/350_51_1952_2231/master/1952.jpg?width=445&dpr=1&s=none&crop=none,,"With his brother Richard, 2006. Photograph: Alan Davidson/Rex/Shutterstock",
guardian_9f4beaf7f8,The Guardian,2020,"""climate change""",Mary Gaitskill: ‘The menopause had tremendous creative energy for me’,https://www.theguardian.com/lifeandstyle/2020/dec/12/this-much-i-know-mary-gaitskill-for-me-the-menopause-had-great-creative-energy,2020-12-12,2020-12-15,1,https://i.guim.co.uk/img/media/da3092a1791217662529bf26d297e605ecceed07/0_390_3946_2368/master/3946.jpg?width=465&dpr=1&s=none&crop=none,,‘In my 40s I began to feel confidence in my writing that I hadn’t felt before’: Mary Gaitskill. Photograph: Tabitha Soren/The Observer,
guardian_e59406cfee,The Guardian,2020,"""net zero""",WHO warns number of deaths surging – as it happened,https://www.theguardian.com/world/live/2020/dec/12/coronavirus-live-news-brazil-investigates-reinfection-australia-pins-hopes-on-oxford-vaccine,2020-12-12,2020-12-13,1,https://i.guim.co.uk/img/media/400cbf7aeb1219afce3325f1e492287f50327bb3/0_0_6000_4000/master/6000.jpg?width=465&dpr=1&s=none&crop=none,,"Volunteers wait to enter at a concert venue in Barcelona, Spain, Saturday, on 12 December, 2020. Eager for a live music show after months of social distancing, more than 1,000 Barcelona residents gathered to participate in a medical study to evaluate the effectiveness of same-day coronavirus screening to safely hold cultural events. After passing an antigen screening, 500 of the volunteers were randomly selected to enjoy a free concert inside Barcelona’s Apolo Theater. Photograph: Emilio Morenatti/AP",
guardian_e59406cfee,The Guardian,2020,"""net zero""",WHO warns number of deaths surging – as it happened,https://www.theguardian.com/world/live/2020/dec/12/coronavirus-live-news-brazil-investigates-reinfection-australia-pins-hopes-on-oxford-vaccine,2020-12-12,2020-12-13,2,https://i.guim.co.uk/img/media/566d3b6a44d8f722acc8692a734dd95d36e2a614/0_0_5472_3648/master/5472.jpg?width=465&dpr=1&s=none&crop=none,,Hotel quarantine workers in full PPE ask recently arrived international travellers to get off the bus and enter hotel quarantine in Melbourne. Photograph: Asanka Ratnayake/Getty Images,
guardian_e59406cfee,The Guardian,2020,"""net zero""",WHO warns number of deaths surging – as it happened,https://www.theguardian.com/world/live/2020/dec/12/coronavirus-live-news-brazil-investigates-reinfection-australia-pins-hopes-on-oxford-vaccine,2020-12-12,2020-12-13,3,https://i.guim.co.uk/img/media/25b8e11433bc4f3e73895338ad3ce1998d8f9b7c/0_0_4397_4025/master/4397.jpg?width=465&dpr=1&s=none&crop=none,,Singer Charley Pride performs on stage in the 1970s. Photograph: David Redfern/Redferns,
guardian_e59406cfee,The Guardian,2020,"""net zero""",WHO warns number of deaths surging – as it happened,https://www.theguardian.com/world/live/2020/dec/12/coronavirus-live-news-brazil-investigates-reinfection-australia-pins-hopes-on-oxford-vaccine,2020-12-12,2020-12-13,4,https://i.guim.co.uk/img/media/dd9ab3265f6bf12b47d4a502208be8b7b94d1056/0_0_3000_2000/master/3000.jpg?width=465&dpr=1&s=none&crop=none,,"The German chancellor, Angela Merkel, attends a press conference in Berlin after a video conference with German state premiers about coronavirus measures on 2 December 2020. Photograph: Christian Marquardt/EPA",
guardian_e59406cfee,The Guardian,2020,"""net zero""",WHO warns number of deaths surging – as it happened,https://www.theguardian.com/world/live/2020/dec/12/coronavirus-live-news-brazil-investigates-reinfection-australia-pins-hopes-on-oxford-vaccine,2020-12-12,2020-12-13,5,https://i.guim.co.uk/img/media/a8b9e4e1631b792f865f716e66cf833598c6dfde/0_0_4474_3027/master/4474.jpg?width=465&dpr=1&s=none&crop=none,,"People walk with shopping bags at the Berlin’s major shopping street Tauentzienstrasse, in Berlin, Germany, on 12 December 2020. Photograph: Hayoung Jeon/EPA",
guardian_e59406cfee,The Guardian,2020,"""net zero""",WHO warns number of deaths surging – as it happened,https://www.theguardian.com/world/live/2020/dec/12/coronavirus-live-news-brazil-investigates-reinfection-australia-pins-hopes-on-oxford-vaccine,2020-12-12,2020-12-13,6,https://i.guim.co.uk/img/media/fa4459ef5d3ddd8c041387cf628659dc6e77aa0e/0_0_3072_1925/master/3072.jpg?width=465&dpr=1&s=none&crop=none,,"Young doctors demonstrate during the Covid-19 pandemic emergency at Castello square in Turin, Italy, on 11 December 2020. Photograph: Alessandro Di Marco/EPA",
guardian_e59406cfee,The Guardian,2020,"""net zero""",WHO warns number of deaths surging – as it happened,https://www.theguardian.com/world/live/2020/dec/12/coronavirus-live-news-brazil-investigates-reinfection-australia-pins-hopes-on-oxford-vaccine,2020-12-12,2020-12-13,7,https://i.guim.co.uk/img/media/177c7668d01373ee87a13c58fbf82abc1311dcaf/0_0_4059_2706/master/4059.jpg?width=465&dpr=1&s=none&crop=none,,"Demonstrators protest against Sao Paulo’s governor, Joao Doria, and the Chinese Covid-19 vaccine, CoronaVac, in Sao Paulo, Brazil, on 8 December, 2020. Photograph: Nelson Almeida/AFP/Getty Images",
guardian_04edcbf7f4,The Guardian,2020,"""climate change""",Boris Johnson and Ursula von der Leyen agree to continue UK-EU trade talks - as it happened,https://www.theguardian.com/politics/live/2020/dec/13/brexit-uk-eu-trade-talks-enter-final-day-amid-fears-of-no-deal-live-news,2020-12-13,2020-12-13,1,https://i.guim.co.uk/img/media/dc4e2b3be7cb4bee40237ec127e48b46ead68504/0_0_1920_1080/1920.jpg?width=465&dpr=1&s=none&crop=none,,"'Happy to talk': Brexit discussions continue but UK must prepare for no-deal, says Johnson – video",
guardian_142ffc27cd,The Guardian,2020,"""climate change""",'No red flags' on vaccines; new drug bill to be introduced in ACT – as it happened,https://www.theguardian.com/australia-news/live/2020/dec/14/australia-news-coronavirus-covid-coalition-labor-queensland-weather-politics-contact-tracing,2020-12-13,2020-12-14,1,https://i.guim.co.uk/img/media/188805ac4e1fe2edcbeb2ad5508a1102ceaacd08/0_47_3500_2101/master/3500.jpg?width=465&dpr=1&s=none&crop=none,,The health minister expects to have early assessments of two leading Covid vaccines by the end of January. Photograph: Owen Humphreys/EPA,
guardian_142ffc27cd,The Guardian,2020,"""climate change""",'No red flags' on vaccines; new drug bill to be introduced in ACT – as it happened,https://www.theguardian.com/australia-news/live/2020/dec/14/australia-news-coronavirus-covid-coalition-labor-queensland-weather-politics-contact-tracing,2020-12-13,2020-12-14,2,https://i.guim.co.uk/img/media/afed3d48071c0760658a0f7b9f1f5b4bbe685c70/0_456_8192_4918/master/8192.jpg?width=465&dpr=1&s=none&crop=none,,Kevin Rudd says the Morrison government ‘should talk less and do more’ on relations with Beijing. Photograph: Glenn Hunt/AAP,
guardian_233d6229ed,The Guardian,2020,"""climate change""",Where's the beef with a greener future that also makes us happier and healthier?,https://www.theguardian.com/business/2020/dec/13/greener-future-will-also-make-us-happier-and-healthier,2020-12-13,2021-08-25,1,https://i.guim.co.uk/img/media/010461e55e5610df5a8bf285a250181d8f62e504/0_99_5184_3110/master/5184.jpg?width=465&dpr=1&s=none&crop=none,,A winter walk by a Scottish windfarm: In a greener future people will breathe more easily and take more exercise. Photograph: Robert Perry/EPA,
guardian_53e2d5e249,The Guardian,2020,"""climate change""",AOC's cooking live streams perfect the recipe for making politics palatable,https://www.theguardian.com/us-news/2020/dec/13/aoc-cooking-live-streams-politics,2020-12-13,2020-12-14,1,https://i.guim.co.uk/img/media/8d8697b1f484f3aec77e2868b38748d5e48954cb/0_108_828_1441/master/828.jpg?width=465&dpr=1&s=none&crop=none,,Alexandria Ocasio-Cortez cooks while lecturing her viewers about politics. Photograph: AOC instagram,
guardian_53e2d5e249,The Guardian,2020,"""climate change""",AOC's cooking live streams perfect the recipe for making politics palatable,https://www.theguardian.com/us-news/2020/dec/13/aoc-cooking-live-streams-politics,2020-12-13,2020-12-14,2,https://i.guim.co.uk/img/media/8e715c316a89fb8957dd08b7e8ba82f16bcf73dd/0_182_828_1371/master/828.jpg?width=445&dpr=1&s=none&crop=none,,Photograph: Instagram AOC,
guardian_6d25679ee3,The Guardian,2020,"""climate change""",Having kids increases global warming. But don’t blame the parents…,https://www.theguardian.com/lifeandstyle/2020/dec/13/having-kids-increases-global-warming-but-dont-blame-parents,2020-12-13,2020-12-13,1,https://i.guim.co.uk/img/media/30d5dbbc098a110d7aa8e35bb9ffec5f4911bb0a/0_346_5184_3110/master/5184.jpg?width=465&dpr=1&s=none&crop=none,,"Family time: ‘In a conversation like this the stakes are so high that the largest reasons for having children – love, hope – can be dismissed in an inch of ink.’ Photograph: Alamy Stock Photo",
guardian_cc843cde35,The Guardian,2020,"""net zero""",Climate crisis: FTSE giants fail to disclose their carbon footprint,https://www.theguardian.com/business/2020/dec/13/climate-crisis-ftse-giants-fail-to-disclose-their-carbon-footprint,2020-12-13,2021-08-25,1,https://i.guim.co.uk/img/media/16fedf78387bdd86490ed59df0db04d4855f147e/0_326_4896_2938/master/4896.jpg?width=465&dpr=1&s=none&crop=none,,Glencore and Société Minière du Sud Pacifique’s Koniambo mine in New Caledonia. The world is still on track for temperature rises of more than 3C this century. Photograph: Theo Rouby/AFP via Getty Images,
guardian_ed90fc27e2,The Guardian,2020,"""climate change""",Practical steps towards a net zero carbon future,https://www.theguardian.com/environment/2020/dec/13/practical-steps-towards-a-net-zero-carbon-future,2020-12-13,2021-08-25,1,https://i.guim.co.uk/img/media/29afcecbb5605145f8e9be8a34a36427557add14/0_0_4500_2702/master/4500.jpg?width=465&dpr=1&s=none&crop=none,,‘Every tree planting organisation continues to use plastic as their default practice despite millions of uncollected petrochemical tubes littering our landscape.’ Photograph: Maureen McLean/REX/Shutterstock,
guardian_fa3f6c7541,The Guardian,2020,"""climate change""",Mathias Cormann tests negative for Covid as campaign for OECD job puts Coalition's climate record in spotlight,https://www.theguardian.com/australia-news/2020/dec/13/mathias-cormann-tests-negative-to-covid-as-campaign-for-oecd-job-puts-coalitions-climate-record-in-spotlight,2020-12-13,2021-08-25,1,https://i.guim.co.uk/img/media/46bb6cda691491ec9c9aee190975d296b4eee00a/450_130_4884_2931/master/4884.jpg?width=465&dpr=1&s=none&crop=none,,Mathias Cormann has returned to Australia and is spending his time in quarantine calling OECD ambassadors and ministers as part of his campaign to run the global body. Photograph: Mike Bowers/The Guardian,
guardian_092df666a5,The Guardian,2020,"""net zero""",First Thing: will the electoral college spell game over for Trump?,https://www.theguardian.com/us-news/2020/dec/14/first-thing-will-the-electoral-college-spell-game-over-for-trump,2020-12-14,2020-12-14,1,https://i.guim.co.uk/img/media/c652f879876c148699c0b896ddf650dbf0924248/0_95_3200_1921/master/3200.jpg?width=465&dpr=1&s=none&crop=none,,Thousands of protesters who refuse to accept that President-elect Joe Biden won the election rallied this weekend ahead of the electoral college vote to make Trump’s 306-to-232 loss official. Photograph: Stephanie Keith/Getty Images,
guardian_092df666a5,The Guardian,2020,"""net zero""",First Thing: will the electoral college spell game over for Trump?,https://www.theguardian.com/us-news/2020/dec/14/first-thing-will-the-electoral-college-spell-game-over-for-trump,2020-12-14,2020-12-14,2,https://i.guim.co.uk/img/media/c83c2277708ac44880857a63917d60b7936c4b79/0_0_9504_5702/master/9504.jpg?width=445&dpr=1&s=none&crop=none,,"The breaches are thought to be connected to a broad campaign that also involved the hack on FireEye, a major US cybersecurity company with government and commercial contracts. Photograph: Andriy Popov/Alamy Stock Photo",
guardian_092df666a5,The Guardian,2020,"""net zero""",First Thing: will the electoral college spell game over for Trump?,https://www.theguardian.com/us-news/2020/dec/14/first-thing-will-the-electoral-college-spell-game-over-for-trump,2020-12-14,2020-12-14,3,https://i.guim.co.uk/img/media/e397fd6e5d589f29e88a44a59fe40e06b7b1f68d/0_400_6000_3600/master/6000.jpg?width=445&dpr=1&s=none&crop=none,,"Pfizer’s manufacturing facility in Kalamazoo, Michigan, launched the largest and most complex vaccine distribution project in the US on Sunday. Photograph: Getty Images",
guardian_092df666a5,The Guardian,2020,"""net zero""",First Thing: will the electoral college spell game over for Trump?,https://www.theguardian.com/us-news/2020/dec/14/first-thing-will-the-electoral-college-spell-game-over-for-trump,2020-12-14,2020-12-14,4,https://i.guim.co.uk/img/media/ebc84b3a576054ab3e86aad4388bce341d27cd9b/0_0_1800_1080/master/1800.jpg?width=445&dpr=1&s=none&crop=none,,"António Guterres at this weekend’s virtual climate summit, which took place without the US. Photograph: UNTV",
guardian_092df666a5,The Guardian,2020,"""net zero""",First Thing: will the electoral college spell game over for Trump?,https://www.theguardian.com/us-news/2020/dec/14/first-thing-will-the-electoral-college-spell-game-over-for-trump,2020-12-14,2020-12-14,5,https://i.guim.co.uk/img/media/dbbd3b77fbcc4dc2e7ea7cfff6117a4303db2e11/0_1_2051_1231/master/2051.jpg?width=445&dpr=1&s=none&crop=none,,A man was shot by police after shots rang out at the end of a Christmas choral concert on the steps of the Manhattan cathedral on Sunday afternoon. Photograph: Ted Shaffrey/AP,
guardian_092df666a5,The Guardian,2020,"""net zero""",First Thing: will the electoral college spell game over for Trump?,https://www.theguardian.com/us-news/2020/dec/14/first-thing-will-the-electoral-college-spell-game-over-for-trump,2020-12-14,2020-12-14,6,https://i.guim.co.uk/img/media/f2f060d7687eb97b6d06d9b78d67bf14470bd342/0_0_6144_3685/master/6144.jpg?width=445&dpr=1&s=none&crop=none,,Libyans sing a patriotic song in front of the White House in Washington on 9 April 2011 during a protest by Libyans and Syrians against the regimes of Muammar Gaddafi and Bashar al-Assad. Photograph: Nicholas Kamm/AFP/Getty Images,
guardian_092df666a5,The Guardian,2020,"""net zero""",First Thing: will the electoral college spell game over for Trump?,https://www.theguardian.com/us-news/2020/dec/14/first-thing-will-the-electoral-college-spell-game-over-for-trump,2020-12-14,2020-12-14,7,https://i.guim.co.uk/img/media/7d377ffc60537ee9bffda163ed62747dd47c4f15/0_0_3129_1879/master/3129.jpg?width=445&dpr=1&s=none&crop=none,,Cher: ‘I’ve worked my whole life to keep my strength in my body. There are 20-year-old girls who can’t do what I do.’ Photograph: Mondadori Portfolio/Getty Images,
guardian_342a305b8e,The Guardian,2020,"""climate change""",Ardern disputes Greta Thunberg's criticism of New Zealand climate policy,https://www.theguardian.com/world/2020/dec/14/ardern-disputes-greta-thunbergs-criticism-new-zealand-climate-policy,2020-12-14,2021-08-25,1,https://i.guim.co.uk/img/media/bbe4e6d903c833837c529d1c821f090a5cfefa1c/0_360_5400_3240/master/5400.jpg?width=465&dpr=1&s=none&crop=none,,New Zealand prime minister Jacinda Ardern said Greta Thunberg’s reference to the country’s policies were ‘not the totality of our plans on climate change’. Photograph: Hagen Hopkins/Getty Images,
guardian_43cfa2e917,The Guardian,2020,"""climate change""",Another day of wild weather; Craig McLachlan not guilty of indecent assault – as it happened,https://www.theguardian.com/australia-news/live/2020/dec/15/australia-news-live-nsw-queensland-weather-coronavirus-covid-china-coal-ban,2020-12-14,2020-12-15,1,https://i.guim.co.uk/img/media/1983c285dc29c524511f378b478281ea6e8c9b44/0_24_2362_1417/master/2362.jpg?width=465&dpr=1&s=none&crop=none,,"Mick Gooda, co-commisisoner leading the royal commission into child protection and children in detention in the Northern Territory, in 2016. Photograph: Helen Davidson/The Guardian",
guardian_43cfa2e917,The Guardian,2020,"""climate change""",Another day of wild weather; Craig McLachlan not guilty of indecent assault – as it happened,https://www.theguardian.com/australia-news/live/2020/dec/15/australia-news-live-nsw-queensland-weather-coronavirus-covid-china-coal-ban,2020-12-14,2020-12-15,2,https://i.guim.co.uk/img/media/61bf2e7d92158e22b2f682d6cbfb9e07a98f6463/0_103_1940_1164/master/1940.jpg?width=465&dpr=1&s=none&crop=none,,"A flooded road at Tumbulgum, NSW. Photograph: Dan Peled/AAP",
guardian_43cfa2e917,The Guardian,2020,"""climate change""",Another day of wild weather; Craig McLachlan not guilty of indecent assault – as it happened,https://www.theguardian.com/australia-news/live/2020/dec/15/australia-news-live-nsw-queensland-weather-coronavirus-covid-china-coal-ban,2020-12-14,2020-12-15,3,https://i.guim.co.uk/img/media/6a052b64c60b333616353d999e01a1de76013f1f/0_87_3905_2344/master/3905.jpg?width=465&dpr=1&s=none&crop=none,,The Howard Springs facility in Darwin. Photograph: Lisa McTiernan/Getty Images,
guardian_43cfa2e917,The Guardian,2020,"""climate change""",Another day of wild weather; Craig McLachlan not guilty of indecent assault – as it happened,https://www.theguardian.com/australia-news/live/2020/dec/15/australia-news-live-nsw-queensland-weather-coronavirus-covid-china-coal-ban,2020-12-14,2020-12-15,4,https://i.guim.co.uk/img/media/ae6ccd9194d56a7b82f0a5c700fb75dd434b86dd/0_138_5472_3283/master/5472.jpg?width=465&dpr=1&s=none&crop=none,,Former Greens leader Bob Brown has been arrested for trespassing. Photograph: Glenn Hunt/AAP,
guardian_504f15bec2,The Guardian,2020,"""net zero""",UK energy customers may be automatically moved to cheaper deals,https://www.theguardian.com/money/2020/dec/14/uk-energy-customers-may-be-automatically-moved-to-cheaper-deals,2020-12-14,2020-12-15,1,https://i.guim.co.uk/img/media/1c3fee871d994db50846afb77fc01100a1c92dc7/36_129_4189_2512/master/4189.jpg?width=465&dpr=1&s=none&crop=none,,Standard energy tariffs are often referred to as a loyalty penalty because they are typically more expensive than competitive fixed-rate deals. Photograph: Simon Dack/Alamy,
guardian_56c69f86bd,The Guardian,2020,"""climate change""",Unilever shareholders to get vote on climate transition plans,https://www.theguardian.com/business/2020/dec/14/unilever-shareholders-to-get-vote-on-climate-change-transition-plans,2020-12-14,2021-08-25,1,https://i.guim.co.uk/img/media/1e5a0e706cd982d5debed23f6d9ddb07dcfaf36d/0_13_3500_2100/master/3500.jpg?width=465&dpr=1&s=none&crop=none,,"Unilever’s chief executive, Alan Jope, said when announcing the plans, ‘climate change is the most pressing issue of our time. Photograph: Tim Ireland/PA",
guardian_7b94b4797a,The Guardian,2020,"""climate change""",EU to bring forward decision on Pfizer/BioNTech vaccine to 21 December – as it happened,https://www.theguardian.com/world/live/2020/dec/15/coronavirus-live-news-netherlands-announces-five-week-lockdown-as-uk-detects-new-covid-strain,2020-12-14,2022-05-24,1,https://i.guim.co.uk/img/media/713be6eb7b81001a66ef0ebb3c46da9aa392c3e6/0_208_3510_2106/master/3510.jpg?width=465&dpr=1&s=none&crop=none,,A woman walks on a deserted street in Montmartre before the 8pm curfew throughout Paris. Photograph: Chesnot/Getty Images,
guardian_7b94b4797a,The Guardian,2020,"""climate change""",EU to bring forward decision on Pfizer/BioNTech vaccine to 21 December – as it happened,https://www.theguardian.com/world/live/2020/dec/15/coronavirus-live-news-netherlands-announces-five-week-lockdown-as-uk-detects-new-covid-strain,2020-12-14,2022-05-24,2,https://i.guim.co.uk/img/media/a9c3e73eb45dca5b7b5c423719ca7a3f80986dbc/0_210_3500_2101/master/3500.jpg?width=465&dpr=1&s=none&crop=none,,Ambulances at the entrance to the emergency department with patients awaiting to be admitted at Antrim Area hospital in Northern Ireland. Photograph: Liam McBurney/PA,
guardian_7b94b4797a,The Guardian,2020,"""climate change""",EU to bring forward decision on Pfizer/BioNTech vaccine to 21 December – as it happened,https://www.theguardian.com/world/live/2020/dec/15/coronavirus-live-news-netherlands-announces-five-week-lockdown-as-uk-detects-new-covid-strain,2020-12-14,2022-05-24,3,https://i.guim.co.uk/img/media/97738ed52dbeaa72a925642e525876b87ead2252/0_211_1288_724/1288.jpg?width=465&dpr=1&s=none&crop=none,,'Everybody needs to have it': Prue Leith receives Covid-19 vaccine – video,
guardian_7fbdc106ab,The Guardian,2020,"""climate change""","Morning mail: storms batter east coast, US begins Covid vaccines, Australia's answer to Bad Santa",https://www.theguardian.com/australia-news/2020/dec/15/morning-mail-storms-batter-east-coast-us-begins-covid-vaccines-australias-answer-to-bad-santa,2020-12-14,2020-12-14,1,https://i.guim.co.uk/img/media/e5512649fb51f41d82a9fea91f62fbe47c391937/0_192_5760_3456/master/5760.jpg?width=445&dpr=1&s=none&crop=none,,"Inoculated people must be monitored in order to discover whether vaccines prevent transmission of Covid-19, as well as protecting them from developing the disease, a new review says. Photograph: Graeme Robertson/The Guardian",
guardian_7fbdc106ab,The Guardian,2020,"""climate change""","Morning mail: storms batter east coast, US begins Covid vaccines, Australia's answer to Bad Santa",https://www.theguardian.com/australia-news/2020/dec/15/morning-mail-storms-batter-east-coast-us-begins-covid-vaccines-australias-answer-to-bad-santa,2020-12-14,2020-12-14,2,https://i.guim.co.uk/img/media/4f0f8d030e10cde7c85ba81e73a154026f0af478/226_519_3554_2133/master/3554.jpg?width=445&dpr=1&s=none&crop=none,,Daniel Henshall plays a shifty pseudo-Saint Nick in A Sunburnt Christmas. Photograph: Ian Routledge/Stan,
guardian_89250ea5e8,The Guardian,2020,"""climate change""",US to hold world climate summit early next year and seek to rejoin Paris accord,https://www.theguardian.com/environment/2020/dec/14/us-to-hold-world-climate-summit-early-next-year-and-seek-to-rejoin-paris-accord,2020-12-14,2021-08-25,1,https://i.guim.co.uk/img/media/c5cf3c992fa2496c4bc2ad00ca7aa976cb3203ae/0_118_3458_2076/master/3458.jpg?width=465&dpr=1&s=none&crop=none,,Joe Biden said he would immediately start working with counterparts on climate change mitigation. Photograph: Susan Walsh/AP,
guardian_8cc872b011,The Guardian,2020,"""climate change""",Morrison government should be 'doing more' with states driving 33% cut in emissions by 2030,https://www.theguardian.com/australia-news/2020/dec/15/morrison-government-should-be-doing-more-with-states-driving-33-cut-in-emissions-by-2030,2020-12-14,2021-08-25,1,https://i.guim.co.uk/img/media/c6d04c28e04d3f983785401ba06c116faf67406c/0_39_5050_3030/master/5050.jpg?width=465&dpr=1&s=none&crop=none,,"Climate action by the Australian states, including NSW’s recent renewable energy legislation, is likely to help cut national emissions by at least 33% by 2030, a new report says. Photograph: Shepic/Alamy Stock Photo",
guardian_8e75f7c637,The Guardian,2020,"""climate change""",Cher at 74: 'There are 20-year-old girls who can’t do what I do’,https://www.theguardian.com/culture/2020/dec/14/cher-at-74-there-are-20-year-old-girls-who-cant-do-what-i-do,2020-12-14,2020-12-14,1,https://i.guim.co.uk/img/media/0d09c80474595f55b319e218faa0f15f17b73f1b/0_21_3500_2101/master/3500.jpg?width=445&dpr=1&s=none&crop=none,,Cher visiting Kaavan the elephant in his new home in Cambodia this month. Photograph: Reuters,
guardian_8e75f7c637,The Guardian,2020,"""climate change""",Cher at 74: 'There are 20-year-old girls who can’t do what I do’,https://www.theguardian.com/culture/2020/dec/14/cher-at-74-there-are-20-year-old-girls-who-cant-do-what-i-do,2020-12-14,2020-12-14,2,https://i.guim.co.uk/img/media/f9177e8350eb4543236b96b159eac888354a2fb7/0_125_1750_1050/master/1750.jpg?width=445&dpr=1&s=none&crop=none,,Cher with Gregg Allman taking it easy in 1977. Photograph: Michael Ochs Archives/Getty Images,
guardian_8e75f7c637,The Guardian,2020,"""climate change""",Cher at 74: 'There are 20-year-old girls who can’t do what I do’,https://www.theguardian.com/culture/2020/dec/14/cher-at-74-there-are-20-year-old-girls-who-cant-do-what-i-do,2020-12-14,2020-12-14,3,https://i.guim.co.uk/img/media/4b9aefeff98d5eb7c8df14a13435ae0420c492c3/504_0_1500_1500/master/1500.jpg?width=120&dpr=1&s=none&crop=none,,Cher dated Rob Camilletti in the 1980s. Photograph: Time & Life Pictures/The LIFE Picture Collection/Getty Images,
guardian_8e75f7c637,The Guardian,2020,"""climate change""",Cher at 74: 'There are 20-year-old girls who can’t do what I do’,https://www.theguardian.com/culture/2020/dec/14/cher-at-74-there-are-20-year-old-girls-who-cant-do-what-i-do,2020-12-14,2020-12-14,4,https://i.guim.co.uk/img/media/c768f2ce035990f9b889e1b72d69259dbfbc14ad/0_42_1734_1040/master/1734.jpg?width=445&dpr=1&s=none&crop=none,,Cher with Nicholas Cage in the 1987 film Moonstruck. Photograph: Allstar/MGM,
guardian_8e75f7c637,The Guardian,2020,"""climate change""",Cher at 74: 'There are 20-year-old girls who can’t do what I do’,https://www.theguardian.com/culture/2020/dec/14/cher-at-74-there-are-20-year-old-girls-who-cant-do-what-i-do,2020-12-14,2020-12-14,5,https://i.guim.co.uk/img/media/3f3fcacc2a49dd8decd24558e20318d8c5c961b7/0_21_3244_1947/master/3244.jpg?width=445&dpr=1&s=none&crop=none,,Epic performance: Cher on stage in December 2019. Photograph: EMG/REX/Shutterstock,
guardian_a778cb7d3a,The Guardian,2020,"""climate change""",Michael van Gerwen: 'I always liked to play in front of crowds. I'm a bit of a show-off',https://www.theguardian.com/sport/2020/dec/14/michael-van-gerwen-world-darts-championship-crowds,2020-12-14,2020-12-15,1,https://i.guim.co.uk/img/media/af0fe9e49ba6bac3adffb80841cd3f58eb4bb391/0_147_5491_3295/master/5491.jpg?width=465&dpr=1&s=none&crop=none,,Michael van Gerwen is in London for the World Darts Championship which returns to Alexandra Palace from Tuesday 15 December until 3 January. Photograph: Dan Mullan/Getty Images,
guardian_a778cb7d3a,The Guardian,2020,"""climate change""",Michael van Gerwen: 'I always liked to play in front of crowds. I'm a bit of a show-off',https://www.theguardian.com/sport/2020/dec/14/michael-van-gerwen-world-darts-championship-crowds,2020-12-14,2020-12-15,2,https://i.guim.co.uk/img/media/6daf324e0b8f08aefaecc14f60d9cf661a830cd1/0_52_2700_1620/master/2700.jpg?width=445&dpr=1&s=none&crop=none,,Van Gerwen looks on after losing last year’s final against Scotland’s Peter Wright. Photograph: Ian Stephen/ProSports/Shutterstock,
guardian_b927a6a724,The Guardian,2020,"""climate change""",Australia's path to net zero emissions is massively behind schedule,https://www.theguardian.com/business/grogonomics/2020/dec/15/australias-path-to-net-zero-emissions-is-massively-behind-schedule,2020-12-14,2021-08-25,1,https://i.guim.co.uk/img/media/fdb5ac0b0c00e6a06212f5968493ccc0006ecaf8/1236_803_2942_1765/master/2942.jpg?width=465&dpr=1&s=none&crop=none,,"Prime Minister Scott Morrison (left) and Minister for Energy and Emissions Reduction Angus Taylor (right) during a visit to BlueScope Steel in Port Kembla, Wollongong, NSW, September 17, 2020. Photograph: Dean Lewins/AAP",
guardian_cc3cc9d510,The Guardian,2020,"""climate change""","Murray-Darling Basin plan will need overhaul in 2026 as droughts increase, report says",https://www.theguardian.com/australia-news/2020/dec/15/murray-darling-basin-plan-will-need-overhaul-in-2026-as-droughts-increase-report-says,2020-12-14,2020-12-14,1,https://i.guim.co.uk/img/media/232505fc10942b37c2393b1d8bb224f073a18be8/0_14_3600_2160/master/3600.jpg?width=465&dpr=1&s=none&crop=none,,"The Darling river in Louth, north-west NSW. Warnings in a new report on the Murray-Darling Basin plan’s progress assume a 2C temperature rise and a 10% drop in rainfall. Photograph: Jenny Evans/Getty Images",
guardian_f51839b9b3,The Guardian,2020,"""climate change""",Rugby World Cup 2023 draw: England in pool with Japan and Argentina – as it happened,https://www.theguardian.com/sport/live/2020/dec/14/rugby-world-cup-2023-draw-live,2020-12-14,2022-10-19,1,https://i.guim.co.uk/img/media/13ec5fb572eff84912253c3ca2ec0320c68162f0/0_315_5001_3002/master/5001.jpg?width=465&dpr=1&s=none&crop=none,,A general view inside the venue as The Webb Ellis Cup is seen prior to the Rugby World Cup France 2023 draw at Palais Brongniart. Photograph: Pascal le Segretain - World Rugby/World Rugby/Getty Images,
guardian_f51839b9b3,The Guardian,2020,"""climate change""",Rugby World Cup 2023 draw: England in pool with Japan and Argentina – as it happened,https://www.theguardian.com/sport/live/2020/dec/14/rugby-world-cup-2023-draw-live,2020-12-14,2022-10-19,2,https://i.guim.co.uk/img/media/7ff5c1d86182265b94e2e529459fe9fa209af273/0_0_1920_1080/1920.jpg?width=465&dpr=1&s=none&crop=none,,2020: the year sport stopped amid pandemic and protests – video review,
guardian_f51839b9b3,The Guardian,2020,"""climate change""",Rugby World Cup 2023 draw: England in pool with Japan and Argentina – as it happened,https://www.theguardian.com/sport/live/2020/dec/14/rugby-world-cup-2023-draw-live,2020-12-14,2022-10-19,3,https://i.guim.co.uk/img/media/33a25f41746d4442afc00b22837c5dba21adfab1/0_52_3434_2060/master/3434.jpg?width=465&dpr=1&s=none&crop=none,,French photographer Yann Arthus-Bertrand poses on the red carpet upon his arrival prior to the draw for the 2023 Rugby Union World Cup. Photograph: Franck Fife/AFP/Getty Images,
guardian_3463b941bb,The Guardian,2020,"""climate change""",The Morrison government’s handling of a difficult 2020 raises the bar for next year,https://www.theguardian.com/australia-news/commentisfree/2020/dec/15/the-morrison-governments-handling-of-a-difficult-2020-raises-the-bar-for-next-year,2020-12-15,2020-12-15,1,https://i.guim.co.uk/img/media/44c37d7b1c30c1128cb9959c54b5388ba9d41db8/0_231_3500_2101/master/3500.jpg?width=465&dpr=1&s=none&crop=none,,"‘The prime minister, Scott Morrison, who started the year under fire for being seen to dodge his responsibilities as the nation burned, has embedded his positive standing with the Australian public.’ Photograph: Reuters",
guardian_45d82ee8c1,The Guardian,2020,"""1.5C""",The Morrison government subsidising dirty fuel amid the climate crisis beggars belief,https://www.theguardian.com/commentisfree/2020/dec/16/the-morrison-government-subsidising-dirty-fuel-amid-the-climate-crisis-beggars-belief,2020-12-15,2023-07-21,1,https://i.guim.co.uk/img/media/28401fb229eafd33dfdfa00f52c7a15928a67794/0_91_4649_2791/master/4649.jpg?width=465&dpr=1&s=none&crop=none,,"‘Australia needs stringent new standards for the CO2 emissions intensity of new vehicles, a target for EVs, incentives to support their uptake - and of course strategies to increase the share of public transport.’ Photograph: Scott Barbour/Getty Images",
guardian_50d34e14ac,The Guardian,2020,"""climate change""",Biden taps Pete Buttigieg for transportation post and Jennifer Granholm for energy,https://www.theguardian.com/us-news/2020/dec/15/pete-buttigieg-biden-transportation-secretary,2020-12-15,2020-12-16,1,https://i.guim.co.uk/img/media/cdefa0369cf73fccd1bb2f1f23d04e251601e13e/0_5_3500_2101/master/3500.jpg?width=465&dpr=1&s=none&crop=none,,"Pete Buttigieg endorses Joe Biden at Chicken Scratch in Dallas, Texas, on 2 March. Photograph: Elizabeth Frantz/Reuters",
guardian_50d34e14ac,The Guardian,2020,"""climate change""",Biden taps Pete Buttigieg for transportation post and Jennifer Granholm for energy,https://www.theguardian.com/us-news/2020/dec/15/pete-buttigieg-biden-transportation-secretary,2020-12-15,2020-12-16,2,https://i.guim.co.uk/img/media/b0cd54eb9d641d4cd6f5929c086dffdc2d2ef19a/0_104_2523_1513/master/2523.jpg?width=445&dpr=1&s=none&crop=none,,Jennifer Granholm speaks during the the Democratic national convention in 2016. Photograph: Paul Sancya/AP,
guardian_5a04c824f5,The Guardian,2020,"""climate change""",America's last wilderness is about to go to the highest bidder for oil drilling,https://www.theguardian.com/commentisfree/2020/dec/15/arctic-national-wildlife-refuge-oil-drilling-highest-bidder,2020-12-15,2021-10-29,1,https://i.guim.co.uk/img/media/a4b45cdbc66403af530314d09b682b5a3b65ca07/0_200_3000_1800/master/3000.jpg?width=465&dpr=1&s=none&crop=none,,"‘The refuge includes the birthing grounds of the Porcupine caribou herd, as well as the prime denning area for the Beaufort Sea polar bears (a threatened species, numbering only 900).’ Photograph: AP",
guardian_5a04c824f5,The Guardian,2020,"""climate change""",America's last wilderness is about to go to the highest bidder for oil drilling,https://www.theguardian.com/commentisfree/2020/dec/15/arctic-national-wildlife-refuge-oil-drilling-highest-bidder,2020-12-15,2021-10-29,2,https://i.guim.co.uk/img/media/cb922f1a2bef80efbce39cf13e27ed23dc990262/0_168_5050_3030/master/5050.jpg?width=445&dpr=1&s=none&crop=none,,The Arctic national wildlife refuge is the prime denning area for the Beaufort Sea population of polar bears. Photograph: Patrick J Endres/Getty Images,
guardian_5a33970f4c,The Guardian,2020,"""climate change""","Human progress at stake in post-Covid choices, says UN report",https://www.theguardian.com/environment/2020/dec/15/human-progress-at-stake-in-post-covid-choices-says-un-report,2020-12-15,2021-08-25,1,https://i.guim.co.uk/img/media/a4ce93fbb8933d615f48cd59267e4029ecbf6108/0_144_4000_2402/master/4000.jpg?width=465&dpr=1&s=none&crop=none,,"People queue in their cars to get to a coronavirus testing service in Miami, US. Photograph: Cristobal Herrera-Ulashkevich/EPA",
guardian_5ac1e91a72,The Guardian,2020,"""climate change""","Restore UK woodland by letting trees plant themselves, says report",https://www.theguardian.com/environment/2020/dec/15/restore-uk-woodland-trees-report-rewilding-britain,2020-12-15,2022-02-24,1,https://i.guim.co.uk/img/media/aeaac24d79337f508a6dd749d87e44ea19d2f7d3/0_0_6016_3611/master/6016.jpg?width=465&dpr=1&s=none&crop=none,,A footpath through woodland in Suffolk. The government has announced tree-planting schemes to increase forest cover. Photograph: Sheldrake Landscape/Alamy Stock Photo,
guardian_86dcbf9f0f,The Guardian,2020,"""climate change""","As oil prices languish, Alberta sees its future in a 'coal rush'",https://www.theguardian.com/environment/2020/dec/15/alberta-canada-coal-rush-mining-exports,2020-12-15,2020-12-17,1,https://i.guim.co.uk/img/media/24d6cd01e764492d636caca5f41529ca44478ed7/0_6_2520_1513/master/2520.jpg?width=465&dpr=1&s=none&crop=none,,"Dump trucks loaded with oil sands drive through a mine in Alberta, Canada on 4 June 2015. Canadian oil sands companies are hemorrhaging both workers and money. Photograph: Bloomberg/Bloomberg via Getty Images",
guardian_876b0817ac,The Guardian,2020,"""climate change""",Coalition accused of wasting 18 months on 'nothing' electric vehicle strategy,https://www.theguardian.com/environment/2020/dec/16/coalition-accused-of-wasting-18-months-on-nothing-electric-vehicle-strategy,2020-12-15,2020-12-15,1,https://i.guim.co.uk/img/media/d3516447706bbe35b712920a40bc05b3f56a8395/0_46_3000_1800/master/3000.jpg?width=465&dpr=1&s=none&crop=none,,Australia is lagging behind the rest of the world in the uptake of electric vehicles. Photograph: Regi Varghese/AAP,
guardian_9c7f7a6eeb,The Guardian,2020,"""climate change""",'Happy corals': climate crisis sanctuary teeming with life found off east Africa,https://www.theguardian.com/environment/2020/dec/15/happy-corals-climate-crisis-sanctuary-teeming-with-life-found-off-east-africa,2020-12-15,2021-10-29,1,https://i.guim.co.uk/img/media/624fc80cb350df25724c6f7b837bd620adb5f0e7/0_0_4607_3120/master/4607.jpg?width=465&dpr=1&s=none&crop=none,,"Coral reef off the shore of Tanzania, where scientists have discovered an area where cool water is protecting marine life. Photograph: Michael Markovina/WCS",
guardian_9c7f7a6eeb,The Guardian,2020,"""climate change""",'Happy corals': climate crisis sanctuary teeming with life found off east Africa,https://www.theguardian.com/environment/2020/dec/15/happy-corals-climate-crisis-sanctuary-teeming-with-life-found-off-east-africa,2020-12-15,2021-10-29,2,https://i.guim.co.uk/img/media/afd8d063fcfb2593a7b5db540e8bcd448e8f284a/0_122_2400_1468/master/2400.jpg?width=445&dpr=1&s=none&crop=none,,Spinner dolphins are among species that seem to be thriving in the newly-discovered coral sanctuary. Photograph: OpenSource,
guardian_b9f6279ed1,The Guardian,2020,"""climate change""",Cyclone Yasa: Fiji prepares for category 5 storm as Tonga braces for Zazu,https://www.theguardian.com/world/2020/dec/16/cyclone-yasa-fiji-prepares-for-category-5-storm-as-tonga-braces-for-zazu,2020-12-15,2021-08-25,1,https://i.guim.co.uk/img/media/0ecc5dc3339a7eed958915d2f8bf675f81292f65/63_35_1081_608/master/1081.jpg?width=465&dpr=1&s=none&crop=none,,Tropical Cyclone Yasa is heading straight for Fiji. Photograph: Weather Watch,
guardian_07d2d38c0b,The Guardian,2020,"""climate change""",Australians' trust in governments surges to 'extraordinary' high amid Covid,https://www.theguardian.com/australia-news/2020/dec/17/australians-trust-in-governments-surges-to-extraordinary-high-amid-covid,2020-12-16,2020-12-16,1,https://i.guim.co.uk/img/media/40f14cbbbe56bc0f851c51b924f3a0bc34da9a0a/0_306_5400_3241/master/5400.jpg?width=465&dpr=1&s=none&crop=none,,A survey of social attitudes has found overwhelming support for Australia’s Covid lockdowns. Photograph: William West/AFP/Getty Images,
guardian_0dc11365f6,The Guardian,2020,"""climate change""",Liberal MPs pour cold water on inquiry backed by Frydenberg into bank lending for coal projects,https://www.theguardian.com/australia-news/2020/dec/16/liberal-mps-pour-cold-water-on-inquiry-backed-by-frydenberg-into-bank-lending-for-coal-projects,2020-12-16,2021-08-25,1,https://i.guim.co.uk/img/media/07ebe575af1879c977e41915fe7f58b74736c5f7/0_315_5136_3083/master/5136.jpg?width=465&dpr=1&s=none&crop=none,,Liberal MP Tim Wilson says the economics committee he chairs already ‘explores the legitimate issues of climate and sovereign risk’. Photograph: Tracey Nearmy/Getty Images,
guardian_25bc9d001d,The Guardian,2020,"""climate change""",Mountain hares at risk as winter coats fail to camouflage in snowless Scottish Highlands,https://www.theguardian.com/environment/2020/dec/16/mountain-hares-at-risk-as-winter-coats-fail-to-camouflage-in-snowless-scottish-highlands,2020-12-16,2021-10-29,1,https://i.guim.co.uk/img/media/f398565189f3a1b98c87ee1461eadefe12e930bc/0_41_5568_3341/master/5568.jpg?width=465&dpr=1&s=none&crop=none,,"Mountain hare in the Scottish Highlands, where they have been found not to be changing their moult times. Photograph: Karen Miller Photography/Alamy",
guardian_25bc9d001d,The Guardian,2020,"""climate change""",Mountain hares at risk as winter coats fail to camouflage in snowless Scottish Highlands,https://www.theguardian.com/environment/2020/dec/16/mountain-hares-at-risk-as-winter-coats-fail-to-camouflage-in-snowless-scottish-highlands,2020-12-16,2021-10-29,2,https://i.guim.co.uk/img/media/7fb39a91bf454f70a21785a1fc3966e3089f4be4/0_0_5000_3000/master/5000.jpg?width=445&dpr=1&s=none&crop=none,,"A hare in its mottled summer coat (left), and in its white winter coat (right). Photograph: Karen Miller, Giedrius Stakauskas/Alamy",
guardian_25bc9d001d,The Guardian,2020,"""climate change""",Mountain hares at risk as winter coats fail to camouflage in snowless Scottish Highlands,https://www.theguardian.com/environment/2020/dec/16/mountain-hares-at-risk-as-winter-coats-fail-to-camouflage-in-snowless-scottish-highlands,2020-12-16,2021-10-29,3,https://i.guim.co.uk/img/media/165c1654739db83e86f992f4ed26789e60717b32/0_0_4470_3578/master/4470.jpg?width=445&dpr=1&s=none&crop=none,,A mountain hare with white fur is much more visible to predators when there is no snow. Photograph: Melissa Nolan/Alamy Stock Photo,
guardian_2ad5548b38,The Guardian,2020,"""climate change""","Plantwatch: holly, ivy and how warmer weather boosts Christmas plants",https://www.theguardian.com/science/2020/dec/16/plantwatch-holly-ivy-and-how-warmer-weather-boosts-christmas-plants,2020-12-16,2021-08-25,1,https://i.guim.co.uk/img/media/c640adb6e2c2135a239439cca6b58e09b0ce0132/0_71_3424_2055/master/3424.jpg?width=465&dpr=1&s=none&crop=none,,Volunteer flower arranger Mandy Barker makes finishing touches to ivy on the advent wreath before it is raised into position at York Minster this year. Photograph: Ian Forsyth/Getty Images,
guardian_5bd6995aaf,The Guardian,2020,"""climate change""",Heathrow's third runway has always been a rotten idea – time to end this saga,https://www.theguardian.com/environment/nils-pratley-on-finance/2020/dec/16/heathrows-third-runway-has-always-been-rotten-idea-time-to-end-this-saga,2020-12-16,2020-12-17,1,https://i.guim.co.uk/img/media/bbaec4eb131c667afa3482072870cd05cb2fb49d/113_0_5230_3139/master/5230.jpg?width=465&dpr=1&s=none&crop=none,,An aircraft comes in to land at Heathrow airport in February. Photograph: Chris J Ratcliffe/Getty Images,
guardian_8583756114,The Guardian,2020,"""climate change""",'It's over for us': how extreme weather is emptying Bangladesh's villages,https://www.theguardian.com/global-development/2020/dec/16/how-floods-are-emptying-bangladesh-villages,2020-12-16,2022-10-19,1,https://i.guim.co.uk/img/media/5e436e10ea80400091636d1bd1b5efb2bd0aad1c/0_0_2000_1200/master/2000.jpg?width=465&dpr=1&s=none&crop=none,,Abdus Sattar Ghazi and his wife Zahera Khatun watch the water levels by their house. Photograph: Rafiqul Islam Montu,
guardian_8583756114,The Guardian,2020,"""climate change""",'It's over for us': how extreme weather is emptying Bangladesh's villages,https://www.theguardian.com/global-development/2020/dec/16/how-floods-are-emptying-bangladesh-villages,2020-12-16,2022-10-19,2,https://i.guim.co.uk/img/media/46531b56d5eca310a354de3291f8d809919f3aa3/0_0_2000_1333/master/2000.jpg?width=445&dpr=1&s=none&crop=none,,"Farmer Faruk Hossain, who is moving from Chakla village to the city of Khulna with his wife Farida Yasmin and daughter. Photograph: Rafiqul Islam Montu",
guardian_8583756114,The Guardian,2020,"""climate change""",'It's over for us': how extreme weather is emptying Bangladesh's villages,https://www.theguardian.com/global-development/2020/dec/16/how-floods-are-emptying-bangladesh-villages,2020-12-16,2022-10-19,3,https://i.guim.co.uk/img/media/f1e820b7ce472f09436dc298e0f6fb83ac6b294b/0_0_2000_1333/master/2000.jpg?width=445&dpr=1&s=none&crop=none,,Bamboo bridges have been built across submerged roads. Photograph: Rafiqul Islam Montu,
guardian_8583756114,The Guardian,2020,"""climate change""",'It's over for us': how extreme weather is emptying Bangladesh's villages,https://www.theguardian.com/global-development/2020/dec/16/how-floods-are-emptying-bangladesh-villages,2020-12-16,2022-10-19,4,https://i.guim.co.uk/img/media/72ee0285615874c0b481bd878eb18b3ab27fd790/0_0_2000_1333/master/2000.jpg?width=445&dpr=1&s=none&crop=none,,"Shahjahan Moral as a rice farmer, but his fields are flooded and he is now trying to make a living by ferrying passengers on his boat. Photograph: Rafiqul Islam Montu",
guardian_8583756114,The Guardian,2020,"""climate change""",'It's over for us': how extreme weather is emptying Bangladesh's villages,https://www.theguardian.com/global-development/2020/dec/16/how-floods-are-emptying-bangladesh-villages,2020-12-16,2022-10-19,5,https://i.guim.co.uk/img/media/cd3cc81991f762cbab944b92162e1150778ff253/0_0_2000_1333/master/2000.jpg?width=445&dpr=1&s=none&crop=none,,"Salma Begum, 35, lost her house to Cyclone Amphan and is now living with relatives. Photograph: Rafiqul Islam Montu",
guardian_8583756114,The Guardian,2020,"""climate change""",'It's over for us': how extreme weather is emptying Bangladesh's villages,https://www.theguardian.com/global-development/2020/dec/16/how-floods-are-emptying-bangladesh-villages,2020-12-16,2022-10-19,6,https://i.guim.co.uk/img/media/aa975da319e16e75da05ce268eaa99578a3213d7/0_0_2000_1333/master/2000.jpg?width=445&dpr=1&s=none&crop=none,,Many villages have been under water in the months since months since Cyclone Amphan hit. Photograph: Rafiqul Islam Montu,
guardian_9a3d76b840,The Guardian,2020,"""climate change""","Kate Grenville, Sofie Laguna, Julia Baird and others: the 20 best Australian books of 2020",https://www.theguardian.com/books/2020/dec/17/kate-grenville-sofie-laguna-julia-baird-and-others-the-20-best-australian-books-of-2020,2020-12-16,2021-08-25,1,https://i.guim.co.uk/img/media/78b7a0472f46599e1dadd0fe5a928bd9bec2e433/0_0_2500_1500/master/2500.jpg?width=465&dpr=1&s=none&crop=none,,"Authors Andrew Pippos, Kylie Maslen and Kate Grenville. Composite: Pan Macmillan/Lauren Connolly/Darren James",
guardian_9a3d76b840,The Guardian,2020,"""climate change""","Kate Grenville, Sofie Laguna, Julia Baird and others: the 20 best Australian books of 2020",https://www.theguardian.com/books/2020/dec/17/kate-grenville-sofie-laguna-julia-baird-and-others-the-20-best-australian-books-of-2020,2020-12-16,2021-08-25,2,https://i.guim.co.uk/img/media/ef62721ee645d27689dc5bb9ab3d8121262e104e/1388_0_984_1500/master/984.jpg?width=120&dpr=1&s=none&crop=none,,,
guardian_9a3d76b840,The Guardian,2020,"""climate change""","Kate Grenville, Sofie Laguna, Julia Baird and others: the 20 best Australian books of 2020",https://www.theguardian.com/books/2020/dec/17/kate-grenville-sofie-laguna-julia-baird-and-others-the-20-best-australian-books-of-2020,2020-12-16,2021-08-25,3,https://i.guim.co.uk/img/media/b05e133be0b2953bae7e8564a5a56ede22597d0d/0_0_1803_2765/master/1803.jpg?width=120&dpr=1&s=none&crop=none,,,
guardian_9a3d76b840,The Guardian,2020,"""climate change""","Kate Grenville, Sofie Laguna, Julia Baird and others: the 20 best Australian books of 2020",https://www.theguardian.com/books/2020/dec/17/kate-grenville-sofie-laguna-julia-baird-and-others-the-20-best-australian-books-of-2020,2020-12-16,2021-08-25,4,https://i.guim.co.uk/img/media/0fe80281365d687843e51395445e88fa67a5650b/0_0_1878_2835/master/1878.jpg?width=120&dpr=1&s=none&crop=none,,,
guardian_9a3d76b840,The Guardian,2020,"""climate change""","Kate Grenville, Sofie Laguna, Julia Baird and others: the 20 best Australian books of 2020",https://www.theguardian.com/books/2020/dec/17/kate-grenville-sofie-laguna-julia-baird-and-others-the-20-best-australian-books-of-2020,2020-12-16,2021-08-25,5,https://i.guim.co.uk/img/media/f3250c6aaee39740e3b802a1920000fe84798397/0_0_423_648/master/423.jpg?width=120&dpr=1&s=none&crop=none,,,
guardian_9a3d76b840,The Guardian,2020,"""climate change""","Kate Grenville, Sofie Laguna, Julia Baird and others: the 20 best Australian books of 2020",https://www.theguardian.com/books/2020/dec/17/kate-grenville-sofie-laguna-julia-baird-and-others-the-20-best-australian-books-of-2020,2020-12-16,2021-08-25,6,https://i.guim.co.uk/img/media/38512adca65beb0ddb27f0f66c73328d5e712e9a/0_0_6533_4355/master/6533.jpg?width=445&dpr=1&s=none&crop=none,,James Bradley is an Australian novelist and critic. Photograph: Carly Earl/The Guardian,
guardian_9a3d76b840,The Guardian,2020,"""climate change""","Kate Grenville, Sofie Laguna, Julia Baird and others: the 20 best Australian books of 2020",https://www.theguardian.com/books/2020/dec/17/kate-grenville-sofie-laguna-julia-baird-and-others-the-20-best-australian-books-of-2020,2020-12-16,2021-08-25,7,https://i.guim.co.uk/img/media/8291785ace74cb178c768a78b6db688129fce8af/0_0_1870_2882/master/1870.jpg?width=120&dpr=1&s=none&crop=none,,,
guardian_9a3d76b840,The Guardian,2020,"""climate change""","Kate Grenville, Sofie Laguna, Julia Baird and others: the 20 best Australian books of 2020",https://www.theguardian.com/books/2020/dec/17/kate-grenville-sofie-laguna-julia-baird-and-others-the-20-best-australian-books-of-2020,2020-12-16,2021-08-25,8,https://i.guim.co.uk/img/media/5a727a42540ea85d2e5d1ba5a2937d3bc6b61be2/0_0_837_1280/master/837.jpg?width=120&dpr=1&s=none&crop=none,,,
guardian_9a3d76b840,The Guardian,2020,"""climate change""","Kate Grenville, Sofie Laguna, Julia Baird and others: the 20 best Australian books of 2020",https://www.theguardian.com/books/2020/dec/17/kate-grenville-sofie-laguna-julia-baird-and-others-the-20-best-australian-books-of-2020,2020-12-16,2021-08-25,9,https://i.guim.co.uk/img/media/7bf766de6cb0a228dec75127241145b654878494/0_0_1807_2764/master/1807.jpg?width=120&dpr=1&s=none&crop=none,,,
guardian_9a3d76b840,The Guardian,2020,"""climate change""","Kate Grenville, Sofie Laguna, Julia Baird and others: the 20 best Australian books of 2020",https://www.theguardian.com/books/2020/dec/17/kate-grenville-sofie-laguna-julia-baird-and-others-the-20-best-australian-books-of-2020,2020-12-16,2021-08-25,10,https://i.guim.co.uk/img/media/be250777c30cce9abcc9d03d77e4407eff951494/0_0_1807_2765/master/1807.jpg?width=120&dpr=1&s=none&crop=none,,Photograph: Transit Lounge,
guardian_9a3d76b840,The Guardian,2020,"""climate change""","Kate Grenville, Sofie Laguna, Julia Baird and others: the 20 best Australian books of 2020",https://www.theguardian.com/books/2020/dec/17/kate-grenville-sofie-laguna-julia-baird-and-others-the-20-best-australian-books-of-2020,2020-12-16,2021-08-25,11,https://i.guim.co.uk/img/media/48ba3ac8d9be6ac949cca3b5bd3aea6211de1603/0_0_750_1147/master/750.jpg?width=120&dpr=1&s=none&crop=none,,,
guardian_9a3d76b840,The Guardian,2020,"""climate change""","Kate Grenville, Sofie Laguna, Julia Baird and others: the 20 best Australian books of 2020",https://www.theguardian.com/books/2020/dec/17/kate-grenville-sofie-laguna-julia-baird-and-others-the-20-best-australian-books-of-2020,2020-12-16,2021-08-25,12,https://i.guim.co.uk/img/media/4157059f8003cf085da3ed72a55774766c5c65f9/0_0_1795_2776/master/1795.jpg?width=120&dpr=1&s=none&crop=none,,,
guardian_9a3d76b840,The Guardian,2020,"""climate change""","Kate Grenville, Sofie Laguna, Julia Baird and others: the 20 best Australian books of 2020",https://www.theguardian.com/books/2020/dec/17/kate-grenville-sofie-laguna-julia-baird-and-others-the-20-best-australian-books-of-2020,2020-12-16,2021-08-25,13,https://i.guim.co.uk/img/media/ab57f63a2c50a6b18414f078fbf76f02faf3b756/0_0_1807_2764/master/1807.jpg?width=120&dpr=1&s=none&crop=none,,,
guardian_9a3d76b840,The Guardian,2020,"""climate change""","Kate Grenville, Sofie Laguna, Julia Baird and others: the 20 best Australian books of 2020",https://www.theguardian.com/books/2020/dec/17/kate-grenville-sofie-laguna-julia-baird-and-others-the-20-best-australian-books-of-2020,2020-12-16,2021-08-25,14,https://i.guim.co.uk/img/media/50b2cfade2595e85c6d5b77e1d4f696a3f487d7c/0_0_1399_2129/master/1399.jpg?width=120&dpr=1&s=none&crop=none,,,
guardian_9a3d76b840,The Guardian,2020,"""climate change""","Kate Grenville, Sofie Laguna, Julia Baird and others: the 20 best Australian books of 2020",https://www.theguardian.com/books/2020/dec/17/kate-grenville-sofie-laguna-julia-baird-and-others-the-20-best-australian-books-of-2020,2020-12-16,2021-08-25,15,https://i.guim.co.uk/img/media/3aba9d3d5612bccbaa36348dea029f192bb4c8b8/0_0_1809_2760/master/1809.jpg?width=120&dpr=1&s=none&crop=none,,,
guardian_9a3d76b840,The Guardian,2020,"""climate change""","Kate Grenville, Sofie Laguna, Julia Baird and others: the 20 best Australian books of 2020",https://www.theguardian.com/books/2020/dec/17/kate-grenville-sofie-laguna-julia-baird-and-others-the-20-best-australian-books-of-2020,2020-12-16,2021-08-25,16,https://i.guim.co.uk/img/media/446bf1c26d02b22d1310b0f5e3d6f43426b4827e/0_0_1808_2764/master/1808.jpg?width=120&dpr=1&s=none&crop=none,,,
guardian_9a3d76b840,The Guardian,2020,"""climate change""","Kate Grenville, Sofie Laguna, Julia Baird and others: the 20 best Australian books of 2020",https://www.theguardian.com/books/2020/dec/17/kate-grenville-sofie-laguna-julia-baird-and-others-the-20-best-australian-books-of-2020,2020-12-16,2021-08-25,17,https://i.guim.co.uk/img/media/5adb86f378710ce6ac5d9e30d7c522deafd8f9b4/0_286_6000_3600/master/6000.jpg?width=445&dpr=1&s=none&crop=none,,Author Sofie Laguna. Photograph: Rochelle Van Der Merwe,
guardian_9a3d76b840,The Guardian,2020,"""climate change""","Kate Grenville, Sofie Laguna, Julia Baird and others: the 20 best Australian books of 2020",https://www.theguardian.com/books/2020/dec/17/kate-grenville-sofie-laguna-julia-baird-and-others-the-20-best-australian-books-of-2020,2020-12-16,2021-08-25,18,https://i.guim.co.uk/img/media/4ff1ebd5e22cc5e80e6a4372c907a11b89bdbb1b/0_0_1807_2764/master/1807.jpg?width=120&dpr=1&s=none&crop=none,,,
guardian_9a3d76b840,The Guardian,2020,"""climate change""","Kate Grenville, Sofie Laguna, Julia Baird and others: the 20 best Australian books of 2020",https://www.theguardian.com/books/2020/dec/17/kate-grenville-sofie-laguna-julia-baird-and-others-the-20-best-australian-books-of-2020,2020-12-16,2021-08-25,19,https://i.guim.co.uk/img/media/acb875a2940cfa1c5413285bd16690807ff106ac/0_0_1807_2764/master/1807.jpg?width=120&dpr=1&s=none&crop=none,,,
guardian_9a3d76b840,The Guardian,2020,"""climate change""","Kate Grenville, Sofie Laguna, Julia Baird and others: the 20 best Australian books of 2020",https://www.theguardian.com/books/2020/dec/17/kate-grenville-sofie-laguna-julia-baird-and-others-the-20-best-australian-books-of-2020,2020-12-16,2021-08-25,20,https://i.guim.co.uk/img/media/c12057ce6491385d1e6a7c35152c503f10167d66/0_0_1807_2764/master/1807.jpg?width=120&dpr=1&s=none&crop=none,,,
guardian_9a3d76b840,The Guardian,2020,"""climate change""","Kate Grenville, Sofie Laguna, Julia Baird and others: the 20 best Australian books of 2020",https://www.theguardian.com/books/2020/dec/17/kate-grenville-sofie-laguna-julia-baird-and-others-the-20-best-australian-books-of-2020,2020-12-16,2021-08-25,21,https://i.guim.co.uk/img/media/39630fed751da7e8fdc8fec85be8124d3f65d2ba/0_0_2000_2734/master/2000.jpg?width=120&dpr=1&s=none&crop=none,,,
guardian_ccdd211d54,The Guardian,2020,"""climate change""",Top UK court overturns block on Heathrow's third runway,https://www.theguardian.com/environment/2020/dec/16/top-uk-court-overturns-block-on-heathrows-third-runway,2020-12-16,2021-08-25,1,https://i.guim.co.uk/img/media/f08a15d56a70c3d2e096c2a9eb5040beb9064721/0_199_6000_3602/master/6000.jpg?width=465&dpr=1&s=none&crop=none,,"Campaigners against Heathrow expansion celebrate in February after a decision by the court of appeal, which has now been overturned. Photograph: Niklas Halle’n/AFP/Getty Images",
guardian_ccdd211d54,The Guardian,2020,"""climate change""",Top UK court overturns block on Heathrow's third runway,https://www.theguardian.com/environment/2020/dec/16/top-uk-court-overturns-block-on-heathrows-third-runway,2020-12-16,2021-08-25,2,https://i.guim.co.uk/img/media/8b918e7cdd3be6d2be53dcdc82a6031c36350c06/0_126_1551_931/master/1551.jpg?width=445&dpr=1&s=none&crop=none,,Computer-generated image released by Heathrow shows what the airport would look like in 2050 with a third runway. Photograph: Heathrow airport/AFP/Getty Images,
guardian_ccdd211d54,The Guardian,2020,"""climate change""",Top UK court overturns block on Heathrow's third runway,https://www.theguardian.com/environment/2020/dec/16/top-uk-court-overturns-block-on-heathrows-third-runway,2020-12-16,2021-08-25,3,https://i.guim.co.uk/img/media/b7b2fcc254f10291e0646f98ae7d2cccaacb0536/0_315_5273_3165/master/5273.jpg?width=445&dpr=1&s=none&crop=none,,Protesters unfurl a banner outside the supreme court in London in support of Heathrow expansion. Photograph: Daniel Leal-Olivas/AFP/Getty Images,
guardian_cecc35039d,The Guardian,2020,"""climate change""","As storms swamp Australia's east coast, some farmers are still enduring relentless drought",https://www.theguardian.com/australia-news/2020/dec/17/as-storms-swamp-australias-east-coast-is-the-eight-year-drought-finally-over,2020-12-16,2021-10-29,1,https://i.guim.co.uk/img/media/e1f095d91c0f183f0a96392fcaa77f660f99a658/0_69_2828_1698/master/2828.jpg?width=465&dpr=1&s=none&crop=none,,Cattle graziers in south-west Queensland have not had decent summer rain for eight years. Photograph: Angus Emmott,
guardian_cecc35039d,The Guardian,2020,"""climate change""","As storms swamp Australia's east coast, some farmers are still enduring relentless drought",https://www.theguardian.com/australia-news/2020/dec/17/as-storms-swamp-australias-east-coast-is-the-eight-year-drought-finally-over,2020-12-16,2021-10-29,2,https://i.guim.co.uk/img/media/ff2e1ace3b36c559f6699ff4a1f3efd6398d67ae/33_0_683_410/master/683.jpg?width=445&dpr=1&s=none&crop=none,,Angus Emmott says it’s too hot to work on his property during the day. Photograph: Change.org,
guardian_e87d4c3a24,The Guardian,2020,"""climate change""",MacKenzie Scott: ex-wife of Jeff Bezos gives away $4bn in four months,https://www.theguardian.com/technology/2020/dec/16/mackenzie-scott-ex-wife-of-jeff-bezos-gives-away-4bn-in-four-months-amazon-covid,2020-12-16,2024-09-25,1,https://i.guim.co.uk/img/media/82cf5e4d936b01ab87654a3b0ad42a24d0f805b8/39_25_1640_984/master/1640.jpg?width=465&dpr=1&s=none&crop=none,,MacKenzie Scott says the coronavirus pandemic ‘has been a wrecking ball in the lives of Americans already struggling’. Photograph: Evan Agostini/Invision/AP,
guardian_f5c233f59c,The Guardian,2020,"""climate change""",WA requires New South Wales visitors to isolate - as it happened,https://www.theguardian.com/australia-news/live/2020/dec/17/australia-news-live-nsw-health-covid-positive-local-transmission-weather-thunderstorms-flash-flooding,2020-12-16,2020-12-17,1,https://i.guim.co.uk/img/media/6cdc29d239ab13b84d3ef9a993e67c2fb558efc7/0_448_6720_4032/master/6720.jpg?width=465&dpr=1&s=none&crop=none,,Manly wharf. Northern beaches residents are being urged to stay at home after a new outbreak of Covid. Photograph: The Guardian,
guardian_2b210c579c,The Guardian,2020,"""climate change""",There is something stirrin' in Australia's far north. We live in a special place,https://www.theguardian.com/commentisfree/2020/dec/17/there-is-something-stirrin-in-australias-far-north-we-live-in-a-special-place,2020-12-17,2021-01-06,1,https://i.guim.co.uk/img/media/581d7293ea18ffb54b0955e9036dfb452a67d0e9/0_689_4843_2908/master/4843.jpg?width=465&dpr=1&s=none&crop=none,,"‘Even the sun feels different here. Its embrace is warm, sometimes balmy, sweaty even, and always happy. Ancient rainforests owned by ancient cultures, protect a diversity of endemic wildlife.’ Photograph: Maria Grazia Casella/Alamy Stock Photo",
guardian_3200c0e12b,The Guardian,2020,"""climate change""",The Guardian reaches 1m subscribers and regular contributors,https://www.theguardian.com/media/2020/dec/17/the-guardian-reaches-1m-subscribers-and-regular-contributors,2020-12-17,2020-12-18,1,https://i.guim.co.uk/img/media/21ff93f07a511441693dab36d5e75a498c405946/0_76_6720_4032/master/6720.jpg?width=465&dpr=1&s=none&crop=none,,Journalists in the Guardian offices in London. Photograph: David Levene/The Guardian,
guardian_4b1d12872a,The Guardian,2020,"""climate change""",Flemmich Webb obituary,https://www.theguardian.com/business/2020/dec/17/flemmich-webb-obituary,2020-12-17,2021-08-25,1,https://i.guim.co.uk/img/media/5b6a7981444c1bbe564f5c98b858516e35238e03/0_455_1200_720/master/1200.jpg?width=465&dpr=1&s=none&crop=none,,Flemmich Webb’s concern for the planet led him to work for many years in environmental journalism,
guardian_57ef41d25a,The Guardian,2020,"""climate change""",Dodging greenwashed gifts: 'Marketers know we are primed and waiting with our wallets open',https://www.theguardian.com/lifeandstyle/2020/dec/18/dodging-greenwashed-gifts-marketers-know-we-are-primed-and-waiting-with-our-wallets-open,2020-12-17,2020-12-18,1,https://i.guim.co.uk/img/media/f2db82d28ca17b874dc091d5722a7e11da79bc8e/0_0_5616_3370/master/5616.jpg?width=465&dpr=1&s=none&crop=none,,Empty promises: greenwashing occurs because brands know we want to buy better. Photograph: Annie Eagle/Alamy,
guardian_61fe3bf4d4,The Guardian,2020,"""climate change""",Biden picks Deb Haaland as first Native American interior secretary,https://www.theguardian.com/us-news/2020/dec/17/deb-haaland-joe-biden-interior-secretary,2020-12-17,2021-02-17,1,https://i.guim.co.uk/img/media/9fbfad08850ed426227b27f6a73f294041d89f92/0_274_4994_2997/master/4994.jpg?width=465&dpr=1&s=none&crop=none,,Deb Haaland would be the first Native American cabinet secretary. Photograph: Juan Labreche/AP,
guardian_61fe3bf4d4,The Guardian,2020,"""climate change""",Biden picks Deb Haaland as first Native American interior secretary,https://www.theguardian.com/us-news/2020/dec/17/deb-haaland-joe-biden-interior-secretary,2020-12-17,2021-02-17,2,https://i.guim.co.uk/img/media/a4500bdd53d1dd0af57ff7b79b797d9833c1937b/0_0_4856_3496/master/4856.jpg?width=445&dpr=1&s=none&crop=none,,Deb Haaland at the swearing-in ceremony on the floor of the US House of Representatives in 2019. Photograph: Brendan Smialowski/AFP/Getty Images,
guardian_78b22174ae,The Guardian,2020,"""climate change""","Morning mail: borders close to Sydney hotspot, EU Covid fears, Christmas chaos",https://www.theguardian.com/australia-news/2020/dec/18/morning-mail-borders-close-to-sydney-hotspot-eu-covid-fears-christmas-chaos,2020-12-17,2020-12-17,1,https://i.guim.co.uk/img/media/42abd12a3a9f9088947fc9296edc6a8154a5f473/0_133_2097_1258/master/2097.jpg?width=445&dpr=1&s=none&crop=none,,"Increasing unwillingness by banks to finance coal projects has led to Sumitomo writing off its stake in Australia’s newest coal-fired power plant, Bluewaters. Photograph: John Giles/PA",
guardian_78b22174ae,The Guardian,2020,"""climate change""","Morning mail: borders close to Sydney hotspot, EU Covid fears, Christmas chaos",https://www.theguardian.com/australia-news/2020/dec/18/morning-mail-borders-close-to-sydney-hotspot-eu-covid-fears-christmas-chaos,2020-12-17,2020-12-17,2,https://i.guim.co.uk/img/media/7483f5979a9743ef2de18bf1692a9d4d25faf28b/0_0_4357_2614/master/4357.jpg?width=445&dpr=1&s=none&crop=none,,"Mar-a-Lago resort owned by Donald Trump in Palm Beach, Florida. Photograph: Lynne Sladky/AP",
guardian_78b22174ae,The Guardian,2020,"""climate change""","Morning mail: borders close to Sydney hotspot, EU Covid fears, Christmas chaos",https://www.theguardian.com/australia-news/2020/dec/18/morning-mail-borders-close-to-sydney-hotspot-eu-covid-fears-christmas-chaos,2020-12-17,2020-12-17,3,https://i.guim.co.uk/img/media/062400bdd4ea7b6306f29a49a994caec32cdb4f3/0_0_2500_1500/master/2500.jpg?width=445&dpr=1&s=none&crop=none,,"Michael Caton (Rams), Daisy Axon (H is for Happiness) and Ahmad Malek (The Furnace) star in three of Luke Buckmaster’s top 10 Australian films of 2020. Composite: Roadshow/David Dare Parker/Supplied",
guardian_78b22174ae,The Guardian,2020,"""climate change""","Morning mail: borders close to Sydney hotspot, EU Covid fears, Christmas chaos",https://www.theguardian.com/australia-news/2020/dec/18/morning-mail-borders-close-to-sydney-hotspot-eu-covid-fears-christmas-chaos,2020-12-17,2020-12-17,4,https://i.guim.co.uk/img/media/69f69d5f3efb151138fcd87a4faf7b7d3847b9e9/0_182_5472_3283/master/5472.jpg?width=445&dpr=1&s=none&crop=none,,Inside the living rooms of Australian riders competing in the first-ever UCI esports world championships. Photograph: Mike Bowers/The Guardian,
guardian_b006c05c7d,The Guardian,2020,"""climate change""",Business lobby group and corporations back Zali Steggall’s 2050 net zero target bill,https://www.theguardian.com/australia-news/2020/dec/18/business-lobby-group-and-corporations-back-zali-steggalls-2050-net-zero-target-bill,2020-12-17,2021-08-25,1,https://i.guim.co.uk/img/media/fbb0ed8e4de7af0a78476a14d82bb43525fe29e9/0_310_5248_3149/master/5248.jpg?width=465&dpr=1&s=none&crop=none,,"Hundreds of groups and corporations, including Tesla and Origin Energy, have made parliamentary submissions endorsing Zali Steggall’s climate change legislation. Photograph: Mick Tsikas/AAP",
guardian_bcb8f1022d,The Guardian,2020,"""net zero""",F1: Mercedes tweet hints that Lewis Hamilton has signed contract extension,https://www.theguardian.com/sport/2020/dec/17/sustainable-fuel-formula-one-net-zero-carbon-target-by-2030,2020-12-17,2020-12-18,1,https://i.guim.co.uk/img/media/83318ef8d3bc60c22d8794d645deda1477888de9/52_78_3263_1958/master/3263.jpg?width=465&dpr=1&s=none&crop=none,,Lewis Hamilton celebrates on the podium after winning last month’s Turkish Grand Prix to secure his seventh world championship. Photograph: PA Wire/PA,
guardian_e598a579c2,The Guardian,2020,"""climate change""",Restoring forests needs both nature and nurture,https://www.theguardian.com/environment/2020/dec/17/restoring-forests-needs-both-nature-and-nurture,2020-12-17,2021-10-29,1,https://i.guim.co.uk/img/media/a1a6e7021f0bcf65e5d2b1466d0582c2d8d04f96/0_0_5669_3402/master/5669.jpg?width=465&dpr=1&s=none&crop=none,,"The Forest of Dean, Gloucestershire. ‘There is no guarantee that nature, unassisted, will arrive at a desired outcome,’ says Robin Prior. Photograph: Anna Stowe Landscapes UK/Alamy Stock Photo",
guardian_122c0a5683,The Guardian,2020,"""climate change""","To keep the Democratic coalition together, Biden will have to be the Great Balancer",https://www.theguardian.com/commentisfree/2020/dec/18/to-keep-the-democratic-coalition-together-biden-will-have-to-be-the-great-balancer,2020-12-18,2021-01-21,1,https://i.guim.co.uk/img/media/0d3d4409f05a7d60e2e09a51fa732dae6a949b5e/0_223_5760_3456/master/5760.jpg?width=465&dpr=1&s=none&crop=none,,"‘I don’t for a second buy the argument that if Bernie Sanders had been the Democratic nominee, he would have won a smashing victory against Trump and swept in a Senate majority.’ Photograph: Anadolu Agency/Getty Images",
guardian_217a575f65,The Guardian,2020,"""net zero""","How to save the planet? Richard Curtis says it involves pensions, actually",https://www.theguardian.com/money/2020/dec/18/richard-curtis-pensions-actually,2020-12-18,2020-12-18,1,https://i.guim.co.uk/img/media/591d720683e714af3c0e12a581302ae351b67200/377_45_2919_1751/master/2919.jpg?width=465&dpr=1&s=none&crop=none,,Love Actually’s Richard Curtis hopes his ‘fun’ film will grab attention. Photograph: Moviestore Collection/REX/Rex Features,
guardian_217a575f65,The Guardian,2020,"""net zero""","How to save the planet? Richard Curtis says it involves pensions, actually",https://www.theguardian.com/money/2020/dec/18/richard-curtis-pensions-actually,2020-12-18,2020-12-18,2,https://i.guim.co.uk/img/media/b1f042fcf915cbba62ce7d9e13355093385dd017/8_3_2868_1721/master/2868.jpg?width=445&dpr=1&s=none&crop=none,,Richard Curtis gestures on the set of Love Actually as the actor Colin Firth (fourth from left) prepares for a scene. Photograph: AF archive/Alamy,
guardian_217a575f65,The Guardian,2020,"""net zero""","How to save the planet? Richard Curtis says it involves pensions, actually",https://www.theguardian.com/money/2020/dec/18/richard-curtis-pensions-actually,2020-12-18,2020-12-18,3,https://i.guim.co.uk/img/media/7f9dbc86b5986957ceed5a070a7a0407e316bc40/19_324_2010_1206/master/2010.jpg?width=445&dpr=1&s=none&crop=none,,Love Actually is frequently voted the UK’s favourite Christmas film. Photograph: Working Title/Allstar,
guardian_4e2a0805e8,The Guardian,2020,"""climate change""",UK wildlife hospitals report ‘busiest year ever’ as lockdown turns focus to nature,https://www.theguardian.com/environment/2020/dec/18/uk-wildlife-hospitals-report-busiest-year-ever-as-lockdown-turns-focus-to-nature-aoe,2020-12-18,2021-10-29,1,https://i.guim.co.uk/img/media/77054bb9f4a03f7c96a0387be70646cea6fce7a9/0_0_5120_3407/master/5120.jpg?width=465&dpr=1&s=none&crop=none,,"Grey seal pups in a nursery pool at the Cornish Seal Sanctuary, Gweek. Photograph: Simon Burt/Alamy",
guardian_4e2a0805e8,The Guardian,2020,"""climate change""",UK wildlife hospitals report ‘busiest year ever’ as lockdown turns focus to nature,https://www.theguardian.com/environment/2020/dec/18/uk-wildlife-hospitals-report-busiest-year-ever-as-lockdown-turns-focus-to-nature-aoe,2020-12-18,2021-10-29,2,https://i.guim.co.uk/img/media/3eca2af906653815838d8477dfa47422b62cc21c/0_0_5184_3456/master/5184.jpg?width=445&dpr=1&s=none&crop=none,,"An orphaned baby hedgehog is fed at the Secret World animal rescue centre, Somerset. Photograph: Nature Picture Library/Alamy",
guardian_4e2a0805e8,The Guardian,2020,"""climate change""",UK wildlife hospitals report ‘busiest year ever’ as lockdown turns focus to nature,https://www.theguardian.com/environment/2020/dec/18/uk-wildlife-hospitals-report-busiest-year-ever-as-lockdown-turns-focus-to-nature-aoe,2020-12-18,2021-10-29,3,https://i.guim.co.uk/img/media/011518a87063e5671d517b5de7ad692828a19578/0_0_5568_3712/master/5568.jpg?width=445&dpr=1&s=none&crop=none,,An RSPCA officer removes a fishing line and float from the leg of an injured Canada goose gosling at a lake in Tonbridge. Photograph: Ben Stansall/AFP/Getty Images,
guardian_6882788d09,The Guardian,2020,"""climate change""",UK and China: how the love affair faded,https://www.theguardian.com/world/2020/dec/18/uk-and-china-how-the-love-affair-faded,2020-12-18,2021-04-02,1,https://i.guim.co.uk/img/media/d7f6b447761d10076a70794f9b165b08566751dc/0_0_4000_2400/master/4000.jpg?width=465&dpr=1&s=none&crop=none,,Uk-china-2 Composite: PA / Getty Images / Youtube / AFP / AP / Guardian Design Team,
guardian_6882788d09,The Guardian,2020,"""climate change""",UK and China: how the love affair faded,https://www.theguardian.com/world/2020/dec/18/uk-and-china-how-the-love-affair-faded,2020-12-18,2021-04-02,2,https://i.guim.co.uk/img/media/1e8e6d5096cb6940b6a6de6259c84f3e8d70a4eb/0_0_4368_2912/master/4368.jpg?width=445&dpr=1&s=none&crop=none,,David Cameron and George Osborne visit the Forbidden City in Beijing in 2015. Photograph: Andrew Parsons/Press Association,
guardian_6882788d09,The Guardian,2020,"""climate change""",UK and China: how the love affair faded,https://www.theguardian.com/world/2020/dec/18/uk-and-china-how-the-love-affair-faded,2020-12-18,2021-04-02,3,https://i.guim.co.uk/img/media/fcfb467bfd8b54e68ffd3fdae29928578983d752/0_0_4840_2905/master/4840.jpg?width=445&dpr=1&s=none&crop=none,,People walking past the Huawei logo during the Consumer Electronics Expo in Beijing. Photograph: Fred Dufour/AFP/Getty Images,
guardian_6882788d09,The Guardian,2020,"""climate change""",UK and China: how the love affair faded,https://www.theguardian.com/world/2020/dec/18/uk-and-china-how-the-love-affair-faded,2020-12-18,2021-04-02,4,https://i.guim.co.uk/img/media/d3f5511719a366eba3e69ab024b920cc69e94caf/0_105_1314_788/master/1314.jpg?width=445&dpr=1&s=none&crop=none,,China footage reveals hundreds of blindfolded and shackled prisoners. Photograph: youtube,
guardian_6882788d09,The Guardian,2020,"""climate change""",UK and China: how the love affair faded,https://www.theguardian.com/world/2020/dec/18/uk-and-china-how-the-love-affair-faded,2020-12-18,2021-04-02,5,https://i.guim.co.uk/img/media/e6cc5098de23de69cac2fa2755885bad8d4ae27f/0_336_5072_3045/master/5072.jpg?width=445&dpr=1&s=none&crop=none,,Riot police detain a man as they clear protesters taking part in a rally against the national security law in Hong Kong in July. Photograph: Dale de la Rey/AFP/Getty Images,
guardian_6882788d09,The Guardian,2020,"""climate change""",UK and China: how the love affair faded,https://www.theguardian.com/world/2020/dec/18/uk-and-china-how-the-love-affair-faded,2020-12-18,2021-04-02,6,https://i.guim.co.uk/img/media/be0ce794f1ddfa35adce2a466e02281fe20fbeaf/0_0_4000_2667/master/4000.jpg?width=445&dpr=1&s=none&crop=none,,Xi Jinping waits to greet Theresa May in Beijing in 2018. Photograph: Bloomberg/Getty Images,
guardian_711ff4a5cb,The Guardian,2020,"""climate change""",Cyclone Yasa: two die in Fiji as storm lays waste second-largest island,https://www.theguardian.com/world/2020/dec/18/cyclone-yasa-two-die-in-fiji-as-storm-hits-second-largest-island,2020-12-18,2020-12-18,1,https://i.guim.co.uk/img/media/497b5f9ef7c55fe7fdaf735c6fee7735f78f1efe/30_0_900_540/master/900.jpg?width=465&dpr=1&s=none&crop=none,,"Destruction on Vanua Levu, Fiji’s second-largest island, caused by category 5 Cyclone Yasa. Photograph: Sheldon Chanel/The Guardian",
guardian_711ff4a5cb,The Guardian,2020,"""climate change""",Cyclone Yasa: two die in Fiji as storm lays waste second-largest island,https://www.theguardian.com/world/2020/dec/18/cyclone-yasa-two-die-in-fiji-as-storm-hits-second-largest-island,2020-12-18,2020-12-18,2,https://i.guim.co.uk/img/media/466055f0b1b6c90cd3686ddbd5219cdf0c054c42/0_106_1599_959/master/1599.jpg?width=445&dpr=1&s=none&crop=none,,"People take shelter inside an evacuation center in Suva, Fiji, ahead of Cyclone Yasa. Photograph: Xinhua/REX/Shutterstock",
guardian_711ff4a5cb,The Guardian,2020,"""climate change""",Cyclone Yasa: two die in Fiji as storm lays waste second-largest island,https://www.theguardian.com/world/2020/dec/18/cyclone-yasa-two-die-in-fiji-as-storm-hits-second-largest-island,2020-12-18,2020-12-18,3,https://i.guim.co.uk/img/media/f23a809d5cd98ea47df463762d52acdcf28f0862/0_194_1242_745/master/1242.jpg?width=445&dpr=1&s=none&crop=none,,Crews clean up after Cyclone Yasa hit Fiji. Photograph: Fiji Roads Authority/Reuters,
guardian_97ad7b0c5e,The Guardian,2020,"""climate change""","World leaders deserve to know about Australia's abysmal climate change policy, so I wrote to them",https://www.theguardian.com/commentisfree/2020/dec/18/i-wrote-to-other-countries-about-australias-obstinance-on-climate-change-their-pressure-might-save-us,2020-12-18,2021-08-25,1,https://i.guim.co.uk/img/media/0e0c52be211a54af3a63e0d257b306cdfb55b868/0_186_5568_3341/master/5568.jpg?width=465&dpr=1&s=none&crop=none,,"‘In Australia, domestic politics trumps all.’ Photograph: Lukas Coch/AAP",
guardian_ec903897cd,The Guardian,2020,"""climate change""",Perth's fringe festival under fire for 'gag order' clause in artist contracts,https://www.theguardian.com/culture/2020/dec/18/perths-fringe-festival-under-fire-for-gag-order-clause-in-artist-contracts,2020-12-18,2021-08-25,1,https://i.guim.co.uk/img/media/59cb7e54c075eec456ffb5760f5591995e6ab73e/0_0_3068_2048/master/3068.jpg?width=465&dpr=1&s=none&crop=none,,"Three artists protest at Fringe World’s launch event in Perth in January 2019, over the event’s sponsorship arrangement with Woodside. Photograph: Miles Tweedie/Supplied",
guardian_ec903897cd,The Guardian,2020,"""climate change""",Perth's fringe festival under fire for 'gag order' clause in artist contracts,https://www.theguardian.com/culture/2020/dec/18/perths-fringe-festival-under-fire-for-gag-order-clause-in-artist-contracts,2020-12-18,2021-08-25,2,https://i.guim.co.uk/img/media/1d027ac55dbaad28a7a720cc2e06e34fb37105d4/0_0_1200_800/master/1200.jpg?width=445&dpr=1&s=none&crop=none,,"‘Really dicey territory.’ Tom Ballard, the host of ABC’s Tonightly has criticised the decision to ask performers to reconsider their participation if they have a problem with festival sponsors. Photograph: ABC",
guardian_ec903897cd,The Guardian,2020,"""climate change""",Perth's fringe festival under fire for 'gag order' clause in artist contracts,https://www.theguardian.com/culture/2020/dec/18/perths-fringe-festival-under-fire-for-gag-order-clause-in-artist-contracts,2020-12-18,2021-08-25,3,https://i.guim.co.uk/img/media/8a4b5aeca74f05cc9666fe5a654ddc9e5586512e/0_0_1244_829/master/1244.jpg?width=445&dpr=1&s=none&crop=none,,Fringe World in Perth in 2017. Photograph: Tourism Western Australia,
guardian_42ca6306f1,The Guardian,2020,"""climate change""",The week in radio and podcasts: Arthur Cares; Where Is George Gibney?; Mothers of Invention,https://www.theguardian.com/tv-and-radio/2020/dec/19/arthur-cares-review-where-is-george-gibney-mothers-of-invention-podcast-mary-robinson-bernie-sanders,2020-12-19,2020-12-19,1,https://i.guim.co.uk/img/media/5a81174f65cc9fb584435017caf07222bf8fc4fd/0_0_3088_2306/master/3088.jpg?width=465&dpr=1&s=none&crop=none,,"‘Impeccable’ advice from Arthur, with his dad, Babak. Photograph: Reduced Listening",
guardian_84585d7941,The Guardian,2020,"""climate change""","Progressives are a minority in America. To win, they need to compromise",https://www.theguardian.com/us-news/commentisfree/2020/dec/19/progressives-us-democrats-power-new-deal,2020-12-19,2021-01-06,1,https://i.guim.co.uk/img/media/1f757c4e71615aa891fbf025d6634df57b1ed964/0_22_5249_3150/master/5249.jpg?width=465&dpr=1&s=none&crop=none,,‘Today’s Democratic party is the opposite of the New Deal coalition.’ Photograph: Jason Connolly/AFP/Getty Images,
guardian_936aa623f7,The Guardian,2020,"""climate change""",'Our defence has gone': Byron Bay reels as storm surge devastates Australia's famous beaches,https://www.theguardian.com/australia-news/2020/dec/20/our-defence-has-gone-byron-bay-reels-as-storm-surge-devastates-australias-famous-beaches,2020-12-19,2020-12-20,1,https://i.guim.co.uk/img/media/8c8c91c5d398d8e7828345e2c56800bb74251646/0_133_4000_2401/master/4000.jpg?width=465&dpr=1&s=none&crop=none,,"Wild weather caused massive beach erosion at Byron Bay Main Beach on 15 December. ‘This is certainly the worst we’ve seen,’ says local landcare group. Photograph: Patrick Hamilton/AFP/Getty Images",
guardian_936aa623f7,The Guardian,2020,"""climate change""",'Our defence has gone': Byron Bay reels as storm surge devastates Australia's famous beaches,https://www.theguardian.com/australia-news/2020/dec/20/our-defence-has-gone-byron-bay-reels-as-storm-surge-devastates-australias-famous-beaches,2020-12-19,2020-12-20,2,https://i.guim.co.uk/img/media/b36bf30761d7871281eb5824248ef0984820b7b2/0_0_5568_3341/master/5568.jpg?width=445&dpr=1&s=none&crop=none,,An erosion-damaged beach at Byron Bay. Photograph: Dan Peled/AAP,
guardian_936aa623f7,The Guardian,2020,"""climate change""",'Our defence has gone': Byron Bay reels as storm surge devastates Australia's famous beaches,https://www.theguardian.com/australia-news/2020/dec/20/our-defence-has-gone-byron-bay-reels-as-storm-surge-devastates-australias-famous-beaches,2020-12-19,2020-12-20,3,https://i.guim.co.uk/img/media/939a8ea134d2dcf24be2a72d25d8ff8a2bfb9110/0_221_4844_2907/master/4844.jpg?width=445&dpr=1&s=none&crop=none,,An estimated two metres of sand from the length of the beach was washed away during the storms. Photograph: Dan Peled/AAP,
guardian_9f7a97e7db,The Guardian,2020,"""climate change""","'Folks, we're in crisis': Joe Biden introduces environmental advisers",https://www.theguardian.com/us-news/2020/dec/19/folks-crisis-joe-biden-environmental-advisers-haaland-kerry-granholm,2020-12-19,2021-02-17,1,https://i.guim.co.uk/img/media/03159c767c65ac80359381a5b009af4b78e0b79e/0_211_6000_3600/master/6000.jpg?width=465&dpr=1&s=none&crop=none,,Michael Regan listens as President-elect Joe Biden announces him as his nominee for EPA administrator in Wilmington Delaware. Photograph: Carolyn Kaster/AP,
guardian_9f7a97e7db,The Guardian,2020,"""climate change""","'Folks, we're in crisis': Joe Biden introduces environmental advisers",https://www.theguardian.com/us-news/2020/dec/19/folks-crisis-joe-biden-environmental-advisers-haaland-kerry-granholm,2020-12-19,2021-02-17,2,https://i.guim.co.uk/img/media/87e93927105492da217393531bdd2a0335125413/0_230_5521_3312/master/5521.jpg?width=445&dpr=1&s=none&crop=none,,Deb Haaland at the Queen Theater on Saturday. Photograph: Joshua Roberts/Getty Images,
guardian_d37f1ddb58,The Guardian,2020,"""climate change""",Ministers face fresh legal challenge over Heathrow airport plans,https://www.theguardian.com/environment/2020/dec/19/ministers-face-fresh-legal-challenge-over-heathrow-airport-plans,2020-12-19,2020-12-19,1,https://i.guim.co.uk/img/media/9268cec6907edc47e2ccaf1310c328a5042b56ee/0_281_4200_2519/master/4200.jpg?width=465&dpr=1&s=none&crop=none,,The challenge follows a supreme court decision last week ruling that the airport’s expansion was not unlawful. Photograph: Jack Taylor/Getty Images,
guardian_e3d1de8ea7,The Guardian,2020,"""net zero""",Windfarms in Great Britain break record for clean power generation,https://www.theguardian.com/environment/2020/dec/19/windfarms-in-great-britain-break-record-for-clear-power-generation,2020-12-19,2020-12-19,1,https://i.guim.co.uk/img/media/0ddec62612edbe7a343dfecee925ad605e754956/0_46_4813_2889/master/4813.jpg?width=465&dpr=1&s=none&crop=none,,Wind turbines generated a record 17.3GW on Friday afternoon due to strong winds. Photograph: Nature Picture Library/Alamy,
guardian_40c21ff6c7,The Guardian,2020,"""climate change""",Sky News Australia is increasingly pushing conspiracy theories to a global audience online,https://www.theguardian.com/commentisfree/2020/dec/21/sky-news-australia-is-increasingly-pushing-conspiracy-theories-to-a-global-audience-online,2020-12-20,2020-12-20,1,https://i.guim.co.uk/img/media/4b7072cccf1c5a03e0008eca622617648f54c5af/0_129_5568_3341/master/5568.jpg?width=465&dpr=1&s=none&crop=none,,"‘Parts of Australia’s media, including some ostensibly subject to government regulation, have become effective second fronts in the Trumpist culture wars.’ Photograph: Mick Tsikas/AAP",
guardian_81b3880808,The Guardian,2020,"""climate change""",Sara Pascoe: ‘Quizzes are best when you assume you know the answer but you’re wrong’,https://www.theguardian.com/culture/2020/dec/20/sara-pascoe-quizzes-interview-out-of-her-mind-last-woman-on-earth,2020-12-20,2020-12-21,1,https://i.guim.co.uk/img/media/0ed7eb161d314e48825926cdb0625ce1ba58fa02/0_0_8148_6107/master/8148.jpg?width=465&dpr=1&s=none&crop=none,,"Sara Pascoe photographed for the Observer New Review by Pål Hansen. Styling by Hope Lawrie, hair by Luke Benson and makeup by Anna Gibson. Dress by Saloni at matchesfashion.com , shoes by Jimmy Choo and earrings from tukadu.com",
guardian_a8aa6d595e,The Guardian,2020,"""climate change""",'Want to do the Spacegirl dance with me?' How to talk to teens this Christmas,https://www.theguardian.com/lifeandstyle/2020/dec/21/want-to-do-the-spacegirl-dance-with-me-how-to-talk-to-teens-this-christmas,2020-12-20,2020-12-20,1,https://i.guim.co.uk/img/media/8fac405b0d32e4be39c5b806c338979777658c0c/0_0_5218_3131/master/5218.jpg?width=465&dpr=1&s=none&crop=none,,"So how do you talk to teenagers? This might come as a shock, but behind their sullen pouts and dark eyeliner, teenagers actually care about you . Photograph: Tim Robbins/Getty Images/Mint Images RF",
guardian_ae7a21d061,The Guardian,2020,"""climate change""",Celebrities rooting for ‘Veganuary’ in UK to combat new rise in meat sales,https://www.theguardian.com/lifeandstyle/2020/dec/20/celebrities-rooting-for-veganuary-in-uk-to-combat-new-rise-in-meat-sales,2020-12-20,2021-08-25,1,https://i.guim.co.uk/img/media/e530af8dd959d45e30b93007eb34882ca7444e20/0_135_6000_3600/master/6000.jpg?width=465&dpr=1&s=none&crop=none,,Vegan coconut cauliflower tacos. Photograph: Getty Images,
guardian_ae7a21d061,The Guardian,2020,"""climate change""",Celebrities rooting for ‘Veganuary’ in UK to combat new rise in meat sales,https://www.theguardian.com/lifeandstyle/2020/dec/20/celebrities-rooting-for-veganuary-in-uk-to-combat-new-rise-in-meat-sales,2020-12-20,2021-08-25,2,https://i.guim.co.uk/img/media/3284eb5bd536c2edb0ad4b505a66814a9c513905/36_568_4181_2508/master/4181.jpg?width=445&dpr=1&s=none&crop=none,,Chris Packham says we have to understand that what we eat is directly connected to nature. Photograph: Jonny Birch/Rex,
guardian_ae7a21d061,The Guardian,2020,"""climate change""",Celebrities rooting for ‘Veganuary’ in UK to combat new rise in meat sales,https://www.theguardian.com/lifeandstyle/2020/dec/20/celebrities-rooting-for-veganuary-in-uk-to-combat-new-rise-in-meat-sales,2020-12-20,2021-08-25,3,https://i.guim.co.uk/img/media/e5df03ec23ed366f6b025ca39ab56b4ff9895373/0_181_2200_1320/master/2200.jpg?width=445&dpr=1&s=none&crop=none,,Brazilian jungle being turned into farmland by the typical slash-and-burn method. Photograph: Reuters,
guardian_bca3f3a3d3,The Guardian,2020,"""net zero""",Trickle-down economics is dead. It’s time to tax the rich harder,https://www.theguardian.com/business/2020/dec/20/trickle-down-economics-is-dead-its-time-to-tax-the-rich-harder,2020-12-20,2020-12-20,1,https://i.guim.co.uk/img/media/735cf1307e7fc9034570dbec148065a371a4598e/0_0_5760_3456/master/5760.jpg?width=465&dpr=1&s=none&crop=none,,"Inside an Ocado warehouse. The firm’s boss earns 2,605 times more than the average worker. Photograph: David Levene/The Guardian",
guardian_c31afd8ae6,The Guardian,2020,"""climate change""",Kindred by Rebecca Wragg Sykes review – a new understanding of humanity,https://www.theguardian.com/books/2020/dec/20/kindred-by-rebecca-wragg-sykes-review-a-new-understanding-of-humanity,2020-12-20,2020-12-20,1,https://i.guim.co.uk/img/media/3f60c7afb47310dcce7adce3261b027b873c68bc/0_138_2200_1320/master/2200.jpg?width=465&dpr=1&s=none&crop=none,,"The entrance to the Shanidar cave in the Bradost mountains of Kurdistan, Iraq, where the remains of 10 Neanderthals were unearthed. Photograph: Graeme Barker/Reuters",
guardian_c31afd8ae6,The Guardian,2020,"""climate change""",Kindred by Rebecca Wragg Sykes review – a new understanding of humanity,https://www.theguardian.com/books/2020/dec/20/kindred-by-rebecca-wragg-sykes-review-a-new-understanding-of-humanity,2020-12-20,2020-12-20,2,https://i.guim.co.uk/img/media/ca3dde18970ad430589736e6e1dabcea06a0b27d/0_151_5616_3370/master/5616.jpg?width=445&dpr=1&s=none&crop=none,,"A reconstruction of a Neanderthal, created for the Natural History Museum, London. Photograph: Richard Gray/Alamy",
guardian_c3b4eb2018,The Guardian,2020,"""climate change""",On my radar: Patsy Ferran's cultural highlights,https://www.theguardian.com/culture/2020/dec/20/on-my-radar-patsy-ferran-cultural-highlights,2020-12-20,2020-12-20,1,https://i.guim.co.uk/img/media/83cabc148abde8bf7f01e2fc9cc7ba221286eba7/640_1332_6504_3901/master/6504.jpg?width=465&dpr=1&s=none&crop=none,,"Patsy Ferran collecting the best actress award, for her performance in Summer and Smoke at the Almeida theatre, at the 2019 Olivier awards. Photograph: David Levene/The Guardian",
guardian_c3b4eb2018,The Guardian,2020,"""climate change""",On my radar: Patsy Ferran's cultural highlights,https://www.theguardian.com/culture/2020/dec/20/on-my-radar-patsy-ferran-cultural-highlights,2020-12-20,2020-12-20,2,https://i.guim.co.uk/img/media/f7b93154335983261f5fb9db155c25ad13cc2d02/36_234_4369_2622/master/4369.jpg?width=445&dpr=1&s=none&crop=none,,Author Jenny Offill: exhausting themes handled with humour. Photograph by Christopher Lane/the Guardian,
guardian_c3b4eb2018,The Guardian,2020,"""climate change""",On my radar: Patsy Ferran's cultural highlights,https://www.theguardian.com/culture/2020/dec/20/on-my-radar-patsy-ferran-cultural-highlights,2020-12-20,2020-12-20,3,https://i.guim.co.uk/img/media/ab731371dd7733a31d8e967f2f4d3c13d4da3908/31_198_3008_1806/master/3008.jpg?width=445&dpr=1&s=none&crop=none,,Alastair Sim as Scrooge. Photograph: Moviestore Collection/Alamy Stock,
guardian_c3b4eb2018,The Guardian,2020,"""climate change""",On my radar: Patsy Ferran's cultural highlights,https://www.theguardian.com/culture/2020/dec/20/on-my-radar-patsy-ferran-cultural-highlights,2020-12-20,2020-12-20,4,https://i.guim.co.uk/img/media/c47e1d45f37bf3b6c231c7d8351b3027ec60846c/0_306_4096_2458/master/4096.jpg?width=445&dpr=1&s=none&crop=none,,Terrell Grice: ‘So gorgeous and charming.’ Photograph: YouTube/Terrell Grice Show,
guardian_c3b4eb2018,The Guardian,2020,"""climate change""",On my radar: Patsy Ferran's cultural highlights,https://www.theguardian.com/culture/2020/dec/20/on-my-radar-patsy-ferran-cultural-highlights,2020-12-20,2020-12-20,5,https://i.guim.co.uk/img/media/0c21889aa650b2c6452579e8a7ced6b58fd84b95/78_20_1003_602/master/1003.jpg?width=445&dpr=1&s=none&crop=none,,Backlisted hosts John Mitchinson (left) and Andy Miller. Photograph: Twitter/@BacklistedPod,
guardian_c3b4eb2018,The Guardian,2020,"""climate change""",On my radar: Patsy Ferran's cultural highlights,https://www.theguardian.com/culture/2020/dec/20/on-my-radar-patsy-ferran-cultural-highlights,2020-12-20,2020-12-20,6,https://i.guim.co.uk/img/media/a6571d853497192c0516c877ee2cc8044fa690ba/193_64_3450_2070/master/3450.jpg?width=445&dpr=1&s=none&crop=none,,"Selling Sunset: ‘Ridiculously high heels, tight skirts and the most insane cars.’ Photograph: Netflix",
guardian_c3b4eb2018,The Guardian,2020,"""climate change""",On my radar: Patsy Ferran's cultural highlights,https://www.theguardian.com/culture/2020/dec/20/on-my-radar-patsy-ferran-cultural-highlights,2020-12-20,2020-12-20,7,https://i.guim.co.uk/img/media/e7a01aaa600b8a10709de4e70db8a13711a60d35/0_84_1496_999/master/1496.jpg?width=445&dpr=1&s=none&crop=none,,"La Baguette, served at Le Relais de Venise: ‘Every mouthful was an eye-roll of pleasure.’ Photograph: @lerelaisdeveniseofficial",
guardian_c4ee6a665c,The Guardian,2020,"""climate change""","The virus-free scientific breakthroughs of 2020, chosen by scientists",https://www.theguardian.com/science/2020/dec/20/the-virus-free-scientific-breakthroughs-of-2020-chosen-by-scientists,2020-12-20,2021-08-25,1,https://i.guim.co.uk/img/media/28199f70b85524c64f3d18690a4eca8793634e8a/0_19_5568_3339/master/5568.jpg?width=465&dpr=1&s=none&crop=none,,"The SpaceX Crew Dragon spacecraft approaching the International Space Station for a docking, 17 November. Photograph: Nasa/Zuma Wire/Rex/Shutterstock",
guardian_c4ee6a665c,The Guardian,2020,"""climate change""","The virus-free scientific breakthroughs of 2020, chosen by scientists",https://www.theguardian.com/science/2020/dec/20/the-virus-free-scientific-breakthroughs-of-2020-chosen-by-scientists,2020-12-20,2021-08-25,2,https://i.guim.co.uk/img/media/c84d2f49067ece786e7e918122be47714f8ca8ca/274_35_1491_895/master/1491.jpg?width=445&dpr=1&s=none&crop=none,,DeepMind’s Alpha Fold artificial intelligence network is able to infer a protein’s 3D shape from its amino acid sequence. Photograph: DeepMind,
guardian_c4ee6a665c,The Guardian,2020,"""climate change""","The virus-free scientific breakthroughs of 2020, chosen by scientists",https://www.theguardian.com/science/2020/dec/20/the-virus-free-scientific-breakthroughs-of-2020-chosen-by-scientists,2020-12-20,2021-08-25,3,https://i.guim.co.uk/img/media/d0c0ca3935510354e56295f8fdfa5b1fea456199/0_115_3834_2300/master/3834.jpg?width=445&dpr=1&s=none&crop=none,,Jennifer Doudna and Emmanuelle Charpentier were awarded the 2020 Nobel prize for chemistry for developing the Crispr/ Cas9 genome editing tool. Photograph: Alexander Heinl/AP,
guardian_c4ee6a665c,The Guardian,2020,"""climate change""","The virus-free scientific breakthroughs of 2020, chosen by scientists",https://www.theguardian.com/science/2020/dec/20/the-virus-free-scientific-breakthroughs-of-2020-chosen-by-scientists,2020-12-20,2021-08-25,4,https://i.guim.co.uk/img/media/3f66df7f3e6af7c131a71eef806fab8b2783eac4/0_23_3000_1800/master/3000.jpg?width=445&dpr=1&s=none&crop=none,,Land cleared for palm oil plantation in Indonesia. This year a study showed that payments to alleviate poverty had the unintended side-effect of reducing deforestation. Photograph: Ulet Ifansasti/Getty Images,
guardian_c4ee6a665c,The Guardian,2020,"""climate change""","The virus-free scientific breakthroughs of 2020, chosen by scientists",https://www.theguardian.com/science/2020/dec/20/the-virus-free-scientific-breakthroughs-of-2020-chosen-by-scientists,2020-12-20,2021-08-25,5,https://i.guim.co.uk/img/media/347ac21659654beee835cb3545eb54651573245b/0_198_6048_3629/master/6048.jpg?width=445&dpr=1&s=none&crop=none,,Volkswagen’s ID.4 electric car. Many governments’ commitments to net zero greenhouse gas emissions rely on massive uptake of electric vehicles. Photograph: Sebastian Kahnert/AP,
guardian_c4ee6a665c,The Guardian,2020,"""climate change""","The virus-free scientific breakthroughs of 2020, chosen by scientists",https://www.theguardian.com/science/2020/dec/20/the-virus-free-scientific-breakthroughs-of-2020-chosen-by-scientists,2020-12-20,2021-08-25,6,https://i.guim.co.uk/img/media/5ed3dbab8f2d0d02c1107c68376a184ad1a4e793/241_0_3599_2160/master/3599.jpg?width=445&dpr=1&s=none&crop=none,,"A longitudinal study found that adult mental health was dependent not on traumatic childhood events occurring, but on whether they could be recalled. Photograph: urbazon/Getty Images/iStockphoto",
guardian_c4ee6a665c,The Guardian,2020,"""climate change""","The virus-free scientific breakthroughs of 2020, chosen by scientists",https://www.theguardian.com/science/2020/dec/20/the-virus-free-scientific-breakthroughs-of-2020-chosen-by-scientists,2020-12-20,2021-08-25,7,https://i.guim.co.uk/img/media/bed2b12b86123477cb2c334827490b81b194cf1d/217_0_1023_614/master/1023.jpg?width=445&dpr=1&s=none&crop=none,,An artist’s illustration of the surface of Venus with molecules of phosphine in the atmosphere above. The presence of the toxic gas may hint at life. Photograph: ESO/Reuters,
guardian_c4ee6a665c,The Guardian,2020,"""climate change""","The virus-free scientific breakthroughs of 2020, chosen by scientists",https://www.theguardian.com/science/2020/dec/20/the-virus-free-scientific-breakthroughs-of-2020-chosen-by-scientists,2020-12-20,2021-08-25,8,https://i.guim.co.uk/img/media/540735f1a3fed1ffd476e429093fa01155c56e74/0_143_5568_3339/master/5568.jpg?width=445&dpr=1&s=none&crop=none,,"Prof Christopher Jackson, who will give one of this year’s Royal Institution Christmas Lectures. Photograph: Paul Wilkinson",
guardian_c4ee6a665c,The Guardian,2020,"""climate change""","The virus-free scientific breakthroughs of 2020, chosen by scientists",https://www.theguardian.com/science/2020/dec/20/the-virus-free-scientific-breakthroughs-of-2020-chosen-by-scientists,2020-12-20,2021-08-25,9,https://i.guim.co.uk/img/media/5f36542c84e1ada47648d5145ba0534a10eaa704/0_161_3500_2101/master/3500.jpg?width=445&dpr=1&s=none&crop=none,,"A dish prepared with lab-grown cultured chicken developed by Eat Just. Singapore’s food regulatory agency has recently approved the US startup’s product for sale. Photograph: Eat Just, Inc/Reuters",
guardian_c4ee6a665c,The Guardian,2020,"""climate change""","The virus-free scientific breakthroughs of 2020, chosen by scientists",https://www.theguardian.com/science/2020/dec/20/the-virus-free-scientific-breakthroughs-of-2020-chosen-by-scientists,2020-12-20,2021-08-25,10,https://i.guim.co.uk/img/media/07eb9d78cfc6961af5c0f999090433466a2343a5/0_412_5725_3437/master/5725.jpg?width=445&dpr=1&s=none&crop=none,,An artist’s depiction of magnetic material levitating above a high temperature superconductor. Will a room-temperature superconductor soon be found? Photograph: Kiyoshi Takahase Segundo/Alamy,
guardian_dbe0e50abc,The Guardian,2020,"""net zero""","Coalition should commit to halving emissions this decade, says conservative thinktank",https://www.theguardian.com/australia-news/2020/dec/21/coalition-should-commit-to-halving-emissions-this-decade-says-conservative-thinktank,2020-12-20,2020-12-20,1,https://i.guim.co.uk/img/media/dfae871cbea9b5f9353c0a7188d0c9706c60c495/0_173_5184_3110/master/5184.jpg?width=465&dpr=1&s=none&crop=none,,"A centre-right thinktank, the Blueprint Institute, says the Morrison government should commit to halving emissions from coal-fired electricity this decade. Photograph: David Crosling/AAP",
guardian_ead1f4bb5b,The Guardian,2020,"""climate change""",Green and tonic: gin in paper bottles is the new eco-tipple,https://www.theguardian.com/business/2020/dec/20/green-and-tonic-gin-in-paper-bottles-is-the-new-eco-tipple,2020-12-20,2020-12-20,1,https://i.guim.co.uk/img/media/17f38d5cfb60e970988b236b6bbf2ccd0bd8d9fa/0_188_3508_2105/master/3508.jpg?width=465&dpr=1&s=none&crop=none,,‘Frugal’ bottles containing food-grade liners are becoming popular with consumers. Photograph: Frugal Bottle,
guardian_1c41e3c1ba,The Guardian,2020,"""climate change""",Time for some home truths about deforestation,https://www.theguardian.com/commentisfree/2020/dec/21/time-for-some-home-truths-about-deforestation,2020-12-21,2020-12-22,1,https://i.guim.co.uk/img/media/c82de7e5f02c5cd0964774334d084f7d700317ee/0_53_4372_2623/master/4372.jpg?width=465&dpr=1&s=none&crop=none,,"Bioko island, Equatorial Guinea. ‘In much of west Africa, forest cover actually increased over the course of the 20th century.’ Photograph: Alamy Stock Photo",
guardian_5185d04335,The Guardian,2020,"""climate change""",Interactive map: which areas of Australia were hit by multiple disasters in 2020?,https://www.theguardian.com/news/datablog/2020/dec/22/interactive-map-which-areas-of-australia-were-hit-by-multiple-disasters-in-2020,2020-12-21,2021-03-12,1,https://i.guim.co.uk/img/media/dbe66b4bcf8469514e737f7b7ce93eee346c406e/0_0_5077_3047/master/5077.jpg?width=465&dpr=1&s=none&crop=none,,"Firefighters struggling against strong winds and flying embers near the town of Nowra, NSW 31 December 2019. Photograph: Saeed Khan/AFP/Getty Images",
guardian_ceb508d80c,The Guardian,2020,"""climate change""",From Mystery Road to The Secrets She Keeps: the 10 best Australian TV shows of 2020,https://www.theguardian.com/tv-and-radio/2020/dec/21/from-mystery-road-to-the-secrets-she-keeps-the-10-best-australian-tv-shows-of-2020,2020-12-21,2020-12-21,1,https://i.guim.co.uk/img/media/e6bc233360af95e4b4cc3d8ffe4909ce235da9a0/0_0_2500_1500/master/2500.jpg?width=465&dpr=1&s=none&crop=none,,"Laura Carmichael in The Secrets She Keeps (L), Warwick Thornton in The Beach (C) and Ewen Leslie in The Gloaming (R). Composite: BBC/Lingo Pictures/SBS/Stan",
guardian_ceb508d80c,The Guardian,2020,"""climate change""",From Mystery Road to The Secrets She Keeps: the 10 best Australian TV shows of 2020,https://www.theguardian.com/tv-and-radio/2020/dec/21/from-mystery-road-to-the-secrets-she-keeps-the-10-best-australian-tv-shows-of-2020,2020-12-21,2020-12-21,2,https://i.guim.co.uk/img/media/34f576151178f50e181a754a8be6ddf15b78e3ee/0_0_6720_4032/master/6720.jpg?width=445&dpr=1&s=none&crop=none,,Cathy Freeman walks through layers of projected images of her racing history. Photograph: Daniel Boud,
guardian_ceb508d80c,The Guardian,2020,"""climate change""",From Mystery Road to The Secrets She Keeps: the 10 best Australian TV shows of 2020,https://www.theguardian.com/tv-and-radio/2020/dec/21/from-mystery-road-to-the-secrets-she-keeps-the-10-best-australian-tv-shows-of-2020,2020-12-21,2020-12-21,3,https://i.guim.co.uk/img/media/f147306cdd102292f0d95ff7d213a2deeda75a69/0_2_2480_1488/master/2480.jpg?width=445&dpr=1&s=none&crop=none,,"Rosehaven season four Daniel (Luke McGregor), Barbara (Kris McQuade) & Emma (Celia Pacquola). Photograph: ABC",
guardian_ceb508d80c,The Guardian,2020,"""climate change""",From Mystery Road to The Secrets She Keeps: the 10 best Australian TV shows of 2020,https://www.theguardian.com/tv-and-radio/2020/dec/21/from-mystery-road-to-the-secrets-she-keeps-the-10-best-australian-tv-shows-of-2020,2020-12-21,2020-12-21,4,https://i.guim.co.uk/img/media/4d8c312caa3451870ce5712e4512d32902c0c71c/0_173_5000_3000/master/5000.jpg?width=445&dpr=1&s=none&crop=none,,A still from Warwick Thornton’s The Beach. Photograph: SBS,
guardian_ec93788411,The Guardian,2020,"""climate change""",The Guardian in 2020,https://www.theguardian.com/info/ng-interactive/2020/dec/21/the-guardian-in-2020,2020-12-21,2021-11-04,1,https://media.guim.co.uk/89f23377c588def5c929386c1d21dd9a26151ea8/0_0_3000_1500/1000.jpg,,,
guardian_ec93788411,The Guardian,2020,"""climate change""",The Guardian in 2020,https://www.theguardian.com/info/ng-interactive/2020/dec/21/the-guardian-in-2020,2020-12-21,2021-11-04,2,https://media.guim.co.uk/e7685488233832097fff30667cef232a293e6583/0_0_1500_1500/1000.jpg,,,
guardian_ec93788411,The Guardian,2020,"""climate change""",The Guardian in 2020,https://www.theguardian.com/info/ng-interactive/2020/dec/21/the-guardian-in-2020,2020-12-21,2021-11-04,3,https://media.guim.co.uk/7fa80a94c5cdedaff47b2b399d17a9624c52e775/0_0_1500_1500/1000.jpg,,,
guardian_ec93788411,The Guardian,2020,"""climate change""",The Guardian in 2020,https://www.theguardian.com/info/ng-interactive/2020/dec/21/the-guardian-in-2020,2020-12-21,2021-11-04,4,https://media.guim.co.uk/9fbfee70b1416940865d80bf75c3e162398c9e5f/0_0_5509_3307/1000.jpg,,"Dominic Cummings, senior adviser to Boris Johnson, outside his home in London in May. Photograph: Sean Smith/The Guardian",
guardian_ec93788411,The Guardian,2020,"""climate change""",The Guardian in 2020,https://www.theguardian.com/info/ng-interactive/2020/dec/21/the-guardian-in-2020,2020-12-21,2021-11-04,5,https://media.guim.co.uk/1e4e96c57e101e836530291d13577aff53ff055e/0_67_6341_3805/1000.jpg,,A man rides passed a terraced house painted with a rainbow in support of the NHS on Gwendoline Street in Cardiff in April. Photograph: Matthew Horwood/Getty Images,
guardian_ec93788411,The Guardian,2020,"""climate change""",The Guardian in 2020,https://www.theguardian.com/info/ng-interactive/2020/dec/21/the-guardian-in-2020,2020-12-21,2021-11-04,6,https://media.guim.co.uk/e046d4802ca16d9df018f8b935151f0726890cab/0_0_1500_1500/1000.jpg,,,
guardian_ec93788411,The Guardian,2020,"""climate change""",The Guardian in 2020,https://www.theguardian.com/info/ng-interactive/2020/dec/21/the-guardian-in-2020,2020-12-21,2021-11-04,7,https://media.guim.co.uk/3de4dcd565498f79a5e9ef52ee52ff351d37123c/0_16_5760_3456/1000.jpg,,"BLM protester Jen Reid stands in front of a statue of her in July, installed at the site in Bristol previously occupied by slave trader Edward Colston. Photograph: Graeme Robertson/The Guardian",
guardian_ec93788411,The Guardian,2020,"""climate change""",The Guardian in 2020,https://www.theguardian.com/info/ng-interactive/2020/dec/21/the-guardian-in-2020,2020-12-21,2021-11-04,8,https://media.guim.co.uk/f772a4c2715e003c9675bd2c7d686d803767e397/0_0_1500_1500/1000.jpg,,,
guardian_ec93788411,The Guardian,2020,"""climate change""",The Guardian in 2020,https://www.theguardian.com/info/ng-interactive/2020/dec/21/the-guardian-in-2020,2020-12-21,2021-11-04,9,https://media.guim.co.uk/5847f04c77feeef00b939cdfebba558eccb1d561/0_51_3500_2101/1000.jpg,,A-level students hold placards as they protest in London in August outside the Department for Education amid the outbreak of the coronavirus disease. Photograph: Henry Nicholls/Reuters,
guardian_ec93788411,The Guardian,2020,"""climate change""",The Guardian in 2020,https://www.theguardian.com/info/ng-interactive/2020/dec/21/the-guardian-in-2020,2020-12-21,2021-11-04,10,https://media.guim.co.uk/b844cab76b0d2b84670a6e68f72c8609c539be35/0_0_1500_1500/1000.jpg,,,
guardian_ec93788411,The Guardian,2020,"""climate change""",The Guardian in 2020,https://www.theguardian.com/info/ng-interactive/2020/dec/21/the-guardian-in-2020,2020-12-21,2021-11-04,11,https://media.guim.co.uk/5990b4dbf73b381e9a6e1bb0b62c466fe460f33b/171_338_2771_1662/1000.jpg,,Jailyn Banks and King M celebrate as president-elect Joe Biden arrives on stage at the Chase Center in San Francisco on 7 November to address the nation. Photograph: Joe Raedle/Getty Images,
guardian_ec93788411,The Guardian,2020,"""climate change""",The Guardian in 2020,https://www.theguardian.com/info/ng-interactive/2020/dec/21/the-guardian-in-2020,2020-12-21,2021-11-04,12,https://media.guim.co.uk/2846faabe961b47d442c7c3693114da2031dc007/0_371_5568_3341/1000.jpg,,New South Wales firefighters work through the night to prevent a fire from crossing the Kings Highway between Nelligen and Batemans Bay in January. Photograph: Kate Geraghty/Fairfax Media via Getty Images,
guardian_ec93788411,The Guardian,2020,"""climate change""",The Guardian in 2020,https://www.theguardian.com/info/ng-interactive/2020/dec/21/the-guardian-in-2020,2020-12-21,2021-11-04,13,https://media.guim.co.uk/c8898c5ad956ec61f290d3acc14da7985d3b2d7c/0_0_1500_1500/1000.jpg,,,
guardian_ec93788411,The Guardian,2020,"""climate change""",The Guardian in 2020,https://www.theguardian.com/info/ng-interactive/2020/dec/21/the-guardian-in-2020,2020-12-21,2021-11-04,14,https://media.guim.co.uk/961bb6241712125a6d9788d7f3cf14b28bf51e71/0_31_3500_2101/1000.jpg,,"In a picture taken in August 2009, a tree stands alone in a logged area prepared for plantation near Lapok in Malaysia’s Sarawak state. Photograph: Saeed Khan/AFP/Getty Images",
guardian_ec93788411,The Guardian,2020,"""climate change""",The Guardian in 2020,https://www.theguardian.com/info/ng-interactive/2020/dec/21/the-guardian-in-2020,2020-12-21,2021-11-04,15,https://media.guim.co.uk/6aa634da93ae631db4f9c3c5737b1d16f251ae2c/0_261_8740_5243/1000.jpg,,Helena Bonham Carter shot by Gustavo Papaleo for Guardian Weekend magazine. Photograph: Gustavo Papaleo/The Guardian,
guardian_ec93788411,The Guardian,2020,"""climate change""",The Guardian in 2020,https://www.theguardian.com/info/ng-interactive/2020/dec/21/the-guardian-in-2020,2020-12-21,2021-11-04,16,https://media.guim.co.uk/8e1a3629f0cde13f6be5e826c666ee873d92cc63/224_368_4256_5461/779.jpg,,The front page of the Observer on Sunday 8 November. Composite: Jim Watson/AFP/Getty,
guardian_ec93788411,The Guardian,2020,"""climate change""",The Guardian in 2020,https://www.theguardian.com/info/ng-interactive/2020/dec/21/the-guardian-in-2020,2020-12-21,2021-11-04,17,https://media.guim.co.uk/f6de9dbf11216166ea02c34001e3735c8851d8f8/0_186_3600_2160/1000.jpg,,"Trae, who did not wish to use a last name, of the Black Action Coalition, leads chants during a march to ‘Count Every Vote, Protect Every Person’ a day after the US presidential election in Seattle, Washington, on 4 November. Photograph: Jason Redmond/AFP/Getty Images",
guardian_ec93788411,The Guardian,2020,"""climate change""",The Guardian in 2020,https://www.theguardian.com/info/ng-interactive/2020/dec/21/the-guardian-in-2020,2020-12-21,2021-11-04,18,https://media.guim.co.uk/b141ecc9f621b93e8ee9d1ed3fad3e16ba2a64a7/0_0_1500_1500/1000.jpg,,,
guardian_ec93788411,The Guardian,2020,"""climate change""",The Guardian in 2020,https://www.theguardian.com/info/ng-interactive/2020/dec/21/the-guardian-in-2020,2020-12-21,2021-11-04,19,https://media.guim.co.uk/70abeb5bc8b581eb3ad4d988001ff5ea95f8c2c0/0_285_4272_2563/1000.jpg,,Students hold up their final front pages at the Guardian Education Centre for World Book Day on 5 March. Photograph: Education Centre/The Guardian,
guardian_1c9897d3ac,The Guardian,2020,"""climate change""","Morning mail: Quarantine complacency, Kidman on domestic violence, Australian gin gifts",https://www.theguardian.com/australia-news/2020/dec/23/morning-mail-quarantine-complacency-kidman-on-domestic-violence-australian-gin-gifts,2020-12-22,2020-12-22,1,https://i.guim.co.uk/img/media/230876b881f08bc17cd4434eeb18497fbc265c49/0_83_8256_4954/master/8256.jpg?width=445&dpr=1&s=none&crop=none,,Pakistani workers are working in appalling conditions making clothes for Boohoo. Photograph: Christian Sinibaldi/The Guardian,
guardian_1c9897d3ac,The Guardian,2020,"""climate change""","Morning mail: Quarantine complacency, Kidman on domestic violence, Australian gin gifts",https://www.theguardian.com/australia-news/2020/dec/23/morning-mail-quarantine-complacency-kidman-on-domestic-violence-australian-gin-gifts,2020-12-22,2020-12-22,2,https://i.guim.co.uk/img/media/00ad9b7e07fd4dcd93da2ec3497a6fb14cd7e484/0_123_6250_3750/master/6250.jpg?width=445&dpr=1&s=none&crop=none,,Guardian Australia staff attend a gin-tasting at Gin Lane in Sydney. Photograph: Carly Earl/The Guardian,
guardian_88613c8ac6,The Guardian,2020,"""climate change""",Biden wants to convene an international 'Summit for Democracy'. He shouldn't,https://www.theguardian.com/commentisfree/2020/dec/22/biden-wants-to-convene-an-international-summit-for-democracy-he-shouldnt,2020-12-22,2021-01-21,1,https://i.guim.co.uk/img/media/2659ea3529a6f9d4e2f5960aba4cee11a706c808/102_227_3340_2005/master/3340.jpg?width=465&dpr=1&s=none&crop=none,,"Then-US Vice-President Joe Biden meets the Nato secretary general, Jens Stoltenberg, in Munich, Germany, on 7 February 2015. Photograph: Michaela Rehle/Reuters",
guardian_8e59ecc850,The Guardian,2020,"""climate change""",Trump awards Scott Morrison legion of merit for 'leadership in addressing global challenges',https://www.theguardian.com/australia-news/2020/dec/22/trump-awards-scott-morrison-legion-of-merit-for-leadership-in-addressing-global-challenges,2020-12-22,2020-12-22,1,https://i.guim.co.uk/img/media/7ed7063d73cc088e45ffa617e8dadd2d1ac38763/0_28_2586_1552/master/2586.jpg?width=465&dpr=1&s=none&crop=none,,"US president, Donald Trump, has awarded Australian prime minister, Scott Morrison, the prestigious legion of merit for leadership and strengthening ties between the two countries. Photograph: Mick Tsikas/AAP",
guardian_ad0334fb7d,The Guardian,2020,"""climate change""",Covid exposes the folly of Britain standing alone,https://www.theguardian.com/politics/2020/dec/22/covid-exposes-the-folly-of-britain-standing-alone,2020-12-22,2020-12-22,1,https://i.guim.co.uk/img/media/20bae1f4052efc91a5848b83cf9423c9c690a7f9/0_0_4842_2905/master/4842.jpg?width=465&dpr=1&s=none&crop=none,,Lorries stacked along the M20 motorway in Kent. Photograph: Chris J Ratcliffe/Getty Images,
guardian_da091c164a,The Guardian,2020,"""climate change""",Federal resources minister insists inquiry into banks' decision to abandon thermal coal will go ahead,https://www.theguardian.com/australia-news/2020/dec/22/federal-resources-minister-insists-inquiry-into-banks-decision-to-abandon-thermal-coal-will-go-ahead,2020-12-22,2021-08-25,1,https://i.guim.co.uk/img/media/fd4f83f99379689eb4220eff62b170be60181f38/0_113_3543_2125/master/3543.jpg?width=465&dpr=1&s=none&crop=none,,"Nationals MPs including Keith Pitt and George Christensen want an inquiry into the banks lending practices, as all four major banks have signalled they will align their portfolios to a target of net zero emissions by 2050. Photograph: Jessica Hromas/The Guardian",
guardian_e6602f60c2,The Guardian,2020,"""climate change""",Farmers launch legal challenge against approval of $3.6bn Narrabri gas project,https://www.theguardian.com/australia-news/2020/dec/23/farmers-launch-legal-challenge-against-approval-of-36bn-narrabri-gas-project,2020-12-22,2020-12-23,1,https://i.guim.co.uk/img/media/650bb3d08b771dc977f9da903982e90be18048c5/0_0_4080_2448/master/4080.jpg?width=465&dpr=1&s=none&crop=none,,A Santos staff member inspects an area of bushland which is part of the Narrabri gas project in NSW. Local farmers are challenging the approval process in court. Photograph: Dean Lewins/AAP,
guardian_0bca2692b3,The Guardian,2020,"""climate change""",Fears UK aid cuts could undermine research on deadliest diseases,https://www.theguardian.com/global-development/2020/dec/23/fears-uk-aid-cuts-could-undermine-research-deadliest-diseases,2020-12-23,2020-12-23,1,https://i.guim.co.uk/img/media/48356121d3f76cf1786f2a2b272b8796832cefa3/0_109_3462_2077/master/3462.jpg?width=465&dpr=1&s=none&crop=none,,A health workers holds an experimental vaccine against the Aids virus in South Africa. Photograph: Mujahid Safodien/AFP/Getty Images,
guardian_10ea05c642,The Guardian,2020,"""climate change""",‘Shoved aside’: Fiji set to lose top job on UN rights body in global power struggle,https://www.theguardian.com/world/2020/dec/24/shoved-aside-fiji-set-to-lose-top-job-on-un-rights-body-in-global-power-struggle,2020-12-23,2020-12-23,1,https://i.guim.co.uk/img/media/65e0e23fedd2ee51a81ea8767c0e9d6ba14b0dca/0_0_4256_2832/master/4256.jpg?width=465&dpr=1&s=none&crop=none,,"Nazhat Shameem Khan, Fiji’s ambassador to the UN Human Rights Council, who was the presumptive incoming president of the United Nations Human Rights Council Photograph: AFP Contributor/AFP/Getty Images",
guardian_10ea05c642,The Guardian,2020,"""climate change""",‘Shoved aside’: Fiji set to lose top job on UN rights body in global power struggle,https://www.theguardian.com/world/2020/dec/24/shoved-aside-fiji-set-to-lose-top-job-on-un-rights-body-in-global-power-struggle,2020-12-23,2020-12-23,2,https://i.guim.co.uk/img/media/6a3213b1a3e8283babb653f0ff99433091fdf7db/0_133_4000_2400/master/4000.jpg?width=445&dpr=1&s=none&crop=none,,"The US abandoned the Human Rights Council under Donald Trump, but is expected to re-engage with a Biden admnistration. Photograph: Fabrice Coffrini/AFP/Getty Images",
guardian_424169b45d,The Guardian,2020,"""climate change""",Two-way street: how Barcelona is democratising public space,https://www.theguardian.com/world/2020/dec/23/two-way-street-how-barcelona-is-democratising-public-space,2020-12-23,2021-04-12,1,https://i.guim.co.uk/img/media/f4557d1a4a6fac9c55e930c672433871e875c606/128_497_3667_2200/master/3667.jpg?width=445&dpr=1&s=none&crop=none,,The Eixample district of Barcelona. Photograph: Amos Chapple/REX/Amos Chapple/Rex,
guardian_424169b45d,The Guardian,2020,"""climate change""",Two-way street: how Barcelona is democratising public space,https://www.theguardian.com/world/2020/dec/23/two-way-street-how-barcelona-is-democratising-public-space,2020-12-23,2021-04-12,2,https://i.guim.co.uk/img/media/369a15e6e6f52e0861821349536b0932a274034b/0_0_6058_4039/master/6058.jpg?width=445&dpr=1&s=none&crop=none,,Traffic in Barcelona city centre. Photograph: Alamy,
guardian_424169b45d,The Guardian,2020,"""climate change""",Two-way street: how Barcelona is democratising public space,https://www.theguardian.com/world/2020/dec/23/two-way-street-how-barcelona-is-democratising-public-space,2020-12-23,2021-04-12,3,https://i.guim.co.uk/img/media/c23b3e5c0c3ad9df3fc024b68ebd57fd91b6a326/0_0_3264_1836/master/3264.jpg?width=465&dpr=1&s=none&crop=none,,Car-free day on Passeig Sant Joan. Photograph: Gabino Carballo,
guardian_424169b45d,The Guardian,2020,"""climate change""",Two-way street: how Barcelona is democratising public space,https://www.theguardian.com/world/2020/dec/23/two-way-street-how-barcelona-is-democratising-public-space,2020-12-23,2021-04-12,4,https://i.guim.co.uk/img/media/c5b7252742d446bf6824680d1edf13b20a37409f/0_0_3264_1836/master/3264.jpg?width=445&dpr=1&s=none&crop=none,,Green space in Cristóbal de Moura. Photograph: Gabino Carballo,
guardian_424169b45d,The Guardian,2020,"""climate change""",Two-way street: how Barcelona is democratising public space,https://www.theguardian.com/world/2020/dec/23/two-way-street-how-barcelona-is-democratising-public-space,2020-12-23,2021-04-12,5,https://i.guim.co.uk/img/media/df5df466d2157578ba6e257442497212ef89a7d0/0_0_5205_3470/master/5205.jpg?width=445&dpr=1&s=none&crop=none,,An almost empty Gracia Street during the first Covid lockdown in May. Photograph: JJ Guillen/EPA,
guardian_7276202a09,The Guardian,2020,"""climate change""","Australians more worried about Covid recession than health impacts, polling shows",https://www.theguardian.com/australia-news/2020/dec/24/australians-more-worried-about-covid-recession-than-health-impacts-polling-shows,2020-12-23,2021-08-25,1,https://i.guim.co.uk/img/media/2b5f5cd593281714470d6326235794db5ee9bf17/0_349_5857_3515/master/5857.jpg?width=465&dpr=1&s=none&crop=none,,A construction site in central Sydney. Polling by the Australia Institute shows that voters nominate the economy as the No 1 national political issue. Photograph: Saeed Khan/AFP/Getty Images,
guardian_7276202a09,The Guardian,2020,"""climate change""","Australians more worried about Covid recession than health impacts, polling shows",https://www.theguardian.com/australia-news/2020/dec/24/australians-more-worried-about-covid-recession-than-health-impacts-polling-shows,2020-12-23,2021-08-25,2,https://i.guim.co.uk/img/media/c5ee0e5cd85018ff989808601ee8cd5519428c76/0_0_1920_1080/1920.jpg?width=465&dpr=1&s=none&crop=none,,What a year: the best and worst moments of Australian politics in 2020 – video,
guardian_8fb6357040,The Guardian,2020,"""climate change""",Oregon wildfires are adding more fuel to young activists' legal climate battle,https://www.theguardian.com/environment/2020/dec/23/oregon-wildfires-climate-crisis-juliana-v-us,2020-12-23,2021-08-25,1,https://i.guim.co.uk/img/media/7bcfe305147a02a63d1f572f07f3f953a473dd98/0_36_3300_1980/master/3300.jpg?width=465&dpr=1&s=none&crop=none,,Jacob Lebel is one of 21 young plaintiffs who sued the US government in 2015 over climate change. Photograph: Doug Brown,
guardian_99858b8e23,The Guardian,2020,"""climate change""",Stop believing in fairytales: Australia’s coal industry doesn’t employ many people or pay its fair share of tax,https://www.theguardian.com/commentisfree/2020/dec/23/stop-believing-in-fairy-tales-australias-coal-industry-doesnt-employ-many-people-or-pay-its-fair-share-of-tax,2020-12-23,2020-12-24,1,https://i.guim.co.uk/img/media/3af7f69c0de70287168cc5807ca4e3a6d831c588/0_127_3543_2126/master/3543.jpg?width=465&dpr=1&s=none&crop=none,,‘Fossil fuel extraction provides an important source of income to a small number of people in a small number of regions.’ Photograph: Jessica Hromas/The Guardian,
guardian_a0133701cf,The Guardian,2020,"""climate change""","WA coastline facing marine heatwave in early 2021, CSIRO predicts",https://www.theguardian.com/environment/2020/dec/24/wa-coastline-facing-marine-heatwave-in-early-2021-csiro-predicts,2020-12-23,2021-10-29,1,https://i.guim.co.uk/img/media/617d6b1d56275a553c64905f0d0ee7a8e68b3ca0/202_15_4984_2991/master/4984.jpg?width=465&dpr=1&s=none&crop=none,,"Marine life on Western Australia’s Ningaloo Coast could be under threat by warming water, which is predicted to occur in early 2021. Photograph: Alamy Stock Photo",
guardian_c0184c8ba5,The Guardian,2020,"""climate change""","Alaskan tribes, activists and businesses sue to save America's biggest national forest",https://www.theguardian.com/environment/2020/dec/23/tongass-national-forest-alaska-trump-administration-lawsuit,2020-12-23,2021-01-06,1,https://i.guim.co.uk/img/media/5e60a74dfc2f9f6d03825d5e676655d2c094c92e/0_179_5100_3062/master/5100.jpg?width=465&dpr=1&s=none&crop=none,,A bald eagle perched in a Sitka spruce in Tongass national forest. Photograph: All Canada Photos/Alamy Stock Photo,
guardian_c0184c8ba5,The Guardian,2020,"""climate change""","Alaskan tribes, activists and businesses sue to save America's biggest national forest",https://www.theguardian.com/environment/2020/dec/23/tongass-national-forest-alaska-trump-administration-lawsuit,2020-12-23,2021-01-06,2,https://i.guim.co.uk/img/media/d4cf78676492a4c6ae0617e7cb20473d728e04ea/528_282_4224_2534/master/4224.jpg?width=445&dpr=1&s=none&crop=none,,"A northern sea otter floating in a kelp bed in the Inian Islands, Tongass national forest. Photograph: John Sullivan/Alamy Stock Photo",
guardian_c0184c8ba5,The Guardian,2020,"""climate change""","Alaskan tribes, activists and businesses sue to save America's biggest national forest",https://www.theguardian.com/environment/2020/dec/23/tongass-national-forest-alaska-trump-administration-lawsuit,2020-12-23,2021-01-06,3,https://i.guim.co.uk/img/media/f45eb112a5e086700d05668889f7c06dabfc59da/0_0_4782_3188/master/4782.jpg?width=445&dpr=1&s=none&crop=none,,"A river in the Tongass, which has been found to absorb more carbon than any other national forest. Photograph: Tim Plowden/Alamy Stock Photo",
guardian_d5118ed4c6,The Guardian,2020,"""climate change""","Organic meat production just as bad for climate, study finds",https://www.theguardian.com/environment/2020/dec/23/organic-meat-production-just-as-bad-for-climate-study-finds,2020-12-23,2021-08-25,1,https://i.guim.co.uk/img/media/5b6aa92c11ac7aba6f3d6ce0b94b89bde14f7c74/0_545_8250_4950/master/8250.jpg?width=465&dpr=1&s=none&crop=none,,"For beef and lamb, both organic and conventional production resulted in similar climate costs, the study found. Photograph: Matt Austin",
guardian_db2b2383df,The Guardian,2020,"""climate change""","Morning mail: Covid economy woes, Brexit deal expected, 2020's funniest things",https://www.theguardian.com/australia-news/2020/dec/24/morning-mail-covid-economy-woes-brexit-deal-expected-2020s-funniest-things,2020-12-23,2020-12-23,1,https://i.guim.co.uk/img/media/617d6b1d56275a553c64905f0d0ee7a8e68b3ca0/202_15_4984_2991/master/4984.jpg?width=445&dpr=1&s=none&crop=none,,"Marine life on Western Australia’s Ningaloo coast could be under threat by warming water, which is predicted to occur in early 2021. Photograph: Alamy Stock Photo",
guardian_db2b2383df,The Guardian,2020,"""climate change""","Morning mail: Covid economy woes, Brexit deal expected, 2020's funniest things",https://www.theguardian.com/australia-news/2020/dec/24/morning-mail-covid-economy-woes-brexit-deal-expected-2020s-funniest-things,2020-12-23,2020-12-23,2,https://i.guim.co.uk/img/media/8d1fe5c9a3f056d205d19f33c3655e7d210a7cd5/0_371_5568_3341/master/5568.jpg?width=445&dpr=1&s=none&crop=none,,Freight lorries parked near Ramsgate in the UK. Retailers say vehicles need to begin moving within 24 hours to avoid shortages Photograph: William Edwards/AFP/Getty Images,
guardian_db2b2383df,The Guardian,2020,"""climate change""","Morning mail: Covid economy woes, Brexit deal expected, 2020's funniest things",https://www.theguardian.com/australia-news/2020/dec/24/morning-mail-covid-economy-woes-brexit-deal-expected-2020s-funniest-things,2020-12-23,2020-12-23,3,https://i.guim.co.uk/img/media/0fa4c27ef9d66c23bdfc7e036a714854f2852b10/393_294_3150_1890/master/3150.jpg?width=445&dpr=1&s=none&crop=none,,Tristan Williams is a masters student and was working as a dancer before Covid crushed the arts sector. Photograph: David Kelly/The Guardian,
guardian_db2b2383df,The Guardian,2020,"""climate change""","Morning mail: Covid economy woes, Brexit deal expected, 2020's funniest things",https://www.theguardian.com/australia-news/2020/dec/24/morning-mail-covid-economy-woes-brexit-deal-expected-2020s-funniest-things,2020-12-23,2020-12-23,4,https://i.guim.co.uk/img/media/e236779f9beadc35e174a4b8496f1c9e8e3e1ddb/0_126_5132_3079/master/5132.jpg?width=445&dpr=1&s=none&crop=none,,Jenna McCormick and Lisa De Vanna are two of more recognisable faces in the W-League this season. Photograph: James Ross/AAP,
guardian_1275f8e5a7,The Guardian,2020,"""climate change""",Brexit deal: Boris Johnson says EU trade agreement resolves 'question that has bedevilled politics for decades' – as it happened,https://www.theguardian.com/politics/live/2020/dec/24/brexit-deal-united-kingdom-european-union-boris-johnson-live-news-updates,2020-12-24,2020-12-24,1,https://i.guim.co.uk/img/media/b9549f3831e0e809a11883c042fb6c579766f3cb/0_0_963_578/master/963.jpg?width=465&dpr=1&s=none&crop=none,,"Boris Johnson’s fish-patterned tie during his press conference announcing the deal, thought to be a nod to a key sticking point between UK and EU negotiators. Photograph: Paul Grover/AP",
guardian_1275f8e5a7,The Guardian,2020,"""climate change""",Brexit deal: Boris Johnson says EU trade agreement resolves 'question that has bedevilled politics for decades' – as it happened,https://www.theguardian.com/politics/live/2020/dec/24/brexit-deal-united-kingdom-european-union-boris-johnson-live-news-updates,2020-12-24,2020-12-24,2,https://i.guim.co.uk/img/media/17662531c733067a66bd14d223ab45d05d307a68/0_0_2880_1729/master/2880.jpg?width=465&dpr=1&s=none&crop=none,,Emmanuel Macron and Angela Merkel at an EU summit in July. Photograph: Reuters,
guardian_3f4dd3bda0,The Guardian,2020,"""climate change""","Wetlands, beavers and Cinderella causes; the growth of environmental funding",https://www.theguardian.com/environment/2020/dec/24/uk-donations-to-environmental-causes-reach-250m-in-2020,2020-12-24,2021-08-25,1,https://i.guim.co.uk/img/media/d6c9183a6f1eec4597372108e41f262a94184374/0_201_5472_3283/master/5472.jpg?width=465&dpr=1&s=none&crop=none,,"Canada geese at a Wildfowl & Wetlands Trust site in Caerlaverock, Scotland. The charity is aiming to restore 100,000 hectares of wetlands. Photograph: Alamy",
guardian_3f4dd3bda0,The Guardian,2020,"""climate change""","Wetlands, beavers and Cinderella causes; the growth of environmental funding",https://www.theguardian.com/environment/2020/dec/24/uk-donations-to-environmental-causes-reach-250m-in-2020,2020-12-24,2021-08-25,2,https://i.guim.co.uk/img/media/7580f21c9b818e8a1da4078f4eb5dc48003429b1/0_46_2251_1351/master/2251.jpg?width=445&dpr=1&s=none&crop=none,,Funding from the People’s Trust for Endangered Species helped reintroduce beavers in Knapdale Forest in Scotland. Photograph: Steve Gardner/Scottish Wildlife Trust/PA,
guardian_d47d100a5c,The Guardian,2020,"""climate change""",Bust-ups and brinkmanship: inside story of how the Brexit deal was done,https://www.theguardian.com/politics/2020/dec/24/bustups-brinkmanship-brexit-inside-story-of-how-deal-was-done,2020-12-24,2020-12-26,1,https://i.guim.co.uk/img/media/1620a908bb55c584310b4fc1496c92b2f7ba9d5a/0_129_3870_2322/master/3870.jpg?width=445&dpr=1&s=none&crop=none,,Brexit supporters wave flags and a mask of Boris Johnson in Parliament Square at 11pm on 31 January. Photograph: Daniel Leal-Olivas/AFP via Getty Images,
guardian_d47d100a5c,The Guardian,2020,"""climate change""",Bust-ups and brinkmanship: inside story of how the Brexit deal was done,https://www.theguardian.com/politics/2020/dec/24/bustups-brinkmanship-brexit-inside-story-of-how-deal-was-done,2020-12-24,2020-12-26,2,https://i.guim.co.uk/img/media/3a90d000ca1ca3baf45a99e612f1b777cd9e096b/0_0_4997_3331/master/4997.jpg?width=445&dpr=1&s=none&crop=none,,"‘The Future is Europe’ by the Belgian artist NovaDead, near the European parliament building in Brussels on 2 March. Photograph: Leon Neal/Getty Images",
guardian_d47d100a5c,The Guardian,2020,"""climate change""",Bust-ups and brinkmanship: inside story of how the Brexit deal was done,https://www.theguardian.com/politics/2020/dec/24/bustups-brinkmanship-brexit-inside-story-of-how-deal-was-done,2020-12-24,2020-12-26,3,https://i.guim.co.uk/img/media/89b0c56baf2768648af9bd6919f3dec2d823b393/0_0_5045_3026/master/5045.jpg?width=465&dpr=1&s=none&crop=none,,David Frost and Michel Barnier at the start of the first round of post-Brexit trade talks in Brussels on 2 March. Photograph: Olivier Hoslet/EPA,
guardian_d47d100a5c,The Guardian,2020,"""climate change""",Bust-ups and brinkmanship: inside story of how the Brexit deal was done,https://www.theguardian.com/politics/2020/dec/24/bustups-brinkmanship-brexit-inside-story-of-how-deal-was-done,2020-12-24,2020-12-26,4,https://i.guim.co.uk/img/media/f628c2efc962b6c00b80bb217960c4afe973c67f/0_358_5066_3042/master/5066.jpg?width=465&dpr=1&s=none&crop=none,,Barnier and Frost in 10 Downing Street on 7 July. Photograph: Andrew Parsons/Downing Street/EPA,
guardian_d47d100a5c,The Guardian,2020,"""climate change""",Bust-ups and brinkmanship: inside story of how the Brexit deal was done,https://www.theguardian.com/politics/2020/dec/24/bustups-brinkmanship-brexit-inside-story-of-how-deal-was-done,2020-12-24,2020-12-26,5,https://i.guim.co.uk/img/media/1027032b5ef5776843b4a7de88c9376067a071f4/0_0_3028_2330/master/3028.jpg?width=445&dpr=1&s=none&crop=none,,Barnier outside 10 Downing Street on 7 July. Photograph: Kirsty O’Connor/PA,
guardian_d47d100a5c,The Guardian,2020,"""climate change""",Bust-ups and brinkmanship: inside story of how the Brexit deal was done,https://www.theguardian.com/politics/2020/dec/24/bustups-brinkmanship-brexit-inside-story-of-how-deal-was-done,2020-12-24,2020-12-26,6,https://i.guim.co.uk/img/media/8a7398ce2ddd5c8f2d61dc43aee02054c007f27f/0_220_3500_2101/master/3500.jpg?width=465&dpr=1&s=none&crop=none,,"Barnier and João Vale de Almeida, the EU ambassador to the UK, arrives by Eurostar in London on 9 September. Photograph: Aaron Chown/PA",
guardian_d47d100a5c,The Guardian,2020,"""climate change""",Bust-ups and brinkmanship: inside story of how the Brexit deal was done,https://www.theguardian.com/politics/2020/dec/24/bustups-brinkmanship-brexit-inside-story-of-how-deal-was-done,2020-12-24,2020-12-26,7,https://i.guim.co.uk/img/media/50ecccea807cd73a1301541e1b7bdbea059773da/0_0_1920_1080/master/1920.jpg?width=465&dpr=1&s=none&crop=none,,Boris Johnson on 16 October. Photograph: Downing Street/PA,
guardian_d47d100a5c,The Guardian,2020,"""climate change""",Bust-ups and brinkmanship: inside story of how the Brexit deal was done,https://www.theguardian.com/politics/2020/dec/24/bustups-brinkmanship-brexit-inside-story-of-how-deal-was-done,2020-12-24,2020-12-26,8,https://i.guim.co.uk/img/media/110bf1ae74b4d3a63b93bccc9f3ba5ba16be9053/247_156_3170_2135/master/3170.jpg?width=445&dpr=1&s=none&crop=none,,Barnier and his team in Westminster on 28 November. Photograph: Victoria Jones/PA,
guardian_d47d100a5c,The Guardian,2020,"""climate change""",Bust-ups and brinkmanship: inside story of how the Brexit deal was done,https://www.theguardian.com/politics/2020/dec/24/bustups-brinkmanship-brexit-inside-story-of-how-deal-was-done,2020-12-24,2020-12-26,9,https://i.guim.co.uk/img/media/cc33c5cb0fa8c850bb298e3ce49a2e12d1e97226/0_0_2941_1990/master/2941.jpg?width=465&dpr=1&s=none&crop=none,,Boris Johnson and Ursula von der Leyen at the EU headquarters in Brussels on 9 December. Photograph: Aaron Chown/AFP/Getty Images,
guardian_d47d100a5c,The Guardian,2020,"""climate change""",Bust-ups and brinkmanship: inside story of how the Brexit deal was done,https://www.theguardian.com/politics/2020/dec/24/bustups-brinkmanship-brexit-inside-story-of-how-deal-was-done,2020-12-24,2020-12-26,10,https://i.guim.co.uk/img/media/dc16d4de6de73d7dac2b56a755c172c8537b8262/0_0_8029_5355/master/8029.jpg?width=445&dpr=1&s=none&crop=none,,Johnson speaks by phone with Von der Leyen from 10 Downing Street on 17 December. Photograph: Pippa Fowles/Downing Street,
guardian_d47d100a5c,The Guardian,2020,"""climate change""",Bust-ups and brinkmanship: inside story of how the Brexit deal was done,https://www.theguardian.com/politics/2020/dec/24/bustups-brinkmanship-brexit-inside-story-of-how-deal-was-done,2020-12-24,2020-12-26,11,https://i.guim.co.uk/img/media/def7574a84bf24bccc8775a6df56cfc8dfa67eff/0_0_7874_4724/master/7874.jpg?width=445&dpr=1&s=none&crop=none,,British newspaper front pages on 13 December. Composite: Various,
guardian_d47d100a5c,The Guardian,2020,"""climate change""",Bust-ups and brinkmanship: inside story of how the Brexit deal was done,https://www.theguardian.com/politics/2020/dec/24/bustups-brinkmanship-brexit-inside-story-of-how-deal-was-done,2020-12-24,2020-12-26,12,https://i.guim.co.uk/img/media/ffe2e50013b933a847c7f9444a480606507d8d5c/68_60_1838_1222/master/1838.jpg?width=465&dpr=1&s=none&crop=none,,Barnier leaves the EU commission building in Brussels on 22 December. Photograph: Johanna Geron/Reuters,
guardian_f24567db8f,The Guardian,2020,"""climate change""",The secret of Jacinda Ardern’s success lies in her conservatism,https://www.theguardian.com/world/2020/dec/25/the-secret-of-jacinda-arderns-success-lies-in-her-conservatism,2020-12-24,2020-12-25,1,https://i.guim.co.uk/img/media/86605827aac3c72dc7c9b89899d4f5c855d354a0/1_239_3376_2027/master/3376.jpg?width=465&dpr=1&s=none&crop=none,,New Zealand prime minister Jacinda Ardern has done something her conservative opponents have failed to do: mix compassion with her conservatism. Photograph: Reuters,
guardian_fcb94d808e,The Guardian,2020,"""climate change""",Environmental groups hail Covid relief bill – but more needs to be done,https://www.theguardian.com/environment/2020/dec/24/environmental-groups-covid-relief-bill-biden-trump,2020-12-24,2021-01-06,1,https://i.guim.co.uk/img/media/6f30fa201ef0431e819359ccf9ba254289b35d38/0_95_5568_3341/master/5568.jpg?width=465&dpr=1&s=none&crop=none,,The actor Joaquin Phoenix demonstrates outside the US Capitol in Washington in January. Photograph: Jim Watson/AFP via Getty Images,
guardian_33c61bd15c,The Guardian,2020,"""climate change""",Massachusetts city to post climate change warning stickers at gas stations,https://www.theguardian.com/us-news/2020/dec/25/massachusetts-city-to-post-climate-change-warning-stickers-at-gas-stations,2020-12-25,2020-12-26,1,https://i.guim.co.uk/img/media/317c32c619220a418692b59f3cb4f6762aff114e/0_116_3500_2101/master/3500.jpg?width=465&dpr=1&s=none&crop=none,,"‘The gas pump stickers will remind drivers to think about climate change and hopefully consider non-polluting options,’ said a City of Cambridge spokesman. Photograph: Kevin Lamarque/Reuters",
guardian_33c61bd15c,The Guardian,2020,"""climate change""",Massachusetts city to post climate change warning stickers at gas stations,https://www.theguardian.com/us-news/2020/dec/25/massachusetts-city-to-post-climate-change-warning-stickers-at-gas-stations,2020-12-25,2020-12-26,2,https://i.guim.co.uk/img/media/27565ee46c198f8ab7916886e8764c3022afcc91/0_0_893_679/master/893.jpg?width=120&dpr=1&s=none&crop=none,,"Stickers placed on fuel pumps in Cambridge, Massachusetts. Photograph: City of Cambridge",
guardian_7549031edb,The Guardian,2020,"""climate change""",The Dry: the ‘devastating imagery’ bringing Jane Harper’s bestseller to the big screen,https://www.theguardian.com/film/2020/dec/24/the-dry-the-devastating-imagery-bringing-jane-harpers-bestseller-to-the-big-screen,2020-12-25,2024-02-08,1,https://i.guim.co.uk/img/media/af36d923fd775f8e9bb58beca09664042d182409/0_0_4000_2668/master/4000.jpg?width=465&dpr=1&s=none&crop=none,,The creators of The Dry hope their ‘big Australian film’ will bring audiences to the cinema during the industry’s own dry spell. Photograph: Roadshow,
guardian_7549031edb,The Guardian,2020,"""climate change""",The Dry: the ‘devastating imagery’ bringing Jane Harper’s bestseller to the big screen,https://www.theguardian.com/film/2020/dec/24/the-dry-the-devastating-imagery-bringing-jane-harpers-bestseller-to-the-big-screen,2020-12-25,2024-02-08,2,https://i.guim.co.uk/img/media/f1e2bfa5e6a7cc260b8b1d00502191d6c316e885/0_0_5760_3840/master/5760.jpg?width=445&dpr=1&s=none&crop=none,,"‘It’s the most beautiful, extraordinary place’: Rob Connolly and Eric Bana during the making of The Dry. Photograph: Roadshow",
guardian_7549031edb,The Guardian,2020,"""climate change""",The Dry: the ‘devastating imagery’ bringing Jane Harper’s bestseller to the big screen,https://www.theguardian.com/film/2020/dec/24/the-dry-the-devastating-imagery-bringing-jane-harpers-bestseller-to-the-big-screen,2020-12-25,2024-02-08,3,https://i.guim.co.uk/img/media/0a10549d0e49e5f6796f296de4f7953078177e51/0_0_1280_854/master/1280.jpg?width=445&dpr=1&s=none&crop=none,,Eric Bana and Miranda Tapsell in The Dry. Photograph: Roadshow,
guardian_ef76eed485,The Guardian,2020,"""climate change""",Covid has moved us to understand the need for more 'we' and less 'I',https://www.theguardian.com/commentisfree/2020/dec/26/covid-has-moved-us-to-understand-the-need-for-more-we-and-less-i,2020-12-25,2020-12-26,1,https://i.guim.co.uk/img/media/8c8e94e2906760285b3f3c647a02ece2fffe3324/0_110_4365_2619/master/4365.jpg?width=465&dpr=1&s=none&crop=none,,‘We discovered through Covid-19 that it is interdependence that really matters. All of us are biologically connected by an invisible virus and all of us are vulnerable if we do not act together.’ Photograph: Lee Hulsman/Getty Images,
guardian_07361539d7,The Guardian,2020,"""climate change""",Mass die-off of birds in south-western US 'caused by starvation',https://www.theguardian.com/environment/2020/dec/26/mass-die-off-of-birds-in-south-western-us-caused-by-starvation-aoe,2020-12-26,2021-10-29,1,https://i.guim.co.uk/img/media/2651b5ceec89bc6ad083d0bdfc623b83c400195a/155_0_3242_1945/master/3242.jpg?width=465&dpr=1&s=none&crop=none,,Biologists fear hundreds of thousands of birds may have died on their migration through the state of New Mexico because they were unable to find food. Photograph: Allison Salas/New Mexico State University,
guardian_07361539d7,The Guardian,2020,"""climate change""",Mass die-off of birds in south-western US 'caused by starvation',https://www.theguardian.com/environment/2020/dec/26/mass-die-off-of-birds-in-south-western-us-caused-by-starvation-aoe,2020-12-26,2021-10-29,2,https://i.guim.co.uk/img/media/812c846cc2cf54ab9e701ff173a1c95cc27ad69d/0_0_1200_859/master/1200.jpg?width=445&dpr=1&s=none&crop=none,,"Some of the dead birds, including more than 250 Violet-green swallows and 35 Wilson’s Warblers, collected along the Rio Grande in Velarde, New Mexico, in September. Photograph: Jenna McCullough/University of New Mexico",
guardian_07361539d7,The Guardian,2020,"""climate change""",Mass die-off of birds in south-western US 'caused by starvation',https://www.theguardian.com/environment/2020/dec/26/mass-die-off-of-birds-in-south-western-us-caused-by-starvation-aoe,2020-12-26,2021-10-29,3,https://i.guim.co.uk/img/media/c7aded0fc6b983e3717c06caabbf944d1206ccae/3_112_645_645/master/645.jpg?width=445&dpr=1&s=none&crop=none,,Biologists noticed that most carcasses collected were those of insectivores and long-distance migrants. Photograph: Allison Salas/New Mexico State University,
guardian_de3da2769e,The Guardian,2020,"""climate change""",Boris Johnson urges Tory MPs to back Brexit deal as full text published,https://www.theguardian.com/politics/2020/dec/26/full-brexit-trade-deal-goes-beyond-canada-style-accord,2020-12-26,2020-12-26,1,https://i.guim.co.uk/img/media/656a8187dca8806d097354c37a58d959b65e87db/0_163_3500_2100/master/3500.jpg?width=465&dpr=1&s=none&crop=none,,Boris Johnson during a media briefing on the agreement of a post-Brexit trade deal on Christmas Eve. Photograph: Paul Grover/Daily Telegraph/PA,
guardian_0551186bb1,The Guardian,2020,"""climate change""","'I'll be fierce for all of us': Deb Haaland on climate, Native rights and Biden",https://www.theguardian.com/environment/2020/dec/27/deb-haaland-interview-interior-secretary-native-americans,2020-12-27,2021-02-17,1,https://i.guim.co.uk/img/media/5a4c9e752b925a631993015e28b937732423bee7/0_0_3200_2133/master/3200.jpg?width=465&dpr=1&s=none&crop=none,,"Deb Haaland: ‘I’ll be fierce for all of us, for our planet, and all of our protected land.’ Photograph: Jason Andrew/The Guardian",
guardian_0551186bb1,The Guardian,2020,"""climate change""","'I'll be fierce for all of us': Deb Haaland on climate, Native rights and Biden",https://www.theguardian.com/environment/2020/dec/27/deb-haaland-interview-interior-secretary-native-americans,2020-12-27,2021-02-17,2,https://i.guim.co.uk/img/media/a4500bdd53d1dd0af57ff7b79b797d9833c1937b/0_422_4856_2913/master/4856.jpg?width=445&dpr=1&s=none&crop=none,,"Haaland made history as one of the first two Native American women elected to Congress, in 2018. Photograph: Brendan Smialowski/AFP/Getty Images",
guardian_0551186bb1,The Guardian,2020,"""climate change""","'I'll be fierce for all of us': Deb Haaland on climate, Native rights and Biden",https://www.theguardian.com/environment/2020/dec/27/deb-haaland-interview-interior-secretary-native-americans,2020-12-27,2021-02-17,3,https://i.guim.co.uk/img/media/279406f482312c6c682c33b13dc9c38037b873c1/0_103_4500_2701/master/4500.jpg?width=445&dpr=1&s=none&crop=none,,"Haaland, although a progressive Democrat like Alexandria Ocasio-Cortez, left, has been successful in attracting bipartisan support for her initiatives in Congress. Photograph: Mandel Ngan/AFP/Getty Images",
guardian_2ca7b905da,The Guardian,2020,"""climate change""",Fiction to look out for in 2021,https://www.theguardian.com/books/2020/dec/27/fiction-to-look-out-for-in-2021,2020-12-27,2023-12-29,1,https://i.guim.co.uk/img/media/53fe9c4eb5d21461cc8fb0bb0e954f9ee58af5bc/0_0_2560_1536/master/2560.jpg?width=465&dpr=1&s=none&crop=none,,"L-r: Kazuo Ishiguro, Viet Thanh Nguyen, Jhumpa Lahiri, Courttia Newland, Olivia Sudjic. Top: Jenni Fagan, left, and Fiona Mozley. Composite: EPA, AP, Urszula Sołtys, Murdo Macleod and Sophia Evans",
guardian_2ca7b905da,The Guardian,2020,"""climate change""",Fiction to look out for in 2021,https://www.theguardian.com/books/2020/dec/27/fiction-to-look-out-for-in-2021,2020-12-27,2023-12-29,2,https://i.guim.co.uk/img/media/3e8ee89849922cd028c27931523f68daf390b948/0_0_3744_5616/master/3744.jpg?width=445&dpr=1&s=none&crop=none,,Francis Spufford’s Light Perpetual is an ‘absolute banger’. Photograph: Eamonn McCabe/The Guardian,
guardian_2ca7b905da,The Guardian,2020,"""climate change""",Fiction to look out for in 2021,https://www.theguardian.com/books/2020/dec/27/fiction-to-look-out-for-in-2021,2020-12-27,2023-12-29,3,https://i.guim.co.uk/img/media/e2c99b9fd75c1b0f9fb24c9ad94ad827a4ddd3e3/0_0_4368_2912/master/4368.jpg?width=445&dpr=1&s=none&crop=none,,Jon McGregor’s Lean Fall Stand is a ‘genuine masterpiece’. Photograph: Martin Godwin/The Guardian,
guardian_795f2508cd,The Guardian,2020,"""climate change""",Splendid isolation … or just a bit-part player? Europe reacts to British ‘victory’,https://www.theguardian.com/politics/2020/dec/27/splendid-isolation-or-just-a-bit-part-player-europe-reacts-to-british-victory,2020-12-27,2020-12-27,1,https://i.guim.co.uk/img/media/ce480a08c9cf8497f61193632d1e7cbd1d77e871/0_34_3643_2187/master/3643.jpg?width=465&dpr=1&s=none&crop=none,,"European Union chief negotiator Michel Barnier, centre, carries a binder of the Brexit trade deal during a meeting at the European Council building in Brussels. Photograph: Olivier Hoslet/AP",
guardian_795f2508cd,The Guardian,2020,"""climate change""",Splendid isolation … or just a bit-part player? Europe reacts to British ‘victory’,https://www.theguardian.com/politics/2020/dec/27/splendid-isolation-or-just-a-bit-part-player-europe-reacts-to-british-victory,2020-12-27,2020-12-27,2,https://i.guim.co.uk/img/media/e8395824f7a408d4d28073745b0808e310ae0314/0_224_6720_4032/master/6720.jpg?width=445&dpr=1&s=none&crop=none,,Pro-Brexit campaigner Nigel Farage speaks at a rally – hardline Brexiters in Britain may not back the deal. Photograph: Andy Hall/The Observer,
guardian_7bce668e1e,The Guardian,2020,"""climate change""",The week in theatre: Living Newspaper; Angels in Bristol review – quick thinking,https://www.theguardian.com/stage/2020/dec/27/living-newspaper-royal-court-review-angels-in-bristol-old-vic,2020-12-27,2020-12-27,1,https://i.guim.co.uk/img/media/3fd0027a86d99b53263f6588a176e7c5b14a6f03/0_280_4562_2738/master/4562.jpg?width=465&dpr=1&s=none&crop=none,,Ragevan Vasan and Zainab Hasan in Living Newspaper: Edition 1 at the Royal Court. Photograph: Tristram Kenton/The Observer,
guardian_a16ee94fe5,The Guardian,2020,"""net zero""","Race is on as carmakers shut, switch or sell combustion engine factories",https://www.theguardian.com/business/2020/dec/27/combustion-engine-car-factories-are-stranded-assets-in-age-of-electric,2020-12-27,2020-12-28,1,https://i.guim.co.uk/img/media/ccba411402450bccea2c2deaaf9a315cdb4c86c9/0_550_8256_4954/master/8256.jpg?width=465&dpr=1&s=none&crop=none,,"The production line of Volkswagen’s ID.4 electric sport utility vehicle in Zwickau, Germany. Photograph: Jens Schlueter/Getty",
guardian_c114f3e836,The Guardian,2020,"""climate change""",I was one of the millions opposed to Brexit. I’ve seen nothing here to change my mind,https://www.theguardian.com/commentisfree/2020/dec/27/take-solace-in-this-brexit-deal-it-is-so-terrible-it-will-ultimately-bring-us-back-to-the-eu,2020-12-27,2020-12-27,1,https://i.guim.co.uk/img/media/29f41acbc8eaa6ec1ab9d6a1e8c31d8095f5e7fc/10_0_1800_1080/master/1800.jpg?width=465&dpr=1&s=none&crop=none,,"People’s Vote marchers calling for a second Brexit referendum, London 19 October 2019. Photograph: -/UK BROADCASTERS POOL/AFP via Getty Images",
guardian_e4c92149fc,The Guardian,2020,"""climate change""",Reasons to be hopeful in 2021,https://www.theguardian.com/environment/2020/dec/27/reasons-to-be-hopeful,2020-12-27,2020-12-27,1,https://i.guim.co.uk/img/media/774df67eae27f46f104bef6728cf86bc33fd614c/1430_1131_5962_3578/master/5962.jpg?width=465&dpr=1&s=none&crop=none,,"‘2020 has forced a recalibration of ambitions and expectations on a personal level’: Professor Peter Frankopan says this year will, largely, be good for us. Photograph: Jan Von Holleben/Trunk Archive",
guardian_e4c92149fc,The Guardian,2020,"""climate change""",Reasons to be hopeful in 2021,https://www.theguardian.com/environment/2020/dec/27/reasons-to-be-hopeful,2020-12-27,2020-12-27,2,https://i.guim.co.uk/img/media/0946f7f122f6ca7deac02e4a17a841b925689c9f/0_194_3000_1800/master/3000.jpg?width=445&dpr=1&s=none&crop=none,,Clean and serene: Corn Street in the heart of Bristol. Photograph: Sam Frost/The Guardian,
guardian_e4c92149fc,The Guardian,2020,"""climate change""",Reasons to be hopeful in 2021,https://www.theguardian.com/environment/2020/dec/27/reasons-to-be-hopeful,2020-12-27,2020-12-27,3,https://i.guim.co.uk/img/media/68bacabcaaac22803f429baf6e4822d746d7a0e1/0_0_5183_7774/master/5183.jpg?width=120&dpr=1&s=none&crop=none,,Drink to that: carbon negative vodka,
guardian_e4c92149fc,The Guardian,2020,"""climate change""",Reasons to be hopeful in 2021,https://www.theguardian.com/environment/2020/dec/27/reasons-to-be-hopeful,2020-12-27,2020-12-27,4,https://i.guim.co.uk/img/media/f6c03102932f0e65c63d3aac510076e6940b5e1e/0_708_3859_3797/master/3859.jpg?width=445&dpr=1&s=none&crop=none,,"Boyan Slat, founder of Ocean Cleanup, wears sunglasses made from reclaimed plastic waste",
guardian_e4c92149fc,The Guardian,2020,"""climate change""",Reasons to be hopeful in 2021,https://www.theguardian.com/environment/2020/dec/27/reasons-to-be-hopeful,2020-12-27,2020-12-27,5,https://i.guim.co.uk/img/media/4774a7c6b93500da9e73174a961c7596dadc7f05/0_207_4574_2744/master/4574.jpg?width=445&dpr=1&s=none&crop=none,,"A good year for kakapos: Sinbad, a male kakapo, curiously peering from the bushes during the day. Photograph: Nature Picture Library/Alamy Stock Photo",
guardian_e4c92149fc,The Guardian,2020,"""climate change""",Reasons to be hopeful in 2021,https://www.theguardian.com/environment/2020/dec/27/reasons-to-be-hopeful,2020-12-27,2020-12-27,6,https://i.guim.co.uk/img/media/d8c0b93158aab4f8e9bbb5d68c643691fbff2938/341_6_5856_3513/master/5856.jpg?width=445&dpr=1&s=none&crop=none,,The future of farming? The Mayhew’s dairy farm. Photograph: Phil Fisk/The Observer,
guardian_e4c92149fc,The Guardian,2020,"""climate change""",Reasons to be hopeful in 2021,https://www.theguardian.com/environment/2020/dec/27/reasons-to-be-hopeful,2020-12-27,2020-12-27,7,https://i.guim.co.uk/img/media/e27eb08f56979b56819dea810759178420a6f73a/239_0_5920_3554/master/5920.jpg?width=445&dpr=1&s=none&crop=none,,A new way of seeing: live video signals are sent to the brain’s visual cortex. Photograph: Science Photo Library/Alamy Stock Photo,
guardian_e4c92149fc,The Guardian,2020,"""climate change""",Reasons to be hopeful in 2021,https://www.theguardian.com/environment/2020/dec/27/reasons-to-be-hopeful,2020-12-27,2020-12-27,8,https://i.guim.co.uk/img/media/6b53ae1b06be8c2ce3788f4ff75c057e0f580d01/0_0_2718_3397/master/2718.jpg?width=445&dpr=1&s=none&crop=none,,"Doing a Rashford: a new shorthand for celebrity philanthropy, in light of the footballer’s campaigning against child poverty. Photograph: Ash Donelon/Getty Images",
guardian_e4c92149fc,The Guardian,2020,"""climate change""",Reasons to be hopeful in 2021,https://www.theguardian.com/environment/2020/dec/27/reasons-to-be-hopeful,2020-12-27,2020-12-27,9,https://i.guim.co.uk/img/media/68654bc1f0121dc668ae43b7d35e5db843863d77/0_6_2048_1544/master/2048.jpg?width=445&dpr=1&s=none&crop=none,,Worm a way forward: ‘This is going to change how people look at the ageing process’. Photograph: Hannah Somers,
guardian_e4ca4cc53c,The Guardian,2020,"""climate change""","With a deal done, can No 10 turn ‘levelling up’ into more than a nebulous phrase?",https://www.theguardian.com/commentisfree/2020/dec/27/the-tories-are-out-of-excuses-now-and-must-start-work-on-levelling-up-britain,2020-12-27,2021-01-08,1,https://i.guim.co.uk/img/media/cfef101ac695afb223d2c01a6dc320bb5e4cefb3/415_257_1629_977/master/1629.jpg?width=465&dpr=1&s=none&crop=none,,"‘The chancellor, Rishi Sunak, has been trying for months now to stem the flow of spending.’ Photograph: Yui Mok/PA",
guardian_fb6c99fd93,The Guardian,2020,"""climate change""",Imperial War Museum to mark 20th anniversary of 9/11,https://www.theguardian.com/us-news/2020/dec/27/imperial-war-museum-to-mark-20th-anniversary-of-911,2020-12-27,2021-06-23,1,https://i.guim.co.uk/img/media/509ee91f9c3f7e188b72d8a51111a29dc5fe6e0b/0_119_3500_2101/master/3500.jpg?width=465&dpr=1&s=none&crop=none,,"Tribute in Light in Manhattan on 11 September 2013, marking the 12th anniversary of the 9/11 attacks. Photograph: Gary Hershorn/Reuters",
guardian_fb6c99fd93,The Guardian,2020,"""climate change""",Imperial War Museum to mark 20th anniversary of 9/11,https://www.theguardian.com/us-news/2020/dec/27/imperial-war-museum-to-mark-20th-anniversary-of-911,2020-12-27,2021-06-23,2,https://i.guim.co.uk/img/media/17f4f6b1c5a6f7a7a186a8b558149dd3c5fcc55d/217_167_4103_2462/master/4103.jpg?width=445&dpr=1&s=none&crop=none,,The Imperial War Museum’s programme will include artwork reflecting the war on terror. Photograph: Alex Davidson/Getty Images,
guardian_fffba034db,The Guardian,2020,"""climate change""",Feed your soul: the 31-day literary diet for January,https://www.theguardian.com/books/2020/dec/27/feed-your-soul-the-31-day-literary-diet-for-january-2021-culture-books,2020-12-27,2023-12-08,1,https://i.guim.co.uk/img/media/ef7cb84574f4bd64eb306ea40e271da71b6610f1/0_261_2700_1619/master/2700.jpg?width=445&dpr=1&s=none&crop=none,,Maya Angelou. Photograph: Brian Lanker,
guardian_fffba034db,The Guardian,2020,"""climate change""",Feed your soul: the 31-day literary diet for January,https://www.theguardian.com/books/2020/dec/27/feed-your-soul-the-31-day-literary-diet-for-january-2021-culture-books,2020-12-27,2023-12-08,2,https://i.guim.co.uk/img/media/e5c596b23555f1f2ed18b0a53603ea4b947597eb/0_218_4969_2980/master/4969.jpg?width=445&dpr=1&s=none&crop=none,,"Tommy Pender in The Water Babies, 1978. Photograph: Stanley Bielecki Movie Collection/Getty Images",
guardian_fffba034db,The Guardian,2020,"""climate change""",Feed your soul: the 31-day literary diet for January,https://www.theguardian.com/books/2020/dec/27/feed-your-soul-the-31-day-literary-diet-for-january-2021-culture-books,2020-12-27,2023-12-08,3,https://i.guim.co.uk/img/media/34c62cd61e0b904f4181adfb5ae79881cee0797c/0_48_2341_1404/master/2341.jpg?width=445&dpr=1&s=none&crop=none,,"Tom Lehrer at home in Santa Cruz, 2000. Photograph: Anthony Pidgeon/Redferns",
guardian_fffba034db,The Guardian,2020,"""climate change""",Feed your soul: the 31-day literary diet for January,https://www.theguardian.com/books/2020/dec/27/feed-your-soul-the-31-day-literary-diet-for-january-2021-culture-books,2020-12-27,2023-12-08,4,https://i.guim.co.uk/img/media/37c73e637a224158676b836588af6509ce703703/0_226_2218_2769/master/2218.jpg?width=445&dpr=1&s=none&crop=none,,Photograph: Katherine Anne Rose/The Observer,
guardian_fffba034db,The Guardian,2020,"""climate change""",Feed your soul: the 31-day literary diet for January,https://www.theguardian.com/books/2020/dec/27/feed-your-soul-the-31-day-literary-diet-for-january-2021-culture-books,2020-12-27,2023-12-08,5,https://i.guim.co.uk/img/media/39471cfe6c73b19dafb2186b4506c0ccac427071/102_0_1667_1000/master/1667.jpg?width=445&dpr=1&s=none&crop=none,,James Baldwin in a scene from I Am Not Your Negro (2016). Photograph: Allstar/Brittany House Pictures,
guardian_fffba034db,The Guardian,2020,"""climate change""",Feed your soul: the 31-day literary diet for January,https://www.theguardian.com/books/2020/dec/27/feed-your-soul-the-31-day-literary-diet-for-january-2021-culture-books,2020-12-27,2023-12-08,6,https://i.guim.co.uk/img/media/efa55f114c38556985d5be8f7e92f8364e7feab8/0_40_1781_1068/master/1781.jpg?width=445&dpr=1&s=none&crop=none,,Albert Finney in Under the Volcano (1984). Photograph: Universal Pictures/Allstar,
guardian_fffba034db,The Guardian,2020,"""climate change""",Feed your soul: the 31-day literary diet for January,https://www.theguardian.com/books/2020/dec/27/feed-your-soul-the-31-day-literary-diet-for-january-2021-culture-books,2020-12-27,2023-12-08,7,https://i.guim.co.uk/img/media/7bb2961904a0a9e4bede2292a1f27e265fb28cc5/0_69_6720_4032/master/6720.jpg?width=445&dpr=1&s=none&crop=none,,"Kae Tempest performing at the BBC Radio 6 Music festival, March 2020. Photograph: Chris Lever/REX/Shutterstock",
guardian_fffba034db,The Guardian,2020,"""climate change""",Feed your soul: the 31-day literary diet for January,https://www.theguardian.com/books/2020/dec/27/feed-your-soul-the-31-day-literary-diet-for-january-2021-culture-books,2020-12-27,2023-12-08,8,https://i.guim.co.uk/img/media/543a875e5405fe626119a1ddcd4dd897968ad952/0_12_1000_600/master/1000.jpg?width=445&dpr=1&s=none&crop=none,,DH by the dish… Photograph: Valerie Stivers / The Paris Review,
guardian_fffba034db,The Guardian,2020,"""climate change""",Feed your soul: the 31-day literary diet for January,https://www.theguardian.com/books/2020/dec/27/feed-your-soul-the-31-day-literary-diet-for-january-2021-culture-books,2020-12-27,2023-12-08,9,https://i.guim.co.uk/img/media/cc34c00ba640bab868a83c213021f149d4139598/0_1291_4235_2539/master/4235.jpg?width=445&dpr=1&s=none&crop=none,,"Chimamanda Ngozi Adichie, 2020. Photograph: Manny Jefferson/The Guardian",
guardian_144a5dbce5,The Guardian,2020,"""climate change""",Seed saving movement calls for seeds to be publicly owned,https://www.theguardian.com/uk-news/2020/dec/28/seed-saving-movement-calls-for-seeds-to-be-publicly-owned,2020-12-28,2020-12-30,1,https://i.guim.co.uk/img/media/145cc67ae675e45bcef787c58e6567ebaf8f0816/0_192_5760_3456/master/5760.jpg?width=465&dpr=1&s=none&crop=none,,The pandemic encouraged an interest in allotments and seed saving. Photograph: Bill Allsopp/Alamy Stock Photo,
guardian_194ea6d5f0,The Guardian,2020,"""climate change""","Alternative facts, witch-hunt, bigly: the Trump era in 32 words and phrases",https://www.theguardian.com/us-news/2020/dec/28/alternative-facts-bigly-witch-hunt-trump-era-words-phrases,2020-12-28,2021-01-06,1,https://i.guim.co.uk/img/media/b2d8e7dc0e405cfb925af5374328936efcf5936d/0_0_2400_1727/master/2400.jpg?width=465&dpr=1&s=none&crop=none,,Donald Trump. Photograph: Tom Brenner/Reuters,
guardian_76fe2c8faf,The Guardian,2020,"""climate change""",Seabird patrols to self-healing buildings: the 15 conservation stories to watch in 2021,https://www.theguardian.com/environment/2020/dec/28/seabird-patrols-to-self-healing-buildings-the-15-conservation-stories-to-watch-in-2021,2020-12-28,2021-10-29,1,https://i.guim.co.uk/img/media/b22bb4bd7a8424f7a33b78b0aee729a467cbd389/0_137_4287_2574/master/4287.jpg?width=465&dpr=1&s=none&crop=none,,"A coral reef in the Red Sea, Egypt. Photograph: Jane Gould/Alamy",
guardian_76fe2c8faf,The Guardian,2020,"""climate change""",Seabird patrols to self-healing buildings: the 15 conservation stories to watch in 2021,https://www.theguardian.com/environment/2020/dec/28/seabird-patrols-to-self-healing-buildings-the-15-conservation-stories-to-watch-in-2021,2020-12-28,2021-10-29,2,https://i.guim.co.uk/img/media/16ca345fb9b0327af05cf57190ddea7b6b70774c/0_191_5760_3458/master/5760.jpg?width=445&dpr=1&s=none&crop=none,,‘Oil rig graveyard’ in the Cromarty Firth. Removing existing energy infrastructure can affect wildlife that has colonised it. Photograph: Murdo MacLeod/The Guardian,
guardian_76fe2c8faf,The Guardian,2020,"""climate change""",Seabird patrols to self-healing buildings: the 15 conservation stories to watch in 2021,https://www.theguardian.com/environment/2020/dec/28/seabird-patrols-to-self-healing-buildings-the-15-conservation-stories-to-watch-in-2021,2020-12-28,2021-10-29,3,https://i.guim.co.uk/img/media/e2b1a0ff3967ba6460290c5ce7e09e776e441f02/0_241_7061_4241/master/7061.jpg?width=445&dpr=1&s=none&crop=none,,"Brown headed albatross, North Island, New Zealand. Ocean-going birds such as albatrosses follow fishing vessels and could be enlisted for surveillance. Photograph: By Wildestanimal/Getty Images",
guardian_76fe2c8faf,The Guardian,2020,"""climate change""",Seabird patrols to self-healing buildings: the 15 conservation stories to watch in 2021,https://www.theguardian.com/environment/2020/dec/28/seabird-patrols-to-self-healing-buildings-the-15-conservation-stories-to-watch-in-2021,2020-12-28,2021-10-29,4,https://i.guim.co.uk/img/media/f88e78539b2bcaa6838284c192b06cff8edb8058/0_115_2464_1480/master/2464.jpg?width=445&dpr=1&s=none&crop=none,,Algerian scouts take part in a countrywide tree-planting campaign in the Tipaza region. Massive tree-planting efforts need to be carefully thought out. Photograph: Ryad Kramdi/AFP/Getty Images,
guardian_76fe2c8faf,The Guardian,2020,"""climate change""",Seabird patrols to self-healing buildings: the 15 conservation stories to watch in 2021,https://www.theguardian.com/environment/2020/dec/28/seabird-patrols-to-self-healing-buildings-the-15-conservation-stories-to-watch-in-2021,2020-12-28,2021-10-29,5,https://i.guim.co.uk/img/media/409fe1b468386ac158b2c56e0624a5dfd14d2ce8/0_133_4000_2402/master/4000.jpg?width=445&dpr=1&s=none&crop=none,,"Vegetable stall at the organic market in Gangtok, Sikkim, India. For more than a decade in the north-eastern state of Sikkim, 66,000 farmers have shunned chemical weedkillers, synthetic fertilisers and gene-altered seeds. Photograph: Prashanth Vishwanathan/Bloomberg/Getty Images",
guardian_76fe2c8faf,The Guardian,2020,"""climate change""",Seabird patrols to self-healing buildings: the 15 conservation stories to watch in 2021,https://www.theguardian.com/environment/2020/dec/28/seabird-patrols-to-self-healing-buildings-the-15-conservation-stories-to-watch-in-2021,2020-12-28,2021-10-29,6,https://i.guim.co.uk/img/media/7f40a79fb41b83a928be73116a40e940500fda04/0_150_5343_3206/master/5343.jpg?width=445&dpr=1&s=none&crop=none,,"Slurry run off from a farm pollutes the River Lugg near Sutton St Nicholas, Herefordshire. Technology can empower citizens to call out environmental problems. Photograph: Alamy",
guardian_83b2e4b263,The Guardian,2020,"""climate change""",Nigella’s micro-wa-vé and the return of the 'BBC dad': the weirdest TV moments of 2020,https://www.theguardian.com/tv-and-radio/2020/dec/28/nigellas-micro-wa-ve-and-the-return-of-the-bbc-dad-the-weirdest-tv-moments-of-2020,2020-12-28,2020-12-28,1,https://i.guim.co.uk/img/media/63b234988c92d904ac3d31272517f07c3f5cb207/60_0_1200_720/master/1200.jpg?width=465&dpr=1&s=none&crop=none,,Mr Motivator – AKA Derrick Evans – works up a sweat. Photograph: BBC,
guardian_83b2e4b263,The Guardian,2020,"""climate change""",Nigella’s micro-wa-vé and the return of the 'BBC dad': the weirdest TV moments of 2020,https://www.theguardian.com/tv-and-radio/2020/dec/28/nigellas-micro-wa-ve-and-the-return-of-the-bbc-dad-the-weirdest-tv-moments-of-2020,2020-12-28,2020-12-28,2,https://i.guim.co.uk/img/media/e5151431b9e15a9e0d56a1b8d68ad6a0855a140e/0_40_1916_1149/master/1916.jpg?width=445&dpr=1&s=none&crop=none,,Marc Elliott’s Ziggy cake on the Great British Bake Off. Photograph: BBC,
guardian_83f3da415f,The Guardian,2020,"""climate change""","Committees, visas and climate change: Brexit experts' verdicts on the deal details",https://www.theguardian.com/politics/2020/dec/28/brexit-experts-verdict-uk-eu-trade-deal-details-visas,2020-12-28,2020-12-29,1,https://i.guim.co.uk/img/media/90dd4b6001467312a5140d4d69fefabf60311d96/0_5_3500_2100/master/3500.jpg?width=465&dpr=1&s=none&crop=none,,Michel Barnier holds the pages of the EU-UK trade deal at a Brussels meeting on Christmas Day. Photograph: Reuters,
guardian_c1a104385f,The Guardian,2020,"""net zero""",Storm Bella helps Great Britain set new record for wind power generation,https://www.theguardian.com/environment/2020/dec/28/storm-bella-helps-uk-record-wind-power-generation-boxing-day,2020-12-28,2020-12-29,1,https://i.guim.co.uk/img/media/b1af4793c554b9b3a51a23555f46a00845ba1751/0_285_4692_2815/master/4692.jpg?width=465&dpr=1&s=none&crop=none,,Newhaven lighthouse and the harbour wall on 27 December as Storm Bella continued to hit the south coast of Britain. Photograph: Glyn Kirk/AFP/Getty,
guardian_c6d4c47174,The Guardian,2020,"""climate change""",How a 'tree mortgage' scheme could turn an Indian town carbon neutral,https://www.theguardian.com/global-development/2020/dec/28/how-a-tree-mortgage-scheme-could-turn-an-indian-town-carbon-neutral,2020-12-28,2022-10-19,1,https://i.guim.co.uk/img/media/7e0013276a658c70afd2505e2eeef507ca862eeb/0_400_6000_3600/master/6000.jpg?width=465&dpr=1&s=none&crop=none,,"Sheeja CG, a 46-year-old farmer, last month increased her income dramatically by mortgaging 53 of her trees at the local bank, in return for 2,650 rupees (£26.96). Photograph: Ajith Tomy/Thanal",
guardian_c6d4c47174,The Guardian,2020,"""climate change""",How a 'tree mortgage' scheme could turn an Indian town carbon neutral,https://www.theguardian.com/global-development/2020/dec/28/how-a-tree-mortgage-scheme-could-turn-an-indian-town-carbon-neutral,2020-12-28,2022-10-19,2,https://i.guim.co.uk/img/media/5c75fec3292aa325744ca083bfccb475947e6e0a/0_0_4000_3000/master/4000.jpg?width=445&dpr=1&s=none&crop=none,,"A tree is recorded as part of the tree banking project for farmers in the Indian village of Wayanad, in the southern Indian state of Kerala. Photograph: Ajith Tomy/Thanal",
guardian_c6d4c47174,The Guardian,2020,"""climate change""",How a 'tree mortgage' scheme could turn an Indian town carbon neutral,https://www.theguardian.com/global-development/2020/dec/28/how-a-tree-mortgage-scheme-could-turn-an-indian-town-carbon-neutral,2020-12-28,2022-10-19,3,https://i.guim.co.uk/img/media/f53e037204fc65b5620ecd277726ccb8f4955c31/0_0_4000_3000/master/4000.jpg?width=445&dpr=1&s=none&crop=none,,"A tree is labelled in Wayanad, Kerala. All trees that have matured are photographed and logged on a monitoring system. Photograph: Ajith Tomy/Thanal",
guardian_d53dea708d,The Guardian,2020,"""climate change""",TV tonight: a Highland fling in Two Doors Down,https://www.theguardian.com/tv-and-radio/2020/dec/28/tv-tonight-a-highland-fling-in-two-doors-down-goes-for-a-highland-fling,2020-12-28,2020-12-28,1,https://i.guim.co.uk/img/media/a519cf8d7224af0365ace86a6e7a699b13168b05/0_0_4288_2572/master/4288.jpg?width=465&dpr=1&s=none&crop=none,,All fun and games? Cathy (Doon Mackichan) and Gordon (Kieran Hodgson) in Two Doors Down. Photograph: Alan Peebles/BBC,
guardian_d53dea708d,The Guardian,2020,"""climate change""",TV tonight: a Highland fling in Two Doors Down,https://www.theguardian.com/tv-and-radio/2020/dec/28/tv-tonight-a-highland-fling-in-two-doors-down-goes-for-a-highland-fling,2020-12-28,2020-12-28,2,https://i.guim.co.uk/img/media/ab1a1a1a4f2a633d858bf7377e5fe169b6da402a/0_0_4284_2856/master/4284.jpg?width=445&dpr=1&s=none&crop=none,,Two cute ... meerkat pups at sunset. Photograph: Greg Hartman/BBC,
guardian_d53dea708d,The Guardian,2020,"""climate change""",TV tonight: a Highland fling in Two Doors Down,https://www.theguardian.com/tv-and-radio/2020/dec/28/tv-tonight-a-highland-fling-in-two-doors-down-goes-for-a-highland-fling,2020-12-28,2020-12-28,3,https://i.guim.co.uk/img/media/c04724b017a8b3779ebf43827253251907732fbf/0_0_1920_1080/master/1920.jpg?width=445&dpr=1&s=none&crop=none,,"All the feels ... Sadness ( Phyllis Smith, left) and Joy (Amy Poehler) in Inside Out. Photograph: Pixar/Disney",
guardian_e89169e4cf,The Guardian,2020,"""climate change""",EU states unanimously back Brexit trade and security deal,https://www.theguardian.com/politics/2020/dec/28/eu-member-states-unanimously-back-brexit-trade-security-deal,2020-12-28,2020-12-29,1,https://i.guim.co.uk/img/media/5d0a9d917dc42994fd82e169fca0c5f53dd4334f/0_162_3447_2069/master/3447.jpg?width=465&dpr=1&s=none&crop=none,,"Ambassadors for the 27 member states have given their support for the 1,246-page treaty. Photograph: Yves Herman/Reuters",
guardian_50b5339513,The Guardian,2020,"""climate change""",Anthony Albanese tells Labor members his pandemic approach 'had to be constructive',https://www.theguardian.com/australia-news/2020/dec/30/anthony-albanese-tells-labor-members-his-pandemic-approach-had-to-be-constructive,2020-12-29,2020-12-29,1,https://i.guim.co.uk/img/media/7ce7e7431156792beaafb910ffcb90a1d0439f70/0_1_3606_2164/master/3606.jpg?width=465&dpr=1&s=none&crop=none,,Labor leader Anthony Albanese has written to party members defending his approach during the pandemic and setting out his ‘vision’ in preparation for the next election campaign. Photograph: Sam Mooy/Getty Images,
guardian_6936eedc9f,The Guardian,2020,"""climate change""",Mother of girl who died from asthma urges mayor to rethink Silvertown tunnel,https://www.theguardian.com/environment/2020/dec/29/mother-of-girl-who-died-from-asthma-urges-mayor-to-rethink-silvertown-tunnel,2020-12-29,2020-12-29,1,https://i.guim.co.uk/img/media/39380783f2b1a4fbb111f3825f4e42501f507c55/0_116_3500_2101/master/3500.jpg?width=465&dpr=1&s=none&crop=none,,Rosamund Kissi-Debrah outside Southwark coroner’s court after the inquest into the death of her nine-year old daughter Ella Kissi-Debrah. Photograph: Kirsty O’Connor/PA,
guardian_b7bf38433d,The Guardian,2020,"""climate change""",The bedrock of our hope in 2021 and beyond must be political engagement,https://www.theguardian.com/commentisfree/2020/dec/30/the-bedrock-of-our-hope-in-2021-and-beyond-must-be-political-engagement,2020-12-29,2021-08-25,1,https://i.guim.co.uk/img/media/fa823e93efe19f50893b91e4cec5f32c145acb42/0_86_5568_3341/master/5568.jpg?width=465&dpr=1&s=none&crop=none,,‘The biggest threat to the world right now – one that not even Australia’s isolation and much-vaunted luck can save it from – is voter disengagement.’ Photograph: Lukas Coch/EPA,
guardian_c0145e4f93,The Guardian,2020,"""net zero""",Denmark extends lockdown; just 40% in France plan to get vaccine - as it happened,https://www.theguardian.com/world/live/2020/dec/29/coronavirus-live-news-more-countries-alert-suspected-cases-new-uk-covid-variant,2020-12-29,2020-12-30,1,https://i.guim.co.uk/img/media/b77ae0dd073edbea48d03e391d50fb794235bc0c/0_121_3500_2100/master/3500.jpg?width=465&dpr=1&s=none&crop=none,,"Ambulances queued outside the Royal London Hospital, in London. NHS England figures show England’s hospitals now have more Covid-19 patients than during April’s first-wave peak. Photograph: Yui Mok/PA",
guardian_d8b6c30f47,The Guardian,2020,"""climate change""",Six reasons to look on the bright side about Australian politics after a grim 2020,https://www.theguardian.com/australia-news/2020/dec/30/six-reasons-to-look-on-the-bright-side-about-australian-politics-after-a-grim-2020,2020-12-29,2021-01-27,1,https://i.guim.co.uk/img/media/7d5018204cb57807480702f811a4bb85e21fb168/172_127_5356_3214/master/5356.jpg?width=465&dpr=1&s=none&crop=none,,Scott Morrison and Anthony Albanese bump elbows after delivering their 2020 Christmas messages in the House of Representatives. Photograph: Lukas Coch/AAP,
guardian_d8b6c30f47,The Guardian,2020,"""climate change""",Six reasons to look on the bright side about Australian politics after a grim 2020,https://www.theguardian.com/australia-news/2020/dec/30/six-reasons-to-look-on-the-bright-side-about-australian-politics-after-a-grim-2020,2020-12-29,2021-01-27,2,https://i.guim.co.uk/img/media/c5ee0e5cd85018ff989808601ee8cd5519428c76/0_0_1920_1080/1920.jpg?width=465&dpr=1&s=none&crop=none,,What a year: the best and worst moments of Australian politics in 2020 – video,
guardian_f4a7cd100f,The Guardian,2020,"""climate change""",Country diaries give us much food for thought,https://www.theguardian.com/uk-news/2020/dec/29/country-diaries-give-us-much-food-for-thought,2020-12-29,2021-10-29,1,https://i.guim.co.uk/img/media/4c1daf70f99bb063f94392d3f00508ad8f442a6e/0_220_5472_3283/master/5472.jpg?width=465&dpr=1&s=none&crop=none,,"Remnants of a Caledonian pine forest in Glen Derry, Deeside, in the Cairngorms. Photograph: Murdo Macleod/The Guardian",
guardian_ff3dfa2f5f,The Guardian,2020,"""climate change""",Veganuary predicts biggest year as Covid lockdown inspires diet overhaul,https://www.theguardian.com/lifeandstyle/2020/dec/29/veganuary-biggest-year-lockdown-diet-overhaul,2020-12-29,2020-12-29,1,https://i.guim.co.uk/img/media/942d447d9b77949c0469e3d1705f24e0736f3258/0_182_5455_3273/master/5455.jpg?width=465&dpr=1&s=none&crop=none,,"Vegan falafel burgers. Veganuary attracted 400,000 signatories last year. Photograph: Vaaseenaa/Getty/iStockPhoto",
guardian_01c11f478a,The Guardian,2020,"""climate change""","Floods, storms and searing heat: 2020 in extreme weather",https://www.theguardian.com/environment/2020/dec/30/floods-storms-and-searing-heat-2020-in-extreme-weather,2020-12-30,2021-08-25,1,https://i.guim.co.uk/img/media/f137a59b3394149e7f47ed0bf6c08ebd44e1186a/0_0_5760_3840/master/5760.jpg?width=465&dpr=1&s=none&crop=none,,"Flooding in Jakarta, Indonesia, in January. Photograph: Anadolu Agency/Anadolu Agency via Getty Images",
guardian_01c11f478a,The Guardian,2020,"""climate change""","Floods, storms and searing heat: 2020 in extreme weather",https://www.theguardian.com/environment/2020/dec/30/floods-storms-and-searing-heat-2020-in-extreme-weather,2020-12-30,2021-08-25,2,https://i.guim.co.uk/img/media/c4f52a1dee8bdd33bf5b65bdf3459d7ffe2dd505/0_0_2500_1875/master/2500.jpg?width=445&dpr=1&s=none&crop=none,,"Gentoo penguins at the Argentinian research base Esperanza, where the hottest temperature ever in Antarctica was reportedly recorded on 6 February. Photograph: Abbie Trayler-Smith/Greenpeace",
guardian_01c11f478a,The Guardian,2020,"""climate change""","Floods, storms and searing heat: 2020 in extreme weather",https://www.theguardian.com/environment/2020/dec/30/floods-storms-and-searing-heat-2020-in-extreme-weather,2020-12-30,2021-08-25,3,https://i.guim.co.uk/img/media/b8c2393d1e38ba1859f6fa01996933cc382a6776/0_0_5568_3712/master/5568.jpg?width=445&dpr=1&s=none&crop=none,,"Firefighters battle bushfires around the town of Nowra in New South Wales, Australia, on 31 December 2019. Photograph: Saeed Khan/AFP via Getty Images",
guardian_01c11f478a,The Guardian,2020,"""climate change""","Floods, storms and searing heat: 2020 in extreme weather",https://www.theguardian.com/environment/2020/dec/30/floods-storms-and-searing-heat-2020-in-extreme-weather,2020-12-30,2021-08-25,4,https://i.guim.co.uk/img/media/3d05d6338a535e29f938a213c1770b186ef74025/0_0_3000_1938/master/3000.jpg?width=445&dpr=1&s=none&crop=none,,A flock of sheep roam along the Siling Lake in Naqu City in south-west China’s Tibet Autonomous Region. Photograph: Xinhua/REX/Shutterstock,
guardian_01c11f478a,The Guardian,2020,"""climate change""","Floods, storms and searing heat: 2020 in extreme weather",https://www.theguardian.com/environment/2020/dec/30/floods-storms-and-searing-heat-2020-in-extreme-weather,2020-12-30,2021-08-25,5,https://i.guim.co.uk/img/media/adc6ac89085b0f453c0a2db3f65e2efb65fed7b0/0_0_3500_2188/master/3500.jpg?width=445&dpr=1&s=none&crop=none,,"Residents gather on the safe grounds with their belongings after the River Nzoia burst its banks in Busia County, Kenya. Photograph: Thomas Mukoya/Reuters",
guardian_01c11f478a,The Guardian,2020,"""climate change""","Floods, storms and searing heat: 2020 in extreme weather",https://www.theguardian.com/environment/2020/dec/30/floods-storms-and-searing-heat-2020-in-extreme-weather,2020-12-30,2021-08-25,6,https://i.guim.co.uk/img/media/2a31e9dfec9a31a5dbf7a738472590d1d657d441/0_0_2352_1251/master/2352.jpg?width=445&dpr=1&s=none&crop=none,,A map showing land surface temperature anomalies from 19 March to 20 June 2020. Reds depict areas that were hotter than average for the same period from 2003-2018; blues were colder than average. Photograph: Nasa Handout/EPA,
guardian_01c11f478a,The Guardian,2020,"""climate change""","Floods, storms and searing heat: 2020 in extreme weather",https://www.theguardian.com/environment/2020/dec/30/floods-storms-and-searing-heat-2020-in-extreme-weather,2020-12-30,2021-08-25,7,https://i.guim.co.uk/img/media/deb252b252aecc9da10efdb967c4df66d65a127a/0_0_4928_3280/master/4928.jpg?width=445&dpr=1&s=none&crop=none,,Volunteers and residents work to repair a damaged dam following the landfall of Cyclone Amphan in Burigoalini. Photograph: Munir Uz Zaman/AFP/Getty Images,
guardian_01c11f478a,The Guardian,2020,"""climate change""","Floods, storms and searing heat: 2020 in extreme weather",https://www.theguardian.com/environment/2020/dec/30/floods-storms-and-searing-heat-2020-in-extreme-weather,2020-12-30,2021-08-25,8,https://i.guim.co.uk/img/media/ce5c9a7bf7a3cf070db4bae41022a73f25401abd/0_0_5693_3795/master/5693.jpg?width=445&dpr=1&s=none&crop=none,,Death Valley national park in California recorded 54.4C on 16 August. Photograph: John Locher/AP,
guardian_01c11f478a,The Guardian,2020,"""climate change""","Floods, storms and searing heat: 2020 in extreme weather",https://www.theguardian.com/environment/2020/dec/30/floods-storms-and-searing-heat-2020-in-extreme-weather,2020-12-30,2021-08-25,9,https://i.guim.co.uk/img/media/7e0fce355dc2692ee797a0741ce08d3f207eae06/0_0_1907_1271/master/1907.jpg?width=465&dpr=1&s=none&crop=none,,"A dead crocodile in the town of Porto Jofre in Mato Grosso state, Brazil, after fires devastate the region. Photograph: Carlos Ezequiel Vannoni/EPA",
guardian_01c11f478a,The Guardian,2020,"""climate change""","Floods, storms and searing heat: 2020 in extreme weather",https://www.theguardian.com/environment/2020/dec/30/floods-storms-and-searing-heat-2020-in-extreme-weather,2020-12-30,2021-08-25,10,https://i.guim.co.uk/img/media/d2b7d92bceefd46fbc45378650874a2b7a65c122/0_1_2582_1549/master/2582.jpg?width=445&dpr=1&s=none&crop=none,,The October 2020 sea ice concentration in the Arctic. The yellow line shows 1981- 2010 median. Photograph: NASA,
guardian_01c11f478a,The Guardian,2020,"""climate change""","Floods, storms and searing heat: 2020 in extreme weather",https://www.theguardian.com/environment/2020/dec/30/floods-storms-and-searing-heat-2020-in-extreme-weather,2020-12-30,2021-08-25,11,https://i.guim.co.uk/img/media/a1f5887e69910240b699f625306ecd2277672589/0_0_6000_4000/master/6000.jpg?width=445&dpr=1&s=none&crop=none,,"Residents walk across debris floating in floodwaters in a submerged village, as Typhoon Vamco hits in Rodriguez, Rizal province, Philippines. Photograph: Ezra Acayan/Getty Images",
guardian_01c11f478a,The Guardian,2020,"""climate change""","Floods, storms and searing heat: 2020 in extreme weather",https://www.theguardian.com/environment/2020/dec/30/floods-storms-and-searing-heat-2020-in-extreme-weather,2020-12-30,2021-08-25,12,https://i.guim.co.uk/img/media/23e5c796b6aa03edc9bbf41d704bd2d2a603e395/0_0_3500_2333/master/3500.jpg?width=465&dpr=1&s=none&crop=none,,"Residents inspect an area filled with plastic rubbish after the passing of Hurricane Iota, in Puerto Cabezas, Nicaragua. Photograph: Oswaldo Rivas/Reuters",
guardian_1b3111f121,The Guardian,2020,"""climate change""",Brexit deal: Boris Johnson signs EU-UK trade deal after MPs vote to pass agreement - as it happened,https://www.theguardian.com/politics/live/2020/dec/30/brexit-deal-bill-coronavirus-boris-johnson-covid-live-news-updates,2020-12-30,2020-12-31,1,https://i.guim.co.uk/img/media/203a4d931db8b83d20c2ebd9ddffd6f7f9a85b9f/0_409_8192_4914/master/8192.jpg?width=465&dpr=1&s=none&crop=none,,The sun setting behind the Houses of Parliament this afternoon. Photograph: Tolga Akmen/AFP/Getty Images,
guardian_1b3111f121,The Guardian,2020,"""climate change""",Brexit deal: Boris Johnson signs EU-UK trade deal after MPs vote to pass agreement - as it happened,https://www.theguardian.com/politics/live/2020/dec/30/brexit-deal-bill-coronavirus-boris-johnson-covid-live-news-updates,2020-12-30,2020-12-31,2,https://i.guim.co.uk/img/media/a44c34f3987483b426a56996b8c84065786694e9/0_30_5459_3278/master/5459.jpg?width=465&dpr=1&s=none&crop=none,,"Boris Johnson signing the trade deal, with David Frost (left), the UK’s chief negotiator, and Sir Tim Barrow, its ambassador to the UK (right) looking on. Photograph: Leon Neal/Getty Images",
guardian_1b3111f121,The Guardian,2020,"""climate change""",Brexit deal: Boris Johnson signs EU-UK trade deal after MPs vote to pass agreement - as it happened,https://www.theguardian.com/politics/live/2020/dec/30/brexit-deal-bill-coronavirus-boris-johnson-covid-live-news-updates,2020-12-30,2020-12-31,3,https://i.guim.co.uk/img/media/718a352b1851f86a98b4a1e36fbf055f79576692/0_301_5398_3239/master/5398.jpg?width=465&dpr=1&s=none&crop=none,,No 10 staff watching as Boris Johnson signs the bill. Photograph: Leon Neal/Getty Images,
guardian_3bb117e5c1,The Guardian,2020,"""1.5C""",Cold comfort farming: German ice wine maker hails crucial big chill,https://www.theguardian.com/world/2020/dec/30/cold-comfort-farming-german-ice-wine-maker-hails-crucial-big-chill,2020-12-30,2020-12-30,1,https://i.guim.co.uk/img/media/fa0be765f95134b2750c20c3d51806d73bcf35fb/0_82_3500_2101/master/3500.jpg?width=465&dpr=1&s=none&crop=none,,"Grape harvesters bring in the frozen grapes on the Petgen-Dahm wine estate in Saarland, Germany. Photograph: Weingut Ökonomierat Petgen-Dahm",
guardian_3bb117e5c1,The Guardian,2020,"""1.5C""",Cold comfort farming: German ice wine maker hails crucial big chill,https://www.theguardian.com/world/2020/dec/30/cold-comfort-farming-german-ice-wine-maker-hails-crucial-big-chill,2020-12-30,2020-12-30,2,https://i.guim.co.uk/img/media/b131b35d60885645babe078e299944b12fab2029/0_0_3500_2770/master/3500.jpg?width=445&dpr=1&s=none&crop=none,,Harvesters pick frozen grapes on the Petgen-Dahm vineyard. Photograph: Weingut Ökonomierat Petgen-Dahm,
guardian_3bb117e5c1,The Guardian,2020,"""1.5C""",Cold comfort farming: German ice wine maker hails crucial big chill,https://www.theguardian.com/world/2020/dec/30/cold-comfort-farming-german-ice-wine-maker-hails-crucial-big-chill,2020-12-30,2020-12-30,3,https://i.guim.co.uk/img/media/9205903839f531bdaab387b1b61e0d9e75df6761/0_0_3500_2772/master/3500.jpg?width=445&dpr=1&s=none&crop=none,,"Winemaker Ralf Petgen measures the Oechsle, sugar content, of his Eiswein . Photograph: Petgen Dahm",
guardian_9897729871,The Guardian,2020,"""climate change""",From witchy rituals to sobbing on the floor: how will you spend New Year's Eve? – open thread,https://www.theguardian.com/commentisfree/2020/dec/30/from-witchy-rituals-to-sobbing-on-the-floor-how-will-you-spend-new-years-eve-open-thread,2020-12-30,2021-01-06,1,https://i.guim.co.uk/img/media/62d07d7b37f785e1f3bc78b834443e38ef937992/0_34_4603_2763/master/4603.jpg?width=465&dpr=1&s=none&crop=none,,What are you planning to do on New Year’s Eve? Photograph: Valery Sharifulin/Tass,
guardian_9897729871,The Guardian,2020,"""climate change""",From witchy rituals to sobbing on the floor: how will you spend New Year's Eve? – open thread,https://www.theguardian.com/commentisfree/2020/dec/30/from-witchy-rituals-to-sobbing-on-the-floor-how-will-you-spend-new-years-eve-open-thread,2020-12-30,2021-01-06,2,https://i.guim.co.uk/img/media/8b3e07e54c788e8c8a2d70990192a0dcb0fd6ae4/335_420_2226_3377/master/2226.jpg?width=445&dpr=1&s=none&crop=none,,Elle Hunt takes part in a seasonal solo Christmas shoot while quarantining in Auckland,
guardian_9897729871,The Guardian,2020,"""climate change""",From witchy rituals to sobbing on the floor: how will you spend New Year's Eve? – open thread,https://www.theguardian.com/commentisfree/2020/dec/30/from-witchy-rituals-to-sobbing-on-the-floor-how-will-you-spend-new-years-eve-open-thread,2020-12-30,2021-01-06,3,https://i.guim.co.uk/img/media/66ee3fcc61697e661d4d2fa9e5e3fb2cdebc697d/0_0_4695_3130/master/4695.jpg?width=445&dpr=1&s=none&crop=none,,"‘I had forgotten it was New Year’s Eve’: this time last year, Guardian Australia photographer Mike Bowers was covering the Currowan fire on the south coast of NSW. Photograph: Mike Bowers/The Guardian",
guardian_a8a71414b0,The Guardian,2020,"""climate change""",California's wildfire hell: how 2020 became the state's worst ever fire season,https://www.theguardian.com/us-news/2020/dec/30/california-wildfires-north-complex-record,2020-12-30,2021-03-05,1,https://i.guim.co.uk/img/media/beab57bdff07e11384b6012c72f80a8ad8653817/0_0_6048_4024/master/6048.jpg?width=465&dpr=1&s=none&crop=none,,"Firefighters watch the Bear fire, a smaller blaze that became part of the North Complex fire, approach in Oroville, California, on 9 September. Photograph: Noah Berger/AP",
guardian_a8a71414b0,The Guardian,2020,"""climate change""",California's wildfire hell: how 2020 became the state's worst ever fire season,https://www.theguardian.com/us-news/2020/dec/30/california-wildfires-north-complex-record,2020-12-30,2021-03-05,2,https://i.guim.co.uk/img/media/2b3df5e71add09bc216a7818ffd8c0817736f301/0_0_6720_4480/master/6720.jpg?width=445&dpr=1&s=none&crop=none,,"The remnants of a property destroyed by the Bear fire, one of the fires that made up the North Complex fire, in Berry Creek, California. Photograph: Peter Dasilva/EPA",
guardian_a8a71414b0,The Guardian,2020,"""climate change""",California's wildfire hell: how 2020 became the state's worst ever fire season,https://www.theguardian.com/us-news/2020/dec/30/california-wildfires-north-complex-record,2020-12-30,2021-03-05,3,https://i.guim.co.uk/img/media/71dcaef18556d4baf86bb5b2b860879e8784f062/0_0_6720_4480/master/6720.jpg?width=445&dpr=1&s=none&crop=none,,A charred vehicle sits along Graystone Lane in Berry Creek. Photograph: Peter Dasilva/EPA,
guardian_a8a71414b0,The Guardian,2020,"""climate change""",California's wildfire hell: how 2020 became the state's worst ever fire season,https://www.theguardian.com/us-news/2020/dec/30/california-wildfires-north-complex-record,2020-12-30,2021-03-05,4,https://i.guim.co.uk/img/media/08f26b83327bb14769ec4fa51daa1cf8feac7fae/0_0_6000_4000/master/6000.jpg?width=445&dpr=1&s=none&crop=none,,Fires across California resulted in an orange smoke-filled sky in the San Francisco Bay area in September. Photograph: Harold Postic/AFP/Getty Images,
guardian_a8a71414b0,The Guardian,2020,"""climate change""",California's wildfire hell: how 2020 became the state's worst ever fire season,https://www.theguardian.com/us-news/2020/dec/30/california-wildfires-north-complex-record,2020-12-30,2021-03-05,5,https://i.guim.co.uk/img/media/4088c6c24c866b1efa5e15e4dc357942b266e8c6/0_0_5000_3333/master/5000.jpg?width=445&dpr=1&s=none&crop=none,,"Residents watch flames from the Blue Ridge fire creep closer to their homes on 27 October in Butterfield Ranch, California. Photograph: Étienne Laurent/EPA",
guardian_a8a71414b0,The Guardian,2020,"""climate change""",California's wildfire hell: how 2020 became the state's worst ever fire season,https://www.theguardian.com/us-news/2020/dec/30/california-wildfires-north-complex-record,2020-12-30,2021-03-05,6,https://i.guim.co.uk/img/media/1d7d66ba21e2c2b6eebfb5aa5a3744d33996fcab/0_0_5000_3333/master/5000.jpg?width=445&dpr=1&s=none&crop=none,,"Firefighters work to control the Silverado fire near Irvine, California, on 26 October. Photograph: Étienne Laurent/EPA",
guardian_a8a71414b0,The Guardian,2020,"""climate change""",California's wildfire hell: how 2020 became the state's worst ever fire season,https://www.theguardian.com/us-news/2020/dec/30/california-wildfires-north-complex-record,2020-12-30,2021-03-05,7,https://i.guim.co.uk/img/media/ef7ce562c18060a58496b006fcb8be82b51f54ba/0_0_7952_5304/master/7952.jpg?width=445&dpr=1&s=none&crop=none,,"The Bobcat fire burned Joshua trees in Juniper Hills, California, in September. Photograph: Kyle Grillot/AFP/Getty Images",
guardian_d33a7892ca,The Guardian,2020,"""climate change""",New Year's Eve bushfire survivors look back on a year of loss and recovery,https://www.theguardian.com/australia-news/2020/dec/31/new-years-eve-bushfire-survivors-look-back-on-a-year-of-loss-and-recovery,2020-12-30,2020-12-31,1,https://i.guim.co.uk/img/media/c64c916e00c1651f71e6a5ede463379304c69e83/0_0_5472_3648/master/5472.jpg?width=465&dpr=1&s=none&crop=none,,June and Richard Tarlinton in their dairy on Wandellow at Wandella. Photograph: Mike Bowers/The Guardian,
guardian_d33a7892ca,The Guardian,2020,"""climate change""",New Year's Eve bushfire survivors look back on a year of loss and recovery,https://www.theguardian.com/australia-news/2020/dec/31/new-years-eve-bushfire-survivors-look-back-on-a-year-of-loss-and-recovery,2020-12-30,2020-12-31,2,https://i.guim.co.uk/img/media/9054453b69e9f31b1a66ba0e0d263fb613ba3582/0_0_5472_3585/master/5472.jpg?width=445&dpr=1&s=none&crop=none,,A sign on the dairy farm’s front gate. Photograph: Mike Bowers/The Guardian,
guardian_d33a7892ca,The Guardian,2020,"""climate change""",New Year's Eve bushfire survivors look back on a year of loss and recovery,https://www.theguardian.com/australia-news/2020/dec/31/new-years-eve-bushfire-survivors-look-back-on-a-year-of-loss-and-recovery,2020-12-30,2020-12-31,3,https://i.guim.co.uk/img/media/c988775290b9a61689f31318a3003c954a3f41c1/0_0_5472_3648/master/5472.jpg?width=465&dpr=1&s=none&crop=none,,Ian Barnes at the Malua Bay RFS shed where brigade members lost vehicles while they were out battling the blaze. Photograph: Mike Bowers/The Guardian,
guardian_d33a7892ca,The Guardian,2020,"""climate change""",New Year's Eve bushfire survivors look back on a year of loss and recovery,https://www.theguardian.com/australia-news/2020/dec/31/new-years-eve-bushfire-survivors-look-back-on-a-year-of-loss-and-recovery,2020-12-30,2020-12-31,4,https://i.guim.co.uk/img/media/dfad0bc123038d668bea906244f1f7c531d9e337/0_0_5472_3648/master/5472.jpg?width=445&dpr=1&s=none&crop=none,,Hundreds of messages of thanks and praise from the brigade’s Facebook page are pinned on the wall. Photograph: Mike Bowers/The Guardian,
guardian_d33a7892ca,The Guardian,2020,"""climate change""",New Year's Eve bushfire survivors look back on a year of loss and recovery,https://www.theguardian.com/australia-news/2020/dec/31/new-years-eve-bushfire-survivors-look-back-on-a-year-of-loss-and-recovery,2020-12-30,2020-12-31,5,https://i.guim.co.uk/img/media/e6b70eb80518c52ff535df167a27e6cd36a31559/0_0_614_418/master/614.jpg?width=445&dpr=1&s=none&crop=none,,The fire at 11am on 31 December 2019. Photograph: Sentinel,
guardian_d33a7892ca,The Guardian,2020,"""climate change""",New Year's Eve bushfire survivors look back on a year of loss and recovery,https://www.theguardian.com/australia-news/2020/dec/31/new-years-eve-bushfire-survivors-look-back-on-a-year-of-loss-and-recovery,2020-12-30,2020-12-31,6,https://i.guim.co.uk/img/media/b16eba5d11f64988e4f07737cad06524d62b9f6c/0_0_5472_3648/master/5472.jpg?width=465&dpr=1&s=none&crop=none,,Dean White and Belinda Dorsett at the Mossy Cafe at Mossy Point. Photograph: Mike Bowers/The Guardian,
guardian_d33a7892ca,The Guardian,2020,"""climate change""",New Year's Eve bushfire survivors look back on a year of loss and recovery,https://www.theguardian.com/australia-news/2020/dec/31/new-years-eve-bushfire-survivors-look-back-on-a-year-of-loss-and-recovery,2020-12-30,2020-12-31,7,https://i.guim.co.uk/img/media/f37003904b66ae49a67013500815e302c2dd9caf/0_0_4000_3000/master/4000.jpg?width=445&dpr=1&s=none&crop=none,,A burnt-out car in front of the Malua Bay RFS building. Photograph: Ian Barnes,
guardian_d33a7892ca,The Guardian,2020,"""climate change""",New Year's Eve bushfire survivors look back on a year of loss and recovery,https://www.theguardian.com/australia-news/2020/dec/31/new-years-eve-bushfire-survivors-look-back-on-a-year-of-loss-and-recovery,2020-12-30,2020-12-31,8,https://i.guim.co.uk/img/media/cf29f2660477cfcf2c8a402e17132fd623958cf9/0_0_5472_3648/master/5472.jpg?width=445&dpr=1&s=none&crop=none,,Rebecca Lester at SDN preschool in Batemans Bay. Photograph: Mike Bowers/The Guardian,
guardian_d33a7892ca,The Guardian,2020,"""climate change""",New Year's Eve bushfire survivors look back on a year of loss and recovery,https://www.theguardian.com/australia-news/2020/dec/31/new-years-eve-bushfire-survivors-look-back-on-a-year-of-loss-and-recovery,2020-12-30,2020-12-31,9,https://i.guim.co.uk/img/media/c48c19411a628c1744822314513a715ca69612c8/0_0_7952_5304/master/7952.jpg?width=465&dpr=1&s=none&crop=none,,"The aftermath of the devastating bushfires near Surf Beach, south of Batemans Bay. Photograph: Leonie Sii/WWF-Australia",
guardian_d33a7892ca,The Guardian,2020,"""climate change""",New Year's Eve bushfire survivors look back on a year of loss and recovery,https://www.theguardian.com/australia-news/2020/dec/31/new-years-eve-bushfire-survivors-look-back-on-a-year-of-loss-and-recovery,2020-12-30,2020-12-31,10,https://i.guim.co.uk/img/media/174d09b2c1af03ce99ae4ccbda74bbb68939d3e7/0_0_5472_3648/master/5472.jpg?width=465&dpr=1&s=none&crop=none,,Ron and Anna Dunne inside their caravan and shed temporary home on the outskirts of Nelligen. Photograph: Mike Bowers/The Guardian,
guardian_d33a7892ca,The Guardian,2020,"""climate change""",New Year's Eve bushfire survivors look back on a year of loss and recovery,https://www.theguardian.com/australia-news/2020/dec/31/new-years-eve-bushfire-survivors-look-back-on-a-year-of-loss-and-recovery,2020-12-30,2020-12-31,11,https://i.guim.co.uk/img/media/d6c08a78b9d8d97e08fadfadec8833a78cdf6678/0_0_3992_2992/master/3992.jpg?width=445&dpr=1&s=none&crop=none,,The Dunne property from the air. Photograph: Mike Bowers/The Guardian,
guardian_d33a7892ca,The Guardian,2020,"""climate change""",New Year's Eve bushfire survivors look back on a year of loss and recovery,https://www.theguardian.com/australia-news/2020/dec/31/new-years-eve-bushfire-survivors-look-back-on-a-year-of-loss-and-recovery,2020-12-30,2020-12-31,12,https://i.guim.co.uk/img/media/2a6e53f54122727b62b480be76d100548b6f944d/0_0_5472_3648/master/5472.jpg?width=445&dpr=1&s=none&crop=none,,Zena Armstrong has a background in disaster recovery. Photograph: Mike Bowers/The Guardian,
guardian_d33a7892ca,The Guardian,2020,"""climate change""",New Year's Eve bushfire survivors look back on a year of loss and recovery,https://www.theguardian.com/australia-news/2020/dec/31/new-years-eve-bushfire-survivors-look-back-on-a-year-of-loss-and-recovery,2020-12-30,2020-12-31,13,https://i.guim.co.uk/img/media/996fbc822a4b5ed74aae5185a8bfd02e2eda7d14/0_937_3024_1814/master/3024.jpg?width=445&dpr=1&s=none&crop=none,,Fire approaches the dairy properties Wandella near Cobargo early on the morning of 31 December 2019. Photograph: June and Richard Tarlington,
guardian_d35f4ff4c4,The Guardian,2020,"""climate change""",Fi Radford obituary,https://www.theguardian.com/environment/2020/dec/30/fi-radford-obituary,2020-12-30,2021-01-08,1,https://i.guim.co.uk/img/media/d2192e0dcb3831479c19f7012163d0c30f14ddc7/0_9_2048_1228/master/2048.jpg?width=465&dpr=1&s=none&crop=none,,Fi Radford ran Extinction Rebellion’s Rebel Elders and Aged Agitators programme. Photograph: TEDx,
guardian_d35f4ff4c4,The Guardian,2020,"""climate change""",Fi Radford obituary,https://www.theguardian.com/environment/2020/dec/30/fi-radford-obituary,2020-12-30,2021-01-08,2,https://i.guim.co.uk/img/media/e37a9ba68a8edd3f2b2b19e3eac65ff299437212/0_0_1280_854/master/1280.jpg?width=445&dpr=1&s=none&crop=none,,Fi Radford at an Extinction Rebellion protest outside BlackRock’s London HQ in 2019,
guardian_29a90414d0,The Guardian,2020,"""climate change""",John Howard 2000 cabinet papers: climate wars and the conservative re-engineering of Australia,https://www.theguardian.com/australia-news/2021/jan/01/john-howard-2000-cabinet-papers-climate-wars-and-the-conservative-re-engineering-of-australia,2020-12-31,2021-08-25,1,https://i.guim.co.uk/img/media/6931b672c85215f05901fc3d3e4bd37fcc1e9762/106_167_1877_1126/master/1877.jpg?width=465&dpr=1&s=none&crop=none,,Prime minister John Howard in December 2000 – a year when he oversaw further moves to return Australia to the ‘relaxed and comfortable’ country he desired. Photograph: Matthias Engesser/AAP,
guardian_29a90414d0,The Guardian,2020,"""climate change""",John Howard 2000 cabinet papers: climate wars and the conservative re-engineering of Australia,https://www.theguardian.com/australia-news/2021/jan/01/john-howard-2000-cabinet-papers-climate-wars-and-the-conservative-re-engineering-of-australia,2020-12-31,2021-08-25,2,https://i.guim.co.uk/img/media/49f9cb5c9efaf56aa9f367116a8069924f1792a2/0_127_2000_1200/master/2000.jpg?width=445&dpr=1&s=none&crop=none,,Rescued asylum seekers on board the Norwegian cargo ship Tampa in 2001. The incident was one of the catalysts for the Howard government’s ‘Pacific Solution’. Photograph: HO-TAMPA/WILHELMSEN GROUP/EPA,
guardian_29a90414d0,The Guardian,2020,"""climate change""",John Howard 2000 cabinet papers: climate wars and the conservative re-engineering of Australia,https://www.theguardian.com/australia-news/2021/jan/01/john-howard-2000-cabinet-papers-climate-wars-and-the-conservative-re-engineering-of-australia,2020-12-31,2021-08-25,3,https://i.guim.co.uk/img/media/b353589155434b0a63010f519767b70dabc50550/120_50_1889_1134/master/1889.jpg?width=445&dpr=1&s=none&crop=none,,"John Howard addresses parliament in October 2000, watched on by Peter Costello and John Anderson. Photograph: Alan Porritt/AAP",
guardian_29a90414d0,The Guardian,2020,"""climate change""",John Howard 2000 cabinet papers: climate wars and the conservative re-engineering of Australia,https://www.theguardian.com/australia-news/2021/jan/01/john-howard-2000-cabinet-papers-climate-wars-and-the-conservative-re-engineering-of-australia,2020-12-31,2021-08-25,4,https://i.guim.co.uk/img/media/b22fcf8e597241ae90e5373049788070c427b17c/552_39_1018_1273/master/1018.jpg?width=445&dpr=1&s=none&crop=none,,"John Howard with US president George W Bush, under whom the Australian PM hoped to achieve his desired climate outcomes. Photograph: Shawn Thew/EPA",
guardian_29a90414d0,The Guardian,2020,"""climate change""",John Howard 2000 cabinet papers: climate wars and the conservative re-engineering of Australia,https://www.theguardian.com/australia-news/2021/jan/01/john-howard-2000-cabinet-papers-climate-wars-and-the-conservative-re-engineering-of-australia,2020-12-31,2021-08-25,5,https://i.guim.co.uk/img/media/a268a6f1b2eb512ca13eb3abb219b31c4c820d0a/88_61_1192_715/master/1192.jpg?width=445&dpr=1&s=none&crop=none,,John Howard meets with British PM Tony Blair at No 10 in July 2000. Photograph: Michael Jones/AAP,
guardian_29a90414d0,The Guardian,2020,"""climate change""",John Howard 2000 cabinet papers: climate wars and the conservative re-engineering of Australia,https://www.theguardian.com/australia-news/2021/jan/01/john-howard-2000-cabinet-papers-climate-wars-and-the-conservative-re-engineering-of-australia,2020-12-31,2021-08-25,6,https://i.guim.co.uk/img/media/0edab72108855c9ecebf176f04ed0403b8e7278d/0_0_2074_1245/master/2074.jpg?width=445&dpr=1&s=none&crop=none,,"John Howard confers in parliament with his employment minister Tony Abbott, who went on to become prime minister. Photograph: Alan Porritt/AAP",
guardian_29a90414d0,The Guardian,2020,"""climate change""",John Howard 2000 cabinet papers: climate wars and the conservative re-engineering of Australia,https://www.theguardian.com/australia-news/2021/jan/01/john-howard-2000-cabinet-papers-climate-wars-and-the-conservative-re-engineering-of-australia,2020-12-31,2021-08-25,7,https://i.guim.co.uk/img/media/03351e79da93002b0a88172873630fb111e9e6ec/1363_0_2059_2574/master/2059.jpg?width=445&dpr=1&s=none&crop=none,,John Howard and wife Jeanette in August 2000. Photograph: National Archives.,
guardian_2b5a022f2f,The Guardian,2020,"""climate change""",Congressman-elect Kai Kahele represents an 'awakened generation' of Native Hawaiians,https://www.theguardian.com/us-news/2020/dec/31/congressman-elect-kai-kahele-native-hawaiians,2020-12-31,2021-02-17,1,https://i.guim.co.uk/img/media/8b808dba3579dc021a7419407e80b8769e7e1096/0_177_3000_1800/master/3000.jpg?width=465&dpr=1&s=none&crop=none,,On Sunday Kai Kahele will be sworn into Congress as part of the most diverse Democrat freshman classes in US history. Photograph: Audrey McAvoy/AP,
guardian_2b5a022f2f,The Guardian,2020,"""climate change""",Congressman-elect Kai Kahele represents an 'awakened generation' of Native Hawaiians,https://www.theguardian.com/us-news/2020/dec/31/congressman-elect-kai-kahele-native-hawaiians,2020-12-31,2021-02-17,2,https://i.guim.co.uk/img/media/7fde9f8eae89696080cd533d303cf3415546ef6e/0_0_3000_1996/master/3000.jpg?width=445&dpr=1&s=none&crop=none,,"Lt Col Kai Kahele, center, helps a C-17 flight crew account for passengers at Kalaeloa airfield in Kapolei, Hawaii. Photograph: John Linzmeier/AP",
guardian_2b5a022f2f,The Guardian,2020,"""climate change""",Congressman-elect Kai Kahele represents an 'awakened generation' of Native Hawaiians,https://www.theguardian.com/us-news/2020/dec/31/congressman-elect-kai-kahele-native-hawaiians,2020-12-31,2021-02-17,3,https://i.guim.co.uk/img/media/15dff6b848d8fbc48c29915799ecdaea201894b4/0_0_3210_2149/master/3210.jpg?width=445&dpr=1&s=none&crop=none,,"Kai Kahele, center, waving at the Hawaii state capitol in Honolulu on February 2016. Photograph: Craig T Kojima/AP",
guardian_7cede436bc,The Guardian,2020,"""climate change""",'It's awakened me': UK climate assembly participants hail a life-changing event,https://www.theguardian.com/environment/2020/dec/31/its-awakened-me-uk-climate-assembly-participants-hail-a-life-changing-event,2020-12-31,2021-08-25,1,https://i.guim.co.uk/img/media/46df35adb09fe87c1fdca1144073472e22417c86/0_117_3500_2100/master/3500.jpg?width=465&dpr=1&s=none&crop=none,,"Sir David Attenborough speaks at the first UK-wide citizens’ assembly on climate change in January 2020, Birmingham. Photograph: Fabio De Paola/PA",
guardian_7cede436bc,The Guardian,2020,"""climate change""",'It's awakened me': UK climate assembly participants hail a life-changing event,https://www.theguardian.com/environment/2020/dec/31/its-awakened-me-uk-climate-assembly-participants-hail-a-life-changing-event,2020-12-31,2021-08-25,2,https://i.guim.co.uk/img/media/bffbecf6f1363baba3dc0d6ffa0413b0cfb67308/0_1562_2877_1726/master/2877.jpg?width=445&dpr=1&s=none&crop=none,,"Sue Peachey, 57, with her electric car, which she bought after attending the UK’s first climate assembly. Photograph: Climate Assembly UK",
guardian_7cede436bc,The Guardian,2020,"""climate change""",'It's awakened me': UK climate assembly participants hail a life-changing event,https://www.theguardian.com/environment/2020/dec/31/its-awakened-me-uk-climate-assembly-participants-hail-a-life-changing-event,2020-12-31,2021-08-25,3,https://i.guim.co.uk/img/media/6e9cb712368020901ba559e0ec293e7c6d7ca84c/0_122_1280_768/master/1280.jpg?width=445&dpr=1&s=none&crop=none,,Linda is setting up her own sustainable secondhand clothes business. Photograph: Climate Assembly UK,
guardian_7cede436bc,The Guardian,2020,"""climate change""",'It's awakened me': UK climate assembly participants hail a life-changing event,https://www.theguardian.com/environment/2020/dec/31/its-awakened-me-uk-climate-assembly-participants-hail-a-life-changing-event,2020-12-31,2021-08-25,4,https://i.guim.co.uk/img/media/cecd10160fcf45c2dbe3b7d41ed64cf8a58efd58/0_1431_3096_3094/master/3096.jpg?width=445&dpr=1&s=none&crop=none,,"Max, 17, the UK assembly’s youngest participant, became a pescatarian earlier in the year. Photograph: Climate Assembly UK",
guardian_7cede436bc,The Guardian,2020,"""climate change""",'It's awakened me': UK climate assembly participants hail a life-changing event,https://www.theguardian.com/environment/2020/dec/31/its-awakened-me-uk-climate-assembly-participants-hail-a-life-changing-event,2020-12-31,2021-08-25,5,https://i.guim.co.uk/img/media/c5c28c5d0660de2babb0253765a6e983425bc2f3/0_765_3072_1843/master/3072.jpg?width=445&dpr=1&s=none&crop=none,,Charley Winter has decided to cut back on flying since taking part in the assembly. Photograph: Climate Assembly UK,
guardian_d5c8db758e,The Guardian,2020,"""climate change""",Land subsidence 'will affect almost fifth of global population',https://www.theguardian.com/world/2020/dec/31/land-subsidence-will-affect-almost-fifth-of-global-population,2020-12-31,2022-10-19,1,https://i.guim.co.uk/img/media/a612a49906c6705961e01c87dfa190246248be20/0_183_3500_2101/master/3500.jpg?width=465&dpr=1&s=none&crop=none,,"Land subsidence has contributed to flooded conditions at the port of Kali Adem, north of Jakarta, Indonesia. Photograph: Willy Kurniawan/Reuters",
guardian_fbde6aac2d,The Guardian,2020,"""net zero""",Sector by sector: are British firms ready for post-Brexit trade?,https://www.theguardian.com/business/2020/dec/31/sector-by-sector-are-british-firms-ready-for-post-brexit-trade,2020-12-31,2020-12-31,1,https://i.guim.co.uk/img/media/4c9c20ec74debf45921f769e415aec95e1370e05/0_371_5568_3341/master/5568.jpg?width=465&dpr=1&s=none&crop=none,,Lorries queuing to enter the port of Dover on 18 December. Photograph: Ben Stansall/AFP/Getty Images,
guardian_fbde6aac2d,The Guardian,2020,"""net zero""",Sector by sector: are British firms ready for post-Brexit trade?,https://www.theguardian.com/business/2020/dec/31/sector-by-sector-are-british-firms-ready-for-post-brexit-trade,2020-12-31,2020-12-31,2,https://i.guim.co.uk/img/media/1b20f29cf5e8ecfa35dfa6c848c86d6830a0f3f4/0_0_3500_2281/master/3500.jpg?width=445&dpr=1&s=none&crop=none,,Congestion in Dover caused by last week’s French travel ban. Photograph: Peter Cziborra/Reuters,
guardian_fbde6aac2d,The Guardian,2020,"""net zero""",Sector by sector: are British firms ready for post-Brexit trade?,https://www.theguardian.com/business/2020/dec/31/sector-by-sector-are-british-firms-ready-for-post-brexit-trade,2020-12-31,2020-12-31,3,https://i.guim.co.uk/img/media/2f2df507f01b4f44f322101010f82612b202ca20/0_38_4288_2573/master/4288.jpg?width=445&dpr=1&s=none&crop=none,,Drugmakers are confident medicines will get to reach patients come 1 January and beyond. Photograph: Juan Moyano/Alamy,
guardian_fbde6aac2d,The Guardian,2020,"""net zero""",Sector by sector: are British firms ready for post-Brexit trade?,https://www.theguardian.com/business/2020/dec/31/sector-by-sector-are-british-firms-ready-for-post-brexit-trade,2020-12-31,2020-12-31,4,https://i.guim.co.uk/img/media/2828a991560eb1beb00f4ed2ce00c80a228567be/0_0_5130_3535/master/5130.jpg?width=445&dpr=1&s=none&crop=none,,"The City of London skyline is reflected in the River Thames, as Covid curbs continue to batter Britain’s economy. Photograph: Facundo Arrizabalaga/EPA",
guardian_fbde6aac2d,The Guardian,2020,"""net zero""",Sector by sector: are British firms ready for post-Brexit trade?,https://www.theguardian.com/business/2020/dec/31/sector-by-sector-are-british-firms-ready-for-post-brexit-trade,2020-12-31,2020-12-31,5,https://i.guim.co.uk/img/media/cdf99f87900645ab98cd357f2db782b5c68d8418/0_149_4832_2899/master/4832.jpg?width=445&dpr=1&s=none&crop=none,,"Sunrise from Seaton Carew beach, near Hartlepool, with Teesside offshore windfarm in distance. Photograph: Islandstock/Alamy",
